time,open,high,low,close,volume
2005-01-04,8.32,8.32,8.32,8.32,1100
2005-01-05,8.24,8.24,8.24,8.24,2000
2005-01-06,8.24,8.24,8.24,8.24,0
2005-01-07,8.24,8.24,8.24,8.24,3000
2005-01-10,8.24,8.24,8.24,8.24,340
2005-01-11,8.24,8.24,8.24,8.24,2940
2005-01-12,8.24,8.24,8.24,8.24,0
2005-01-13,8.45,8.45,8.45,8.45,10
2005-01-14,8.45,8.45,8.45,8.45,0
2005-01-17,8.32,8.32,8.32,8.32,260
2005-01-18,8.24,8.24,8.24,8.24,100
2005-01-19,8.19,8.19,8.19,8.19,1360
2005-01-20,8.19,8.19,8.19,8.19,1650
2005-01-21,8.19,8.19,8.19,8.19,150
2005-01-24,8.14,8.14,8.14,8.14,130
2005-01-25,8.14,8.14,8.14,8.14,0
2005-01-26,8.14,8.14,8.14,8.14,0
2005-01-27,8.14,8.14,8.14,8.14,180
2005-01-28,8.19,8.19,8.19,8.19,850
2005-01-31,7.95,7.95,7.95,7.95,1580
2005-02-01,8.08,8.08,8.08,8.08,1020
2005-02-02,8.19,8.19,8.19,8.19,100
2005-02-03,8.19,8.19,8.19,8.19,1000
2005-02-04,8.32,8.32,8.32,8.32,100
2005-02-14,8.32,8.32,8.32,8.32,350
2005-02-15,8.32,8.32,8.32,8.32,1500
2005-02-16,8.32,8.32,8.32,8.32,70
2005-02-17,8.24,8.24,8.24,8.24,110
2005-02-18,8.14,8.14,8.14,8.14,1000
2005-02-21,8.19,8.19,8.19,8.19,50
2005-02-22,8.19,8.19,8.19,8.19,0
2005-02-23,8.24,8.24,8.24,8.24,30
2005-02-24,8.32,8.32,8.32,8.32,10
2005-02-25,8.3,8.3,8.3,8.3,500
2005-02-28,8.19,8.19,8.19,8.19,1670
2005-03-01,8.16,8.16,8.16,8.16,380
2005-03-02,8.19,8.19,8.19,8.19,1000
2005-03-03,8.3,8.3,8.3,8.3,20
2005-03-04,8.32,8.32,8.32,8.32,11500
2005-03-07,8.32,8.32,8.32,8.32,5440
2005-03-08,8.27,8.27,8.27,8.27,350
2005-03-09,8.3,8.3,8.3,8.3,1000
2005-03-10,8.16,8.16,8.16,8.16,2830
2005-03-11,8.19,8.19,8.19,8.19,5020
2005-03-14,8.27,8.27,8.27,8.27,2000
2005-03-15,8.27,8.27,8.27,8.27,2100
2005-03-16,8.3,8.3,8.3,8.3,3120
2005-03-17,8.27,8.27,8.27,8.27,1600
2005-03-18,8.19,8.19,8.19,8.19,500
2005-03-21,8.32,8.32,8.32,8.32,10640
2005-03-22,8.32,8.32,8.32,8.32,1000
2005-03-23,8.32,8.32,8.32,8.32,3750
2005-03-24,8.4,8.4,8.4,8.4,9780
2005-03-25,8.4,8.4,8.4,8.4,8340
2005-03-28,8.24,8.24,8.24,8.24,1750
2005-03-29,8.24,8.24,8.24,8.24,1150
2005-03-30,8.24,8.24,8.24,8.24,80
2005-03-31,8.24,8.24,8.24,8.24,1680
2005-04-01,8.27,8.27,8.27,8.27,4000
2005-04-04,8.27,8.27,8.27,8.27,1050
2005-04-05,8.32,8.32,8.32,8.32,1010
2005-04-06,8.43,8.43,8.43,8.43,3530
2005-04-07,8.45,8.45,8.45,8.45,10300
2005-04-08,8.53,8.53,8.53,8.53,2550
2005-04-11,8.56,8.56,8.56,8.56,170
2005-04-12,8.53,8.53,8.53,8.53,3430
2005-04-13,8.45,8.45,8.45,8.45,190
2005-04-14,8.4,8.4,8.4,8.4,300
2005-04-15,8.4,8.4,8.4,8.4,220
2005-04-18,8.32,8.32,8.32,8.32,3200
2005-04-19,8.24,8.24,8.24,8.24,1240
2005-04-20,8.24,8.24,8.24,8.24,0
2005-04-21,8.3,8.3,8.3,8.3,20
2005-04-22,8.3,8.3,8.3,8.3,200
2005-04-25,8.24,8.24,8.24,8.24,900
2005-04-26,8.24,8.24,8.24,8.24,110
2005-04-27,8.24,8.24,8.24,8.24,910
2005-04-28,8.06,8.06,8.06,8.06,100
2005-04-29,8.19,8.19,8.19,8.19,170
2005-05-04,8.19,8.19,8.19,8.19,0
2005-05-05,8.19,8.19,8.19,8.19,290
2005-05-06,8.19,8.19,8.19,8.19,0
2005-05-09,8.16,8.16,8.16,8.16,1610
2005-05-10,8.16,8.16,8.16,8.16,1820
2005-05-11,8.16,8.16,8.16,8.16,0
2005-05-12,8.16,8.16,8.16,8.16,0
2005-05-13,8.19,8.19,8.19,8.19,10
2005-05-16,8.08,8.08,8.08,8.08,1510
2005-05-17,8.14,8.14,8.14,8.14,50
2005-05-18,8.06,8.06,8.06,8.06,1000
2005-05-19,7.93,7.93,7.93,7.93,1350
2005-05-20,7.87,7.87,7.87,7.87,3400
2005-05-23,7.87,7.87,7.87,7.87,2250
2005-05-24,7.9,7.9,7.9,7.9,20
2005-05-25,7.87,7.87,7.87,7.87,900
2005-05-26,7.87,7.87,7.87,7.87,1220
2005-05-27,7.9,7.9,7.9,7.9,10
2005-05-30,7.87,7.87,7.87,7.87,600
2005-05-31,7.79,7.79,7.79,7.79,350
2005-06-01,7.87,7.87,7.87,7.87,670
2005-06-02,7.87,7.87,7.87,7.87,420
2005-06-03,7.87,7.87,7.87,7.87,0
2005-06-06,7.87,7.87,7.87,7.87,790
2005-06-07,7.93,7.93,7.93,7.93,1000
2005-06-08,8.06,8.06,8.06,8.06,270
2005-06-09,8.06,8.06,8.06,8.06,180
2005-06-10,8.03,8.03,8.03,8.03,30
2005-06-13,8.03,8.03,8.03,8.03,0
2005-06-14,7.9,7.9,7.9,7.9,610
2005-06-15,7.9,7.9,7.9,7.9,0
2005-06-16,7.9,7.9,7.9,7.9,0
2005-06-17,7.93,7.93,7.93,7.93,1660
2005-06-20,7.93,7.93,7.93,7.93,1000
2005-06-21,7.93,7.93,7.93,7.93,10
2005-06-22,7.87,7.87,7.87,7.87,2550
2005-06-23,7.85,7.85,7.85,7.85,990
2005-06-24,7.85,7.85,7.85,7.85,2000
2005-06-27,7.82,7.82,7.82,7.82,3220
2005-06-28,7.82,7.82,7.82,7.82,0
2005-06-29,7.79,7.79,7.79,7.79,1000
2005-06-30,7.79,7.79,7.79,7.79,1000
2005-07-01,7.79,7.79,7.79,7.79,730
2005-07-04,7.82,7.82,7.82,7.82,120
2005-07-05,7.98,7.98,7.98,7.98,10
2005-07-06,7.85,7.85,7.85,7.85,100
2005-07-07,7.85,7.85,7.85,7.85,0
2005-07-08,8.03,8.03,8.03,8.03,10
2005-07-11,8.03,8.03,8.03,8.03,0
2005-07-12,7.93,7.93,7.93,7.93,930
2005-07-13,7.93,7.93,7.93,7.93,7000
2005-07-14,7.85,7.85,7.85,7.85,100
2005-07-15,7.85,7.85,7.85,7.85,320
2005-07-18,7.85,7.85,7.85,7.85,0
2005-07-19,7.85,7.85,7.85,7.85,290
2005-07-20,7.85,7.85,7.85,7.85,0
2005-07-21,7.79,7.79,7.79,7.79,2460
2005-07-22,7.79,7.79,7.79,7.79,3250
2005-07-25,7.87,7.87,7.87,7.87,50
2005-07-26,7.87,7.87,7.87,7.87,0
2005-07-27,7.87,7.87,7.87,7.87,0
2005-07-28,7.87,7.87,7.87,7.87,0
2005-07-29,7.93,7.93,7.93,7.93,30
2005-08-01,7.93,7.93,7.93,7.93,0
2005-08-02,7.93,7.93,7.93,7.93,0
2005-08-03,7.82,7.82,7.82,7.82,800
2005-08-04,8.14,8.14,8.14,8.14,9990
2005-08-05,8.0,8.0,8.0,8.0,1330
2005-08-08,7.87,7.87,7.87,7.87,10
2005-08-09,7.93,7.93,7.93,7.93,2600
2005-08-10,7.98,7.98,7.98,7.98,750
2005-08-11,7.95,7.95,7.95,7.95,1800
2005-08-12,7.95,7.95,7.95,7.95,0
2005-08-15,7.95,7.95,7.95,7.95,50
2005-08-16,7.87,7.87,7.87,7.87,20
2005-08-17,7.71,7.71,7.71,7.71,1100
2005-08-18,7.71,7.71,7.71,7.71,600
2005-08-19,7.71,7.71,7.71,7.71,460
2005-08-22,7.69,7.69,7.69,7.69,410
2005-08-23,7.69,7.69,7.69,7.69,80
2005-08-24,7.69,7.69,7.69,7.69,200
2005-08-25,7.69,7.69,7.69,7.69,30
2005-08-26,7.66,7.66,7.66,7.66,1000
2005-08-29,7.71,7.71,7.71,7.71,5310
2005-08-30,7.74,7.74,7.74,7.74,2700
2005-08-31,7.79,7.79,7.79,7.79,3080
2005-09-01,7.79,7.79,7.79,7.79,1000
2005-09-05,7.93,7.93,7.93,7.93,5920
2005-09-06,7.93,7.93,7.93,7.93,6170
2005-09-07,7.93,7.93,7.93,7.93,3780
2005-09-08,8.0,8.0,8.0,8.0,650
2005-09-09,8.0,8.0,8.0,8.0,2780
2005-09-12,8.16,8.16,8.16,8.16,3480
2005-09-13,8.19,8.19,8.19,8.19,4480
2005-09-14,8.19,8.19,8.19,8.19,0
2005-09-15,8.19,8.19,8.19,8.19,780
2005-09-16,8.14,8.14,8.14,8.14,11780
2005-09-19,8.19,8.19,8.19,8.19,9460
2005-09-20,8.59,8.59,8.59,8.59,19410
2005-09-21,8.45,8.45,8.45,8.45,7310
2005-09-22,8.59,8.59,8.59,8.59,1690
2005-09-23,8.59,8.59,8.59,8.59,2600
2005-09-26,8.4,8.4,8.4,8.4,750
2005-09-27,8.4,8.4,8.4,8.4,370
2005-09-28,8.19,8.19,8.19,8.19,770
2005-09-29,8.32,8.32,8.32,8.32,110
2005-09-30,8.72,8.72,8.72,8.72,7840
2005-10-03,8.72,8.72,8.72,8.72,15790
2005-10-04,8.59,8.59,8.59,8.59,7050
2005-10-05,8.72,8.72,8.72,8.72,12630
2005-10-06,8.67,8.67,8.67,8.67,4140
2005-10-07,8.72,8.72,8.72,8.72,21390
2005-10-10,8.72,8.72,8.72,8.72,12710
2005-10-11,8.69,8.69,8.69,8.69,4350
2005-10-12,8.72,8.72,8.72,8.72,4300
2005-10-13,8.98,8.98,8.98,8.98,36620
2005-10-14,9.25,9.25,9.25,9.25,25100
2005-10-17,9.51,9.51,9.51,9.51,30270
2005-10-18,9.64,9.64,9.64,9.64,22670
2005-10-19,9.54,9.54,9.54,9.54,10950
2005-10-20,9.51,9.51,9.51,9.51,13790
2005-10-21,9.46,9.46,9.46,9.46,12270
2005-10-24,9.25,9.25,9.25,9.25,3770
2005-10-25,9.19,9.19,9.19,9.19,29890
2005-10-26,8.98,8.98,8.98,8.98,28990
2005-10-27,9.11,9.11,9.11,9.11,15320
2005-10-28,9.43,9.43,9.43,9.43,20550
2005-10-31,9.38,9.38,9.38,9.38,12850
2005-11-01,9.33,9.33,9.33,9.33,1210
2005-11-02,9.25,9.25,9.25,9.25,1610
2005-11-03,9.35,9.35,9.35,9.35,6250
2005-11-04,9.35,9.35,9.35,9.35,3590
2005-11-07,9.25,9.25,9.25,9.25,20720
2005-11-08,9.25,9.25,9.25,9.25,22200
2005-11-09,9.25,9.25,9.25,9.25,17560
2005-11-10,9.25,9.25,9.25,9.25,6170
2005-11-11,9.25,9.25,9.25,9.25,22300
2005-11-14,9.25,9.25,9.25,9.25,7700
2005-11-15,9.25,9.25,9.25,9.25,4650
2005-11-16,9.25,9.25,9.25,9.25,2020
2005-11-17,9.25,9.25,9.25,9.25,20100
2005-11-18,9.11,9.11,9.11,9.11,6650
2005-11-21,9.11,9.11,9.11,9.11,2140
2005-11-22,8.98,8.98,8.98,8.98,200
2005-11-23,8.77,8.77,8.77,8.77,3840
2005-11-24,8.45,8.45,8.45,8.45,9650
2005-11-25,8.88,8.88,8.88,8.88,4200
2005-11-28,8.88,8.88,8.88,8.88,3590
2005-11-29,8.9,8.9,8.9,8.9,1900
2005-11-30,9.09,9.09,9.09,9.09,300
2005-12-01,9.11,9.11,9.11,9.11,1470
2005-12-02,9.14,9.14,9.14,9.14,4900
2005-12-05,9.14,9.14,9.14,9.14,2040
2005-12-06,9.14,9.14,9.14,9.14,19570
2005-12-07,9.17,9.17,9.17,9.17,3570
2005-12-08,9.14,9.14,9.14,9.14,3940
2005-12-09,9.14,9.14,9.14,9.14,2310
2005-12-12,9.11,9.11,9.11,9.11,3770
2005-12-13,8.98,8.98,8.98,8.98,100
2005-12-14,8.53,8.53,8.53,8.53,16720
2005-12-15,8.69,8.69,8.69,8.69,480
2005-12-16,8.69,8.69,8.69,8.69,500
2005-12-19,8.35,8.35,8.35,8.35,2900
2005-12-20,8.45,8.45,8.45,8.45,2010
2005-12-21,8.45,8.45,8.45,8.45,3600
2005-12-22,8.56,8.56,8.56,8.56,3000
2005-12-23,8.56,8.56,8.56,8.56,10
2005-12-26,8.45,8.45,8.45,8.45,200
2005-12-27,8.45,8.45,8.45,8.45,500
2005-12-28,8.37,8.37,8.37,8.37,3000
2005-12-29,8.37,8.37,8.37,8.37,760
2005-12-30,8.19,8.19,8.19,8.19,5980
2006-01-03,8.06,8.06,8.06,8.06,7000
2006-01-04,8.06,8.19,8.06,8.19,4780
2006-01-05,8.19,8.45,8.19,8.45,640
2006-01-06,8.45,8.45,8.45,8.45,3430
2006-01-09,8.45,8.45,8.32,8.32,3120
2006-01-10,8.32,8.4,8.32,8.4,200
2006-01-11,8.4,8.4,8.32,8.32,420
2006-01-12,8.32,8.32,8.32,8.32,1220
2006-01-13,8.32,8.53,8.32,8.53,10
2006-01-17,8.53,8.53,8.43,8.43,1910
2006-01-18,8.45,8.45,8.45,8.45,9080
2006-01-19,8.22,8.4,8.22,8.4,1490
2006-01-20,8.4,8.4,8.4,8.4,0
2006-01-23,8.4,8.4,8.4,8.4,4710
2006-01-24,8.4,8.4,8.4,8.4,4210
2006-01-25,8.4,8.4,8.4,8.4,200
2006-01-26,8.43,8.45,8.43,8.45,1610
2006-01-27,8.59,8.59,8.45,8.45,190
2006-02-06,8.45,8.45,8.32,8.32,5100
2006-02-07,8.32,8.4,8.32,8.4,600
2006-02-08,8.45,8.45,8.45,8.45,41650
2006-02-09,8.67,8.67,8.51,8.51,17530
2006-02-10,8.53,8.53,8.53,8.53,18110
2006-02-13,8.59,8.59,8.59,8.59,20270
2006-02-14,8.59,8.59,8.59,8.59,38900
2006-02-15,8.72,8.98,8.72,8.98,23490
2006-02-16,9.25,9.25,9.25,9.25,25690
2006-02-17,9.25,9.25,9.14,9.14,15090
2006-02-20,9.11,9.14,9.11,9.14,58440
2006-02-21,9.14,9.51,9.14,9.51,86580
2006-02-22,9.38,9.51,9.38,9.51,84880
2006-02-23,9.46,9.46,9.43,9.43,64620
2006-02-24,9.51,9.51,9.43,9.43,17450
2006-02-27,9.48,9.48,9.43,9.43,12450
2006-02-28,9.43,9.43,9.25,9.25,1070
2006-03-01,9.25,9.25,9.22,9.22,13300
2006-03-02,9.38,9.51,9.38,9.51,95410
2006-03-03,9.99,9.99,9.51,9.51,39530
2006-03-06,9.51,9.64,9.51,9.64,11570
2006-03-07,9.64,9.64,9.64,9.64,20950
2006-03-08,9.64,9.64,9.64,9.64,14980
2006-03-09,9.64,9.64,9.64,9.64,12630
2006-03-10,9.64,9.64,9.64,9.64,12070
2006-03-13,9.64,9.91,9.64,9.91,8400
2006-03-14,10.3,10.3,10.3,10.3,14790
2006-03-15,10.7,10.7,10.7,10.7,18780
2006-03-16,11.1,11.23,11.1,11.23,32180
2006-03-17,11.36,11.36,11.36,11.36,26350
2006-03-20,11.91,11.91,11.89,11.89,30620
2006-03-21,11.89,11.89,11.89,11.89,29290
2006-03-22,11.62,11.62,11.36,11.36,39160
2006-03-23,11.36,11.36,11.1,11.1,35080
2006-03-24,11.07,11.07,10.86,10.86,34820
2006-03-27,10.7,10.7,10.62,10.62,42890
2006-03-28,10.62,10.62,10.62,10.62,67200
2006-03-29,11.15,11.15,11.15,11.15,44610
2006-03-30,11.62,11.7,11.62,11.7,42140
2006-03-31,12.15,12.2,12.15,12.2,37410
2006-04-03,12.68,12.68,12.55,12.55,81120
2006-04-04,12.68,12.68,12.15,12.15,47330
2006-04-05,11.7,11.89,11.7,11.89,37840
2006-04-06,12.42,12.47,12.42,12.47,53420
2006-04-07,12.68,13.08,12.68,13.08,48620
2006-04-10,13.61,13.61,13.61,13.61,33930
2006-04-11,14.27,14.27,14.0,14.0,111910
2006-04-12,13.47,13.47,13.47,13.47,33510
2006-04-13,14.0,14.0,14.0,14.0,42320
2006-04-14,14.66,14.66,14.53,14.53,34610
2006-04-17,15.19,15.19,14.93,14.93,66310
2006-04-18,15.45,15.59,15.45,15.59,69330
2006-04-19,16.25,16.25,15.85,15.85,41440
2006-04-20,15.32,15.32,15.32,15.32,38830
2006-04-21,15.32,15.32,15.32,15.32,61610
2006-04-24,15.32,15.59,15.32,15.59,54840
2006-04-25,16.25,16.25,16.25,16.25,51160
2006-04-26,17.04,17.04,17.04,17.04,48530
2006-04-27,17.83,17.83,17.83,17.83,177160
2006-04-28,17.04,17.04,17.04,17.04,18690
2006-05-03,17.44,17.7,17.44,17.7,51630
2006-05-04,17.96,17.96,17.7,17.7,24300
2006-05-05,17.04,17.04,17.04,17.04,31120
2006-05-08,16.25,16.25,16.25,16.25,17200
2006-05-09,15.45,15.45,15.45,15.45,2560
2006-05-10,14.79,14.79,14.79,14.79,1050
2006-05-11,14.13,15.45,14.13,15.45,35890
2006-05-12,16.11,16.11,16.11,16.11,17210
2006-05-15,16.51,16.91,16.51,16.91,39750
2006-05-16,16.11,16.11,16.11,16.11,19000
2006-05-17,16.11,16.11,16.11,16.11,32800
2006-05-18,15.72,15.72,15.45,15.45,26010
2006-05-19,15.45,15.45,15.32,15.32,26470
2006-05-22,15.06,15.06,14.66,14.66,11290
2006-05-23,14.0,14.0,14.0,14.0,12230
2006-05-24,14.0,14.66,14.0,14.66,33210
2006-05-25,14.53,14.53,14.0,14.0,15190
2006-05-26,14.0,14.0,13.61,13.61,12920
2006-05-29,13.87,13.87,13.61,13.61,5710
2006-05-30,13.21,13.21,12.94,12.94,17890
2006-05-31,12.94,12.94,12.89,12.89,22990
2006-06-01,13.21,13.21,12.89,12.89,10100
2006-06-02,12.94,12.94,12.94,12.94,14340
2006-06-05,13.47,13.47,13.47,13.47,3350
2006-06-06,14.13,14.13,14.13,14.13,23470
2006-06-07,13.74,13.74,13.74,13.74,6800
2006-06-08,13.61,13.74,13.61,13.74,3030
2006-06-09,13.74,13.74,13.74,13.74,5820
2006-06-12,13.87,13.87,13.87,13.87,5460
2006-06-13,14.27,14.27,14.13,14.13,11840
2006-06-14,14.53,14.53,14.27,14.4,16300
2006-06-15,14.53,14.53,14.53,14.13,5740
2006-06-16,14.13,14.13,13.47,13.47,18900
2006-06-19,13.47,13.61,13.34,13.34,8320
2006-06-20,13.34,13.34,13.08,13.08,7270
2006-06-21,12.68,12.68,12.47,12.47,16390
2006-06-22,13.08,13.08,13.08,13.08,1820
2006-06-23,13.34,13.34,13.34,13.34,33600
2006-06-26,13.34,13.34,12.94,12.94,7010
2006-06-27,12.94,13.08,12.94,13.08,14030
2006-06-28,13.34,13.34,13.21,13.34,19590
2006-06-29,13.34,13.34,13.34,13.34,7840
2006-06-30,13.47,13.74,13.47,13.74,37290
2006-07-03,14.0,14.0,14.0,14.0,36310
2006-07-04,13.74,13.74,13.61,13.61,20040
2006-07-05,13.61,13.61,13.47,13.47,4000
2006-07-06,13.21,13.61,13.21,13.61,23700
2006-07-07,13.47,13.87,13.47,13.87,35050
2006-07-10,13.74,13.87,13.61,13.61,6800
2006-07-11,13.61,13.61,13.47,13.47,9430
2006-07-12,13.47,13.61,13.47,13.61,2020
2006-07-13,13.61,13.61,13.34,13.34,2190
2006-07-14,13.34,13.34,13.21,13.21,2560
2006-07-17,13.21,13.21,12.97,12.97,3690
2006-07-18,12.97,12.97,12.97,12.97,6930
2006-07-19,12.71,12.94,12.34,12.34,6460
2006-07-20,11.89,12.68,11.89,12.68,7710
2006-07-21,12.63,12.68,12.42,12.42,11430
2006-07-24,12.18,12.34,11.89,11.89,11530
2006-07-25,11.89,11.89,11.31,11.31,8400
2006-07-26,11.31,11.49,11.31,11.31,12410
2006-07-27,11.31,11.62,11.31,11.62,34540
2006-07-28,11.89,12.02,11.89,11.89,54800
2006-07-31,10.57,10.57,10.57,10.57,20250
2006-08-01,10.04,10.09,10.04,10.09,30910
2006-08-02,9.64,10.09,9.64,10.09,2170
2006-08-03,10.17,10.59,10.17,10.59,18760
2006-08-04,11.1,11.12,11.1,11.12,27620
2006-08-07,11.12,11.12,10.57,10.57,6510
2006-08-08,10.3,10.83,10.3,10.83,10090
2006-08-09,10.86,11.23,10.86,11.23,15880
2006-08-10,11.23,11.23,11.1,11.23,7390
2006-08-11,11.23,11.6,11.23,11.6,9890
2006-08-14,12.02,12.15,12.02,12.15,13320
2006-08-15,12.55,12.55,11.65,12.42,12360
2006-08-16,12.42,12.71,12.42,12.71,16310
2006-08-17,13.34,13.34,12.71,12.71,11610
2006-08-18,12.71,12.71,12.55,12.55,10760
2006-08-21,12.55,12.55,12.42,12.42,6400
2006-08-22,12.28,12.28,12.15,12.15,9860
2006-08-23,11.86,12.15,11.86,12.15,23430
2006-08-24,12.36,12.36,12.15,12.15,13990
2006-08-25,12.15,12.15,12.15,12.15,2580
2006-08-28,12.15,12.28,12.15,12.28,4770
2006-08-29,12.42,12.55,12.42,12.55,9320
2006-08-30,12.57,12.68,12.57,12.68,13090
2006-08-31,12.68,12.68,12.68,12.68,2100
2006-09-01,12.57,12.57,12.42,12.42,109760
2006-09-05,12.68,13.02,12.68,13.02,15790
2006-09-06,13.21,13.21,13.02,13.02,18860
2006-09-07,12.94,12.94,12.81,12.81,11600
2006-09-08,12.81,12.81,12.81,12.81,17290
2006-09-11,12.94,12.94,12.71,12.71,7850
2006-09-12,12.71,12.71,12.44,12.44,8100
2006-09-13,12.52,12.68,12.52,12.68,12370
2006-09-14,12.68,12.68,12.57,12.57,6100
2006-09-15,12.57,12.68,12.57,12.63,4350
2006-09-18,12.63,12.68,12.63,12.68,7600
2006-09-19,12.79,12.79,12.73,12.73,6920
2006-09-20,12.81,12.94,12.81,12.81,20530
2006-09-21,12.92,12.94,12.92,12.94,10000
2006-09-22,13.0,13.05,13.0,13.05,26300
2006-09-25,13.47,13.61,13.47,13.61,47630
2006-09-26,14.0,14.27,14.0,14.27,56390
2006-09-27,14.93,14.93,14.66,14.66,54530
2006-09-28,14.13,14.27,14.13,14.27,23490
2006-09-29,13.87,14.13,13.87,14.0,32500
2006-10-02,14.0,14.53,14.0,14.53,78590
2006-10-03,15.06,15.06,14.66,14.79,69030
2006-10-04,14.79,14.79,14.53,14.53,43840
2006-10-05,14.27,14.27,14.0,14.13,57040
2006-10-06,14.27,14.27,14.13,14.27,37250
2006-10-09,14.4,14.4,14.27,14.27,13340
2006-10-10,14.13,14.13,14.0,14.0,31460
2006-10-11,14.13,14.13,14.0,14.0,25440
2006-10-12,14.0,14.13,14.0,14.13,33780
2006-10-13,14.13,14.13,14.0,14.0,25090
2006-10-16,14.13,14.13,14.0,14.13,24810
2006-10-17,14.13,14.13,13.74,13.74,20600
2006-10-18,13.74,13.87,13.74,13.87,12910
2006-10-19,14.13,14.27,14.13,14.27,53080
2006-10-20,14.27,14.27,14.13,14.13,33020
2006-10-23,14.13,14.13,14.0,14.0,12260
2006-10-24,14.0,14.0,14.0,14.0,21650
2006-10-25,14.0,14.0,13.87,13.87,7180
2006-10-26,14.0,14.0,14.0,14.0,14590
2006-10-27,14.0,14.0,14.0,14.0,29900
2006-10-30,13.74,13.74,13.61,13.61,17000
2006-10-31,13.34,13.74,13.34,13.74,17530
2006-11-01,13.74,13.87,13.74,13.87,15860
2006-11-02,14.0,14.0,13.74,13.74,13690
2006-11-03,13.74,13.87,13.74,13.87,14260
2006-11-06,13.74,13.87,13.74,13.87,7990
2006-11-07,14.0,14.13,14.0,14.13,37490
2006-11-08,14.13,14.27,14.13,14.27,29280
2006-11-09,14.27,14.4,14.27,14.4,37890
2006-11-10,14.53,14.53,14.27,14.27,18110
2006-11-13,14.27,14.53,14.27,14.53,49000
2006-11-14,14.53,14.79,14.53,14.66,61360
2006-11-15,14.53,14.66,14.53,14.53,29590
2006-11-16,14.27,14.27,14.0,14.27,17720
2006-11-17,14.27,14.27,14.13,14.27,16940
2006-11-20,14.79,14.79,14.27,14.27,45740
2006-11-21,14.27,14.27,14.27,14.27,20930
2006-11-22,14.53,14.53,14.27,14.4,27540
2006-11-23,15.06,15.06,15.06,15.06,82670
2006-11-24,15.72,15.72,15.72,15.72,73330
2006-11-27,16.38,16.38,15.06,15.06,74430
2006-11-28,15.32,15.72,15.32,15.72,27940
2006-11-29,15.85,15.85,15.06,15.06,41020
2006-11-30,15.06,15.45,15.06,15.45,15600
2006-12-01,15.45,15.45,15.19,15.19,22270
2006-12-04,15.19,15.19,15.06,15.06,27400
2006-12-05,14.79,14.79,14.53,14.53,26410
2006-12-06,14.66,15.19,14.66,15.19,16760
2006-12-07,15.59,15.85,15.59,15.85,46310
2006-12-08,15.85,15.85,15.85,15.85,8320
2006-12-11,16.38,16.64,16.38,16.64,66700
2006-12-12,16.64,16.64,15.85,15.85,32330
2006-12-13,16.38,16.38,16.11,16.11,18680
2006-12-14,16.11,16.11,15.59,15.85,28500
2006-12-15,15.59,15.59,15.45,15.45,41870
2006-12-18,15.59,15.59,15.19,15.19,25280
2006-12-19,15.19,15.32,15.19,15.32,45080
2006-12-20,15.19,15.19,14.66,14.66,76570
2006-12-21,14.93,14.93,14.13,14.13,48450
2006-12-22,14.0,14.0,13.74,14.0,19910
2006-12-25,14.53,14.66,14.53,14.66,18860
2006-12-26,14.79,15.32,14.79,15.32,34350
2006-12-27,15.32,15.32,15.06,15.06,14460
2006-12-28,14.66,14.79,14.66,14.79,16380
2006-12-29,14.4,14.53,14.4,14.53,23190
2007-01-02,14.53,14.53,14.4,14.4,14530
2007-01-03,15.06,15.06,14.79,14.79,8790
2007-01-04,14.53,15.32,14.53,15.32,40990
2007-01-05,15.32,15.32,15.32,15.32,46160
2007-01-08,15.32,15.32,15.06,15.06,37400
2007-01-09,15.06,15.06,15.06,15.06,20370
2007-01-10,15.06,15.06,14.93,14.93,16130
2007-01-11,15.06,15.19,15.06,15.19,39850
2007-01-12,15.32,15.45,15.32,15.45,39440
2007-01-15,16.11,16.11,15.85,15.85,52600
2007-01-16,15.98,16.38,15.98,16.38,48880
2007-01-17,16.38,16.38,15.59,15.72,17200
2007-01-18,15.06,15.59,15.06,15.59,7540
2007-01-19,15.32,15.72,15.32,15.72,58380
2007-01-22,15.06,15.06,15.06,15.06,113730
2007-01-23,15.06,15.59,15.06,15.59,50350
2007-01-24,15.59,16.11,15.59,16.11,67640
2007-01-25,15.59,15.85,15.59,15.85,34220
2007-01-26,15.59,15.85,15.59,15.85,36410
2007-01-29,15.85,15.85,15.85,15.85,40300
2007-01-30,15.85,16.11,15.85,16.11,50910
2007-01-31,16.11,16.11,15.85,16.11,54070
2007-02-01,16.11,16.11,16.11,16.11,36220
2007-02-02,16.11,16.11,16.11,16.11,47550
2007-02-05,16.64,16.91,16.64,16.91,65680
2007-02-06,17.7,17.7,17.7,17.7,11810
2007-02-07,18.49,18.49,18.49,18.49,40790
2007-02-08,18.49,18.49,17.57,17.57,102870
2007-02-09,17.57,17.57,17.3,17.3,45920
2007-02-12,17.7,17.83,17.7,17.7,15100
2007-02-13,17.96,17.96,17.7,17.96,43810
2007-02-14,17.96,17.96,17.83,17.96,28540
2007-02-15,17.96,17.96,17.96,17.96,22590
2007-02-26,18.76,18.76,18.76,18.76,8710
2007-02-27,19.68,19.68,19.68,19.68,36710
2007-02-28,20.61,20.61,19.28,20.08,96310
2007-03-01,20.87,21.0,20.87,21.0,61300
2007-03-02,21.93,21.93,21.93,21.93,68090
2007-03-05,22.98,22.98,22.98,22.98,58610
2007-03-06,24.04,24.04,24.04,24.04,48000
2007-03-07,24.3,24.3,23.25,23.25,39880
2007-03-08,22.46,22.72,22.32,22.72,47330
2007-03-09,22.72,22.72,22.46,22.46,68710
2007-03-12,22.72,22.72,22.72,22.72,48580
2007-03-13,23.25,23.78,22.98,22.98,37740
2007-03-14,22.46,22.46,21.93,21.93,41780
2007-03-15,21.4,21.4,21.0,21.13,46850
2007-03-16,20.21,21.66,20.21,21.66,29290
2007-03-19,21.66,22.19,21.66,22.19,31540
2007-03-20,22.19,22.19,21.93,21.93,24990
2007-03-21,21.93,21.93,21.13,21.13,22140
2007-03-22,21.13,21.13,20.34,20.34,33190
2007-03-23,20.34,21.13,20.34,20.34,42590
2007-03-26,19.81,20.08,19.81,19.81,20220
2007-03-27,18.89,18.89,18.89,18.89,34700
2007-03-28,17.96,18.23,17.96,18.23,19840
2007-03-29,19.02,19.02,19.02,19.02,2300
2007-03-30,19.95,19.95,19.95,19.95,13760
2007-04-02,19.95,19.95,19.02,19.02,25860
2007-04-03,18.49,18.49,18.49,18.49,11170
2007-04-04,18.76,19.02,18.76,19.02,14620
2007-04-05,19.28,19.28,19.02,19.02,15800
2007-04-06,19.02,19.02,18.76,18.76,8170
2007-04-09,18.49,18.49,18.23,18.23,11860
2007-04-10,18.23,18.23,18.23,18.23,13370
2007-04-11,17.96,18.23,17.96,18.23,8220
2007-04-12,17.7,17.7,17.44,17.44,18740
2007-04-13,16.91,16.91,16.78,16.78,18310
2007-04-16,16.38,16.38,15.98,15.98,5200
2007-04-17,15.45,15.45,15.19,15.19,16370
2007-04-18,15.85,15.85,15.85,15.85,12330
2007-04-19,16.64,16.64,16.64,16.64,25180
2007-04-20,16.64,16.64,16.38,16.38,7580
2007-04-23,15.59,16.25,15.59,16.25,16390
2007-04-24,15.59,15.85,15.59,15.85,7900
2007-04-25,15.85,16.64,15.85,16.64,16310
2007-05-02,16.78,16.78,16.38,16.38,4520
2007-05-03,16.38,16.64,16.38,16.38,11400
2007-05-04,15.98,16.38,15.98,16.38,8950
2007-05-07,17.17,17.17,17.17,17.17,15000
2007-05-08,17.17,17.44,17.17,17.44,21920
2007-05-09,17.44,17.44,16.91,17.17,8550
2007-05-10,16.78,16.78,16.64,16.64,8930
2007-05-11,16.64,17.17,16.64,17.17,18000
2007-05-14,17.17,17.3,17.17,17.3,19690
2007-05-15,17.83,17.83,17.17,17.57,20000
2007-05-16,17.17,17.44,17.17,17.3,16860
2007-05-17,16.91,17.17,16.91,17.17,7570
2007-05-18,17.17,17.17,16.91,16.91,4230
2007-05-21,17.17,17.17,16.91,16.91,20440
2007-05-22,16.91,17.04,16.91,17.04,57020
2007-05-23,17.44,17.44,17.04,17.04,53400
2007-05-24,17.04,17.04,16.91,16.91,9160
2007-05-25,16.64,16.78,16.64,16.78,7900
2007-05-28,16.78,16.78,16.64,16.78,12740
2007-05-29,16.51,16.64,16.51,16.64,13520
2007-05-30,16.38,16.51,16.38,16.51,22750
2007-05-31,16.51,16.64,16.51,16.64,13250
2007-06-01,16.11,16.38,16.11,16.25,21940
2007-06-04,15.98,16.11,15.85,16.11,28980
2007-06-05,15.85,16.11,15.72,15.72,3710
2007-06-06,15.72,15.85,15.59,15.85,9350
2007-06-07,15.98,16.11,15.98,15.98,14560
2007-06-08,16.11,16.38,16.11,16.11,26030
2007-06-11,16.38,16.38,16.25,16.25,13310
2007-06-12,16.11,16.11,16.11,16.11,3950
2007-06-13,16.11,16.38,16.11,16.25,12180
2007-06-14,16.11,16.11,15.98,15.98,8260
2007-06-15,15.85,15.98,15.85,15.98,12060
2007-06-18,15.85,15.85,15.85,15.85,39130
2007-06-19,15.85,15.85,15.72,15.72,10190
2007-06-20,15.59,15.72,15.59,15.72,20840
2007-06-21,15.45,15.45,15.45,15.45,21490
2007-06-22,15.32,15.32,15.19,15.19,20200
2007-06-25,15.32,15.32,14.53,14.53,59490
2007-06-26,14.93,14.93,14.93,14.93,47130
2007-06-27,14.93,14.93,14.93,14.93,17850
2007-06-28,14.79,14.79,14.66,14.66,31310
2007-06-29,14.79,14.79,14.79,14.79,38910
2007-07-02,14.79,14.79,14.66,14.66,64590
2007-07-03,14.27,14.27,14.13,14.13,21710
2007-07-04,14.27,14.66,14.27,14.66,44190
2007-07-05,14.79,14.79,14.4,14.4,36230
2007-07-06,14.27,14.4,14.27,14.4,34950
2007-07-09,15.06,15.06,15.06,15.06,36170
2007-07-10,15.72,15.72,15.72,15.72,10340
2007-07-11,16.38,16.38,16.38,16.38,12490
2007-07-12,17.17,17.17,17.17,17.17,131120
2007-07-13,17.3,17.3,17.04,17.04,189540
2007-07-16,17.04,17.04,16.25,16.25,20640
2007-07-17,16.38,16.91,16.38,16.91,53570
2007-07-18,16.91,16.91,16.51,16.51,18270
2007-07-19,16.91,16.91,16.25,16.25,26570
2007-07-20,16.25,16.38,16.25,16.25,15020
2007-07-23,16.25,16.25,16.25,16.25,22390
2007-07-24,16.25,16.25,15.85,15.85,21500
2007-07-25,15.85,15.85,15.59,15.59,18570
2007-07-26,15.32,15.59,15.32,15.32,15370
2007-07-27,15.32,15.32,15.19,15.19,15970
2007-07-30,15.06,15.32,15.06,15.06,14060
2007-07-31,14.79,15.06,14.79,14.79,29500
2007-08-01,15.06,15.45,15.06,15.45,14620
2007-08-02,15.45,15.59,15.19,15.19,29830
2007-08-03,14.79,15.72,14.93,15.59,39500
2007-08-06,15.59,15.72,15.59,15.59,12120
2007-08-07,15.45,15.59,15.32,15.59,18420
2007-08-08,15.72,15.72,15.59,15.59,11460
2007-08-09,15.59,15.72,15.59,15.72,12500
2007-08-10,15.45,15.85,15.59,15.85,36180
2007-08-13,15.72,16.11,15.72,15.98,31820
2007-08-14,16.38,16.51,16.11,16.38,20690
2007-08-15,16.91,16.91,16.91,16.91,68980
2007-08-16,16.38,16.64,16.38,16.51,52000
2007-08-17,14.79,14.79,14.79,16.25,30320
2007-08-20,16.38,16.38,16.25,16.38,25340
2007-08-21,16.38,16.38,16.11,16.38,20260
2007-08-22,16.38,16.51,16.38,16.38,24420
2007-08-23,16.38,16.51,16.11,16.38,10400
2007-08-24,16.51,16.51,16.38,16.51,20980
2007-08-27,16.51,16.51,16.38,16.51,8380
2007-08-28,16.51,16.51,16.11,16.51,19220
2007-08-29,16.38,16.51,16.38,16.38,4320
2007-08-30,16.51,16.51,16.38,16.51,9750
2007-08-31,16.64,16.64,16.51,16.64,16230
2007-09-04,16.91,16.91,16.78,16.91,17580
2007-09-05,17.04,17.04,16.51,16.78,12670
2007-09-06,16.91,17.04,16.78,17.04,54010
2007-09-07,17.57,17.83,17.3,17.83,137950
2007-09-10,18.49,18.62,18.36,18.62,83810
2007-09-11,18.62,18.62,18.1,18.1,46860
2007-09-12,17.7,18.36,17.7,17.83,48390
2007-09-13,17.7,17.83,17.57,17.7,38760
2007-09-14,17.7,18.1,17.57,18.1,51530
2007-09-17,18.49,18.49,18.23,18.49,52190
2007-09-18,18.49,18.76,18.36,18.49,39250
2007-09-19,18.62,18.62,17.96,18.49,43070
2007-09-20,18.49,18.62,18.49,18.49,53780
2007-09-21,18.49,18.49,18.1,18.23,15970
2007-09-24,18.1,18.23,17.96,18.1,36820
2007-09-25,18.23,18.89,18.23,18.89,39680
2007-09-26,19.02,19.02,18.49,18.62,39670
2007-09-27,17.96,18.36,17.96,18.36,69650
2007-09-28,18.36,18.49,18.23,18.49,54900
2007-10-01,18.62,19.42,18.49,19.42,88170
2007-10-02,19.02,20.34,18.49,20.34,85380
2007-10-03,19.68,20.08,19.42,19.95,26900
2007-10-04,19.81,19.81,19.02,19.55,21050
2007-10-05,19.68,19.81,19.55,19.68,39270
2007-10-08,19.55,19.68,19.42,19.55,23840
2007-10-09,19.81,20.34,19.68,20.08,34260
2007-10-10,20.61,21.0,20.61,21.0,90250
2007-10-11,21.13,21.4,20.87,20.87,36390
2007-10-12,20.21,20.74,20.21,20.61,70820
2007-10-15,20.21,20.74,20.21,20.34,33450
2007-10-16,20.34,20.47,20.08,20.34,41420
2007-10-17,20.21,20.47,20.08,20.34,55430
2007-10-18,20.21,20.34,20.21,20.34,33800
2007-10-19,17.7,19.28,17.7,19.28,27360
2007-10-22,19.28,19.28,18.76,18.76,18200
2007-10-23,18.49,18.49,18.23,18.23,23540
2007-10-24,17.96,18.49,17.96,18.49,38800
2007-10-25,18.76,18.76,18.23,18.23,30550
2007-10-26,18.23,18.49,18.1,18.1,17130
2007-10-29,17.57,18.23,17.57,17.83,18110
2007-10-30,17.7,17.83,17.17,17.17,52540
2007-10-31,17.04,17.17,16.91,17.17,51090
2007-11-01,17.17,17.96,17.17,17.83,28110
2007-11-02,17.17,17.7,17.17,17.7,24550
2007-11-05,17.7,17.7,17.17,17.44,15460
2007-11-06,17.17,17.44,17.04,17.44,22940
2007-11-07,17.96,17.96,17.44,17.7,23530
2007-11-08,17.44,17.44,17.17,17.3,4120
2007-11-09,17.17,17.17,16.64,16.64,6630
2007-11-12,16.51,16.64,16.38,16.38,14300
2007-11-13,16.38,16.38,15.59,15.59,10410
2007-11-14,15.59,16.25,15.59,16.25,16810
2007-11-15,15.85,16.51,15.85,16.38,9740
2007-11-16,16.11,16.11,15.85,16.11,6650
2007-11-19,16.11,16.38,16.11,16.25,8010
2007-11-20,16.25,16.38,16.25,16.25,20600
2007-11-21,16.25,16.38,15.85,15.85,4800
2007-11-22,15.85,16.38,15.85,16.11,14160
2007-11-23,16.25,16.25,16.11,16.11,6480
2007-11-26,16.38,16.64,16.38,16.64,18310
2007-11-27,16.64,16.91,16.51,16.51,18220
2007-11-28,16.64,17.04,16.64,17.04,44690
2007-11-29,16.64,16.78,16.64,16.78,23380
2007-11-30,16.64,16.64,16.51,16.64,12460
2007-12-03,16.64,16.91,16.64,16.91,7660
2007-12-04,17.17,17.17,16.91,17.17,15370
2007-12-05,17.3,17.3,16.91,16.91,20950
2007-12-06,16.91,16.91,16.78,16.78,21250
2007-12-07,16.78,17.17,16.78,17.04,16820
2007-12-10,16.64,16.64,16.38,16.64,11300
2007-12-11,16.64,16.64,16.38,16.38,8760
2007-12-12,17.04,17.17,16.64,16.91,11300
2007-12-13,16.91,16.91,16.38,16.38,2910
2007-12-14,16.38,16.51,16.11,16.11,11440
2007-12-17,15.85,15.85,15.45,15.45,10170
2007-12-18,15.45,15.59,15.45,15.59,4460
2007-12-19,16.11,16.25,15.85,16.25,11840
2007-12-20,16.64,16.64,15.72,15.72,20120
2007-12-21,15.85,16.25,15.85,16.25,12510
2007-12-24,15.98,16.38,15.98,16.38,3780
2007-12-25,16.38,16.38,15.85,15.98,1120
2007-12-26,16.11,16.11,15.85,15.98,10210
2007-12-27,16.38,16.38,15.98,15.98,4790
2007-12-28,15.98,16.11,15.72,15.72,21880
2008-01-02,15.72,15.85,15.72,15.85,1840
2008-01-03,15.85,15.85,15.72,15.72,4570
2008-01-04,15.59,15.85,15.59,15.85,16240
2008-01-07,15.32,15.32,15.06,15.06,15800
2008-01-08,15.06,15.59,14.93,14.93,24870
2008-01-09,14.93,14.93,14.53,14.53,10810
2008-01-10,14.0,14.0,13.87,13.87,11640
2008-01-11,14.13,14.27,14.0,14.27,46340
2008-01-14,14.27,14.27,13.61,13.61,12640
2008-01-15,12.94,13.08,12.94,12.94,22830
2008-01-16,13.34,13.47,13.21,13.47,13770
2008-01-17,14.0,14.0,13.34,13.47,15090
2008-01-18,13.61,14.13,13.47,14.13,14050
2008-01-21,14.13,14.27,13.74,13.87,8250
2008-01-22,13.34,13.47,13.34,13.34,14090
2008-01-23,13.21,13.21,12.68,12.68,35300
2008-01-24,12.94,13.18,12.55,12.55,7150
2008-01-25,12.55,12.94,12.55,12.73,6760
2008-01-28,13.08,13.08,12.94,13.05,6000
2008-01-29,12.94,13.61,12.42,13.61,24200
2008-01-30,14.27,14.27,14.13,14.27,16030
2008-01-31,14.27,14.53,13.61,14.53,22680
2008-02-01,14.53,15.06,14.53,14.93,19490
2008-02-12,14.93,14.93,14.27,14.27,12430
2008-02-13,14.53,14.53,14.0,14.0,23140
2008-02-14,13.74,14.53,13.74,14.53,15370
2008-02-15,14.66,14.79,14.13,14.53,40440
2008-02-18,14.13,14.27,14.0,14.27,43340
2008-02-19,14.13,14.27,14.0,14.0,25540
2008-02-20,14.0,14.13,13.74,13.87,15560
2008-02-21,13.18,13.21,13.18,13.18,44700
2008-02-22,12.55,13.74,12.55,13.74,21550
2008-02-25,14.27,14.4,14.27,14.4,44340
2008-02-26,14.53,14.66,13.74,13.74,102400
2008-02-27,13.74,14.4,13.74,14.13,9700
2008-02-28,14.27,14.4,14.0,14.27,28050
2008-02-29,14.27,14.79,14.27,14.27,34010
2008-03-03,14.13,14.27,13.61,13.61,16200
2008-03-04,13.1,14.27,13.05,13.61,24610
2008-03-05,12.94,14.27,12.94,13.74,19360
2008-03-06,14.0,14.4,14.0,14.4,2180
2008-03-07,15.06,15.06,15.06,15.06,3620
2008-03-10,15.72,15.72,15.72,15.72,37890
2008-03-11,16.38,16.38,16.25,16.25,199640
2008-03-12,17.04,17.04,17.04,17.04,45610
2008-03-13,17.83,17.83,17.7,17.83,142020
2008-03-14,18.62,18.62,17.7,18.49,315510
2008-03-17,17.57,17.57,17.57,17.57,27920
2008-03-18,16.78,16.78,16.78,16.78,109660
2008-03-19,15.98,16.64,15.98,15.98,33880
2008-03-20,15.19,15.45,15.19,15.19,9720
2008-03-21,14.93,15.85,14.79,15.85,11080
2008-03-24,15.32,15.59,15.32,15.45,5490
2008-03-25,15.19,16.11,15.06,15.72,5930
2008-03-26,15.06,16.11,15.06,15.72,10260
2008-03-27,15.72,15.85,15.85,15.85,6550
2008-03-28,15.98,15.98,15.98,15.98,260
2008-03-31,16.11,16.11,16.11,16.11,3330
2008-04-01,16.25,16.25,16.25,16.25,1240
2008-04-02,16.38,16.38,16.38,16.38,1570
2008-04-03,16.51,16.51,16.51,16.51,2100
2008-04-04,16.64,16.64,16.64,16.64,360
2008-04-07,16.91,16.91,16.91,16.91,22250
2008-04-08,17.17,17.17,16.91,17.04,20270
2008-04-09,17.17,17.17,16.78,16.78,5620
2008-04-10,16.64,16.64,16.64,16.64,300
2008-04-11,16.38,16.38,16.38,16.38,550
2008-04-16,16.11,16.11,16.11,16.11,510
2008-04-17,16.11,16.38,15.85,15.85,13780
2008-04-18,15.72,15.98,15.59,15.59,1870
2008-04-21,15.32,15.32,15.32,15.32,2570
2008-04-22,15.06,15.06,15.06,15.06,1550
2008-04-23,14.79,14.79,14.79,14.79,20
2008-04-24,14.53,14.53,14.53,14.53,50
2008-04-25,14.27,14.27,14.27,14.27,1600
2008-04-28,14.0,14.27,14.0,14.0,9090
2008-04-29,13.74,13.74,13.74,13.74,5090
2008-05-05,13.74,13.74,13.74,13.74,0
2008-05-06,13.74,13.74,13.47,13.47,640
2008-05-07,13.21,13.21,13.21,13.21,300
2008-05-08,12.94,12.94,12.94,12.94,20
2008-05-09,12.71,12.71,12.71,12.71,400
2008-05-12,12.47,12.47,12.47,12.47,100
2008-05-13,12.23,12.23,12.23,12.23,10
2008-05-14,11.99,11.99,11.99,11.99,10600
2008-05-15,11.57,11.57,11.57,11.57,13160
2008-05-16,11.36,11.36,11.36,11.36,8120
2008-05-19,11.15,11.15,11.15,11.15,13050
2008-05-20,10.94,10.94,10.94,10.94,10
2008-05-21,10.73,10.73,10.73,10.73,90
2008-05-22,10.51,10.51,10.51,10.51,800
2008-05-23,10.33,10.33,10.33,10.33,300
2008-05-26,10.14,10.14,10.14,10.14,50
2008-05-30,9.96,10.04,9.96,10.04,21220
2008-06-02,10.04,10.22,10.04,10.22,3040
2008-06-03,10.41,10.41,10.41,10.41,1640
2008-06-04,10.59,10.59,10.59,10.59,300
2008-06-05,10.38,10.8,10.38,10.8,8080
2008-06-06,11.02,11.02,11.02,11.02,4070
2008-06-09,11.23,11.23,11.23,11.23,1270
2008-06-10,11.44,11.44,11.44,11.44,230
2008-06-11,11.65,11.65,11.65,11.65,5410
2008-06-12,11.86,11.86,11.86,11.86,2690
2008-06-13,12.07,12.07,12.07,12.07,3100
2008-06-16,11.84,12.31,11.84,11.89,3160
2008-06-17,11.65,12.13,11.65,12.13,6660
2008-06-18,12.36,12.36,11.89,11.89,3970
2008-06-19,11.54,11.54,11.54,11.54,2360
2008-06-20,11.2,11.2,11.2,11.2,200
2008-06-23,11.2,11.2,10.88,10.88,830
2008-06-24,10.57,10.57,10.57,10.57,570
2008-06-25,10.88,10.88,10.88,10.88,3320
2008-06-26,11.2,11.2,11.1,11.2,2960
2008-06-27,10.88,11.52,10.88,11.52,820
2008-06-30,11.52,11.52,11.17,11.17,350
2008-07-01,11.17,11.49,11.17,11.47,3290
2008-07-02,11.81,11.81,11.62,11.76,4580
2008-07-03,12.07,12.1,12.05,12.1,8260
2008-07-04,12.44,12.44,12.44,12.44,2550
2008-07-07,12.81,12.81,12.07,12.07,6410
2008-07-08,11.73,11.89,11.73,11.89,12470
2008-07-09,12.23,12.23,12.15,12.23,5920
2008-07-10,12.57,12.57,12.23,12.57,3900
2008-07-11,12.2,12.94,12.2,12.94,5040
2008-07-14,13.21,13.21,13.08,13.21,8480
2008-07-15,13.61,13.61,13.47,13.61,6380
2008-07-16,14.0,14.0,13.21,14.0,5570
2008-07-17,14.4,14.4,14.4,14.4,3440
2008-07-18,14.0,14.4,14.0,14.0,3930
2008-07-21,13.61,13.61,13.61,13.61,2110
2008-07-22,13.21,13.21,13.21,13.21,10
2008-07-23,12.81,12.81,12.81,12.81,750
2008-07-24,12.44,12.81,12.44,12.44,8300
2008-07-25,12.07,12.07,12.07,12.07,44160
2008-07-28,11.73,12.42,11.73,12.42,8050
2008-07-29,12.79,12.79,12.79,12.79,670
2008-07-30,13.16,13.16,12.42,12.55,5810
2008-07-31,12.92,12.92,12.92,12.92,14090
2008-08-01,13.21,13.21,13.21,13.21,10650
2008-08-04,13.61,13.61,13.61,13.61,15100
2008-08-05,14.0,14.0,13.61,14.0,62720
2008-08-06,14.0,14.0,13.61,13.61,1200
2008-08-07,13.87,13.87,13.87,13.87,150
2008-08-08,13.87,14.27,13.47,14.27,3360
2008-08-11,14.27,14.53,14.0,14.53,4870
2008-08-12,14.79,14.79,14.27,14.79,13100
2008-08-13,14.53,15.19,14.4,15.19,23680
2008-08-14,15.19,15.59,15.19,15.59,33710
2008-08-15,15.98,15.98,15.72,15.98,25340
2008-08-18,16.64,16.64,15.98,15.98,5050
2008-08-19,15.19,15.98,15.19,15.19,1770
2008-08-20,14.53,14.53,14.53,14.53,2520
2008-08-21,13.87,15.19,13.87,15.19,14200
2008-08-22,14.53,15.59,14.53,14.53,4730
2008-08-25,15.19,15.19,14.66,15.19,8540
2008-08-26,15.72,15.72,15.19,15.19,58210
2008-08-27,15.19,15.19,14.53,14.53,22000
2008-08-28,14.27,14.27,13.87,13.87,4250
2008-08-29,13.18,13.87,13.18,13.87,1910
2008-09-03,14.53,14.53,14.27,14.53,12710
2008-09-04,13.87,15.06,13.87,14.53,9820
2008-09-05,13.87,15.06,13.87,15.06,28580
2008-09-08,15.06,15.06,14.4,14.79,14670
2008-09-09,14.27,14.79,14.27,14.27,3090
2008-09-10,14.0,14.27,13.61,13.61,23990
2008-09-11,13.08,14.27,13.08,14.27,5350
2008-09-12,14.79,14.93,13.74,13.87,28050
2008-09-15,13.21,14.53,13.21,14.53,4130
2008-09-16,13.87,14.79,13.87,14.53,73960
2008-09-17,13.87,14.93,13.87,14.0,30460
2008-09-18,13.34,13.34,13.34,13.34,3640
2008-09-19,13.34,14.0,13.34,14.0,4520
2008-09-22,14.53,14.66,14.27,14.66,5160
2008-09-23,14.79,15.32,14.13,14.13,15150
2008-09-24,13.74,13.74,13.74,13.74,550
2008-09-25,14.4,14.4,13.61,13.61,2090
2008-09-26,14.27,14.27,14.27,14.27,3240
2008-09-29,14.4,14.93,13.61,14.93,22600
2008-09-30,14.27,14.27,14.27,14.27,4530
2008-10-01,14.27,14.53,13.74,13.74,4200
2008-10-02,14.4,14.4,14.4,14.4,4470
2008-10-03,14.13,15.06,14.13,15.06,8590
2008-10-06,14.4,14.53,14.4,14.53,1550
2008-10-07,13.87,14.0,13.87,13.87,5670
2008-10-08,13.34,14.4,13.21,13.87,11460
2008-10-09,13.34,14.27,13.34,14.27,7270
2008-10-10,13.61,14.53,13.61,14.53,15070
2008-10-13,14.0,14.66,14.0,14.66,5510
2008-10-14,14.79,15.32,14.79,15.32,24590
2008-10-15,15.72,15.72,14.79,14.79,17450
2008-10-16,14.13,14.4,14.13,14.4,2310
2008-10-17,14.13,14.93,14.13,14.13,210
2008-10-20,14.27,14.79,14.0,14.27,14710
2008-10-21,14.93,14.93,14.53,14.79,7640
2008-10-22,14.27,14.79,14.27,14.79,1880
2008-10-23,14.13,14.79,14.13,14.79,7080
2008-10-24,14.27,14.93,14.27,14.93,14340
2008-10-27,14.79,15.59,14.79,15.06,9130
2008-10-28,14.4,15.06,14.4,14.53,8540
2008-10-29,15.19,15.19,15.06,15.06,1260
2008-10-30,14.4,15.06,14.4,15.06,1670
2008-10-31,15.45,15.45,14.66,15.32,11800
2008-11-03,14.79,15.32,14.79,14.79,5120
2008-11-04,14.79,15.19,14.79,15.19,1740
2008-11-05,15.59,15.85,15.32,15.32,27820
2008-11-06,15.32,15.32,14.93,14.93,360
2008-11-07,14.66,15.32,14.66,15.32,10410
2008-11-10,14.79,15.32,14.79,15.32,1110
2008-11-11,15.06,15.06,14.93,14.93,2600
2008-11-12,14.53,14.79,14.53,14.79,2910
2008-11-13,14.79,14.79,14.79,14.79,0
2008-11-14,14.27,14.79,14.27,14.4,1020
2008-11-17,14.0,14.93,14.0,14.93,9910
2008-11-18,14.79,14.79,14.79,14.79,2000
2008-11-19,14.53,14.66,14.53,14.66,530
2008-11-20,14.0,14.79,14.0,14.79,1980
2008-11-21,14.13,14.13,14.13,14.13,101810
2008-11-24,13.47,13.47,13.47,13.47,1860
2008-11-25,12.81,12.81,12.81,12.81,60
2008-11-26,12.18,12.18,12.18,12.18,2030
2008-11-27,11.57,11.57,11.57,11.57,4200
2008-11-28,11.02,11.02,11.02,11.02,1270
2008-12-01,10.49,10.49,10.49,10.49,1310
2008-12-02,9.99,9.99,9.99,9.99,290
2008-12-03,9.51,9.51,9.51,9.51,1050
2008-12-04,9.03,9.03,9.03,9.03,20
2008-12-05,8.59,8.59,8.59,8.59,1330
2008-12-08,8.19,8.45,8.16,8.16,2850
2008-12-09,8.56,8.56,8.56,8.56,770
2008-12-10,8.98,8.98,8.98,8.98,320
2008-12-11,9.43,9.43,9.43,9.43,4810
2008-12-12,9.88,9.88,9.88,9.88,320
2008-12-15,10.36,10.36,10.36,10.36,930
2008-12-16,10.86,10.86,10.86,10.86,1900
2008-12-17,11.39,11.39,11.39,11.39,20
2008-12-18,10.83,10.83,10.83,10.83,24690
2008-12-19,10.73,11.36,10.73,11.36,11980
2008-12-22,11.91,11.91,11.91,11.91,10
2008-12-23,11.91,12.5,11.91,12.5,1460
2008-12-24,12.5,13.05,12.5,13.05,4630
2008-12-25,13.61,13.61,13.05,13.61,7700
2008-12-26,14.27,14.27,14.27,14.27,1970
2008-12-29,14.0,14.93,14.0,14.93,3070
2008-12-30,15.19,15.59,15.06,15.59,22880
2008-12-31,15.98,15.98,15.59,15.59,3230
2009-01-02,15.59,15.59,15.59,15.59,6000
2009-01-05,16.11,16.25,15.59,15.59,6470
2009-01-06,15.85,16.25,15.59,15.85,7610
2009-01-07,15.06,15.32,15.06,15.32,1070
2009-01-08,15.32,15.32,15.19,15.19,2160
2009-01-09,14.93,15.32,14.93,15.32,5350
2009-01-12,15.32,15.32,15.32,15.32,0
2009-01-13,14.93,15.98,14.93,15.98,9590
2009-01-14,15.85,16.38,15.85,16.38,5110
2009-01-15,16.38,16.38,16.38,16.38,0
2009-01-16,15.59,15.59,15.59,15.59,620
2009-01-19,14.93,16.11,14.93,16.11,730
2009-01-20,15.32,15.32,15.32,15.32,70
2009-01-21,14.66,14.66,14.66,14.66,470
2009-01-22,15.32,15.32,15.32,15.32,100
2009-01-23,15.32,15.32,15.19,15.32,1040
2009-02-02,15.98,15.98,15.98,15.98,50
2009-02-03,15.19,16.64,15.19,16.64,5620
2009-02-04,16.64,17.04,15.85,17.04,3230
2009-02-05,16.25,17.3,16.25,17.3,5960
2009-02-06,17.04,17.44,16.51,17.44,9250
2009-02-09,17.44,18.23,17.3,18.23,15270
2009-02-10,17.44,17.7,17.44,17.7,650
2009-02-11,16.91,16.91,16.91,16.91,10
2009-02-12,16.11,17.44,16.11,16.11,420
2009-02-13,16.11,16.11,16.11,16.11,0
2009-02-16,15.85,16.64,15.32,16.64,1150
2009-02-17,17.17,17.17,15.85,15.85,950
2009-02-18,15.06,15.06,15.06,15.06,2040
2009-02-19,14.53,14.53,14.4,14.4,4960
2009-02-20,13.87,13.87,13.74,13.74,2560
2009-02-23,13.21,13.34,13.05,13.05,2560
2009-02-24,12.42,12.81,12.42,12.42,1070
2009-02-25,13.02,13.02,11.81,11.81,2830
2009-02-26,12.15,12.39,11.23,11.25,6900
2009-02-27,10.96,10.99,10.73,10.73,2260
2009-03-02,10.57,11.25,10.2,10.22,7030
2009-03-03,10.57,10.57,9.77,10.04,2680
2009-03-04,10.44,10.54,9.91,9.91,6760
2009-03-05,10.38,10.38,10.38,10.38,1000
2009-03-06,10.88,10.88,10.88,10.88,350
2009-03-09,11.41,11.41,11.41,11.41,210
2009-03-10,11.97,11.97,11.97,11.97,1470
2009-03-11,12.55,12.55,12.42,12.55,3730
2009-03-12,13.16,13.16,12.94,13.08,7280
2009-03-13,13.61,13.61,13.61,13.61,870
2009-03-16,14.27,14.27,14.27,14.27,1060
2009-03-17,14.93,14.93,14.93,14.93,5140
2009-03-18,15.59,15.59,15.59,15.59,4710
2009-03-19,14.93,15.59,14.93,14.93,5430
2009-03-20,14.27,14.27,14.27,14.27,3980
2009-03-23,13.61,13.61,13.61,13.61,1170
2009-03-24,14.27,14.27,14.0,14.0,8610
2009-03-25,13.34,14.27,13.34,13.74,2410
2009-03-26,14.4,14.4,13.74,14.4,4110
2009-03-27,14.79,14.79,13.74,13.74,650
2009-03-30,13.74,13.74,13.05,13.74,2350
2009-03-31,13.74,13.74,13.1,13.1,2710
2009-04-01,13.1,13.74,13.1,13.74,160
2009-04-02,14.27,14.4,13.21,13.74,1680
2009-04-03,14.27,14.27,13.74,14.13,1530
2009-04-07,13.47,14.4,13.47,14.4,2000
2009-04-08,14.4,14.4,14.13,14.13,190
2009-04-09,13.74,14.27,13.47,14.27,600
2009-04-10,14.53,14.53,14.0,14.0,1410
2009-04-13,14.53,14.53,14.0,14.27,7330
2009-04-14,14.79,14.79,14.27,14.27,8370
2009-04-15,13.61,14.27,13.61,13.61,5800
2009-04-16,13.21,13.61,13.1,13.21,6720
2009-04-17,13.47,13.87,13.47,13.87,1920
2009-04-20,13.47,14.27,13.21,13.21,1850
2009-04-21,12.71,13.34,12.71,13.21,1220
2009-04-22,13.87,13.87,13.74,13.74,3280
2009-04-23,13.21,13.87,13.21,13.87,30
2009-04-24,13.08,13.74,13.08,13.08,3360
2009-04-27,13.21,13.47,13.21,13.47,110
2009-04-28,12.89,13.61,12.89,13.47,330
2009-04-29,13.47,13.47,13.21,13.47,440
2009-05-04,13.47,14.0,13.47,14.0,5500
2009-05-05,14.0,14.53,13.34,13.34,26140
2009-05-06,12.81,13.61,12.81,13.61,1360
2009-05-07,13.21,14.0,13.21,13.87,860
2009-05-08,13.34,13.74,13.18,13.74,9310
2009-05-11,13.21,13.47,13.21,13.34,4680
2009-05-12,12.81,13.34,12.76,13.21,5430
2009-05-13,13.61,13.61,13.21,13.47,5870
2009-05-14,13.0,13.61,13.0,13.61,2510
2009-05-15,12.94,13.47,12.94,13.47,10350
2009-05-18,12.94,13.08,12.81,12.94,13830
2009-05-19,12.94,13.47,12.94,13.21,7020
2009-05-20,13.21,13.47,13.21,13.47,1280
2009-05-21,13.47,13.47,12.81,12.94,3150
2009-05-22,12.5,13.47,12.5,13.47,4900
2009-05-25,13.02,13.61,13.02,13.21,4500
2009-05-26,12.94,13.21,12.94,13.08,10210
2009-05-27,13.47,13.47,13.08,13.21,1510
2009-05-28,13.21,13.21,12.97,13.0,1330
2009-05-29,13.13,13.13,12.94,13.05,380
2009-06-01,13.08,13.34,12.94,13.1,2080
2009-06-02,13.34,13.34,13.02,13.02,7450
2009-06-03,12.94,13.02,12.94,12.97,9460
2009-06-04,13.08,13.18,13.02,13.08,16240
2009-06-05,13.61,13.61,13.47,13.61,54580
2009-06-08,14.27,14.27,14.27,14.27,9890
2009-06-09,14.93,14.93,14.79,14.93,17530
2009-06-10,14.27,14.27,14.27,14.27,1860
2009-06-11,13.61,13.61,13.61,14.79,18520
2009-06-12,15.06,15.06,14.13,14.53,8910
2009-06-15,13.87,13.87,13.87,13.87,1370
2009-06-16,13.18,13.18,13.18,13.18,4200
2009-06-17,12.55,13.21,12.55,13.21,14230
2009-06-18,13.61,13.61,12.68,13.47,10840
2009-06-19,13.87,13.87,13.87,13.87,10
2009-06-22,13.18,13.47,13.18,13.18,1420
2009-06-23,12.55,13.1,12.55,13.1,2770
2009-06-24,12.5,13.08,12.5,12.94,7770
2009-06-25,13.13,13.13,12.94,13.0,9520
2009-06-26,12.68,13.13,12.68,13.13,3020
2009-06-29,13.16,13.16,13.08,13.08,810
2009-06-30,12.63,13.18,12.44,12.44,1860
2009-07-01,11.84,11.84,11.84,11.84,2840
2009-07-02,11.62,11.84,11.62,11.62,3720
2009-07-03,11.62,11.7,11.23,11.7,4720
2009-07-06,12.28,12.28,12.28,12.28,830
2009-07-07,12.87,12.87,12.28,12.47,2620
2009-07-08,12.15,12.47,12.15,12.47,290
2009-07-09,12.15,12.42,12.15,12.15,2020
2009-07-10,12.15,12.15,12.15,12.15,370
2009-07-13,12.36,12.76,11.54,11.54,4330
2009-07-14,12.02,12.02,11.62,11.62,2700
2009-07-15,12.02,12.02,11.62,12.02,1430
2009-07-16,12.02,12.42,12.02,12.02,1510
2009-07-17,12.02,12.02,11.47,11.47,2760
2009-07-20,10.96,11.97,10.91,11.97,3510
2009-07-21,11.89,11.94,11.89,11.89,920
2009-07-22,11.31,11.31,11.31,11.31,500
2009-07-23,10.83,11.23,10.83,11.23,5630
2009-07-24,11.78,11.78,11.78,11.78,5220
2009-07-27,12.36,12.36,12.34,12.34,4470
2009-07-28,12.36,12.36,11.76,11.78,2130
2009-07-29,12.36,12.36,12.36,12.36,2560
2009-07-30,11.76,12.23,11.76,12.23,2990
2009-07-31,12.39,12.39,11.89,12.02,7040
2009-08-03,12.02,12.02,11.89,11.89,1330
2009-08-04,11.7,11.7,11.7,11.7,500
2009-08-05,12.02,12.05,12.02,12.02,4340
2009-08-06,11.99,12.02,11.89,11.89,3350
2009-08-07,12.02,12.02,11.36,11.36,5800
2009-08-10,11.91,11.91,11.91,11.91,2690
2009-08-11,11.89,12.42,11.86,12.42,5390
2009-08-12,12.42,12.68,12.42,12.42,9700
2009-08-13,12.47,12.5,12.28,12.28,2150
2009-08-14,12.42,12.42,11.91,12.42,3110
2009-08-17,12.02,12.52,12.02,12.02,2230
2009-08-18,12.02,12.02,11.62,12.02,4730
2009-08-19,11.99,12.26,11.99,12.1,1210
2009-08-20,12.15,12.15,11.89,11.89,3620
2009-08-21,11.89,12.1,11.89,12.1,2130
2009-08-24,12.1,12.1,11.94,12.02,1730
2009-08-25,12.02,12.02,11.65,11.7,1830
2009-08-26,12.26,12.26,11.73,11.73,1980
2009-08-27,11.73,12.26,11.73,12.26,3300
2009-08-28,12.42,12.42,12.02,12.02,1110
2009-08-31,12.02,12.47,11.89,12.02,5820
2009-09-01,11.89,12.36,11.89,11.89,3910
2009-09-03,11.89,12.02,11.76,11.89,5390
2009-09-04,11.91,11.91,11.89,11.91,2050
2009-09-07,11.89,11.91,11.89,11.89,1530
2009-09-08,12.02,12.13,11.65,12.02,2710
2009-09-09,12.02,12.02,11.89,12.02,2460
2009-09-10,12.02,12.02,11.68,12.02,290
2009-09-11,12.02,12.02,11.91,11.91,2830
2009-09-14,11.76,11.91,11.76,11.76,1890
2009-09-15,11.6,11.73,11.52,11.73,3900
2009-09-16,11.62,11.89,11.62,11.89,3810
2009-09-17,12.02,12.02,11.76,11.76,1860
2009-09-18,11.47,11.76,11.47,11.76,2690
2009-09-21,11.89,12.05,11.89,11.89,6490
2009-09-22,11.62,11.89,11.62,11.89,4850
2009-09-23,11.62,12.15,11.62,11.89,4100
2009-09-24,11.89,12.15,11.76,12.15,5250
2009-09-25,11.91,12.42,11.91,12.15,5900
2009-09-28,12.15,12.55,11.54,12.42,8550
2009-09-29,12.55,12.55,12.15,12.55,14210
2009-09-30,12.63,13.16,12.6,13.16,16520
2009-10-01,13.74,13.74,13.21,13.74,25670
2009-10-02,13.87,13.87,13.05,13.05,16100
2009-10-05,12.79,13.05,12.79,12.94,9990
2009-10-06,12.71,12.94,12.68,12.76,6880
2009-10-07,13.21,13.21,12.94,12.94,510
2009-10-08,13.02,13.08,12.76,12.76,2380
2009-10-09,13.21,13.21,13.05,13.05,3270
2009-10-12,13.34,13.47,12.94,13.18,3230
2009-10-13,12.68,12.81,12.68,12.81,4450
2009-10-14,12.81,12.94,12.68,12.71,3580
2009-10-15,13.34,13.34,12.73,12.94,20240
2009-10-16,12.94,13.21,12.81,13.21,1670
2009-10-19,13.21,13.21,12.68,13.21,3580
2009-10-20,13.21,13.34,13.08,13.21,14240
2009-10-21,13.61,13.87,13.47,13.87,48810
2009-10-22,14.53,14.53,14.53,14.53,7400
2009-10-23,15.19,15.19,15.19,15.19,34170
2009-10-26,15.85,15.85,15.85,15.85,13490
2009-10-27,16.64,16.64,16.64,16.64,10760
2009-10-28,17.44,17.44,17.44,17.44,10040
2009-10-29,18.23,18.23,16.78,18.23,84770
2009-10-30,18.23,18.23,17.57,17.57,30750
2009-11-02,16.78,16.78,16.78,16.78,35310
2009-11-03,15.98,15.98,15.98,15.98,8640
2009-11-04,15.32,16.64,15.19,15.19,34770
2009-11-05,14.53,15.85,14.53,15.19,12940
2009-11-06,15.85,15.85,15.85,15.85,32520
2009-11-09,16.64,16.64,16.64,16.64,3560
2009-11-10,16.38,17.44,16.25,17.44,8570
2009-11-11,16.78,17.83,16.64,16.64,5410
2009-11-12,15.98,17.17,15.85,17.17,6020
2009-11-13,16.51,16.64,16.51,16.51,1660
2009-11-16,15.98,16.11,15.72,15.72,44520
2009-11-17,15.59,16.38,15.19,16.38,3600
2009-11-18,17.04,17.04,16.91,17.04,810
2009-11-19,17.04,17.04,16.91,17.04,8860
2009-11-20,16.25,17.17,16.25,16.38,5860
2009-11-23,16.38,16.38,15.85,15.85,4710
2009-11-24,16.38,16.38,15.85,16.38,310
2009-11-25,16.38,16.38,15.59,15.59,3240
2009-11-26,14.93,16.25,14.93,14.93,9610
2009-11-27,14.27,15.59,14.27,15.19,3610
2009-11-30,15.85,15.85,14.66,15.85,8520
2009-12-01,16.64,16.64,16.38,16.64,3770
2009-12-02,16.91,16.91,15.85,15.85,50
2009-12-03,15.06,15.19,15.06,15.06,3490
2009-12-04,14.79,15.32,14.53,15.32,3170
2009-12-07,15.06,15.85,15.06,15.19,1200
2009-12-08,14.53,15.72,14.53,14.53,1590
2009-12-09,15.06,15.06,15.06,15.06,20
2009-12-10,14.4,14.4,14.4,14.4,30
2009-12-11,13.74,14.0,13.74,13.74,3350
2009-12-14,13.74,14.27,13.21,13.74,2150
2009-12-15,13.74,13.74,13.47,13.74,210
2009-12-16,13.21,13.21,13.21,13.21,960
2009-12-17,13.74,13.74,12.94,13.74,2800
2009-12-18,14.27,14.4,14.27,14.4,1570
2009-12-21,15.06,15.06,14.93,15.06,550
2009-12-22,15.06,15.59,14.79,15.45,1960
2009-12-23,15.59,15.59,14.79,15.59,2220
2009-12-24,15.85,15.85,15.06,15.85,520
2009-12-25,16.11,16.38,15.32,16.11,5860
2009-12-28,16.38,16.38,16.11,16.38,1680
2009-12-29,15.59,15.59,15.59,15.59,2760
2009-12-30,15.85,15.85,14.93,15.85,2030
2009-12-31,15.85,16.38,15.59,16.38,4220
2010-01-04,16.38,17.04,16.38,16.38,170
2010-01-05,16.38,16.64,15.72,15.72,3510
2010-01-06,16.25,16.25,15.85,16.25,680
2010-01-07,16.25,16.25,15.59,16.25,450
2010-01-08,16.38,16.38,15.59,16.38,2060
2010-01-11,16.38,16.38,15.59,16.38,3860
2010-01-12,16.25,16.25,15.59,16.25,2390
2010-01-13,15.85,16.25,15.45,16.25,7230
2010-01-14,16.25,16.25,16.25,16.25,730
2010-01-15,15.59,16.25,15.59,16.25,4060
2010-01-18,15.45,15.45,15.45,15.45,1000
2010-01-19,16.11,16.11,15.85,16.11,11260
2010-01-20,16.38,16.64,16.38,16.64,2310
2010-01-21,15.85,15.85,15.85,15.85,1610
2010-01-22,15.32,15.32,15.32,15.32,10
2010-01-25,15.98,15.98,15.98,15.98,210
2010-01-26,15.19,15.98,15.19,15.98,1170
2010-01-27,15.98,15.98,15.98,15.98,100
2010-01-28,15.19,15.19,15.19,15.19,4330
2010-01-29,15.85,15.85,14.53,15.85,2230
2010-02-01,15.85,15.85,15.85,15.85,0
2010-02-02,16.38,16.38,15.85,16.38,250
2010-02-03,15.59,15.59,15.59,15.59,1000
2010-02-04,15.98,15.98,15.19,15.98,5100
2010-02-05,15.59,15.59,15.59,15.59,10
2010-02-08,15.59,15.59,15.32,15.59,740
2010-02-09,15.32,15.85,14.93,15.85,800
2010-02-10,16.11,16.11,16.11,16.11,10
2010-02-11,15.32,15.32,15.32,15.32,640
2010-02-12,15.85,15.85,14.93,15.85,210
2010-02-22,15.85,15.85,15.32,15.85,1010
2010-02-23,15.85,15.85,15.85,15.85,1500
2010-02-24,15.85,15.85,15.59,15.59,40
2010-02-25,15.32,15.32,15.32,15.32,110
2010-02-26,15.32,15.32,15.32,15.32,350
2010-03-01,15.19,15.19,15.19,15.19,1570
2010-03-02,15.06,15.32,14.93,14.93,1550
2010-03-03,15.32,15.32,15.06,15.06,440
2010-03-04,15.06,15.06,15.06,15.06,0
2010-03-05,15.06,15.06,15.06,15.06,780
2010-03-08,15.32,15.32,15.06,15.06,2020
2010-03-09,15.19,15.19,14.53,14.53,4100
2010-03-10,14.66,15.06,14.53,14.53,8990
2010-03-11,14.66,15.06,14.66,15.06,3760
2010-03-12,15.32,15.32,14.93,15.19,5520
2010-03-15,15.19,15.32,15.06,15.19,11000
2010-03-16,15.06,15.06,14.79,14.79,2200
2010-03-17,14.53,14.93,14.53,14.53,2360
2010-03-18,14.53,14.79,14.53,14.79,1260
2010-03-19,14.79,14.93,14.53,14.79,1420
2010-03-22,14.4,15.19,14.4,15.19,1030
2010-03-23,14.53,14.79,14.53,14.53,3200
2010-03-24,14.93,14.93,14.53,14.66,2030
2010-03-25,14.27,14.66,14.27,14.27,1660
2010-03-26,14.93,14.93,14.53,14.93,4310
2010-03-29,15.59,15.59,15.45,15.59,19160
2010-03-30,16.25,16.25,16.25,16.25,19760
2010-03-31,16.25,17.04,16.25,17.04,68910
2010-04-01,17.83,17.83,16.64,17.7,16500
2010-04-02,17.44,18.49,17.44,18.49,39910
2010-04-05,17.83,19.15,17.83,18.49,6700
2010-04-06,17.7,18.49,17.57,18.36,43380
2010-04-07,17.7,18.36,17.7,18.36,31190
2010-04-08,17.96,18.36,17.96,17.96,7390
2010-04-09,17.44,18.36,17.44,17.44,8620
2010-04-12,17.7,17.7,17.17,17.7,13340
2010-04-13,17.57,18.49,17.57,18.49,53300
2010-04-14,18.76,18.76,18.23,18.23,13000
2010-04-15,19.02,19.02,18.49,19.02,8820
2010-04-16,18.76,19.55,18.49,19.28,14710
2010-04-19,20.21,20.21,20.21,20.21,58250
2010-04-20,21.13,21.13,21.13,21.13,40830
2010-04-21,22.19,22.19,22.19,22.19,47390
2010-04-22,22.19,22.19,21.13,21.13,19860
2010-04-26,21.13,21.13,20.21,20.21,18590
2010-04-27,21.0,21.0,20.21,20.21,22240
2010-04-28,19.42,20.34,19.42,19.81,23900
2010-04-29,19.81,19.81,19.02,19.81,26390
2010-05-04,19.22,20.03,19.22,19.62,8500
2010-05-05,20.57,20.57,20.3,20.57,14560
2010-05-06,21.52,21.52,21.52,21.52,15850
2010-05-07,21.65,22.2,21.11,22.2,35930
2010-05-10,21.65,21.65,21.11,21.11,5220
2010-05-11,22.06,22.06,20.44,20.57,2600
2010-05-12,21.11,21.11,20.57,20.57,35020
2010-05-13,21.52,21.52,19.89,21.52,2840
2010-05-14,22.2,22.2,21.65,21.65,3710
2010-05-17,22.74,22.74,20.71,20.71,37170
2010-05-18,21.38,21.38,21.38,21.38,1000
2010-05-19,20.44,21.65,20.44,20.44,7710
2010-05-20,21.11,21.11,19.49,21.11,5010
2010-05-21,20.17,21.11,20.17,21.11,39570
2010-05-24,21.11,21.11,21.11,21.11,1000
2010-05-25,20.84,20.98,20.84,20.98,1150
2010-05-26,21.65,21.92,20.03,21.92,36920
2010-05-27,21.92,22.74,20.84,22.74,6740
2010-05-28,22.87,23.28,22.74,23.28,20050
2010-05-31,22.33,23.14,22.33,23.14,6110
2010-06-01,22.74,23.01,22.74,22.74,20
2010-06-02,22.74,22.74,22.74,22.74,10
2010-06-03,21.65,21.92,21.65,21.65,5550
2010-06-04,21.92,21.92,21.92,21.92,110
2010-06-07,21.92,22.74,21.92,22.74,2010
2010-06-08,21.65,22.74,21.65,22.74,3120
2010-06-09,22.74,22.74,22.74,22.74,0
2010-06-10,22.2,22.2,22.2,22.2,3010
2010-06-11,21.11,21.65,21.11,21.11,4790
2010-06-14,20.3,22.06,20.3,22.06,650
2010-06-15,22.06,22.06,22.06,22.06,10
2010-06-16,23.01,23.01,23.01,23.01,100
2010-06-17,21.92,21.92,21.92,21.92,1160
2010-06-18,20.84,20.98,20.84,20.84,2000
2010-06-21,20.84,20.98,20.84,20.84,500
2010-06-22,21.38,21.65,20.17,21.38,2270
2010-06-23,21.25,21.25,20.44,21.25,9540
2010-06-24,21.25,21.25,20.44,20.44,1490
2010-06-25,20.98,20.98,20.98,20.98,10
2010-06-28,21.79,21.79,21.79,21.79,5000
2010-06-29,21.25,21.25,20.98,21.25,80
2010-06-30,21.25,21.25,21.25,21.25,3000
2010-07-01,20.71,20.71,20.44,20.44,250
2010-07-02,20.98,20.98,20.98,20.98,10
2010-07-05,20.17,21.52,20.17,21.52,3890
2010-07-06,20.57,20.71,20.57,20.57,10060
2010-07-07,19.76,19.76,19.76,19.76,130
2010-07-08,19.76,19.89,19.49,19.49,3390
2010-07-09,20.17,20.17,19.49,20.17,220
2010-07-12,20.17,20.84,20.17,20.84,1020
2010-07-13,20.84,20.84,20.44,20.44,90
2010-07-14,20.84,20.84,19.89,19.89,320
2010-07-15,19.35,20.71,19.22,20.71,9110
2010-07-16,20.71,20.71,20.71,20.71,0
2010-07-19,20.71,20.71,19.76,19.76,350
2010-07-20,19.76,19.76,19.76,19.76,100
2010-07-21,19.08,19.08,19.08,19.08,12000
2010-07-22,19.08,19.89,19.08,19.89,1020
2010-07-23,19.89,19.89,19.89,19.89,0
2010-07-26,19.49,19.49,19.49,19.49,500
2010-07-27,19.62,19.76,19.49,19.62,4650
2010-07-28,19.08,19.22,19.08,19.08,220
2010-07-29,20.03,20.03,18.81,20.03,5240
2010-07-30,20.3,20.3,20.03,20.3,3150
2010-08-02,19.35,19.35,19.35,19.35,230
2010-08-03,18.54,19.35,18.54,18.54,430
2010-08-04,19.22,19.22,17.86,19.22,2870
2010-08-05,18.41,18.41,18.41,18.41,2030
2010-08-06,19.22,19.22,19.22,19.22,4100
2010-08-09,19.62,19.62,19.62,19.62,10
2010-08-10,19.62,19.62,19.62,19.62,0
2010-08-11,19.49,19.49,18.68,19.49,6550
2010-08-12,18.54,18.54,18.54,18.54,1000
2010-08-13,19.35,19.35,18.54,19.35,5520
2010-08-16,19.89,19.89,19.89,19.89,200
2010-08-17,19.76,19.76,19.76,19.76,300
2010-08-18,19.22,19.22,19.22,19.22,10
2010-08-19,19.22,19.22,19.22,19.22,0
2010-08-20,19.22,19.22,19.22,19.22,0
2010-08-23,19.22,19.22,19.22,19.22,0
2010-08-24,19.22,19.22,19.22,19.22,1000
2010-08-25,18.41,18.41,18.27,18.27,3560
2010-08-26,18.95,18.95,17.59,18.95,2480
2010-08-27,18.95,18.95,18.95,18.95,3000
2010-08-30,19.76,19.76,18.68,19.76,5020
2010-08-31,18.81,20.03,18.81,20.03,7010
2010-09-01,20.44,20.44,20.44,20.44,2000
2010-09-06,19.49,19.49,19.49,19.49,2000
2010-09-07,20.03,20.03,20.03,20.03,10
2010-09-08,20.03,20.03,20.03,20.03,0
2010-09-09,20.84,20.84,20.03,20.71,18320
2010-09-10,20.84,20.84,20.71,20.84,9560
2010-09-13,20.84,20.84,20.17,20.84,6220
2010-09-14,21.65,21.65,20.17,21.11,570
2010-09-15,20.57,20.57,20.17,20.17,6050
2010-09-16,19.49,19.49,19.22,19.22,4960
2010-09-17,19.35,19.35,18.27,19.35,5490
2010-09-20,19.89,19.89,19.35,19.89,240
2010-09-21,19.89,19.89,18.95,19.89,920
2010-09-22,19.62,19.76,18.95,19.62,1460
2010-09-23,19.49,19.62,19.49,19.49,6460
2010-09-24,19.35,19.35,18.54,19.35,3290
2010-09-27,19.49,19.49,19.49,19.49,2010
2010-09-28,19.62,19.62,19.62,19.62,5000
2010-09-29,19.62,19.62,18.95,19.62,10100
2010-09-30,19.62,19.62,19.35,19.62,10050
2010-10-01,18.68,20.3,18.68,18.68,40
2010-10-04,19.22,19.22,19.22,19.22,520
2010-10-05,18.68,19.62,18.68,18.68,110
2010-10-06,18.95,19.22,18.54,18.95,320
2010-10-07,19.76,19.76,18.54,18.54,90
2010-10-08,19.22,19.22,19.22,19.22,20
2010-10-11,19.22,19.22,18.27,19.22,1260
2010-10-12,18.95,18.95,18.95,18.95,200
2010-10-13,19.35,19.35,19.35,19.35,10
2010-10-14,18.54,18.54,18.54,18.54,10
2010-10-15,18.0,18.0,18.0,18.0,20
2010-10-18,18.27,18.81,18.27,18.27,2210
2010-10-19,18.68,18.68,18.68,18.68,20
2010-10-20,18.0,18.0,18.0,18.0,2620
2010-10-21,18.68,18.68,17.32,18.68,2410
2010-10-22,17.86,18.95,17.86,17.86,180
2010-10-25,17.86,17.86,17.86,17.86,0
2010-10-26,18.68,18.68,18.14,18.68,1150
2010-10-27,19.22,19.22,19.22,19.22,2210
2010-10-28,18.41,19.22,18.41,18.41,2030
2010-10-29,19.08,19.08,18.95,19.08,2010
2010-11-01,19.08,19.08,19.08,19.08,0
2010-11-02,19.08,19.08,18.68,19.08,2000
2010-11-03,19.08,19.08,18.41,19.08,1400
2010-11-04,19.08,19.08,18.95,19.08,1410
2010-11-05,18.95,19.22,18.41,18.95,1650
2010-11-08,18.95,18.95,18.95,18.95,1000
2010-11-09,18.95,18.95,18.95,18.95,0
2010-11-10,18.95,18.95,18.95,18.95,0
2010-11-11,18.95,18.95,18.95,18.95,0
2010-11-12,18.81,18.81,18.0,18.81,2000
2010-11-15,18.81,18.81,18.81,18.81,0
2010-11-16,18.68,18.68,18.0,18.68,330
2010-11-17,19.22,19.22,19.22,19.22,1000
2010-11-18,19.35,19.35,18.95,19.35,1210
2010-11-19,19.35,19.35,19.35,19.35,0
2010-11-22,19.35,19.35,19.35,19.35,100
2010-11-23,18.41,19.35,18.41,19.35,2200
2010-11-24,19.35,19.35,19.35,19.35,2000
2010-11-25,19.49,19.49,19.49,19.49,1510
2010-11-26,18.54,18.54,18.54,18.54,10
2010-11-29,18.81,19.08,18.54,18.81,2420
2010-11-30,19.22,19.22,18.54,19.22,1610
2010-12-01,19.35,19.35,19.35,19.35,10
2010-12-02,19.35,19.35,19.22,19.35,2020
2010-12-03,19.35,19.35,18.95,19.35,2420
2010-12-06,19.22,19.22,19.22,19.22,510
2010-12-07,18.27,19.35,18.27,19.35,130
2010-12-08,19.49,19.49,18.41,19.49,1050
2010-12-09,19.49,19.49,19.49,19.49,1000
2010-12-10,19.62,19.76,18.54,19.62,2190
2010-12-13,19.62,19.76,18.95,19.62,6050
2010-12-14,18.68,19.08,18.68,18.68,1450
2010-12-15,18.27,19.35,18.27,19.35,960
2010-12-16,18.41,18.54,18.41,18.41,10730
2010-12-17,19.22,19.22,17.86,19.22,570
2010-12-20,18.95,18.95,18.27,18.95,1020
2010-12-21,18.95,18.95,18.27,18.95,3060
2010-12-22,18.81,18.81,18.81,18.81,7000
2010-12-23,19.22,19.22,19.22,19.22,2000
2010-12-24,19.22,19.22,18.95,19.22,2500
2010-12-27,19.22,19.08,19.08,19.08,1000
2010-12-28,19.08,19.08,18.95,19.08,1010
2010-12-29,19.08,19.08,19.08,19.08,5000
2010-12-30,19.08,19.08,19.08,19.08,0
2010-12-31,19.08,18.81,18.14,18.81,2310
2011-01-04,18.81,18.81,18.41,18.81,510
2011-01-05,18.81,18.0,18.0,18.0,320
2011-01-06,18.0,18.41,17.46,18.41,20
2011-01-07,18.41,19.22,17.86,18.54,540
2011-01-10,17.86,18.54,17.86,18.54,610
2011-01-11,18.54,18.54,18.54,18.54,100
2011-01-12,18.95,18.95,18.0,18.0,1130
2011-01-13,18.27,18.27,18.27,18.27,20
2011-01-14,17.86,18.41,17.59,18.41,650
2011-01-17,18.81,18.81,18.81,18.81,500
2011-01-18,18.81,18.81,18.27,18.54,2710
2011-01-19,18.0,18.81,18.0,18.81,1010
2011-01-20,18.27,18.54,18.27,18.54,710
2011-01-21,18.14,18.81,18.14,18.81,1010
2011-01-24,18.54,18.95,18.27,18.95,1020
2011-01-25,18.95,18.95,18.14,18.14,8200
2011-01-26,18.95,18.95,18.95,18.95,510
2011-01-27,18.95,18.95,18.95,18.95,100
2011-01-28,18.95,18.95,18.95,18.95,3000
2011-02-08,18.27,18.27,18.27,18.27,1000
2011-02-09,18.27,18.27,18.27,18.27,0
2011-02-10,18.54,18.54,18.54,18.54,10
2011-02-11,18.54,18.54,18.54,18.54,0
2011-02-14,19.08,19.08,18.68,18.81,4530
2011-02-15,18.81,18.81,18.14,18.81,1110
2011-02-16,18.27,18.81,18.14,18.81,3560
2011-02-17,18.68,18.81,18.27,18.81,5830
2011-02-18,19.62,19.62,18.95,19.35,22950
2011-02-21,19.76,19.76,19.22,19.35,10810
2011-02-22,19.35,19.49,19.22,19.49,9060
2011-02-23,19.49,19.62,18.95,19.49,15310
2011-02-24,20.46,20.46,20.38,20.46,29710
2011-02-25,21.11,21.11,20.46,20.71,7200
2011-02-28,21.11,21.11,20.3,20.3,2030
2011-03-01,19.49,20.3,19.33,19.33,1830
2011-03-02,19.49,19.49,18.43,18.43,1610
2011-03-03,17.7,19.33,17.54,17.54,4560
2011-03-04,16.73,17.87,16.73,16.73,13750
2011-03-07,16.08,17.46,15.92,17.46,6840
2011-03-08,17.87,18.03,17.87,17.87,1430
2011-03-09,18.27,18.35,18.27,18.35,2060
2011-03-10,17.46,19.0,17.46,17.46,16510
2011-03-11,17.46,17.87,16.65,17.54,60680
2011-03-14,17.54,18.35,17.54,18.35,360
2011-03-15,17.46,18.68,17.46,18.6,80
2011-03-16,18.52,18.52,18.52,18.52,1500
2011-03-17,17.62,18.35,17.62,17.62,26850
2011-03-18,16.89,17.05,16.81,16.81,24260
2011-03-21,17.22,17.3,16.16,16.24,7410
2011-03-22,16.4,16.89,16.24,16.4,19180
2011-03-23,17.14,17.14,16.32,16.32,4080
2011-03-24,16.4,16.89,16.24,16.24,1280
2011-03-25,15.92,16.81,15.92,16.81,1810
2011-03-28,17.05,17.05,16.08,16.24,11850
2011-03-29,16.65,16.65,16.0,16.0,5700
2011-03-30,16.0,16.08,16.0,16.0,5000
2011-03-31,16.4,16.4,15.84,16.0,1240
2011-04-01,15.84,16.0,15.75,15.75,8890
2011-04-04,15.84,15.84,15.27,15.84,7300
2011-04-05,16.08,16.08,15.43,15.59,1280
2011-04-06,15.11,15.27,14.86,15.11,15160
2011-04-07,15.27,15.43,15.27,15.43,1040
2011-04-08,15.43,15.51,15.43,15.51,2870
2011-04-13,15.43,15.43,14.94,14.94,3000
2011-04-14,14.7,15.27,14.7,14.7,1130
2011-04-15,15.11,15.11,14.62,14.7,3410
2011-04-18,13.97,14.13,13.97,13.97,7350
2011-04-19,13.81,13.97,13.4,13.97,3850
2011-04-20,13.97,13.97,13.32,13.32,7400
2011-04-21,13.16,13.72,12.67,13.72,3640
2011-04-22,14.13,14.13,13.07,13.4,3770
2011-04-25,13.56,14.05,13.07,13.72,1210
2011-04-26,13.32,13.72,13.32,13.72,2820
2011-04-27,13.72,13.89,13.72,13.89,1390
2011-04-28,13.89,13.89,13.4,13.64,2650
2011-04-29,13.89,13.89,13.89,13.89,110
2011-05-04,13.32,13.56,13.32,13.56,1030
2011-05-05,13.81,13.81,13.4,13.4,4890
2011-05-06,13.64,13.64,13.56,13.56,660
2011-05-09,14.13,14.13,13.4,13.4,1510
2011-05-10,13.72,13.81,13.72,13.81,550
2011-05-11,13.81,13.81,13.81,13.81,1000
2011-05-12,13.4,13.64,13.32,13.64,4540
2011-05-13,13.81,13.81,13.81,13.81,20
2011-05-16,14.29,14.29,13.81,13.81,1040
2011-05-17,13.72,13.72,13.4,13.4,1410
2011-05-18,13.64,13.64,13.64,13.64,1020
2011-05-19,12.99,13.81,12.99,13.81,850
2011-05-20,13.81,13.81,13.24,13.24,1500
2011-05-23,12.67,12.67,12.59,12.67,2540
2011-05-24,12.1,12.1,12.1,12.1,1190
2011-05-25,11.53,11.53,11.53,11.53,610
2011-05-26,10.96,11.94,10.96,11.21,13660
2011-05-27,10.72,10.96,10.72,10.72,16070
2011-05-30,10.23,10.23,10.23,10.23,5640
2011-05-31,9.75,9.75,9.75,9.75,6520
2011-06-01,9.34,10.23,9.26,9.5,24970
2011-06-02,9.91,9.91,9.58,9.91,43140
2011-06-03,10.39,10.39,9.99,10.31,27320
2011-06-06,10.56,10.56,10.39,10.39,100
2011-06-07,10.64,10.64,10.39,10.39,17610
2011-06-08,10.72,10.72,10.15,10.56,4900
2011-06-09,10.56,10.56,10.07,10.15,47200
2011-06-10,10.23,10.64,10.15,10.64,47570
2011-06-13,10.72,11.04,10.64,11.04,11720
2011-06-14,10.64,11.13,10.64,11.04,40220
2011-06-15,10.56,11.04,10.56,10.56,24500
2011-06-16,10.39,10.72,10.39,10.72,3970
2011-06-17,10.31,10.31,10.23,10.23,39580
2011-06-20,10.39,10.39,9.75,10.15,6830
2011-06-21,10.15,10.15,9.75,9.75,10410
2011-06-22,9.75,9.83,9.75,9.75,6640
2011-06-23,9.58,9.99,9.58,9.99,4810
2011-06-24,10.39,10.39,9.58,10.07,2830
2011-06-27,9.66,10.23,9.66,9.66,1300
2011-06-28,9.66,9.91,9.58,9.91,6420
2011-06-29,9.91,9.91,9.66,9.66,1700
2011-06-30,9.5,9.5,9.34,9.34,21960
2011-07-01,9.01,9.58,9.01,9.1,10230
2011-07-04,9.1,9.26,9.1,9.26,3210
2011-07-05,9.58,9.66,9.34,9.5,5950
2011-07-06,9.18,9.26,9.1,9.1,11670
2011-07-07,9.1,9.1,8.69,8.93,4450
2011-07-08,8.93,8.93,8.93,8.93,4590
2011-07-11,9.01,9.1,9.01,9.1,510
2011-07-12,9.18,9.42,8.69,9.42,2000
2011-07-13,9.1,9.1,9.01,9.01,14620
2011-07-14,8.61,8.93,8.61,8.93,20470
2011-07-15,8.53,9.1,8.53,9.1,40070
2011-07-18,8.69,9.5,8.69,9.26,500
2011-07-19,8.85,9.26,8.85,9.18,2970
2011-07-20,8.77,8.93,8.77,8.93,12600
2011-07-21,8.85,8.85,8.85,8.85,330
2011-07-22,8.53,8.53,8.45,8.45,6610
2011-07-25,8.28,8.77,8.12,8.77,7220
2011-07-26,8.36,8.36,8.36,8.36,6870
2011-07-27,8.77,8.77,8.77,8.77,510
2011-07-28,8.93,8.93,8.36,8.36,5950
2011-07-29,8.69,8.69,8.69,8.69,410
2011-08-01,8.36,8.36,8.28,8.28,10980
2011-08-02,8.2,8.2,7.88,7.88,6020
2011-08-03,7.88,7.88,7.8,7.88,730
2011-08-04,7.88,8.12,7.88,8.04,7040
2011-08-05,8.28,8.28,8.28,8.28,20
2011-08-08,7.96,8.28,7.88,7.88,2540
2011-08-09,7.55,7.55,7.55,7.55,1210
2011-08-10,7.8,7.88,7.55,7.8,710
2011-08-11,7.8,7.8,7.71,7.71,2220
2011-08-12,7.71,7.71,7.63,7.63,11700
2011-08-15,7.96,7.96,7.96,7.96,160
2011-08-16,7.96,7.96,7.96,7.96,600
2011-08-17,8.12,8.12,7.88,8.12,2420
2011-08-18,7.71,8.45,7.71,8.45,10340
2011-08-19,8.04,8.04,8.04,8.04,2390
2011-08-22,8.04,8.12,7.8,8.12,10190
2011-08-23,8.12,8.12,7.71,7.71,18190
2011-08-24,7.96,7.96,7.96,7.96,3110
2011-08-25,7.96,8.04,7.88,8.04,450
2011-08-26,8.12,8.12,7.71,8.04,13020
2011-08-29,8.04,8.12,7.8,8.12,8410
2011-08-30,7.8,8.12,7.71,7.88,63870
2011-08-31,7.88,7.88,7.8,7.88,9450
2011-09-01,7.8,7.96,7.55,7.96,56240
2011-09-05,8.04,8.04,7.8,7.88,10760
2011-09-06,7.63,7.88,7.55,7.88,31540
2011-09-07,7.8,7.96,7.55,7.88,76500
2011-09-08,7.96,8.2,7.96,8.04,44720
2011-09-09,8.2,8.36,8.12,8.36,247110
2011-09-12,8.77,8.77,8.77,8.77,3550
2011-09-13,9.18,9.18,9.18,9.18,3300
2011-09-14,9.58,9.58,9.58,9.58,25790
2011-09-15,9.99,9.99,9.58,9.99,378880
2011-09-16,10.48,10.48,10.31,10.48,106880
2011-09-19,10.88,10.88,9.99,10.64,50880
2011-09-20,10.15,10.39,10.15,10.15,26980
2011-09-21,9.75,9.83,9.66,9.66,52940
2011-09-22,9.34,9.75,9.26,9.66,69110
2011-09-23,9.26,9.42,9.26,9.26,43300
2011-09-26,8.93,9.5,8.93,9.1,13000
2011-09-27,8.93,9.26,8.93,9.1,25520
2011-09-28,9.1,9.5,9.1,9.5,74090
2011-09-29,9.66,9.83,9.18,9.18,70230
2011-09-30,9.42,9.42,8.93,9.18,15730
2011-10-03,9.42,9.42,8.77,8.77,21500
2011-10-04,8.61,8.69,8.45,8.69,18800
2011-10-05,8.61,9.01,8.61,8.77,11930
2011-10-06,8.61,9.1,8.61,8.93,34260
2011-10-07,8.93,8.93,8.77,8.85,20000
2011-10-10,8.68,9.11,8.68,8.77,14980
2011-10-11,8.77,8.85,8.68,8.68,9430
2011-10-12,8.51,8.6,8.34,8.43,22320
2011-10-13,8.26,8.77,8.09,8.77,32160
2011-10-14,8.68,8.85,8.51,8.51,3010
2011-10-17,8.68,8.68,8.17,8.17,4890
2011-10-18,8.0,8.17,7.92,7.92,15060
2011-10-19,8.0,8.0,7.92,7.92,4270
2011-10-20,8.17,8.26,7.92,8.17,2270
2011-10-21,8.26,8.43,8.26,8.43,2610
2011-10-24,8.17,8.68,8.17,8.51,11450
2011-10-25,8.17,8.17,8.17,8.17,500
2011-10-26,8.17,8.26,7.92,8.0,7930
2011-10-27,8.09,8.09,8.0,8.0,10070
2011-10-28,7.92,8.34,7.92,8.34,14480
2011-10-31,8.6,8.6,8.17,8.17,19600
2011-11-01,8.17,8.17,7.92,7.92,8350
2011-11-02,7.92,7.92,7.66,7.92,5260
2011-11-03,8.09,8.09,8.09,8.09,20
2011-11-04,8.0,8.0,7.75,7.83,9050
2011-11-07,7.83,7.83,7.66,7.75,6260
2011-11-08,7.49,7.83,7.49,7.49,3850
2011-11-09,7.66,7.75,7.49,7.66,4040
2011-11-10,7.58,7.66,7.32,7.66,8630
2011-11-11,7.49,7.49,7.32,7.49,9060
2011-11-14,7.41,7.49,7.32,7.32,7120
2011-11-15,7.06,7.66,7.06,7.06,15770
2011-11-16,7.23,7.23,7.06,7.06,1420
2011-11-17,7.32,7.32,6.81,6.98,1890
2011-11-18,6.89,6.89,6.64,6.81,15430
2011-11-21,6.55,6.89,6.47,6.64,3300
2011-11-22,6.47,6.64,6.38,6.38,6570
2011-11-23,6.38,6.38,6.13,6.13,11920
2011-11-24,5.96,5.96,5.96,5.96,4000
2011-11-25,6.21,6.21,5.7,6.21,1490
2011-11-28,6.47,6.47,6.3,6.38,1370
2011-11-29,6.3,6.38,6.21,6.38,6270
2011-11-30,6.47,6.47,6.13,6.13,4670
2011-12-01,5.96,6.04,5.87,5.87,20700
2011-12-02,5.7,5.96,5.7,5.79,21390
2011-12-05,6.04,6.04,5.96,6.04,16790
2011-12-06,6.3,6.3,5.79,5.79,12070
2011-12-07,5.7,5.87,5.62,5.87,10180
2011-12-08,5.87,5.87,5.7,5.7,21100
2011-12-09,5.62,5.79,5.45,5.53,23960
2011-12-12,5.35,5.72,5.35,5.72,590
2011-12-13,5.72,5.9,5.44,5.9,7870
2011-12-14,5.99,5.99,5.62,5.62,13660
2011-12-15,5.44,5.53,5.35,5.53,19450
2011-12-16,5.53,5.72,5.53,5.53,2290
2011-12-19,5.35,5.62,5.35,5.35,1630
2011-12-20,5.26,5.53,5.16,5.53,5020
2011-12-21,5.53,5.62,5.44,5.62,1460
2011-12-22,5.35,5.44,5.35,5.35,4150
2011-12-23,5.26,5.44,5.16,5.16,2790
2011-12-26,4.98,5.35,4.98,5.35,8200
2011-12-27,5.44,5.44,5.35,5.44,2240
2011-12-28,5.53,5.62,5.53,5.62,280
2011-12-29,5.62,5.72,5.62,5.62,2660
2011-12-30,5.62,5.72,5.53,5.72,340
2012-01-03,5.99,5.99,5.81,5.81,3240
2012-01-04,5.53,5.81,5.53,5.53,2740
2012-01-05,5.53,5.53,5.53,5.53,1920
2012-01-06,5.53,5.53,5.35,5.35,150
2012-01-09,5.53,5.53,5.26,5.35,3000
2012-01-10,5.53,5.53,5.53,5.53,10
2012-01-11,5.62,5.62,5.53,5.53,3320
2012-01-12,5.62,5.62,5.53,5.53,510
2012-01-13,5.53,5.53,5.53,5.53,1270
2012-01-16,5.53,5.72,5.53,5.72,2920
2012-01-17,5.44,5.44,5.44,5.44,5980
2012-01-18,5.53,5.62,5.53,5.53,1210
2012-01-19,5.81,5.81,5.53,5.53,6620
2012-01-20,5.62,5.72,5.62,5.62,110
2012-01-30,5.81,5.81,5.62,5.81,10640
2012-01-31,5.81,6.09,5.81,6.09,18990
2012-02-01,6.09,6.09,5.81,5.81,14490
2012-02-02,5.81,6.09,5.81,6.09,34220
2012-02-03,6.27,6.36,5.81,5.81,38560
2012-02-06,5.81,5.81,5.53,5.81,4970
2012-02-07,5.99,5.99,5.72,5.81,3800
2012-02-08,5.9,6.09,5.9,6.09,51510
2012-02-09,6.09,6.27,5.99,6.27,21190
2012-02-10,5.99,6.55,5.99,6.09,17150
2012-02-13,5.81,6.18,5.81,6.18,6410
2012-02-14,5.99,6.09,5.9,5.99,13210
2012-02-15,5.99,5.99,5.81,5.9,5360
2012-02-16,5.81,5.81,5.72,5.72,12700
2012-02-17,5.72,5.9,5.72,5.9,2330
2012-02-20,6.18,6.18,6.09,6.18,30000
2012-02-21,6.45,6.45,6.18,6.36,1890
2012-02-22,6.36,6.45,6.27,6.45,6350
2012-02-23,6.55,6.73,6.45,6.55,16150
2012-02-24,6.73,6.82,6.45,6.55,37840
2012-02-27,6.64,6.82,6.45,6.82,65480
2012-02-28,7.01,7.01,6.73,6.82,29920
2012-02-29,6.73,7.01,6.73,6.73,17220
2012-03-01,6.73,6.73,6.55,6.64,6060
2012-03-02,6.73,6.73,6.45,6.55,22440
2012-03-05,6.82,6.82,6.82,6.82,2080
2012-03-06,7.1,7.1,6.92,7.1,67570
2012-03-07,7.28,7.28,6.82,7.1,16200
2012-03-08,6.82,7.28,6.82,6.82,22690
2012-03-09,6.55,6.64,6.55,6.55,12020
2012-03-12,6.55,6.55,6.27,6.45,4040
2012-03-13,6.36,6.55,6.27,6.55,6290
2012-03-14,6.45,6.55,6.45,6.45,5120
2012-03-15,6.45,6.64,6.45,6.64,15280
2012-03-16,6.73,6.92,6.64,6.82,13190
2012-03-19,6.92,6.92,6.55,6.55,3260
2012-03-20,6.55,6.73,6.55,6.64,11700
2012-03-21,6.64,6.92,6.64,6.92,23420
2012-03-22,7.19,7.19,6.92,7.1,3610
2012-03-23,7.1,7.38,7.1,7.38,48460
2012-03-26,7.75,7.75,7.38,7.75,13650
2012-03-27,7.75,7.75,7.38,7.38,17280
2012-03-28,7.1,7.38,7.1,7.28,7500
2012-03-29,7.1,7.19,7.01,7.01,15140
2012-03-30,6.73,7.01,6.73,7.01,2230
2012-04-03,7.19,7.19,6.92,6.92,9390
2012-04-04,7.1,7.1,6.82,6.92,3480
2012-04-05,6.92,7.19,6.92,7.19,810
2012-04-06,7.1,7.19,7.1,7.19,1800
2012-04-09,7.19,7.19,7.01,7.19,7550
2012-04-10,7.19,7.28,7.01,7.19,9150
2012-04-11,7.19,7.38,7.19,7.38,12260
2012-04-12,7.56,7.65,7.38,7.56,41910
2012-04-13,7.56,7.65,7.38,7.65,16770
2012-04-16,7.65,7.93,7.56,7.84,19500
2012-04-17,7.93,8.11,7.84,8.02,14980
2012-04-18,8.21,8.39,8.02,8.39,49450
2012-04-19,8.67,8.67,8.02,8.02,13200
2012-04-20,7.75,8.3,7.65,8.21,7030
2012-04-23,7.93,8.21,7.93,8.21,5370
2012-04-24,8.21,8.21,7.84,8.21,8160
2012-04-25,8.21,8.3,7.84,7.93,17650
2012-04-26,7.93,7.93,7.65,7.93,16010
2012-04-27,7.65,8.11,7.65,8.11,8930
2012-05-02,7.93,8.11,7.84,8.11,18320
2012-05-03,7.84,8.02,7.75,7.93,13100
2012-05-04,8.02,8.3,7.93,8.21,72010
2012-05-07,8.39,8.58,8.39,8.58,44990
2012-05-08,8.94,8.94,8.76,8.94,27970
2012-05-09,9.13,9.22,8.94,9.04,15350
2012-05-10,9.22,9.22,8.67,8.67,29970
2012-05-11,8.94,8.94,8.3,8.39,38240
2012-05-14,8.48,8.48,8.02,8.02,20010
2012-05-15,7.75,8.3,7.65,7.65,15190
2012-05-16,7.65,7.65,7.38,7.38,1200
2012-05-17,7.56,7.75,7.38,7.75,2520
2012-05-18,7.75,7.75,7.38,7.75,8940
2012-05-21,7.75,8.11,7.75,8.11,12980
2012-05-22,8.39,8.39,7.93,8.3,16880
2012-05-23,8.3,8.3,8.02,8.02,5460
2012-05-24,7.75,8.3,7.75,7.75,3960
2012-05-25,7.84,8.11,7.84,8.11,9250
2012-05-28,8.3,8.3,7.75,7.75,3230
2012-05-29,7.75,8.11,7.75,8.11,1690
2012-05-30,8.11,8.11,8.11,8.11,200
2012-05-31,7.84,8.11,7.75,8.11,2010
2012-06-01,8.11,8.11,8.11,8.11,10
2012-06-04,7.75,7.75,7.75,7.75,1200
2012-06-05,7.84,7.84,7.38,7.65,3620
2012-06-06,7.75,7.75,7.75,7.75,520
2012-06-07,8.02,8.11,7.84,8.11,1030
2012-06-08,8.3,8.3,8.11,8.11,680
2012-06-11,8.11,8.11,7.75,8.11,8210
2012-06-12,7.75,7.75,7.75,7.75,5050
2012-06-13,7.65,7.75,7.47,7.47,100
2012-06-14,7.84,7.84,7.75,7.75,3000
2012-06-15,7.75,7.75,7.75,7.75,0
2012-06-18,7.93,7.93,7.75,7.93,2700
2012-06-19,7.56,7.56,7.56,7.56,170
2012-06-20,7.56,7.75,7.56,7.75,1010
2012-06-21,7.47,7.84,7.47,7.84,4090
2012-06-22,7.65,7.65,7.65,7.65,1110
2012-06-25,7.65,7.65,7.38,7.38,12000
2012-06-26,7.56,7.56,7.56,7.56,40
2012-06-27,7.38,7.38,7.38,7.38,1220
2012-06-28,7.19,7.19,7.19,7.19,4440
2012-06-29,7.38,7.38,7.38,7.38,430
2012-07-02,7.65,7.65,7.65,7.65,10
2012-07-03,7.28,7.28,7.28,7.28,10
2012-07-04,7.28,7.28,7.28,7.28,100
2012-07-05,7.28,7.28,7.28,7.28,100
2012-07-06,7.28,7.28,7.28,7.28,0
2012-07-09,7.01,7.01,7.01,7.01,340
2012-07-10,6.92,7.01,6.92,7.01,2950
2012-07-11,7.1,7.1,7.1,7.1,5320
2012-07-12,6.82,7.01,6.82,7.01,270
2012-07-13,7.01,7.1,7.01,7.1,4160
2012-07-16,6.82,6.82,6.82,6.82,3240
2012-07-17,6.73,6.73,6.73,6.73,5910
2012-07-18,6.73,6.92,6.73,6.92,1530
2012-07-19,7.01,7.19,7.01,7.19,5850
2012-07-20,7.47,7.47,7.28,7.28,1610
2012-07-23,7.56,7.56,7.56,7.56,100
2012-07-24,7.38,7.47,7.19,7.19,420
2012-07-25,7.1,7.1,7.1,7.1,1000
2012-07-26,7.01,7.28,7.01,7.28,1530
2012-07-27,7.1,7.1,7.1,7.1,2000
2012-07-30,7.1,7.1,7.1,7.1,0
2012-07-31,7.1,7.1,7.01,7.01,3100
2012-08-01,6.92,7.01,6.73,6.73,5690
2012-08-02,6.92,6.92,6.92,6.92,3310
2012-08-03,6.92,6.92,6.73,6.73,1550
2012-08-06,6.92,7.01,6.92,7.01,550
2012-08-07,6.82,6.92,6.82,6.92,900
2012-08-08,6.82,6.82,6.82,6.82,5000
2012-08-09,6.82,6.82,6.82,6.82,3360
2012-08-10,6.82,6.82,6.82,6.82,2170
2012-08-13,6.55,6.64,6.55,6.64,1590
2012-08-14,6.64,6.64,6.55,6.64,3900
2012-08-15,6.64,6.64,6.64,6.64,2000
2012-08-16,6.73,6.82,6.73,6.82,1600
2012-08-17,6.73,6.73,6.55,6.55,7160
2012-08-20,6.55,6.64,6.55,6.64,580
2012-08-21,6.45,6.45,6.36,6.36,5460
2012-08-22,6.09,6.09,6.09,6.09,6190
2012-08-23,5.81,5.81,5.81,5.81,9610
2012-08-24,5.53,5.99,5.53,5.99,3700
2012-08-27,6.27,6.27,6.27,6.27,2000
2012-08-28,5.99,5.99,5.99,5.99,10050
2012-08-29,6.09,6.09,5.9,5.99,1790
2012-08-30,5.99,5.99,5.99,5.99,380
2012-08-31,6.09,6.09,6.09,6.09,60
2012-09-04,6.18,6.18,6.18,6.18,20
2012-09-05,6.27,6.27,6.09,6.09,70
2012-09-06,5.9,6.09,5.9,6.09,50
2012-09-07,6.27,6.27,6.09,6.09,1310
2012-09-10,6.09,6.09,6.09,6.09,0
2012-09-11,6.09,6.09,6.09,6.09,0
2012-09-12,6.18,6.27,6.18,6.18,1500
2012-09-13,6.18,6.18,6.18,6.18,0
2012-09-14,6.27,6.27,6.27,6.27,30
2012-09-17,6.27,6.27,6.27,6.27,20
2012-09-18,6.27,6.27,6.27,6.27,0
2012-09-19,6.09,6.18,6.09,6.18,3590
2012-09-20,6.18,6.18,6.18,6.18,0
2012-09-21,6.18,6.18,6.18,6.18,0
2012-09-24,6.09,6.09,6.09,6.09,10
2012-09-25,6.09,6.09,6.09,6.09,0
2012-09-26,6.18,6.18,6.18,6.18,130
2012-09-27,6.18,6.18,6.18,6.18,0
2012-09-28,6.18,6.18,6.18,6.18,0
2012-10-01,5.9,5.9,5.9,5.9,1000
2012-10-02,5.72,5.72,5.62,5.62,2600
2012-10-03,5.62,5.62,5.62,5.62,0
2012-10-04,5.72,5.9,5.72,5.9,30
2012-10-05,5.62,5.9,5.62,5.9,1080
2012-10-08,5.9,5.9,5.9,5.9,0
2012-10-09,5.99,5.99,5.99,5.99,10
2012-10-10,5.99,5.99,5.99,5.99,0
2012-10-11,6.09,6.09,6.09,6.09,60
2012-10-12,6.09,6.09,6.09,6.09,10
2012-10-15,5.81,5.81,5.81,5.81,1000
2012-10-16,5.81,5.81,5.81,5.81,0
2012-10-17,5.53,5.53,5.53,5.53,1810
2012-10-18,5.53,5.53,5.53,5.53,1750
2012-10-19,5.53,5.53,5.53,5.53,0
2012-10-22,5.53,5.53,5.53,5.53,0
2012-10-23,5.26,5.81,5.26,5.81,2010
2012-10-24,5.81,5.81,5.81,5.81,0
2012-10-25,5.53,5.53,5.53,5.53,10
2012-10-26,5.53,5.53,5.53,5.53,0
2012-10-29,5.81,5.81,5.35,5.81,90
2012-10-30,5.53,5.81,5.53,5.81,560
2012-10-31,5.99,5.99,5.99,5.99,100
2012-11-01,5.99,5.99,5.99,5.99,0
2012-11-02,5.99,5.99,5.99,5.99,0
2012-11-05,5.72,5.72,5.72,5.72,2950
2012-11-06,5.44,5.44,5.44,5.44,1050
2012-11-07,5.26,5.62,5.26,5.62,20
2012-11-08,5.35,5.81,5.35,5.81,1730
2012-11-09,5.9,5.9,5.53,5.9,70
2012-11-12,6.09,6.09,6.09,6.09,10
2012-11-13,6.09,6.09,6.09,6.09,0
2012-11-14,6.09,6.09,6.09,6.09,0
2012-11-15,5.99,6.09,5.99,5.99,5510
2012-11-16,5.81,5.81,5.81,5.81,200
2012-11-19,5.81,5.81,5.81,5.81,0
2012-11-20,5.53,5.99,5.53,5.99,1660
2012-11-21,5.72,5.72,5.72,5.72,1050
2012-11-22,5.62,5.72,5.53,5.53,170
2012-11-23,5.72,5.72,5.72,5.72,10
2012-11-26,5.44,5.44,5.44,5.44,40
2012-11-27,5.62,5.62,5.26,5.62,180
2012-11-28,5.53,5.53,5.53,5.53,970
2012-11-29,5.53,5.53,5.44,5.44,2430
2012-11-30,5.62,5.62,5.26,5.26,540
2012-12-03,5.44,5.44,5.07,5.07,1310
2012-12-04,5.16,5.16,5.16,5.16,1030
2012-12-05,5.35,5.35,5.16,5.35,1880
2012-12-06,5.35,5.53,5.16,5.53,5120
2012-12-07,5.72,5.72,5.72,5.72,20
2012-12-10,5.72,5.72,5.72,5.72,10
2012-12-11,5.62,5.62,5.62,5.62,20
2012-12-12,5.72,5.72,5.72,5.72,2000
2012-12-13,5.44,5.44,5.44,5.44,1500
2012-12-14,5.26,5.44,5.26,5.44,2990
2012-12-17,5.44,5.44,5.35,5.35,2200
2012-12-18,5.35,5.35,5.35,5.35,0
2012-12-19,5.44,5.44,5.44,5.44,2100
2012-12-20,5.62,5.62,5.62,5.62,23520
2012-12-21,5.53,5.53,5.53,5.53,30
2012-12-24,5.53,5.72,5.53,5.72,1810
2012-12-25,5.72,5.72,5.72,5.72,4650
2012-12-26,5.44,5.72,5.44,5.72,2580
2012-12-27,5.72,5.72,5.72,5.72,2950
2012-12-28,5.72,5.72,5.72,5.72,3300
2013-01-02,5.72,5.81,5.72,5.81,2260
2013-01-03,5.81,5.81,5.81,5.81,5510
2013-01-04,5.81,5.81,5.62,5.81,21590
2013-01-07,5.53,5.99,5.53,5.81,13210
2013-01-08,5.81,5.9,5.72,5.81,22540
2013-01-09,5.9,6.09,5.9,5.99,14300
2013-01-10,5.95,6.04,5.95,6.04,1530
2013-01-11,5.95,6.04,5.75,5.75,2620
2013-01-14,5.75,5.75,5.75,5.75,0
2013-01-15,5.85,6.14,5.85,6.14,3900
2013-01-16,6.23,6.43,6.23,6.23,12690
2013-01-17,6.23,6.23,5.95,5.95,10450
2013-01-18,5.95,5.95,5.95,5.95,0
2013-01-21,6.33,6.33,6.33,6.33,8360
2013-01-22,6.71,6.71,6.71,6.71,32780
2013-01-23,6.81,6.81,6.52,6.52,2820
2013-01-24,6.14,6.81,6.14,6.81,7740
2013-01-25,6.52,6.71,6.52,6.71,5310
2013-01-28,6.52,6.52,6.43,6.52,6300
2013-01-29,6.23,6.23,6.23,6.23,3000
2013-01-30,6.23,6.43,6.23,6.43,3160
2013-01-31,6.43,6.43,6.14,6.14,11130
2013-02-01,6.04,6.14,6.04,6.14,2500
2013-02-04,6.43,6.52,6.43,6.52,6920
2013-02-05,6.52,6.52,6.52,6.52,2660
2013-02-06,6.52,6.52,6.52,6.52,3010
2013-02-07,6.33,6.52,6.33,6.52,510
2013-02-08,6.52,6.52,6.23,6.52,15000
2013-02-18,6.9,6.9,6.9,6.9,1970
2013-02-19,6.9,6.9,6.62,6.9,12610
2013-02-20,6.9,6.9,6.81,6.81,3360
2013-02-21,6.71,6.81,6.62,6.62,15040
2013-02-22,6.62,6.62,6.62,6.62,10
2013-02-25,6.52,6.52,6.52,6.52,980
2013-02-26,6.23,6.23,6.23,6.23,2200
2013-02-27,6.52,6.52,6.52,6.52,510
2013-02-28,6.52,6.52,6.33,6.33,2990
2013-03-01,6.33,6.33,6.23,6.33,1840
2013-03-04,6.14,6.23,5.95,6.23,6270
2013-03-05,5.95,6.14,5.85,5.85,8430
2013-03-06,5.75,6.23,5.75,6.23,340
2013-03-07,6.23,6.23,5.95,6.04,1720
2013-03-08,6.23,6.23,5.85,6.14,1110
2013-03-11,6.14,6.14,5.95,6.04,3560
2013-03-12,6.23,6.23,6.04,6.04,170
2013-03-13,6.14,6.14,5.95,6.14,1090
2013-03-14,6.14,6.14,6.14,6.14,0
2013-03-15,5.95,5.95,5.95,5.95,710
2013-03-18,5.85,6.14,5.75,6.14,4210
2013-03-19,6.14,6.14,6.14,6.14,0
2013-03-20,5.95,6.23,5.95,6.23,1210
2013-03-21,6.23,6.23,6.23,6.23,0
2013-03-22,6.23,6.23,6.23,6.23,300
2013-03-25,6.23,6.23,6.23,6.23,0
2013-03-26,6.14,6.14,5.85,6.14,3370
2013-03-27,6.14,6.14,6.14,6.14,0
2013-03-28,5.95,5.95,5.95,5.95,1100
2013-03-29,5.75,5.85,5.75,5.75,1700
2013-04-01,5.75,6.14,5.75,6.14,7840
2013-04-02,6.14,6.14,6.14,6.14,1990
2013-04-03,5.95,5.95,5.95,5.95,1000
2013-04-04,6.04,6.04,6.04,6.04,10
2013-04-05,6.33,6.33,5.75,6.04,3700
2013-04-08,6.04,6.04,6.04,6.04,50
2013-04-09,5.85,6.04,5.85,5.85,1900
2013-04-10,5.85,5.85,5.85,5.85,2530
2013-04-11,5.85,5.85,5.85,5.85,2000
2013-04-12,5.75,5.95,5.75,5.95,1050
2013-04-15,5.66,5.95,5.66,5.95,20
2013-04-16,5.95,5.95,5.95,5.95,0
2013-04-17,5.95,5.95,5.95,5.95,410
2013-04-18,5.95,5.95,5.95,5.95,0
2013-04-22,5.95,5.95,5.95,5.95,20
2013-04-23,5.75,5.75,5.75,5.75,510
2013-04-24,5.75,5.75,5.66,5.75,1480
2013-04-25,5.75,5.75,5.75,5.75,80
2013-04-26,5.75,5.75,5.75,5.75,0
2013-05-02,5.75,5.75,5.75,5.75,5640
2013-05-03,5.75,5.75,5.75,5.75,1390
2013-05-06,5.75,5.85,5.75,5.85,60
2013-05-07,5.85,5.85,5.85,5.85,100
2013-05-08,6.0,6.0,6.0,6.0,800
2013-05-09,6.0,6.0,6.0,6.0,0
2013-05-10,6.0,6.0,6.0,6.0,750
2013-05-13,5.9,5.9,5.9,5.9,180
2013-05-14,5.9,5.9,5.9,5.9,0
2013-05-15,5.8,5.8,5.7,5.7,3000
2013-05-16,5.7,5.7,5.7,5.7,3030
2013-05-17,5.8,5.9,5.8,5.8,7700
2013-05-20,5.6,6.1,5.4,6.1,940
2013-05-21,6.2,6.2,6.0,6.1,740
2013-05-22,6.1,6.2,5.7,6.0,3370
2013-05-23,5.8,5.8,5.8,5.8,10
2013-05-24,5.8,5.8,5.7,5.8,3030
2013-05-27,6.0,6.0,6.0,6.0,1850
2013-05-28,6.0,6.0,5.8,5.8,1140
2013-05-29,5.8,6.2,5.6,6.2,3590
2013-05-30,6.2,6.2,5.9,6.2,2210
2013-05-31,6.2,6.2,6.0,6.0,7480
2013-06-03,6.2,6.2,6.2,6.2,600
2013-06-04,6.0,6.2,6.0,6.2,1650
2013-06-05,6.0,6.1,6.0,6.1,1580
2013-06-06,6.0,6.1,6.0,6.0,680
2013-06-07,6.0,6.0,6.0,6.0,4510
2013-06-10,6.1,6.1,6.1,6.1,4000
2013-06-11,6.1,6.1,6.1,6.1,0
2013-06-12,6.1,6.1,6.0,6.0,2510
2013-06-13,6.0,6.2,6.0,6.2,2210
2013-06-14,6.2,6.2,6.2,6.2,60
2013-06-17,6.0,6.0,5.8,5.8,410
2013-06-18,6.0,6.0,6.0,6.0,2630
2013-06-19,6.0,6.2,5.9,6.2,3000
2013-06-20,6.2,6.2,6.2,6.2,0
2013-06-21,6.2,6.2,6.1,6.2,5980
2013-06-24,6.0,6.0,6.0,6.0,400
2013-06-25,5.8,5.8,5.8,5.8,1200
2013-06-26,5.8,5.8,5.8,5.8,0
2013-06-27,5.4,5.4,5.4,5.4,190
2013-06-28,5.7,5.7,5.7,5.7,100
2013-07-01,6.0,6.0,6.0,6.0,1470
2013-07-02,6.3,6.3,6.3,6.3,230
2013-07-03,6.3,6.3,6.3,6.3,440
2013-07-04,6.3,6.3,6.3,6.3,0
2013-07-05,6.3,6.3,6.3,6.3,0
2013-07-08,6.0,6.0,6.0,6.0,3130
2013-07-09,6.3,6.3,6.2,6.2,20
2013-07-10,6.2,6.2,6.2,6.2,10
2013-07-11,6.0,6.1,6.0,6.1,2280
2013-07-12,6.0,6.0,6.0,6.0,20
2013-07-15,6.3,6.4,6.3,6.4,1420
2013-07-16,6.4,6.4,6.0,6.0,5950
2013-07-17,6.2,6.2,6.2,6.2,120
2013-07-18,6.0,6.0,6.0,6.0,4790
2013-07-19,6.2,6.2,6.2,6.2,100
2013-07-22,5.8,6.5,5.8,6.5,70
2013-07-23,6.1,6.2,6.1,6.2,410
2013-07-24,6.2,6.2,6.2,6.2,1500
2013-07-25,6.0,6.0,6.0,6.0,10
2013-07-26,6.0,6.0,6.0,6.0,0
2013-07-29,5.6,6.3,5.6,5.8,490
2013-07-30,5.8,5.8,5.7,5.7,50
2013-07-31,5.8,5.9,5.8,5.9,2400
2013-08-01,5.9,5.9,5.9,5.9,2330
2013-08-02,5.9,5.9,5.9,5.9,0
2013-08-05,5.9,5.9,5.9,5.9,0
2013-08-06,5.9,6.1,5.6,5.6,160
2013-08-07,5.9,5.9,5.9,5.9,50
2013-08-08,5.6,5.6,5.6,5.6,3710
2013-08-09,5.6,5.6,5.6,5.6,0
2013-08-12,5.6,5.9,5.6,5.9,1070
2013-08-13,5.6,5.6,5.6,5.6,2430
2013-08-14,5.9,5.9,5.6,5.6,20
2013-08-15,5.9,5.9,5.9,5.9,10
2013-08-16,5.9,5.9,5.9,5.9,0
2013-08-19,5.9,5.9,5.9,5.9,0
2013-08-20,5.9,5.9,5.9,5.9,170
2013-08-21,5.9,6.0,5.9,6.0,220
2013-08-22,6.0,6.0,6.0,6.0,400
2013-08-23,5.8,5.8,5.8,5.8,1000
2013-08-26,6.1,6.1,6.1,6.1,10
2013-08-27,6.1,6.1,6.1,6.1,0
2013-08-28,5.8,6.0,5.8,6.0,510
2013-08-29,6.0,6.0,6.0,6.0,0
2013-08-30,6.0,6.0,6.0,6.0,0
2013-09-03,6.3,6.3,6.3,6.3,10
2013-09-04,6.3,6.3,6.3,6.3,0
2013-09-05,6.0,6.0,6.0,6.0,3000
2013-09-06,5.7,6.0,5.7,6.0,5100
2013-09-09,5.9,5.9,5.9,5.9,540
2013-09-10,5.6,5.6,5.6,5.6,2000
2013-09-11,5.7,5.7,5.7,5.7,40
2013-09-12,5.7,5.7,5.7,5.7,1000
2013-09-13,5.7,5.7,5.7,5.7,390
2013-09-16,5.9,5.9,5.9,5.9,10
2013-09-17,5.9,5.9,5.9,5.9,0
2013-09-18,5.9,5.9,5.9,5.9,0
2013-09-19,5.9,5.9,5.9,5.9,0
2013-09-20,5.9,5.9,5.9,5.9,0
2013-09-23,5.9,5.9,5.9,5.9,0
2013-09-24,5.7,5.7,5.7,5.7,190
2013-09-25,5.7,5.7,5.7,5.7,0
2013-09-26,5.9,6.0,5.8,5.8,1650
2013-09-27,5.8,5.8,5.4,5.8,750
2013-09-30,5.7,5.7,5.7,5.7,500
2013-10-01,5.6,5.8,5.4,5.4,7880
2013-10-02,5.7,5.7,5.7,5.7,3540
2013-10-03,5.5,5.5,5.5,5.5,500
2013-10-04,5.8,5.8,5.8,5.8,100
2013-10-07,5.8,5.8,5.8,5.8,0
2013-10-08,5.8,5.8,5.8,5.8,30
2013-10-09,5.7,5.7,5.7,5.7,700
2013-10-10,6.0,6.0,6.0,6.0,10
2013-10-11,5.9,5.9,5.9,5.9,10
2013-10-14,5.9,5.9,5.9,5.9,1010
2013-10-15,5.9,5.9,5.9,5.9,0
2013-10-16,5.8,5.8,5.8,5.8,800
2013-10-17,5.8,5.8,5.8,5.8,550
2013-10-18,5.9,5.9,5.9,5.9,10
2013-10-21,5.9,5.9,5.8,5.8,470
2013-10-22,6.0,6.0,6.0,6.0,100
2013-10-23,6.0,6.0,5.8,5.9,2120
2013-10-24,5.8,5.8,5.8,5.8,1000
2013-10-25,5.9,5.9,5.9,5.9,100
2013-10-28,5.9,5.9,5.9,5.9,0
2013-10-29,5.8,5.8,5.8,5.8,100
2013-10-30,5.8,5.8,5.8,5.8,1000
2013-10-31,5.8,5.8,5.8,5.8,0
2013-11-01,5.8,5.8,5.8,5.8,0
2013-11-04,6.0,6.0,6.0,6.0,10
2013-11-05,6.1,6.2,6.1,6.1,10290
2013-11-06,6.0,6.0,6.0,6.0,10
2013-11-07,6.2,6.2,5.8,5.8,2100
2013-11-08,6.0,6.0,6.0,6.0,500
2013-11-11,6.2,6.2,6.2,6.2,100
2013-11-12,6.0,6.2,6.0,6.2,11940
2013-11-13,6.2,6.3,6.2,6.3,5440
2013-11-14,6.2,6.3,6.2,6.2,7130
2013-11-15,6.5,6.5,6.5,6.5,100
2013-11-18,6.5,6.7,6.5,6.7,14860
2013-11-19,6.8,7.0,6.7,7.0,19780
2013-11-20,7.2,7.2,7.2,7.2,13500
2013-11-21,7.2,7.2,7.2,7.2,5000
2013-11-22,7.2,7.2,7.2,7.2,0
2013-11-25,7.2,7.2,7.2,7.2,0
2013-11-26,6.8,6.8,6.8,6.8,4000
2013-11-27,7.0,7.2,7.0,7.2,270
2013-11-28,6.8,6.8,6.8,6.8,1950
2013-11-29,6.5,7.0,6.5,7.0,1500
2013-12-02,7.0,7.0,7.0,7.0,0
2013-12-03,7.0,7.0,7.0,7.0,0
2013-12-04,6.7,6.9,6.7,6.7,2890
2013-12-05,6.7,6.7,6.7,6.7,300
2013-12-06,6.7,6.7,6.7,6.7,1900
2013-12-09,6.7,6.7,6.6,6.6,2250
2013-12-10,6.5,6.5,6.2,6.2,11550
2013-12-11,6.0,6.0,5.8,5.9,32190
2013-12-12,6.3,6.3,5.9,6.1,4070
2013-12-13,6.1,6.1,6.1,6.1,4010
2013-12-16,6.0,6.0,5.9,5.9,160
2013-12-17,5.9,6.1,5.9,6.1,2160
2013-12-18,6.1,6.1,6.1,6.1,1040
2013-12-19,6.2,6.4,6.2,6.4,1520
2013-12-20,6.1,6.3,6.1,6.2,8320
2013-12-23,6.5,6.5,6.3,6.3,1880
2013-12-24,6.3,6.3,6.3,6.3,430
2013-12-25,6.3,6.3,6.3,6.3,1000
2013-12-26,6.3,6.4,6.1,6.4,2190
2013-12-27,6.6,6.6,6.3,6.5,2020
2013-12-30,6.2,6.4,6.1,6.2,6070
2013-12-31,5.8,6.5,5.8,6.5,1510
2014-01-02,6.5,6.5,6.5,6.5,0
2014-01-03,6.5,6.5,6.5,6.5,0
2014-01-06,6.3,6.3,6.1,6.3,6490
2014-01-07,6.2,6.2,6.2,6.2,2000
2014-01-08,6.2,6.4,6.2,6.4,3010
2014-01-09,6.4,6.4,6.1,6.4,7270
2014-01-10,6.4,6.4,6.2,6.2,7200
2014-01-13,6.2,6.2,6.2,6.2,4000
2014-01-14,6.2,6.3,6.2,6.3,13100
2014-01-15,6.2,6.3,6.2,6.3,1600
2014-01-16,6.2,6.3,6.2,6.3,1400
2014-01-17,6.3,6.3,6.3,6.3,2000
2014-01-20,6.3,6.3,6.2,6.2,1550
2014-01-21,6.2,6.2,6.2,6.2,560
2014-01-22,6.0,6.2,5.9,6.2,1450
2014-01-23,5.9,5.9,5.9,5.9,1000
2014-01-24,6.2,6.2,6.2,6.2,100
2014-01-27,6.5,6.5,6.5,6.5,20
2014-02-06,6.5,6.5,6.5,6.5,0
2014-02-07,6.5,6.5,6.5,6.5,2000
2014-02-10,6.1,6.5,6.1,6.5,50
2014-02-11,6.1,6.6,6.1,6.6,550
2014-02-12,6.4,6.6,6.3,6.6,4290
2014-02-13,6.7,6.7,6.4,6.6,210
2014-02-14,6.5,6.5,6.4,6.4,4130
2014-02-17,6.2,6.3,6.2,6.3,5560
2014-02-18,6.4,6.7,6.4,6.7,49600
2014-02-19,7.1,7.1,7.1,7.1,11500
2014-02-20,7.5,7.5,7.3,7.5,73040
2014-02-21,7.7,7.7,7.3,7.3,36140
2014-02-24,7.3,7.3,6.8,7.3,18810
2014-02-25,7.4,7.6,7.4,7.6,47510
2014-02-26,7.6,8.1,7.6,8.1,56130
2014-02-27,8.5,8.6,8.4,8.6,65700
2014-02-28,9.0,9.2,9.0,9.2,95660
2014-03-03,9.3,9.3,8.7,9.0,40890
2014-03-04,8.6,8.8,8.6,8.8,43840
2014-03-05,8.8,9.1,8.8,9.0,24120
2014-03-06,8.9,9.6,8.9,9.6,24080
2014-03-07,9.1,9.2,9.0,9.0,25490
2014-03-10,8.6,9.3,8.6,8.7,6710
2014-03-11,8.7,8.7,8.6,8.6,18420
2014-03-12,8.6,8.6,8.5,8.6,4720
2014-03-13,8.6,8.6,8.4,8.5,360
2014-03-14,8.4,8.4,8.0,8.2,61530
2014-03-17,8.6,8.7,8.2,8.7,12010
2014-03-18,8.7,8.7,8.2,8.5,6200
2014-03-19,8.6,9.0,8.6,9.0,34670
2014-03-20,8.9,9.0,8.6,8.8,3750
2014-03-21,8.6,8.8,8.6,8.7,10600
2014-03-24,8.7,9.1,8.7,9.0,13770
2014-03-25,9.1,9.1,8.8,8.8,27880
2014-03-26,8.6,8.9,8.5,8.8,10620
2014-03-27,8.6,8.6,8.6,8.6,6340
2014-03-28,8.7,8.9,8.6,8.6,18930
2014-03-31,8.9,8.9,8.4,8.4,430
2014-04-01,8.6,8.6,8.1,8.1,6090
2014-04-02,8.3,8.4,7.7,7.7,7750
2014-04-03,7.4,7.7,7.2,7.2,6340
2014-04-04,7.7,7.7,7.3,7.7,1330
2014-04-07,8.2,8.2,7.9,8.2,2850
2014-04-08,8.2,8.2,7.9,8.0,830
2014-04-10,8.2,8.2,7.8,7.8,1530
2014-04-11,8.3,8.3,7.7,7.8,6050
2014-04-14,7.8,7.8,7.8,7.8,0
2014-04-15,7.8,7.8,7.8,7.8,40
2014-04-16,7.4,7.8,7.4,7.8,9760
2014-04-17,8.0,8.0,7.5,7.8,5550
2014-04-18,7.4,7.4,7.4,7.4,110
2014-04-21,7.0,7.8,6.9,6.9,1070
2014-04-22,7.0,7.3,6.5,7.2,2020
2014-04-23,7.6,7.6,7.3,7.4,4760
2014-04-24,7.6,7.6,7.6,7.6,10
2014-04-25,7.5,7.7,7.5,7.5,520
2014-04-28,7.5,7.5,7.5,7.5,60
2014-04-29,7.5,7.5,7.2,7.2,230
2014-05-05,7.2,7.2,7.2,7.2,0
2014-05-06,7.3,7.3,6.7,7.0,1560
2014-05-07,6.6,6.6,6.6,6.6,90
2014-05-08,7.0,7.0,6.2,6.2,4030
2014-05-09,6.5,6.5,6.5,6.5,60
2014-05-12,6.7,6.7,6.7,6.7,1000
2014-05-13,6.7,6.7,6.3,6.3,240
2014-05-14,6.3,6.3,6.3,6.3,1020
2014-05-15,6.3,6.3,5.9,6.3,5180
2014-05-16,6.4,6.7,6.0,6.7,7020
2014-05-19,6.4,6.6,6.4,6.5,1610
2014-05-20,6.5,6.6,6.1,6.5,1020
2014-05-21,6.1,6.7,6.1,6.6,4000
2014-05-22,6.7,6.8,6.3,6.8,7740
2014-05-23,6.5,6.5,6.4,6.4,2860
2014-05-26,6.7,6.8,6.6,6.6,3680
2014-05-27,6.8,6.8,6.3,6.7,2520
2014-05-28,6.7,6.7,6.4,6.7,700
2014-05-29,6.7,6.7,6.5,6.5,580
2014-05-30,6.7,6.7,6.7,6.7,30
2014-06-02,6.7,6.7,6.7,6.7,2000
2014-06-03,6.7,6.7,6.7,6.7,0
2014-06-04,6.3,6.7,6.3,6.7,1080
2014-06-05,6.5,6.5,6.5,6.5,30
2014-06-06,6.5,6.5,6.5,6.5,0
2014-06-09,6.5,6.5,6.5,6.5,300
2014-06-10,6.1,6.8,6.1,6.8,2050
2014-06-11,6.7,6.8,6.7,6.8,600
2014-06-12,6.4,6.9,6.4,6.9,30
2014-06-13,7.0,7.0,7.0,7.0,10
2014-06-16,6.8,6.9,6.8,6.9,820
2014-06-17,6.8,7.0,6.5,7.0,5040
2014-06-18,6.6,6.6,6.6,6.6,20
2014-06-19,6.5,6.9,6.5,6.9,5010
2014-06-20,7.2,7.2,7.2,7.2,10
2014-06-23,7.2,7.2,7.2,7.2,0
2014-06-24,6.7,7.5,6.7,7.4,5150
2014-06-25,6.9,7.3,6.9,7.3,5800
2014-06-26,7.3,7.3,6.9,6.9,380
2014-06-27,7.1,7.1,6.6,6.6,70
2014-06-30,7.0,7.0,7.0,7.0,3320
2014-07-01,6.9,6.9,6.8,6.8,3340
2014-07-02,7.2,7.2,7.2,7.2,10
2014-07-03,7.1,7.1,7.1,7.1,10
2014-07-04,6.9,7.1,6.8,6.9,2350
2014-07-07,6.9,7.0,6.9,7.0,2110
2014-07-08,7.0,7.0,7.0,7.0,0
2014-07-09,6.6,6.8,6.6,6.8,5710
2014-07-10,6.8,6.8,6.6,6.6,3000
2014-07-11,7.0,7.0,6.7,6.7,2650
2014-07-14,6.5,7.0,6.5,7.0,20
2014-07-15,6.8,6.8,6.8,6.8,2190
2014-07-16,6.8,6.8,6.8,6.8,7160
2014-07-17,6.8,6.8,6.7,6.7,5200
2014-07-18,6.7,6.7,6.7,6.7,8060
2014-07-21,6.6,6.6,6.6,6.6,5010
2014-07-22,6.6,6.9,6.6,6.9,5000
2014-07-23,6.9,6.9,6.9,6.9,0
2014-07-24,6.9,6.9,6.9,6.9,0
2014-07-25,6.9,6.9,6.9,6.9,300
2014-07-28,6.9,6.9,6.9,6.9,0
2014-07-29,6.9,6.9,6.7,6.7,5860
2014-07-30,6.7,6.7,6.7,6.7,0
2014-07-31,6.9,6.9,6.9,6.9,2580
2014-08-01,6.9,6.9,6.9,6.9,0
2014-08-04,6.7,6.7,6.7,6.7,300
2014-08-05,6.7,6.9,6.7,6.9,1010
2014-08-06,7.0,7.0,7.0,7.0,10
2014-08-07,7.0,7.0,7.0,7.0,0
2014-08-08,6.7,6.7,6.7,6.7,10740
2014-08-11,6.4,6.4,6.4,6.4,3620
2014-08-12,6.4,6.4,6.4,6.4,0
2014-08-13,6.4,6.4,6.4,6.4,5410
2014-08-14,6.4,6.5,6.4,6.5,5010
2014-08-15,6.4,6.4,6.4,6.4,12350
2014-08-18,6.5,6.6,6.5,6.6,300
2014-08-19,6.6,6.6,6.5,6.6,120
2014-08-20,6.4,6.6,6.4,6.4,50
2014-08-21,6.3,6.3,6.3,6.3,4320
2014-08-22,6.7,6.7,6.7,6.7,20
2014-08-25,6.6,7.0,6.6,7.0,1710
2014-08-26,7.0,7.0,7.0,7.0,640
2014-08-27,6.8,6.8,6.8,6.8,100
2014-08-28,6.6,6.6,6.6,6.6,3700
2014-08-29,6.6,6.7,6.6,6.7,2710
2014-09-03,7.1,7.1,7.1,7.1,25690
2014-09-04,7.3,7.3,7.0,7.1,7290
2014-09-05,7.1,7.1,7.1,7.1,1890
2014-09-08,7.1,7.2,7.0,7.2,30190
2014-09-09,7.4,7.4,6.7,7.0,21830
2014-09-10,7.0,7.0,6.9,6.9,4900
2014-09-11,7.0,7.0,7.0,7.0,3010
2014-09-12,7.1,7.1,7.1,7.1,2460
2014-09-15,7.0,7.1,6.8,6.8,11160
2014-09-16,6.8,7.0,6.8,7.0,1400
2014-09-17,7.1,7.2,7.0,7.1,6860
2014-09-18,7.2,7.2,7.0,7.2,15450
2014-09-19,7.1,7.3,7.1,7.3,4390
2014-09-22,7.2,7.2,7.2,7.2,10
2014-09-23,7.1,7.2,7.1,7.1,3130
2014-09-24,7.3,7.3,7.3,7.3,10
2014-09-25,7.2,7.2,7.2,7.2,10
2014-09-26,6.8,7.2,6.8,7.1,4500
2014-09-29,7.3,7.4,7.0,7.0,2330
2014-09-30,7.0,7.4,7.0,7.2,5570
2014-10-01,7.4,7.4,7.2,7.3,5620
2014-10-02,7.2,7.4,7.1,7.4,13310
2014-10-03,7.3,7.3,7.2,7.3,11180
2014-10-06,7.3,7.6,7.3,7.4,8390
2014-10-07,7.3,7.5,7.3,7.3,7830
2014-10-08,7.4,7.8,7.4,7.8,39070
2014-10-09,8.3,8.3,8.3,8.3,37010
2014-10-10,8.8,8.8,8.7,8.8,132460
2014-10-13,9.4,9.4,9.4,9.4,111180
2014-10-14,10.0,10.0,10.0,10.0,43910
2014-10-15,10.7,10.7,10.7,10.7,261090
2014-10-16,11.4,11.4,10.2,10.9,221240
2014-10-17,11.0,11.0,10.2,10.2,33850
2014-10-20,9.6,10.2,9.5,9.5,24420
2014-10-21,8.9,9.3,8.9,9.2,65730
2014-10-22,9.2,9.8,9.2,9.8,29350
2014-10-23,9.3,9.8,9.2,9.2,25890
2014-10-24,8.7,9.2,8.6,8.6,42660
2014-10-27,8.6,9.2,8.3,9.2,9580
2014-10-28,8.6,8.9,8.6,8.9,48570
2014-10-29,8.6,9.0,8.6,8.8,11360
2014-10-30,8.8,8.8,8.2,8.2,7190
2014-10-31,8.2,8.6,7.8,8.5,8250
2014-11-03,8.7,8.7,8.4,8.6,18190
2014-11-04,8.2,8.5,8.0,8.0,28180
2014-11-05,8.0,8.2,7.5,8.2,27300
2014-11-06,8.1,8.2,7.8,7.9,6990
2014-11-07,8.0,8.1,8.0,8.0,27410
2014-11-10,8.1,8.1,8.0,8.1,19580
2014-11-11,8.1,8.2,7.8,8.2,11660
2014-11-12,8.2,8.7,8.0,8.7,130640
2014-11-13,8.7,9.1,8.7,8.9,10280
2014-11-14,8.7,8.7,8.6,8.7,4280
2014-11-17,8.7,8.7,8.2,8.2,6010
2014-11-18,8.1,8.1,8.0,8.0,10000
2014-11-19,8.4,8.4,8.0,8.0,7220
2014-11-20,8.0,8.3,8.0,8.3,12090
2014-11-21,8.0,8.5,8.0,8.5,1750
2014-11-24,8.1,8.5,8.0,8.0,12170
2014-11-25,8.1,8.4,8.1,8.4,4620
2014-11-26,8.4,8.5,8.3,8.4,14950
2014-11-27,8.1,8.5,8.1,8.4,16460
2014-11-28,8.4,8.5,8.3,8.4,8570
2014-12-01,8.5,8.9,8.5,8.9,86980
2014-12-02,9.3,9.3,8.5,8.8,10120
2014-12-03,8.6,8.9,8.6,8.9,7800
2014-12-04,9.5,9.5,9.5,9.5,59760
2014-12-05,10.1,10.1,10.0,10.1,189070
2014-12-08,10.3,10.3,9.5,10.0,82930
2014-12-09,10.0,10.0,9.3,9.3,38290
2014-12-10,9.6,9.7,9.0,9.3,15340
2014-12-11,8.8,9.2,8.7,8.8,27740
2014-12-12,8.8,9.3,8.8,9.1,250
2014-12-15,8.8,9.2,8.8,9.1,8220
2014-12-16,8.8,8.9,8.5,8.5,26480
2014-12-17,8.5,8.8,8.0,8.8,13710
2014-12-18,8.8,8.9,8.4,8.8,17490
2014-12-19,8.7,8.7,8.4,8.4,8240
2014-12-22,8.4,8.9,8.4,8.9,11000
2014-12-23,8.3,8.6,8.3,8.6,19510
2014-12-24,8.6,8.6,8.4,8.5,2060
2014-12-25,8.5,8.5,8.5,8.5,500
2014-12-26,8.4,8.4,8.0,8.0,27380
2014-12-29,8.3,8.3,7.5,7.5,41170
2014-12-30,7.2,8.0,7.2,8.0,3020
2014-12-31,8.0,8.3,7.5,7.5,59560
2015-01-05,7.9,8.0,7.9,8.0,32320
2015-01-06,8.2,8.4,8.2,8.3,2460
2015-01-07,8.3,8.4,8.2,8.4,50490
2015-01-08,8.6,8.7,8.4,8.7,15880
2015-01-09,8.4,8.6,8.4,8.6,5500
2015-01-12,8.6,8.8,8.2,8.2,14260
2015-01-13,8.1,8.7,8.1,8.5,31310
2015-01-14,8.1,8.3,8.1,8.3,9920
2015-01-15,8.1,8.3,8.1,8.3,14150
2015-01-16,8.2,8.4,8.2,8.4,4010
2015-01-19,8.2,8.3,8.1,8.2,12680
2015-01-20,8.0,8.4,8.0,8.4,2070
2015-01-21,8.4,8.5,8.4,8.5,7510
2015-01-22,8.1,8.3,8.1,8.3,6360
2015-01-23,8.6,8.6,8.3,8.4,130
2015-01-26,8.2,8.2,8.2,8.2,1100
2015-01-27,8.4,8.7,8.3,8.4,38820
2015-01-28,8.2,8.4,8.2,8.4,2010
2015-01-29,8.5,8.5,8.5,8.5,10
2015-01-30,8.7,9.0,8.7,8.7,370
2015-02-02,8.3,8.3,8.1,8.2,1100
2015-02-03,8.4,8.5,7.8,7.8,2040
2015-02-04,7.8,8.2,7.8,8.2,15650
2015-02-05,8.2,8.2,8.2,8.2,0
2015-02-06,8.5,8.5,8.5,8.5,10
2015-02-09,8.5,8.5,8.5,8.5,10
2015-02-10,8.3,8.3,8.3,8.3,1280
2015-02-11,8.2,8.8,7.9,7.9,6030
2015-02-12,8.3,8.3,8.3,8.3,330
2015-02-13,8.3,8.6,8.3,8.6,2250
2015-02-24,8.0,8.7,8.0,8.6,4830
2015-02-25,8.1,8.1,8.1,8.1,10
2015-02-26,8.1,8.4,8.0,8.4,610
2015-02-27,8.7,8.7,8.2,8.2,360
2015-03-02,8.1,8.4,8.1,8.4,7430
2015-03-03,8.3,8.3,8.1,8.1,1450
2015-03-04,8.2,8.5,8.2,8.2,1470
2015-03-05,8.2,8.6,8.0,8.0,16900
2015-03-06,8.4,8.5,8.1,8.4,1690
2015-03-09,8.5,8.5,8.5,8.5,10
2015-03-10,8.5,8.5,8.5,8.5,1010
2015-03-11,8.2,8.5,8.1,8.1,890
2015-03-12,8.3,8.3,8.1,8.3,1270
2015-03-13,8.1,8.3,8.0,8.3,25250
2015-03-16,8.1,8.4,8.1,8.4,1010
2015-03-17,8.5,8.5,8.2,8.4,1600
2015-03-18,8.2,8.3,8.2,8.3,2150
2015-03-19,8.0,8.1,8.0,8.0,15670
2015-03-20,8.1,8.1,7.7,7.7,7610
2015-03-23,8.1,8.1,7.7,8.1,430
2015-03-24,8.1,8.1,7.7,7.7,3860
2015-03-25,7.7,8.1,7.7,8.1,3100
2015-03-26,8.2,8.2,8.2,8.2,200
2015-03-27,8.1,8.2,7.9,7.9,2000
2015-03-30,7.9,7.9,7.9,7.9,4850
2015-03-31,8.1,8.1,7.9,7.9,2610
2015-04-01,7.9,7.9,7.6,7.6,1250
2015-04-02,7.6,7.6,7.6,7.6,40
2015-04-03,7.6,7.6,7.6,7.6,0
2015-04-06,7.6,7.9,7.6,7.9,6360
2015-04-07,7.7,7.8,7.4,7.8,4020
2015-04-08,8.3,8.3,8.3,8.3,10
2015-04-09,7.9,7.9,7.9,7.9,1000
2015-04-10,7.9,7.9,7.9,7.9,0
2015-04-13,8.0,8.3,7.8,7.8,7790
2015-04-14,8.2,8.2,8.0,8.0,680
2015-04-15,8.4,8.5,8.0,8.5,37260
2015-04-16,8.7,8.7,8.2,8.2,5030
2015-04-17,8.2,8.5,8.2,8.5,3190
2015-04-20,8.1,8.2,8.0,8.2,3060
2015-04-21,8.0,8.5,8.0,8.5,1610
2015-04-22,8.1,8.2,8.1,8.2,2010
2015-04-23,8.2,8.2,8.0,8.1,3800
2015-04-24,8.3,8.3,8.1,8.1,160
2015-04-27,8.2,8.2,8.2,8.2,1020
2015-05-04,8.2,8.2,8.0,8.0,4700
2015-05-05,8.0,8.0,8.0,8.0,500
2015-05-06,8.0,8.5,8.0,8.0,18970
2015-05-07,8.0,8.1,8.0,8.0,910
2015-05-08,8.0,8.0,7.9,8.0,3610
2015-05-11,8.0,8.0,8.0,8.0,0
2015-05-12,8.0,8.0,7.5,7.5,6060
2015-05-13,8.0,8.0,7.9,8.0,22510
2015-05-14,8.5,8.5,7.6,8.3,10690
2015-05-15,8.2,8.2,8.2,8.2,110
2015-05-18,8.2,8.2,7.9,7.9,3270
2015-05-19,7.9,7.9,7.6,7.9,3040
2015-05-20,7.8,8.0,7.6,8.0,1640
2015-05-21,8.4,8.5,8.1,8.5,86580
2015-05-22,8.9,9.0,8.9,9.0,64330
2015-05-25,9.6,9.6,9.6,9.6,113790
2015-05-26,10.0,10.1,9.3,9.3,80780
2015-05-27,9.3,9.9,9.0,9.7,12590
2015-05-28,9.5,9.9,9.3,9.7,80650
2015-05-29,9.4,9.6,9.3,9.3,21080
2015-06-01,9.2,9.9,9.2,9.4,70730
2015-06-02,9.4,9.8,9.4,9.5,40360
2015-06-03,9.3,9.8,9.3,9.8,27780
2015-06-04,9.7,10.0,9.7,9.9,33440
2015-06-05,9.9,10.0,9.7,10.0,3550
2015-06-08,10.0,10.2,9.7,9.9,26820
2015-06-09,9.9,9.9,9.4,9.6,6290
2015-06-10,10.0,10.0,9.4,9.8,15660
2015-06-11,9.3,9.5,9.2,9.2,54570
2015-06-12,8.8,9.3,8.6,9.3,22580
2015-06-15,9.6,9.6,9.1,9.2,4370
2015-06-16,9.4,9.4,9.0,9.2,4250
2015-06-17,9.0,9.2,8.7,9.1,9690
2015-06-18,9.2,9.2,8.6,9.1,4110
2015-06-19,9.1,9.2,8.8,9.0,41900
2015-06-22,9.0,9.0,8.7,8.7,8400
2015-06-23,8.7,8.9,8.7,8.9,35730
2015-06-24,8.8,8.8,8.3,8.6,53980
2015-06-25,8.3,8.3,8.2,8.3,25790
2015-06-26,7.9,8.0,7.8,7.8,115350
2015-06-29,7.3,7.5,7.3,7.4,98930
2015-06-30,7.1,7.4,7.0,7.4,33010
2015-07-01,7.1,7.2,7.0,7.1,19180
2015-07-02,7.0,7.0,6.7,6.7,112070
2015-07-03,6.9,7.1,6.7,6.8,31600
2015-07-06,6.8,7.2,6.8,7.0,17800
2015-07-07,7.1,7.1,6.8,6.9,3230
2015-07-08,6.7,6.9,6.5,6.9,7890
2015-07-09,6.8,6.8,6.6,6.8,15910
2015-07-10,6.7,6.8,6.6,6.6,7900
2015-07-13,6.3,6.8,6.3,6.6,24150
2015-07-14,6.2,7.0,6.2,6.7,26540
2015-07-15,6.7,6.7,6.5,6.6,12700
2015-07-16,6.2,6.6,6.2,6.6,1900
2015-07-17,6.3,6.5,6.2,6.4,29530
2015-07-20,6.3,6.5,6.2,6.5,5860
2015-07-21,6.6,6.6,6.3,6.5,1780
2015-07-22,6.6,6.6,6.3,6.3,12200
2015-07-23,6.3,6.5,6.1,6.5,11040
2015-07-24,6.3,6.5,6.3,6.5,1890
2015-07-27,6.4,6.4,6.3,6.3,5790
2015-07-28,6.4,6.5,6.4,6.5,2710
2015-07-29,6.4,6.8,6.4,6.5,11460
2015-07-30,6.8,6.9,6.7,6.9,17030
2015-07-31,7.3,7.3,7.0,7.3,18270
2015-08-03,7.4,7.4,6.8,7.0,1040
2015-08-04,7.0,7.4,6.6,7.4,4170
2015-08-05,7.7,7.7,6.9,6.9,13470
2015-08-06,7.3,7.3,6.6,6.6,6010
2015-08-07,7.0,7.0,6.6,6.6,610
2015-08-10,6.8,6.9,6.7,6.9,130
2015-08-11,6.5,6.9,6.5,6.9,5940
2015-08-12,6.8,6.8,6.8,6.8,2170
2015-08-13,7.0,7.0,7.0,7.0,220
2015-08-14,6.7,6.7,6.7,6.7,10
2015-08-17,6.3,6.4,6.3,6.4,3120
2015-08-18,6.2,6.7,6.2,6.7,13730
2015-08-19,6.7,6.7,6.4,6.4,3210
2015-08-20,6.3,6.7,6.3,6.7,8010
2015-08-21,6.3,6.5,6.3,6.5,35880
2015-08-24,6.1,6.7,6.1,6.1,26430
2015-08-25,6.3,6.3,6.3,6.3,10
2015-08-26,6.4,6.4,5.9,5.9,24360
2015-08-27,6.3,6.3,5.6,5.6,62610
2015-08-28,5.9,5.9,5.4,5.5,20860
2015-08-31,5.6,5.8,5.3,5.3,82990
2015-09-01,5.6,5.6,5.6,5.6,8600
2015-09-03,5.9,5.9,5.9,5.9,2590
2015-09-04,6.3,6.3,6.3,6.3,13590
2015-09-07,6.7,6.7,6.7,6.7,51760
2015-09-08,7.1,7.1,6.3,6.3,131470
2015-09-09,6.7,6.7,5.9,5.9,257020
2015-09-10,6.2,6.3,5.7,5.7,111270
2015-09-11,6.0,6.0,5.8,5.8,108730
2015-09-14,6.2,6.2,5.7,5.9,112610
2015-09-15,5.9,6.1,5.8,6.0,14150
2015-09-16,6.1,6.1,5.7,5.7,51780
2015-09-17,5.8,5.9,5.6,5.6,73960
2015-09-18,5.6,5.7,5.5,5.5,54730
2015-09-21,5.5,5.8,5.5,5.5,40050
2015-09-22,5.8,5.8,5.5,5.5,122650
2015-09-23,5.5,5.7,5.4,5.7,75310
2015-09-24,5.8,5.8,5.6,5.7,12910
2015-09-25,5.7,5.9,5.6,5.9,14890
2015-09-28,5.8,5.9,5.5,5.5,29600
2015-09-29,5.6,5.6,5.4,5.5,25530
2015-09-30,5.5,5.7,5.5,5.7,10400
2015-10-01,5.6,5.7,5.6,5.7,8810
2015-10-02,5.6,5.6,5.5,5.5,34810
2015-10-05,5.6,5.7,5.6,5.7,5190
2015-10-06,5.5,5.7,5.5,5.7,25930
2015-10-07,5.5,5.7,5.5,5.7,1420
2015-10-08,5.6,5.8,5.6,5.8,39900
2015-10-09,5.8,5.8,5.7,5.8,30100
2015-10-12,5.7,5.8,5.7,5.8,10000
2015-10-13,5.7,5.8,5.6,5.6,15210
2015-10-14,5.6,5.8,5.6,5.6,3570
2015-10-15,5.6,5.8,5.6,5.8,6000
2015-10-16,5.8,5.8,5.6,5.6,41510
2015-10-19,5.6,5.7,5.6,5.7,14700
2015-10-20,5.7,5.7,5.6,5.7,3670
2015-10-21,5.7,5.7,5.6,5.7,13450
2015-10-22,5.7,5.9,5.7,5.9,25350
2015-10-23,5.9,5.9,5.9,5.9,6230
2015-10-26,6.0,6.0,5.9,6.0,7110
2015-10-27,5.9,5.9,5.6,5.9,3120
2015-10-28,5.7,5.8,5.5,5.8,9880
2015-10-29,5.8,5.8,5.8,5.8,10450
2015-10-30,5.8,5.8,5.4,5.5,26730
2015-11-02,5.4,5.8,5.2,5.8,73290
2015-11-03,5.8,5.9,5.8,5.9,31230
2015-11-04,5.7,5.8,5.6,5.8,45450
2015-11-05,5.5,5.7,5.4,5.7,42740
2015-11-06,5.7,5.8,5.6,5.8,9170
2015-11-09,5.6,5.7,5.6,5.7,24010
2015-11-10,5.5,5.7,5.5,5.7,37560
2015-11-11,5.7,5.8,5.6,5.8,26590
2015-11-12,5.7,5.8,5.6,5.8,5130
2015-11-13,5.8,5.8,5.6,5.7,10980
2015-11-16,5.6,5.7,5.5,5.6,14550
2015-11-17,5.6,5.7,5.5,5.7,38790
2015-11-18,5.7,5.7,5.5,5.6,4250
2015-11-19,5.5,5.6,5.3,5.6,14340
2015-11-20,5.6,5.6,5.6,5.6,34260
2015-11-23,5.5,5.6,5.4,5.6,10900
2015-11-24,5.4,5.7,5.4,5.7,59600
2015-11-25,5.5,5.7,5.5,5.7,38150
2015-11-26,5.7,5.7,5.4,5.5,48170
2017-03-06,5.5,6.1,5.5,6.0,18600
2017-03-07,6.0,6.0,6.0,6.0,10900
2017-03-08,5.2,5.4,5.2,5.3,1610
2017-03-09,5.3,5.3,5.3,5.3,60
2017-03-10,5.0,5.9,5.0,5.5,20000
2017-03-13,5.5,5.5,5.5,5.5,2000
2017-03-14,5.9,5.9,5.3,5.3,3600
2017-03-15,5.0,5.5,5.0,5.5,1400
2017-03-16,5.4,5.7,5.2,5.2,25060
2017-03-17,5.3,5.3,5.3,5.3,480
2017-03-20,5.5,5.5,5.5,5.5,100
2017-03-21,5.0,5.3,5.0,5.0,11010
2017-03-22,5.1,5.1,5.0,5.0,1030
2017-03-23,5.2,5.2,5.2,5.2,310
2017-03-24,5.4,5.4,5.4,5.4,110
2017-03-27,4.7,5.4,4.6,5.2,5600
2017-03-28,5.3,5.3,4.8,5.0,2300
2017-03-29,5.1,5.1,5.1,5.1,100
2017-03-30,5.3,5.3,4.7,5.0,9710
2017-03-31,5.4,5.4,5.1,5.1,200
2017-04-03,5.2,5.2,5.0,5.0,3400
2017-04-04,5.3,5.3,4.8,5.0,2200
2017-04-05,5.0,5.1,4.9,4.9,4300
2017-04-07,5.1,5.1,5.0,5.0,13400
2017-04-10,5.1,5.2,5.0,5.0,9800
2017-04-11,5.3,5.3,5.0,5.1,6500
2017-04-12,5.3,5.3,5.0,5.0,1100
2017-04-13,5.1,5.1,5.0,5.0,1400
2017-04-14,5.2,5.2,5.2,5.2,100
2017-04-17,5.2,5.3,5.2,5.3,2300
2017-04-18,5.2,5.2,5.2,5.2,1200
2017-04-19,5.2,5.2,4.8,4.8,25000
2017-04-20,5.0,5.2,5.0,5.0,2700
2017-04-21,5.0,5.2,4.8,4.9,8400
2017-04-24,4.9,4.9,4.8,4.8,6500
2017-04-25,5.1,5.1,5.1,5.1,100
2017-04-26,4.8,4.8,4.8,4.8,4700
2017-04-27,5.1,5.1,4.8,5.0,47000
2017-04-28,5.0,5.0,5.0,5.0,100
2017-05-03,5.0,5.0,5.0,5.0,4000
2017-05-04,5.0,5.1,5.0,5.0,2500
2017-05-05,5.0,5.0,5.0,5.0,732
2017-05-08,4.8,4.8,4.8,4.8,4100
2017-05-09,5.4,5.4,4.8,4.8,6430
2017-05-10,4.8,4.8,4.8,4.8,4900
2017-05-11,5.0,5.0,4.8,4.8,3300
2017-05-12,4.8,5.0,4.8,5.0,8300
2017-05-15,5.0,5.0,4.8,4.8,3130
2017-05-16,5.1,5.1,4.9,4.9,6502
2017-05-17,5.2,5.2,5.0,5.0,330
2017-05-18,5.4,5.4,5.0,5.0,200
2017-05-19,5.2,5.2,5.2,5.2,0
2017-05-22,5.3,5.3,5.3,5.3,104
2017-05-23,5.3,5.3,5.3,5.3,209
2017-05-24,5.0,5.0,4.8,4.8,14000
2017-05-25,4.8,4.9,4.8,4.8,14000
2017-05-26,4.8,5.3,4.8,5.0,11500
2017-05-29,5.0,5.6,5.0,5.6,49970
2017-05-30,5.5,5.5,5.5,5.5,0
2017-05-31,5.8,6.0,5.2,5.2,16300
2017-06-01,5.1,5.2,5.1,5.2,2900
2017-06-02,5.6,5.6,5.6,5.6,1000
2017-06-05,5.2,5.2,5.1,5.1,4800
2017-06-06,5.1,5.1,5.0,5.0,5000
2017-06-07,5.3,5.8,5.3,5.8,87000
2017-06-08,5.5,5.5,5.5,5.5,6000
2017-06-09,5.6,6.0,5.6,6.0,25100
2017-06-12,6.2,6.2,6.0,6.0,8000
2017-06-13,6.3,6.3,5.7,5.7,4000
2017-06-14,6.1,23.9,23.9,23.9,60
2017-06-15,5.6,5.6,5.5,5.5,13320
2017-06-16,5.2,5.9,5.0,5.0,11800
2017-06-19,5.1,5.1,5.1,5.1,100
2017-06-20,5.7,5.7,4.9,5.0,18150
2017-06-21,5.0,5.6,5.0,5.1,36400
2017-06-22,5.1,5.1,5.0,5.1,15000
2017-06-23,5.5,5.5,5.5,5.5,200
2017-06-26,5.2,5.2,5.1,5.2,6201
2017-06-27,5.4,5.4,5.2,5.2,17310
2017-06-28,5.5,5.5,5.2,5.2,10500
2017-06-29,5.2,5.2,5.1,5.1,16300
2017-06-30,5.1,5.1,5.1,5.1,5000
2017-07-03,5.1,5.1,5.0,5.0,4400
2017-07-04,5.0,5.0,5.0,5.0,1600
2017-07-05,5.0,5.0,5.0,5.0,5600
2017-07-06,5.0,5.0,5.0,5.0,3200
2017-07-07,5.0,5.1,5.0,5.0,9500
2017-07-10,5.0,5.0,5.0,5.0,854
2017-07-11,5.0,5.0,4.8,4.8,4100
2017-07-12,4.9,4.9,4.9,4.9,8000
2017-07-13,4.9,4.9,4.8,4.9,1920
2017-07-14,4.8,5.1,4.8,5.0,29289
2017-07-17,5.1,5.1,4.9,4.9,600
2017-07-18,5.1,5.1,5.1,5.1,0
2017-07-19,5.1,5.1,5.1,5.1,0
2017-07-20,5.0,5.0,4.8,4.8,11700
2017-07-21,5.0,5.0,5.0,5.0,0
2017-07-24,4.9,4.9,4.9,4.9,200
2017-07-25,4.9,4.9,4.9,4.9,100
2017-07-26,4.9,4.9,4.9,4.9,700
2017-07-27,4.9,4.9,4.9,4.9,200
2017-07-28,5.0,5.0,5.0,5.0,10000
2017-07-31,5.0,5.0,5.0,5.0,0
2017-08-01,5.0,5.0,5.0,5.0,0
2017-08-02,5.0,5.0,5.0,5.0,900
2017-08-03,5.3,5.3,5.3,5.3,100
2017-08-04,4.9,4.9,4.9,4.9,1000
2017-08-07,4.8,4.9,4.8,4.9,3100
2017-08-08,4.9,4.9,4.9,4.9,0
2017-08-09,5.1,5.1,5.1,5.1,100
2017-08-10,5.1,5.1,5.1,5.1,0
2017-08-11,5.1,5.1,5.1,5.1,0
2017-08-14,5.2,5.2,5.2,5.2,500
2017-08-15,5.1,5.2,5.0,5.1,16800
2017-08-16,5.1,5.1,5.1,5.1,3100
2017-08-17,5.1,5.1,5.1,5.1,0
2017-08-18,5.0,5.1,4.9,5.1,5500
2017-08-21,5.0,5.1,4.9,5.1,5500
2017-08-22,5.1,5.1,5.1,5.1,3700
2017-08-23,5.1,5.1,5.1,5.1,0
2017-08-24,5.2,5.2,5.2,5.2,1600
2017-08-25,5.2,5.2,5.2,5.2,0
2017-08-28,5.2,5.2,5.2,5.2,17000
2017-08-29,5.2,5.2,5.2,5.2,600
2017-08-30,5.2,5.2,5.2,5.2,1200
2017-08-31,5.2,5.2,5.2,5.2,0
2017-09-01,4.8,5.3,4.8,5.3,1100
2017-09-05,5.2,5.2,5.2,5.2,2200
2017-09-06,5.2,5.2,5.0,5.0,2100
2017-09-07,5.2,5.2,5.2,5.2,0
2017-09-08,5.2,5.2,5.2,5.2,0
2017-09-11,5.0,5.0,5.0,5.0,1500
2017-09-12,5.0,5.0,5.0,5.0,1010
2017-09-13,5.0,5.0,5.0,5.0,0
2017-09-14,5.0,5.0,5.0,5.0,0
2017-09-15,5.0,5.0,5.0,5.0,0
2017-09-18,5.0,5.0,5.0,5.0,0
2017-09-19,5.2,5.2,5.2,5.2,4200
2017-09-20,5.2,5.2,5.2,5.2,300
2017-09-21,5.1,5.1,5.1,5.1,3021
2017-09-22,5.1,5.2,5.1,5.1,11900
2017-09-25,5.2,5.2,5.0,5.0,4200
2017-09-26,5.2,5.2,5.2,5.2,7300
2017-09-27,5.2,5.2,5.2,5.2,3410
2017-09-28,5.0,5.0,5.0,5.0,2620
2017-09-29,5.0,5.0,4.8,4.8,7010
2017-10-02,4.8,4.8,4.8,4.8,0
2017-10-03,4.8,4.8,4.8,4.8,0
2017-10-04,4.8,4.8,4.8,4.8,0
2017-10-05,4.8,4.8,4.8,4.8,0
2017-10-06,4.9,5.0,4.8,4.8,8800
2017-10-09,4.9,4.9,4.9,4.9,0
2017-10-10,4.9,4.9,4.9,4.9,0
2017-10-11,4.9,4.9,4.9,4.9,0
2017-10-12,4.9,4.9,4.9,4.9,0
2017-10-13,4.9,4.9,4.9,4.9,4000
2017-10-16,4.9,4.9,4.9,4.9,0
2017-10-17,4.9,4.9,4.9,4.9,0
2017-10-18,5.1,5.1,5.0,5.1,5000
2017-10-19,5.0,5.1,5.0,5.1,3000
2017-10-20,5.0,5.0,4.8,5.0,54100
2017-10-23,4.9,5.0,4.9,5.0,3300
2017-10-24,5.0,5.0,5.0,5.0,3000
2017-10-25,5.0,5.1,5.0,5.1,3200
2017-10-26,5.0,5.0,5.0,5.0,5000
2017-10-27,5.0,5.0,5.0,5.0,0
2017-10-30,5.0,5.0,5.0,5.0,0
2017-10-31,5.0,5.0,5.0,5.0,1100
2017-11-01,5.1,5.1,5.1,5.1,9000
2017-11-02,5.1,5.1,5.1,5.1,508
2017-11-03,5.1,5.1,5.1,5.1,1000
2017-11-06,5.1,5.1,5.1,5.1,500
2017-11-07,5.1,5.1,5.1,5.1,1000
2017-11-08,5.1,5.1,5.1,5.1,1000
2017-11-09,5.2,5.2,5.2,5.2,5400
2017-11-10,5.2,5.2,5.2,5.2,0
2017-11-13,5.1,5.2,5.1,5.2,3600
2017-11-14,5.2,5.2,5.2,5.2,1100
2017-11-15,5.2,5.2,5.2,5.2,1050
2017-11-16,5.2,5.2,5.2,5.2,1000
2017-11-17,5.2,5.2,5.2,5.2,400
2017-11-20,5.3,5.3,5.2,5.3,3150
2017-11-21,5.3,5.3,5.3,5.3,0
2017-11-22,5.3,5.3,5.3,5.3,0
2017-11-23,5.2,5.2,5.2,5.2,100
2017-11-24,5.2,5.2,5.2,5.2,0
2017-11-27,5.2,5.2,5.2,5.2,0
2017-11-28,5.2,5.2,5.2,5.2,0
2017-11-29,5.2,5.2,5.2,5.2,0
2017-11-30,5.2,5.2,5.2,5.2,4100
2017-12-01,5.3,5.3,5.3,5.3,3800
2017-12-04,5.3,5.4,5.2,5.4,5200
2017-12-05,5.3,5.4,5.3,5.4,12800
2017-12-06,5.3,5.3,5.3,5.3,1000
2017-12-07,5.3,5.3,5.3,5.3,0
2017-12-08,5.3,5.3,5.3,5.3,2400
2017-12-11,5.4,5.4,5.3,5.3,8020
2017-12-12,5.3,5.3,5.3,5.3,600
2017-12-13,5.3,5.4,5.3,5.4,1400
2017-12-14,5.3,5.4,5.3,5.4,7100
2017-12-15,5.2,5.5,5.2,5.5,3000
2017-12-18,5.4,5.4,5.4,5.4,1100
2017-12-19,5.4,5.9,5.4,5.9,2000
2017-12-20,5.5,5.5,5.5,5.5,2300
2017-12-21,5.4,5.6,5.4,5.6,3820
2017-12-22,5.5,5.6,5.5,5.6,13900
2017-12-25,5.6,5.6,5.6,5.6,2100
2017-12-26,5.6,5.6,5.6,5.6,2600
2017-12-27,5.6,5.6,5.6,5.6,0
2017-12-28,5.6,5.6,5.6,5.6,0
2017-12-29,5.6,5.6,5.6,5.6,4200
2018-01-02,5.6,5.6,5.5,5.5,7000
2018-01-03,5.6,5.6,5.5,5.5,4800
2018-01-04,5.5,5.5,5.5,5.5,0
2018-01-05,5.5,5.5,5.5,5.5,1910
2018-01-08,5.5,5.5,5.5,5.5,2300
2018-01-09,5.6,5.7,5.6,5.7,1200
2018-01-10,5.5,5.5,5.4,5.4,5230
2018-01-11,5.5,5.5,5.5,5.5,200
2018-01-12,5.5,5.5,5.5,5.5,200
2018-01-15,5.5,5.5,5.5,5.5,0
2018-01-16,5.5,5.5,5.5,5.5,0
2018-01-17,5.5,5.5,5.5,5.5,3600
2018-01-18,5.5,5.5,5.5,5.5,0
2018-01-19,5.5,5.5,5.5,5.5,26
2018-01-22,5.5,5.5,5.5,5.5,0
2018-01-23,5.5,5.5,5.5,5.5,300
2018-01-24,5.4,5.4,5.4,5.4,1650
2018-01-25,5.4,5.4,5.4,5.4,6
2018-01-26,5.4,5.4,5.4,5.4,0
2018-01-29,5.4,5.4,5.4,5.4,0
2018-01-30,5.7,5.7,5.7,5.7,110
2018-01-31,5.7,5.7,5.7,5.7,6
2018-02-01,5.1,5.1,5.1,5.1,300
2018-02-02,5.0,5.0,5.0,5.0,1000
2018-02-05,5.0,5.0,5.0,5.0,0
2018-02-06,5.0,5.0,5.0,5.0,0
2018-02-07,5.0,5.0,5.0,5.0,0
2018-02-08,5.0,5.0,5.0,5.0,0
2018-02-09,5.0,5.0,5.0,5.0,0
2018-02-12,5.0,5.0,5.0,5.0,0
2018-02-13,5.5,5.5,5.5,5.5,100
2018-02-21,5.5,5.5,5.5,5.5,0
2018-02-22,5.5,5.5,5.5,5.5,0
2018-02-23,5.5,5.5,5.5,5.5,0
2018-02-26,5.5,5.5,5.5,5.5,0
2018-02-27,5.5,5.5,5.5,5.5,0
2018-02-28,5.5,5.5,5.5,5.5,10
2018-03-01,5.5,5.5,5.5,5.5,0
2018-03-02,5.5,5.5,5.5,5.5,0
2018-03-05,5.5,5.5,5.5,5.5,0
2018-03-06,4.7,4.7,4.7,4.7,1000
2018-03-07,4.7,4.7,4.7,4.7,60
2018-03-08,4.7,4.7,4.7,4.7,0
2018-03-09,4.7,4.7,4.7,4.7,0
2018-03-12,4.7,4.7,4.7,4.7,0
2018-03-13,4.7,4.7,4.7,4.7,0
2018-03-14,4.7,4.7,4.7,4.7,0
2018-03-15,4.1,4.1,4.1,4.1,1900
2018-03-16,4.2,4.2,4.2,4.2,210
2018-03-19,4.2,4.2,4.2,4.2,0
2018-03-20,4.4,4.4,4.2,4.2,7000
2018-03-21,4.4,4.4,4.4,4.4,0
2018-03-22,4.4,4.4,4.4,4.4,0
2018-03-23,4.4,4.4,4.4,4.4,0
2018-03-26,4.8,5.0,4.8,5.0,6230
2018-03-27,5.0,5.0,5.0,5.0,0
2018-03-28,5.0,5.0,5.0,5.0,0
2018-03-29,5.0,5.0,5.0,5.0,8
2018-03-30,5.0,5.0,5.0,5.0,100
2018-04-02,5.0,5.0,5.0,5.0,0
2018-04-03,5.0,5.0,5.0,5.0,0
2018-04-04,5.0,5.0,5.0,5.0,0
2018-04-05,5.0,5.0,5.0,5.0,0
2018-04-06,5.0,5.0,5.0,5.0,0
2018-04-09,5.0,5.0,5.0,5.0,0
2018-04-10,5.3,5.3,4.3,4.4,580
2018-04-11,5.1,5.1,5.1,5.1,100
2018-04-12,5.1,5.1,5.1,5.1,0
2018-04-13,5.1,5.1,5.1,5.1,0
2018-04-16,4.4,4.4,4.4,4.4,100
2018-04-17,5.0,5.0,5.0,5.0,200
2018-04-18,5.0,5.0,5.0,5.0,0
2018-04-19,5.3,5.3,5.3,5.3,100
2018-04-20,4.6,4.7,4.6,4.7,7650
2018-04-23,5.1,5.1,5.1,5.1,100
2018-04-24,5.1,5.1,5.1,5.1,0
2018-04-26,5.1,5.1,5.1,5.1,0
2018-04-27,5.1,5.1,5.1,5.1,0
2018-05-02,4.4,4.4,4.4,4.4,1000
2018-05-03,4.4,4.4,4.4,4.4,0
2018-05-04,4.6,4.6,4.6,4.6,500
2018-05-07,4.6,4.6,4.6,4.6,0
2018-05-08,4.6,4.6,4.6,4.6,0
2018-05-09,4.6,4.6,4.6,4.6,0
2018-05-10,4.9,4.9,4.9,4.9,100
2018-05-11,4.9,4.9,4.9,4.9,0
2018-05-14,4.9,4.9,4.9,4.9,0
2018-05-15,4.9,4.9,4.9,4.9,0
2018-05-16,4.9,4.9,4.9,4.9,0
2018-05-17,4.9,4.9,4.9,4.9,0
2018-05-18,4.6,4.6,4.5,4.5,2000
2018-05-21,5.1,5.1,5.1,5.1,100
2018-05-22,5.1,5.1,5.1,5.1,0
2018-05-23,5.1,5.1,5.1,5.1,0
2018-05-24,5.1,5.1,5.1,5.1,0
2018-05-25,5.1,5.1,5.1,5.1,0
2018-05-28,5.1,5.1,5.1,5.1,0
2018-05-29,5.1,5.1,5.1,5.1,0
2018-05-30,5.1,5.1,5.1,5.1,0
2018-05-31,5.1,5.1,5.1,5.1,0
2018-06-01,5.3,5.3,4.4,4.4,6100
2018-06-04,4.4,4.4,4.4,4.4,0
2018-06-05,4.4,4.4,4.4,4.4,0
2018-06-06,4.4,4.4,4.4,4.4,0
2018-06-07,4.4,4.4,4.4,4.4,0
2018-06-08,4.9,4.9,4.9,4.9,100
2018-06-11,4.9,4.9,4.9,4.9,0
2018-06-12,4.9,4.9,4.9,4.9,0
2018-06-13,4.9,4.9,4.9,4.9,0
2018-06-14,4.9,4.9,4.9,4.9,0
2018-06-15,5.3,5.3,5.3,5.3,200
2018-06-18,5.3,5.3,5.3,5.3,0
2018-06-19,5.3,5.3,5.3,5.3,0
2018-06-20,5.3,5.3,5.3,5.3,0
2018-06-21,5.3,5.3,5.3,5.3,0
2018-06-22,4.7,4.7,4.7,4.7,100
2018-06-25,4.7,4.7,4.7,4.7,0
2018-06-26,4.7,4.7,4.7,4.7,0
2018-06-27,4.7,4.7,4.7,4.7,0
2018-06-28,4.7,4.7,4.7,4.7,0
2018-06-29,4.0,4.0,4.0,4.0,3500
2018-07-02,4.0,4.0,4.0,4.0,0
2018-07-03,4.0,4.0,4.0,4.0,0
2018-07-04,4.0,4.0,4.0,4.0,0
2018-07-05,4.0,4.0,4.0,4.0,0
2018-07-06,4.0,4.0,4.0,4.0,0
2018-07-09,4.0,4.0,4.0,4.0,0
2018-07-10,4.0,4.0,4.0,4.0,0
2018-07-11,4.0,4.0,4.0,4.0,0
2018-07-12,4.0,4.0,4.0,4.0,0
2018-07-13,4.6,4.6,4.6,4.6,200
2018-07-16,4.6,4.6,4.6,4.6,0
2018-07-17,4.6,4.6,4.6,4.6,0
2018-07-18,4.6,4.6,4.6,4.6,0
2018-07-19,4.6,4.6,4.6,4.6,0
2018-07-20,5.2,5.2,4.0,4.0,2000
2018-07-23,4.3,4.3,4.3,4.3,0
2018-07-24,4.3,4.3,4.3,4.3,0
2018-07-25,4.3,4.3,4.3,4.3,0
2018-07-26,4.3,4.3,4.3,4.3,0
2018-07-27,4.7,4.7,3.7,3.8,3300
2018-07-30,3.9,3.9,3.9,3.9,0
2018-07-31,3.9,3.9,3.9,3.9,0
2018-08-01,3.9,3.9,3.9,3.9,0
2018-08-02,3.9,3.9,3.9,3.9,0
2018-08-03,4.2,4.3,3.5,3.5,6720
2018-08-06,3.7,3.7,3.7,3.7,0
2018-08-07,3.7,3.7,3.7,3.7,0
2018-08-08,3.7,3.7,3.7,3.7,0
2018-08-09,3.7,3.7,3.7,3.7,0
2018-08-10,3.9,3.9,3.2,3.2,12300
2018-08-13,3.3,3.3,3.3,3.3,0
2018-08-14,3.3,3.3,3.3,3.3,0
2018-08-15,3.3,3.3,3.3,3.3,0
2018-08-16,3.3,3.3,3.3,3.3,0
2018-08-17,3.0,3.0,2.9,2.9,37000
2018-08-20,2.9,2.9,2.9,2.9,0
2018-08-21,2.9,2.9,2.9,2.9,0
2018-08-22,2.9,2.9,2.9,2.9,0
2018-08-23,2.9,2.9,2.9,2.9,0
2018-08-24,2.6,2.6,2.5,2.5,20496
2018-08-27,2.5,2.5,2.5,2.5,0
2018-08-28,2.5,2.5,2.5,2.5,0
2018-08-29,2.5,2.5,2.5,2.5,0
2018-08-30,2.5,2.5,2.5,2.5,0
2018-08-31,2.3,2.3,2.2,2.2,35140
2018-09-04,2.2,2.2,2.2,2.2,0
2018-09-05,2.2,2.2,2.2,2.2,0
2018-09-06,2.2,2.2,2.2,2.2,0
2018-09-07,1.9,1.9,1.9,1.9,9120
2018-09-10,1.9,1.9,1.9,1.9,0
2018-09-11,1.9,1.9,1.9,1.9,0
2018-09-12,1.9,1.9,1.9,1.9,0
2018-09-13,1.9,1.9,1.9,1.9,0
2018-09-14,2.0,2.1,2.0,2.1,1500
2018-09-17,2.1,2.1,2.1,2.1,0
2018-09-18,2.1,2.1,2.1,2.1,0
2018-09-19,2.1,2.1,2.1,2.1,0
2018-09-20,2.1,2.4,2.1,2.3,7000
2018-09-21,2.2,2.3,2.2,2.3,6100
2018-09-24,2.4,2.4,2.3,2.3,2220
2018-09-25,2.4,2.4,2.4,2.4,446
2018-09-26,2.3,2.4,2.3,2.4,1400
2018-09-27,2.3,2.3,2.3,2.3,2000
2018-09-28,2.4,2.4,2.4,2.4,124
2018-10-01,2.4,2.4,2.4,2.4,2700
2018-10-02,2.5,2.5,2.5,2.5,900
2018-10-03,2.5,2.5,2.5,2.5,0
2018-10-04,2.5,2.5,2.5,2.5,0
2018-10-05,2.5,2.5,2.5,2.5,0
2018-10-08,2.5,2.5,2.5,2.5,0
2018-10-09,2.5,2.5,2.5,2.5,0
2018-10-10,2.5,2.5,2.5,2.5,0
2018-10-11,2.5,2.5,2.5,2.5,0
2018-10-12,2.5,2.5,2.5,2.5,0
2018-10-15,2.5,2.5,2.5,2.5,0
2018-10-16,2.5,2.5,2.5,2.5,0
2018-10-17,2.5,2.5,2.5,2.5,0
2018-10-18,2.5,2.5,2.5,2.5,0
2018-10-19,2.5,2.5,2.5,2.5,0
2018-10-22,2.5,2.5,2.5,2.5,0
2018-10-23,2.5,2.5,2.5,2.5,0
2018-10-24,2.5,2.5,2.5,2.5,0
2018-10-25,2.5,2.5,2.5,2.5,0
2018-10-26,2.5,2.5,2.5,2.5,0
2018-10-29,2.5,2.5,2.5,2.5,0
2018-10-30,2.5,2.5,2.5,2.5,0
2018-10-31,2.5,2.5,2.5,2.5,0
2018-11-01,2.5,2.5,2.5,2.5,0
2018-11-02,2.3,2.3,2.2,2.3,14600
2018-11-05,2.2,2.2,2.2,2.2,0
2018-11-06,2.2,2.2,2.2,2.2,0
2018-11-07,2.2,2.2,2.2,2.2,0
2018-11-08,2.2,2.2,2.2,2.2,0
2018-11-09,1.9,2.2,1.9,2.2,200
2018-11-12,2.2,2.2,2.2,2.2,100
2018-11-13,2.3,2.3,2.3,2.3,500
2018-11-14,2.4,2.4,2.4,2.4,200
2018-11-15,2.2,2.2,2.2,2.2,600
2018-11-16,2.2,2.2,2.2,2.2,0
2018-11-19,2.3,2.5,2.3,2.4,818
2018-11-20,2.4,2.4,2.4,2.4,50
2018-11-21,2.4,2.4,2.4,2.4,0
2018-11-22,2.5,2.5,2.5,2.5,118
2018-11-23,2.5,2.5,2.5,2.5,0
2018-11-26,2.5,2.5,2.5,2.5,0
2018-11-27,2.5,2.5,2.5,2.5,0
2018-11-28,2.6,2.8,2.6,2.8,1900
2018-11-29,2.7,2.8,2.8,2.8,0
2018-11-30,2.3,2.6,2.3,2.6,500
2018-12-03,2.5,2.5,2.5,2.6,10
2018-12-04,2.5,2.5,2.5,2.5,100
2018-12-05,2.6,2.6,2.6,2.6,100
2018-12-06,2.6,2.6,2.6,2.6,0
2018-12-07,2.6,2.6,2.6,2.6,0
2018-12-10,2.3,2.6,2.3,2.6,2100
2018-12-11,2.2,2.2,2.1,2.1,2618
2018-12-12,2.0,2.0,1.9,1.9,11267
2018-12-13,1.7,2.1,1.7,2.1,2508
2018-12-14,1.7,1.8,1.6,1.8,7060
2018-12-17,1.8,1.8,1.7,1.7,200
2018-12-18,2.0,2.0,2.0,2.0,100
2018-12-19,2.2,2.2,2.2,2.2,100
2018-12-20,2.2,2.2,2.2,2.2,0
2018-12-21,2.2,2.2,2.2,2.2,0
2018-12-24,2.2,2.2,2.2,2.2,0
2018-12-25,2.2,2.2,2.2,2.2,0
2018-12-26,2.2,2.2,2.2,2.2,0
2018-12-27,2.2,2.2,2.2,2.2,0
2018-12-28,2.2,2.2,2.2,2.2,0
2019-01-02,2.2,2.2,2.2,2.2,0
2019-01-03,2.2,2.2,2.2,2.2,0
2019-01-04,2.2,2.2,2.2,2.2,70
2019-01-07,1.9,1.9,1.9,1.9,670
2019-01-08,1.7,1.7,1.7,1.7,2140
2019-01-09,1.5,1.5,1.5,1.5,810
2019-01-10,1.5,1.5,1.5,1.5,118
2019-01-11,1.5,1.5,1.5,1.5,0
2019-01-14,1.6,1.6,1.6,1.6,600
2019-01-15,1.4,1.4,1.4,1.4,2599
2019-01-16,1.5,1.6,1.5,1.6,500
2019-01-17,1.6,1.6,1.6,1.6,0
2019-01-18,1.5,1.5,1.5,1.5,2350
2019-01-21,1.5,1.5,1.5,1.5,0
2019-01-22,1.5,1.5,1.5,1.5,0
2019-01-23,1.7,1.7,1.5,1.6,600
2019-01-24,1.8,1.8,1.8,1.8,200
2019-01-25,2.0,2.0,2.0,2.0,180
2019-01-28,2.0,2.0,2.0,2.0,300
2019-01-29,1.7,2.3,1.7,2.3,900
2019-01-30,2.0,2.0,2.0,2.0,131
2019-01-31,1.7,1.7,1.7,1.7,500
2019-02-01,1.7,1.7,1.7,1.7,0
2019-02-11,1.7,1.7,1.7,1.7,100
2019-02-12,1.7,1.7,1.7,1.7,0
2019-02-13,1.6,1.6,1.5,1.5,4500
2019-02-14,1.5,1.5,1.4,1.4,15200
2019-02-15,1.3,1.3,1.3,1.3,1340
2019-02-18,1.4,1.4,1.4,1.4,300
2019-02-19,1.4,1.4,1.4,1.4,100
2019-02-20,1.4,1.4,1.4,1.4,400
2019-02-21,1.4,1.4,1.4,1.4,0
2019-02-22,1.5,1.6,1.5,1.5,3600
2019-02-25,1.4,1.4,1.4,1.4,3800
2019-02-26,1.5,1.5,1.4,1.4,2300
2019-02-27,1.4,1.4,1.4,1.4,40
2019-02-28,1.5,1.5,1.5,1.5,310
2019-03-01,1.5,1.6,1.5,1.6,600
2019-03-04,1.6,1.8,1.4,1.6,2800
2019-03-05,1.6,1.6,1.6,1.6,100
2019-03-06,1.6,1.6,1.6,1.6,0
2019-03-07,1.7,1.8,1.4,1.5,3700
2019-03-08,1.7,1.8,1.4,1.4,7700
2019-03-11,1.7,1.7,1.7,1.7,100
2019-03-12,1.6,1.7,1.5,1.6,2900
2019-03-13,1.7,1.7,1.7,1.7,100
2019-03-14,1.5,1.7,1.5,1.7,2009
2019-03-15,1.7,1.7,1.5,1.5,3500
2019-03-18,1.6,1.6,1.6,1.6,250
2019-03-19,1.6,1.6,1.6,1.6,100
2019-03-20,1.4,1.7,1.4,1.7,1600
2019-03-21,1.4,1.4,1.3,1.3,2201
2019-03-22,1.4,1.4,1.4,1.4,500
2019-03-25,1.6,1.6,1.5,1.6,1900
2019-03-26,1.6,1.6,1.6,1.6,1100
2019-03-27,1.6,1.6,1.6,1.6,1100
2019-03-28,1.6,1.7,1.6,1.7,539
2019-03-29,1.6,1.7,1.6,1.7,600
2019-04-01,1.6,1.9,1.6,1.9,3000
2019-04-02,1.8,1.9,1.9,1.9,0
2019-04-03,1.8,1.9,1.9,1.9,0
2019-04-04,1.7,1.8,1.7,1.8,200
2019-04-05,1.8,1.8,1.8,1.8,0
2019-04-08,1.7,1.7,1.7,1.7,100
2019-04-09,1.6,1.9,1.5,1.7,5211
2019-04-10,1.7,1.7,1.7,1.7,289
2019-04-11,1.7,1.7,1.7,1.7,0
2019-04-12,1.5,1.5,1.5,1.5,600
2019-04-16,1.7,1.7,1.7,1.7,750
2019-04-17,1.7,1.7,1.7,1.7,0
2019-04-18,1.5,1.7,1.5,1.7,1129
2019-04-19,1.6,1.6,1.4,1.4,700
2019-04-22,1.6,1.6,1.6,1.6,100
2019-04-23,1.6,1.6,1.6,1.6,0
2019-04-24,1.7,1.7,1.7,1.7,100
2019-04-25,1.7,1.7,1.7,1.7,0
2019-04-26,1.7,1.7,1.7,1.7,0
2019-05-02,1.6,1.6,1.6,1.6,200
2019-05-03,1.6,1.6,1.6,1.6,100
2019-05-06,1.6,1.6,1.6,1.6,0
2019-05-07,1.6,1.6,1.6,1.6,0
2019-05-08,1.6,1.6,1.6,1.6,0
2019-05-09,1.6,1.6,1.6,1.6,100
2019-05-10,1.6,1.6,1.6,1.6,0
2019-05-13,1.6,1.6,1.6,1.6,0
2019-05-14,1.6,1.6,1.6,1.6,10
2019-05-15,1.6,1.6,1.6,1.6,0
2019-05-16,1.6,1.7,1.6,1.7,1000
2019-05-17,1.6,1.6,1.6,1.6,1030
2019-05-20,1.6,1.7,1.6,1.7,1800
2019-05-21,1.6,1.6,1.6,1.6,1800
2019-05-22,1.6,1.6,1.6,1.6,0
2019-05-23,1.6,1.6,1.6,1.6,0
2019-05-24,1.6,1.6,1.6,1.6,0
2019-05-27,1.6,1.6,1.6,1.6,0
2019-05-28,1.6,1.6,1.6,1.6,0
2019-05-29,1.6,1.6,1.6,1.6,0
2019-05-30,1.6,1.6,1.6,1.6,0
2019-05-31,1.4,1.6,1.4,1.6,3100
2019-06-03,1.5,1.6,1.6,1.6,0
2019-06-04,1.5,1.6,1.6,1.6,0
2019-06-05,1.5,1.6,1.6,1.6,0
2019-06-06,1.5,1.6,1.6,1.6,0
2019-06-07,1.3,1.6,1.3,1.6,739
2019-06-10,1.5,1.6,1.6,1.6,0
2019-06-11,1.5,1.6,1.6,1.6,0
2019-06-12,1.5,1.6,1.6,1.6,0
2019-06-13,1.5,1.6,1.6,1.6,0
2019-06-14,1.6,1.6,1.5,1.5,1100
2019-06-17,1.6,1.5,1.5,1.5,0
2019-06-18,1.6,1.5,1.5,1.5,0
2019-06-19,1.6,1.5,1.5,1.5,0
2019-06-20,1.6,1.6,1.6,1.6,0
2019-06-21,1.7,1.7,1.7,1.7,2209
2019-06-24,1.7,1.7,1.7,1.7,0
2019-06-25,1.7,1.7,1.7,1.7,0
2019-06-26,1.7,1.7,1.7,1.7,0
2019-06-27,1.7,1.7,1.7,1.7,0
2019-06-28,1.7,1.7,1.7,1.7,0
2019-07-01,1.7,1.7,1.7,1.7,0
2019-07-02,1.7,1.7,1.7,1.7,0
2019-07-03,1.7,1.7,1.7,1.7,0
2019-07-04,1.7,1.7,1.7,1.7,0
2019-07-05,1.6,1.7,1.6,1.7,2922
2019-07-08,1.6,1.7,1.7,1.7,0
2019-07-09,1.6,1.7,1.7,1.7,0
2019-07-10,1.6,1.7,1.7,1.7,0
2019-07-11,1.6,1.7,1.7,1.7,0
2019-07-12,1.6,1.6,1.6,1.6,1000
2019-07-15,1.6,1.6,1.6,1.6,14200
2019-07-16,1.6,1.6,1.6,1.6,800
2019-07-17,1.7,1.7,1.7,1.7,230
2019-07-18,1.7,1.7,1.7,1.7,0
2019-07-19,1.7,1.7,1.7,1.7,1000
2019-07-22,1.7,1.7,1.7,1.7,100100
2019-07-23,1.7,1.7,1.7,1.7,0
2019-07-24,1.7,1.7,1.7,1.7,0
2019-07-25,1.7,1.7,1.7,1.7,2000
2019-07-26,1.7,1.7,1.7,1.7,0
2019-07-29,1.7,1.7,1.7,1.7,0
2019-07-30,1.7,1.7,1.7,1.7,0
2019-07-31,1.7,1.7,1.7,1.7,0
2019-08-01,1.7,1.7,1.7,1.7,0
2019-08-02,1.7,1.7,1.7,1.7,0
2019-08-05,1.7,1.7,1.7,1.7,0
2019-08-06,1.7,1.7,1.7,1.7,0
2019-08-07,1.7,1.7,1.7,1.7,0
2019-08-08,1.7,1.7,1.7,1.7,0
2019-08-09,1.7,1.7,1.7,1.7,0
2019-08-12,1.7,1.7,1.7,1.7,0
2019-08-13,1.7,1.7,1.7,1.7,0
2019-08-14,1.7,1.7,1.7,1.7,0
2019-08-15,1.7,1.7,1.7,1.7,0
2019-08-16,1.7,1.7,1.7,1.7,0
2019-08-19,1.5,1.5,1.5,1.5,100
2019-08-20,1.7,1.7,1.7,1.7,100
2019-08-21,1.7,1.7,1.7,1.7,0
2019-08-22,1.7,1.7,1.7,1.7,0
2019-08-23,1.7,1.7,1.7,1.7,700
2019-08-26,1.7,1.7,1.7,1.7,0
2019-08-27,1.7,1.7,1.7,1.7,0
2019-08-28,1.5,1.9,1.5,1.9,2000
2019-08-29,1.6,1.6,1.6,1.6,1000
2019-08-30,1.8,1.8,1.5,1.5,5200
2019-09-03,1.5,1.5,1.5,1.5,0
2019-09-04,1.5,1.5,1.5,1.5,0
2019-09-05,1.5,1.5,1.5,1.5,0
2019-09-06,1.5,1.5,1.5,1.5,0
2019-09-09,1.5,1.5,1.5,1.5,0
2019-09-10,1.5,1.5,1.5,1.5,0
2019-09-11,1.5,1.5,1.5,1.5,0
2019-09-12,1.5,1.5,1.5,1.5,0
2019-09-13,1.5,1.5,1.5,1.5,200
2019-09-16,1.4,1.5,1.3,1.5,19000
2019-09-17,1.6,1.6,1.6,1.6,100
2019-09-18,1.6,1.6,1.6,1.6,0
2019-09-19,1.6,1.6,1.6,1.6,0
2019-09-20,1.6,1.6,1.6,1.6,0
2019-09-23,1.6,1.6,1.6,1.6,0
2019-09-24,1.6,1.6,1.6,1.6,0
2019-09-25,1.5,1.5,1.5,1.5,506
2019-09-26,1.4,1.4,1.3,1.3,5100
2019-09-27,1.4,1.4,1.4,1.4,4600
2019-09-30,1.4,1.4,1.4,1.4,0
2019-10-01,1.4,1.4,1.4,1.4,0
2019-10-02,1.4,1.4,1.4,1.4,0
2019-10-03,1.4,1.4,1.4,1.4,0
2019-10-04,1.4,1.4,1.4,1.4,0
2019-10-07,1.4,1.4,1.4,1.4,0
2019-10-08,1.4,1.4,1.4,1.4,0
2019-10-09,1.4,1.4,1.4,1.4,0
2019-10-10,1.4,1.4,1.4,1.4,0
2019-10-11,1.4,1.4,1.4,1.4,0
2019-10-14,1.4,1.4,1.4,1.4,0
2019-10-15,1.4,1.4,1.4,1.4,0
2019-10-16,1.4,1.4,1.4,1.4,0
2019-10-17,1.4,1.4,1.4,1.4,0
2019-10-18,1.4,1.4,1.4,1.4,0
2019-10-21,1.4,1.4,1.4,1.4,0
2019-10-22,1.4,1.4,1.4,1.4,0
2019-10-23,1.4,1.4,1.4,1.4,0
2019-10-24,1.4,1.4,1.4,1.4,0
2019-10-25,1.4,1.4,1.4,1.4,300
2019-10-28,1.4,1.4,1.4,1.4,0
2019-10-29,1.4,1.4,1.4,1.4,0
2019-10-30,1.4,1.4,1.4,1.4,0
2019-10-31,1.4,1.4,1.4,1.4,0
2019-11-01,1.4,1.4,1.4,1.4,0
2019-11-04,1.4,1.4,1.4,1.4,0
2019-11-05,1.4,1.4,1.4,1.4,0
2019-11-06,1.4,1.4,1.4,1.4,0
2019-11-07,1.4,1.4,1.4,1.4,0
2019-11-08,1.5,1.5,1.5,1.5,100
2019-11-11,1.5,1.5,1.5,1.5,0
2019-11-12,1.5,1.5,1.5,1.5,0
2019-11-13,1.5,1.5,1.5,1.5,0
2019-11-14,1.5,1.5,1.5,1.5,0
2019-11-15,1.5,1.5,1.5,1.5,0
2019-11-18,1.5,1.5,1.5,1.5,0
2019-11-19,1.5,1.5,1.5,1.5,0
2019-11-20,1.5,1.5,1.5,1.5,0
2019-11-21,1.5,1.5,1.5,1.5,0
2019-11-22,1.5,1.5,1.5,1.5,0
2019-11-25,1.5,1.5,1.5,1.5,0
2019-11-26,1.5,1.5,1.5,1.5,0
2019-11-27,1.5,1.5,1.5,1.5,0
2019-11-28,1.5,1.5,1.5,1.5,0
2019-11-29,1.5,1.5,1.5,1.5,40
2019-12-02,1.5,1.5,1.5,1.5,0
2019-12-03,1.5,1.5,1.5,1.5,0
2019-12-04,1.5,1.5,1.5,1.5,0
2019-12-05,1.5,1.5,1.5,1.5,0
2019-12-06,1.5,1.5,1.5,1.5,0
2019-12-09,1.5,1.5,1.5,1.5,0
2019-12-10,1.5,1.5,1.5,1.5,0
2019-12-11,1.5,1.5,1.5,1.5,0
2019-12-12,1.5,1.5,1.5,1.5,0
2019-12-13,1.5,1.5,1.5,1.5,0
2019-12-16,1.5,1.5,1.5,1.5,0
2019-12-17,1.5,1.5,1.5,1.5,0
2019-12-18,1.5,1.5,1.5,1.5,0
2019-12-19,1.5,1.5,1.5,1.5,0
2019-12-20,1.5,1.5,1.5,1.5,0
2019-12-23,1.5,1.5,1.5,1.5,0
2019-12-24,1.5,1.5,1.5,1.5,0
2019-12-25,1.5,1.5,1.5,1.5,0
2019-12-26,1.5,1.5,1.5,1.5,0
2019-12-27,1.5,1.5,1.5,1.5,0
2019-12-30,1.5,1.5,1.5,1.5,0
2019-12-31,1.5,1.5,1.5,1.5,0
2020-01-02,1.5,1.5,1.5,1.5,0
2020-01-03,1.5,1.5,1.5,1.5,0
2020-01-06,1.5,1.5,1.5,1.5,0
2020-01-07,1.5,1.5,1.5,1.5,0
2020-01-08,1.5,1.5,1.5,1.5,0
2020-01-09,1.5,1.5,1.5,1.5,0
2020-01-10,1.5,1.5,1.5,1.5,0
2020-01-13,1.5,1.5,1.5,1.5,0
2020-01-14,1.5,1.5,1.5,1.5,0
2020-01-15,1.5,1.5,1.5,1.5,0
2020-01-16,1.5,1.5,1.5,1.5,0
2020-01-17,1.5,1.5,1.5,1.5,0
2020-01-20,1.5,1.5,1.5,1.5,0
2020-01-21,1.5,1.5,1.5,1.5,0
2020-01-22,1.5,1.5,1.5,1.5,0
2020-01-30,1.5,1.5,1.5,1.5,0
2020-01-31,1.5,1.5,1.5,1.5,0
2020-02-03,1.5,1.5,1.5,1.5,0
2020-02-04,1.5,1.5,1.5,1.5,0
2020-02-05,1.5,1.5,1.5,1.5,0
2020-02-06,1.5,1.5,1.5,1.5,0
2020-02-07,1.5,1.5,1.5,1.5,0
2020-02-10,1.5,1.5,1.5,1.5,0
2020-02-11,1.5,1.5,1.5,1.5,0
2020-02-12,1.5,1.5,1.5,1.5,0
2020-02-13,1.5,1.5,1.5,1.5,0
2020-02-14,1.5,1.5,1.5,1.5,0
2020-02-17,1.5,1.5,1.5,1.5,0
2020-02-18,1.5,1.5,1.5,1.5,0
2020-02-19,1.5,1.5,1.5,1.5,0
2020-02-20,1.5,1.5,1.5,1.5,0
2020-02-21,1.5,1.5,1.5,1.5,0
2020-02-24,1.5,1.5,1.5,1.5,0
2020-02-25,1.5,1.5,1.5,1.5,0
2020-02-26,1.5,1.5,1.5,1.5,0
2020-02-27,1.5,1.5,1.5,1.5,0
2020-02-28,1.5,1.5,1.5,1.5,0
2020-03-02,1.5,1.5,1.5,1.5,0
2020-03-03,1.5,1.5,1.5,1.5,0
2020-03-04,1.5,1.5,1.5,1.5,0
2020-03-05,1.5,1.5,1.5,1.5,0
2020-03-06,1.5,1.5,1.5,1.5,0
2020-03-09,1.5,1.5,1.5,1.5,0
2020-03-10,1.5,1.5,1.5,1.5,0
2020-03-11,1.5,1.5,1.5,1.5,0
2020-03-12,1.5,1.5,1.5,1.5,0
2020-03-13,1.5,1.5,1.5,1.5,0
2020-03-16,1.5,1.5,1.5,1.5,0
2020-03-17,1.5,1.5,1.5,1.5,0
2020-03-18,1.5,1.5,1.5,1.5,0
2020-03-19,1.5,1.5,1.5,1.5,0
2020-03-20,1.5,1.5,1.5,1.5,0
2020-03-23,1.5,1.5,1.5,1.5,0
2020-03-24,1.5,1.5,1.5,1.5,0
2020-03-25,1.5,1.5,1.5,1.5,0
2020-03-26,1.5,1.5,1.5,1.5,0
2020-03-27,1.5,1.5,1.5,1.5,0
2020-03-30,1.5,1.5,1.5,1.5,0
2020-03-31,1.5,1.5,1.5,1.5,0
2020-04-01,1.5,1.5,1.5,1.5,0
2020-04-03,1.3,1.3,1.3,1.3,100
2020-04-06,1.3,1.3,1.3,1.3,0
2020-04-07,1.3,1.3,1.3,1.3,0
2020-04-08,1.3,1.3,1.3,1.3,0
2020-04-09,1.3,1.3,1.3,1.3,0
2020-04-10,1.3,1.3,1.3,1.3,0
2020-04-13,1.3,1.3,1.3,1.3,0
2020-04-14,1.3,1.3,1.3,1.3,0
2020-04-15,1.3,1.3,1.3,1.3,0
2020-04-16,1.3,1.3,1.3,1.3,0
2020-04-17,1.3,1.3,1.3,1.3,0
2020-04-20,1.3,1.3,1.3,1.3,0
2020-04-21,1.3,1.3,1.3,1.3,0
2020-04-22,1.3,1.3,1.3,1.3,0
2020-04-23,1.3,1.3,1.3,1.3,0
2020-04-24,1.3,1.3,1.3,1.3,0
2020-04-27,1.3,1.3,1.3,1.3,0
2020-04-28,1.3,1.3,1.3,1.3,0
2020-04-29,1.3,1.3,1.3,1.3,0
2020-05-04,1.3,1.3,1.3,1.3,0
2020-05-05,1.3,1.3,1.3,1.3,0
2020-05-06,1.3,1.3,1.3,1.3,0
2020-05-07,1.3,1.3,1.3,1.3,0
2020-05-08,1.3,1.3,1.3,1.3,0
2020-05-11,1.3,1.3,1.3,1.3,0
2020-05-12,1.3,1.3,1.3,1.3,0
2020-05-13,1.3,1.3,1.3,1.3,0
2020-05-14,1.3,1.3,1.3,1.3,0
2020-05-15,1.3,1.3,1.3,1.3,0
2020-05-18,1.3,1.3,1.3,1.3,0
2020-05-19,1.3,1.3,1.3,1.3,0
2020-05-20,1.3,1.3,1.3,1.3,0
2020-05-21,1.3,1.3,1.3,1.3,0
2020-05-22,1.3,1.3,1.3,1.3,0
2020-05-25,1.3,1.3,1.3,1.3,0
2020-05-26,1.3,1.3,1.3,1.3,0
2020-05-27,1.3,1.3,1.3,1.3,0
2020-05-28,1.3,1.3,1.3,1.3,0
2020-05-29,1.3,1.3,1.3,1.3,0
2020-06-01,1.3,1.3,1.3,1.3,0
2020-06-02,1.3,1.3,1.3,1.3,0
2020-06-03,1.3,1.3,1.3,1.3,0
2020-06-04,1.3,1.3,1.3,1.3,0
2020-06-05,1.3,1.3,1.3,1.3,0
2020-06-08,1.3,1.3,1.3,1.3,0
2020-06-09,1.3,1.3,1.3,1.3,0
2020-06-10,1.3,1.3,1.3,1.3,0
2020-06-11,1.3,1.3,1.3,1.3,0
2020-06-12,1.3,1.3,1.3,1.3,0
2020-06-15,1.3,1.3,1.3,1.3,0
2020-06-16,1.3,1.3,1.3,1.3,0
2020-06-17,1.3,1.3,1.3,1.3,0
2020-06-18,1.3,1.3,1.3,1.3,0
2020-06-19,1.3,1.3,1.3,1.3,0
2020-06-22,1.3,1.3,1.3,1.3,0
2020-06-23,1.3,1.3,1.3,1.3,0
2020-06-24,1.3,1.3,1.3,1.3,0
2020-06-25,1.3,1.3,1.3,1.3,0
2020-06-26,1.4,1.4,1.4,1.4,1000
2020-06-29,1.4,1.4,1.4,1.4,0
2020-06-30,1.4,1.4,1.4,1.4,0
2020-07-01,1.4,1.4,1.4,1.4,0
2020-07-02,1.4,1.4,1.4,1.4,0
2020-07-03,1.2,1.2,1.2,1.2,259
2020-07-06,1.2,1.2,1.2,1.2,0
2020-07-07,1.2,1.2,1.2,1.2,0
2020-07-08,1.2,1.2,1.2,1.2,0
2020-07-09,1.2,1.2,1.2,1.2,0
2020-07-10,1.1,1.1,1.1,1.1,260
2020-07-13,1.1,1.1,1.1,1.1,0
2020-07-14,1.1,1.1,1.1,1.1,0
2020-07-15,1.1,1.1,1.1,1.1,0
2020-07-16,1.1,1.1,1.1,1.1,0
2020-07-17,1.1,1.1,1.1,1.1,0
2020-07-20,1.1,1.1,1.1,1.1,0
2020-07-21,1.1,1.1,1.1,1.1,0
2020-07-22,1.1,1.1,1.1,1.1,0
2020-07-23,1.1,1.1,1.1,1.1,0
2020-07-24,1.0,1.0,1.0,1.0,135
2020-07-27,1.0,1.0,1.0,1.0,0
2020-07-28,1.0,1.0,1.0,1.0,0
2020-07-29,1.0,1.0,1.0,1.0,0
2020-07-30,1.0,1.0,1.0,1.0,0
2020-07-31,1.0,1.0,1.0,1.0,0
2020-08-03,1.0,1.0,1.0,1.0,0
2020-08-04,1.0,1.0,1.0,1.0,0
2020-08-05,1.0,1.0,1.0,1.0,0
2020-08-06,1.0,1.0,1.0,1.0,0
2020-08-07,0.9,1.0,0.9,1.0,400
2020-08-10,0.9,1.0,1.0,1.0,0
2020-08-11,0.9,1.0,1.0,1.0,0
2020-08-12,0.9,1.0,1.0,1.0,0
2020-08-13,0.9,1.0,1.0,1.0,0
2020-08-14,0.8,0.8,0.8,0.8,200
2020-08-17,0.8,0.8,0.8,0.8,0
2020-08-18,0.8,0.8,0.8,0.8,0
2020-08-19,0.8,0.8,0.8,0.8,0
2020-08-20,0.8,0.8,0.8,0.8,0
2020-08-21,0.8,0.8,0.8,0.8,10500
2020-08-24,0.8,0.8,0.8,0.8,0
2020-08-25,0.8,0.8,0.8,0.8,0
2020-08-26,0.8,0.8,0.8,0.8,0
2020-08-27,0.8,0.8,0.8,0.8,0
2020-08-28,0.9,0.9,0.7,0.9,19000
2020-08-31,0.8,0.9,0.9,0.9,0
2020-09-01,0.8,0.9,0.9,0.9,0
2020-09-03,0.8,0.9,0.9,0.9,0
2020-09-04,0.7,0.9,0.7,0.9,200
2020-09-07,0.8,0.9,0.9,0.9,0
2020-09-08,0.8,0.9,0.9,0.9,0
2020-09-09,0.8,0.9,0.9,0.9,0
2020-09-10,0.8,0.9,0.9,0.9,0
2020-09-11,0.9,0.9,0.8,0.8,4200
2020-09-14,0.9,0.8,0.8,0.8,0
2020-09-15,0.9,0.8,0.8,0.8,0
2020-09-16,0.9,0.8,0.8,0.8,0
2020-09-17,0.9,0.8,0.8,0.8,0
2020-09-18,1.0,1.0,1.0,1.0,2200
2020-09-21,1.0,1.0,1.0,1.0,0
2020-09-22,1.0,1.0,1.0,1.0,0
2020-09-23,1.0,1.0,1.0,1.0,0
2020-09-24,1.0,1.0,1.0,1.0,0
2020-09-25,1.0,1.1,1.0,1.1,2400
2020-09-28,1.1,1.1,1.1,1.1,0
2020-09-29,1.1,1.1,1.1,1.1,0
2020-09-30,1.1,1.1,1.1,1.1,0
2020-10-01,1.1,1.1,1.1,1.1,0
2020-10-02,1.2,1.2,1.2,1.2,401
2020-10-05,1.2,1.2,1.2,1.2,0
2020-10-06,1.2,1.2,1.2,1.2,0
2020-10-07,1.2,1.2,1.2,1.2,0
2020-10-08,1.2,1.2,1.2,1.2,0
2020-10-09,1.3,1.3,1.3,1.3,100
2020-10-12,1.3,1.3,1.3,1.3,0
2020-10-13,1.3,1.3,1.3,1.3,0
2020-10-14,1.3,1.3,1.3,1.3,0
2020-10-15,1.3,1.3,1.3,1.3,0
2020-10-16,1.3,1.3,1.2,1.2,72500
2020-10-19,1.23,1.23,1.23,1.23,0
2020-10-20,1.23,1.23,1.23,1.23,0
2020-10-21,1.2,1.2,1.2,1.2,0
2020-10-22,1.2,1.2,1.2,1.2,0
2020-10-23,1.1,1.1,1.1,1.1,20400
2020-10-26,1.1,1.1,1.1,1.1,0
2020-10-27,1.1,1.1,1.1,1.1,0
2020-10-28,1.1,1.1,1.1,1.1,0
2020-10-29,1.1,1.1,1.1,1.1,0
2020-10-30,1.0,1.0,1.0,1.0,17100
2020-11-02,1.0,1.0,1.0,1.0,0
2020-11-03,1.0,1.0,1.0,1.0,0
2020-11-04,1.0,1.0,1.0,1.0,0
2020-11-05,1.0,1.0,1.0,1.0,0
2020-11-06,0.9,0.9,0.9,0.9,53500
2020-11-09,0.9,0.9,0.9,0.9,0
2020-11-10,0.9,0.9,0.9,0.9,0
2020-11-11,0.9,0.9,0.9,0.9,0
2020-11-12,0.9,0.9,0.9,0.9,0
2020-11-13,1.0,1.0,1.0,1.0,100
2020-11-16,1.0,1.0,1.0,1.0,0
2020-11-17,1.0,1.0,1.0,1.0,0
2020-11-18,1.0,1.0,1.0,1.0,0
2020-11-19,1.0,1.0,1.0,1.0,0
2020-11-20,1.0,1.1,0.9,1.1,20600
2020-11-23,1.0,1.1,1.1,1.1,0
2020-11-24,1.0,1.1,1.1,1.1,0
2020-11-25,1.0,1.1,1.1,1.1,0
2020-11-26,1.0,1.1,1.1,1.1,0
2020-11-27,1.1,1.1,1.1,1.1,4700
2020-11-30,1.1,1.1,1.1,1.1,0
2020-12-01,1.1,1.1,1.1,1.1,0
2020-12-02,1.1,1.1,1.1,1.1,0
2020-12-03,1.1,1.1,1.1,1.1,0
2020-12-04,1.2,1.2,1.2,1.2,100
2020-12-07,1.2,1.2,1.2,1.2,0
2020-12-08,1.2,1.2,1.2,1.2,0
2020-12-09,1.2,1.2,1.2,1.2,0
2020-12-10,1.2,1.2,1.2,1.2,0
2020-12-11,1.3,1.3,1.3,1.3,160
2020-12-14,1.3,1.3,1.3,1.3,0
2020-12-15,1.3,1.3,1.3,1.3,0
2020-12-16,1.3,1.3,1.3,1.3,0
2020-12-17,1.3,1.3,1.3,1.3,0
2020-12-18,1.4,1.4,1.4,1.4,105
2020-12-21,1.4,1.4,1.4,1.4,0
2020-12-22,1.4,1.4,1.4,1.4,0
2020-12-23,1.4,1.4,1.4,1.4,0
2020-12-24,1.4,1.4,1.4,1.4,0
2020-12-25,1.6,1.6,1.6,1.6,220
2020-12-28,1.6,1.6,1.6,1.6,0
2020-12-29,1.6,1.6,1.6,1.6,0
2020-12-30,1.6,1.6,1.6,1.6,0
2020-12-31,1.6,1.6,1.6,1.6,0
2021-01-04,1.6,1.6,1.6,1.6,0
2021-01-05,1.6,1.6,1.6,1.6,0
2021-01-06,1.6,1.6,1.6,1.6,0
2021-01-07,1.6,1.6,1.6,1.6,0
2021-01-08,1.8,1.8,1.7,1.8,3464
2021-01-11,1.8,1.8,1.8,1.8,0
2021-01-12,1.8,1.8,1.8,1.8,0
2021-01-13,1.8,1.8,1.8,1.8,0
2021-01-14,1.8,1.8,1.8,1.8,0
2021-01-15,2.0,2.0,1.9,2.0,8910
2021-01-18,2.0,2.0,2.0,2.0,0
2021-01-19,2.0,2.0,2.0,2.0,0
2021-01-20,2.0,2.0,2.0,2.0,0
2021-01-21,2.0,2.0,2.0,2.0,0
2021-01-22,2.3,2.3,2.0,2.2,23828
2021-01-25,2.1,2.2,2.2,2.2,0
2021-01-26,2.1,2.2,2.2,2.2,0
2021-01-27,2.1,2.2,2.2,2.2,0
2021-01-28,2.1,2.2,2.2,2.2,0
2021-01-29,2.4,2.4,1.8,2.0,2400
2021-02-01,2.0,2.0,2.0,2.0,0
2021-02-02,2.0,2.0,2.0,2.0,0
2021-02-03,2.0,2.0,2.0,2.0,0
2021-02-04,2.0,2.0,2.0,2.0,0
2021-02-05,1.7,2.2,1.7,2.0,12300
2021-02-08,1.7,2.0,2.0,2.0,0
2021-02-09,1.7,2.0,2.0,2.0,0
2021-02-17,1.7,1.7,1.7,1.7,0
2021-02-18,1.7,2.0,2.0,2.0,0
2021-02-19,1.7,1.9,1.7,1.9,4500
2021-02-22,1.9,1.9,1.9,1.9,0
2021-02-23,1.9,1.9,1.9,1.9,0
2021-02-24,1.9,1.9,1.9,1.9,0
2021-02-25,1.9,1.9,1.9,1.9,0
2021-02-26,2.0,2.0,2.0,2.0,4100
2021-03-01,2.0,2.0,2.0,2.0,0
2021-03-02,2.0,2.0,2.0,2.0,0
2021-03-03,2.0,2.0,2.0,2.0,0
2021-03-04,2.0,2.0,2.0,2.0,0
2021-03-05,1.9,2.1,1.8,1.9,9100
2021-03-08,1.9,1.9,1.9,1.9,0
2021-03-09,1.9,1.9,1.9,1.9,0
2021-03-10,1.9,1.9,1.9,1.9,0
2021-03-11,1.9,1.9,1.9,1.9,0
2021-03-12,2.1,2.1,1.9,1.9,400
2021-03-15,2.0,1.9,1.9,1.9,0
2021-03-16,2.0,1.9,1.9,1.9,0
2021-03-17,2.0,1.9,1.9,1.9,0
2021-03-18,2.0,1.9,1.9,1.9,0
2021-03-19,2.0,1.9,1.9,1.9,0
2021-03-22,2.0,1.9,1.9,1.9,0
2021-03-23,2.0,1.9,1.9,1.9,0
2021-03-24,2.0,1.9,1.9,1.9,0
2021-03-25,2.0,1.9,1.9,1.9,0
2021-03-26,2.0,2.2,1.8,2.0,14200
2021-03-29,2.0,2.0,2.0,2.0,0
2021-03-30,2.0,2.0,2.0,2.0,0
2021-03-31,2.0,2.0,2.0,2.0,0
2021-04-01,2.0,2.0,2.0,2.0,0
2021-04-02,1.8,1.9,1.7,1.7,27200
2021-04-05,1.7,1.7,1.7,1.7,0
2021-04-06,1.7,1.7,1.7,1.7,0
2021-04-07,1.7,1.7,1.7,1.7,0
2021-04-08,1.7,1.7,1.7,1.7,0
2021-04-09,1.6,1.9,1.6,1.9,35200
2021-04-12,1.8,1.9,1.9,1.9,0
2021-04-13,1.8,1.9,1.9,1.9,0
2021-04-14,1.8,1.9,1.9,1.9,0
2021-04-15,1.8,1.9,1.9,1.9,0
2021-04-16,2.0,2.0,1.9,2.0,38209
2021-04-19,2.0,2.0,2.0,2.0,0
2021-04-20,2.0,2.0,2.0,2.0,0
2021-04-22,2.0,2.0,2.0,2.0,0
2021-04-23,2.2,2.3,2.2,2.3,96640
2021-04-26,2.3,2.3,2.3,2.3,0
2021-04-27,2.3,2.3,2.3,2.3,0
2021-04-28,2.3,2.3,2.3,2.3,0
2021-04-29,2.3,2.3,2.3,2.3,0
2021-05-04,2.3,2.3,2.3,2.3,0
2021-05-05,2.3,2.3,2.3,2.3,0
2021-05-06,2.3,2.3,2.3,2.3,0
2021-05-07,2.4,2.6,2.4,2.6,59432
2021-05-10,2.5,2.6,2.6,2.6,0
2021-05-11,2.5,2.6,2.6,2.6,0
2021-05-12,2.5,2.6,2.6,2.6,0
2021-05-13,2.5,2.6,2.6,2.6,0
2021-05-14,2.7,2.7,2.4,2.4,25530
2021-05-17,2.5,2.4,2.4,2.4,0
2021-05-18,2.5,2.4,2.4,2.4,0
2021-05-19,2.5,2.4,2.4,2.4,0
2021-05-20,2.5,2.4,2.4,2.4,0
2021-05-21,2.6,2.6,2.4,2.5,23500
2021-05-24,2.5,2.5,2.5,2.5,0
2021-05-25,2.5,2.5,2.5,2.5,0
2021-05-26,2.5,2.5,2.5,2.5,0
2021-05-27,2.5,2.5,2.5,2.5,0
2021-05-28,2.6,2.7,2.5,2.6,42311
2021-05-31,2.6,2.6,2.6,2.6,0
2021-06-01,2.6,2.6,2.6,2.6,0
2021-06-02,2.6,2.6,2.6,2.6,0
2021-06-03,2.6,2.6,2.6,2.6,0
2021-06-04,2.7,2.7,2.3,2.5,50600
2021-06-07,2.4,2.5,2.5,2.5,0
2021-06-08,2.4,2.5,2.5,2.5,0
2021-06-09,2.4,2.5,2.5,2.5,0
2021-06-10,2.4,2.5,2.5,2.5,0
2021-06-11,2.2,2.3,2.2,2.3,40700
2021-06-14,2.3,2.3,2.3,2.3,0
2021-06-15,2.3,2.3,2.3,2.3,0
2021-06-16,2.3,2.3,2.3,2.3,0
2021-06-17,2.3,2.3,2.3,2.3,0
2021-06-18,2.1,2.3,2.0,2.0,45130
2021-06-21,2.1,2.0,2.0,2.0,0
2021-06-22,2.1,2.0,2.0,2.0,0
2021-06-23,2.1,2.0,2.0,2.0,0
2021-06-24,2.1,2.0,2.0,2.0,0
2021-06-25,2.2,2.3,2.1,2.3,4200
2021-06-28,2.2,2.3,2.3,2.3,0
2021-06-29,2.2,2.3,2.3,2.3,0
2021-06-30,2.2,2.3,2.3,2.3,0
2021-07-01,2.2,2.3,2.3,2.3,0
2021-07-02,2.2,2.4,2.2,2.4,3520
2021-07-05,2.3,2.4,2.4,2.4,0
2021-07-06,2.3,2.4,2.4,2.4,0
2021-07-07,2.3,2.4,2.4,2.4,0
2021-07-08,2.3,2.4,2.4,2.4,0
2021-07-09,2.1,2.1,2.1,2.1,4200
2021-07-12,2.1,2.1,2.1,2.1,0
2021-07-13,2.1,2.1,2.1,2.1,0
2021-07-14,2.1,2.1,2.1,2.1,0
2021-07-15,2.1,2.1,2.1,2.1,0
2021-07-16,2.1,2.1,1.8,2.1,13003
2021-07-19,1.9,2.1,2.1,2.1,0
2021-07-20,1.9,2.1,2.1,2.1,0
2021-07-21,1.9,2.1,2.1,2.1,0
2021-07-22,1.9,2.1,2.1,2.1,0
2021-07-23,2.0,2.1,2.0,2.1,28815
2021-07-26,2.1,2.1,2.1,2.1,0
2021-07-27,2.1,2.1,2.1,2.1,0
2021-07-28,2.1,2.1,2.1,2.1,0
2021-07-29,2.1,2.1,2.1,2.1,0
2021-07-30,2.4,2.4,2.1,2.4,42170
2021-08-02,2.4,2.4,2.4,2.4,0
2021-08-03,2.4,2.4,2.4,2.4,0
2021-08-04,2.4,2.4,2.4,2.4,0
2021-08-05,2.4,2.4,2.4,2.4,0
2021-08-06,2.7,2.7,2.7,2.7,34800
2021-08-09,2.7,2.7,2.7,2.7,0
2021-08-10,2.7,2.7,2.7,2.7,0
2021-08-11,2.7,2.7,2.7,2.7,0
2021-08-12,2.7,2.7,2.7,2.7,0
2021-08-13,3.1,3.1,3.1,3.1,5708
2021-08-16,3.1,3.1,3.1,3.1,0
2021-08-17,3.1,3.1,3.1,3.1,0
2021-08-18,3.1,3.1,3.1,3.1,0
2021-08-19,3.1,3.1,3.1,3.1,0
2021-08-20,3.5,3.5,3.5,3.5,4701
2021-08-23,3.5,3.5,3.5,3.5,0
2021-08-24,3.5,3.5,3.5,3.5,0
2021-08-25,3.5,3.5,3.5,3.5,0
2021-08-26,3.5,3.5,3.5,3.5,0
2021-08-27,4.0,4.0,4.0,4.0,33400
2021-08-30,4.0,4.0,4.0,4.0,0
2021-08-31,4.0,4.0,4.0,4.0,0
2021-09-01,4.0,4.0,4.0,4.0,0
2021-09-06,4.0,4.0,4.0,4.0,0
2021-09-07,4.0,4.0,4.0,4.0,0
2021-09-08,4.0,4.0,4.0,4.0,0
2021-09-09,4.0,4.0,4.0,4.0,0
2021-09-10,3.9,4.6,3.9,4.6,65100
2021-09-13,4.6,4.6,4.6,4.6,0
2021-09-14,4.6,4.6,4.6,4.6,0
2021-09-15,4.6,4.6,4.6,4.6,0
2021-09-16,4.6,4.6,4.6,4.6,0
2021-09-17,5.2,5.2,5.0,5.2,64610
2021-09-20,5.1,5.1,5.1,5.1,0
2021-09-21,5.1,5.1,5.1,5.1,0
2021-09-22,5.1,5.1,5.1,5.1,0
2021-09-23,5.1,5.1,5.1,5.1,0
2021-09-24,4.6,4.6,4.4,4.4,33941
2021-09-27,4.5,4.5,4.5,4.5,0
2021-09-28,4.5,4.5,4.5,4.5,0
2021-09-29,4.5,4.5,4.5,4.5,0
2021-09-30,4.5,4.5,4.5,4.5,0
2021-10-01,5.1,5.1,3.9,3.9,54900
2021-10-04,4.1,4.1,4.1,4.1,0
2021-10-05,4.1,4.1,4.1,4.1,0
2021-10-06,4.1,4.1,4.1,4.1,0
2021-10-07,4.1,4.1,4.1,4.1,0
2021-10-08,4.6,4.6,4.1,4.4,6701
2021-10-11,4.1,4.1,4.1,4.1,0
2021-10-12,4.1,4.1,4.1,4.1,0
2021-10-13,4.1,4.1,4.1,4.1,0
2021-10-14,4.1,4.1,4.1,4.1,0
2021-10-15,4.5,4.5,3.5,4.1,14717
2021-10-18,3.8,3.8,3.8,3.8,0
2021-10-19,3.8,3.8,3.8,3.8,0
2021-10-20,3.8,3.8,3.8,3.8,0
2021-10-21,3.8,3.8,3.8,3.8,0
2021-10-22,3.4,4.1,3.3,4.1,2700
2021-10-25,4.0,4.0,4.0,4.0,0
2021-10-26,4.0,4.0,4.0,4.0,0
2021-10-27,4.0,4.0,4.0,4.0,0
2021-10-28,4.0,4.0,4.0,4.0,0
2021-10-29,4.0,4.0,3.4,4.0,37317
2021-11-01,3.9,3.9,3.9,3.9,0
2021-11-02,3.9,3.9,3.9,3.9,0
2021-11-03,3.9,3.9,3.9,3.9,0
2021-11-04,3.9,3.9,3.9,3.9,0
2021-11-05,4.2,4.4,4.0,4.4,43600
2021-11-08,4.2,4.2,4.2,4.2,0
2021-11-09,4.2,4.2,4.2,4.2,0
2021-11-10,4.2,4.2,4.2,4.2,0
2021-11-11,4.2,4.2,4.2,4.2,0
2021-11-12,4.1,4.8,3.8,4.8,203800
2021-11-15,4.7,4.7,4.7,4.7,0
2021-11-16,4.7,4.7,4.7,4.7,0
2021-11-17,4.7,4.7,4.7,4.7,0
2021-11-18,4.7,4.7,4.7,4.7,0
2021-11-19,5.3,5.4,5.3,5.4,179100
2021-11-22,5.4,5.4,5.4,5.4,0
2021-11-23,5.4,5.4,5.4,5.4,0
2021-11-24,5.4,5.4,5.4,5.4,0
2021-11-25,5.4,5.4,5.4,5.4,0
2021-11-26,6.2,6.2,6.2,6.2,204430
2021-11-29,6.2,6.2,6.2,6.2,0
2021-11-30,6.2,6.2,6.2,6.2,0
2021-12-01,6.2,6.2,6.2,6.2,0
2021-12-02,6.2,6.2,6.2,6.2,0
2021-12-03,7.1,7.1,7.1,7.1,29142
2021-12-06,7.1,7.1,7.1,7.1,0
2021-12-07,7.1,7.1,7.1,7.1,0
2021-12-08,7.1,7.1,7.1,7.1,0
2021-12-09,7.1,7.1,7.1,7.1,0
2021-12-10,8.1,8.1,8.1,8.1,56920
2021-12-13,8.1,8.1,8.1,8.1,0
2021-12-14,8.1,8.1,8.1,8.1,0
2021-12-15,8.1,8.1,8.1,8.1,0
2021-12-16,8.1,8.1,8.1,8.1,0
2021-12-17,9.3,9.3,8.1,8.5,348830
2021-12-20,8.8,8.8,8.8,8.8,0
2021-12-21,8.8,8.8,8.8,8.8,0
2021-12-22,8.8,8.8,8.8,8.8,0
2021-12-23,8.8,8.8,8.8,8.8,0
2021-12-24,8.8,8.8,7.5,8.1,130920
2021-12-27,8.3,8.3,8.3,8.3,0
2021-12-28,8.3,8.3,8.3,8.3,0
2021-12-29,8.3,8.3,8.3,8.3,0
2021-12-30,8.3,8.3,8.3,8.3,0
2021-12-31,8.2,9.1,8.2,9.1,80138
2022-01-04,8.8,8.8,8.8,8.8,0
2022-01-05,8.8,8.8,8.8,8.8,0
2022-01-06,8.8,8.8,8.8,8.8,0
2022-01-07,9.2,9.2,7.5,7.7,63092
2022-01-10,8.2,8.2,8.2,8.2,0
2022-01-11,8.2,8.2,8.2,8.2,0
2022-01-12,8.2,8.2,8.2,8.2,0
2022-01-13,8.2,8.2,8.2,8.2,0
2022-01-14,7.0,8.0,7.0,7.6,11982
2022-01-17,7.6,7.6,7.6,7.6,0
2022-01-18,7.6,7.6,7.6,7.6,0
2022-01-19,7.6,7.6,7.6,7.6,0
2022-01-20,7.6,7.6,7.6,7.6,0
2022-01-21,6.5,8.2,6.5,7.8,3211
2022-01-24,7.3,7.3,7.3,7.3,0
2022-01-25,7.3,7.3,7.3,7.3,0
2022-01-26,7.3,7.3,7.3,7.3,0
2022-01-27,7.3,7.3,7.3,7.3,0
2022-01-28,8.3,8.3,7.5,7.5,10901
2022-02-07,7.6,7.6,7.6,7.6,0
2022-02-08,7.6,7.6,7.6,7.6,0
2022-02-09,7.6,7.6,7.6,7.6,0
2022-02-10,7.6,7.6,7.6,7.6,0
2022-02-11,7.8,7.9,6.9,6.9,58441
2022-02-14,7.2,7.2,7.2,7.2,0
2022-02-15,7.2,7.2,7.2,7.2,0
2022-02-16,7.2,7.2,7.2,7.2,0
2022-02-17,7.2,7.2,7.2,7.2,0
2022-02-18,7.2,7.2,6.9,6.9,75000
2022-02-21,7.0,7.0,7.0,7.0,0
2022-02-22,7.0,7.0,7.0,7.0,0
2022-02-23,7.0,7.0,7.0,7.0,0
2022-02-24,7.0,7.0,7.0,7.0,0
2022-02-25,7.0,7.0,6.5,6.9,67000
2022-02-28,6.7,6.7,6.7,6.7,0
2022-03-01,6.7,6.7,6.7,6.7,0
2022-03-02,6.7,6.7,6.7,6.7,0
2022-03-03,6.7,6.7,6.7,6.7,0
2022-03-04,6.7,6.7,6.5,6.5,10900
2022-03-07,6.6,6.6,6.6,6.6,0
2022-03-08,6.6,6.6,6.6,6.6,0
2022-03-09,6.6,6.6,6.6,6.6,0
2022-03-10,6.6,6.6,6.6,6.6,0
2022-03-11,6.3,6.6,6.2,6.3,29118
2022-03-14,6.3,6.3,6.3,6.3,0
2022-03-15,6.3,6.3,6.3,6.3,0
2022-03-16,6.3,6.3,6.3,6.3,0
2022-03-17,6.3,6.3,6.3,6.3,0
2022-03-18,6.6,7.0,6.5,6.9,13200
2022-03-21,6.8,6.8,6.8,6.8,0
2022-03-22,6.8,6.8,6.8,6.8,0
2022-03-23,6.8,6.8,6.8,6.8,0
2022-03-24,6.8,6.8,6.8,6.8,0
2022-03-25,6.0,7.0,6.0,6.8,38627
2022-03-28,6.8,6.8,6.8,6.8,0
2022-03-29,6.8,6.8,6.8,6.8,0
2022-03-30,6.8,6.8,6.8,6.8,0
2022-03-31,6.8,6.8,6.8,6.8,0
2022-04-01,6.7,6.8,6.5,6.5,29100
2022-04-04,6.6,6.6,6.6,6.6,0
2022-04-05,6.6,6.6,6.6,6.6,0
2022-04-06,6.6,6.6,6.6,6.6,0
2022-04-07,6.6,6.6,6.6,6.6,0
2022-04-08,6.3,6.5,5.7,6.0,13200
2022-04-12,6.2,6.2,6.2,6.2,0
2022-04-13,6.2,6.2,6.2,6.2,0
2022-04-14,6.2,6.2,6.2,6.2,0
2022-04-15,6.3,6.3,5.9,5.9,7277
2022-04-18,6.0,6.0,6.0,6.0,0
2022-04-19,6.0,6.0,6.0,6.0,0
2022-04-20,6.0,6.0,6.0,6.0,0
2022-04-21,6.0,6.0,6.0,6.0,0
2022-04-22,5.7,5.7,5.7,5.7,930
2022-04-25,5.7,5.7,5.7,5.7,0
2022-04-26,5.7,5.7,5.7,5.7,0
2022-04-27,5.7,5.7,5.7,5.7,0
2022-04-28,5.7,5.7,5.7,5.7,0
2022-04-29,5.7,5.7,5.0,5.5,18400
2022-05-04,5.2,5.2,5.2,5.2,0
2022-05-05,5.2,5.2,5.2,5.2,0
2022-05-06,5.2,5.2,5.2,5.2,0
2022-05-09,5.2,5.2,5.2,5.2,0
2022-05-10,5.2,5.2,5.2,5.2,0
2022-05-11,5.2,5.2,5.2,5.2,0
2022-05-12,5.2,5.2,5.2,5.2,0
2022-05-13,4.5,5.0,4.5,5.0,400
2022-05-16,4.8,4.8,4.8,4.8,0
2022-05-17,4.8,4.8,4.8,4.8,0
2022-05-18,4.8,4.8,4.8,4.8,0
2022-05-19,4.8,4.8,4.8,4.8,0
2022-05-20,4.9,4.9,4.9,4.9,1400
2022-05-23,4.9,4.9,4.9,4.9,0
2022-05-24,4.9,4.9,4.9,4.9,0
2022-05-25,4.9,4.9,4.9,4.9,0
2022-05-26,4.9,4.9,4.9,4.9,0
2022-05-27,5.5,5.5,4.9,5.0,3000
2022-05-30,5.0,5.0,5.0,5.0,0
2022-05-31,5.0,5.0,5.0,5.0,0
2022-06-01,5.0,5.0,5.0,5.0,0
2022-06-02,5.0,5.0,5.0,5.0,0
2022-06-03,4.3,5.4,4.3,4.9,4200
2022-06-06,4.8,4.8,4.8,4.8,0
2022-06-07,4.8,4.8,4.8,4.8,0
2022-06-08,4.8,4.8,4.8,4.8,0
2022-06-09,4.8,4.8,4.8,4.8,0
2022-06-10,4.8,4.8,4.8,4.8,0
2022-06-13,4.8,4.8,4.8,4.8,0
2022-06-14,4.8,4.8,4.8,4.8,0
2022-06-15,4.8,4.8,4.8,4.8,0
2022-06-16,4.8,4.8,4.8,4.8,0
2022-06-17,5.0,5.0,4.9,5.0,4210
2022-06-20,5.0,5.0,5.0,5.0,0
2022-06-21,5.0,5.0,5.0,5.0,0
2022-06-22,5.0,5.0,5.0,5.0,0
2022-06-23,5.0,5.0,5.0,5.0,0
2022-06-24,4.8,4.9,4.3,4.9,6600
2022-06-27,4.4,4.4,4.4,4.4,0
2022-06-28,4.4,4.4,4.4,4.4,0
2022-06-29,4.4,4.4,4.4,4.4,0
2022-06-30,4.4,4.4,4.4,4.4,0
2022-07-01,3.8,4.4,3.8,4.4,16719
2022-07-04,3.8,3.8,3.8,3.8,0
2022-07-05,3.8,3.8,3.8,3.8,0
2022-07-06,3.8,3.8,3.8,3.8,0
2022-07-07,3.8,3.8,3.8,3.8,0
2022-07-08,3.9,4.0,3.9,3.9,2305
2022-07-11,4.0,4.0,4.0,4.0,0
2022-07-12,4.0,4.0,4.0,4.0,0
2022-07-13,4.0,4.0,4.0,4.0,0
2022-07-14,4.0,4.0,4.0,4.0,0
2022-07-15,4.4,4.6,4.4,4.5,1302
2022-07-18,4.5,4.5,4.5,4.5,0
2022-07-19,4.5,4.5,4.5,4.5,0
2022-07-20,4.5,4.5,4.5,4.5,0
2022-07-21,4.5,4.5,4.5,4.5,0
2022-07-22,5.0,5.1,4.8,5.1,5006
2022-07-25,5.0,5.0,5.0,5.0,0
2022-07-26,5.0,5.0,5.0,5.0,0
2022-07-27,5.0,5.0,5.0,5.0,0
2022-07-28,5.0,5.0,5.0,5.0,0
2022-07-29,5.3,5.3,5.3,5.3,100
2022-08-01,5.3,5.3,5.3,5.3,0
2022-08-02,5.3,5.3,5.3,5.3,0
2022-08-03,5.3,5.3,5.3,5.3,0
2022-08-04,5.3,5.3,5.3,5.3,0
2022-08-05,5.4,5.6,5.4,5.6,1701
2022-08-08,5.6,5.6,5.6,5.6,0
2022-08-09,5.6,5.6,5.6,5.6,0
2022-08-10,5.6,5.6,5.6,5.6,0
2022-08-11,5.6,5.6,5.6,5.6,0
2022-08-12,5.0,6.2,4.8,6.2,3990
2022-08-15,5.5,5.5,5.5,5.5,0
2022-08-16,5.5,5.5,5.5,5.5,0
2022-08-17,5.5,5.5,5.5,5.5,0
2022-08-18,5.5,5.5,5.5,5.5,0
2022-08-19,5.9,5.9,5.8,5.8,200
2022-08-22,5.9,5.9,5.9,5.9,0
2022-08-23,5.9,5.9,5.9,5.9,0
2022-08-24,5.9,5.9,5.9,5.9,0
2022-08-25,5.9,5.9,5.9,5.9,0
2022-08-26,6.0,6.0,5.1,5.9,3200
2022-08-29,5.2,5.2,5.2,5.2,0
2022-08-30,5.2,5.2,5.2,5.2,0
2022-08-31,5.2,5.2,5.2,5.2,0
2022-09-05,5.2,5.2,5.2,5.2,0
2022-09-06,5.2,5.2,5.2,5.2,0
2022-09-07,5.2,5.2,5.2,5.2,0
2022-09-08,5.2,5.2,5.2,5.2,0
2022-09-09,4.5,5.0,4.5,5.0,1650
2022-09-12,5.0,5.0,5.0,5.0,0
2022-09-13,5.0,5.0,5.0,5.0,0
2022-09-14,5.0,5.0,5.0,5.0,0
2022-09-15,5.0,5.0,5.0,5.0,0
2022-09-16,4.3,4.3,4.3,4.3,999
2022-09-19,4.3,4.3,4.3,4.3,0
2022-09-20,4.3,4.3,4.3,4.3,0
2022-09-21,4.3,4.3,4.3,4.3,0
2022-09-22,4.3,4.3,4.3,4.3,0
2022-09-23,4.3,4.7,4.3,4.7,390
2022-09-26,4.4,4.4,4.4,4.4,0
2022-09-27,4.4,4.4,4.4,4.4,0
2022-09-28,4.4,4.4,4.4,4.4,0
2022-09-29,4.4,4.4,4.4,4.4,0
2022-09-30,4.0,4.0,3.8,4.0,2800
2022-10-03,4.0,4.0,4.0,4.0,0
2022-10-04,4.0,4.0,4.0,4.0,0
2022-10-05,4.0,4.0,4.0,4.0,0
2022-10-06,4.0,4.0,4.0,4.0,0
2022-10-07,4.0,4.0,4.0,4.0,101
2022-10-10,4.0,4.0,4.0,4.0,0
2022-10-11,4.0,4.0,4.0,4.0,0
2022-10-12,4.0,4.0,4.0,4.0,0
2022-10-13,4.0,4.0,4.0,4.0,0
2022-10-14,4.0,4.0,4.0,4.0,0
2022-10-17,4.0,4.0,4.0,4.0,0
2022-10-18,4.0,4.0,4.0,4.0,0
2022-10-19,4.0,4.0,4.0,4.0,0
2022-10-20,4.0,4.0,4.0,4.0,0
2022-10-21,4.0,4.0,4.0,4.0,0
2022-10-24,4.0,4.0,4.0,4.0,0
2022-10-25,4.0,4.0,4.0,4.0,0
2022-10-26,4.0,4.0,4.0,4.0,0
2022-10-27,4.0,4.0,4.0,4.0,0
2022-10-28,4.0,4.0,4.0,4.0,0
2022-10-31,4.0,4.0,4.0,4.0,0
2022-11-01,4.0,4.0,4.0,4.0,0
2022-11-02,4.0,4.0,4.0,4.0,0
2022-11-03,4.0,4.0,4.0,4.0,0
2022-11-04,4.0,4.0,4.0,4.0,0
2022-11-07,4.0,4.0,4.0,4.0,0
2022-11-08,4.0,4.0,4.0,4.0,0
2022-11-09,4.0,4.0,4.0,4.0,0
2022-11-10,4.0,4.0,4.0,4.0,0
2022-11-11,4.0,4.0,4.0,4.0,0
2022-11-14,4.0,4.0,4.0,4.0,0
2022-11-15,4.0,4.0,4.0,4.0,0
2022-11-16,4.0,4.0,4.0,4.0,0
2022-11-17,4.0,4.0,4.0,4.0,0
2022-11-18,4.0,4.0,4.0,4.0,0
2022-11-21,4.0,4.0,4.0,4.0,0
2022-11-22,4.0,4.0,4.0,4.0,0
2022-11-23,4.0,4.0,4.0,4.0,0
2022-11-24,4.0,4.0,4.0,4.0,0
2022-11-25,4.0,4.0,4.0,4.0,0
2022-11-28,4.0,4.0,4.0,4.0,0
2022-11-29,4.0,4.0,4.0,4.0,0
2022-11-30,4.0,4.0,4.0,4.0,0
2022-12-01,4.0,4.0,4.0,4.0,0
2022-12-02,4.0,4.0,4.0,4.0,18
2022-12-05,4.0,4.0,4.0,4.0,0
2022-12-06,4.0,4.0,4.0,4.0,0
2022-12-07,4.0,4.0,4.0,4.0,0
2022-12-08,4.0,4.0,4.0,4.0,0
2022-12-09,4.6,4.6,3.4,4.4,1006
2022-12-12,3.8,3.8,3.8,3.8,0
2022-12-13,3.8,3.8,3.8,3.8,0
2022-12-14,3.8,3.8,3.8,3.8,0
2022-12-15,3.8,3.8,3.8,3.8,0
2022-12-16,4.3,4.3,4.3,4.3,100
2022-12-19,4.3,4.3,4.3,4.3,0
2022-12-20,4.3,4.3,4.3,4.3,0
2022-12-21,4.3,4.3,4.3,4.3,0
2022-12-22,4.3,4.3,4.3,4.3,0
2022-12-23,4.3,4.3,4.3,4.3,40
2022-12-26,4.3,4.3,4.3,4.3,0
2022-12-27,4.3,4.3,4.3,4.3,0
2022-12-28,4.3,4.3,4.3,4.3,0
2022-12-29,4.3,4.3,4.3,4.3,0
2022-12-30,4.3,4.3,4.3,4.3,0
2023-01-03,4.3,4.3,4.3,4.3,0
2023-01-04,4.3,4.3,4.3,4.3,0
2023-01-05,4.3,4.3,4.3,4.3,0
2023-01-06,4.2,4.2,4.0,4.0,8600
2023-01-09,4.0,4.0,4.0,4.0,0
2023-01-10,4.0,4.0,4.0,4.0,0
2023-01-11,4.0,4.0,4.0,4.0,0
2023-01-12,4.0,4.0,4.0,4.0,0
2023-01-13,4.5,4.5,4.5,4.5,100
2023-01-16,4.5,4.5,4.5,4.5,0
2023-01-17,4.5,4.5,4.5,4.5,0
2023-01-18,4.5,4.5,4.5,4.5,0
2023-01-19,4.5,4.5,4.5,4.5,0
2023-01-27,4.5,4.5,4.5,4.5,0
2023-01-30,4.5,4.5,4.5,4.5,0
2023-01-31,4.5,4.5,4.5,4.5,0
2023-02-01,4.5,4.5,4.5,4.5,0
2023-02-02,4.5,4.5,4.5,4.5,0
2023-02-03,4.0,4.0,4.0,4.0,600
2023-02-06,4.0,4.0,4.0,4.0,0
2023-02-07,4.0,4.0,4.0,4.0,0
2023-02-08,4.0,4.0,4.0,4.0,0
2023-02-09,4.0,4.0,4.0,4.0,0
2023-02-10,3.8,3.8,3.7,3.7,1000
2023-02-13,3.7,3.7,3.7,3.7,0
2023-02-14,3.7,3.7,3.7,3.7,0
2023-02-15,3.7,3.7,3.7,3.7,0
2023-02-16,3.7,3.7,3.7,3.7,0
2023-02-17,3.4,4.0,3.3,4.0,1500
2023-02-20,3.4,3.4,3.4,3.4,0
2023-02-21,3.4,3.4,3.4,3.4,0
2023-02-22,3.4,3.4,3.4,3.4,0
2023-02-23,3.4,3.4,3.4,3.4,0
2023-02-24,3.3,3.9,3.3,3.8,1800
2023-02-27,3.5,3.5,3.5,3.5,0
2023-02-28,3.5,3.5,3.5,3.5,0
2023-03-01,3.5,3.5,3.5,3.5,0
2023-03-02,3.5,3.5,3.5,3.5,0
2023-03-03,3.0,3.0,3.0,3.0,3000
2023-03-06,3.0,3.0,3.0,3.0,0
2023-03-07,3.0,3.0,3.0,3.0,0
2023-03-08,3.0,3.0,3.0,3.0,0
2023-03-09,3.0,3.0,3.0,3.0,0
2023-03-10,2.6,2.6,2.6,2.6,200
2023-03-13,2.6,2.6,2.6,2.6,0
2023-03-14,2.6,2.6,2.6,2.6,0
2023-03-15,2.6,2.6,2.6,2.6,0
2023-03-16,2.6,2.6,2.6,2.6,0
2023-03-17,2.9,2.9,2.9,2.9,500
2023-03-20,2.9,2.9,2.9,2.9,0
2023-03-21,2.9,2.9,2.9,2.9,0
2023-03-22,2.9,2.9,2.9,2.9,0
2023-03-23,2.9,2.9,2.9,2.9,0
2023-03-24,3.1,3.1,3.0,3.0,400
2023-03-27,3.1,3.1,3.1,3.1,0
2023-03-28,3.1,3.1,3.1,3.1,0
2023-03-29,3.1,3.1,3.1,3.1,0
2023-03-30,3.1,3.1,3.1,3.1,0
2023-03-31,2.9,3.4,2.9,3.4,550
2023-04-03,3.0,3.0,3.0,3.0,0
2023-04-04,3.0,3.0,3.0,3.0,0
2023-04-05,3.0,3.0,3.0,3.0,0
2023-04-06,3.0,3.0,3.0,3.0,0
2023-04-07,3.1,3.4,3.1,3.4,1613
2023-04-10,3.2,3.2,3.2,3.2,0
2023-04-11,3.2,3.2,3.2,3.2,0
2023-04-12,3.2,3.2,3.2,3.2,0
2023-04-13,3.2,3.2,3.2,3.2,0
2023-04-14,3.4,3.6,3.4,3.6,14300
2023-04-17,3.5,3.5,3.5,3.5,0
2023-04-18,3.5,3.5,3.5,3.5,0
2023-04-19,3.5,3.5,3.5,3.5,0
2023-04-20,3.5,3.5,3.5,3.5,0
2023-04-21,3.0,3.8,3.0,3.8,3125
2023-04-24,3.2,3.2,3.2,3.2,0
2023-04-25,3.2,3.2,3.2,3.2,0
2023-04-26,3.2,3.2,3.2,3.2,0
2023-04-27,3.2,3.2,3.2,3.2,0
2023-04-28,3.2,3.2,3.2,3.2,0
2023-05-04,3.2,3.2,3.2,3.2,0
2023-05-05,2.8,3.6,2.8,3.2,2201
2023-05-08,3.2,3.2,3.2,3.2,0
2023-05-09,3.2,3.2,3.2,3.2,0
2023-05-10,3.2,3.2,3.2,3.2,0
2023-05-11,3.2,3.2,3.2,3.2,0
2023-05-12,3.0,3.5,3.0,3.4,8128
2023-05-15,3.3,3.3,3.3,3.3,0
2023-05-16,3.3,3.3,3.3,3.3,0
2023-05-17,3.3,3.3,3.3,3.3,0
2023-05-18,3.3,3.3,3.3,3.3,0
2023-05-19,3.2,3.3,3.2,3.3,1600
2023-05-22,3.3,3.3,3.3,3.3,0
2023-05-23,3.3,3.3,3.3,3.3,0
2023-05-24,3.3,3.3,3.3,3.3,0
2023-05-25,3.3,3.3,3.3,3.3,0
2023-05-26,3.2,3.3,3.1,3.3,4710
2023-05-29,3.2,3.2,3.2,3.2,0
2023-05-30,3.2,3.2,3.2,3.2,0
2023-05-31,3.2,3.2,3.2,3.2,0
2023-06-01,3.2,3.2,3.2,3.2,0
2023-06-02,3.3,3.6,3.3,3.6,19220
2023-06-05,3.3,3.3,3.3,3.3,0
2023-06-06,3.3,3.3,3.3,3.3,0
2023-06-07,3.3,3.3,3.3,3.3,0
2023-06-08,3.3,3.3,3.3,3.3,0
2023-06-09,3.6,3.6,3.6,3.6,112
2023-06-12,3.6,3.6,3.6,3.6,0
2023-06-13,3.6,3.6,3.6,3.6,0
2023-06-14,3.6,3.6,3.6,3.6,0
2023-06-15,3.6,3.6,3.6,3.6,0
2023-06-16,3.7,3.7,3.6,3.6,4400
2023-06-19,3.7,3.7,3.7,3.7,0
2023-06-20,3.7,3.7,3.7,3.7,0
2023-06-21,3.7,3.7,3.7,3.7,0
2023-06-22,3.7,3.7,3.7,3.7,0
2023-06-23,3.2,3.7,3.2,3.4,1807
2023-06-26,3.4,3.4,3.4,3.4,0
2023-06-27,3.4,3.4,3.4,3.4,0
2023-06-28,3.4,3.4,3.4,3.4,0
2023-06-29,3.4,3.4,3.4,3.4,0
2023-06-30,3.5,3.5,3.5,3.5,100
2023-07-03,3.5,3.5,3.5,3.5,0
2023-07-04,3.5,3.5,3.5,3.5,0
2023-07-05,3.5,3.5,3.5,3.5,0
2023-07-06,3.5,3.5,3.5,3.5,0
2023-07-07,3.5,3.8,3.5,3.8,2329
2023-07-10,3.5,3.5,3.5,3.5,0
2023-07-11,3.5,3.5,3.5,3.5,0
2023-07-12,3.5,3.5,3.5,3.5,0
2023-07-13,3.5,3.5,3.5,3.5,0
2023-07-14,3.8,3.8,3.5,3.5,2560
2023-07-17,3.6,3.6,3.6,3.6,0
2023-07-18,3.6,3.6,3.6,3.6,0
2023-07-19,3.6,3.6,3.6,3.6,0
2023-07-20,3.6,3.6,3.6,3.6,0
2023-07-21,3.7,3.7,3.7,3.7,190
2023-07-24,3.7,3.7,3.7,3.7,0
2023-07-25,3.7,3.7,3.7,3.7,0
2023-07-26,3.7,3.7,3.7,3.7,0
2023-07-27,3.7,3.7,3.7,3.7,0
2023-07-28,3.7,3.8,3.7,3.7,7601
2023-07-31,3.7,3.7,3.7,3.7,0
2023-08-01,3.7,3.7,3.7,3.7,0
2023-08-02,3.7,3.7,3.7,3.7,0
2023-08-03,3.7,3.7,3.7,3.7,0
2023-08-04,3.8,4.1,3.8,4.1,3148
2023-08-07,4.1,4.1,4.1,4.1,0
2023-08-08,4.1,4.1,4.1,4.1,0
2023-08-09,4.1,4.1,4.1,4.1,0
2023-08-10,4.1,4.1,4.1,4.1,0
2023-08-11,4.1,4.1,3.5,4.0,1109
2023-08-14,3.7,3.7,3.7,3.7,0
2023-08-15,3.7,3.7,3.7,3.7,0
2023-08-16,3.7,3.7,3.7,3.7,0
2023-08-17,3.7,3.7,3.7,3.7,0
2023-08-18,3.5,4.2,3.5,4.1,1237
2023-08-21,3.6,3.6,3.6,3.6,0
2023-08-22,3.6,3.6,3.6,3.6,0
2023-08-23,3.6,3.6,3.6,3.6,0
2023-08-24,3.6,3.6,3.6,3.6,0
2023-08-25,3.5,3.6,3.3,3.6,31097
2023-08-28,3.4,3.4,3.4,3.4,0
2023-08-29,3.4,3.4,3.4,3.4,0
2023-08-30,3.4,3.4,3.4,3.4,0
2023-08-31,3.4,3.4,3.4,3.4,0
2023-09-05,3.4,3.4,3.4,3.4,0
2023-09-06,3.4,3.4,3.4,3.4,0
2023-09-07,3.4,3.4,3.4,3.4,0
2023-09-08,3.9,3.9,3.9,3.9,3105
2023-09-11,3.9,3.9,3.9,3.9,0
2023-09-12,3.9,3.9,3.9,3.9,0
2023-09-13,3.9,3.9,3.9,3.9,0
2023-09-14,3.9,3.9,3.9,3.9,0
2023-09-15,3.9,4.4,3.9,4.4,4365
2023-09-18,4.4,4.4,4.4,4.4,0
2023-09-19,4.4,4.4,4.4,4.4,0
2023-09-20,4.4,4.4,4.4,4.4,0
2023-09-21,4.4,4.4,4.4,4.4,0
2023-09-22,5.0,5.0,4.6,4.6,1700
2023-09-25,4.9,4.9,4.9,4.9,0
2023-09-26,4.9,4.9,4.9,4.9,0
2023-09-27,4.9,4.9,4.9,4.9,0
2023-09-28,4.9,4.9,4.9,4.9,0
2023-09-29,4.9,4.9,4.9,4.9,100
2023-10-02,4.9,4.9,4.9,4.9,0
2023-10-03,4.9,4.9,4.9,4.9,0
2023-10-04,4.9,4.9,4.9,4.9,0
2023-10-05,4.9,4.9,4.9,4.9,0
2023-10-06,5.0,5.2,4.3,5.2,10400
2023-10-09,4.8,4.8,4.8,4.8,0
2023-10-10,4.8,4.8,4.8,4.8,0
2023-10-11,4.8,4.8,4.8,4.8,0
2023-10-12,4.8,4.8,4.8,4.8,0
2023-10-13,4.8,5.4,4.2,5.4,10600
2023-10-16,4.3,4.3,4.3,4.3,0
2023-10-17,4.3,4.3,4.3,4.3,0
2023-10-18,4.3,4.3,4.3,4.3,0
2023-10-19,4.3,4.3,4.3,4.3,0
2023-10-20,4.3,4.5,4.0,4.5,800
2023-10-23,4.2,4.2,4.2,4.2,0
2023-10-24,4.2,4.2,4.2,4.2,0
2023-10-25,4.2,4.2,4.2,4.2,0
2023-10-26,4.2,4.2,4.2,4.2,0
2023-10-27,4.1,4.1,3.6,3.6,3200
2023-10-30,3.6,3.6,3.6,3.6,0
2023-10-31,3.6,3.6,3.6,3.6,0
2023-11-01,3.6,3.6,3.6,3.6,0
2023-11-02,3.6,3.6,3.6,3.6,0
2023-11-03,3.3,4.0,3.1,4.0,5900
2023-11-06,3.3,3.3,3.3,3.3,0
2023-11-07,3.3,3.3,3.3,3.3,0
2023-11-08,3.3,3.3,3.3,3.3,0
2023-11-09,3.3,3.3,3.3,3.3,0
2023-11-10,3.7,3.7,3.7,3.7,626
2023-11-13,3.7,3.7,3.7,3.7,0
2023-11-14,3.7,3.7,3.7,3.7,0
2023-11-15,3.7,3.7,3.7,3.7,0
2023-11-16,3.7,3.7,3.7,3.7,0
2023-11-17,3.2,3.7,3.2,3.7,2100
2023-11-20,3.4,3.4,3.4,3.4,0
2023-11-21,3.4,3.4,3.4,3.4,0
2023-11-22,3.4,3.4,3.4,3.4,0
2023-11-23,3.4,3.4,3.4,3.4,0
2023-11-24,3.4,3.4,3.4,3.4,1000
2023-11-27,3.4,3.4,3.4,3.4,0
2023-11-28,3.4,3.4,3.4,3.4,0
2023-11-29,3.4,3.4,3.4,3.4,0
2023-11-30,3.4,3.4,3.4,3.4,0
2023-12-01,3.4,3.4,3.4,3.4,1005
2023-12-04,3.4,3.4,3.4,3.4,0
2023-12-05,3.4,3.4,3.4,3.4,0
2023-12-06,3.4,3.4,3.4,3.4,0
2023-12-07,3.4,3.4,3.4,3.4,0
2023-12-08,3.4,3.4,3.4,3.4,10
2023-12-11,3.4,3.4,3.4,3.4,0
2023-12-12,3.4,3.4,3.4,3.4,0
2023-12-13,3.4,3.4,3.4,3.4,0
2023-12-14,3.4,3.4,3.4,3.4,0
2023-12-15,3.4,3.4,3.4,3.4,0
2023-12-18,3.4,3.4,3.4,3.4,0
2023-12-19,3.4,3.4,3.4,3.4,0
2023-12-20,3.4,3.4,3.4,3.4,0
2023-12-21,3.4,3.4,3.4,3.4,0
2023-12-22,3.4,3.4,3.4,3.4,0
2023-12-25,3.4,3.4,3.4,3.4,0
2023-12-26,3.4,3.4,3.4,3.4,0
2023-12-27,3.4,3.4,3.4,3.4,0
2023-12-28,3.4,3.4,3.4,3.4,0
2023-12-29,3.4,3.4,3.4,3.4,0
2024-01-02,3.4,3.4,3.4,3.4,0
2024-01-03,3.4,3.4,3.4,3.4,0
2024-01-04,3.4,3.4,3.4,3.4,0
2024-01-05,3.4,3.4,3.4,3.4,0
2024-01-08,3.4,3.4,3.4,3.4,0
2024-01-09,3.4,3.4,3.4,3.4,0
2024-01-10,3.4,3.4,3.4,3.4,0
2024-01-11,3.4,3.4,3.4,3.4,0
2024-01-12,3.4,3.4,3.4,3.4,0
2024-01-15,3.4,3.4,3.4,3.4,0
2024-01-16,3.4,3.4,3.4,3.4,0
2024-01-17,3.4,3.4,3.4,3.4,0
2024-01-18,3.4,3.4,3.4,3.4,0
2024-01-19,3.4,3.4,3.4,3.4,0
2024-01-22,3.4,3.4,3.4,3.4,0
2024-01-23,3.4,3.4,3.4,3.4,0
2024-01-24,3.4,3.4,3.4,3.4,0
2024-01-25,3.4,3.4,3.4,3.4,0
2024-01-26,3.4,3.4,3.4,3.4,0
2024-01-29,3.4,3.4,3.4,3.4,0
2024-01-30,3.4,3.4,3.4,3.4,0
2024-01-31,3.4,3.4,3.4,3.4,0
2024-02-01,3.4,3.4,3.4,3.4,0
2024-02-02,3.4,3.4,3.4,3.4,0
2024-02-05,3.4,3.4,3.4,3.4,0
2024-02-06,3.4,3.4,3.4,3.4,0
2024-02-07,3.4,3.4,3.4,3.4,0
2024-02-15,3.4,3.4,3.4,3.4,0
2024-02-16,3.4,3.4,3.4,3.4,0
2024-02-19,3.4,3.4,3.4,3.4,0
2024-02-20,3.4,3.4,3.4,3.4,0
2024-02-21,3.4,3.4,3.4,3.4,0
2024-02-22,3.4,3.4,3.4,3.4,0
2024-02-23,3.4,3.4,3.4,3.4,0
2024-02-26,3.4,3.4,3.4,3.4,0
2024-02-27,3.4,3.4,3.4,3.4,0
2024-02-28,3.4,3.4,3.4,3.4,0
2024-02-29,3.4,3.4,3.4,3.4,0
2024-03-01,3.4,3.4,3.4,3.4,0
2024-03-04,3.4,3.4,3.4,3.4,0
2024-03-05,3.4,3.4,3.4,3.4,0
2024-03-06,3.4,3.4,3.4,3.4,0
2024-03-07,3.4,3.4,3.4,3.4,0
2024-03-08,3.4,3.4,3.4,3.4,0
2024-03-11,3.4,3.4,3.4,3.4,0
2024-03-12,3.4,3.4,3.4,3.4,0
2024-03-13,3.4,3.4,3.4,3.4,0
2024-03-14,3.4,3.4,3.4,3.4,0
2024-03-15,3.4,3.4,3.4,3.4,0
2024-03-18,3.4,3.4,3.4,3.4,0
2024-03-19,3.4,3.4,3.4,3.4,0
2024-03-20,3.4,3.4,3.4,3.4,0
2024-03-21,3.4,3.4,3.4,3.4,0
2024-03-22,3.4,3.4,3.4,3.4,0
2024-03-25,3.4,3.4,3.4,3.4,0
2024-03-26,3.4,3.4,3.4,3.4,0
2024-03-27,3.4,3.4,3.4,3.4,0
2024-03-28,3.4,3.4,3.4,3.4,0
2024-03-29,3.4,3.4,3.4,3.4,0
2024-04-01,3.4,3.4,3.4,3.4,0
2024-04-02,3.4,3.4,3.4,3.4,0
2024-04-03,3.4,3.4,3.4,3.4,0
2024-04-04,3.4,3.4,3.4,3.4,0
2024-04-05,3.4,3.4,3.4,3.4,0
2024-04-08,3.4,3.4,3.4,3.4,0
2024-04-09,3.4,3.4,3.4,3.4,0
2024-04-10,3.4,3.4,3.4,3.4,0
2024-04-11,3.4,3.4,3.4,3.4,0
2024-04-12,3.4,3.4,3.4,3.4,0
2024-04-15,3.4,3.4,3.4,3.4,0
2024-04-16,3.4,3.4,3.4,3.4,0
2024-04-17,3.4,3.4,3.4,3.4,0
2024-04-19,3.4,3.4,3.4,3.4,0
2024-04-22,3.4,3.4,3.4,3.4,0
2024-04-23,3.4,3.4,3.4,3.4,0
2024-04-24,3.4,3.4,3.4,3.4,0
2024-04-25,3.4,3.4,3.4,3.4,0
2024-04-26,3.4,3.4,3.4,3.4,0
2024-05-02,3.4,3.4,3.4,3.4,0
2024-05-03,3.4,3.4,3.4,3.4,0
2024-05-06,3.4,3.4,3.4,3.4,0
2024-05-07,3.4,3.4,3.4,3.4,0
2024-05-08,3.4,3.4,3.4,3.4,0
2024-05-09,3.4,3.4,3.4,3.4,0
2024-05-10,3.4,3.4,3.4,3.4,0
2024-05-13,3.4,3.4,3.4,3.4,0
2024-05-14,3.4,3.4,3.4,3.4,0
2024-05-15,3.4,3.4,3.4,3.4,0
2024-05-16,3.4,3.4,3.4,3.4,0
2024-05-17,3.4,3.4,3.4,3.4,0
2024-05-20,3.4,3.4,3.4,3.4,0
2024-05-21,3.4,3.4,3.4,3.4,0
2024-05-22,3.4,3.4,3.4,3.4,0
2024-05-23,3.4,3.4,3.4,3.4,0
2024-05-24,3.4,3.4,3.4,3.4,0
2024-05-27,3.4,3.4,3.4,3.4,0
2024-05-28,3.4,3.4,3.4,3.4,0
2024-05-29,3.4,3.4,3.4,3.4,0
2024-05-30,3.4,3.4,3.4,3.4,0
2024-05-31,3.4,3.4,3.4,3.4,0
2024-06-03,3.4,3.4,3.4,3.4,0
2024-06-04,3.4,3.4,3.4,3.4,0
2024-06-05,3.4,3.4,3.4,3.4,0
2024-06-06,3.4,3.4,3.4,3.4,0
2024-06-07,3.4,3.4,3.4,3.4,0
2024-06-10,3.4,3.4,3.4,3.4,0
2024-06-11,3.4,3.4,3.4,3.4,0
2024-06-12,3.4,3.4,3.4,3.4,0
2024-06-13,3.4,3.4,3.4,3.4,0
2024-06-14,3.4,3.4,3.4,3.4,0
2024-06-17,3.4,3.4,3.4,3.4,0
2024-06-18,3.4,3.4,3.4,3.4,0
2024-06-19,3.4,3.4,3.4,3.4,0
2024-06-20,3.4,3.4,3.4,3.4,0
2024-06-21,3.4,3.4,3.4,3.4,0
2024-06-24,3.4,3.4,3.4,3.4,0
2024-06-25,3.4,3.4,3.4,3.4,0
2024-06-26,3.4,3.4,3.4,3.4,0
2024-06-27,3.4,3.4,3.4,3.4,0
2024-06-28,3.4,3.4,3.4,3.4,0
2024-07-01,3.4,3.4,3.4,3.4,0
2024-07-02,3.4,3.4,3.4,3.4,0
2024-07-03,3.4,3.4,3.4,3.4,0
2024-07-04,3.4,3.4,3.4,3.4,0
2024-07-05,3.4,3.4,3.4,3.4,0
2024-07-08,3.4,3.4,3.4,3.4,0
2024-07-09,3.4,3.4,3.4,3.4,0
2024-07-10,3.4,3.4,3.4,3.4,0
2024-07-11,3.4,3.4,3.4,3.4,0
2024-07-12,3.4,3.4,3.4,3.4,0
2024-07-15,3.4,3.4,3.4,3.4,0
2024-07-16,3.4,3.4,3.4,3.4,0
2024-07-17,3.4,3.4,3.4,3.4,0
2024-07-18,3.4,3.4,3.4,3.4,0
2024-07-19,3.4,3.4,3.4,3.4,0
2024-07-22,3.4,3.4,3.4,3.4,0
2024-07-23,3.4,3.4,3.4,3.4,0
2024-07-24,3.4,3.4,3.4,3.4,0
2024-07-25,3.4,3.4,3.4,3.4,0
