time,open,high,low,close,volume
2005-01-08,0.0,0.0,0.0,0.0,0
2005-02-11,7.16,7.16,7.16,0.0,100
2005-02-12,0.0,0.0,0.0,0.0,0
2005-03-08,10.71,0.0,0.0,0.0,0
2005-03-10,9.53,0.0,0.0,0.0,0
2005-04-11,0.0,0.0,0.0,0.0,0
2005-05-08,11.17,0.0,0.0,0.0,0
2005-05-09,0.0,0.0,0.0,0.0,0
2005-05-10,8.68,0.0,0.0,0.0,0
2005-05-12,0.0,0.0,0.0,0.0,0
2005-07-09,0.0,0.0,0.0,0.0,0
2005-07-10,0.0,0.0,0.0,0.0,0
2005-07-11,7.82,7.82,7.82,0.0,100
2005-07-12,0.0,0.0,0.0,0.0,0
2005-07-14,9.86,10.12,10.12,10.12,0
2005-07-18,10.52,10.52,10.52,10.52,0
2005-07-20,11.17,11.17,11.17,11.17,0
2005-07-22,10.52,10.52,10.52,10.52,0
2005-07-25,10.52,10.52,10.52,10.52,0
2005-07-27,10.52,10.52,10.52,10.52,0
2005-07-29,10.71,11.17,11.17,11.17,0
2005-08-08,11.17,11.17,11.17,11.17,0
2005-08-15,11.17,11.17,11.17,11.17,0
2005-08-17,11.17,11.17,11.17,11.17,0
2005-08-19,11.17,11.17,11.17,11.17,0
2005-08-22,11.17,11.17,11.17,11.17,0
2005-08-24,11.17,11.17,11.17,11.17,0
2005-08-26,11.17,11.17,11.17,11.17,0
2005-08-29,11.17,11.17,11.17,11.17,0
2005-08-31,11.17,11.17,11.17,11.17,0
2005-09-09,12.29,0.0,0.0,0.0,0
2005-09-11,12.29,12.29,12.29,12.29,0
2005-09-12,12.29,12.29,12.29,12.29,0
2005-09-14,12.29,12.29,12.29,12.29,0
2005-09-16,12.29,12.29,12.29,12.29,0
2005-09-19,13.47,13.15,13.15,13.15,0
2005-09-21,11.83,11.83,11.83,11.83,0
2005-09-23,10.65,10.65,10.65,10.65,0
2005-09-26,9.6,9.6,9.6,9.6,0
2005-09-28,8.68,8.68,8.68,8.68,0
2005-09-30,0.0,0.0,0.0,0.0,0
2005-10-08,11.17,8.68,8.68,8.68,0
2005-10-10,7.82,7.82,7.82,7.82,0
2005-10-14,7.1,7.1,7.1,7.1,0
2005-10-17,6.57,6.57,6.57,6.57,0
2005-10-19,7.23,7.23,7.23,7.23,0
2005-10-21,7.23,7.23,7.23,7.23,0
2005-10-24,7.23,7.23,7.23,7.23,0
2005-10-26,7.23,7.23,7.23,7.23,0
2005-10-28,7.95,7.95,7.95,7.95,0
2005-10-31,7.82,7.82,7.82,7.82,0
2005-11-11,7.82,7.82,7.82,7.82,0
2005-11-14,7.82,7.82,7.82,7.82,0
2005-11-16,7.89,7.89,7.89,7.89,200
2005-11-18,7.89,7.89,7.89,7.89,0
2005-11-21,7.89,7.89,7.89,7.89,0
2005-11-23,7.89,7.89,7.89,7.89,3300
2005-11-25,7.89,7.89,7.89,7.89,0
2005-11-28,7.89,7.89,7.89,7.89,0
2005-11-30,7.89,7.89,7.89,7.89,200
2005-12-08,7.89,7.89,7.89,7.89,0
2005-12-09,7.89,7.89,7.89,7.89,0
2005-12-10,7.82,7.89,7.89,7.89,0
2005-12-12,7.89,7.89,7.89,7.89,0
2005-12-14,7.89,7.89,7.89,7.89,0
2005-12-16,7.1,7.1,7.1,7.1,200
2005-12-19,7.1,7.1,7.1,7.1,0
2005-12-21,7.1,7.1,7.1,7.1,0
2005-12-23,7.1,7.1,7.1,7.1,0
2005-12-26,7.1,7.1,7.1,7.1,0
2005-12-28,7.1,7.1,7.1,7.1,0
2005-12-30,7.1,7.1,7.1,7.1,0
2006-01-04,7.1,7.1,7.1,7.1,0
2006-01-06,7.1,7.1,7.1,7.1,0
2006-01-09,7.1,7.1,7.1,7.1,0
2006-01-11,7.1,7.1,7.1,7.1,0
2006-01-13,7.1,7.1,7.1,7.1,0
2006-01-16,7.1,7.1,7.1,7.1,0
2006-01-18,7.1,7.1,7.1,7.1,0
2006-01-20,7.1,7.1,7.1,7.1,0
2006-01-23,7.1,7.1,7.1,7.1,0
2006-01-25,7.1,7.1,7.1,7.1,0
2006-01-27,7.1,7.1,7.1,7.1,0
2006-02-06,7.1,7.1,7.1,7.1,0
2006-02-08,7.1,7.1,7.1,7.1,0
2006-02-10,7.1,7.1,7.1,7.1,0
2006-02-13,7.56,7.56,7.56,7.1,100
2006-02-15,7.1,7.1,7.1,7.1,0
2006-02-17,7.1,7.1,7.1,7.1,0
2006-02-20,7.1,7.1,7.1,7.1,0
2006-02-22,7.1,7.1,7.1,7.1,0
2006-02-24,7.1,7.1,7.1,7.1,0
2006-02-27,7.1,7.1,7.1,7.1,0
2006-03-01,7.1,7.1,7.1,7.1,0
2006-03-03,7.1,7.1,7.1,7.1,0
2006-03-06,7.1,7.1,7.1,7.1,0
2006-03-08,7.1,7.1,7.1,7.1,0
2006-03-10,7.1,7.1,7.1,7.1,0
2006-03-13,7.1,7.1,7.1,7.1,0
2006-03-15,7.56,7.56,7.56,7.1,100
2006-03-17,7.69,7.69,7.69,7.1,100
2006-03-20,7.1,7.1,7.1,7.1,0
2006-03-22,7.89,8.08,7.89,7.1,1300
2006-03-24,7.1,7.1,7.1,7.1,0
2006-03-27,8.81,8.81,8.81,7.1,200
2006-03-29,9.66,9.66,9.66,7.1,400
2006-03-31,10.52,10.52,10.52,7.1,300
2006-04-03,11.44,11.44,11.44,11.44,600
2006-04-05,12.49,12.55,12.16,12.42,5100
2006-04-07,11.24,13.15,11.24,11.7,13100
2006-04-10,12.82,12.82,12.82,12.82,700
2006-04-12,12.82,12.82,12.75,12.03,300
2006-04-14,12.03,12.03,12.03,12.03,0
2006-04-17,12.16,12.49,12.16,12.36,4500
2006-04-19,12.62,12.62,12.62,12.62,900
2006-04-21,13.15,13.8,13.15,13.54,5900
2006-04-24,13.8,14.85,13.8,14.53,4200
2006-04-26,15.97,15.97,15.97,15.97,3700
2006-04-28,17.55,17.55,16.43,16.83,4800
2006-05-03,17.75,18.08,16.43,17.02,800
2006-05-05,18.54,18.67,17.09,18.01,4600
2006-05-08,19.72,19.72,17.75,19.06,2100
2006-05-10,17.42,17.42,17.42,17.42,800
2006-05-12,17.09,19.13,17.09,18.8,7000
2006-05-15,16.96,17.09,16.96,17.02,1500
2006-05-17,17.09,17.09,15.38,15.71,1100
2006-05-19,16.43,16.43,16.43,16.43,200
2006-05-22,16.1,16.1,16.1,16.1,100
2006-05-24,15.97,15.97,15.45,15.71,200
2006-05-26,16.1,16.1,15.77,16.04,1100
2006-05-29,16.1,16.1,16.1,16.1,100
2006-05-31,15.45,15.45,15.45,15.45,100
2006-06-01,15.45,15.45,15.45,15.45,0
2006-06-02,15.45,15.45,15.45,15.45,0
2006-06-05,15.45,15.45,15.45,15.45,0
2006-06-06,15.45,15.45,13.93,13.93,900
2006-06-07,13.8,13.8,13.8,13.8,600
2006-06-08,13.8,13.8,13.8,13.8,0
2006-06-09,13.8,13.8,13.8,13.8,0
2006-06-12,13.15,13.15,12.49,12.49,2700
2006-06-13,12.49,12.49,12.49,12.49,0
2006-06-14,12.82,13.15,12.82,13.15,1300
2006-06-15,12.82,12.82,12.82,12.82,100
2006-06-16,13.15,13.15,13.15,12.82,100
2006-06-19,12.82,12.82,12.82,12.82,0
2006-06-20,13.08,13.08,12.95,12.95,700
2006-06-21,13.01,13.01,13.01,13.01,100
2006-06-22,13.01,13.01,13.01,13.01,0
2006-06-23,13.01,13.01,13.01,13.01,0
2006-06-26,13.01,13.01,13.01,13.01,0
2006-06-27,13.01,13.01,13.01,13.01,0
2006-06-28,13.01,13.01,13.01,13.01,0
2006-06-29,12.95,12.95,12.95,12.95,200
2006-06-30,11.7,11.7,11.7,12.95,200
2006-07-03,11.83,11.83,11.83,11.83,2000
2006-07-04,11.83,11.83,11.83,11.83,0
2006-07-05,11.83,11.83,11.83,11.83,100
2006-07-06,11.83,11.83,11.83,11.83,0
2006-07-07,11.57,11.57,11.57,11.57,600
2006-07-10,11.57,11.57,11.57,11.57,600
2006-07-11,11.57,11.57,11.57,11.57,0
2006-07-12,11.57,11.57,11.57,11.57,0
2006-07-13,11.57,11.57,11.5,10.58,1100
2006-07-14,11.17,11.17,10.58,10.58,2500
2006-07-17,10.65,10.65,10.19,10.19,800
2006-07-18,10.19,10.19,10.19,10.19,0
2006-07-19,10.19,10.19,10.19,10.19,0
2006-07-20,9.53,9.53,9.53,9.53,600
2006-07-21,9.53,9.53,9.53,9.53,0
2006-07-24,9.86,9.86,9.86,9.86,100
2006-07-25,9.53,9.53,9.2,9.2,400
2006-07-26,9.2,9.2,9.2,9.2,1600
2006-07-27,9.2,9.2,9.2,9.2,0
2006-07-28,9.2,9.2,9.2,9.2,0
2006-07-31,8.87,8.87,8.87,8.87,100
2006-08-01,8.87,8.87,8.87,8.87,0
2006-08-02,8.48,8.48,8.48,8.48,900
2006-08-03,8.48,8.48,8.48,8.48,0
2006-08-04,8.48,8.48,8.48,8.48,5800
2006-08-07,8.48,8.48,8.48,8.48,0
2006-08-08,8.48,8.48,8.48,8.48,0
2006-08-09,8.48,8.48,8.48,8.48,0
2006-08-10,8.74,8.74,8.54,8.54,1300
2006-08-11,8.68,8.68,8.68,8.68,500
2006-08-14,8.68,8.68,8.68,8.68,0
2006-08-15,8.22,8.22,8.22,8.22,300
2006-08-16,8.22,8.22,8.22,8.22,0
2006-08-17,8.22,8.22,8.22,8.22,0
2006-08-18,9.0,9.0,9.0,9.0,400
2006-08-21,9.0,9.0,9.0,9.0,0
2006-08-22,9.0,9.0,9.0,9.0,0
2006-08-23,8.15,9.2,8.15,9.2,500
2006-08-24,9.2,9.2,9.2,9.2,0
2006-08-25,9.2,9.2,9.2,9.2,0
2006-08-28,9.2,9.86,9.2,9.86,1000
2006-08-29,9.86,9.86,9.86,9.86,0
2006-08-30,9.86,9.86,9.86,9.86,200
2006-08-31,9.86,9.86,9.86,9.86,0
2006-09-01,9.86,9.86,9.86,9.86,0
2006-09-05,9.86,9.86,9.86,9.86,0
2006-09-06,9.86,9.86,9.86,9.86,0
2006-09-07,9.86,9.86,9.86,9.86,0
2006-09-08,9.86,9.86,9.86,9.86,0
2006-09-11,9.86,9.86,9.86,9.86,0
2006-09-12,9.86,9.86,9.86,9.86,0
2006-09-13,9.86,9.86,9.86,9.86,0
2006-09-14,9.86,9.86,9.86,9.86,0
2006-09-15,9.86,9.86,9.86,9.86,0
2006-09-18,9.86,9.86,9.86,9.86,0
2006-09-19,9.86,9.86,9.86,9.86,0
2006-09-20,9.86,9.86,9.86,9.86,1000
2006-09-21,9.86,9.86,9.86,9.86,0
2006-09-22,9.86,9.86,9.86,9.86,100
2006-09-25,9.86,9.86,9.86,9.86,0
2006-09-26,9.86,9.86,9.86,9.86,0
2006-09-27,9.86,9.86,9.86,9.86,500
2006-09-28,9.86,9.86,9.86,9.86,100
2006-09-29,9.86,9.86,9.86,9.86,0
2006-10-02,9.86,9.86,9.86,9.86,0
2006-10-03,9.86,9.86,9.86,9.86,100
2006-10-04,9.86,9.86,9.86,9.86,0
2006-10-05,9.86,9.86,9.86,9.86,0
2006-10-06,9.86,9.86,9.86,9.86,0
2006-10-09,9.86,9.86,9.86,9.86,100
2006-10-10,9.86,9.86,9.86,9.86,0
2006-10-11,9.86,9.86,9.86,9.86,0
2006-10-12,9.86,9.86,9.86,9.86,0
2006-10-13,9.86,9.86,9.86,9.86,0
2006-10-16,9.86,9.86,9.86,9.86,0
2006-10-17,9.86,9.86,9.86,9.86,0
2006-10-18,9.86,9.86,9.86,9.86,0
2006-10-19,9.86,9.86,9.86,9.86,0
2006-10-20,9.86,9.86,9.86,9.86,200
2006-10-23,9.86,9.86,9.86,9.86,0
2006-10-24,9.86,9.86,9.86,9.86,0
2006-10-25,9.86,9.86,9.86,9.86,0
2006-10-26,9.86,9.86,9.86,9.86,0
2006-10-27,9.86,9.86,9.86,9.86,200
2006-10-30,9.86,9.86,9.86,9.86,0
2006-10-31,9.86,9.86,9.86,9.86,0
2006-11-01,9.86,9.86,9.86,9.86,0
2006-11-02,9.86,9.86,9.86,9.86,0
2006-11-03,9.86,9.86,9.86,9.86,0
2006-11-06,9.86,9.86,9.86,9.86,200
2006-11-07,9.86,9.86,9.86,9.86,0
2006-11-08,9.86,9.86,9.86,9.86,0
2006-11-09,9.2,9.2,9.2,9.2,900
2006-11-10,9.2,9.2,9.2,9.2,0
2006-11-13,9.2,9.2,9.2,9.2,0
2006-11-14,9.2,9.2,9.2,9.2,0
2006-11-15,9.2,9.2,9.2,9.2,0
2006-11-16,9.2,9.2,9.2,9.2,0
2006-11-17,9.2,9.2,9.2,9.2,0
2006-11-20,9.2,9.2,9.2,9.2,0
2006-11-21,9.2,9.2,9.2,9.2,100
2006-11-22,9.07,9.07,9.07,9.07,500
2006-11-23,9.2,9.2,9.2,9.2,200
2006-11-24,9.86,9.86,9.86,9.86,200
2006-11-27,9.86,9.86,9.86,9.86,0
2006-11-28,9.86,9.86,9.53,9.86,600
2006-11-29,9.86,9.86,9.86,9.86,200
2006-11-30,9.86,9.86,9.86,9.86,0
2006-12-01,9.2,9.2,8.87,8.87,400
2006-12-04,9.2,9.2,8.87,8.87,400
2006-12-05,9.33,9.33,9.33,9.33,200
2006-12-06,9.2,9.2,9.2,9.2,500
2006-12-07,9.2,9.2,9.2,9.2,100
2006-12-08,9.2,9.2,9.2,9.2,0
2006-12-11,9.2,9.2,9.2,9.2,0
2006-12-12,9.2,9.2,9.2,9.2,0
2006-12-13,9.14,9.14,9.14,9.14,500
2006-12-14,9.14,9.14,9.14,9.14,0
2006-12-15,8.54,8.54,8.54,8.54,100
2006-12-18,8.54,8.54,8.54,8.54,100
2006-12-19,8.54,8.54,8.54,8.54,0
2006-12-20,8.54,8.54,8.54,8.54,0
2006-12-21,8.54,8.54,8.54,8.54,0
2006-12-22,8.54,8.54,8.54,8.54,0
2006-12-25,9.2,9.2,9.2,9.2,700
2006-12-26,9.2,9.2,9.2,9.2,0
2006-12-27,9.2,9.2,9.2,9.2,100
2006-12-28,9.2,9.2,9.2,9.2,500
2006-12-29,9.2,9.2,9.2,9.2,0
2007-01-02,9.2,9.2,9.2,9.2,0
2007-01-03,9.2,9.2,9.2,9.2,0
2007-01-04,9.2,9.2,9.2,9.2,300
2007-01-05,9.2,9.2,9.2,9.2,0
2007-01-08,9.2,9.2,9.2,9.2,100
2007-01-09,9.2,9.2,9.2,9.2,0
2007-01-10,9.2,9.2,9.2,9.2,100
2007-01-11,9.2,9.2,9.2,9.2,0
2007-01-12,9.2,9.2,9.2,9.2,0
2007-01-15,9.2,9.2,9.2,9.2,0
2007-01-16,9.2,9.2,9.2,9.2,0
2007-01-17,9.2,9.2,9.2,9.2,0
2007-01-18,9.2,9.2,9.2,9.2,0
2007-01-19,9.2,9.2,9.2,9.2,0
2007-01-22,9.2,9.2,9.2,9.2,0
2007-01-23,9.2,9.2,9.2,9.2,0
2007-01-24,9.2,9.2,9.2,9.2,300
2007-01-25,10.12,10.12,10.12,10.12,1000
2007-01-26,11.11,11.11,11.11,11.11,100
2007-01-29,11.11,11.11,11.11,11.11,0
2007-01-30,11.83,11.83,11.83,11.83,200
2007-01-31,13.01,13.01,13.01,13.01,500
2007-02-01,13.15,14.26,13.15,14.26,1300
2007-02-02,13.8,14.53,13.67,13.8,6500
2007-02-05,13.47,14.33,13.47,14.13,800
2007-02-06,14.13,15.45,14.13,15.45,1100
2007-02-07,14.46,15.45,14.46,15.45,600
2007-02-08,16.43,16.43,16.43,16.43,5800
2007-02-09,17.75,17.75,15.77,15.77,2900
2007-02-12,15.58,15.58,15.58,15.58,1000
2007-02-13,15.58,15.58,15.58,15.58,0
2007-02-14,16.1,16.17,15.77,15.77,1900
2007-02-15,16.17,16.43,16.17,16.43,800
2007-02-26,17.88,17.88,17.75,17.75,1000
2007-02-27,19.52,19.52,19.52,19.52,5200
2007-02-28,21.43,21.43,21.43,21.43,2200
2007-03-01,23.53,23.53,23.53,23.53,3100
2007-03-02,25.83,25.83,25.83,23.53,7400
2007-03-05,28.39,28.39,28.39,28.39,2800
2007-03-06,31.22,31.22,31.22,31.22,4200
2007-03-07,34.31,34.31,34.31,34.31,600
2007-03-08,37.73,37.73,31.22,37.73,33500
2007-03-09,40.55,40.55,40.55,40.55,12500
2007-03-12,44.56,44.56,40.75,40.75,10100
2007-03-13,44.7,45.35,44.63,44.7,4800
2007-03-14,43.38,44.7,40.42,44.7,1900
2007-03-15,37.86,38.12,37.86,37.86,1800
2007-03-16,34.18,34.7,34.18,34.7,4400
2007-03-19,37.47,37.73,32.86,37.73,7300
2007-03-20,38.85,38.85,35.82,36.15,6700
2007-03-21,35.82,36.15,34.18,34.18,6500
2007-03-22,34.51,34.51,33.52,33.52,1600
2007-03-23,32.86,34.18,32.54,32.54,3300
2007-03-26,29.58,30.83,29.58,32.54,900
2007-03-27,32.54,32.54,32.54,32.54,0
2007-03-28,27.08,27.08,27.08,27.08,1200
2007-03-29,29.78,29.78,29.78,29.78,100
2007-03-30,32.73,32.73,32.73,29.78,1000
2007-04-02,34.18,34.7,34.18,34.7,800
2007-04-03,31.02,31.02,31.02,31.02,600
2007-04-04,29.45,29.45,29.45,29.45,300
2007-04-05,30.24,30.24,29.58,29.58,300
2007-04-06,26.82,26.82,26.82,26.82,1100
2007-04-09,26.82,26.82,24.19,26.29,2400
2007-04-10,26.88,27.61,26.29,26.29,1800
2007-04-11,26.29,26.29,24.98,24.98,600
2007-04-12,23.07,24.98,23.07,24.98,1700
2007-04-13,24.98,24.98,24.98,24.98,0
2007-04-16,21.69,21.69,21.56,21.56,700
2007-04-17,19.52,21.03,19.52,21.03,2200
2007-04-18,21.49,21.49,21.49,21.49,900
2007-04-19,23.33,23.33,21.03,21.03,2300
2007-04-20,21.69,21.69,21.69,21.69,700
2007-04-23,21.69,21.69,21.69,21.69,0
2007-04-24,21.03,21.03,21.03,21.03,800
2007-04-25,21.03,21.03,21.03,21.03,0
2007-05-02,19.39,19.39,19.39,19.39,1100
2007-05-03,19.39,19.72,19.39,19.72,1000
2007-05-04,21.03,21.03,21.03,21.03,100
2007-05-07,21.03,21.03,21.03,21.03,0
2007-05-08,22.35,22.35,22.35,22.35,100
2007-05-09,23.01,23.01,23.01,23.01,500
2007-05-10,20.7,20.7,20.7,20.7,200
2007-05-11,20.7,20.7,20.7,20.7,0
2007-05-14,19.39,19.72,19.39,19.72,700
2007-05-15,19.72,19.72,19.72,19.72,200
2007-05-16,19.72,21.03,19.72,21.03,300
2007-05-17,21.03,21.03,21.03,21.03,0
2007-05-18,19.72,20.64,19.72,20.64,600
2007-05-21,18.4,18.4,18.4,18.4,1100
2007-05-22,19.39,20.24,19.39,20.24,2400
2007-05-23,21.36,21.89,21.36,21.89,2500
2007-05-24,23.99,23.99,22.68,22.68,4600
2007-05-25,21.69,23.47,20.97,22.41,2400
2007-05-28,21.69,21.69,21.03,21.03,700
2007-05-29,21.23,21.69,21.23,21.69,400
2007-05-30,21.56,21.56,19.72,19.72,2500
2007-05-31,19.85,19.85,19.72,19.72,2000
2007-06-01,19.72,19.72,19.39,19.39,1000
2007-06-04,20.24,20.24,20.24,20.24,200
2007-06-05,20.24,20.24,20.24,20.24,0
2007-06-06,20.24,20.24,20.24,20.24,0
2007-06-07,19.72,20.24,19.72,20.24,300
2007-06-08,19.72,19.72,19.59,19.59,200
2007-06-11,19.06,19.06,19.06,19.06,100
2007-06-12,17.75,17.81,17.75,17.75,800
2007-06-13,17.75,17.75,17.75,17.75,0
2007-06-14,18.73,18.73,18.4,18.54,1300
2007-06-15,18.01,18.4,18.01,18.4,2500
2007-06-18,19.06,19.06,19.06,19.06,500
2007-06-19,18.4,19.0,18.4,19.0,1200
2007-06-20,19.0,19.0,19.0,19.0,0
2007-06-21,17.75,17.75,17.75,17.75,300
2007-06-22,17.75,17.75,16.1,16.1,400
2007-06-25,16.43,16.43,15.77,16.1,700
2007-06-26,16.1,16.1,16.1,16.1,0
2007-06-27,16.43,16.1,16.1,16.1,0
2007-06-28,15.77,17.09,15.12,15.12,843800
2007-06-29,15.12,15.12,15.12,15.12,0
2007-07-02,15.12,15.12,15.12,15.12,300
2007-07-03,14.46,14.46,14.46,14.46,100
2007-07-04,15.12,15.12,15.12,15.12,200
2007-07-05,15.12,15.12,15.12,15.12,0
2007-07-06,15.12,15.12,15.12,15.12,100
2007-07-09,15.12,15.12,15.12,15.12,1100
2007-07-10,15.77,16.43,15.77,16.63,700
2007-07-11,18.4,18.4,18.4,18.14,900
2007-07-12,19.72,19.72,18.4,18.4,1900
2007-07-13,19.06,19.32,19.32,19.32,0
2007-07-16,17.75,17.75,17.75,17.55,500
2007-07-17,17.75,17.55,17.55,17.55,0
2007-07-18,17.75,17.55,17.55,17.55,0
2007-07-19,17.75,17.55,17.55,17.55,0
2007-07-20,17.09,17.09,17.09,16.76,100
2007-07-23,18.4,18.4,18.4,18.4,200
2007-07-24,17.75,17.75,17.75,17.75,400
2007-07-25,17.75,17.75,17.75,17.75,0
2007-07-26,16.43,16.43,16.43,16.43,500
2007-07-27,16.43,16.43,16.43,16.43,100
2007-07-30,15.77,15.77,15.77,15.77,1600
2007-07-31,15.77,15.77,15.77,15.77,0
2007-08-01,15.77,15.77,15.77,15.77,0
2007-08-02,15.77,15.77,15.77,15.77,0
2007-08-03,15.77,15.77,15.77,15.77,700
2007-08-06,15.77,15.77,15.77,15.77,0
2007-08-07,15.77,15.77,15.77,15.77,0
2007-08-08,15.77,15.77,15.77,15.77,100
2007-08-09,15.77,15.77,15.77,15.77,300
2007-08-10,15.12,15.12,15.12,15.12,100
2007-08-13,15.12,15.12,15.12,15.12,0
2007-08-14,15.77,15.77,15.77,15.77,400
2007-08-15,15.77,15.77,15.77,15.77,200
2007-08-16,15.77,15.77,15.77,15.77,100
2007-08-17,15.77,15.77,15.77,15.77,0
2007-08-20,15.77,15.77,15.77,15.77,200
2007-08-21,15.77,15.77,15.77,15.77,0
2007-08-22,15.77,15.77,15.77,15.77,0
2007-08-23,15.77,15.77,15.77,15.77,0
2007-08-24,15.77,15.77,15.77,15.77,0
2007-08-27,15.77,15.77,15.77,15.77,0
2007-08-28,15.77,15.77,15.77,15.77,0
2007-08-29,15.77,15.77,15.77,15.77,0
2007-08-30,15.77,15.77,15.77,15.77,0
2007-08-31,15.77,15.77,15.77,15.77,0
2007-09-04,15.77,15.77,15.77,15.77,0
2007-09-05,15.77,15.77,15.77,15.77,0
2007-09-06,15.77,15.77,15.77,15.77,0
2007-09-07,15.77,15.77,15.77,15.45,1000
2007-09-10,15.45,15.45,15.45,15.45,0
2007-09-11,15.12,17.09,15.12,16.3,1900
2007-09-12,16.43,17.75,16.43,17.75,1300
2007-09-13,16.5,16.5,16.5,16.5,300
2007-09-14,16.5,16.5,16.5,16.5,0
2007-09-17,16.43,16.43,16.43,16.43,100
2007-09-18,16.43,16.43,16.43,16.43,0
2007-09-19,16.1,16.1,16.1,16.1,400
2007-09-20,16.63,16.7,16.63,16.7,1800
2007-09-21,16.43,16.43,16.43,16.43,200
2007-09-24,16.43,16.43,16.43,16.43,900
2007-09-25,17.09,17.09,17.09,17.09,800
2007-09-26,18.4,18.67,17.75,18.67,1300
2007-09-27,20.31,20.31,19.72,20.31,2900
2007-09-28,22.15,22.15,22.15,22.15,800
2007-10-01,24.32,24.32,24.32,24.32,500
2007-10-02,26.75,26.75,25.63,26.75,9400
2007-10-03,26.69,26.69,25.63,25.63,4800
2007-10-04,25.11,26.29,24.32,26.29,4100
2007-10-05,25.63,26.29,25.63,26.29,300
2007-10-08,24.98,24.98,23.27,23.27,1900
2007-10-09,23.01,23.01,21.56,22.28,1900
2007-10-10,20.7,22.35,20.7,22.35,500
2007-10-11,22.81,23.86,22.81,23.86,2500
2007-10-12,26.16,26.16,26.16,26.16,4000
2007-10-15,28.72,28.72,28.72,28.72,2600
2007-10-16,31.55,31.55,31.55,31.55,6000
2007-10-17,34.7,34.7,34.7,34.7,17000
2007-10-18,37.47,38.12,32.86,35.36,26100
2007-10-19,33.19,39.44,33.19,39.44,15300
2007-10-22,39.44,39.44,36.48,39.44,13700
2007-10-23,43.12,43.12,42.72,43.12,10500
2007-10-24,47.39,47.39,47.0,47.39,28700
2007-10-25,52.12,52.12,52.12,52.12,6300
2007-10-26,51.93,57.32,47.98,50.94,12500
2007-10-29,51.6,52.52,47.98,50.94,7500
2007-10-30,49.95,49.95,44.96,45.42,1600
2007-10-31,41.41,45.35,41.21,41.21,6800
2007-11-01,42.07,45.88,39.44,45.68,1600
2007-11-02,45.35,45.35,39.44,44.7,10900
2007-11-05,43.38,43.38,42.72,42.72,3800
2007-11-06,42.86,46.01,42.07,44.04,10500
2007-11-07,44.7,45.35,44.7,45.35,200
2007-11-08,45.09,45.09,44.7,44.7,800
2007-11-09,40.75,41.41,40.75,40.75,4200
2007-11-12,38.12,38.45,38.12,38.12,2200
2007-11-13,34.51,38.19,34.51,34.84,4400
2007-11-14,40.09,40.36,40.09,40.36,1300
2007-11-15,40.75,40.75,40.75,40.75,500
2007-11-16,40.75,40.75,40.75,40.75,0
2007-11-19,36.81,36.81,36.81,36.81,700
2007-11-20,34.84,35.49,34.84,35.16,1300
2007-11-21,35.43,35.49,35.43,35.49,1700
2007-11-22,36.15,38.78,36.15,38.78,4000
2007-11-23,38.45,40.09,37.79,40.09,5100
2007-11-26,38.12,38.12,38.12,38.12,1000
2007-11-27,40.09,40.09,39.77,39.77,3700
2007-11-28,40.75,40.75,40.75,40.75,2700
2007-11-29,38.12,39.44,37.79,37.79,900
2007-11-30,38.12,40.09,37.79,37.79,1400
2007-12-03,39.44,39.44,39.44,39.44,2100
2007-12-04,39.44,41.41,39.44,41.41,4900
2007-12-05,39.77,41.41,39.77,41.41,500
2007-12-06,41.41,41.41,41.41,41.41,0
2007-12-07,40.75,40.75,40.75,40.75,100
2007-12-10,43.38,43.38,39.44,39.44,300
2007-12-11,36.68,38.78,36.68,38.78,1200
2007-12-12,39.44,39.44,39.44,39.44,200
2007-12-13,42.72,42.72,35.49,35.49,200
2007-12-14,35.49,35.49,35.49,35.49,0
2007-12-17,36.15,37.47,35.49,37.47,700
2007-12-18,37.47,37.47,37.47,37.47,0
2007-12-19,38.78,38.78,38.78,38.78,500
2007-12-20,36.22,36.22,36.22,36.22,100
2007-12-21,36.81,36.81,36.81,36.22,300
2007-12-24,34.84,35.49,34.84,34.84,900
2007-12-25,34.84,34.84,34.84,34.84,0
2007-12-26,37.99,37.99,37.99,37.99,100
2007-12-27,38.12,38.12,38.12,38.12,300
2007-12-28,38.12,38.12,38.12,38.12,0
2008-01-02,38.12,38.12,38.12,38.12,0
2008-01-03,38.12,38.12,38.12,38.12,0
2008-01-04,38.12,38.12,38.12,38.12,0
2008-01-07,38.12,38.12,38.12,38.12,0
2008-01-08,38.12,38.12,38.12,38.12,0
2008-01-09,38.12,38.12,38.12,38.12,0
2008-01-10,38.12,38.12,38.12,38.12,0
2008-01-11,34.31,34.31,34.31,34.31,1600
2008-01-14,34.31,34.31,34.31,34.31,0
2008-01-15,34.31,34.31,34.31,34.31,0
2008-01-16,31.02,32.86,31.02,32.54,700
2008-01-17,32.21,32.21,32.21,32.21,200
2008-01-18,29.58,31.22,29.05,29.05,1500
2008-01-21,29.25,29.25,28.26,28.26,300
2008-01-22,26.36,26.36,26.03,26.03,600
2008-01-23,24.32,24.32,23.66,23.66,1300
2008-01-24,23.66,24.32,23.66,24.32,600
2008-01-25,22.35,25.96,22.35,25.96,300
2008-01-28,21.36,21.36,21.36,21.36,100
2008-01-29,23.47,23.47,23.47,23.47,100
2008-01-30,25.77,25.77,25.77,25.77,3100
2008-01-31,28.26,28.33,24.98,24.98,2500
2008-02-01,26.29,26.29,25.31,25.31,1400
2008-02-12,24.91,24.98,24.91,24.98,400
2008-02-13,25.31,27.47,24.98,27.47,8200
2008-02-14,28.99,28.99,28.99,28.99,3300
2008-02-15,30.24,31.88,29.58,31.88,8100
2008-02-18,30.89,31.48,28.26,31.22,2200
2008-02-19,31.22,31.22,30.24,30.56,2000
2008-02-20,29.58,30.17,28.33,28.92,2200
2008-02-21,17.75,19.72,17.35,17.35,3300
2008-02-22,15.97,19.06,15.97,19.06,2800
2008-02-25,18.93,18.93,18.93,18.93,600
2008-02-26,20.77,20.77,20.38,20.77,3800
2008-02-27,21.03,22.35,21.03,22.28,6300
2008-02-28,20.51,20.51,19.85,20.05,700
2008-02-29,18.4,19.26,18.4,18.73,1100
2008-03-03,17.75,17.75,17.16,17.16,2100
2008-03-04,15.58,15.58,15.58,15.58,700
2008-03-05,14.07,14.07,14.07,14.07,2200
2008-03-06,15.45,15.45,15.45,15.45,100
2008-03-07,16.96,16.96,16.96,16.96,1000
2008-03-10,18.6,18.6,18.6,18.6,3500
2008-03-11,17.09,17.75,16.76,17.09,1300
2008-03-12,16.23,18.73,16.23,18.73,2700
2008-03-13,18.34,18.34,17.75,18.34,1800
2008-03-14,19.92,19.92,17.75,17.75,1200
2008-03-17,17.75,17.75,17.75,17.75,0
2008-03-18,17.75,17.75,17.75,17.75,0
2008-03-19,17.75,17.75,17.75,17.75,0
2008-03-20,17.75,17.75,17.75,17.75,0
2008-03-21,16.63,16.63,16.63,16.63,1200
2008-03-24,15.05,15.05,15.05,15.05,500
2008-03-25,13.61,13.61,13.61,13.61,900
2008-03-26,13.15,13.15,12.49,12.49,800
2008-03-27,13.01,13.01,13.01,13.01,100
2008-03-28,13.01,13.01,13.01,13.01,0
2008-03-31,13.21,13.21,13.21,13.21,1200
2008-04-01,13.21,13.21,13.21,13.21,0
2008-04-02,13.47,13.47,13.47,13.47,2600
2008-04-03,13.74,13.74,13.74,13.74,3400
2008-04-04,14.0,14.0,14.0,14.0,200
2008-04-07,14.39,14.39,14.39,14.39,500
2008-04-08,14.79,14.79,14.0,14.46,2100
2008-04-09,14.46,14.46,14.46,14.46,0
2008-04-10,14.46,14.46,14.46,14.46,0
2008-04-11,14.46,14.46,14.46,14.46,0
2008-04-16,14.46,14.46,14.46,14.46,0
2008-04-17,14.13,14.13,14.13,14.13,4000
2008-04-18,13.74,13.8,13.74,13.74,2700
2008-04-21,13.74,13.74,13.74,13.74,0
2008-04-22,13.74,13.74,13.74,13.74,0
2008-04-23,13.74,13.74,13.74,13.74,0
2008-04-24,13.74,13.74,13.74,13.74,0
2008-04-25,13.74,13.74,13.74,13.74,0
2008-04-28,13.34,13.34,13.34,13.34,500
2008-04-29,12.95,12.95,12.95,12.95,400
2008-05-05,12.95,12.95,12.95,12.95,0
2008-05-06,12.95,12.95,12.95,12.95,0
2008-05-07,12.95,12.95,12.95,12.95,0
2008-05-08,12.95,12.95,12.95,12.95,0
2008-05-09,12.95,12.95,12.95,12.95,0
2008-05-12,12.95,12.95,12.95,12.95,0
2008-05-13,12.62,12.62,12.62,12.62,100
2008-05-14,12.62,12.62,12.62,12.62,0
2008-05-15,12.62,12.62,12.62,12.62,0
2008-05-16,12.62,12.62,12.62,12.62,0
2008-05-19,12.62,12.62,12.62,12.62,0
2008-05-20,12.62,12.62,12.62,12.62,0
2008-05-21,12.62,12.62,12.62,12.62,0
2008-05-22,12.62,12.62,12.62,12.62,0
2008-05-23,12.29,12.29,12.29,12.29,100
2008-05-26,12.29,12.29,12.29,12.29,0
2008-05-27,12.29,12.29,12.29,12.29,0
2008-05-28,11.96,11.96,11.96,11.96,200
2008-05-29,11.96,11.96,11.96,11.96,0
2008-05-30,11.96,11.96,11.96,11.96,0
2008-06-02,11.96,11.96,11.96,11.96,0
2008-06-03,11.96,11.96,11.96,11.96,0
2008-06-04,11.96,11.96,11.96,11.96,0
2008-06-05,11.96,11.96,11.96,11.96,0
2008-06-06,11.96,11.96,11.96,11.96,0
2008-06-09,11.96,11.96,11.96,11.96,0
2008-06-10,11.96,11.96,11.96,11.96,0
2008-06-11,11.63,11.63,11.63,11.63,100
2008-06-12,11.31,11.31,11.31,11.31,4500
2008-06-13,11.31,11.31,11.31,11.31,0
2008-06-16,10.98,11.63,10.98,11.63,7200
2008-06-17,11.24,11.57,10.91,11.24,1600
2008-06-18,10.91,11.24,10.91,10.91,300
2008-06-19,10.91,10.91,10.91,10.91,0
2008-06-20,10.91,10.91,10.91,10.91,0
2008-06-23,10.65,11.17,10.65,11.17,600
2008-06-24,11.17,11.17,11.17,11.17,0
2008-06-25,11.17,11.17,11.17,11.17,0
2008-06-26,10.71,10.71,10.71,10.71,3000
2008-06-27,10.71,10.71,10.71,10.71,0
2008-06-30,10.71,10.71,10.71,10.71,0
2008-07-01,10.32,10.32,10.32,10.32,4500
2008-07-02,9.93,9.93,9.93,9.93,3600
2008-07-03,9.53,10.19,9.53,10.19,6600
2008-07-04,9.99,9.99,9.86,9.99,3100
2008-07-07,9.53,9.53,9.53,9.53,400
2008-07-08,9.53,9.53,9.53,9.53,0
2008-07-09,9.2,9.2,9.2,9.2,1100
2008-07-10,8.87,8.94,8.87,8.94,2600
2008-07-11,8.54,9.14,8.54,9.14,8800
2008-07-14,8.48,9.0,8.48,9.0,3100
2008-07-15,9.27,9.27,9.27,9.27,500
2008-07-16,9.6,9.6,8.94,9.46,2100
2008-07-17,9.66,9.66,9.14,9.66,2400
2008-07-18,9.53,9.6,9.07,9.07,8200
2008-07-21,9.14,9.2,9.14,9.14,1600
2008-07-22,9.14,9.14,9.14,9.14,0
2008-07-23,8.87,8.87,8.87,8.87,3300
2008-07-24,8.54,8.54,8.54,8.54,1000
2008-07-25,8.22,8.22,8.22,8.22,1500
2008-07-28,7.89,8.22,7.89,8.22,2000
2008-07-29,8.35,8.35,8.08,8.08,1400
2008-07-30,7.89,7.89,7.89,7.89,2800
2008-07-31,7.89,8.15,7.62,8.15,1200
2008-08-01,8.15,8.15,8.15,8.15,0
2008-08-04,8.15,8.15,8.15,8.15,0
2008-08-05,7.62,7.62,7.62,7.62,600
2008-08-06,7.62,7.62,7.62,7.62,0
2008-08-07,7.62,7.62,7.62,7.62,0
2008-08-08,7.62,7.62,7.62,7.62,0
2008-08-11,7.62,7.89,7.62,7.89,400
2008-08-12,8.08,8.08,8.08,8.08,400
2008-08-13,8.08,8.08,8.08,8.08,500
2008-08-14,7.89,8.35,7.82,8.35,7100
2008-08-15,8.28,8.28,8.28,8.28,200
2008-08-18,8.35,8.81,8.35,8.81,1500
2008-08-19,8.61,9.14,8.61,8.87,1700
2008-08-20,8.08,8.08,8.08,8.08,1100
2008-08-21,8.41,8.61,8.35,8.61,5500
2008-08-22,9.07,9.07,9.07,9.07,3000
2008-08-25,9.66,9.66,9.66,9.66,100
2008-08-26,10.32,10.32,10.32,10.32,600
2008-08-27,10.98,10.98,10.91,10.98,8900
2008-08-28,11.63,11.7,10.25,11.63,8100
2008-08-29,10.85,11.37,10.58,11.37,5700
2008-09-03,10.71,11.44,10.71,11.44,3400
2008-09-04,12.23,12.23,12.16,12.23,10800
2008-09-05,13.08,13.08,13.08,13.08,2200
2008-09-08,13.93,13.93,12.23,13.47,3300
2008-09-09,13.15,13.74,12.03,12.03,1800
2008-09-10,12.49,12.49,11.83,12.16,1800
2008-09-11,11.83,11.83,11.83,11.83,100
2008-09-12,11.83,11.83,11.83,11.83,0
2008-09-15,11.04,11.11,11.04,11.04,2400
2008-09-16,11.77,11.77,10.39,10.39,1300
2008-09-17,9.79,9.79,9.79,9.79,3500
2008-09-18,10.45,10.45,9.14,9.14,1800
2008-09-19,8.61,9.79,8.61,9.79,1100
2008-09-22,10.32,10.32,10.32,10.32,1100
2008-09-23,10.32,10.98,10.32,10.32,1200
2008-09-24,10.32,10.32,10.32,10.32,0
2008-09-25,10.91,10.91,10.52,10.52,500
2008-09-26,10.52,10.52,10.52,10.52,0
2008-09-29,10.06,10.06,10.06,10.06,600
2008-09-30,9.4,9.4,9.4,9.4,100
2008-10-01,10.06,10.06,8.74,8.74,3200
2008-10-02,8.87,9.07,8.41,8.48,1800
2008-10-03,8.15,9.33,8.15,8.48,4500
2008-10-06,8.22,8.22,8.22,8.22,500
2008-10-07,7.69,7.69,7.69,7.69,1600
2008-10-08,7.23,7.23,7.23,7.23,1600
2008-10-09,7.69,7.69,7.69,7.69,1000
2008-10-10,7.89,7.89,7.16,7.16,1000
2008-10-13,6.84,6.84,6.84,6.84,200
2008-10-14,7.3,7.3,7.3,7.3,1400
2008-10-15,7.76,7.76,7.69,7.69,7800
2008-10-16,7.23,7.23,7.23,7.23,800
2008-10-17,7.23,7.23,7.23,7.23,0
2008-10-20,7.69,7.69,7.69,7.69,400
2008-10-21,8.15,8.15,7.69,7.69,900
2008-10-22,7.23,7.23,7.23,7.23,600
2008-10-23,6.77,6.77,6.77,6.77,1300
2008-10-24,6.77,6.77,6.31,6.31,1700
2008-10-27,5.92,5.92,5.92,5.92,3100
2008-10-28,5.52,5.52,5.52,5.52,300
2008-10-29,5.72,5.72,5.72,5.72,300
2008-10-30,6.05,6.05,5.98,6.05,1100
2008-10-31,6.05,6.05,6.05,6.05,0
2008-11-03,6.05,6.05,6.05,6.05,1000
2008-11-04,6.05,6.05,6.05,6.05,100
2008-11-05,6.44,6.44,6.44,6.44,2400
2008-11-06,6.51,6.51,6.24,6.24,500
2008-11-07,6.05,6.05,6.05,6.05,300
2008-11-10,6.05,6.05,6.05,6.05,0
2008-11-11,6.05,6.05,6.05,6.05,0
2008-11-12,6.05,6.05,6.05,6.05,0
2008-11-13,6.05,6.05,6.05,6.05,500
2008-11-14,6.44,6.44,6.44,6.44,100
2008-11-17,6.44,6.44,6.31,6.31,600
2008-11-18,6.38,6.38,6.38,6.38,100
2008-11-19,6.38,6.38,6.38,6.38,0
2008-11-20,5.98,5.98,5.98,5.98,900
2008-11-21,5.59,6.31,5.59,6.31,300
2008-11-24,5.92,6.44,5.65,5.65,1600
2008-11-25,5.92,5.92,5.92,5.92,100
2008-11-26,5.52,5.52,5.52,5.52,100
2008-11-27,5.32,5.32,5.19,5.19,3200
2008-11-28,5.59,5.59,5.59,5.59,1400
2008-12-01,5.92,5.92,5.92,5.92,100
2008-12-02,5.52,5.52,5.52,5.52,2300
2008-12-03,5.26,5.26,5.26,5.26,1400
2008-12-04,5.26,5.26,5.26,5.26,0
2008-12-05,5.0,5.0,5.0,5.0,1000
2008-12-08,5.06,5.26,5.06,5.26,300
2008-12-09,5.46,5.46,4.86,5.0,1700
2008-12-10,5.0,5.0,5.0,5.0,0
2008-12-11,4.6,4.6,4.6,4.6,3600
2008-12-12,4.86,4.86,4.86,4.86,900
2008-12-15,4.86,4.86,4.86,4.86,0
2008-12-16,4.86,4.86,4.86,4.86,0
2008-12-17,4.86,4.86,4.86,4.86,0
2008-12-18,4.86,4.86,4.86,4.86,0
2008-12-19,5.13,5.13,5.13,5.13,500
2008-12-22,5.19,5.19,5.19,5.19,1000
2008-12-23,5.19,5.19,5.19,5.19,5100
2008-12-24,5.26,5.26,5.26,5.26,300
2008-12-25,5.26,5.26,5.26,5.26,0
2008-12-26,4.93,4.93,4.93,4.93,200
2008-12-29,4.93,4.93,4.93,4.93,0
2008-12-30,4.93,4.93,4.93,4.93,0
2008-12-31,5.26,5.26,5.26,5.26,100
2009-01-02,5.26,5.26,5.26,5.26,0
2009-01-05,5.26,5.26,5.26,5.26,0
2009-01-06,5.26,5.26,5.26,5.26,0
2009-01-07,5.59,5.59,5.59,5.59,100
2009-01-08,5.59,5.59,5.59,5.59,0
2009-01-09,5.59,5.59,5.59,5.59,0
2009-01-12,5.59,5.59,5.59,5.59,0
2009-01-13,5.59,5.59,5.59,5.59,0
2009-01-14,5.92,5.92,5.92,5.92,100
2009-01-15,5.92,5.92,5.92,5.92,0
2009-01-16,5.92,5.92,5.92,5.92,0
2009-01-19,5.92,5.92,5.92,5.92,0
2009-01-20,5.92,5.92,5.92,5.92,0
2009-01-21,5.92,5.92,5.92,5.92,0
2009-01-22,5.92,5.92,5.92,5.92,0
2009-01-23,5.52,5.52,5.52,5.52,1200
2009-02-02,5.52,5.52,5.52,5.52,0
2009-02-03,5.52,5.52,5.52,5.52,0
2009-02-04,5.52,5.52,5.52,5.52,0
2009-02-05,5.52,5.52,5.52,5.52,0
2009-02-06,5.19,5.19,5.19,5.19,100
2009-02-09,5.19,5.19,5.19,5.19,0
2009-02-10,5.19,5.19,5.19,5.19,0
2009-02-11,4.86,4.86,4.86,4.86,200
2009-02-12,4.6,4.6,4.6,4.6,1300
2009-02-13,4.6,4.6,4.6,4.6,0
2009-02-16,4.4,4.6,4.4,4.6,400
2009-02-17,4.6,4.6,4.6,4.6,0
2009-02-18,4.6,4.6,4.6,4.6,0
2009-02-19,4.27,4.27,4.27,4.27,900
2009-02-20,4.34,4.34,4.34,4.34,200
2009-02-23,4.08,4.08,4.08,4.08,100
2009-02-24,4.08,4.08,4.08,4.08,100
2009-02-25,4.08,4.08,4.08,4.08,0
2009-02-26,4.27,4.27,4.27,4.27,100
2009-02-27,4.27,4.27,4.27,4.27,0
2009-03-02,4.01,4.01,4.01,4.01,100
2009-03-03,4.01,4.01,4.01,4.01,0
2009-03-04,4.08,4.08,4.08,4.08,200
2009-03-05,4.08,4.08,4.08,4.08,200
2009-03-06,4.14,4.14,4.14,4.14,300
2009-03-09,4.14,4.14,4.14,4.14,0
2009-03-10,4.14,4.14,4.14,4.14,0
2009-03-11,4.21,4.21,4.21,4.21,200
2009-03-12,4.27,4.34,4.27,4.27,600
2009-03-13,4.54,4.54,4.54,4.54,300
2009-03-16,4.8,4.8,4.8,4.8,300
2009-03-17,5.13,5.13,5.13,5.13,100
2009-03-18,5.26,5.46,5.26,5.46,900
2009-03-19,5.46,5.46,5.46,5.46,0
2009-03-20,5.46,5.46,5.46,5.46,0
2009-03-23,5.46,5.46,5.46,5.46,0
2009-03-24,5.46,5.46,5.46,5.46,0
2009-03-25,5.46,5.46,5.46,5.46,0
2009-03-26,5.46,5.46,5.46,5.46,0
2009-03-27,5.26,5.26,5.26,5.26,200
2009-03-30,4.93,4.93,4.93,4.93,200
2009-03-31,4.93,4.93,4.93,4.93,0
2009-04-01,4.67,4.67,4.67,4.67,600
2009-04-02,4.93,4.93,4.93,4.93,1800
2009-04-03,5.26,5.26,5.26,5.26,1500
2009-04-07,5.59,5.59,5.59,5.59,200
2009-04-08,5.92,5.92,5.26,5.26,8100
2009-04-09,5.39,5.39,5.39,5.39,4000
2009-04-10,5.72,5.72,5.72,5.72,1600
2009-04-13,6.11,6.11,6.11,6.11,6400
2009-04-14,6.51,6.51,5.92,6.24,4900
2009-04-15,6.31,6.77,6.05,6.05,4900
2009-04-16,6.38,6.38,5.92,5.92,1600
2009-04-17,5.59,5.59,5.59,5.59,700
2009-04-20,5.32,5.32,5.26,5.26,1000
2009-04-21,5.26,5.26,5.26,5.26,1000
2009-04-22,5.59,5.59,5.59,5.59,4000
2009-04-23,5.92,5.92,5.59,5.59,1300
2009-04-24,5.78,5.78,5.72,5.72,600
2009-04-27,5.98,5.98,5.98,5.98,100
2009-04-28,5.59,5.59,5.59,5.59,700
2009-04-29,5.59,5.59,5.59,5.59,0
2009-05-04,5.59,5.92,5.59,5.92,5500
2009-05-05,6.31,6.31,6.31,6.31,700
2009-05-06,6.11,6.11,5.92,5.98,11900
2009-05-07,6.38,6.38,6.31,6.38,5300
2009-05-08,6.77,6.77,6.77,6.77,14500
2009-05-11,7.23,7.23,6.77,6.77,6200
2009-05-12,6.51,6.51,6.44,6.51,5900
2009-05-13,6.44,6.7,6.44,6.7,7300
2009-05-14,6.7,6.7,6.51,6.57,2100
2009-05-15,6.9,7.03,6.9,7.03,11200
2009-05-18,7.36,7.43,7.23,7.43,5300
2009-05-19,7.89,7.89,7.56,7.89,5800
2009-05-20,8.35,8.35,8.28,8.35,5900
2009-05-21,8.87,8.87,8.74,8.87,12600
2009-05-22,9.4,9.4,8.22,8.22,2900
2009-05-25,8.15,9.2,8.15,9.2,3200
2009-05-26,8.68,8.87,8.68,8.87,3100
2009-05-27,8.54,8.87,8.28,8.54,4900
2009-05-28,8.22,8.22,8.02,8.22,2800
2009-05-29,7.89,8.22,7.76,8.22,1800
2009-06-01,8.54,8.54,8.54,8.54,4500
2009-06-02,9.14,9.14,8.61,8.74,8600
2009-06-03,9.07,9.14,8.68,8.68,1900
2009-06-04,9.0,9.2,8.94,9.14,18300
2009-06-05,9.07,9.66,9.07,9.66,18200
2009-06-08,10.25,10.25,10.25,10.25,3400
2009-06-09,10.91,10.91,10.32,10.52,4700
2009-06-10,10.78,10.78,10.06,10.78,9200
2009-06-11,10.25,10.52,9.93,10.52,1300
2009-06-12,10.78,10.78,10.58,10.78,4200
2009-06-15,10.71,10.71,9.99,9.99,2500
2009-06-16,9.46,9.46,9.46,9.46,1000
2009-06-17,8.81,9.46,8.81,9.46,5300
2009-06-18,9.53,9.66,9.53,9.66,1500
2009-06-19,9.2,9.53,9.2,9.53,1500
2009-06-22,8.81,9.33,8.81,9.33,900
2009-06-23,8.68,8.68,8.68,8.68,800
2009-06-24,8.08,9.27,8.08,9.27,2500
2009-06-25,9.27,9.27,9.27,9.27,0
2009-06-26,8.22,8.22,8.22,8.22,1300
2009-06-29,8.22,8.22,7.89,7.89,700
2009-06-30,8.48,8.48,8.02,8.02,1100
2009-07-01,8.02,8.02,8.02,8.02,0
2009-07-02,8.02,8.02,8.02,8.02,0
2009-07-03,7.89,7.89,7.89,7.89,700
2009-07-06,8.41,8.41,8.41,8.41,100
2009-07-07,8.94,8.94,8.94,8.94,100
2009-07-08,9.14,9.14,9.14,9.14,200
2009-07-09,9.14,9.14,9.14,9.14,0
2009-07-10,9.14,9.14,9.14,9.14,0
2009-07-13,9.14,9.14,9.14,9.14,200
2009-07-14,9.14,9.14,9.14,9.14,0
2009-07-15,9.14,9.14,9.14,9.14,0
2009-07-16,9.4,9.4,9.4,9.4,100
2009-07-17,9.4,9.4,9.4,9.4,0
2009-07-20,9.4,9.4,9.4,9.4,0
2009-07-21,9.2,9.2,9.2,9.2,200
2009-07-22,9.2,9.33,9.2,9.33,1000
2009-07-23,9.27,9.33,9.27,9.33,2000
2009-07-24,9.2,9.93,9.2,9.93,8000
2009-07-27,9.93,9.93,9.93,9.93,0
2009-07-28,9.2,9.2,9.0,9.0,1500
2009-07-29,9.0,9.0,9.0,9.0,0
2009-07-30,9.0,9.0,9.0,9.0,0
2009-07-31,9.07,9.07,9.07,9.07,100
2009-08-03,8.54,8.54,8.54,8.54,1300
2009-08-04,8.02,8.02,8.02,8.02,100
2009-08-05,7.69,8.54,7.69,8.54,4500
2009-08-06,8.08,8.54,8.08,8.35,600
2009-08-07,8.74,8.74,8.74,8.74,100
2009-08-10,9.2,9.2,9.2,9.2,100
2009-08-11,9.2,9.2,9.2,9.2,0
2009-08-12,8.74,8.74,8.74,8.74,200
2009-08-13,9.2,9.2,9.2,9.2,700
2009-08-14,9.2,9.2,9.2,9.2,0
2009-08-17,8.61,8.61,8.61,8.61,2100
2009-08-18,8.22,8.22,8.08,8.08,1400
2009-08-19,7.69,8.02,7.69,7.95,600
2009-08-20,8.22,8.48,8.22,8.48,3300
2009-08-21,8.87,8.87,8.54,8.87,4900
2009-08-24,8.87,9.07,8.87,9.07,1200
2009-08-25,8.35,8.54,8.35,8.54,400
2009-08-26,8.94,9.0,8.94,9.0,800
2009-08-27,9.0,9.0,9.0,9.0,0
2009-08-28,9.0,9.0,9.0,9.0,300
2009-08-31,8.54,9.0,8.48,8.54,5000
2009-09-01,8.87,8.87,8.61,8.61,2700
2009-09-03,8.74,9.14,8.74,9.14,300
2009-09-04,8.87,8.87,8.54,8.68,3300
2009-09-07,8.68,8.68,8.54,8.54,2000
2009-09-08,9.0,9.07,9.0,9.0,2100
2009-09-09,9.0,9.0,9.0,9.0,0
2009-09-10,8.68,8.74,8.68,8.68,2400
2009-09-11,8.68,9.0,8.68,9.0,1400
2009-09-14,9.0,9.14,9.0,9.0,1100
2009-09-15,9.07,9.07,9.0,9.0,4700
2009-09-16,8.87,9.0,8.87,9.0,2700
2009-09-17,8.61,8.61,8.61,8.61,1300
2009-09-18,9.07,9.07,8.68,9.07,5200
2009-09-21,9.27,9.46,9.27,9.46,7400
2009-09-22,10.12,10.12,10.12,10.12,10600
2009-09-23,10.78,10.78,10.78,10.78,5300
2009-09-24,11.17,11.5,10.52,10.52,4900
2009-09-25,10.32,10.32,10.12,10.25,5800
2009-09-28,9.86,10.25,9.86,10.06,5500
2009-09-29,10.19,10.58,10.19,10.58,10900
2009-09-30,11.17,11.24,10.91,11.24,11000
2009-10-01,11.9,11.9,11.9,11.9,9200
2009-10-02,12.36,12.69,11.11,12.16,18100
2009-10-05,11.44,11.44,11.24,11.44,3600
2009-10-06,12.09,12.09,11.63,12.09,11400
2009-10-07,12.75,12.75,12.75,12.75,12200
2009-10-08,13.61,13.61,12.49,13.61,34600
2009-10-09,14.46,14.46,14.46,14.46,8600
2009-10-12,15.45,15.45,15.45,15.45,4600
2009-10-13,16.5,16.5,16.5,16.5,5500
2009-10-14,17.62,17.62,17.62,17.62,6900
2009-10-15,18.8,18.8,18.8,18.8,1600
2009-10-16,20.11,20.11,19.72,19.85,63500
2009-10-19,20.11,21.43,20.11,21.43,11500
2009-10-20,22.48,22.61,21.69,22.61,3400
2009-10-21,23.79,23.79,22.48,22.87,12100
2009-10-22,24.32,24.32,23.01,23.01,35600
2009-10-23,21.49,23.01,21.43,21.43,13400
2009-10-26,20.38,20.7,20.05,20.05,3300
2009-10-27,19.0,19.0,19.0,19.0,2500
2009-10-28,17.68,18.4,17.68,18.08,5800
2009-10-29,18.4,18.4,16.76,16.76,600
2009-10-30,19.39,19.39,19.26,19.39,5800
2009-11-02,18.73,18.73,18.73,18.73,500
2009-11-03,17.62,17.75,17.62,17.75,2000
2009-11-04,16.56,16.63,16.56,16.56,2600
2009-11-05,17.62,17.68,17.62,17.68,4600
2009-11-06,17.68,18.86,17.68,18.8,4600
2009-11-09,17.48,18.54,17.48,17.48,2300
2009-11-10,16.76,16.76,16.37,16.37,1200
2009-11-11,17.09,17.09,16.43,16.43,6100
2009-11-12,16.43,16.43,16.43,16.43,4700
2009-11-13,16.43,17.09,16.43,17.09,1900
2009-11-16,17.68,17.81,17.68,17.81,12000
2009-11-17,18.08,18.08,18.08,18.08,200
2009-11-18,18.08,18.08,18.08,18.08,100
2009-11-19,18.73,18.73,18.73,18.73,100
2009-11-20,18.86,18.86,18.86,18.86,100
2009-11-23,19.0,19.0,19.0,19.0,100
2009-11-24,17.68,17.68,17.68,17.68,100
2009-11-25,18.8,18.8,18.8,18.8,100
2009-11-26,20.11,20.11,17.48,17.48,1100
2009-11-27,18.93,18.93,16.56,16.56,1100
2009-11-30,16.89,16.89,16.89,16.89,200
2009-12-01,17.75,17.75,17.35,17.35,800
2009-12-02,18.6,18.6,18.27,18.34,6100
2009-12-03,18.73,18.73,17.75,17.75,200
2009-12-04,18.27,18.27,18.27,18.27,100
2009-12-07,19.52,19.52,17.75,17.75,3100
2009-12-08,17.75,17.75,17.75,17.75,0
2009-12-09,17.75,17.75,17.75,17.75,0
2009-12-10,17.75,17.75,17.75,17.75,0
2009-12-11,19.39,19.39,16.89,16.89,200
2009-12-14,16.89,16.89,16.89,16.89,900
2009-12-15,16.89,16.89,16.89,16.89,0
2009-12-16,16.89,16.89,16.89,16.89,0
2009-12-17,17.09,17.09,17.09,17.09,100
2009-12-18,15.91,15.91,15.91,15.91,100
2009-12-21,14.85,14.85,14.85,14.85,6000
2009-12-22,13.87,13.87,13.87,13.87,700
2009-12-23,12.95,12.95,12.95,12.95,4800
2009-12-24,12.09,12.95,12.09,12.36,31300
2009-12-25,12.88,12.88,12.88,12.88,2400
2009-12-28,13.7,13.7,13.43,13.7,5000
2009-12-29,14.25,14.46,14.25,14.46,2000
2009-12-30,14.39,15.01,13.43,13.43,10600
2009-12-31,14.05,14.73,13.98,14.6,22900
2010-01-04,15.21,15.28,15.21,15.28,2000
2010-01-05,16.31,16.31,16.31,16.31,8600
2010-01-06,16.79,16.79,15.35,15.35,3900
2010-01-07,15.62,15.76,15.62,15.69,2200
2010-01-08,15.76,16.45,15.76,16.45,2000
2010-01-11,16.38,16.38,15.08,15.08,1600
2010-01-12,15.08,15.08,15.08,15.08,5100
2010-01-13,14.05,15.76,14.05,15.76,10100
2010-01-14,15.42,15.42,14.46,14.46,300
2010-01-15,13.77,13.77,13.77,13.77,200
2010-01-18,12.88,12.88,12.81,12.81,4000
2010-01-19,13.7,13.7,13.7,13.7,400
2010-01-20,14.39,14.39,14.39,14.39,100
2010-01-21,14.6,14.6,14.6,14.6,5000
2010-01-22,13.64,13.64,13.64,13.64,200
2010-01-25,12.75,13.57,12.75,13.57,400
2010-01-26,13.7,14.05,13.7,14.05,10700
2010-01-27,14.05,14.05,14.05,14.05,0
2010-01-28,14.05,14.05,14.05,14.05,0
2010-01-29,13.7,13.7,13.7,13.7,300
2010-02-01,13.7,13.7,13.7,13.7,0
2010-02-02,13.36,13.36,12.75,12.75,1300
2010-02-03,13.02,13.02,13.02,13.02,100
2010-02-04,12.47,12.47,12.33,12.33,1200
2010-02-05,12.33,12.33,11.58,11.58,2600
2010-02-08,11.58,11.58,11.58,11.58,0
2010-02-09,11.58,11.58,11.58,11.58,0
2010-02-10,11.44,11.44,11.1,11.1,6000
2010-02-11,11.85,11.85,11.85,11.85,100
2010-02-12,12.54,12.54,12.54,12.54,100
2010-02-22,12.68,12.68,12.68,12.68,700
2010-02-23,13.02,13.02,13.02,13.02,100
2010-02-24,13.02,13.02,13.02,13.02,300
2010-02-25,13.02,13.02,13.02,13.02,100
2010-02-26,13.02,13.02,13.02,13.02,0
2010-03-01,12.33,12.33,12.33,12.33,5700
2010-03-02,12.33,12.33,12.33,12.33,100
2010-03-03,12.33,12.33,12.33,12.33,0
2010-03-04,12.33,13.02,12.33,12.95,1100
2010-03-05,12.81,13.02,12.81,13.02,2100
2010-03-08,12.88,13.36,12.88,13.36,2600
2010-03-09,13.64,13.7,13.36,13.64,4300
2010-03-10,14.46,14.46,13.7,13.7,1500
2010-03-11,13.36,13.36,13.36,13.36,400
2010-03-12,12.47,13.36,12.47,13.36,2400
2010-03-15,12.75,12.95,12.75,12.88,7600
2010-03-16,12.33,12.33,12.33,12.33,1000
2010-03-17,12.75,12.75,12.68,12.68,1500
2010-03-18,12.68,12.68,12.68,12.68,0
2010-03-19,13.02,13.02,12.61,12.61,2300
2010-03-22,12.68,12.68,12.68,12.68,300
2010-03-23,12.75,13.36,12.75,12.75,3900
2010-03-24,12.47,12.47,12.47,12.47,100
2010-03-25,12.47,12.47,12.47,12.47,0
2010-03-26,12.88,12.88,12.88,12.88,200
2010-03-29,12.54,12.54,12.13,12.13,1500
2010-03-30,12.4,12.4,12.4,12.4,100
2010-03-31,12.4,12.4,12.4,12.4,0
2010-04-01,12.4,12.4,12.4,12.4,0
2010-04-02,12.54,12.54,12.54,12.54,300
2010-04-05,13.23,13.23,13.23,13.23,100
2010-04-06,13.02,13.02,13.02,13.02,700
2010-04-07,12.33,12.33,12.33,12.33,500
2010-04-08,12.33,12.33,12.33,12.33,0
2010-04-09,12.27,12.33,12.27,12.33,11800
2010-04-12,12.68,12.68,12.33,12.68,3500
2010-04-13,12.33,12.61,12.33,12.33,2800
2010-04-14,12.27,12.33,11.99,12.33,3200
2010-04-15,12.95,12.95,12.95,12.95,100
2010-04-16,13.02,13.02,12.4,12.4,2400
2010-04-19,12.4,12.4,11.92,12.33,6200
2010-04-20,12.33,12.88,12.33,12.88,21600
2010-04-21,13.5,13.5,13.43,13.5,28100
2010-04-22,14.39,14.39,14.39,14.39,16400
2010-04-26,14.39,14.39,14.39,14.39,0
2010-04-27,13.7,13.7,13.43,13.43,2100
2010-04-28,12.54,13.43,12.54,13.43,6700
2010-04-29,13.02,13.7,13.02,13.64,1000
2010-05-04,14.18,14.25,14.18,14.25,15200
2010-05-05,15.21,15.21,15.01,15.21,23600
2010-05-06,15.42,16.17,15.42,16.17,18400
2010-05-07,17.13,17.13,17.13,17.13,22300
2010-05-10,17.13,17.13,15.97,16.03,10800
2010-05-11,17.13,17.13,15.01,15.08,8900
2010-05-12,14.18,14.18,14.18,14.18,600
2010-05-13,14.25,14.25,13.23,13.23,1100
2010-05-14,13.16,13.16,13.16,13.16,1500
2010-05-17,13.98,14.05,13.98,14.05,1600
2010-05-18,14.73,15.01,14.73,15.01,5400
2010-05-19,13.9,13.97,13.9,13.9,1700
2010-05-20,13.9,14.52,13.9,14.52,3100
2010-05-21,14.11,14.11,13.83,13.83,3000
2010-05-24,13.56,13.62,13.56,13.62,1000
2010-05-25,13.62,13.62,13.62,13.62,0
2010-05-26,13.0,13.14,12.73,13.14,8400
2010-05-27,12.45,13.14,11.96,13.14,2700
2010-05-28,13.21,13.21,13.21,13.21,2000
2010-05-31,13.21,13.21,13.21,13.21,0
2010-06-01,12.45,12.52,12.45,12.45,3000
2010-06-02,12.1,12.38,12.1,12.31,6400
2010-06-03,12.45,12.79,12.45,12.45,2100
2010-06-04,12.17,13.0,12.17,12.93,5800
2010-06-07,12.1,12.1,12.1,12.1,800
2010-06-08,12.66,12.93,12.66,12.93,1100
2010-06-09,12.93,12.93,12.93,12.93,0
2010-06-10,12.93,12.93,12.93,12.93,0
2010-06-11,12.31,12.31,12.1,12.1,2000
2010-06-14,12.45,12.45,12.45,12.45,200
2010-06-15,12.73,12.73,12.59,12.66,600
2010-06-16,12.73,13.21,12.73,13.21,1600
2010-06-17,13.62,13.62,13.35,13.35,3000
2010-06-18,13.49,13.62,12.86,13.0,2000
2010-06-21,13.62,13.62,13.14,13.62,4300
2010-06-22,13.49,13.49,13.49,13.49,1100
2010-06-23,13.28,13.28,13.28,13.28,100
2010-06-24,12.45,12.73,12.45,12.73,800
2010-06-25,12.79,12.79,12.66,12.66,600
2010-06-28,12.45,12.52,12.45,12.45,2600
2010-06-29,12.73,12.73,12.45,12.45,1000
2010-06-30,13.35,13.35,12.17,12.17,900
2010-07-01,12.31,12.31,12.31,12.31,1200
2010-07-02,12.31,12.31,12.31,12.31,4100
2010-07-05,13.0,13.14,12.38,13.14,7600
2010-07-06,13.07,13.07,12.79,12.79,1700
2010-07-07,12.45,12.45,12.45,12.45,1200
2010-07-08,12.45,12.45,12.45,12.45,900
2010-07-09,12.1,12.1,12.1,12.1,800
2010-07-12,11.76,11.9,11.76,11.9,1100
2010-07-13,12.52,12.52,12.52,12.52,200
2010-07-14,13.35,13.35,13.14,13.35,17200
2010-07-15,14.25,14.25,13.83,14.18,14900
2010-07-16,13.21,14.04,13.21,14.04,1800
2010-07-19,13.83,13.9,13.83,13.9,600
2010-07-20,13.14,13.28,13.07,13.14,26100
2010-07-21,13.14,13.42,13.14,13.42,4600
2010-07-22,13.14,13.35,13.14,13.35,3400
2010-07-23,13.35,13.35,13.35,13.35,0
2010-07-26,12.79,13.28,12.79,12.79,4100
2010-07-27,12.73,12.73,12.03,12.45,2900
2010-07-28,12.45,12.45,12.45,12.45,6600
2010-07-29,12.45,12.45,12.45,12.45,200
2010-07-30,13.14,13.14,13.14,13.14,100
2010-08-02,13.14,13.14,13.14,13.14,0
2010-08-03,12.79,12.79,12.79,12.79,400
2010-08-04,13.49,13.49,13.14,13.14,600
2010-08-05,13.21,13.21,13.21,13.21,200
2010-08-06,13.21,13.21,13.21,13.21,0
2010-08-09,13.21,13.21,13.21,13.21,0
2010-08-10,13.21,13.21,13.21,13.21,0
2010-08-11,13.21,13.21,13.21,13.21,0
2010-08-12,13.21,13.21,13.21,13.21,0
2010-08-13,12.31,12.31,12.31,12.31,1000
2010-08-16,12.79,12.79,12.79,12.79,200
2010-08-17,12.1,12.1,11.96,11.96,1800
2010-08-18,11.96,11.96,11.96,11.96,0
2010-08-19,12.03,12.03,12.03,12.03,100
2010-08-20,12.03,12.03,12.03,12.03,0
2010-08-23,12.03,12.03,12.03,12.03,0
2010-08-24,12.03,12.03,12.03,12.03,0
2010-08-25,12.03,12.03,12.03,12.03,0
2010-08-26,11.2,11.2,11.2,11.2,700
2010-08-27,10.44,10.44,10.44,10.44,500
2010-08-30,10.93,10.93,10.44,10.51,7600
2010-08-31,9.82,11.0,9.82,11.0,14200
2010-09-01,9.96,10.72,9.96,10.58,3300
2010-09-06,10.72,11.27,10.72,10.79,1100
2010-09-07,10.93,10.93,10.72,10.72,500
2010-09-08,10.37,10.37,10.37,10.37,2000
2010-09-09,10.79,11.07,10.79,11.07,7100
2010-09-10,11.69,11.69,11.41,11.41,11300
2010-09-13,12.17,12.38,12.17,12.38,300
2010-09-14,12.73,12.73,12.73,12.73,100
2010-09-15,13.14,13.14,11.9,11.9,12700
2010-09-16,11.9,11.9,11.9,11.9,0
2010-09-17,11.07,11.07,11.07,11.07,600
2010-09-20,10.72,10.72,10.65,10.65,1000
2010-09-21,10.72,10.72,10.72,10.72,700
2010-09-22,10.72,10.72,10.72,10.72,0
2010-09-23,10.72,10.72,10.72,10.72,0
2010-09-24,11.07,11.07,11.07,11.07,100
2010-09-27,11.07,11.07,11.07,11.07,0
2010-09-28,10.37,10.58,10.3,10.58,11600
2010-09-29,10.37,10.44,10.37,10.44,1300
2010-09-30,10.24,10.24,10.24,10.24,500
2010-10-01,10.24,10.24,10.17,10.17,5900
2010-10-04,9.48,9.48,9.48,9.48,3000
2010-10-05,10.1,10.1,10.1,10.1,300
2010-10-06,10.1,10.17,10.1,10.17,1000
2010-10-07,9.75,9.75,9.75,9.75,1100
2010-10-08,10.37,10.37,10.37,10.37,100
2010-10-11,10.72,10.72,10.72,10.72,100
2010-10-12,10.72,10.72,10.72,10.72,0
2010-10-13,11.0,11.0,11.0,11.0,100
2010-10-14,11.0,11.0,11.0,11.0,0
2010-10-15,10.65,10.65,10.65,10.65,100
2010-10-18,10.37,10.37,10.37,10.37,200
2010-10-19,11.0,11.0,10.37,10.37,300
2010-10-20,10.37,10.37,10.37,10.37,0
2010-10-21,10.37,10.37,10.37,10.37,0
2010-10-22,10.37,10.37,10.37,10.37,0
2010-10-25,10.37,10.37,10.37,10.37,0
2010-10-26,10.58,10.58,10.58,10.58,500
2010-10-27,10.58,10.58,10.58,10.58,0
2010-10-28,10.58,10.58,10.58,10.58,0
2010-10-29,11.27,11.27,9.89,9.89,500
2010-11-01,11.0,11.0,11.0,11.0,400
2010-11-02,11.0,11.0,11.0,11.0,0
2010-11-03,11.0,11.0,11.0,11.0,0
2010-11-04,11.0,11.0,11.0,11.0,0
2010-11-05,11.0,11.0,11.0,11.0,0
2010-11-08,11.0,11.0,11.0,11.0,0
2010-11-09,11.0,11.0,11.0,11.0,0
2010-11-10,11.0,11.0,11.0,11.0,0
2010-11-11,11.0,11.0,11.0,11.0,0
2010-11-12,11.0,11.0,11.0,11.0,0
2010-11-15,11.0,11.0,11.0,11.0,0
2010-11-16,11.0,11.0,11.0,11.0,0
2010-11-17,11.0,11.0,11.0,11.0,0
2010-11-18,10.24,10.24,10.24,10.24,200
2010-11-19,9.54,10.93,9.54,9.54,7100
2010-11-22,9.54,9.54,9.54,9.54,0
2010-11-23,9.54,9.54,9.54,9.54,0
2010-11-24,9.54,9.54,9.54,9.54,0
2010-11-25,9.54,9.54,9.54,9.54,100
2010-11-26,8.99,8.99,8.92,8.92,400
2010-11-29,9.54,9.54,9.54,9.54,300
2010-11-30,10.17,10.17,10.03,10.03,1300
2010-12-01,9.68,9.68,9.68,9.68,700
2010-12-02,9.06,9.68,9.06,9.68,7000
2010-12-03,10.03,10.03,10.03,10.03,100
2010-12-06,9.34,9.68,9.34,9.68,3100
2010-12-07,9.68,9.68,9.13,9.13,1000
2010-12-08,9.89,9.89,9.89,9.89,700
2010-12-09,9.48,9.48,9.48,9.48,200
2010-12-10,8.92,9.13,8.92,9.13,600
2010-12-13,9.34,9.41,8.58,9.27,900
2010-12-14,8.78,8.78,8.65,8.65,1700
2010-12-15,8.3,8.71,8.3,8.65,1100
2010-12-16,8.16,8.16,8.09,8.09,2600
2010-12-17,8.16,8.16,8.16,8.16,500
2010-12-20,8.65,8.65,8.65,8.65,1000
2010-12-21,8.65,8.65,8.65,8.65,2700
2010-12-22,8.09,8.09,8.09,8.09,200
2010-12-23,8.09,8.09,8.09,8.09,0
2010-12-24,8.65,8.65,8.65,8.65,300
2010-12-27,8.65,9.2,8.65,9.2,7800
2010-12-28,9.2,9.2,9.2,9.2,0
2010-12-29,8.71,8.71,8.71,8.71,200
2010-12-30,8.23,8.23,8.23,8.23,500
2010-12-31,7.68,7.68,7.68,7.68,400
2011-01-04,8.16,8.16,8.16,8.16,100
2011-01-05,8.71,8.71,8.71,8.71,300
2011-01-06,8.71,9.27,8.71,9.27,2600
2011-01-07,8.99,8.99,8.99,8.99,100
2011-01-10,8.99,8.99,8.99,8.99,0
2011-01-11,8.37,8.37,8.37,8.37,3700
2011-01-12,8.92,8.92,8.92,8.92,600
2011-01-13,9.27,9.34,9.27,9.34,1700
2011-01-14,9.89,9.89,9.89,9.89,500
2011-01-17,9.89,9.89,9.89,9.89,0
2011-01-18,9.89,9.89,9.89,9.89,0
2011-01-19,9.89,9.89,9.89,9.89,0
2011-01-20,9.89,9.89,9.89,9.89,0
2011-01-21,9.89,9.89,9.89,9.89,0
2011-01-24,9.89,9.89,9.89,9.89,0
2011-01-25,9.89,9.89,9.89,9.89,0
2011-01-26,9.89,9.89,9.89,9.89,0
2011-01-27,9.89,9.89,9.89,9.89,0
2011-01-28,9.2,9.2,9.2,9.2,500
2011-02-08,9.2,9.2,9.2,9.2,0
2011-02-09,8.58,8.58,8.58,8.58,200
2011-02-10,8.58,8.58,8.58,8.58,0
2011-02-11,8.58,8.58,8.58,8.58,0
2011-02-14,8.3,8.3,8.3,8.3,400
2011-02-15,8.3,8.3,8.3,8.3,500
2011-02-16,8.3,8.3,8.3,8.3,0
2011-02-17,8.3,8.3,8.3,8.3,0
2011-02-18,8.3,8.3,8.3,8.3,0
2011-02-21,7.75,7.75,7.75,7.75,300
2011-02-22,7.75,7.75,7.75,7.75,0
2011-02-23,7.75,7.75,7.75,7.75,0
2011-02-24,7.75,7.75,7.75,7.75,0
2011-02-25,7.75,7.75,7.75,7.75,100
2011-02-28,7.75,7.75,7.75,7.75,0
2011-03-01,7.75,7.75,7.75,7.75,0
2011-03-02,7.75,7.75,7.75,7.75,0
2011-03-03,7.26,7.26,7.26,7.26,300
2011-03-04,6.78,6.78,6.78,6.78,900
2011-03-07,6.78,6.78,6.78,6.78,0
2011-03-08,6.78,6.78,6.78,6.78,0
2011-03-09,7.12,7.12,7.12,7.12,16800
2011-03-10,7.12,7.12,7.12,7.12,0
2011-03-11,7.47,7.47,7.19,7.19,4400
2011-03-14,7.19,7.19,7.19,7.19,0
2011-03-15,7.19,7.19,7.19,7.19,0
2011-03-16,6.99,6.99,6.99,6.99,3100
2011-03-17,6.57,6.57,6.57,6.57,1300
2011-03-18,6.92,6.99,6.92,6.99,19000
2011-03-21,7.33,7.4,7.33,7.4,3800
2011-03-22,7.4,7.4,7.4,7.4,0
2011-03-23,6.99,6.99,6.99,6.99,1700
2011-03-24,6.78,6.78,6.5,6.5,3300
2011-03-25,7.19,7.19,7.19,7.19,20900
2011-03-28,7.33,7.68,7.33,7.68,6000
2011-03-29,7.68,7.68,7.68,7.68,0
2011-03-30,7.19,7.19,7.19,7.19,500
2011-03-31,7.19,7.68,7.19,7.68,19900
2011-04-01,7.19,7.19,7.19,7.19,500
2011-04-04,7.61,7.61,7.61,7.61,6000
2011-04-05,7.12,7.12,7.12,7.12,300
2011-04-06,7.54,7.54,7.54,7.54,19900
2011-04-07,7.05,7.05,7.05,7.05,1100
2011-04-08,7.05,7.05,7.05,7.05,0
2011-04-13,7.05,7.05,7.05,7.05,0
2011-04-14,6.92,6.92,6.92,6.92,1200
2011-04-15,6.92,6.92,6.92,6.92,200
2011-04-18,6.92,6.92,6.92,6.92,1000
2011-04-19,6.92,6.92,6.92,6.92,4500
2011-04-20,6.92,6.92,6.92,6.92,700
2011-04-21,6.92,6.92,6.92,6.92,0
2011-04-22,6.92,6.92,6.92,6.92,0
2011-04-25,6.92,6.92,6.92,6.92,0
2011-04-26,6.92,6.92,6.92,6.92,0
2011-04-27,6.57,6.57,6.43,6.43,1800
2011-04-28,6.02,6.02,6.02,6.02,19900
2011-04-29,6.02,6.02,6.02,6.02,0
2011-05-04,5.6,5.6,5.6,5.6,2200
2011-05-05,5.26,5.26,5.26,5.26,500
2011-05-06,5.26,5.26,5.26,5.26,0
2011-05-09,5.53,5.53,5.53,5.53,100
2011-05-10,5.53,5.53,5.53,5.53,2000
2011-05-11,5.53,5.6,5.53,5.6,4300
2011-05-12,5.67,5.67,5.67,5.67,5000
2011-05-13,5.53,5.53,5.53,5.53,3100
2011-05-16,5.46,5.46,5.39,5.39,4000
2011-05-17,5.19,5.19,5.19,5.19,1300
2011-05-18,4.98,4.98,4.98,4.98,2000
2011-05-19,4.84,4.84,4.84,4.84,2600
2011-05-20,4.84,4.84,4.84,4.84,0
2011-05-23,4.84,4.84,4.84,4.84,0
2011-05-24,4.7,4.7,4.7,4.7,1100
2011-05-25,4.56,4.56,4.56,4.56,1100
2011-05-26,4.56,4.56,4.56,4.56,0
2011-05-27,4.56,4.56,4.56,4.56,400
2011-05-30,4.56,4.56,4.56,4.56,0
2011-05-31,4.56,4.56,4.56,4.56,0
2011-06-01,4.56,4.56,4.56,4.56,0
2011-06-02,4.84,4.84,4.84,4.84,200
2011-06-03,5.12,5.12,5.12,5.12,1200
2011-06-06,5.12,5.12,5.12,5.12,0
2011-06-07,5.12,5.12,5.12,5.12,0
2011-06-08,5.12,5.12,5.12,5.12,0
2011-06-09,5.12,5.12,5.12,5.12,0
2011-06-10,5.46,5.46,4.84,4.84,2500
2011-06-13,4.84,4.84,4.84,4.84,0
2011-06-14,5.19,5.19,5.19,5.19,100
2011-06-15,4.98,5.46,4.98,5.46,400
2011-06-16,5.53,5.53,5.53,5.53,400
2011-06-17,5.53,5.53,5.53,5.53,0
2011-06-20,5.67,5.67,5.67,5.67,100
2011-06-21,5.67,5.67,5.67,5.67,0
2011-06-22,5.74,5.74,5.74,5.74,100
2011-06-23,6.09,6.09,6.09,6.09,400
2011-06-24,6.09,6.09,6.09,6.09,0
2011-06-27,6.09,6.09,6.09,6.09,0
2011-06-28,6.09,6.09,6.09,6.09,0
2011-06-29,6.09,6.09,6.09,6.09,0
2011-06-30,6.09,6.09,6.09,6.09,0
2011-07-01,5.94,5.94,5.94,5.94,100
2011-07-04,5.94,5.94,5.94,5.94,0
2011-07-05,5.94,5.94,5.94,5.94,0
2011-07-06,5.94,5.94,5.94,5.94,0
2011-07-07,5.94,5.94,5.94,5.94,0
2011-07-08,5.94,5.94,5.94,5.94,0
2011-07-11,6.31,6.31,6.31,6.31,100
2011-07-12,6.31,6.31,6.31,6.31,0
2011-07-13,6.31,6.31,6.31,6.31,0
2011-07-14,6.31,6.31,6.31,6.31,0
2011-07-15,6.31,6.31,6.31,6.31,0
2011-07-18,6.31,6.31,6.31,6.31,0
2011-07-19,6.31,6.31,6.31,6.31,0
2011-07-20,6.31,6.31,6.31,6.31,0
2011-07-21,6.16,6.16,6.16,6.16,100
2011-07-22,6.16,6.16,6.16,6.16,0
2011-07-25,6.16,6.16,6.16,6.16,0
2011-07-26,6.16,6.16,6.16,6.16,0
2011-07-27,6.16,6.16,6.16,6.16,0
2011-07-28,6.16,6.16,6.16,6.16,0
2011-07-29,6.16,6.16,6.16,6.16,0
2011-08-01,6.16,6.16,6.16,6.16,0
2011-08-02,6.16,6.16,6.16,6.16,0
2011-08-03,6.16,6.16,6.16,6.16,0
2011-08-04,6.16,6.16,6.16,6.16,0
2011-08-05,6.16,6.16,6.16,6.16,0
2011-08-08,6.16,6.16,6.16,6.16,0
2011-08-09,6.16,6.16,6.16,6.16,0
2011-08-10,6.16,6.16,6.16,6.16,0
2011-08-11,6.16,6.16,6.16,6.16,0
2011-08-12,6.16,6.16,6.16,6.16,0
2011-08-15,6.16,6.16,6.16,6.16,0
2011-08-16,6.16,6.16,6.16,6.16,0
2011-08-17,6.16,6.16,6.16,6.16,0
2011-08-18,6.16,6.16,6.16,6.16,0
2011-08-19,6.16,6.16,6.16,6.16,0
2011-08-22,6.16,6.16,6.16,6.16,0
2011-08-23,6.16,6.16,6.16,6.16,0
2011-08-24,6.16,6.16,6.16,6.16,0
2011-08-25,6.16,6.16,6.16,6.16,0
2011-08-26,6.16,6.16,6.16,6.16,0
2011-08-29,6.16,6.16,6.16,6.16,0
2011-08-30,6.16,6.16,6.16,6.16,0
2011-08-31,6.16,6.16,6.16,6.16,0
2011-09-01,6.16,6.16,6.16,6.16,0
2011-09-05,6.16,6.16,6.16,6.16,0
2011-09-06,6.16,6.16,6.16,6.16,0
2011-09-07,5.79,5.79,5.79,5.79,200
2011-09-08,5.79,5.79,5.79,5.79,0
2011-09-09,5.79,5.79,5.79,5.79,800
2011-09-12,5.43,5.43,5.43,5.43,3600
2011-09-13,5.13,5.43,5.13,5.43,5000
2011-09-14,5.06,5.06,5.06,5.06,1000
2011-09-15,5.06,5.06,4.77,4.77,4800
2011-09-16,4.47,4.47,4.47,4.47,2600
2011-09-19,4.77,4.77,4.77,4.77,100
2011-09-20,4.77,4.77,4.77,4.77,0
2011-09-21,4.77,4.77,4.77,4.77,0
2011-09-22,4.77,4.77,4.77,4.77,0
2011-09-23,5.06,5.06,5.06,5.06,100
2011-09-26,5.06,5.06,5.06,5.06,0
2011-09-27,5.35,5.35,5.35,5.35,100
2011-09-28,5.35,5.35,5.35,5.35,0
2011-09-29,5.35,5.35,5.35,5.35,0
2011-09-30,5.35,5.35,5.35,5.35,0
2011-10-03,5.35,5.35,5.35,5.35,0
2011-10-04,5.35,5.35,5.35,5.35,0
2011-10-05,5.35,5.35,5.35,5.35,0
2011-10-06,5.35,5.35,5.35,5.35,0
2011-10-07,5.35,5.35,5.35,5.35,0
2011-10-10,5.35,5.35,5.35,5.35,0
2011-10-11,5.35,5.35,5.35,5.35,0
2011-10-12,5.35,5.35,5.35,5.35,0
2011-10-13,5.35,5.35,5.35,5.35,0
2011-10-14,5.35,5.35,5.35,5.35,0
2011-10-17,5.35,5.35,5.35,5.35,0
2011-10-18,5.35,5.35,5.35,5.35,0
2011-10-19,5.35,5.35,5.35,5.35,0
2011-10-20,5.35,5.35,5.35,5.35,0
2011-10-21,5.35,5.35,5.35,5.35,0
2011-10-24,5.35,5.35,5.35,5.35,0
2011-10-25,5.35,5.35,5.35,5.35,0
2011-10-26,5.35,5.35,5.35,5.35,0
2011-10-27,5.35,5.35,5.35,5.35,0
2011-10-28,5.35,5.35,5.35,5.35,0
2011-10-31,5.35,5.35,5.35,5.35,0
2011-11-01,5.35,5.35,5.35,5.35,0
2011-11-02,5.35,5.35,5.35,5.35,0
2011-11-03,5.35,5.35,5.35,5.35,0
2011-11-04,5.35,5.35,5.35,5.35,0
2011-11-07,5.35,5.35,5.35,5.35,0
2011-11-08,5.35,5.35,5.35,5.35,0
2011-11-09,5.35,5.35,5.35,5.35,0
2011-11-10,5.35,5.35,5.35,5.35,0
2011-11-11,5.35,5.35,5.35,5.35,0
2011-11-14,5.35,5.35,5.35,5.35,0
2011-11-15,5.35,5.35,5.35,5.35,0
2011-11-16,5.35,5.35,5.35,5.35,0
2011-11-17,5.35,5.35,5.35,5.35,0
2011-11-18,5.35,5.35,5.35,5.35,0
2011-11-21,5.35,5.35,5.35,5.35,0
2011-11-22,5.35,5.35,5.35,5.35,0
2011-11-23,5.35,5.35,5.35,5.35,0
2011-11-24,5.35,5.35,5.35,5.35,0
2011-11-25,5.35,5.35,5.35,5.35,0
2011-11-28,5.35,5.35,5.35,5.35,0
2011-11-29,5.35,5.35,5.35,5.35,0
2011-11-30,5.35,5.35,5.35,5.35,0
2011-12-01,5.35,5.35,5.35,5.35,0
2011-12-02,5.35,5.35,5.35,5.35,0
2011-12-05,5.35,5.35,5.35,5.35,0
2011-12-06,4.99,4.99,4.99,4.99,100
2011-12-07,4.99,4.99,4.99,4.99,0
2011-12-08,4.99,4.99,4.99,4.99,0
2011-12-09,4.99,4.99,4.99,4.99,0
2011-12-12,4.99,4.99,4.99,4.99,0
2011-12-13,4.99,4.99,4.99,4.99,0
2011-12-14,4.99,4.99,4.99,4.99,0
2011-12-15,4.99,4.99,4.99,4.99,0
2011-12-16,5.28,5.28,5.28,5.28,100
2011-12-19,4.91,4.91,4.91,4.91,200
2011-12-20,4.91,4.91,4.91,4.91,0
2011-12-21,4.91,4.91,4.91,4.91,0
2011-12-22,4.91,4.91,4.91,4.91,0
2011-12-23,5.21,5.21,5.21,5.21,2000
2011-12-26,5.21,5.21,5.21,5.21,0
2011-12-27,5.21,5.21,5.21,5.21,0
2011-12-28,5.21,5.21,5.21,5.21,0
2011-12-29,5.21,5.21,5.21,5.21,0
2011-12-30,5.21,5.21,5.21,5.21,0
2012-01-03,5.21,5.21,5.21,5.21,0
2012-01-04,4.91,4.91,4.91,4.91,100
2012-01-05,4.91,4.91,4.91,4.91,0
2012-01-06,4.91,4.91,4.91,4.91,0
2012-01-09,4.91,4.91,4.91,4.91,0
2012-01-10,4.91,4.91,4.91,4.91,0
2012-01-11,4.91,4.91,4.91,4.91,0
2012-01-12,4.91,4.91,4.91,4.91,0
2012-01-13,4.91,4.91,4.91,4.91,0
2012-01-16,4.91,4.91,4.91,4.91,0
2012-01-17,4.91,4.91,4.91,4.91,0
2012-01-18,4.91,4.91,4.91,4.91,0
2012-01-19,4.91,4.91,4.91,4.91,0
2012-01-20,4.91,4.91,4.91,4.91,0
2012-01-30,4.91,4.91,4.91,4.91,0
2012-01-31,4.62,5.21,4.62,5.21,800
2012-02-01,5.21,5.21,5.21,5.21,0
2012-02-02,5.21,5.21,5.21,5.21,0
2012-02-03,5.21,5.21,5.21,5.21,0
2012-02-06,5.21,5.21,5.21,5.21,0
2012-02-07,5.21,5.21,5.21,5.21,0
2012-02-08,5.21,5.21,5.21,5.21,0
2012-02-09,5.21,5.21,5.21,5.21,0
2012-02-10,5.21,5.21,5.21,5.21,0
2012-02-13,5.21,5.21,5.21,5.21,0
2012-02-14,5.21,5.21,5.21,5.21,0
2012-02-15,5.21,5.21,5.21,5.21,0
2012-02-16,5.21,5.21,5.21,5.21,0
2012-02-17,4.77,4.77,4.77,4.77,1300
2012-02-20,4.77,4.77,4.77,4.77,0
2012-02-21,5.06,5.06,5.06,5.06,100
2012-02-22,4.77,4.84,4.77,4.84,1300
2012-02-23,4.69,4.77,4.69,4.77,1200
2012-02-24,4.91,4.91,4.91,4.91,2500
2012-02-27,4.62,4.62,4.62,4.62,1200
2012-02-28,4.62,4.62,4.62,4.62,0
2012-02-29,4.33,4.33,4.33,4.33,100
2012-03-01,4.4,4.4,4.4,4.4,800
2012-03-02,4.4,4.4,4.4,4.4,100
2012-03-05,4.69,4.69,4.69,4.69,600
2012-03-06,4.69,4.69,4.69,4.69,2000
2012-03-07,4.55,4.55,4.55,4.55,900
2012-03-08,4.55,4.55,4.55,4.55,1500
2012-03-09,4.55,4.55,4.55,4.55,0
2012-03-12,4.84,4.84,4.84,4.84,500
2012-03-13,5.06,5.06,5.06,5.06,3000
2012-03-14,5.35,5.35,4.84,4.84,400
2012-03-15,4.99,4.99,4.99,4.99,1500
2012-03-16,5.28,5.28,5.28,5.28,100
2012-03-19,5.28,5.28,5.28,5.28,0
2012-03-20,4.99,4.99,4.99,4.99,1000
2012-03-21,4.99,4.99,4.99,4.99,0
2012-03-22,4.91,4.91,4.91,4.91,700
2012-03-23,4.91,4.91,4.91,4.91,0
2012-03-26,4.91,4.91,4.91,4.91,0
2012-03-27,4.91,4.91,4.91,4.91,0
2012-03-28,5.21,5.21,5.21,5.21,100
2012-03-29,5.5,5.5,5.5,5.5,100
2012-03-30,5.65,5.65,5.65,5.65,100
2012-04-03,5.65,5.65,5.65,5.65,0
2012-04-04,5.65,5.65,5.65,5.65,0
2012-04-05,5.65,5.65,5.65,5.65,0
2012-04-06,5.65,5.65,5.65,5.65,0
2012-04-09,5.65,5.65,5.65,5.65,0
2012-04-10,5.65,5.65,5.65,5.65,0
2012-04-11,5.65,5.65,5.65,5.65,0
2012-04-12,5.65,5.65,5.65,5.65,0
2012-04-13,5.65,5.65,5.65,5.65,0
2012-04-16,5.72,5.72,5.72,5.72,400
2012-04-17,5.72,5.72,5.35,5.72,4100
2012-04-18,5.35,5.65,5.35,5.65,700
2012-04-19,5.28,5.28,5.28,5.28,14700
2012-04-20,5.67,5.67,5.67,5.67,0
2012-04-23,5.28,5.28,5.28,5.28,200
2012-04-24,5.28,5.28,5.28,5.28,0
2012-04-25,5.44,5.44,5.36,5.36,3100
2012-04-26,5.36,5.36,5.36,5.36,3000
2012-04-27,5.36,5.36,5.36,5.36,0
2012-05-02,5.36,5.36,5.36,5.36,0
2012-05-03,5.36,5.36,5.36,5.36,0
2012-05-04,5.36,5.36,5.36,5.36,2700
2012-05-07,5.36,5.52,5.36,5.52,2100
2012-05-08,5.75,5.75,5.75,5.75,100
2012-05-09,5.75,5.75,5.75,5.75,0
2012-05-10,5.75,5.75,5.75,5.75,0
2012-05-11,5.75,5.75,5.75,5.75,0
2012-05-14,5.75,5.75,5.75,5.75,0
2012-05-15,5.44,5.44,5.44,5.44,1500
2012-05-16,5.44,5.44,5.44,5.44,0
2012-05-17,5.44,5.44,5.44,5.44,0
2012-05-18,5.44,5.44,5.44,5.44,0
2012-05-21,5.44,5.44,5.44,5.44,0
2012-05-22,5.44,5.44,5.44,5.44,0
2012-05-23,5.44,5.44,5.44,5.44,0
2012-05-24,5.44,5.44,5.44,5.44,0
2012-05-25,5.44,5.44,5.44,5.44,0
2012-05-28,5.44,5.44,5.44,5.44,0
2012-05-29,5.44,5.44,5.44,5.44,0
2012-05-30,5.44,5.44,5.44,5.44,0
2012-05-31,5.36,5.36,5.36,5.36,100
2012-06-01,5.36,5.36,5.36,5.36,1500
2012-06-04,5.36,5.44,5.36,5.44,2600
2012-06-05,5.44,5.44,5.44,5.44,0
2012-06-06,5.44,5.44,5.44,5.44,0
2012-06-07,5.44,5.44,5.44,5.44,3000
2012-06-08,5.44,5.44,5.44,5.44,0
2012-06-11,5.44,5.44,5.44,5.44,0
2012-06-12,5.44,5.44,5.44,5.44,0
2012-06-13,5.44,5.44,5.44,5.44,0
2012-06-14,5.44,5.44,5.44,5.44,0
2012-06-15,5.44,5.44,5.44,5.44,0
2012-06-18,5.44,5.44,5.44,5.44,0
2012-06-19,5.44,5.44,5.44,5.44,0
2012-06-20,5.44,5.44,5.44,5.44,0
2012-06-21,5.44,5.44,5.44,5.44,0
2012-06-22,5.44,5.44,5.44,5.44,0
2012-06-25,5.44,5.44,5.44,5.44,0
2012-06-26,5.44,5.44,5.44,5.44,0
2012-06-27,5.44,5.44,5.44,5.44,0
2012-06-28,5.44,5.44,5.44,5.44,0
2012-06-29,5.44,5.44,5.44,5.44,0
2012-07-02,5.44,5.44,5.44,5.44,0
2012-07-03,5.28,5.28,5.28,5.28,2000
2012-07-04,5.28,5.28,5.28,5.28,0
2012-07-05,5.28,5.28,5.28,5.28,0
2012-07-06,5.28,5.28,5.28,5.28,500
2012-07-09,5.28,5.28,5.28,5.28,0
2012-07-10,5.28,5.28,5.28,5.28,0
2012-07-11,5.28,5.28,5.28,5.28,0
2012-07-12,5.28,5.28,5.28,5.28,0
2012-07-13,5.28,5.28,5.28,5.28,0
2012-07-16,5.28,5.28,5.28,5.28,0
2012-07-17,5.44,5.44,5.44,5.44,3000
2012-07-18,5.36,5.36,5.36,5.36,300
2012-07-19,5.36,5.36,5.36,5.36,0
2012-07-20,5.36,5.36,5.36,5.36,0
2012-07-23,5.36,5.36,5.36,5.36,0
2012-07-24,5.36,5.36,5.36,5.36,0
2012-07-25,5.36,5.36,5.36,5.36,0
2012-07-26,5.36,5.36,5.36,5.36,1000
2012-07-27,5.36,5.36,5.36,5.36,100
2012-07-30,5.36,5.36,5.36,5.36,0
2012-07-31,5.36,5.36,5.36,5.36,0
2012-08-01,5.36,5.36,5.36,5.36,0
2012-08-02,5.36,5.36,5.36,5.36,0
2012-08-03,5.36,5.36,5.36,5.36,100
2012-08-06,5.36,5.36,5.36,5.36,0
2012-08-07,5.36,5.36,5.36,5.36,0
2012-08-08,5.36,5.36,5.36,5.36,0
2012-08-09,5.36,5.36,5.36,5.36,0
2012-08-10,5.36,5.36,5.36,5.36,0
2012-08-13,5.36,5.36,5.36,5.36,300
2012-08-14,5.36,5.36,5.36,5.36,0
2012-08-15,5.36,5.36,5.36,5.36,0
2012-08-16,5.36,5.36,5.36,5.36,0
2012-08-17,5.36,5.36,5.36,5.36,1000
2012-08-20,5.36,5.36,5.36,5.36,0
2012-08-21,5.36,5.36,5.36,5.36,1000
2012-08-22,5.36,5.36,5.36,5.36,0
2012-08-23,5.36,5.36,5.36,5.36,0
2012-08-24,5.36,5.36,5.36,5.36,0
2012-08-27,5.36,5.36,5.36,5.36,0
2012-08-28,5.36,5.36,5.36,5.36,0
2012-08-29,5.36,5.36,5.36,5.36,0
2012-08-30,5.36,5.36,5.36,5.36,0
2012-08-31,5.36,5.36,5.36,5.36,0
2012-09-04,5.36,5.36,5.36,5.36,0
2012-09-05,5.36,5.36,5.36,5.36,0
2012-09-06,5.36,5.36,5.36,5.36,0
2012-09-07,5.36,5.36,5.36,5.36,0
2012-09-10,5.36,5.36,5.36,5.36,0
2012-09-11,5.36,5.36,5.36,5.36,0
2012-09-12,5.36,5.36,5.36,5.36,0
2012-09-13,5.36,5.36,5.36,5.36,0
2012-09-14,5.36,5.36,5.36,5.36,0
2012-09-17,5.04,5.04,5.04,5.04,2200
2012-09-18,5.04,5.04,5.04,5.04,0
2012-09-19,5.04,5.04,5.04,5.04,0
2012-09-20,5.04,5.04,5.04,5.04,0
2012-09-21,5.04,5.04,5.04,5.04,0
2012-09-24,5.04,5.04,5.04,5.04,0
2012-09-25,5.04,5.04,5.04,5.04,0
2012-09-26,5.04,5.04,5.04,5.04,0
2012-09-27,5.12,5.12,5.12,5.12,3000
2012-09-28,4.81,4.81,4.81,4.81,2000
2012-10-01,4.81,4.81,4.81,4.81,0
2012-10-02,4.81,4.81,4.81,4.81,0
2012-10-03,4.81,4.81,4.81,4.81,700
2012-10-04,4.81,4.81,4.81,4.81,500
2012-10-05,4.81,4.81,4.81,4.81,0
2012-10-08,4.81,4.81,4.81,4.81,0
2012-10-09,4.81,4.81,4.81,4.81,0
2012-10-10,4.81,4.81,4.81,4.81,0
2012-10-11,4.81,4.81,4.81,4.81,0
2012-10-12,4.81,4.81,4.81,4.81,0
2012-10-15,4.81,4.81,4.81,4.81,0
2012-10-16,4.81,4.81,4.81,4.81,0
2012-10-17,4.81,4.81,4.81,4.81,0
2012-10-18,4.81,4.81,4.81,4.81,0
2012-10-19,4.81,4.81,4.81,4.81,0
2012-10-22,4.81,4.81,4.81,4.81,0
2012-10-23,4.81,4.81,4.81,4.81,0
2012-10-24,4.81,4.81,4.81,4.81,0
2012-10-25,4.81,4.81,4.81,4.81,0
2012-10-26,4.81,4.81,4.81,4.81,0
2012-10-29,4.81,4.81,4.81,4.81,0
2012-10-30,4.81,4.81,4.81,4.81,0
2012-10-31,4.81,4.81,4.81,4.81,0
2012-11-01,4.81,4.81,4.81,4.81,0
2012-11-02,4.81,4.81,4.81,4.81,0
2012-11-05,4.81,4.81,4.81,4.81,0
2012-11-06,4.49,4.49,4.49,4.49,100
2012-11-07,4.49,4.49,4.49,4.49,0
2012-11-08,4.49,4.49,4.49,4.49,0
2012-11-09,4.49,4.49,4.49,4.49,0
2012-11-12,4.49,4.49,4.49,4.49,0
2012-11-13,4.49,4.49,4.49,4.49,0
2012-11-14,4.49,4.49,4.49,4.49,0
2012-11-15,4.49,4.49,4.49,4.49,0
2012-11-16,4.49,4.49,4.49,4.49,0
2012-11-19,4.49,4.49,4.49,4.49,0
2012-11-20,4.49,4.49,4.49,4.49,0
2012-11-21,4.49,4.49,4.49,4.49,0
2012-11-22,4.49,4.49,4.49,4.49,0
2012-11-23,4.49,4.49,4.49,4.49,0
2012-11-26,4.49,4.49,4.49,4.49,0
2012-11-27,4.49,4.49,4.49,4.49,0
2012-11-28,4.49,4.49,4.49,4.49,0
2012-11-29,4.49,4.49,4.49,4.49,0
2012-11-30,4.49,4.49,4.49,4.49,0
2012-12-03,4.49,4.49,4.49,4.49,0
2012-12-04,4.49,4.49,4.49,4.49,500
2012-12-05,4.49,4.49,4.49,4.49,0
2012-12-06,4.49,4.49,4.49,4.49,0
2012-12-07,4.49,4.49,4.49,4.49,0
2012-12-10,4.49,4.49,4.49,4.49,0
2012-12-11,4.49,4.49,4.49,4.49,0
2012-12-12,4.49,4.49,4.49,4.49,0
2012-12-13,4.73,4.73,4.73,4.73,400
2012-12-14,4.73,4.73,4.73,4.73,0
2012-12-17,4.73,4.73,4.73,4.73,0
2012-12-18,4.73,4.73,4.73,4.73,0
2012-12-19,4.73,4.73,4.73,4.73,0
2012-12-20,4.73,4.73,4.73,4.73,0
2012-12-21,4.73,4.73,4.73,4.73,0
2012-12-24,4.73,4.73,4.73,4.73,0
2012-12-25,4.73,4.73,4.73,4.73,0
2012-12-26,4.73,4.73,4.73,4.73,0
2012-12-27,4.73,4.73,4.73,4.73,0
2012-12-28,4.73,4.73,4.73,4.73,0
2013-01-02,4.73,4.73,4.73,4.73,0
2013-01-03,4.73,4.73,4.73,4.73,0
2013-01-04,4.73,4.73,4.73,4.73,0
2013-01-07,5.04,5.04,5.04,5.04,100
2013-01-08,5.04,5.04,5.04,5.04,0
2013-01-09,5.28,5.28,5.28,5.28,100
2013-01-10,5.52,5.52,5.52,5.52,100
2013-01-11,5.67,5.67,5.67,5.67,200
2013-01-14,5.67,5.67,5.67,5.67,0
2013-01-15,5.67,5.67,5.67,5.67,0
2013-01-16,5.67,5.67,5.67,5.67,0
2013-01-17,5.67,5.67,5.67,5.67,0
2013-01-18,5.67,5.67,5.67,5.67,0
2013-01-21,5.67,5.67,5.67,5.67,0
2013-01-22,5.67,5.67,5.67,5.67,0
2013-01-23,5.67,5.67,5.67,5.67,0
2013-01-24,5.67,5.67,5.67,5.67,0
2013-01-25,5.67,5.67,5.67,5.67,0
2013-01-28,5.67,5.67,5.67,5.67,0
2013-01-29,5.36,5.36,5.36,5.36,500
2013-01-30,5.36,5.36,5.36,5.36,0
2013-01-31,5.36,5.36,5.36,5.36,0
2013-02-01,5.36,5.36,5.36,5.36,0
2013-02-04,5.36,5.36,5.36,5.36,0
2013-02-05,5.36,5.36,5.36,5.36,0
2013-02-06,5.36,5.36,5.36,5.36,0
2013-02-07,5.36,5.36,5.36,5.36,0
2013-02-08,5.36,5.36,5.36,5.36,1200
2013-02-18,5.28,5.28,5.28,5.28,300
2013-02-19,5.2,5.2,5.2,5.2,100
2013-02-20,5.44,5.44,5.44,5.44,100
2013-02-21,5.2,5.2,5.2,5.2,1700
2013-02-22,5.2,5.2,5.2,5.2,3100
2013-02-25,5.2,5.2,5.2,5.2,600
2013-02-26,5.2,5.2,5.2,5.2,0
2013-02-27,5.04,5.04,5.04,5.04,3300
2013-02-28,5.04,5.04,5.04,5.04,0
2013-03-01,5.04,5.04,5.04,5.04,0
2013-03-04,5.04,5.04,5.04,5.04,200
2013-03-05,5.04,5.04,5.04,5.04,0
2013-03-06,5.04,5.04,5.04,5.04,0
2013-03-07,5.04,5.04,5.04,5.04,0
2013-03-08,5.04,5.04,5.04,5.04,0
2013-03-11,5.04,5.04,5.04,5.04,0
2013-03-12,5.04,5.04,5.04,5.04,0
2013-03-13,5.04,5.04,5.04,5.04,0
2013-03-14,5.04,5.04,5.04,5.04,0
2013-03-15,4.89,4.89,4.89,4.89,900
2013-03-18,4.89,4.89,4.89,4.89,0
2013-03-19,4.89,4.89,4.89,4.89,0
2013-03-20,4.89,4.89,4.89,4.89,0
2013-03-21,4.89,4.89,4.89,4.89,0
2013-03-22,5.04,5.04,5.04,5.04,400
2013-03-25,5.04,5.04,5.04,5.04,0
2013-03-26,5.04,5.04,5.04,5.04,0
2013-03-27,5.04,5.04,5.04,5.04,0
2013-03-28,5.04,5.04,5.04,5.04,0
2013-03-29,5.04,5.04,5.04,5.04,0
2013-04-01,5.04,5.04,5.04,5.04,0
2013-04-02,5.04,5.04,5.04,5.04,0
2013-04-03,5.04,5.04,5.04,5.04,0
2013-04-04,5.04,5.04,5.04,5.04,0
2013-04-05,5.04,5.04,5.04,5.04,4500
2013-04-08,4.96,4.96,4.96,4.96,6500
2013-04-09,4.89,4.89,4.89,4.89,3000
2013-04-10,4.89,4.89,4.89,4.89,0
2013-04-11,4.89,4.89,4.89,4.89,0
2013-04-12,4.89,4.89,4.89,4.89,0
2013-04-15,4.89,4.89,4.89,4.89,0
2013-04-16,4.89,4.89,4.89,4.89,0
2013-04-17,4.89,4.89,4.89,4.89,0
2013-04-18,4.89,4.89,4.89,4.89,0
2013-04-22,4.89,4.89,4.89,4.89,0
2013-04-23,5.28,5.28,5.28,5.28,100
2013-04-24,5.28,5.28,5.28,5.28,0
2013-04-25,5.28,5.28,5.28,5.28,0
2013-04-26,5.28,5.28,5.28,5.28,0
2013-05-02,5.28,5.28,5.28,5.28,0
2013-05-03,5.28,5.28,5.28,5.28,0
2013-05-06,5.28,5.28,5.28,5.28,0
2013-05-07,5.28,5.28,5.28,5.28,0
2013-05-08,4.81,4.81,4.81,4.81,2500
2013-05-09,4.81,4.81,4.81,4.81,0
2013-05-10,4.65,4.65,4.65,4.65,500
2013-05-13,4.57,4.57,4.49,4.57,1500
2013-05-14,4.49,4.49,4.49,4.49,100
2013-05-15,4.49,4.49,4.49,4.49,400
2013-05-16,4.49,4.49,4.49,4.49,0
2013-05-17,4.49,4.49,4.49,4.49,0
2013-05-20,4.49,4.49,4.49,4.49,0
2013-05-21,4.57,4.57,4.57,4.57,400
2013-05-22,4.57,4.57,4.57,4.57,0
2013-05-23,4.57,4.57,4.57,4.57,0
2013-05-24,4.57,4.57,4.57,4.57,0
2013-05-27,4.57,4.57,4.57,4.57,1000
2013-05-28,4.57,4.57,4.57,4.57,0
2013-05-29,4.57,4.57,4.57,4.57,4900
2013-05-30,4.57,4.57,4.57,4.57,0
2013-05-31,4.57,4.57,4.57,4.57,0
2013-06-03,4.57,4.57,4.57,4.57,0
2013-06-04,4.57,4.57,4.57,4.57,200
2013-06-05,4.57,4.57,4.57,4.57,0
2013-06-06,4.57,4.57,4.57,4.57,0
2013-06-07,4.57,4.57,4.57,4.57,0
2013-06-10,4.57,4.57,4.57,4.57,0
2013-06-11,4.57,4.57,4.57,4.57,0
2013-06-12,4.57,4.57,4.57,4.57,0
2013-06-13,4.57,4.57,4.57,4.57,0
2013-06-14,4.57,4.57,4.57,4.57,0
2013-06-17,4.57,4.57,4.57,4.57,0
2013-06-18,4.57,4.57,4.57,4.57,0
2013-06-19,4.57,4.57,4.57,4.57,0
2013-06-20,4.73,4.73,4.73,4.73,100
2013-06-21,4.73,4.73,4.73,4.73,0
2013-06-24,4.73,4.73,4.73,4.73,0
2013-06-25,4.57,4.57,4.57,4.57,10400
2013-06-26,4.57,4.57,4.57,4.57,0
2013-06-27,4.57,4.57,4.57,4.57,0
2013-06-28,4.57,4.57,4.57,4.57,800
2013-07-01,5.05,5.05,5.05,5.05,0
2013-07-02,5.05,5.05,5.05,5.05,0
2013-07-03,5.05,5.05,5.05,5.05,0
2013-07-04,5.05,5.05,5.05,5.05,0
2013-07-05,5.05,5.05,5.05,5.05,0
2013-07-08,4.61,4.61,4.61,4.61,1000
2013-07-09,4.61,4.61,4.61,4.61,0
2013-07-10,4.61,4.61,4.61,4.61,0
2013-07-11,4.61,4.61,4.61,4.61,0
2013-07-12,4.61,4.61,4.61,4.61,0
2013-07-15,4.61,4.61,4.61,4.61,0
2013-07-16,4.61,4.61,4.61,4.61,0
2013-07-17,4.61,4.61,4.61,4.61,0
2013-07-18,4.61,4.61,4.61,4.61,0
2013-07-19,4.61,4.61,4.61,4.61,0
2013-07-22,4.61,4.61,4.61,4.61,0
2013-07-23,4.61,4.61,4.61,4.61,0
2013-07-24,4.61,4.61,4.61,4.61,0
2013-07-25,4.61,4.61,4.61,4.61,0
2013-07-26,4.61,4.61,4.61,4.61,0
2013-07-29,4.61,4.61,4.61,4.61,0
2013-07-30,4.61,4.61,4.61,4.61,0
2013-07-31,4.61,4.61,4.61,4.61,0
2013-08-01,4.61,4.61,4.61,4.61,0
2013-08-02,4.61,4.61,4.61,4.61,0
2013-08-05,4.61,4.61,4.61,4.61,0
2013-08-06,4.61,4.61,4.61,4.61,0
2013-08-07,4.18,4.18,4.18,4.18,200
2013-08-08,4.18,4.18,4.18,4.18,0
2013-08-09,4.18,4.18,4.18,4.18,0
2013-08-12,4.18,4.18,4.18,4.18,0
2013-08-13,4.18,4.18,4.18,4.18,0
2013-08-14,4.18,4.18,4.18,4.18,0
2013-08-15,4.18,4.18,4.18,4.18,0
2013-08-16,4.18,4.18,4.18,4.18,0
2013-08-19,3.83,3.83,3.83,3.83,100
2013-08-20,3.83,3.83,3.83,3.83,0
2013-08-21,3.83,3.83,3.83,3.83,0
2013-08-22,3.57,3.57,3.57,3.57,100
2013-08-23,3.57,3.57,3.57,3.57,0
2013-08-26,3.57,3.57,3.57,3.57,0
2013-08-27,3.57,3.57,3.57,3.57,0
2013-08-28,3.57,3.57,3.57,3.57,0
2013-08-29,3.57,3.57,3.57,3.57,0
2013-08-30,3.57,3.57,3.57,3.57,0
2013-09-03,3.57,3.57,3.57,3.57,0
2013-09-04,3.57,3.57,3.57,3.57,0
2013-09-05,3.57,3.57,3.57,3.57,0
2013-09-06,3.57,3.57,3.57,3.57,0
2013-09-09,3.57,3.57,3.57,3.57,0
2013-09-10,3.57,3.57,3.57,3.57,0
2013-09-11,3.57,3.57,3.57,3.57,0
2013-09-12,3.57,3.57,3.57,3.57,0
2013-09-13,3.57,3.57,3.57,3.57,0
2013-09-16,3.57,3.57,3.57,3.57,0
2013-09-17,3.57,3.57,3.57,3.57,0
2013-09-18,3.57,3.57,3.57,3.57,0
2013-09-19,3.57,3.57,3.57,3.57,0
2013-09-20,3.57,3.57,3.57,3.57,0
2013-09-23,3.57,3.57,3.57,3.57,0
2013-09-24,3.57,3.57,3.57,3.57,0
2013-09-25,3.57,3.57,3.57,3.57,0
2013-09-26,3.22,3.22,3.22,3.22,100
2013-09-27,3.22,3.22,3.22,3.22,0
2013-09-30,3.22,3.22,3.22,3.22,0
2013-10-01,2.96,2.96,2.96,2.96,300
2013-10-02,2.96,2.96,2.96,2.96,0
2013-10-03,2.96,2.96,2.96,2.96,0
2013-10-04,2.96,2.96,2.96,2.96,0
2013-10-07,3.22,3.22,3.22,3.22,500
2013-10-08,3.22,3.22,3.22,3.22,0
2013-10-09,3.22,3.22,3.22,3.22,400
2013-10-10,3.22,3.22,3.22,3.22,0
2013-10-11,3.22,3.22,3.22,3.22,0
2013-10-14,3.22,3.22,3.22,3.22,0
2013-10-15,3.22,3.22,3.22,3.22,0
2013-10-16,3.22,3.22,3.22,3.22,0
2013-10-17,3.22,3.22,3.22,3.22,0
2013-10-18,3.31,3.31,3.31,3.31,300
2013-10-21,3.31,3.31,3.31,3.31,0
2013-10-22,3.31,3.31,3.31,3.31,0
2013-10-23,3.31,3.31,3.31,3.31,0
2013-10-24,3.39,3.39,3.39,3.39,200
2013-10-25,3.48,3.48,3.48,3.48,100
2013-10-28,3.48,3.48,3.48,3.48,0
2013-10-29,3.48,3.48,3.48,3.48,0
2013-10-30,3.48,3.48,3.48,3.48,0
2013-10-31,3.48,3.48,3.48,3.48,0
2013-11-01,3.57,3.74,3.13,3.74,2400
2013-11-04,3.39,3.39,3.39,3.39,100
2013-11-05,3.57,3.57,3.57,3.57,100
2013-11-06,3.22,3.66,3.22,3.66,200
2013-11-07,3.31,3.66,3.31,3.66,600
2013-11-08,3.66,3.66,3.66,3.66,0
2013-11-11,3.66,3.66,3.66,3.66,0
2013-11-12,3.66,3.66,3.66,3.66,2000
2013-11-13,3.66,3.66,3.66,3.66,0
2013-11-14,3.66,3.66,3.66,3.66,0
2013-11-15,3.66,3.66,3.66,3.66,0
2013-11-18,3.66,3.66,3.66,3.66,0
2013-11-19,3.83,3.83,3.83,3.83,100
2013-11-20,3.48,3.83,3.48,3.83,200
2013-11-21,3.83,3.83,3.83,3.83,0
2013-11-22,3.83,3.83,3.83,3.83,0
2013-11-25,3.48,3.48,3.48,3.48,100
2013-11-26,3.83,3.83,3.83,3.83,100
2013-11-27,3.92,3.92,3.92,3.92,200
2013-11-28,3.92,3.92,3.92,3.92,1000
2013-11-29,3.92,3.92,3.92,3.92,0
2013-12-02,3.92,3.92,3.92,3.92,0
2013-12-03,3.66,4.18,3.66,4.18,200
2013-12-04,4.53,4.53,4.53,4.53,100
2013-12-05,4.96,4.96,4.96,4.96,100
2013-12-06,4.96,4.96,4.96,4.96,0
2013-12-09,4.96,4.96,4.96,4.96,0
2013-12-10,4.96,4.96,4.96,4.96,0
2013-12-11,5.4,5.4,5.4,5.4,100
2013-12-12,5.4,5.4,5.4,5.4,0
2013-12-13,5.4,5.4,5.4,5.4,0
2013-12-16,4.87,5.66,4.87,5.66,200
2013-12-17,5.66,5.66,5.66,5.66,0
2013-12-18,5.66,5.66,5.66,5.66,0
2013-12-19,5.92,5.92,5.92,5.92,100
2013-12-20,5.92,5.92,5.92,5.92,0
2013-12-23,5.92,5.92,5.92,5.92,0
2013-12-24,5.92,5.92,5.92,5.92,0
2013-12-25,5.57,5.57,5.57,5.57,100
2013-12-26,5.92,5.92,5.92,5.92,100
2013-12-27,6.35,6.35,6.35,6.35,100
2013-12-30,6.35,6.35,6.35,6.35,0
2013-12-31,6.35,6.35,6.35,6.35,0
2014-01-02,6.7,6.7,6.7,6.7,100
2014-01-03,6.7,6.7,6.7,6.7,0
2014-01-06,6.7,6.7,6.7,6.7,0
2014-01-07,6.7,6.7,6.7,6.7,100
2014-01-08,7.14,7.14,7.14,7.14,100
2014-01-09,7.66,7.66,7.66,7.66,100
2014-01-10,8.27,8.27,8.27,8.27,100
2014-01-13,8.88,8.88,8.88,8.88,100
2014-01-14,8.88,8.88,8.88,8.88,0
2014-01-15,9.4,9.4,9.4,9.4,100
2014-01-16,8.7,10.01,8.7,10.01,200
2014-01-17,10.36,10.36,10.36,10.36,100
2014-01-20,11.14,11.14,11.14,11.14,200
2014-01-21,11.14,11.14,11.14,11.14,0
2014-01-22,11.14,11.14,11.14,11.14,0
2014-01-23,12.01,12.01,12.01,12.01,100
2014-01-24,12.8,12.8,12.8,12.8,100
2014-01-27,12.8,12.8,12.8,12.8,0
2014-02-06,13.75,13.75,13.75,13.75,100
2014-02-07,13.75,13.75,13.75,13.75,0
2014-02-10,13.75,13.75,13.75,13.75,0
2014-02-11,12.45,12.45,12.45,12.45,300
2014-02-12,13.49,13.49,13.49,13.49,100
2014-02-13,13.49,13.49,13.49,13.49,0
2014-02-14,13.49,13.49,13.49,13.49,0
2014-02-17,13.49,13.49,13.49,13.49,0
2014-02-18,13.49,13.49,13.49,13.49,0
2014-02-19,13.49,13.49,13.49,13.49,0
2014-02-20,13.49,13.49,13.49,13.49,0
2014-02-21,13.49,13.49,13.49,13.49,0
2014-02-24,13.49,13.49,13.49,13.49,0
2014-02-25,13.49,13.49,13.49,13.49,0
2014-02-26,13.49,13.49,13.49,13.49,0
2014-02-27,13.49,13.49,13.49,13.49,0
2014-02-28,13.49,13.49,13.49,13.49,0
2014-03-03,13.49,13.49,13.49,13.49,0
2014-03-04,12.19,13.06,12.19,13.06,200
2014-03-05,13.06,13.06,13.06,13.06,0
2014-03-06,13.06,13.06,13.06,13.06,0
2014-03-07,11.75,12.62,11.75,12.62,500
2014-03-10,12.62,12.62,12.62,12.62,0
2014-03-11,12.62,12.62,12.62,12.62,0
2014-03-12,12.62,12.62,12.62,12.62,0
2014-03-13,12.62,12.62,12.62,12.62,0
2014-03-14,12.62,12.62,12.62,12.62,0
2014-03-17,12.62,12.62,12.62,12.62,0
2014-03-18,12.62,12.62,12.62,12.62,0
2014-03-19,12.62,12.62,12.62,12.62,0
2014-03-20,12.62,12.62,12.62,12.62,0
2014-03-21,12.62,12.62,12.62,12.62,0
2014-03-24,12.62,12.62,12.62,12.62,0
2014-03-25,12.62,12.62,12.62,12.62,0
2014-03-26,12.62,12.62,12.62,12.62,0
2014-03-27,12.62,12.62,12.62,12.62,0
2014-03-28,12.62,12.62,12.62,12.62,0
2014-03-31,12.62,12.62,12.62,12.62,0
2014-04-01,12.62,12.62,12.62,12.62,0
2014-04-02,12.62,12.62,12.62,12.62,0
2014-04-03,12.62,12.62,12.62,12.62,0
2014-04-04,12.62,12.62,12.62,12.62,0
2014-04-07,12.62,12.62,12.62,12.62,0
2014-04-08,12.62,12.62,12.62,12.62,0
2014-04-10,12.62,12.62,12.62,12.62,0
2014-04-11,12.62,12.62,12.62,12.62,0
2014-04-14,12.62,12.62,12.62,12.62,0
2014-04-15,12.62,12.62,12.62,12.62,0
2014-04-16,12.62,12.62,12.62,12.62,0
2014-04-17,12.62,12.62,12.62,12.62,0
2014-04-18,12.62,12.62,12.62,12.62,0
2014-04-21,12.62,12.62,12.62,12.62,0
2014-04-22,12.62,12.62,12.62,12.62,0
2014-04-23,12.62,12.62,12.62,12.62,0
2014-04-24,12.62,12.62,12.62,12.62,0
2014-04-25,12.62,12.62,12.62,12.62,0
2014-04-28,12.62,12.62,12.62,12.62,0
2014-04-29,12.62,12.62,12.62,12.62,0
2014-05-05,12.62,12.62,12.62,12.62,0
2014-05-06,12.62,12.62,12.62,12.62,0
2014-05-07,12.62,12.62,12.62,12.62,0
2014-05-08,12.62,12.62,12.62,12.62,0
2014-05-09,12.62,12.62,12.62,12.62,0
2014-05-12,12.62,12.62,12.62,12.62,0
2014-05-13,12.62,12.62,12.62,12.62,0
2014-05-14,12.62,12.62,12.62,12.62,0
2014-05-15,12.62,12.62,12.62,12.62,0
2014-05-16,12.62,12.62,12.62,12.62,0
2014-05-19,12.62,12.62,12.62,12.62,0
2014-05-20,12.62,12.62,12.62,12.62,0
2014-05-21,12.62,12.62,12.62,12.62,0
2014-05-22,12.62,12.62,12.62,12.62,0
2014-05-23,12.62,12.62,12.62,12.62,0
2014-05-26,12.62,12.62,12.62,12.62,0
2014-05-27,12.62,12.62,12.62,12.62,0
2014-05-28,12.62,12.62,12.62,12.62,0
2014-05-29,12.62,12.62,12.62,12.62,0
2014-05-30,12.62,12.62,12.62,12.62,0
2014-06-02,12.62,12.62,12.62,12.62,0
2014-06-03,12.62,12.62,12.62,12.62,0
2014-06-04,12.62,12.62,12.62,12.62,0
2014-06-05,12.62,12.62,12.62,12.62,0
2014-06-06,12.62,12.62,12.62,12.62,0
2014-06-09,12.62,12.62,12.62,12.62,0
2014-06-10,12.62,12.62,12.62,12.62,0
2014-06-11,12.62,12.62,12.62,12.62,0
2014-06-12,12.62,12.62,12.62,12.62,0
2014-06-13,12.62,12.62,12.62,12.62,0
2014-06-16,12.62,12.62,12.62,12.62,0
2014-06-17,12.62,12.62,12.62,12.62,0
2014-06-18,12.62,12.62,12.62,12.62,0
2014-06-19,12.62,12.62,12.62,12.62,0
2014-06-20,12.62,12.62,12.62,12.62,0
2014-06-23,12.62,12.62,12.62,12.62,0
2014-06-24,12.62,12.62,12.62,12.62,0
2014-06-25,12.62,12.62,12.62,12.62,0
2014-06-26,12.62,12.62,12.62,12.62,0
2014-06-27,12.62,12.62,12.62,12.62,0
2014-06-30,12.62,12.62,12.62,12.62,0
2014-07-01,12.62,12.62,12.62,12.62,0
2014-07-02,12.62,12.62,12.62,12.62,0
2014-07-03,12.62,12.62,12.62,12.62,0
2014-07-04,12.62,12.62,12.62,12.62,0
2014-07-07,12.62,12.62,12.62,12.62,0
2014-07-08,12.62,12.62,12.62,12.62,0
2014-07-09,12.62,12.62,12.62,12.62,0
2014-07-10,12.62,12.62,12.62,12.62,0
2014-07-11,12.62,12.62,12.62,12.62,0
2014-07-14,11.4,11.4,11.4,11.4,100
2014-07-15,10.27,10.27,10.27,10.27,100
2014-07-16,10.27,10.27,10.27,10.27,0
2014-07-17,9.31,9.31,9.31,9.31,100
2014-07-18,9.31,9.31,9.31,9.31,0
2014-07-21,9.31,9.31,9.31,9.31,0
2014-07-22,9.31,9.31,9.31,9.31,0
2014-07-23,9.31,9.31,9.31,9.31,0
2014-07-24,9.31,9.31,9.31,9.31,0
2014-07-25,9.31,9.31,9.31,9.31,0
2014-07-28,8.44,8.44,8.44,8.44,100
2014-07-29,8.27,8.27,8.27,8.27,100
2014-07-30,8.27,8.27,8.27,8.27,0
2014-07-31,8.27,8.27,8.27,8.27,0
2014-08-01,8.27,8.27,8.27,8.27,0
2014-08-04,8.27,8.27,8.27,8.27,0
2014-08-05,8.27,8.27,8.27,8.27,0
2014-08-06,8.27,8.27,8.27,8.27,0
2014-08-07,8.27,8.27,8.27,8.27,0
2014-08-08,8.27,8.27,8.27,8.27,0
2014-08-11,8.27,8.27,8.27,8.27,0
2014-08-12,8.27,8.27,8.27,8.27,0
2014-08-13,8.27,8.27,8.27,8.27,0
2014-08-14,8.27,8.27,8.27,8.27,0
2014-08-15,8.27,8.27,8.27,8.27,0
2014-08-18,8.27,8.27,8.27,8.27,0
2014-08-19,8.27,8.27,8.27,8.27,0
2014-08-20,8.27,8.27,8.27,8.27,0
2014-08-21,8.27,8.27,8.27,8.27,0
2014-08-22,8.27,8.27,8.27,8.27,0
2014-08-25,8.27,8.27,8.27,8.27,0
2014-08-26,7.49,7.49,7.49,7.49,1000
2014-08-27,6.79,8.18,6.79,6.79,1200
2014-08-28,7.4,7.4,7.4,7.4,100
2014-08-29,6.7,6.7,6.7,6.7,100
2014-09-03,6.18,6.18,6.09,6.09,400
2014-09-04,5.48,5.48,5.48,5.48,200
2014-09-05,4.96,4.96,4.96,4.96,10300
2014-09-08,4.53,4.53,4.53,4.53,600
2014-09-09,4.18,4.18,4.09,4.09,200
2014-09-10,4.09,4.09,4.09,4.09,0
2014-09-11,4.44,4.44,4.44,4.44,800
2014-09-12,4.0,4.09,4.0,4.0,4500
2014-09-15,4.0,4.0,4.0,4.0,0
2014-09-16,4.35,4.35,4.35,4.35,100
2014-09-17,4.35,4.35,4.35,4.35,0
2014-09-18,4.35,4.35,4.35,4.35,0
2014-09-19,3.92,3.92,3.92,3.92,100
2014-09-22,3.92,3.92,3.92,3.92,0
2014-09-23,3.92,3.92,3.92,3.92,0
2014-09-24,3.92,3.92,3.92,3.92,0
2014-09-25,3.57,3.83,3.57,3.83,300
2014-09-26,3.83,3.83,3.83,3.83,0
2014-09-29,4.18,4.18,4.18,4.18,100
2014-09-30,4.18,4.18,4.18,4.18,100
2014-10-01,4.18,4.18,4.18,4.18,0
2014-10-02,4.27,4.27,4.27,4.27,100
2014-10-03,4.27,4.27,4.27,4.27,0
2014-10-06,4.27,4.27,4.27,4.27,0
2014-10-07,3.92,3.92,3.92,3.92,100
2014-10-08,3.92,3.92,3.92,3.92,0
2014-10-09,3.92,3.92,3.92,3.92,0
2014-10-10,4.0,4.18,3.74,3.74,700
2014-10-13,3.74,3.74,3.74,3.74,0
2014-10-14,3.74,3.74,3.74,3.74,0
2014-10-15,3.74,3.74,3.74,3.74,0
2014-10-16,3.83,3.83,3.83,3.83,200
2014-10-17,3.83,3.83,3.83,3.83,0
2014-10-20,3.83,3.83,3.83,3.83,0
2014-10-21,4.0,4.09,4.0,4.09,300
2014-10-22,4.09,4.09,4.09,4.09,0
2014-10-23,4.18,4.18,4.18,4.18,400
2014-10-24,4.18,4.18,4.18,4.18,0
2014-10-27,4.18,4.18,4.18,4.18,0
2014-10-28,4.18,4.18,4.18,4.18,0
2014-10-29,4.18,4.18,4.18,4.18,0
2014-10-30,4.18,4.18,4.18,4.18,0
2014-10-31,4.27,4.27,4.27,4.27,300
2014-11-03,4.27,4.27,4.27,4.27,0
2014-11-04,3.92,3.92,3.92,3.92,100
2014-11-05,3.92,3.92,3.92,3.92,0
2014-11-06,3.92,3.92,3.92,3.92,0
2014-11-07,3.92,3.92,3.92,3.92,0
2014-11-10,3.92,3.92,3.92,3.92,0
2014-11-11,3.92,3.92,3.92,3.92,0
2014-11-12,3.92,3.92,3.92,3.92,0
2014-11-13,3.92,3.92,3.92,3.92,200
2014-11-14,3.92,3.92,3.92,3.92,0
2014-11-17,3.92,3.92,3.92,3.92,0
2014-11-18,3.92,3.92,3.92,3.92,0
2014-11-19,3.92,3.92,3.92,3.92,0
2014-11-20,3.92,3.92,3.92,3.92,0
2014-11-21,3.92,3.92,3.92,3.92,100
2014-11-24,3.92,3.92,3.92,3.92,1000
2014-11-25,3.92,3.92,3.92,3.92,0
2014-11-26,4.09,4.09,4.09,4.09,400
2014-11-27,4.0,4.0,4.0,4.0,400
2014-11-28,4.0,4.0,4.0,4.0,0
2014-12-01,4.0,4.0,4.0,4.0,0
2014-12-02,4.0,4.0,4.0,4.0,0
2014-12-03,4.0,4.0,4.0,4.0,0
2014-12-04,4.0,4.0,4.0,4.0,0
2014-12-05,4.0,4.0,4.0,4.0,0
2014-12-08,4.0,4.0,4.0,4.0,0
2014-12-09,4.0,4.0,4.0,4.0,0
2014-12-10,4.0,4.0,4.0,4.0,0
2014-12-11,4.0,4.0,4.0,4.0,0
2014-12-12,4.0,4.0,4.0,4.0,0
2014-12-15,4.0,4.0,4.0,4.0,0
2014-12-16,4.0,4.0,4.0,4.0,0
2014-12-17,4.0,4.0,4.0,4.0,0
2014-12-18,4.0,4.0,4.0,4.0,0
2014-12-19,4.0,4.0,4.0,4.0,0
2014-12-22,4.0,4.0,4.0,4.0,0
2014-12-23,4.0,4.0,4.0,4.0,0
2014-12-24,4.0,4.0,4.0,4.0,0
2014-12-25,4.0,4.0,4.0,4.0,0
2014-12-26,4.0,4.0,4.0,4.0,0
2014-12-29,4.0,4.0,4.0,4.0,0
2014-12-30,4.0,4.0,4.0,4.0,0
2014-12-31,4.0,4.0,4.0,4.0,0
2015-01-05,4.0,4.0,4.0,4.0,0
2015-01-06,4.0,4.0,4.0,4.0,200
2015-01-07,4.0,4.0,4.0,4.0,0
2015-01-08,4.0,4.0,4.0,4.0,0
2015-01-09,4.0,4.0,4.0,4.0,0
2015-01-12,4.0,4.0,4.0,4.0,0
2015-01-13,4.0,4.0,4.0,4.0,0
2015-01-14,4.0,4.0,4.0,4.0,0
2015-01-15,4.0,4.0,4.0,4.0,0
2015-01-16,4.0,4.0,4.0,4.0,0
2015-01-19,4.0,4.0,4.0,4.0,0
2015-01-20,4.0,4.0,4.0,4.0,0
2015-01-21,4.0,4.0,4.0,4.0,0
2015-01-22,4.0,4.0,4.0,4.0,0
2015-01-23,4.0,4.0,4.0,4.0,0
2015-01-26,4.0,4.0,4.0,4.0,0
2015-01-27,4.0,4.0,4.0,4.0,0
2015-01-28,4.0,4.0,4.0,4.0,0
2015-01-29,4.0,4.0,4.0,4.0,0
2015-01-30,4.0,4.0,4.0,4.0,0
2015-02-02,4.0,4.0,4.0,4.0,0
2015-02-03,4.0,4.0,4.0,4.0,0
2015-02-04,4.0,4.0,4.0,4.0,0
2015-02-05,4.0,4.0,4.0,4.0,0
2015-02-06,4.0,4.0,4.0,4.0,0
2015-02-09,4.0,4.0,4.0,4.0,0
2015-02-10,4.0,4.0,4.0,4.0,0
2015-02-11,4.0,4.0,4.0,4.0,0
2015-02-12,4.0,4.0,4.0,4.0,0
2015-02-13,4.0,4.0,4.0,4.0,0
2015-02-24,4.0,4.0,4.0,4.0,0
2015-02-25,4.0,4.0,4.0,4.0,0
2015-02-26,4.0,4.0,4.0,4.0,0
2015-02-27,4.0,4.0,4.0,4.0,0
2015-03-02,4.0,4.0,4.0,4.0,0
2015-03-03,4.0,4.0,4.0,4.0,100
2015-03-04,4.0,4.0,4.0,4.0,0
2015-03-05,4.0,4.0,4.0,4.0,0
2015-03-06,4.0,4.0,4.0,4.0,0
2015-03-09,4.0,4.0,4.0,4.0,0
2015-03-10,4.0,4.0,4.0,4.0,0
2015-03-11,4.0,4.0,4.0,4.0,0
2015-03-12,4.0,4.0,4.0,4.0,0
2015-03-13,4.0,4.0,4.0,4.0,0
2015-03-16,4.0,4.0,4.0,4.0,0
2015-03-17,4.0,4.0,4.0,4.0,0
2015-03-18,4.0,4.0,4.0,4.0,0
2015-03-19,4.0,4.0,4.0,4.0,0
2015-03-20,4.0,4.0,4.0,4.0,0
2015-03-23,4.0,4.0,4.0,4.0,0
2015-03-24,4.0,4.0,4.0,4.0,0
2015-03-25,4.0,4.0,4.0,4.0,0
2015-03-26,4.0,4.0,4.0,4.0,0
2015-03-27,4.0,4.0,4.0,4.0,0
2015-03-30,4.0,4.0,4.0,4.0,0
2015-03-31,4.0,4.0,4.0,4.0,0
2015-04-01,4.0,4.0,4.0,4.0,0
2015-04-02,4.0,4.0,4.0,4.0,0
2015-04-03,4.0,4.0,4.0,4.0,0
2015-04-06,4.0,4.0,4.0,4.0,0
2015-04-07,4.0,4.0,4.0,4.0,0
2015-04-08,4.0,4.0,4.0,4.0,0
2015-04-09,4.0,4.0,4.0,4.0,0
2015-04-10,4.0,4.0,4.0,4.0,0
2015-04-13,4.0,4.0,4.0,4.0,0
2015-04-14,4.0,4.0,4.0,4.0,0
2015-04-15,4.0,4.0,4.0,4.0,0
2015-04-16,4.0,4.0,4.0,4.0,0
2015-04-17,4.0,4.0,4.0,4.0,0
2015-04-20,4.0,4.0,4.0,4.0,0
2015-04-21,4.0,4.0,4.0,4.0,0
2015-04-22,4.0,4.0,4.0,4.0,0
2015-04-23,4.0,4.0,4.0,4.0,500
2015-04-24,4.0,4.0,4.0,4.0,0
2015-04-27,4.0,4.0,4.0,4.0,0
2015-05-04,4.0,4.0,4.0,4.0,0
2015-05-05,4.0,4.0,4.0,4.0,0
2015-05-06,4.0,4.0,4.0,4.0,0
2015-05-07,4.0,4.0,4.0,4.0,0
2015-05-08,4.0,4.0,4.0,4.0,0
2015-05-11,4.0,4.0,4.0,4.0,0
2015-05-12,4.0,4.0,4.0,4.0,0
2015-05-13,4.0,4.0,4.0,4.0,0
2015-05-14,4.0,4.0,4.0,4.0,0
2015-05-15,4.0,4.0,4.0,4.0,0
2015-05-18,4.0,4.0,4.0,4.0,0
2015-05-19,4.0,4.0,4.0,4.0,0
2015-05-20,4.0,4.0,4.0,4.0,0
2015-05-21,4.0,4.0,4.0,4.0,0
2015-05-22,4.0,4.0,4.0,4.0,0
2015-05-25,4.0,4.0,4.0,4.0,0
2015-05-26,4.0,4.0,4.0,4.0,0
2015-05-27,4.0,4.0,4.0,4.0,0
2015-05-28,4.0,4.0,4.0,4.0,0
2015-05-29,4.0,4.0,4.0,4.0,0
2015-06-01,4.0,4.0,4.0,4.0,0
2015-06-02,4.0,4.0,4.0,4.0,0
2015-06-03,4.0,4.0,4.0,4.0,0
2015-06-04,4.0,4.0,4.0,4.0,0
2015-06-05,4.0,4.0,4.0,4.0,0
2015-06-08,4.0,4.0,4.0,4.0,0
2015-06-09,4.0,4.0,4.0,4.0,0
2015-06-10,4.0,4.0,4.0,4.0,0
2015-06-11,4.0,4.0,4.0,4.0,0
2015-06-12,4.0,4.0,4.0,4.0,0
2015-06-15,4.0,4.0,4.0,4.0,0
2015-06-16,4.0,4.0,4.0,4.0,0
2015-06-17,4.0,4.0,4.0,4.0,0
2015-06-18,4.0,4.0,4.0,4.0,0
2015-06-19,4.0,4.0,4.0,4.0,0
2015-06-22,4.0,4.0,4.0,4.0,0
2015-06-23,4.0,4.0,4.0,4.0,0
2015-06-24,4.0,4.0,4.0,4.0,0
2015-06-25,4.0,4.0,4.0,4.0,0
2015-06-26,4.0,4.0,4.0,4.0,0
2015-06-29,4.0,4.0,4.0,4.0,0
2015-06-30,4.0,4.0,4.0,4.0,0
2015-07-01,4.0,4.0,4.0,4.0,0
2015-07-02,4.0,4.0,4.0,4.0,0
2015-07-03,4.0,4.0,4.0,4.0,0
2015-07-06,4.0,4.0,4.0,4.0,0
2015-07-07,4.0,4.0,4.0,4.0,0
2015-07-08,4.0,4.0,4.0,4.0,0
2015-07-09,4.0,4.0,4.0,4.0,0
2015-07-10,4.0,4.0,4.0,4.0,0
2015-07-13,4.0,4.0,4.0,4.0,0
2015-07-14,4.0,4.0,4.0,4.0,0
2015-07-15,4.0,4.0,4.0,4.0,0
2015-07-16,4.0,4.0,4.0,4.0,0
2015-07-17,4.0,4.0,4.0,4.0,0
2015-07-20,4.0,4.0,4.0,4.0,0
2015-07-21,4.0,4.0,4.0,4.0,0
2015-07-22,4.0,4.0,4.0,4.0,0
2015-07-23,4.0,4.0,4.0,4.0,0
2015-07-24,4.0,4.0,4.0,4.0,0
2015-07-27,4.0,4.0,4.0,4.0,0
2015-07-28,4.0,4.0,4.0,4.0,0
2015-07-29,4.0,4.0,4.0,4.0,0
2015-07-30,4.0,4.0,4.0,4.0,0
2015-07-31,4.0,4.0,4.0,4.0,0
2015-08-03,4.0,4.0,4.0,4.0,0
2015-08-04,4.0,4.0,4.0,4.0,0
2015-08-05,4.0,4.0,4.0,4.0,0
2015-08-06,4.0,4.0,4.0,4.0,0
2015-08-07,4.0,4.0,4.0,4.0,0
2015-08-10,4.0,4.0,4.0,4.0,0
2015-08-11,4.0,4.0,4.0,4.0,0
2015-08-12,4.0,4.0,4.0,4.0,0
2015-08-13,4.0,4.0,4.0,4.0,0
2015-08-14,4.0,4.0,4.0,4.0,0
2015-08-17,4.0,4.0,4.0,4.0,0
2015-08-18,4.0,4.0,4.0,4.0,0
2015-08-19,4.0,4.0,4.0,4.0,0
2015-08-20,4.0,4.0,4.0,4.0,0
2015-08-21,4.0,4.0,4.0,4.0,0
2015-08-24,4.0,4.0,4.0,4.0,0
2015-08-25,4.0,4.0,4.0,4.0,0
2015-08-26,4.0,4.0,4.0,4.0,0
2015-08-27,4.0,4.0,4.0,4.0,0
2015-08-28,4.0,4.0,4.0,4.0,0
2015-08-31,4.0,4.0,4.0,4.0,0
2015-09-01,4.0,4.0,4.0,4.0,0
2015-09-03,4.0,4.0,4.0,4.0,0
2015-09-04,4.0,4.0,4.0,4.0,0
2015-09-07,4.0,4.0,4.0,4.0,0
2015-09-08,4.0,4.0,4.0,4.0,0
2015-09-09,4.0,4.0,4.0,4.0,0
2015-09-10,4.0,4.0,4.0,4.0,0
2015-09-11,4.0,4.0,4.0,4.0,0
2015-09-14,4.0,4.0,4.0,4.0,0
2015-09-15,4.0,4.0,4.0,4.0,0
2015-09-16,4.0,4.0,4.0,4.0,0
2015-09-17,4.0,4.0,4.0,4.0,0
2015-09-18,4.0,4.0,4.0,4.0,0
2015-09-21,4.0,4.0,4.0,4.0,0
2015-09-22,4.0,4.0,4.0,4.0,0
2015-09-23,4.0,4.0,4.0,4.0,0
2015-09-24,4.0,4.0,4.0,4.0,0
2015-09-25,4.0,4.0,4.0,4.0,0
2015-09-28,4.0,4.0,4.0,4.0,0
2015-09-29,4.0,4.0,4.0,4.0,0
2015-09-30,4.09,4.09,4.09,4.09,100
2015-10-01,4.09,4.09,4.09,4.09,0
2015-10-02,4.09,4.09,4.09,4.09,0
2015-10-05,4.09,4.09,4.09,4.09,0
2015-10-06,4.09,4.09,4.09,4.09,0
2015-10-07,4.09,4.09,4.09,4.09,0
2015-10-08,4.09,4.09,4.09,4.09,0
2015-10-09,4.09,4.09,4.09,4.09,0
2015-10-12,4.09,4.09,4.09,4.09,0
2015-10-13,4.09,4.09,4.09,4.09,0
2015-10-14,4.09,4.09,4.09,4.09,0
2015-10-15,4.09,4.09,4.09,4.09,0
2015-10-16,4.09,4.09,4.09,4.09,0
2015-10-19,4.09,4.09,4.09,4.09,0
2015-10-20,4.09,4.09,4.09,4.09,0
2015-10-21,4.09,4.09,4.09,4.09,0
2015-10-22,4.09,4.09,4.09,4.09,0
2015-10-23,4.09,4.09,4.09,4.09,0
2015-10-26,4.09,4.09,4.09,4.09,0
2015-10-27,4.09,4.09,4.09,4.09,0
2015-10-28,4.09,4.09,4.09,4.09,0
2015-10-29,4.09,4.09,4.09,4.09,0
2015-10-30,3.74,3.74,3.74,3.74,100
2015-11-02,3.74,3.74,3.74,3.74,0
2015-11-03,3.74,3.74,3.74,3.74,0
2015-11-04,3.39,3.39,3.39,3.39,100
2015-11-05,3.39,3.39,3.39,3.39,0
2015-11-06,3.39,3.39,3.39,3.39,0
2015-11-09,3.39,3.39,3.39,3.39,0
2015-11-10,3.39,3.39,3.39,3.39,0
2015-11-11,3.66,3.66,3.66,3.66,100
2015-11-12,3.66,3.66,3.66,3.66,0
2015-11-13,3.66,3.66,3.66,3.66,0
2015-11-16,3.66,3.66,3.66,3.66,0
2015-11-17,3.66,3.66,3.66,3.66,0
2015-11-18,3.66,3.66,3.66,3.66,0
2015-11-19,3.66,3.66,3.66,3.66,0
2015-11-20,3.66,3.66,3.66,3.66,0
2015-11-23,3.66,3.66,3.66,3.66,0
2015-11-24,3.66,3.66,3.66,3.66,0
2015-11-25,3.66,3.66,3.66,3.66,0
2015-11-26,3.66,3.66,3.66,3.66,0
2015-11-27,3.66,3.66,3.66,3.66,0
2015-11-30,3.66,3.66,3.66,3.66,0
2015-12-01,3.66,3.66,3.66,3.66,0
2015-12-02,3.66,3.66,3.66,3.66,0
2015-12-03,3.66,3.66,3.66,3.66,0
2015-12-04,3.66,3.66,3.66,3.66,0
2015-12-07,3.66,3.66,3.66,3.66,0
2015-12-08,3.66,3.66,3.66,3.66,100
2015-12-09,3.66,3.66,3.66,3.66,0
2015-12-10,3.66,3.66,3.66,3.66,0
2015-12-11,3.66,3.66,3.66,3.66,0
2015-12-14,3.66,3.66,3.66,3.66,0
2015-12-15,3.66,3.66,3.66,3.66,0
2015-12-16,3.66,3.66,3.66,3.66,0
2015-12-17,3.66,3.66,3.66,3.66,0
2015-12-18,3.66,3.66,3.66,3.66,0
2015-12-21,3.66,3.66,3.66,3.66,0
2015-12-22,3.66,3.66,3.66,3.66,0
2015-12-23,3.66,3.66,3.66,3.66,0
2015-12-24,3.66,3.66,3.66,3.66,0
2015-12-25,3.66,3.66,3.66,3.66,0
2015-12-28,3.92,3.92,3.92,3.92,100
2015-12-29,3.92,3.92,3.92,3.92,0
2015-12-30,3.92,3.92,3.92,3.92,0
2015-12-31,3.92,3.92,3.92,3.92,0
2016-01-04,3.92,3.92,3.92,3.92,0
2016-01-05,3.92,3.92,3.92,3.92,0
2016-01-06,3.92,3.92,3.92,3.92,0
2016-01-07,3.92,3.92,3.92,3.92,0
2016-01-08,3.92,3.92,3.92,3.92,0
2016-01-11,3.92,3.92,3.92,3.92,0
2016-01-12,3.92,3.92,3.92,3.92,0
2016-01-13,3.92,3.92,3.92,3.92,0
2016-01-14,3.92,3.92,3.92,3.92,0
2016-01-15,3.92,3.92,3.92,3.92,0
2016-01-18,3.92,3.92,3.92,3.92,0
2016-01-19,3.92,3.92,3.92,3.92,0
2016-01-20,3.92,3.92,3.92,3.92,0
2016-01-21,3.92,3.92,3.92,3.92,0
2016-01-22,3.92,3.92,3.92,3.92,0
2016-01-25,3.92,3.92,3.92,3.92,0
2016-01-26,3.92,3.92,3.92,3.92,0
2016-01-27,3.92,3.92,3.92,3.92,0
2016-01-28,3.92,3.92,3.92,3.92,0
2016-01-29,3.57,3.57,3.57,3.57,100
2016-02-01,3.92,3.92,3.92,3.92,100
2016-02-02,3.92,3.92,3.92,3.92,0
2016-02-03,3.92,3.92,3.92,3.92,0
2016-02-04,3.92,3.92,3.92,3.92,0
2016-02-05,3.92,3.92,3.92,3.92,0
2016-02-15,3.92,3.92,3.92,3.92,0
2016-02-16,3.92,3.92,3.92,3.92,0
2016-02-17,3.92,3.92,3.92,3.92,0
2016-02-18,3.92,3.92,3.92,3.92,0
2016-02-19,3.92,3.92,3.92,3.92,0
2016-02-22,3.92,3.92,3.92,3.92,0
2016-02-23,3.92,3.92,3.92,3.92,0
2016-02-24,3.92,3.92,3.92,3.92,0
2016-02-25,3.92,3.92,3.92,3.92,0
2016-02-26,3.92,3.92,3.92,3.92,0
2016-02-29,3.92,3.92,3.92,3.92,100
2016-03-01,3.92,3.92,3.92,3.92,0
2016-03-02,3.92,3.92,3.92,3.92,0
2016-03-03,3.92,3.92,3.92,3.92,0
2016-03-04,3.92,3.92,3.92,3.92,0
2016-03-07,3.57,3.57,3.57,3.57,100
2016-03-08,3.57,3.57,3.57,3.57,0
2016-03-09,3.57,3.57,3.57,3.57,0
2016-03-10,3.57,3.57,3.57,3.57,0
2016-03-11,3.57,3.57,3.57,3.57,0
2016-03-14,3.57,3.57,3.57,3.57,0
2016-03-15,3.57,3.57,3.57,3.57,0
2016-03-16,3.57,3.57,3.57,3.57,0
2016-03-17,3.57,3.57,3.57,3.57,0
2016-03-18,3.57,3.57,3.57,3.57,0
2016-03-21,3.57,3.57,3.57,3.57,0
2016-03-22,3.57,3.57,3.57,3.57,0
2016-03-23,3.57,3.57,3.57,3.57,0
2016-03-24,3.57,3.57,3.57,3.57,0
2016-03-25,3.57,3.57,3.57,3.57,0
2016-03-28,3.57,3.57,3.57,3.57,0
2016-03-29,3.57,3.57,3.57,3.57,0
2016-03-30,3.57,3.57,3.57,3.57,0
2016-03-31,3.57,3.57,3.57,3.57,0
2016-04-01,3.57,3.57,3.57,3.57,0
2016-04-04,3.57,3.57,3.57,3.57,0
2016-04-05,3.57,3.57,3.57,3.57,0
2016-04-06,3.57,3.57,3.57,3.57,0
2016-04-07,3.57,3.57,3.57,3.57,0
2016-04-08,3.57,3.57,3.57,3.57,0
2016-04-11,3.57,3.57,3.57,3.57,0
2016-04-12,3.22,3.22,3.22,3.22,200
2016-04-13,3.22,3.22,3.22,3.22,0
2016-04-14,2.96,2.96,2.96,2.96,100
2016-04-15,2.96,2.96,2.96,2.96,0
2016-04-19,2.96,2.96,2.96,2.96,0
2016-04-20,2.96,2.96,2.96,2.96,0
2016-04-21,2.7,2.7,2.7,2.7,500
2016-04-22,2.44,2.44,2.44,2.44,100
2016-04-25,2.26,2.26,2.26,2.26,400
2016-04-26,2.09,2.26,2.09,2.26,3100
2016-04-27,2.09,2.09,2.09,2.09,1100
2016-04-28,1.92,1.92,1.92,1.92,600
2016-05-10,1.92,0.0,0.0,0.0,0
2016-05-11,2.52,2.52,2.52,2.52,100
2016-05-12,2.52,2.52,2.52,2.52,0
2016-05-13,2.52,2.52,2.52,2.52,0
2016-05-16,2.52,2.52,2.52,2.52,0
2016-05-17,2.18,2.18,2.18,2.18,900
2016-05-18,2.18,2.18,2.18,2.18,0
2016-05-19,2.18,2.18,2.18,2.18,0
2016-05-20,2.18,2.18,2.18,2.18,0
2016-05-23,2.18,2.18,2.18,2.18,0
2016-05-24,2.18,2.18,2.18,2.18,0
2016-05-25,2.18,2.18,2.18,2.18,0
2016-05-26,2.18,2.18,2.18,2.18,0
2016-05-27,2.18,2.18,2.18,2.18,0
2016-05-30,2.18,2.18,2.18,2.18,0
2016-05-31,2.18,2.18,2.18,2.18,0
2016-06-01,2.18,2.18,2.18,2.18,0
2016-06-02,2.18,2.18,2.18,2.18,0
2016-06-03,2.18,2.18,2.18,2.18,0
2016-06-06,2.18,2.18,2.18,2.18,0
2016-06-07,2.18,2.18,2.18,2.18,0
2016-06-08,2.18,2.18,2.18,2.18,0
2016-06-09,2.18,2.18,2.18,2.18,0
2016-06-10,2.18,2.18,2.18,2.18,0
2016-06-13,2.18,2.18,2.18,2.18,0
2016-06-14,2.18,2.18,2.18,2.18,0
2016-06-15,2.26,2.26,2.26,2.26,400
2016-06-16,2.35,2.52,2.35,2.52,1700
2016-06-17,2.44,2.44,2.44,2.44,9900
2016-06-20,2.44,2.44,2.44,2.44,1500
2016-06-21,2.52,2.52,2.44,2.44,500
2016-06-22,2.52,2.61,2.44,2.61,400
2016-06-23,2.61,2.61,2.61,2.61,100
2016-06-24,2.96,2.96,2.96,2.96,100
2016-06-27,2.96,2.96,2.96,2.96,0
2016-06-28,3.05,3.05,3.05,3.05,100
2016-06-29,3.05,3.05,3.05,3.05,0
2016-06-30,3.05,3.05,3.05,3.05,0
2016-07-01,3.05,3.05,3.05,3.05,0
2016-07-04,3.05,3.05,3.05,3.05,0
2016-07-05,3.13,3.13,3.13,3.13,100
2016-07-06,3.13,3.13,3.13,3.13,0
2016-07-07,3.13,3.13,3.13,3.13,0
2016-07-08,2.79,2.79,2.7,2.7,3600
2016-07-11,2.44,2.44,2.35,2.35,1400
2016-07-12,2.35,2.35,2.35,2.35,0
2016-07-13,2.61,2.61,2.61,2.61,1000
2016-07-14,2.61,2.61,2.61,2.61,0
2016-07-15,2.61,2.61,2.61,2.61,0
2016-07-18,2.61,2.61,2.61,2.61,0
2016-07-19,2.61,2.61,2.61,2.61,0
2016-07-20,2.61,2.61,2.61,2.61,1000
2016-07-21,2.61,2.61,2.61,2.61,0
2016-07-22,2.61,2.61,2.61,2.61,0
2016-07-25,2.61,2.61,2.61,2.61,1000
2016-07-26,2.61,2.61,2.61,2.61,0
2016-07-27,2.61,2.61,2.61,2.61,0
2016-07-28,2.61,2.61,2.61,2.61,0
2016-07-29,2.61,2.61,2.61,2.61,0
2016-08-01,2.61,2.61,2.61,2.61,0
2016-08-02,2.7,2.7,2.7,2.7,200
2016-08-03,2.79,2.79,2.79,2.79,1000
2016-08-04,2.79,2.79,2.79,2.79,0
2016-08-05,2.79,2.87,2.79,2.87,2100
2016-08-08,3.05,3.22,3.05,3.22,14000
2016-08-09,3.22,3.22,3.22,3.22,100
2016-08-10,3.22,3.22,3.22,3.22,5100
2016-08-11,3.22,3.22,3.22,3.22,0
2016-08-12,3.22,3.22,3.22,3.22,0
2016-08-15,3.22,3.31,3.22,3.31,27600
2016-08-16,3.31,3.31,3.31,3.31,0
2016-08-17,3.31,3.31,3.31,3.31,0
2016-08-18,3.31,3.31,3.31,3.31,900
2016-08-19,3.57,3.57,3.57,3.57,9400
2016-08-22,3.57,3.57,3.57,3.57,0
2016-08-23,3.57,3.57,3.57,3.57,800
2016-08-24,3.57,3.57,3.57,3.57,0
2016-08-25,3.57,3.57,3.57,3.57,0
2016-08-26,3.57,3.57,3.57,3.57,0
2016-08-29,3.57,3.57,3.57,3.57,0
2016-08-30,3.57,3.57,3.57,3.57,0
2016-08-31,3.57,3.57,3.57,3.57,0
2016-09-01,3.57,3.57,3.57,3.57,0
2016-09-05,3.57,3.57,3.57,3.57,0
2016-09-06,3.57,3.57,3.57,3.57,0
2016-09-07,3.57,3.57,3.57,3.57,0
2016-09-08,3.57,3.57,3.57,3.57,0
2016-09-09,3.57,3.57,3.57,3.57,0
2016-09-12,3.57,3.57,3.57,3.57,0
2016-09-13,3.57,3.57,3.57,3.57,0
2016-09-14,3.57,3.57,3.57,3.57,0
2016-09-15,3.57,3.57,3.57,3.57,0
2016-09-16,3.57,3.57,3.57,3.57,0
2016-09-19,3.57,3.57,3.57,3.57,0
2016-09-20,3.57,3.57,3.57,3.57,0
2016-09-21,3.57,3.57,3.57,3.57,0
2016-09-22,3.57,3.57,3.57,3.57,0
2016-09-23,3.57,3.57,3.57,3.57,0
2016-09-26,3.57,3.57,3.57,3.57,0
2016-09-27,3.57,3.57,3.57,3.57,0
2016-09-28,3.57,3.57,3.57,3.57,0
2016-09-29,3.57,3.57,3.57,3.57,0
2016-09-30,3.57,3.57,3.57,3.57,0
2016-10-03,3.57,3.57,3.57,3.57,0
2016-10-04,3.57,3.57,3.57,3.57,0
2016-10-05,3.57,3.57,3.57,3.57,0
2016-10-06,3.57,3.57,3.57,3.57,0
2016-10-07,3.57,3.57,3.57,3.57,0
2016-10-10,3.57,3.57,3.57,3.57,0
2016-10-11,3.57,3.57,3.57,3.57,0
2016-10-12,3.57,3.57,3.57,3.57,0
2016-10-13,3.57,3.57,3.57,3.57,0
2016-10-14,3.57,3.57,3.57,3.57,0
2016-10-17,3.57,3.57,3.57,3.57,0
2016-10-18,3.57,3.57,3.57,3.57,0
2016-10-19,3.57,3.57,3.57,3.57,0
2016-10-20,3.57,3.57,3.57,3.57,0
2016-10-21,3.57,3.57,3.57,3.57,0
2016-10-24,3.57,3.57,3.57,3.57,0
2016-10-25,3.57,3.57,3.57,3.57,0
2016-10-26,3.57,3.57,3.57,3.57,0
2016-10-27,3.57,3.57,3.57,3.57,0
2016-10-28,3.57,3.57,3.57,3.57,0
2016-10-31,3.57,3.57,3.57,3.57,0
2016-11-01,3.57,3.57,3.57,3.57,0
2016-11-02,3.57,3.57,3.57,3.57,0
2016-11-03,3.57,3.57,3.57,3.57,0
2016-11-04,3.57,3.57,3.57,3.57,0
2016-11-07,3.57,3.57,3.57,3.57,0
2016-11-08,3.57,3.57,3.57,3.57,0
2016-11-09,3.57,3.57,3.57,3.57,0
2016-11-10,3.57,3.57,3.57,3.57,0
2016-11-11,3.57,3.57,3.57,3.57,0
2016-11-14,3.57,3.57,3.57,3.57,0
2016-11-15,3.57,3.57,3.57,3.57,0
2016-11-16,3.57,3.57,3.57,3.57,0
2016-11-17,3.57,3.57,3.57,3.57,0
2016-11-18,3.57,3.57,3.57,3.57,0
2016-11-21,3.57,3.57,3.57,3.57,0
2016-11-22,3.57,3.57,3.57,3.57,0
2016-11-23,3.57,3.57,3.57,3.57,0
2016-11-24,3.57,3.57,3.57,3.57,0
2016-11-25,3.57,3.57,3.57,3.57,0
2016-11-28,3.57,3.57,3.57,3.57,0
2016-11-29,3.57,3.57,3.57,3.57,0
2016-11-30,3.57,3.57,3.57,3.57,0
2016-12-01,3.57,3.57,3.57,3.57,0
2016-12-02,3.57,3.57,3.57,3.57,0
2016-12-05,3.57,3.57,3.57,3.57,0
2016-12-06,3.57,3.57,3.57,3.57,0
2016-12-07,3.57,3.57,3.57,3.57,0
2016-12-08,3.57,3.57,3.57,3.57,0
2016-12-09,3.57,3.57,3.57,3.57,0
2016-12-12,3.57,3.57,3.57,3.57,0
2016-12-13,3.57,3.57,3.57,3.57,0
2016-12-14,3.57,3.57,3.57,3.57,0
2016-12-15,3.57,3.57,3.57,3.57,0
2016-12-16,3.57,3.57,3.57,3.57,0
2016-12-19,3.57,3.57,3.57,3.57,0
2016-12-20,3.57,3.57,3.57,3.57,0
2016-12-21,3.57,3.57,3.57,3.57,0
2016-12-22,3.57,3.57,3.57,3.57,0
2016-12-23,3.57,3.57,3.57,3.57,0
2016-12-26,3.57,3.57,3.57,3.57,0
2016-12-27,3.57,3.57,3.57,3.57,0
2016-12-28,3.57,3.57,3.57,3.57,0
2016-12-29,3.57,3.57,3.57,3.57,0
2016-12-30,3.57,3.57,3.57,3.57,0
2017-01-03,3.57,3.57,3.57,3.57,0
2017-01-04,3.57,3.57,3.57,3.57,0
2017-01-05,3.57,3.57,3.57,3.57,0
2017-01-06,3.57,3.57,3.57,3.57,0
2017-01-09,3.57,3.57,3.57,3.57,0
2017-01-10,3.57,3.57,3.57,3.57,0
2017-01-11,3.57,3.57,3.57,3.57,0
2017-01-12,3.57,3.57,3.57,3.57,0
2017-01-13,3.57,3.57,3.57,3.57,0
2017-01-16,3.57,3.57,3.57,3.57,0
2017-01-17,3.57,3.57,3.57,3.57,0
2017-01-18,3.57,3.57,3.57,3.57,0
2017-01-19,3.57,3.57,3.57,3.57,0
2017-01-20,3.57,3.57,3.57,3.57,0
2017-01-23,3.57,3.57,3.57,3.57,0
2017-01-24,3.57,3.57,3.57,3.57,0
2017-01-25,4.44,4.44,4.44,4.44,100
2017-02-02,4.44,4.44,4.44,4.44,0
2017-02-03,4.44,4.44,4.44,4.44,0
2017-02-06,4.44,4.44,4.44,4.44,0
2017-02-07,4.44,4.44,4.44,4.44,0
2017-02-08,4.44,4.44,4.44,4.44,0
2017-02-09,4.44,4.44,4.44,4.44,0
2017-02-10,4.44,4.44,4.44,4.44,0
2017-02-13,4.44,4.44,4.44,4.44,0
2017-02-14,4.44,4.44,4.44,4.44,0
2017-02-15,4.44,4.44,4.44,4.44,0
2017-02-16,4.44,4.44,4.44,4.44,0
2017-02-17,4.44,4.44,4.44,4.44,0
2017-02-20,4.44,4.44,4.44,4.44,0
2017-02-21,4.44,4.44,4.44,4.44,0
2017-02-22,4.44,4.44,4.44,4.44,0
2017-02-23,4.44,4.44,4.44,4.44,0
2017-02-24,4.44,4.44,4.44,4.44,0
2017-02-27,4.44,4.44,4.44,4.44,0
2017-02-28,4.44,4.44,4.44,4.44,0
2017-03-01,4.44,4.44,4.44,4.44,0
2017-03-02,4.44,4.44,4.44,4.44,0
2017-03-03,4.44,4.44,4.44,4.44,0
2017-03-06,4.44,4.44,4.44,4.44,0
2017-03-07,4.44,4.44,4.44,4.44,0
2017-03-08,4.44,4.44,4.44,4.44,0
2017-03-09,4.44,4.44,4.44,4.44,0
2017-03-10,4.44,4.44,4.44,4.44,0
2017-03-13,4.44,4.44,4.44,4.44,0
2017-03-14,4.44,4.44,4.44,4.44,0
2017-03-15,4.44,4.44,4.44,4.44,0
2017-03-16,4.44,4.44,4.44,4.44,0
2017-03-17,4.44,4.44,4.44,4.44,0
2017-03-20,4.44,4.44,4.44,4.44,0
2017-03-21,4.44,4.44,4.44,4.44,0
2017-03-22,4.44,4.44,4.44,4.44,0
2017-03-23,4.44,4.44,4.44,4.44,0
2017-03-24,4.44,4.44,4.44,4.44,0
2017-03-27,4.44,4.44,4.44,4.44,0
2017-03-28,4.44,4.44,4.44,4.44,0
2017-03-29,4.44,4.44,4.44,4.44,0
2017-03-30,4.44,4.44,4.44,4.44,0
2017-03-31,4.44,4.44,4.44,4.44,0
2017-04-03,4.44,4.44,4.44,4.44,0
2017-04-04,4.44,4.44,4.44,4.44,0
2017-04-05,4.44,4.44,4.44,4.44,0
2017-04-07,4.44,4.44,4.44,4.44,0
2017-04-10,4.44,4.44,4.44,4.44,0
2017-04-11,4.44,4.44,4.44,4.44,0
2017-04-12,4.44,4.44,4.44,4.44,0
2017-04-13,4.44,4.44,4.44,4.44,0
2017-04-14,4.44,4.44,4.44,4.44,0
2017-04-17,4.44,4.44,4.44,4.44,0
2017-04-18,4.44,4.44,4.44,4.44,0
2017-04-19,4.44,4.44,4.44,4.44,0
2017-04-20,4.44,4.44,4.44,4.44,0
2017-04-21,4.44,4.44,4.44,4.44,0
2017-04-24,4.44,4.44,4.44,4.44,0
2017-04-25,4.44,4.44,4.44,4.44,0
2017-04-26,4.44,4.44,4.44,4.44,0
2017-04-27,6.18,6.18,6.18,6.18,100
2017-04-28,7.05,7.05,7.05,7.05,100
2017-05-03,7.05,7.05,7.05,7.05,0
2017-05-04,7.05,7.05,7.05,7.05,300
2017-05-05,7.05,7.05,7.05,7.05,0
2017-05-08,7.05,7.05,7.05,7.05,0
2017-05-09,7.05,8.1,7.05,8.1,600
2017-05-10,8.53,8.53,8.53,8.53,100
2017-05-11,9.75,9.75,9.66,9.66,400
2017-05-12,11.14,11.14,8.36,8.36,200
2017-05-15,9.14,9.14,9.14,9.14,100
2017-05-16,10.45,10.45,10.45,10.45,200
2017-05-17,10.45,10.45,10.45,10.45,0
2017-05-18,10.45,10.45,10.45,10.45,0
2017-05-19,10.45,10.45,10.45,10.45,0
2017-05-22,10.45,10.45,10.45,10.45,0
2017-05-23,10.45,10.45,10.45,10.45,0
2017-05-24,10.45,10.45,10.45,10.45,100
2017-05-25,11.32,11.32,11.32,11.32,100
2017-05-26,11.32,11.32,11.32,11.32,0
2017-05-29,12.97,12.97,12.97,12.97,700
2017-05-30,12.97,12.97,12.97,12.97,0
2017-05-31,12.97,12.97,12.97,12.97,0
2017-06-01,14.54,14.54,14.54,14.54,100
2017-06-02,16.54,16.54,16.54,16.54,100
2017-06-05,17.15,17.15,17.15,17.15,100
2017-06-06,17.84,17.84,17.84,17.84,100
2017-06-07,17.84,17.84,17.84,17.84,0
2017-06-08,17.84,17.84,17.84,17.84,0
2017-06-09,17.84,17.84,17.84,17.84,0
2017-06-12,17.84,17.84,17.84,17.84,0
2017-06-13,17.84,17.84,17.84,17.84,0
2017-06-14,17.84,17.84,17.84,17.84,0
2017-06-15,17.84,17.84,17.84,17.84,0
2017-06-16,15.23,15.23,15.23,15.23,100
2017-06-19,15.23,15.23,15.23,15.23,0
2017-06-20,15.23,15.23,15.23,15.23,0
2017-06-21,15.23,15.23,15.23,15.23,0
2017-06-22,15.23,15.23,15.23,15.23,0
2017-06-23,15.23,15.23,15.23,15.23,0
2017-06-26,15.23,15.23,15.23,15.23,0
2017-06-27,15.23,15.23,15.23,15.23,0
2017-06-28,15.23,15.23,15.23,15.23,0
2017-06-29,15.23,15.23,15.23,15.23,0
2017-06-30,15.23,15.23,15.23,15.23,0
2017-07-03,15.23,15.23,15.23,15.23,0
2017-07-04,15.23,15.23,15.23,15.23,0
2017-07-05,15.23,15.23,15.23,15.23,0
2017-07-06,15.23,15.23,15.23,15.23,0
2017-07-07,15.23,15.23,15.23,15.23,0
2017-07-10,15.23,15.23,15.23,15.23,0
2017-07-11,15.23,15.23,15.23,15.23,0
2017-07-12,15.23,15.23,15.23,15.23,0
2017-07-13,15.23,15.23,15.23,15.23,0
2017-07-14,15.23,15.23,15.23,15.23,0
2017-07-17,15.23,15.23,15.23,15.23,0
2017-07-18,15.23,15.23,15.23,15.23,0
2017-07-19,15.23,15.23,15.23,15.23,0
2017-07-20,15.23,15.23,15.23,15.23,0
2017-07-21,15.23,15.23,15.23,15.23,0
2017-07-24,13.06,13.06,13.06,13.06,100
2017-07-25,11.14,11.14,11.14,11.14,100
2017-07-26,11.14,11.14,11.14,11.14,0
2017-07-27,11.14,11.14,11.14,11.14,0
2017-07-28,11.14,11.14,11.14,11.14,0
2017-07-31,11.14,11.14,11.14,11.14,0
2017-08-01,11.14,11.14,11.14,11.14,0
2017-08-02,11.14,11.14,11.14,11.14,0
2017-08-03,11.14,11.14,11.14,11.14,0
2017-08-04,11.14,11.14,11.14,11.14,0
2017-08-07,11.14,11.14,11.14,11.14,0
2017-08-08,11.14,11.14,11.14,11.14,0
2017-08-09,9.49,9.49,9.49,9.49,100
2017-08-10,8.1,8.1,8.1,8.1,200
2017-08-11,6.96,6.96,6.96,6.96,200
2017-08-14,5.92,5.92,5.92,5.92,100
2017-08-15,5.05,5.05,5.05,5.05,100
2017-08-16,4.35,4.35,4.35,4.35,100
2017-08-17,4.35,4.35,4.35,4.35,0
2017-08-18,4.35,4.35,4.35,4.35,0
2017-08-21,4.35,4.35,4.35,4.35,0
2017-08-22,4.35,4.35,4.35,4.35,0
2017-08-23,4.35,4.35,4.35,4.35,0
2017-08-24,4.35,4.35,4.35,4.35,0
2017-08-25,3.74,3.74,3.74,3.74,200
2017-08-28,3.74,3.74,3.74,3.74,0
2017-08-29,3.22,3.22,3.22,3.22,1200
2017-08-30,2.79,2.79,2.79,2.79,1800
2017-08-31,2.79,2.79,2.79,2.79,0
2017-09-01,3.13,3.13,3.13,3.13,100
2017-09-05,3.13,3.13,3.13,3.13,0
2017-09-06,3.13,3.13,3.13,3.13,0
2017-09-07,3.13,3.57,3.13,3.57,900
2017-09-08,3.66,3.66,3.66,3.66,600
2017-09-11,3.66,3.66,3.66,3.66,0
2017-09-12,3.66,3.66,3.66,3.66,0
2017-09-13,3.66,3.66,3.66,3.66,0
2017-09-14,3.48,3.48,3.48,3.48,500
2017-09-15,3.48,3.48,3.48,3.48,0
2017-09-18,3.48,3.48,3.48,3.48,0
2017-09-19,3.48,3.48,3.48,3.48,0
2017-09-20,2.96,2.96,2.96,2.96,400
2017-09-21,2.96,2.96,2.96,2.96,0
2017-09-22,2.96,2.96,2.96,2.96,0
2017-09-25,2.96,2.96,2.96,2.96,0
2017-09-26,2.96,2.96,2.96,2.96,0
2017-09-27,3.39,3.39,3.39,3.39,100
2017-09-28,3.83,3.83,3.83,3.83,100
2017-09-29,4.35,4.35,4.35,4.35,100
2017-10-02,4.35,4.35,4.35,4.35,0
2017-10-03,4.35,4.35,4.35,4.35,0
2017-10-04,4.35,4.35,4.35,4.35,0
2017-10-05,4.35,4.35,4.35,4.35,0
2017-10-06,4.35,4.35,4.35,4.35,0
2017-10-09,4.35,4.35,4.35,4.35,0
2017-10-10,4.35,4.35,4.35,4.35,0
2017-10-11,4.96,4.96,4.96,4.96,100
2017-10-12,4.96,4.96,4.35,4.35,200
2017-10-13,4.09,4.09,4.09,4.09,100
2017-10-16,3.48,3.48,3.48,3.48,100
2017-10-17,2.96,2.96,2.96,2.96,100
2017-10-18,2.96,2.96,2.96,2.96,0
2017-10-19,2.96,2.96,2.96,2.96,0
2017-10-20,2.96,2.96,2.96,2.96,0
2017-10-23,2.96,2.96,2.96,2.96,0
2017-10-24,2.96,2.96,2.96,2.96,0
2017-10-25,2.96,2.96,2.96,2.96,0
2017-10-26,2.96,2.96,2.96,2.96,0
2017-10-27,2.96,2.96,2.96,2.96,0
2017-10-30,2.96,2.96,2.96,2.96,100
2017-10-31,2.96,2.96,2.96,2.96,0
2017-11-01,2.96,2.96,2.96,2.96,0
2017-11-02,2.52,2.52,2.52,2.52,100
2017-11-03,2.18,2.18,2.18,2.18,100
2017-11-06,2.18,2.18,2.18,2.18,0
2017-11-07,1.92,1.92,1.92,1.92,100
2017-11-08,1.74,1.74,1.65,1.65,200
2017-11-09,1.74,1.74,1.74,1.74,0
2017-11-10,1.74,1.74,1.74,1.74,100
2017-11-13,1.92,1.92,1.92,1.92,1000
2017-11-14,1.92,1.92,1.92,1.92,0
2017-11-15,1.92,1.92,1.92,1.92,0
2017-11-16,1.92,1.92,1.92,1.92,1000
2017-11-17,1.92,1.92,1.92,1.92,3800
2017-11-20,1.92,1.92,1.92,1.92,0
2017-11-21,1.92,1.92,1.92,1.92,0
2017-11-22,1.92,1.92,1.92,1.92,0
2017-11-23,2.18,2.18,2.18,2.18,100
2017-11-24,2.18,2.18,2.18,2.18,0
2017-11-27,2.18,2.18,2.18,2.18,0
2017-11-28,2.18,2.18,2.18,2.18,0
2017-11-29,2.18,2.18,2.18,2.18,0
2017-11-30,2.18,2.18,2.18,2.18,0
2017-12-01,2.18,2.18,2.18,2.18,1100
2017-12-04,2.44,2.44,2.44,2.44,4300
2017-12-05,2.44,2.44,2.44,2.44,0
2017-12-06,2.09,2.18,2.09,2.18,1100
2017-12-07,2.09,2.18,2.09,2.09,300
2017-12-08,2.09,2.09,2.09,2.09,0
2017-12-11,2.09,2.09,2.09,2.09,0
2017-12-12,2.09,2.09,2.09,2.09,0
2017-12-13,2.18,2.18,2.18,2.18,1100
2017-12-14,2.18,2.18,2.18,2.18,0
2017-12-15,2.18,2.18,2.18,2.18,0
2017-12-18,2.18,2.18,2.18,2.18,0
2017-12-19,2.18,2.18,2.18,2.18,0
2017-12-20,2.18,2.18,2.18,2.18,0
2017-12-21,2.18,2.18,2.18,2.18,0
2017-12-22,2.18,2.18,2.18,2.18,0
2017-12-25,2.18,2.18,2.18,2.18,0
2017-12-26,2.44,2.44,2.44,2.44,2300
2017-12-27,2.44,2.44,2.44,2.44,0
2017-12-28,2.44,2.44,2.44,2.44,0
2017-12-29,2.44,2.44,2.44,2.44,0
2018-01-02,2.44,2.44,2.44,2.44,0
2018-01-03,2.44,2.44,2.44,2.44,0
2018-01-04,2.44,2.44,2.44,2.44,0
2018-01-05,2.09,2.09,2.09,2.09,100
2018-01-08,2.09,2.09,2.09,2.09,0
2018-01-09,2.09,2.09,2.09,2.09,0
2018-01-10,2.09,2.09,2.09,2.09,0
2018-01-11,2.09,2.09,2.09,2.09,0
2018-01-12,2.09,2.09,2.09,2.09,0
2018-01-15,2.18,2.18,2.18,2.18,300
2018-01-16,2.18,2.18,2.18,2.18,0
2018-01-17,2.18,2.18,2.18,2.18,0
2018-01-18,2.18,2.18,2.18,2.18,0
2018-01-19,2.18,2.18,2.18,2.18,0
2018-01-22,2.18,2.18,2.18,2.18,0
2018-01-23,2.18,2.18,2.18,2.18,0
2018-01-24,2.18,2.18,2.18,2.18,0
2018-01-25,2.18,2.18,2.18,2.18,200
2018-01-26,2.18,2.18,2.18,2.18,0
2018-01-29,2.18,2.18,2.18,2.18,0
2018-01-30,2.18,2.18,2.18,2.18,0
2018-01-31,2.18,2.18,2.18,2.18,0
2018-02-01,2.18,2.18,2.18,2.18,0
2018-02-02,2.18,2.18,2.18,2.18,0
2018-02-05,1.92,1.92,1.92,1.92,100
2018-02-06,1.65,1.65,1.65,1.65,100
2018-02-07,1.65,1.65,1.65,1.65,0
2018-02-08,1.65,1.65,1.65,1.65,0
2018-02-09,1.65,1.65,1.65,1.65,0
2018-02-12,1.83,1.83,1.83,1.83,2000
2018-02-13,1.83,1.83,1.83,1.83,0
2018-02-21,1.92,1.92,1.92,1.92,500
2018-02-22,1.92,1.92,1.92,1.92,0
2018-02-23,1.92,1.92,1.92,1.92,0
2018-02-26,1.92,1.92,1.92,1.92,0
2018-02-27,1.92,1.92,1.92,1.92,0
2018-02-28,1.92,1.92,1.92,1.92,0
2018-03-01,1.92,1.92,1.92,1.92,0
2018-03-02,1.92,1.92,1.92,1.92,0
2018-03-05,1.92,1.92,1.92,1.92,0
2018-03-06,1.92,1.92,1.92,1.92,0
2018-03-07,1.92,1.92,1.92,1.92,0
2018-03-08,1.92,1.92,1.92,1.92,0
2018-03-09,1.92,1.92,1.92,1.92,0
2018-03-12,1.92,1.92,1.92,1.92,0
2018-03-13,1.92,1.92,1.92,1.92,0
2018-03-14,1.92,1.92,1.92,1.92,0
2018-03-15,1.92,1.92,1.92,1.92,0
2018-03-16,1.92,1.92,1.92,1.92,0
2018-03-19,1.92,1.92,1.92,1.92,0
2018-03-20,1.92,1.92,1.92,1.92,0
2018-03-21,1.92,1.92,1.92,1.92,0
2018-03-22,1.92,1.92,1.92,1.92,0
2018-03-23,1.92,1.92,1.92,1.92,0
2018-03-26,1.92,1.92,1.92,1.92,0
2018-03-27,1.92,1.92,1.92,1.92,0
2018-03-28,1.92,1.92,1.92,1.92,0
2018-03-29,1.92,1.92,1.92,1.92,0
2018-03-30,1.92,1.92,1.92,1.92,0
2018-04-02,1.92,1.92,1.92,1.92,0
2018-04-03,1.92,1.92,1.92,1.92,0
2018-04-04,1.92,1.92,1.92,1.92,0
2018-04-05,1.92,1.92,1.92,1.92,0
2018-04-06,1.92,1.92,1.92,1.92,0
2018-04-09,1.92,1.92,1.92,1.92,0
2018-04-10,1.92,1.92,1.92,1.92,0
2018-04-11,1.92,1.92,1.92,1.92,0
2018-04-12,1.92,1.92,1.92,1.92,0
2018-04-13,1.92,1.92,1.92,1.92,0
2018-04-16,1.92,1.92,1.92,1.92,0
2018-04-17,1.92,1.92,1.92,1.92,0
2018-04-18,1.92,1.92,1.92,1.92,0
2018-04-19,1.92,1.92,1.92,1.92,0
2018-04-20,1.92,1.92,1.92,1.92,0
2018-04-23,1.92,1.92,1.92,1.92,0
2018-04-24,1.92,1.92,1.92,1.92,0
2018-04-26,1.92,1.92,1.92,1.92,0
2018-04-27,1.92,1.92,1.92,1.92,0
2018-05-02,1.92,1.92,1.92,1.92,0
2018-05-03,1.92,1.92,1.92,1.92,0
2018-05-04,1.92,1.92,1.92,1.92,0
2018-05-07,1.92,1.92,1.92,1.92,0
2018-05-08,1.92,1.92,1.92,1.92,0
2018-05-09,1.92,1.92,1.92,1.92,0
2018-05-10,1.92,1.92,1.92,1.92,0
2018-05-11,1.92,1.92,1.92,1.92,0
2018-05-14,1.92,1.92,1.92,1.92,0
2018-05-15,1.92,1.92,1.92,1.92,0
2018-05-16,1.92,1.92,1.92,1.92,0
2018-05-17,1.92,1.92,1.92,1.92,0
2018-05-18,1.83,1.83,1.83,1.83,500
2018-05-21,1.83,1.83,1.83,1.83,0
2018-05-22,1.83,1.83,1.83,1.83,0
2018-05-23,1.83,1.83,1.83,1.83,0
2018-05-24,1.83,1.83,1.83,1.83,0
2018-05-25,1.83,1.83,1.83,1.83,0
2018-05-28,1.83,1.83,1.83,1.83,0
2018-05-29,1.83,1.83,1.83,1.83,0
2018-05-30,1.83,1.83,1.83,1.83,0
2018-05-31,1.83,1.83,1.83,1.83,0
2018-06-01,1.83,1.83,1.83,1.83,0
2018-06-04,1.83,1.83,1.83,1.83,0
2018-06-05,1.83,1.83,1.83,1.83,0
2018-06-06,1.83,1.83,1.83,1.83,0
2018-06-07,1.83,1.83,1.83,1.83,0
2018-06-08,1.83,1.83,1.83,1.83,0
2018-06-11,1.83,1.83,1.83,1.83,0
2018-06-12,1.83,1.83,1.83,1.83,0
2018-06-13,1.83,1.83,1.83,1.83,0
2018-06-14,1.83,1.83,1.83,1.83,0
2018-06-15,1.83,1.83,1.83,1.83,0
2018-06-18,1.83,1.83,1.83,1.83,0
2018-06-19,1.83,1.83,1.83,1.83,0
2018-06-20,1.83,1.83,1.83,1.83,0
2018-06-21,1.83,1.83,1.83,1.83,0
2018-06-22,1.83,1.83,1.83,1.83,0
2018-06-25,1.83,1.83,1.83,1.83,0
2018-06-26,1.83,1.83,1.83,1.83,0
2018-06-27,1.83,1.83,1.83,1.83,0
2018-06-28,1.83,1.83,1.83,1.83,0
2018-06-29,1.83,1.83,1.83,1.83,0
2018-07-02,1.83,1.83,1.83,1.83,0
2018-07-03,1.83,1.83,1.83,1.83,0
2018-07-04,1.83,1.83,1.83,1.83,0
2018-07-05,1.83,1.83,1.83,1.83,0
2018-07-06,2.44,2.44,2.44,2.44,1000
2018-07-09,2.44,2.44,2.44,2.44,0
2018-07-10,2.44,2.44,2.44,2.44,0
2018-07-11,2.44,2.44,2.44,2.44,0
2018-07-12,2.44,2.44,2.44,2.44,0
2018-07-13,2.44,2.44,2.44,2.44,0
2018-07-16,2.44,2.44,2.44,2.44,0
2018-07-17,2.44,2.44,2.44,2.44,0
2018-07-18,2.44,2.44,2.44,2.44,0
2018-07-19,2.44,2.44,2.44,2.44,0
2018-07-20,2.44,2.44,2.44,2.44,0
2018-07-23,2.44,2.44,2.44,2.44,0
2018-07-24,2.44,2.44,2.44,2.44,0
2018-07-25,2.44,2.44,2.44,2.44,0
2018-07-26,2.44,2.44,2.44,2.44,0
2018-07-27,2.44,2.44,2.44,2.44,0
2018-07-30,2.44,2.44,2.44,2.44,0
2018-07-31,2.44,2.44,2.44,2.44,0
2018-08-01,2.09,2.09,2.09,2.09,400
2018-08-02,2.09,2.09,2.09,2.09,0
2018-08-03,2.09,2.09,2.09,2.09,0
2018-08-06,2.26,2.26,2.26,2.26,100
2018-08-07,2.26,2.26,2.26,2.26,0
2018-08-08,2.26,2.26,2.26,2.26,0
2018-08-09,2.26,2.26,2.26,2.26,0
2018-08-10,2.26,2.26,2.26,2.26,0
2018-08-13,2.26,2.26,2.26,2.26,0
2018-08-14,2.52,2.52,2.52,2.52,100
2018-08-15,2.52,2.52,2.52,2.52,0
2018-08-16,2.87,2.87,2.87,2.87,100
2018-08-17,2.87,2.87,2.87,2.87,0
2018-08-20,2.87,2.87,2.87,2.87,0
2018-08-21,3.13,3.13,3.13,3.13,100
2018-08-22,3.48,3.48,3.48,3.48,100
2018-08-23,3.48,3.48,3.48,3.48,0
2018-08-24,4.0,4.0,4.0,4.0,100
2018-08-27,4.44,4.44,4.44,4.44,100
2018-08-28,4.44,4.44,4.44,4.44,0
2018-08-29,4.96,4.96,4.96,4.96,100
2018-08-30,4.96,4.96,4.96,4.96,0
2018-08-31,5.48,5.48,5.48,5.48,500
2018-09-04,5.48,5.48,5.48,5.48,0
2018-09-05,5.48,5.48,5.48,5.48,0
2018-09-06,5.48,5.48,5.48,5.48,0
2018-09-07,5.48,5.48,5.48,5.48,0
2018-09-10,5.48,5.48,5.48,5.48,0
2018-09-11,5.48,5.48,5.48,5.48,0
2018-09-12,5.48,5.48,5.48,5.48,0
2018-09-13,5.48,5.48,5.48,5.48,0
2018-09-14,5.48,5.48,5.48,5.48,0
2018-09-17,5.48,5.48,5.48,5.48,0
2018-09-18,4.7,4.7,4.7,4.7,1000
2018-09-19,4.7,4.7,4.7,4.7,0
2018-09-20,4.7,4.7,4.7,4.7,0
2018-09-21,4.7,4.7,4.7,4.7,0
2018-09-24,4.7,4.7,4.7,4.7,0
2018-09-25,4.7,4.7,4.7,4.7,0
2018-09-26,4.7,4.7,4.7,4.7,0
2018-09-27,4.7,4.7,4.7,4.7,0
2018-09-28,4.7,4.7,4.7,4.7,0
2018-10-01,4.7,4.7,4.7,4.7,0
2018-10-02,4.7,4.7,4.7,4.7,0
2018-10-03,4.7,4.7,4.7,4.7,0
2018-10-04,4.7,4.7,4.7,4.7,0
2018-10-05,4.7,4.7,4.7,4.7,0
2018-10-08,4.7,4.7,4.7,4.7,0
2018-10-09,4.7,4.7,4.7,4.7,0
2018-10-10,4.7,4.7,4.7,4.7,0
2018-10-11,4.7,4.7,4.7,4.7,0
2018-10-12,4.7,4.7,4.7,4.7,0
2018-10-15,4.7,4.7,4.7,4.7,0
2018-10-16,4.7,4.7,4.7,4.7,0
2018-10-17,4.7,4.7,4.7,4.7,0
2018-10-18,4.7,4.7,4.7,4.7,0
2018-10-19,5.4,5.4,5.4,5.4,1500
2018-10-22,5.4,5.4,5.4,5.4,0
2018-10-23,5.4,5.4,5.4,5.4,0
2018-10-24,5.4,5.4,5.4,5.4,0
2018-10-25,5.4,5.4,5.4,5.4,0
2018-10-26,5.4,5.4,5.4,5.4,0
2018-10-29,5.4,5.4,5.4,5.4,0
2018-10-30,5.4,5.4,5.4,5.4,0
2018-10-31,5.4,5.4,5.4,5.4,0
2018-11-01,5.4,5.4,5.4,5.4,0
2018-11-02,5.4,5.4,5.4,5.4,0
2018-11-05,5.4,5.4,5.4,5.4,0
2018-11-06,5.4,5.4,5.4,5.4,0
2018-11-07,5.4,5.4,5.4,5.4,0
2018-11-08,5.4,5.4,5.4,5.4,0
2018-11-09,5.4,5.4,5.4,5.4,0
2018-11-12,5.4,5.4,5.4,5.4,0
2018-11-13,5.4,5.4,5.4,5.4,0
2018-11-14,5.4,5.4,5.4,5.4,0
2018-11-15,5.4,5.4,5.4,5.4,0
2018-11-16,5.4,5.4,5.4,5.4,0
2018-11-19,5.4,5.4,5.4,5.4,0
2018-11-20,5.4,5.4,5.4,5.4,0
2018-11-21,5.4,5.4,5.4,5.4,0
2018-11-22,5.4,5.4,5.4,5.4,0
2018-11-23,6.18,6.18,6.18,6.18,100
2018-11-26,6.96,6.96,5.31,5.31,400
2018-11-27,5.75,5.31,5.31,5.31,0
2018-11-28,5.75,5.31,5.31,5.31,0
2018-11-29,6.53,6.53,4.96,4.96,200
2018-11-30,5.75,4.96,4.96,4.96,0
2018-12-03,5.75,4.96,4.96,4.96,0
2018-12-04,5.75,4.96,4.96,4.96,0
2018-12-05,5.75,4.96,4.96,4.96,0
2018-12-06,5.75,4.96,4.96,4.96,0
2018-12-07,5.75,4.96,4.96,4.96,0
2018-12-10,5.75,4.96,4.96,4.96,0
2018-12-11,5.75,4.96,4.96,4.96,0
2018-12-12,5.75,4.96,4.96,4.96,0
2018-12-13,5.75,4.96,4.96,4.96,0
2018-12-14,5.75,5.75,5.75,5.75,0
2018-12-17,5.75,4.96,4.96,4.96,0
2018-12-18,5.75,4.96,4.96,4.96,0
2018-12-19,5.75,4.96,4.96,4.96,0
2018-12-20,5.75,4.96,4.96,4.96,0
2018-12-21,5.75,4.96,4.96,4.96,0
2018-12-24,5.75,4.96,4.96,4.96,0
2018-12-25,5.75,4.96,4.96,4.96,0
2018-12-26,5.75,5.75,5.75,5.75,0
2018-12-27,5.75,4.96,4.96,4.96,0
2018-12-28,5.75,4.96,4.96,4.96,0
2019-01-02,5.75,4.96,4.96,4.96,0
2019-01-03,5.75,4.96,4.96,4.96,0
2019-01-04,5.75,4.96,4.96,4.96,0
2019-01-07,5.75,4.96,4.96,4.96,0
2019-01-08,5.75,4.96,4.96,4.96,0
2019-01-09,5.75,4.96,4.96,4.96,0
2019-01-10,5.75,4.96,4.96,4.96,0
2019-01-11,5.75,4.96,4.96,4.96,0
2019-01-14,5.75,4.96,4.96,4.96,0
2019-01-15,5.75,4.96,4.96,4.96,0
2019-01-16,5.75,4.96,4.96,4.96,0
2019-01-17,5.75,4.96,4.96,4.96,0
2019-01-18,5.75,4.96,4.96,4.96,0
2019-01-21,5.75,4.96,4.96,4.96,0
2019-01-22,5.75,4.96,4.96,4.96,0
2019-01-23,5.75,4.96,4.96,4.96,0
2019-01-24,5.75,4.96,4.96,4.96,0
2019-01-25,5.75,4.96,4.96,4.96,0
2019-01-28,5.75,4.96,4.96,4.96,0
2019-01-29,5.75,4.96,4.96,4.96,0
2019-01-30,3.48,3.48,3.48,3.48,100
2019-01-31,3.48,3.48,3.48,3.48,0
2019-02-01,3.48,3.48,3.48,3.48,0
2019-02-11,3.48,3.48,3.48,3.48,0
2019-02-12,2.96,2.96,2.96,2.96,100
2019-02-13,2.96,2.96,2.96,2.96,0
2019-02-14,2.96,2.96,2.96,2.96,0
2019-02-15,2.96,2.96,2.96,2.96,0
2019-02-18,2.96,2.96,2.96,2.96,0
2019-02-19,2.96,2.96,2.96,2.96,0
2019-02-20,2.96,2.96,2.96,2.96,0
2019-02-21,2.52,2.52,2.52,2.52,100
2019-02-22,2.52,2.52,2.52,2.52,0
2019-02-25,2.18,2.18,2.18,2.18,100
2019-02-26,2.18,2.18,2.18,2.18,0
2019-02-27,1.92,1.92,1.92,1.92,100
2019-02-28,1.92,1.92,1.92,1.92,0
2019-03-01,1.83,2.18,1.83,2.18,600
2019-03-04,1.74,1.74,1.74,1.74,100
2019-03-05,1.74,1.74,1.74,1.74,0
2019-03-06,1.92,1.92,1.48,1.48,600
2019-03-07,1.48,1.74,1.48,1.74,7400
2019-03-08,1.48,1.74,1.74,1.74,0
2019-03-11,1.48,1.48,1.48,1.48,300
2019-03-12,1.48,1.48,1.48,1.48,0
2019-03-13,1.48,1.48,1.48,1.48,0
2019-03-14,1.48,1.48,1.48,1.48,0
2019-03-15,1.48,1.48,1.48,1.48,0
2019-03-18,1.48,1.48,1.48,1.48,0
2019-03-19,1.48,1.48,1.48,1.48,0
2019-03-20,1.48,1.48,1.48,1.48,0
2019-03-21,1.48,1.48,1.48,1.48,0
2019-03-22,1.48,1.48,1.48,1.48,0
2019-03-25,1.48,1.48,1.48,1.48,0
2019-03-26,1.48,1.48,1.48,1.48,0
2019-03-27,1.48,1.48,1.48,1.48,0
2019-03-28,1.48,1.48,1.48,1.48,0
2019-03-29,1.48,1.48,1.48,1.48,0
2019-04-01,1.48,1.48,1.48,1.48,0
2019-04-02,1.48,1.48,1.48,1.48,0
2019-04-03,1.48,1.48,1.48,1.48,0
2019-04-04,1.48,1.48,1.48,1.48,0
2019-04-05,1.39,1.39,1.39,1.39,500
2019-04-08,1.39,1.39,1.39,1.39,0
2019-04-09,1.31,1.31,1.31,1.31,6600
2019-04-10,1.31,1.48,1.31,1.48,700
2019-04-11,1.48,1.48,1.48,1.48,700
2019-04-12,1.57,1.65,1.57,1.65,1200
2019-04-16,1.83,1.83,1.83,1.83,100
2019-04-17,2.09,2.09,2.09,2.09,1500
2019-04-18,2.35,2.35,2.35,2.35,3500
2019-04-19,2.7,2.7,2.7,2.7,2600
2019-04-22,3.05,3.05,3.05,3.05,100
2019-04-23,3.48,3.48,3.48,3.48,100
2019-04-24,4.0,4.0,4.0,4.0,1100
2019-04-25,4.53,4.53,4.53,4.53,1500
2019-04-26,5.14,5.14,5.14,5.14,1100
2019-05-02,5.83,5.83,4.44,4.44,8100
2019-05-03,5.22,4.44,4.44,4.44,0
2019-05-06,4.44,5.92,4.44,5.92,700
2019-05-07,5.22,5.22,5.22,5.22,1200
2019-05-08,6.01,6.01,6.01,6.01,100
2019-05-09,6.01,6.01,6.01,6.01,0
2019-05-10,6.01,6.01,6.01,6.01,0
2019-05-13,6.01,6.01,6.01,6.01,0
2019-05-14,6.01,6.01,6.01,6.01,0
2019-05-15,6.01,6.01,6.01,6.01,0
2019-05-16,6.01,6.01,6.01,6.01,0
2019-05-17,6.53,6.53,5.14,5.14,800
2019-05-20,6.01,6.01,4.53,4.53,600
2019-05-21,4.09,5.22,4.09,5.22,8400
2019-05-22,5.48,5.48,4.35,5.48,600
2019-05-23,5.4,5.4,5.4,5.4,100
2019-05-24,6.01,6.01,6.01,6.01,100
2019-05-27,6.01,6.01,6.01,6.01,0
2019-05-28,6.01,6.01,6.01,6.01,0
2019-05-29,6.01,6.01,6.01,6.01,0
2019-05-30,6.01,6.01,6.01,6.01,0
2019-05-31,6.01,6.01,6.01,6.01,0
2019-06-03,6.01,6.62,6.01,6.62,300
2019-06-04,6.79,6.79,5.31,5.31,400
2019-06-05,5.83,5.31,5.31,5.31,0
2019-06-06,5.83,5.31,5.31,5.31,0
2019-06-07,5.83,5.31,5.31,5.31,0
2019-06-10,5.83,5.31,5.31,5.31,0
2019-06-11,5.83,5.31,5.31,5.31,0
2019-06-12,5.83,5.31,5.31,5.31,0
2019-06-13,5.83,5.31,5.31,5.31,0
2019-06-14,5.83,5.31,5.31,5.31,0
2019-06-17,5.83,5.31,5.31,5.31,0
2019-06-18,5.83,5.31,5.31,5.31,0
2019-06-19,5.83,5.31,5.31,5.31,0
2019-06-20,5.83,5.83,5.83,5.83,0
2019-06-21,5.83,5.83,5.83,5.83,0
2019-06-24,5.83,5.31,5.31,5.31,0
2019-06-25,5.83,5.31,5.31,5.31,0
2019-06-26,5.83,5.31,5.31,5.31,0
2019-06-27,5.83,5.31,5.31,5.31,0
2019-06-28,5.83,5.31,5.31,5.31,0
2019-07-01,6.7,6.7,4.96,4.96,1000
2019-07-02,7.05,7.05,7.05,7.05,100
2019-07-03,6.96,8.1,6.96,8.1,200
2019-07-04,7.57,7.57,7.57,7.57,0
2019-07-05,7.57,8.1,8.1,8.1,0
2019-07-08,8.18,8.18,8.18,8.18,300
2019-07-09,8.36,8.36,8.36,8.36,100
2019-07-10,8.36,8.36,8.36,8.36,0
2019-07-11,8.62,8.62,8.62,8.62,100
2019-07-12,8.62,8.62,8.62,8.62,0
2019-07-15,8.88,8.88,8.88,8.88,100
2019-07-16,8.88,8.88,8.88,8.88,0
2019-07-17,8.97,8.97,8.97,8.97,100
2019-07-18,9.05,9.05,9.05,9.05,100
2019-07-19,9.05,9.05,9.05,9.05,0
2019-07-22,9.05,9.05,9.05,9.05,0
2019-07-23,9.05,9.05,9.05,9.05,0
2019-07-24,9.05,9.05,9.05,9.05,0
2019-07-25,9.05,9.05,9.05,9.05,0
2019-07-26,9.05,9.05,9.05,9.05,0
2019-07-29,9.05,9.05,9.05,9.05,0
2019-07-30,9.05,9.05,9.05,9.05,0
2019-07-31,9.05,9.05,9.05,9.05,0
2019-08-01,9.05,9.05,9.05,9.05,0
2019-08-02,9.05,9.05,9.05,9.05,0
2019-08-05,9.05,9.05,9.05,9.05,0
2019-08-06,9.05,9.05,9.05,9.05,0
2019-08-07,9.05,9.05,9.05,9.05,0
2019-08-08,9.05,9.05,9.05,9.05,0
2019-08-09,10.27,10.27,10.27,10.27,100
2019-08-12,11.58,11.58,11.58,11.58,100
2019-08-13,11.58,11.58,11.58,11.58,0
2019-08-14,11.58,11.58,11.58,11.58,0
2019-08-15,11.58,11.58,11.58,11.58,0
2019-08-16,11.58,11.58,11.58,11.58,0
2019-08-19,11.58,11.58,11.58,11.58,0
2019-08-20,11.58,11.58,11.58,11.58,0
2019-08-21,11.58,11.58,11.58,11.58,0
2019-08-22,11.58,11.58,11.58,11.58,0
2019-08-23,11.58,11.58,11.58,11.58,0
2019-08-26,11.58,11.58,11.58,11.58,0
2019-08-27,11.58,11.58,11.58,11.58,0
2019-08-28,11.58,11.58,11.58,11.58,0
2019-08-29,11.58,11.58,11.58,11.58,0
2019-08-30,11.58,11.58,11.58,11.58,0
2019-09-03,11.58,11.58,11.58,11.58,0
2019-09-04,11.58,11.58,11.58,11.58,0
2019-09-05,11.58,11.58,11.58,11.58,0
2019-09-06,11.58,11.58,11.58,11.58,0
2019-09-09,11.58,11.58,11.58,11.58,0
2019-09-10,11.58,11.58,11.58,11.58,0
2019-09-11,11.58,11.58,11.58,11.58,0
2019-09-12,11.58,11.58,11.58,11.58,0
2019-09-13,11.58,11.58,11.58,11.58,0
2019-09-16,11.58,11.58,11.58,11.58,0
2019-09-17,11.58,11.58,11.58,11.58,0
2019-09-18,11.58,11.58,11.58,11.58,0
2019-09-19,11.58,11.58,11.58,11.58,0
2019-09-20,11.58,11.58,11.58,11.58,0
2019-09-23,11.58,11.58,11.58,11.58,0
2019-09-24,11.58,11.58,11.58,11.58,0
2019-09-25,11.58,11.58,11.58,11.58,0
2019-09-26,11.58,11.58,11.58,11.58,0
2019-09-27,11.58,11.58,11.58,11.58,0
2019-09-30,11.58,11.58,11.58,11.58,0
2019-10-01,11.58,11.58,11.58,11.58,0
2019-10-02,11.58,11.58,11.58,11.58,0
2019-10-03,11.58,11.58,11.58,11.58,0
2019-10-04,11.58,11.58,11.58,11.58,0
2019-10-07,11.58,11.58,11.58,11.58,0
2019-10-08,11.58,11.58,11.58,11.58,0
2019-10-09,11.58,11.58,11.58,11.58,0
2019-10-10,11.58,11.58,11.58,11.58,0
2019-10-11,11.58,11.58,11.58,11.58,0
2019-10-14,11.58,11.58,11.58,11.58,0
2019-10-15,11.58,11.58,11.58,11.58,0
2019-10-16,11.58,11.58,11.58,11.58,0
2019-10-17,11.58,11.58,11.58,11.58,0
2019-10-18,11.58,11.58,11.58,11.58,0
2019-10-21,11.58,11.58,11.58,11.58,0
2019-10-22,11.58,11.58,11.58,11.58,0
2019-10-23,11.58,11.58,11.58,11.58,0
2019-10-24,11.58,11.58,11.58,11.58,0
2019-10-25,11.58,11.58,11.58,11.58,0
2019-10-28,11.58,11.58,11.58,11.58,0
2019-10-29,11.58,11.58,11.58,11.58,0
2019-10-30,11.58,11.58,11.58,11.58,0
2019-10-31,11.58,11.58,11.58,11.58,0
2019-11-01,11.58,11.58,11.58,11.58,0
2019-11-04,11.58,11.58,11.58,11.58,0
2019-11-05,11.58,11.58,11.58,11.58,0
2019-11-06,11.58,11.58,11.58,11.58,0
2019-11-07,11.58,11.58,11.58,11.58,0
2019-11-08,11.58,11.58,11.58,11.58,0
2019-11-11,11.58,11.58,11.58,11.58,0
2019-11-12,11.58,11.58,11.58,11.58,0
2019-11-13,11.58,11.58,11.58,11.58,0
2019-11-14,11.58,11.58,11.58,11.58,0
2019-11-15,11.58,11.58,11.58,11.58,0
2019-11-18,11.58,11.58,11.58,11.58,0
2019-11-19,11.58,11.58,11.58,11.58,0
2019-11-20,11.58,11.58,11.58,11.58,0
2019-11-21,11.58,11.58,11.58,11.58,0
2019-11-22,11.58,11.58,11.58,11.58,0
2019-11-25,11.58,11.58,11.58,11.58,0
2019-11-26,11.58,11.58,11.58,11.58,0
2019-11-27,11.58,11.58,11.58,11.58,0
2019-11-28,11.58,11.58,11.58,11.58,0
2019-11-29,11.58,11.58,11.58,11.58,0
2019-12-02,11.58,11.58,11.58,11.58,0
2019-12-03,11.58,11.58,11.58,11.58,0
2019-12-04,11.58,11.58,11.58,11.58,0
2019-12-05,11.58,11.58,11.58,11.58,0
2019-12-06,11.58,11.58,11.58,11.58,0
2019-12-09,11.58,11.58,11.58,11.58,0
2019-12-10,11.58,11.58,11.58,11.58,0
2019-12-11,11.58,11.58,11.58,11.58,0
2019-12-12,11.58,11.58,11.58,11.58,0
2019-12-13,11.58,11.58,11.58,11.58,0
2019-12-16,11.58,11.58,11.58,11.58,0
2019-12-17,11.58,11.58,11.58,11.58,0
2019-12-18,11.58,11.58,11.58,11.58,0
2019-12-19,11.58,11.58,11.58,11.58,0
2019-12-20,11.58,11.58,11.58,11.58,0
2019-12-23,11.58,11.58,11.58,11.58,0
2019-12-24,11.58,11.58,11.58,11.58,0
2019-12-25,11.58,11.58,11.58,11.58,0
2019-12-26,11.58,11.58,11.58,11.58,0
2019-12-27,11.58,11.58,11.58,11.58,0
2019-12-30,11.58,11.58,11.58,11.58,0
2019-12-31,11.58,11.58,11.58,11.58,0
2020-01-02,11.58,11.58,11.58,11.58,0
2020-01-03,11.58,11.58,11.58,11.58,0
2020-01-06,11.58,11.58,11.58,11.58,0
2020-01-07,11.58,11.58,11.58,11.58,0
2020-01-08,11.58,11.58,11.58,11.58,0
2020-01-09,11.58,11.58,11.58,11.58,0
2020-01-10,11.58,11.58,11.58,11.58,0
2020-01-13,11.58,11.58,11.58,11.58,0
2020-01-14,11.58,11.58,11.58,11.58,0
2020-01-15,11.58,11.58,11.58,11.58,0
2020-01-16,11.58,11.58,11.58,11.58,0
2020-01-17,11.58,11.58,11.58,11.58,0
2020-01-20,11.58,11.58,11.58,11.58,0
2020-01-21,11.58,11.58,11.58,11.58,0
2020-01-22,11.58,11.58,11.58,11.58,0
2020-01-30,11.58,11.58,11.58,11.58,0
2020-01-31,11.58,11.58,11.58,11.58,0
2020-02-03,11.58,11.58,11.58,11.58,0
2020-02-04,11.58,11.58,11.58,11.58,0
2020-02-05,11.58,11.58,11.58,11.58,0
2020-02-06,11.58,11.58,11.58,11.58,0
2020-02-07,11.58,11.58,11.58,11.58,0
2020-02-10,11.58,11.58,11.58,11.58,0
2020-02-11,11.58,11.58,11.58,11.58,0
2020-02-12,11.58,11.58,11.58,11.58,0
2020-02-13,11.58,11.58,11.58,11.58,0
2020-02-14,11.58,11.58,11.58,11.58,0
2020-02-17,11.58,11.58,11.58,11.58,0
2020-02-18,11.58,11.58,11.58,11.58,0
2020-02-19,11.58,11.58,11.58,11.58,0
2020-02-20,11.58,11.58,11.58,11.58,0
2020-02-21,11.58,11.58,11.58,11.58,0
2020-02-24,11.58,11.58,11.58,11.58,0
2020-02-25,11.58,11.58,11.58,11.58,0
2020-02-26,11.58,11.58,11.58,11.58,0
2020-02-27,11.58,11.58,11.58,11.58,0
2020-02-28,11.58,11.58,11.58,11.58,0
2020-03-02,11.58,11.58,11.58,11.58,0
2020-03-03,11.58,11.58,11.58,11.58,0
2020-03-04,11.58,11.58,11.58,11.58,0
2020-03-05,11.58,11.58,11.58,11.58,0
2020-03-06,11.58,11.58,11.58,11.58,0
2020-03-09,11.58,11.58,11.58,11.58,0
2020-03-10,11.58,11.58,11.58,11.58,0
2020-03-11,11.58,11.58,11.58,11.58,0
2020-03-12,11.58,11.58,11.58,11.58,0
2020-03-13,11.58,11.58,11.58,11.58,0
2020-03-16,11.58,11.58,11.58,11.58,0
2020-03-17,6.96,6.96,6.96,6.96,100
2020-03-18,6.96,6.96,6.96,6.96,0
2020-03-19,6.96,6.96,6.96,6.96,0
2020-03-20,6.96,6.96,6.96,6.96,0
2020-03-23,6.96,6.96,6.96,6.96,0
2020-03-24,6.96,6.96,6.96,6.96,0
2020-03-25,6.96,6.96,6.96,6.96,0
2020-03-26,6.96,6.96,6.96,6.96,0
2020-03-27,6.96,6.96,6.96,6.96,0
2020-03-30,6.96,6.96,6.96,6.96,0
2020-03-31,6.96,6.96,6.96,6.96,0
2020-04-01,5.92,5.92,5.92,5.92,200
2020-04-03,5.05,5.05,5.05,5.05,100
2020-04-06,4.35,4.35,4.35,4.35,400
2020-04-07,3.74,3.74,3.74,3.74,100
2020-04-08,3.74,3.74,3.74,3.74,0
2020-04-09,3.22,3.22,3.22,3.22,100
2020-04-10,3.22,3.22,3.22,3.22,0
2020-04-13,3.22,3.22,2.87,2.87,600
2020-04-14,3.05,2.87,2.87,2.87,0
2020-04-15,3.05,2.87,2.87,2.87,0
2020-04-16,3.05,2.87,2.87,2.87,0
2020-04-17,3.05,2.87,2.87,2.87,0
2020-04-20,3.05,3.05,3.05,3.05,100
2020-04-21,3.05,3.05,3.05,3.05,0
2020-04-22,3.05,3.05,3.05,3.05,0
2020-04-23,3.05,3.05,3.05,3.05,200
2020-04-24,3.05,3.05,3.05,3.05,0
2020-04-27,3.05,3.05,3.05,3.05,400
2020-04-28,3.05,3.05,3.05,3.05,0
2020-04-29,3.05,3.05,3.05,3.05,0
2020-05-04,3.05,3.05,3.05,3.05,0
2020-05-05,3.05,3.05,3.05,3.05,1300
2020-05-06,3.05,3.05,3.05,3.05,0
2020-05-07,3.05,3.05,3.05,3.05,0
2020-05-08,3.05,3.05,3.05,3.05,0
2020-05-11,3.48,3.48,3.48,3.48,100
2020-05-12,4.0,4.0,4.0,4.0,100
2020-05-13,4.53,4.53,4.53,4.53,100
2020-05-14,4.53,5.14,4.53,5.14,600
2020-05-15,5.05,5.4,5.05,5.4,300
2020-05-18,5.22,5.4,5.4,5.4,0
2020-05-19,5.66,5.66,5.66,5.66,500
2020-05-20,5.66,5.66,5.66,5.66,0
2020-05-21,5.05,5.05,4.87,4.87,500
2020-05-22,5.05,4.87,4.87,4.87,0
2020-05-25,5.05,4.87,4.87,4.87,0
2020-05-26,5.05,4.87,4.87,4.87,0
2020-05-27,5.05,5.05,5.05,5.05,100
2020-05-28,5.05,5.05,5.05,5.05,0
2020-05-29,5.05,5.05,5.05,5.05,0
2020-06-01,5.05,5.05,5.05,5.05,0
2020-06-02,5.05,5.05,5.05,5.05,0
2020-06-03,5.05,5.05,5.05,5.05,0
2020-06-04,5.05,5.05,5.05,5.05,0
2020-06-05,5.05,5.05,5.05,5.05,0
2020-06-08,5.05,5.05,5.05,5.05,0
2020-06-09,5.05,5.05,5.05,5.05,0
2020-06-10,5.05,5.05,5.05,5.05,0
2020-06-11,5.05,5.05,5.05,5.05,0
2020-06-12,5.05,5.05,5.05,5.05,0
2020-06-15,5.05,5.05,5.05,5.05,0
2020-06-16,4.35,5.75,4.35,5.75,400
2020-06-17,5.05,5.75,5.75,5.75,0
2020-06-18,5.05,5.75,5.75,5.75,0
2020-06-19,5.05,5.75,5.75,5.75,0
2020-06-22,4.79,4.79,4.79,4.79,100
2020-06-23,4.79,4.79,4.79,4.79,0
2020-06-24,4.79,4.79,4.79,4.79,0
2020-06-25,4.79,4.79,4.79,4.79,0
2020-06-26,4.09,4.09,4.09,4.09,100
2020-06-29,4.09,4.09,4.09,4.09,0
2020-06-30,4.09,4.09,4.09,4.09,0
2020-07-01,4.09,4.09,4.09,4.09,0
2020-07-02,4.09,4.09,4.09,4.09,0
2020-07-03,4.09,4.09,4.09,4.09,0
2020-07-06,4.09,4.09,4.09,4.09,0
2020-07-07,4.09,4.09,4.09,4.09,0
2020-07-08,4.09,4.09,4.09,4.09,0
2020-07-09,4.09,4.09,4.09,4.09,0
2020-07-10,4.09,4.09,4.09,4.09,0
2020-07-13,4.09,4.09,4.09,4.09,0
2020-07-14,4.09,4.09,4.09,4.09,300
2020-07-15,4.09,4.09,4.09,4.09,0
2020-07-16,3.48,3.48,3.48,3.48,1100
2020-07-17,3.48,3.48,3.48,3.48,100
2020-07-20,3.48,3.48,3.48,3.48,0
2020-07-21,3.48,3.48,3.48,3.48,0
2020-07-22,3.48,3.48,3.48,3.48,0
2020-07-23,3.48,3.48,3.48,3.48,0
2020-07-24,3.48,3.48,3.48,3.48,0
2020-07-27,3.48,3.48,3.48,3.48,0
2020-07-28,3.48,3.48,3.48,3.48,0
2020-07-29,3.48,3.48,3.48,3.48,0
2020-07-30,3.48,3.48,3.48,3.48,0
2020-07-31,3.48,3.48,3.48,3.48,0
2020-08-03,3.48,3.48,3.48,3.48,0
2020-08-04,3.48,3.48,3.48,3.48,0
2020-08-05,3.48,3.48,3.48,3.48,0
2020-08-06,3.48,3.48,3.48,3.48,0
2020-08-07,3.48,3.48,3.48,3.48,0
2020-08-10,3.48,3.48,3.48,3.48,0
2020-08-11,3.48,3.48,3.48,3.48,0
2020-08-12,3.48,3.48,3.48,3.48,0
2020-08-13,3.48,3.48,3.48,3.48,0
2020-08-14,3.48,3.48,3.48,3.48,0
2020-08-17,3.48,3.48,3.48,3.48,0
2020-08-18,3.48,3.48,3.48,3.48,0
2020-08-19,3.48,3.48,3.48,3.48,0
2020-08-20,3.48,3.48,3.48,3.48,0
2020-08-21,4.0,4.0,4.0,4.0,100
2020-08-24,4.53,4.53,4.53,4.53,100
2020-08-25,5.14,5.14,5.14,5.14,100
2020-08-26,5.14,5.14,5.14,5.14,0
2020-08-27,5.14,5.14,5.14,5.14,0
2020-08-28,5.14,5.14,5.14,5.14,0
2020-08-31,5.31,5.31,5.31,5.31,100
2020-09-01,5.31,5.31,5.31,5.31,0
2020-09-03,5.31,5.31,5.31,5.31,0
2020-09-04,5.31,5.31,5.31,5.31,0
2020-09-07,5.31,5.31,5.31,5.31,0
2020-09-08,5.31,5.31,5.31,5.31,0
2020-09-09,5.31,5.31,5.31,5.31,0
2020-09-10,5.31,5.31,5.31,5.31,0
2020-09-11,5.31,5.31,5.31,5.31,0
2020-09-14,5.31,5.31,5.31,5.31,0
2020-09-15,5.31,5.31,5.31,5.31,0
2020-09-16,5.31,5.31,5.31,5.31,0
2020-09-17,5.31,5.31,5.31,5.31,1000
2020-09-18,6.09,6.09,6.09,6.09,100
2020-09-21,6.09,6.09,6.09,6.09,0
2020-09-22,6.09,6.09,6.09,6.09,0
2020-09-23,6.09,6.09,6.09,6.09,0
2020-09-24,6.09,6.09,6.09,6.09,0
2020-09-25,6.96,6.96,6.96,6.96,100
2020-09-28,6.96,6.96,6.96,6.96,0
2020-09-29,6.96,6.96,6.96,6.96,0
2020-09-30,8.01,8.01,8.01,8.01,100
2020-10-01,8.01,8.01,8.01,8.01,0
2020-10-02,8.01,8.01,8.01,8.01,0
2020-10-05,8.01,8.01,8.01,8.01,0
2020-10-06,8.01,8.01,8.01,8.01,0
2020-10-07,8.01,8.01,8.01,8.01,0
2020-10-08,8.01,8.01,8.01,8.01,0
2020-10-09,8.01,8.01,8.01,8.01,0
2020-10-12,8.01,8.01,8.01,8.01,0
2020-10-13,8.01,8.01,8.01,8.01,0
2020-10-14,8.01,8.01,8.01,8.01,0
2020-10-15,6.88,6.88,6.88,6.88,100
2020-10-16,6.88,6.88,6.88,6.88,0
2020-10-19,6.88,6.88,6.88,6.88,0
2020-10-20,6.88,6.88,6.88,6.88,0
2020-10-21,5.92,5.92,5.92,5.92,300
2020-10-22,5.92,5.92,5.92,5.92,0
2020-10-23,5.92,5.92,5.92,5.92,0
2020-10-26,5.05,5.05,5.05,5.05,1000
2020-10-27,5.05,5.05,5.05,5.05,0
2020-10-28,5.05,5.05,5.05,5.05,0
2020-10-29,5.05,5.05,5.05,5.05,100
2020-10-30,5.05,5.05,5.05,5.05,0
2020-11-02,5.05,5.05,5.05,5.05,0
2020-11-03,5.05,5.05,5.05,5.05,0
2020-11-04,5.05,5.05,5.05,5.05,0
2020-11-05,5.05,5.05,5.05,5.05,0
2020-11-06,5.05,5.05,5.05,5.05,0
2020-11-09,5.05,5.05,5.05,5.05,0
2020-11-10,5.05,5.05,5.05,5.05,0
2020-11-11,5.05,5.05,5.05,5.05,0
2020-11-12,5.05,5.05,5.05,5.05,0
2020-11-13,5.05,5.05,5.05,5.05,0
2020-11-16,5.05,5.05,5.05,5.05,0
2020-11-17,5.05,5.05,5.05,5.05,0
2020-11-18,5.05,5.05,5.05,5.05,0
2020-11-19,5.05,5.05,5.05,5.05,0
2020-11-20,5.05,5.05,5.05,5.05,0
2020-11-23,5.05,5.05,5.05,5.05,0
2020-11-24,5.05,5.05,5.05,5.05,0
2020-11-25,4.35,4.35,4.35,4.35,1400
2020-11-26,4.35,4.35,4.35,4.35,0
2020-11-27,4.35,4.35,4.35,4.35,0
2020-11-30,4.35,4.35,4.35,4.35,0
2020-12-01,4.35,4.35,4.35,4.35,0
2020-12-02,4.35,4.35,4.35,4.35,0
2020-12-03,3.74,4.35,3.74,4.35,1400
2020-12-04,4.35,4.35,4.35,4.35,100
2020-12-07,4.35,4.35,4.35,4.35,0
2020-12-08,4.35,4.35,4.35,4.35,0
2020-12-09,4.35,4.35,4.35,4.35,0
2020-12-10,4.35,4.35,4.35,4.35,0
2020-12-11,4.35,4.35,4.35,4.35,0
2020-12-14,4.35,4.35,4.35,4.35,0
2020-12-15,4.18,4.18,4.18,4.18,1300
2020-12-16,4.18,4.18,4.18,4.18,0
2020-12-17,4.18,4.18,4.18,4.18,0
2020-12-18,4.18,4.18,4.18,4.18,0
2020-12-21,4.18,4.18,4.18,4.18,0
2020-12-22,4.35,4.35,4.35,4.35,1200
2020-12-23,4.35,4.35,4.35,4.35,0
2020-12-24,4.35,4.35,4.35,4.35,0
2020-12-25,4.35,4.35,4.35,4.35,0
2020-12-28,4.35,4.35,4.35,4.35,300
2020-12-29,4.18,4.18,3.74,4.18,1100
2020-12-30,3.48,3.48,3.48,3.48,400
2020-12-31,3.48,3.48,3.48,3.48,0
2021-01-04,3.48,3.48,3.48,3.48,0
2021-01-05,3.48,3.48,3.48,3.48,0
2021-01-06,4.0,4.0,4.0,4.0,1500
2021-01-07,3.48,3.48,3.48,3.48,2900
2021-01-08,3.48,3.48,3.48,3.48,0
2021-01-11,3.48,3.48,3.48,3.48,0
2021-01-12,4.0,4.0,4.0,4.0,600
2021-01-13,3.66,4.53,3.66,4.53,2600
2021-01-14,4.53,4.7,4.53,4.7,5900
2021-01-15,4.7,5.4,4.7,5.4,200
2021-01-18,5.75,5.75,5.75,5.75,230
2021-01-19,5.75,5.75,5.57,5.66,4100
2021-01-20,5.66,5.66,4.87,4.87,5200
2021-01-21,4.44,4.44,4.44,4.44,100
2021-01-22,4.53,5.05,4.44,5.05,3800
2021-01-25,5.05,5.05,5.05,5.05,0
2021-01-26,5.05,5.75,5.05,5.75,1200
2021-01-27,5.75,5.75,5.75,5.75,500
2021-01-28,5.75,5.75,5.75,5.75,0
2021-01-29,5.75,5.75,5.75,5.75,0
2021-02-01,5.75,5.75,5.75,5.75,100
2021-02-02,5.22,5.22,5.22,5.22,100
2021-02-03,5.66,5.66,5.66,5.66,900
2021-02-04,6.44,6.44,6.44,6.44,100
2021-02-05,6.44,6.44,6.44,6.44,0
2021-02-08,6.44,6.44,6.44,6.44,0
2021-02-09,6.44,6.44,6.44,6.44,0
2021-02-17,6.44,6.44,6.44,6.44,0
2021-02-18,6.09,6.09,6.09,6.09,1300
2021-02-19,6.09,6.09,6.09,6.09,0
2021-02-22,6.09,6.09,6.09,6.09,0
2021-02-23,6.09,6.09,6.09,6.09,0
2021-02-24,6.09,6.09,6.09,6.09,0
2021-02-25,6.09,6.09,6.09,6.09,0
2021-02-26,6.96,6.96,6.96,6.96,100
2021-03-01,8.01,8.01,8.01,8.01,100
2021-03-02,8.01,8.01,8.01,8.01,0
2021-03-03,6.88,6.96,6.88,6.96,4700
2021-03-04,6.96,6.96,6.96,6.96,0
2021-03-05,5.92,8.01,5.92,8.01,400
2021-03-08,6.7,7.05,6.7,7.05,2100
2021-03-09,6.7,7.05,7.05,7.05,0
2021-03-10,6.96,6.96,6.96,6.96,300
2021-03-11,6.96,6.96,6.96,6.96,0
2021-03-12,6.96,6.96,6.96,6.96,1200
2021-03-15,6.96,6.96,6.96,6.96,700
2021-03-16,6.96,6.96,6.88,6.96,1700
2021-03-17,6.79,6.79,6.79,6.79,600
2021-03-18,6.79,6.79,6.53,6.79,2800
2021-03-19,6.79,6.79,6.79,6.79,1000
2021-03-22,6.79,6.79,6.79,6.79,0
2021-03-23,6.79,6.79,6.79,6.79,0
2021-03-24,6.79,6.79,6.79,6.79,0
2021-03-25,6.79,6.79,6.79,6.79,0
2021-03-26,6.79,6.79,6.79,6.79,0
2021-03-29,6.79,6.79,6.79,6.79,0
2021-03-30,6.7,7.05,6.7,7.05,600
2021-03-31,6.79,7.05,7.05,7.05,0
2021-04-01,6.79,7.05,7.05,7.05,0
2021-04-02,6.79,6.96,6.79,6.96,300
2021-04-05,6.88,6.96,6.96,6.96,0
2021-04-06,6.88,6.96,6.96,6.96,0
2021-04-07,6.96,6.96,6.96,6.96,2600
2021-04-08,6.96,6.96,6.96,6.96,0
2021-04-09,6.96,6.96,6.96,6.96,0
2021-04-12,6.96,6.96,6.96,6.96,500
2021-04-13,6.96,6.96,6.96,6.96,400
2021-04-14,6.96,6.96,6.96,6.96,0
2021-04-15,6.96,6.96,6.96,6.96,0
2021-04-16,6.96,6.96,6.96,6.96,0
2021-04-19,6.96,6.96,6.96,6.96,0
2021-04-20,6.96,6.96,6.96,6.96,0
2021-04-22,6.79,6.79,6.79,6.79,100
2021-04-23,6.79,6.79,6.79,6.79,0
2021-04-26,6.7,6.7,6.7,6.7,200
2021-04-27,6.7,6.7,6.7,6.7,0
2021-04-28,6.7,6.7,6.7,6.7,0
2021-04-29,6.7,6.7,6.7,6.7,0
2021-05-04,6.62,6.62,6.62,6.62,500
2021-05-05,6.62,6.62,6.62,6.62,10
2021-05-06,6.53,6.53,6.53,6.53,500
2021-05-07,6.53,6.53,6.53,6.53,0
2021-05-10,6.53,6.53,6.53,6.53,0
2021-05-11,6.53,6.53,6.53,6.53,0
2021-05-12,6.53,6.53,6.53,6.53,0
2021-05-13,6.53,6.53,6.53,6.53,0
2021-05-14,6.53,6.53,6.53,6.53,0
2021-05-17,6.53,7.05,5.66,5.66,13000
2021-05-18,5.66,5.66,5.66,5.66,300
2021-05-19,5.66,5.66,5.66,5.66,100
2021-05-20,5.66,5.66,5.66,5.66,0
2021-05-21,5.66,5.66,5.66,5.66,0
2021-05-24,5.66,5.66,5.66,5.66,1000
2021-05-25,5.66,5.66,5.66,5.66,0
2021-05-26,5.66,5.66,5.66,5.66,0
2021-05-27,5.66,5.66,5.66,5.66,0
2021-05-28,5.66,5.66,5.66,5.66,100
2021-05-31,5.66,5.66,5.66,5.66,0
2021-06-01,5.22,5.22,5.22,5.22,700
2021-06-02,5.22,5.22,5.22,5.22,0
2021-06-03,5.22,5.22,5.22,5.22,1300
2021-06-04,5.92,5.92,5.22,5.57,1600
2021-06-07,5.48,5.57,5.57,5.57,0
2021-06-08,5.48,5.57,5.57,5.57,0
2021-06-09,5.48,6.09,5.48,5.48,5600
2021-06-10,5.83,6.09,5.83,5.92,2500
2021-06-11,5.05,6.27,5.05,6.27,200
2021-06-14,5.66,5.66,5.66,5.66,700
2021-06-15,6.27,6.27,6.27,6.27,3300
2021-06-16,6.27,6.27,6.27,6.27,0
2021-06-17,6.27,6.27,6.27,6.27,0
2021-06-18,6.27,6.27,6.27,6.27,0
2021-06-21,6.27,6.27,6.27,6.27,0
2021-06-22,6.27,6.27,6.27,6.27,0
2021-06-23,6.27,6.27,6.27,6.27,0
2021-06-24,6.27,6.27,6.27,6.27,0
2021-06-25,6.27,6.27,6.27,6.27,0
2021-06-28,6.27,6.27,6.27,6.27,0
2021-06-29,6.27,6.27,6.27,6.27,100
2021-06-30,6.27,6.27,6.27,6.27,0
2021-07-01,6.27,6.27,6.27,6.27,0
2021-07-02,5.4,5.4,5.4,5.4,200
2021-07-05,5.4,5.4,5.4,5.4,0
2021-07-06,5.4,5.4,5.4,5.4,0
2021-07-07,5.4,5.4,5.4,5.4,0
2021-07-08,5.4,5.4,5.4,5.4,0
2021-07-09,5.4,5.4,5.4,5.4,0
2021-07-12,5.4,5.4,5.4,5.4,0
2021-07-13,5.4,5.4,5.4,5.4,0
2021-07-14,5.4,5.4,5.4,5.4,0
2021-07-15,5.4,5.4,5.4,5.4,0
2021-07-16,5.4,5.4,5.4,5.4,0
2021-07-19,5.4,5.4,5.4,5.4,0
2021-07-20,5.4,5.4,5.4,5.4,0
2021-07-21,5.4,5.4,5.4,5.4,0
2021-07-22,5.4,5.4,5.4,5.4,0
2021-07-23,5.4,5.4,5.4,5.4,0
2021-07-26,5.4,5.4,5.4,5.4,0
2021-07-27,5.4,5.4,5.4,5.4,0
2021-07-28,5.4,5.4,5.4,5.4,0
2021-07-29,5.4,5.4,5.4,5.4,0
2021-07-30,5.4,5.4,5.4,5.4,0
2021-08-02,5.22,5.22,5.22,5.22,100
2021-08-03,5.22,5.22,5.22,5.22,0
2021-08-04,5.22,5.22,5.22,5.22,0
2021-08-05,5.22,5.22,5.22,5.22,5000
2021-08-06,5.22,5.22,5.22,5.22,0
2021-08-09,5.22,5.22,5.22,5.22,0
2021-08-10,5.22,5.22,5.22,5.22,0
2021-08-11,5.22,5.22,5.22,5.22,0
2021-08-12,5.22,5.22,5.22,5.22,0
2021-08-13,4.87,4.87,4.87,4.87,300
2021-08-16,4.87,4.87,4.87,4.87,0
2021-08-17,4.87,4.87,4.87,4.87,0
2021-08-18,4.79,4.79,4.79,4.79,5400
2021-08-19,4.79,4.79,4.79,4.79,0
2021-08-20,5.22,5.48,5.22,5.48,600
2021-08-23,6.27,6.27,5.05,5.05,2300
2021-08-24,5.4,5.05,5.05,5.05,0
2021-08-25,5.22,5.22,5.22,5.22,100
2021-08-26,5.22,5.22,5.22,5.22,0
2021-08-27,5.22,5.22,5.22,5.22,0
2021-08-30,5.22,5.22,5.22,5.22,0
2021-08-31,5.22,5.22,5.22,5.22,200
2021-09-01,5.22,5.22,5.22,5.22,0
2021-09-06,5.22,5.22,5.22,5.22,0
2021-09-07,5.22,5.22,5.22,5.22,300
2021-09-08,5.22,5.22,5.22,5.22,0
2021-09-09,5.66,6.01,5.66,5.92,5800
2021-09-10,5.92,5.92,5.92,5.92,0
2021-09-13,5.92,6.09,5.92,6.09,1300
2021-09-14,6.35,6.35,6.35,6.35,500
2021-09-15,6.27,6.27,6.27,6.27,1000
2021-09-16,6.27,6.27,6.27,6.27,0
2021-09-17,6.27,6.27,6.27,6.27,0
2021-09-20,6.27,6.27,6.27,6.27,0
2021-09-21,6.27,6.27,6.27,6.27,0
2021-09-22,5.4,6.09,5.4,6.09,5400
2021-09-23,6.09,6.09,6.09,6.09,1400
2021-09-24,6.09,6.09,6.09,6.09,0
2021-09-27,5.22,6.09,5.22,5.22,700
2021-09-28,6.09,6.09,6.09,6.09,100
2021-09-29,6.09,6.09,6.09,6.09,700
2021-09-30,6.09,6.09,6.09,6.09,0
2021-10-01,6.09,6.09,6.09,6.09,0
2021-10-04,5.22,5.66,5.22,5.66,200
2021-10-05,5.48,6.09,5.48,6.09,500
2021-10-06,6.09,6.09,6.09,6.09,100
2021-10-07,6.09,6.09,6.09,6.09,0
2021-10-08,5.22,5.22,5.22,5.22,8600
2021-10-11,6.01,6.01,6.01,6.01,8300
2021-10-12,6.09,6.88,6.09,6.88,6820
2021-10-13,7.75,7.75,7.14,7.75,15400
2021-10-14,6.96,7.66,6.53,7.66,6500
2021-10-15,7.57,8.1,7.57,8.1,6501
2021-10-18,7.83,8.1,6.96,7.83,6000
2021-10-19,7.83,7.83,7.57,7.57,619
2021-10-20,6.62,7.49,6.62,7.49,500
2021-10-21,7.31,7.4,7.31,7.4,500
2021-10-22,7.4,7.4,6.35,6.35,5200
2021-10-25,6.7,7.75,6.53,6.7,1600
2021-10-26,5.83,7.22,5.83,7.22,200
2021-10-27,7.22,7.22,6.01,6.01,200
2021-10-28,6.88,6.88,6.88,6.88,300
2021-10-29,6.18,6.88,6.18,6.88,1600
2021-11-01,6.27,7.05,6.27,7.05,4200
2021-11-02,7.83,7.83,7.83,7.83,5100
2021-11-03,7.83,8.97,7.83,7.83,1100
2021-11-04,7.05,7.05,6.96,7.05,1000
2021-11-05,7.05,8.01,7.05,8.01,300
2021-11-08,7.4,7.4,6.53,7.4,1700
2021-11-09,7.14,7.83,7.14,7.83,6919
2021-11-10,6.96,7.4,6.62,7.4,1100
2021-11-11,7.49,7.49,7.22,7.4,4600
2021-11-12,7.4,7.92,7.4,7.92,3600
2021-11-15,7.83,7.83,7.66,7.66,600
2021-11-16,7.75,7.75,7.75,7.75,0
2021-11-17,7.75,7.75,7.75,7.75,0
2021-11-18,7.4,7.75,6.96,7.75,5200
2021-11-19,6.96,7.49,6.96,7.49,1000
2021-11-22,7.22,7.22,6.09,6.09,4900
2021-11-23,7.22,7.22,7.22,7.22,1000
2021-11-24,7.22,7.22,7.22,7.22,0
2021-11-25,7.22,7.22,7.22,7.22,0
2021-11-26,6.96,7.22,6.35,6.44,2100
2021-11-29,6.44,7.05,6.44,7.05,300
2021-11-30,6.62,6.62,6.62,6.62,0
2021-12-01,6.96,7.14,6.96,7.05,2500
2021-12-02,6.79,6.79,6.44,6.44,9000
2021-12-03,7.22,7.49,7.22,7.49,4000
2021-12-06,8.53,8.53,8.53,8.53,2800
2021-12-07,9.66,9.75,8.7,9.75,22919
2021-12-08,10.88,10.88,10.88,10.88,601
2021-12-09,12.45,12.45,12.45,12.45,9000
2021-12-10,14.28,14.28,10.62,13.49,17800
2021-12-13,11.32,11.75,11.32,11.75,3700
2021-12-14,9.92,11.32,9.92,10.01,8800
2021-12-15,8.97,9.31,8.88,8.88,8100
2021-12-16,10.36,10.36,10.36,10.36,100
2021-12-17,10.27,10.45,8.88,10.36,1500
2021-12-20,10.53,10.53,8.88,10.36,700
2021-12-21,9.31,9.31,9.31,9.31,0
2021-12-22,9.23,9.23,9.23,9.23,200
2021-12-23,9.4,9.4,9.23,9.23,600
2021-12-24,9.31,9.31,9.31,9.31,0
2021-12-27,9.31,9.31,8.7,8.7,700
2021-12-28,8.79,8.79,8.79,8.79,100
2021-12-29,8.01,8.01,7.83,7.92,4400
2021-12-30,7.83,7.83,7.83,7.83,1800
2021-12-31,8.97,8.97,8.97,8.97,100
2022-01-04,8.97,8.97,8.88,8.88,800
2022-01-05,8.7,8.88,8.7,8.7,2200
2022-01-06,7.83,8.7,7.83,8.7,1500
2022-01-07,8.97,8.97,8.97,8.97,4100
2022-01-10,9.05,9.31,9.05,9.31,3900
2022-01-11,9.14,9.14,8.97,8.97,1700
2022-01-12,8.97,8.97,8.97,8.97,1
2022-01-13,8.7,8.7,7.66,8.7,2500
2022-01-14,8.27,8.27,8.27,8.27,300
2022-01-17,8.27,8.27,8.27,8.27,0
2022-01-18,8.27,8.27,8.27,8.27,0
2022-01-19,8.27,8.27,8.27,8.27,0
2022-01-20,8.27,8.27,8.27,8.27,0
2022-01-21,8.7,8.7,8.7,8.7,100
2022-01-24,8.27,8.7,8.27,8.7,1500
2022-01-25,8.88,8.88,8.88,8.88,100
2022-01-26,8.27,8.27,8.27,8.27,100
2022-01-27,8.27,8.27,8.27,8.27,500
2022-01-28,7.14,7.14,7.14,7.14,2400
2022-02-07,7.14,7.14,7.14,7.14,0
2022-02-08,7.22,8.18,7.22,7.22,8700
2022-02-09,7.31,7.31,7.31,7.31,0
2022-02-10,7.14,7.14,7.14,7.14,200
2022-02-11,7.14,7.14,6.09,6.09,6100
2022-02-14,7.14,7.14,7.14,7.14,100
2022-02-15,6.62,6.62,6.62,6.62,4300
2022-02-16,7.57,7.57,7.57,7.57,200
2022-02-17,8.7,8.7,7.05,8.44,1901
2022-02-18,8.62,8.62,8.62,8.62,100
2022-02-21,8.53,8.53,8.53,8.53,910
2022-02-22,7.4,8.53,7.4,8.53,2600
2022-02-23,7.22,7.75,7.22,7.75,302
2022-02-24,7.57,7.57,7.57,7.57,1300
2022-02-25,7.22,7.57,7.22,7.57,900
2022-02-28,8.36,8.36,8.36,8.36,200
2022-03-01,8.36,8.36,8.36,8.36,1
2022-03-02,8.36,8.36,7.22,7.22,400
2022-03-03,7.83,8.1,7.83,8.1,200
2022-03-04,7.05,7.05,7.05,7.05,2000
2022-03-07,8.1,8.1,7.57,7.57,902
2022-03-08,7.92,8.7,7.83,7.92,8800
2022-03-09,8.1,8.1,8.1,8.1,5500
2022-03-10,8.7,8.7,8.7,8.7,108
2022-03-11,8.7,8.7,8.7,8.7,0
2022-03-14,7.4,7.4,7.4,7.4,1900
2022-03-15,7.4,8.36,7.4,8.36,4700
2022-03-16,7.75,7.75,7.75,7.75,0
2022-03-17,8.53,8.88,8.53,8.88,10200
2022-03-18,9.58,9.84,9.58,9.84,8500
2022-03-21,11.05,11.05,10.45,10.88,4400
2022-03-22,12.53,12.53,10.62,12.53,21500
2022-03-23,14.01,14.01,10.45,13.67,5500
2022-03-24,15.67,15.67,13.67,13.67,2800
2022-03-25,15.41,15.41,12.19,12.19,14261
2022-03-28,10.71,13.06,10.71,13.06,14800
2022-03-29,10.71,12.19,10.71,12.19,2000
2022-03-30,11.32,11.4,10.1,10.1,2600
2022-03-31,11.66,11.66,11.23,11.49,2900
2022-04-01,9.84,10.71,9.84,10.1,1900
2022-04-04,10.01,10.62,10.01,10.62,2000
2022-04-05,8.7,10.1,8.62,10.1,1900
2022-04-06,9.49,9.49,9.49,9.49,0
2022-04-07,9.05,9.14,9.05,9.14,1200
2022-04-08,9.05,9.05,8.79,8.79,1800
2022-04-12,8.88,8.88,8.88,8.88,0
2022-04-13,8.88,8.88,8.88,8.88,0
2022-04-14,8.88,8.88,8.88,8.88,0
2022-04-15,8.88,8.88,8.88,8.88,0
2022-04-18,7.75,7.75,7.75,7.75,500
2022-04-19,7.66,7.66,7.57,7.57,1500
2022-04-20,7.66,7.66,7.66,7.66,200
2022-04-21,7.49,7.66,7.49,7.66,1600
2022-04-22,6.96,6.96,6.79,6.79,1400
2022-04-25,7.83,7.83,7.83,7.83,1400
2022-04-26,7.83,8.1,7.83,8.1,300
2022-04-27,7.83,7.83,7.83,7.83,200
2022-04-28,8.62,8.7,8.62,8.62,1100
2022-04-29,8.62,8.62,8.62,8.62,0
2022-05-04,8.62,8.62,8.62,8.62,0
2022-05-05,8.1,8.1,8.01,8.01,1600
2022-05-06,6.96,6.96,6.96,6.96,200
2022-05-09,6.96,6.96,6.96,6.96,0
2022-05-10,6.96,6.96,6.96,6.96,0
2022-05-11,6.09,6.35,6.09,6.27,3300
2022-05-12,7.05,7.05,7.05,7.05,100
2022-05-13,7.05,7.05,7.05,7.05,0
2022-05-16,6.01,6.09,6.01,6.01,4900
2022-05-17,6.79,6.88,6.79,6.88,500
2022-05-18,6.88,6.88,6.88,6.88,0
2022-05-19,6.88,6.88,6.88,6.88,0
2022-05-20,6.18,7.83,6.18,7.83,1000
2022-05-23,7.49,7.49,7.49,7.49,100
2022-05-24,6.44,6.53,6.44,6.53,400
2022-05-25,7.49,7.49,6.62,6.62,1400
2022-05-26,8.18,8.18,7.92,8.18,5100
2022-05-27,8.7,9.4,8.7,9.4,1900
2022-05-30,8.97,8.97,8.97,8.97,0
2022-05-31,7.66,7.66,7.66,7.66,100
2022-06-01,6.7,6.7,6.7,6.7,100
2022-06-02,6.7,6.79,6.7,6.79,200
2022-06-03,6.79,6.79,6.79,6.79,0
2022-06-06,6.79,6.79,6.79,6.79,0
2022-06-07,6.79,6.79,6.79,6.79,0
2022-06-08,6.79,6.79,6.79,6.79,0
2022-06-09,6.79,7.75,6.79,7.75,500
2022-06-10,7.57,7.57,7.57,7.57,0
2022-06-13,7.57,7.57,7.57,7.57,0
2022-06-14,7.57,7.57,7.57,7.57,0
2022-06-15,7.57,7.57,7.57,7.57,0
2022-06-16,6.44,6.7,6.44,6.44,3200
2022-06-17,6.53,6.53,6.53,6.53,0
2022-06-20,6.88,6.88,6.88,6.88,100
2022-06-21,6.88,6.88,6.88,6.88,0
2022-06-22,7.31,7.31,6.09,6.09,600
2022-06-23,5.66,6.79,5.66,6.79,2100
2022-06-24,6.01,6.01,6.01,6.01,0
2022-06-27,6.62,6.62,6.09,6.09,400
2022-06-28,6.35,6.35,6.35,6.35,0
2022-06-29,6.35,6.35,6.35,6.35,0
2022-06-30,6.09,6.09,6.09,6.09,1600
2022-07-01,6.88,6.88,6.88,6.88,100
2022-07-04,6.88,6.88,6.88,6.88,0
2022-07-05,6.88,6.88,6.88,6.88,0
2022-07-06,6.88,6.88,6.88,6.88,0
2022-07-07,6.88,6.88,6.88,6.88,0
2022-07-08,6.88,6.88,6.88,6.88,0
2022-07-11,6.96,6.96,5.92,5.92,300
2022-07-12,7.14,7.14,7.14,7.14,100
2022-07-13,7.83,7.83,7.83,7.83,200
2022-07-14,6.96,6.96,6.96,6.96,100
2022-07-15,7.31,7.31,7.14,7.14,600
2022-07-18,6.35,6.35,6.35,6.35,100
2022-07-19,5.57,5.57,5.57,5.57,1000
2022-07-20,6.35,6.35,6.35,6.35,600
2022-07-21,7.05,7.05,7.05,7.05,100
2022-07-22,7.05,7.05,7.05,7.05,0
2022-07-25,7.05,7.05,7.05,7.05,0
2022-07-26,7.05,7.05,7.05,7.05,0
2022-07-27,7.05,7.05,7.05,7.05,0
2022-07-28,7.05,7.05,7.05,7.05,0
2022-07-29,7.05,7.05,7.05,7.05,0
2022-08-01,7.05,7.05,7.05,7.05,0
2022-08-02,7.05,7.05,7.05,7.05,0
2022-08-03,7.05,7.05,7.05,7.05,0
2022-08-04,7.05,7.05,7.05,7.05,0
2022-08-05,7.57,7.57,7.57,7.57,100
2022-08-08,7.49,7.49,7.49,7.49,100
2022-08-09,7.49,7.49,7.49,7.49,0
2022-08-10,7.49,7.49,7.49,7.49,0
2022-08-11,7.49,7.49,7.49,7.49,0
2022-08-12,6.44,6.44,6.44,6.44,300
2022-08-15,6.53,6.53,6.53,6.53,500
2022-08-16,6.53,6.53,6.53,6.53,0
2022-08-17,6.53,6.53,6.53,6.53,0
2022-08-18,6.53,6.53,6.53,6.53,0
2022-08-19,6.53,6.53,6.53,6.53,0
2022-08-22,6.53,6.53,6.53,6.53,0
2022-08-23,6.53,6.53,6.53,6.53,0
2022-08-24,6.79,6.79,6.79,6.79,100
2022-08-25,6.79,6.79,6.79,6.79,0
2022-08-26,6.79,6.79,6.79,6.79,0
2022-08-29,6.79,6.79,6.79,6.79,0
2022-08-30,6.7,6.7,6.53,6.53,2100
2022-08-31,6.53,6.53,6.53,6.53,0
2022-09-05,6.53,6.53,6.53,6.53,0
2022-09-06,5.66,5.66,5.66,5.66,300
2022-09-07,5.66,5.66,5.66,5.66,0
2022-09-08,5.66,5.66,5.66,5.66,0
2022-09-09,5.66,5.66,5.66,5.66,0
2022-09-12,5.66,5.66,5.66,5.66,0
2022-09-13,5.66,6.44,5.66,5.66,1400
2022-09-14,5.75,5.75,5.75,5.75,0
2022-09-15,5.75,5.75,5.75,5.75,200
2022-09-16,5.75,5.75,5.75,5.75,0
2022-09-19,6.53,6.53,6.44,6.44,200
2022-09-20,6.53,6.53,6.53,6.53,0
2022-09-21,6.53,6.53,6.53,6.53,0
2022-09-22,6.53,6.53,6.53,6.53,0
2022-09-23,6.53,6.53,6.53,6.53,0
2022-09-26,6.53,6.53,6.53,6.53,0
2022-09-27,6.53,6.53,6.53,6.53,0
2022-09-28,6.53,6.53,6.53,6.53,0
2022-09-29,6.53,6.53,6.53,6.53,0
2022-09-30,6.53,6.53,6.53,6.53,0
2022-10-03,6.53,6.53,6.53,6.53,0
2022-10-04,6.53,6.53,6.53,6.53,0
2022-10-05,6.53,6.53,6.53,6.53,0
2022-10-06,6.53,6.53,6.53,6.53,0
2022-10-07,6.53,6.53,6.53,6.53,0
2022-10-10,6.53,6.53,6.53,6.53,0
2022-10-11,6.53,6.53,6.53,6.53,0
2022-10-12,6.53,6.53,6.53,6.53,0
2022-10-13,6.53,6.53,6.53,6.53,0
2022-10-14,6.53,6.53,6.53,6.53,0
2022-10-17,6.53,6.53,6.53,6.53,0
2022-10-18,6.53,6.53,6.53,6.53,0
2022-10-19,5.57,5.57,5.57,5.57,100
2022-10-20,4.79,6.35,4.79,6.35,1000
2022-10-21,5.83,5.83,5.83,5.83,900
2022-10-24,5.66,6.7,5.66,6.7,7700
2022-10-25,6.44,6.44,6.44,6.44,0
2022-10-26,5.48,5.48,5.48,5.48,100
2022-10-27,4.7,5.57,4.7,4.7,1700
2022-10-28,5.14,5.14,5.14,5.14,4300
2022-10-31,5.14,5.14,5.14,5.14,0
2022-11-01,5.14,5.14,5.14,5.14,0
2022-11-02,5.83,5.83,4.44,5.83,300
2022-11-03,5.4,5.4,5.4,5.4,0
2022-11-04,5.4,5.4,5.4,5.4,0
2022-11-07,5.4,5.4,5.4,5.4,0
2022-11-08,5.4,5.4,5.4,5.4,0
2022-11-09,5.4,5.4,5.4,5.4,0
2022-11-10,5.4,5.4,5.4,5.4,0
2022-11-11,5.4,5.4,4.61,4.61,600
2022-11-14,5.31,5.31,5.31,5.31,0
2022-11-15,5.31,5.31,5.31,5.31,0
2022-11-16,5.22,5.22,5.22,5.22,200
2022-11-17,5.22,5.22,5.22,5.22,0
2022-11-18,5.22,5.22,5.22,5.22,0
2022-11-21,5.22,5.22,5.22,5.22,0
2022-11-22,5.22,5.22,5.22,5.22,0
2022-11-23,5.22,5.22,5.22,5.22,0
2022-11-24,5.22,5.22,5.22,5.22,0
2022-11-25,5.22,5.22,5.22,5.22,0
2022-11-28,5.22,5.22,5.22,5.22,0
2022-11-29,5.22,6.01,5.22,6.01,600
2022-11-30,5.92,5.92,5.92,5.92,600
2022-12-01,5.92,5.92,5.92,5.92,0
2022-12-02,6.7,6.7,6.7,6.7,100
2022-12-05,6.7,6.7,6.7,6.7,0
2022-12-06,6.7,6.7,6.7,6.7,0
2022-12-07,6.7,6.7,6.7,6.7,0
2022-12-08,6.7,6.7,6.7,6.7,100
2022-12-09,6.7,6.7,6.7,6.7,0
2022-12-12,6.7,6.7,6.7,6.7,100
2022-12-13,6.7,6.7,6.7,6.7,0
2022-12-14,6.7,6.7,6.7,6.7,0
2022-12-15,6.7,6.7,6.7,6.7,0
2022-12-16,6.7,6.7,6.7,6.7,0
2022-12-19,6.7,6.7,6.7,6.7,0
2022-12-20,6.7,6.7,6.7,6.7,0
2022-12-21,6.7,6.7,6.7,6.7,0
2022-12-22,6.7,6.7,6.7,6.7,0
2022-12-23,6.7,6.7,6.7,6.7,1
2022-12-26,6.7,6.7,6.7,6.7,0
2022-12-27,6.7,6.7,6.7,6.7,0
2022-12-28,6.7,6.7,6.7,6.7,0
2022-12-29,6.7,6.7,6.7,6.7,0
2022-12-30,6.7,6.7,6.7,6.7,0
2023-01-03,6.7,6.7,6.7,6.7,0
2023-01-04,6.7,6.7,6.7,6.7,0
2023-01-05,6.7,6.7,6.7,6.7,0
2023-01-06,6.7,6.7,6.7,6.7,0
2023-01-09,6.7,6.7,6.7,6.7,0
2023-01-10,5.75,5.75,5.75,5.75,100
2023-01-11,5.75,5.75,5.75,5.75,0
2023-01-12,5.75,5.75,5.75,5.75,0
2023-01-13,5.75,5.75,5.75,5.75,2
2023-01-16,5.75,5.75,5.75,5.75,0
2023-01-17,6.09,6.09,6.09,6.09,100
2023-01-18,5.22,5.22,5.22,5.22,100
2023-01-19,5.22,5.22,5.22,5.22,0
2023-01-27,5.22,5.22,5.22,5.22,0
2023-01-30,5.22,5.22,5.22,5.22,0
2023-01-31,5.92,5.92,5.92,5.92,500
2023-02-01,5.92,5.92,5.92,5.92,0
2023-02-02,5.92,5.92,5.92,5.92,0
2023-02-03,5.92,5.92,5.92,5.92,0
2023-02-06,5.92,5.92,5.92,5.92,0
2023-02-07,5.92,5.92,5.92,5.92,0
2023-02-08,5.92,5.92,5.92,5.92,0
2023-02-09,5.92,5.92,5.92,5.92,0
2023-02-10,5.92,5.92,5.92,5.92,0
2023-02-13,5.92,5.92,5.92,5.92,0
2023-02-14,5.92,5.92,5.92,5.92,0
2023-02-15,5.92,5.92,5.92,5.92,0
2023-02-16,5.92,5.92,5.92,5.92,0
2023-02-17,5.92,5.92,5.92,5.92,0
2023-02-20,5.92,5.92,5.92,5.92,0
2023-02-21,5.92,5.92,5.92,5.92,0
2023-02-22,5.92,5.92,5.92,5.92,0
2023-02-23,5.92,5.92,5.92,5.92,0
2023-02-24,5.92,5.92,5.92,5.92,0
2023-02-27,5.92,5.92,5.92,5.92,1
2023-02-28,5.92,5.92,5.92,5.92,0
2023-03-01,5.92,5.92,5.92,5.92,0
2023-03-02,5.92,5.92,5.92,5.92,0
2023-03-03,5.92,5.92,5.92,5.92,0
2023-03-06,5.92,5.92,5.92,5.92,0
2023-03-07,5.92,5.92,5.92,5.92,0
2023-03-08,5.92,5.92,5.92,5.92,0
2023-03-09,5.92,5.92,5.92,5.92,0
2023-03-10,5.92,5.92,5.92,5.92,1700
2023-03-13,5.92,6.79,5.92,6.79,4265
2023-03-14,7.49,7.57,5.66,7.57,5600
2023-03-15,7.83,8.27,7.83,8.27,3001
2023-03-16,9.14,9.14,7.05,7.05,607
2023-03-17,6.44,6.44,6.44,6.44,300
2023-03-20,6.09,6.09,6.09,6.09,140
2023-03-21,6.09,6.09,6.09,6.09,0
2023-03-22,6.96,6.96,6.96,6.96,252
2023-03-23,8.01,8.01,8.01,8.01,308
2023-03-24,8.97,9.14,8.88,8.88,1100
2023-03-27,9.14,9.14,9.14,9.14,244
2023-03-28,9.58,9.58,9.58,9.58,100
2023-03-29,9.58,9.58,9.58,9.58,0
2023-03-30,8.18,8.18,8.18,8.18,500
2023-03-31,6.96,6.96,6.96,6.96,500
2023-04-03,8.01,8.01,8.01,8.01,105
2023-04-04,9.14,9.14,9.14,9.14,1700
2023-04-05,9.66,9.66,9.58,9.58,300
2023-04-06,9.58,9.58,9.58,9.58,0
2023-04-07,8.18,8.18,8.18,8.18,1600
2023-04-10,9.4,9.4,9.4,9.4,106
2023-04-11,9.4,9.4,9.4,9.4,0
2023-04-12,8.01,8.01,8.01,8.01,100
2023-04-13,8.01,8.01,8.01,8.01,100
2023-04-14,8.01,8.01,8.01,8.01,0
2023-04-17,8.01,8.01,8.01,8.01,0
2023-04-18,8.01,8.01,8.01,8.01,0
2023-04-19,8.01,8.01,8.01,8.01,0
2023-04-20,8.01,8.01,8.01,8.01,0
2023-04-21,8.01,8.01,8.01,8.01,0
2023-04-24,8.01,8.01,8.01,8.01,0
2023-04-25,8.01,8.01,8.01,8.01,0
2023-04-26,8.01,8.01,8.01,8.01,0
2023-04-27,8.01,8.01,8.01,8.01,0
2023-04-28,8.01,8.01,8.01,8.01,0
2023-05-04,8.01,8.01,8.01,8.01,0
2023-05-05,8.01,8.01,8.01,8.01,0
2023-05-08,8.01,8.01,8.01,8.01,500
2023-05-09,6.88,9.14,6.88,9.14,200
2023-05-10,9.14,9.14,9.14,9.14,100
2023-05-11,9.14,9.14,8.7,8.7,400
2023-05-12,8.88,8.88,8.88,8.88,0
2023-05-15,8.7,8.7,8.62,8.62,200
2023-05-16,8.7,8.7,8.7,8.7,0
2023-05-17,8.7,8.7,8.7,8.7,0
2023-05-18,8.7,8.7,8.7,8.7,0
2023-05-19,8.7,8.7,8.7,8.7,0
2023-05-22,8.53,8.53,7.4,7.4,1100
2023-05-23,7.83,7.83,7.83,7.83,100
2023-05-24,8.27,8.27,8.27,8.27,101
2023-05-25,7.05,7.4,7.05,7.05,1800
2023-05-26,8.1,8.1,6.09,6.96,901
2023-05-29,6.44,6.44,6.44,6.44,100
2023-05-30,6.44,6.44,6.44,6.44,900
2023-05-31,6.18,6.18,5.57,5.57,900
2023-06-01,6.09,6.7,6.09,6.7,300
2023-06-02,6.44,6.44,6.44,6.44,2000
2023-06-05,6.7,6.7,6.7,6.7,100
2023-06-06,6.09,6.09,5.92,5.92,3700
2023-06-07,5.92,5.92,5.92,5.92,1000
2023-06-08,6.09,6.09,6.09,6.09,100
2023-06-09,6.62,6.62,6.62,6.62,100
2023-06-12,6.62,6.62,6.62,6.62,0
2023-06-13,7.57,7.57,7.57,7.57,301
2023-06-14,6.44,6.44,6.44,6.44,1000
2023-06-15,7.4,7.4,6.44,6.44,2708
2023-06-16,6.96,6.96,6.96,6.96,100
2023-06-19,7.14,7.14,7.14,7.14,100
2023-06-20,7.14,7.14,7.14,7.14,0
2023-06-21,7.4,7.4,7.4,7.4,100
2023-06-22,7.66,7.66,7.66,7.66,100
2023-06-23,7.83,7.83,7.83,7.83,200
2023-06-26,6.7,7.83,6.7,7.75,800
2023-06-27,6.27,7.31,6.27,7.31,3100
2023-06-28,7.66,7.66,6.01,7.66,300
2023-06-29,7.14,7.14,7.14,7.14,0
2023-06-30,6.18,7.92,6.18,7.92,500
2023-07-03,7.66,7.66,7.66,7.66,100
2023-07-04,7.66,7.66,7.66,7.66,0
2023-07-05,7.66,7.66,7.66,7.66,0
2023-07-06,7.66,7.66,7.66,7.66,0
2023-07-07,7.66,7.66,7.66,7.66,0
2023-07-10,7.66,7.66,7.66,7.66,0
2023-07-11,7.66,7.66,7.66,7.66,200
2023-07-12,7.66,7.66,7.66,7.66,0
2023-07-13,8.18,8.18,8.18,8.18,100
2023-07-14,8.18,8.18,8.18,8.18,0
2023-07-17,8.18,8.18,8.18,8.18,0
2023-07-18,8.18,8.18,8.18,8.18,0
2023-07-19,8.18,8.18,8.18,8.18,0
2023-07-20,8.18,8.18,8.18,8.18,0
2023-07-21,8.18,8.18,8.18,8.18,0
2023-07-24,8.18,8.18,8.18,8.18,0
2023-07-25,8.18,8.18,8.18,8.18,0
2023-07-26,8.1,9.4,8.1,8.7,2000
2023-07-27,8.27,8.27,8.27,8.27,0
2023-07-28,8.27,8.27,8.27,8.27,1
2023-07-31,9.31,9.31,7.05,8.44,4400
2023-08-01,7.83,7.83,7.83,7.83,0
2023-08-02,7.83,7.83,7.83,7.83,0
2023-08-03,7.83,7.83,7.83,7.83,0
2023-08-04,7.83,7.83,7.83,7.83,0
2023-08-07,8.27,8.27,8.27,8.27,101
2023-08-08,8.27,9.4,8.27,9.4,200
2023-08-09,8.88,8.88,8.88,8.88,0
2023-08-10,8.88,8.88,8.88,8.88,0
2023-08-11,8.88,8.88,8.88,8.88,0
2023-08-14,8.88,8.88,8.88,8.88,0
2023-08-15,8.88,8.88,8.88,8.88,0
2023-08-16,8.88,8.88,8.88,8.88,0
2023-08-17,8.7,8.7,8.7,8.7,100
2023-08-18,9.49,9.49,7.4,8.7,300
2023-08-21,8.53,8.53,8.53,8.53,0
2023-08-22,8.53,8.53,8.53,8.53,0
2023-08-23,7.31,7.31,7.31,7.31,800
2023-08-24,7.92,7.92,7.92,7.92,100
2023-08-25,7.92,7.92,7.92,7.92,0
2023-08-28,7.92,7.92,7.92,7.92,0
2023-08-29,8.62,8.62,8.62,8.62,100
2023-08-30,7.4,8.44,7.4,8.27,4600
2023-08-31,7.4,7.4,7.4,7.4,0
2023-09-05,6.96,6.96,6.96,6.96,1501
2023-09-06,6.53,7.92,6.09,6.53,3800
2023-09-07,7.4,7.4,7.4,7.4,100
2023-09-08,8.27,8.27,8.27,8.27,100
2023-09-11,8.27,8.27,8.27,8.27,0
2023-09-12,8.27,8.27,8.27,8.27,0
2023-09-13,8.27,8.27,8.27,8.27,0
2023-09-14,8.27,8.27,8.27,8.27,100
2023-09-15,8.27,8.27,8.27,8.27,0
2023-09-18,8.27,8.27,8.27,8.27,0
2023-09-19,8.27,8.27,8.27,8.27,0
2023-09-20,8.27,8.27,8.27,8.27,0
2023-09-21,8.27,8.27,8.27,8.27,0
2023-09-22,7.05,7.05,7.05,7.05,3300
2023-09-25,6.44,6.44,6.44,6.44,100
2023-09-26,6.44,6.44,6.44,6.44,0
2023-09-27,6.96,6.96,6.96,6.96,100
2023-09-28,6.96,6.96,6.96,6.96,0
2023-09-29,7.83,7.83,7.83,7.83,100
2023-10-02,6.7,6.7,6.7,6.7,800
2023-10-03,6.7,6.7,6.7,6.7,0
2023-10-04,7.57,7.57,7.57,7.57,100
2023-10-05,8.18,8.18,8.18,8.18,100
2023-10-06,8.18,8.18,8.18,8.18,0
2023-10-09,8.18,8.18,8.18,8.18,0
2023-10-10,8.18,8.18,8.18,8.18,0
2023-10-11,8.18,8.18,8.18,8.18,0
2023-10-12,8.18,8.18,8.18,8.18,0
2023-10-13,8.18,8.18,8.18,8.18,0
2023-10-16,8.18,8.18,8.18,8.18,0
2023-10-17,8.18,8.18,8.18,8.18,0
2023-10-18,8.18,8.18,8.18,8.18,0
2023-10-19,8.18,8.18,8.18,8.18,0
2023-10-20,8.18,8.18,8.18,8.18,0
2023-10-23,8.18,8.18,8.18,8.18,0
2023-10-24,8.18,8.18,8.18,8.18,0
2023-10-25,8.18,8.18,8.18,8.18,0
2023-10-26,8.18,8.18,8.18,8.18,0
2023-10-27,8.18,8.18,8.18,8.18,0
2023-10-30,8.18,8.18,8.18,8.18,0
2023-10-31,8.18,8.18,8.18,8.18,0
2023-11-01,8.18,8.18,8.18,8.18,0
2023-11-02,8.18,8.18,8.18,8.18,0
2023-11-03,8.18,8.18,8.18,8.18,0
2023-11-06,8.18,8.18,8.18,8.18,100
2023-11-07,8.18,8.18,8.18,8.18,0
2023-11-08,8.18,8.18,8.18,8.18,0
2023-11-09,8.18,8.18,8.18,8.18,0
2023-11-10,8.18,8.18,8.18,8.18,0
2023-11-13,8.18,8.18,8.18,8.18,0
2023-11-14,8.18,8.18,8.18,8.18,300
2023-11-15,8.18,8.18,8.18,8.18,0
2023-11-16,8.18,8.18,8.18,8.18,0
2023-11-17,8.18,8.18,8.18,8.18,0
2023-11-20,8.18,8.18,8.18,8.18,0
2023-11-21,8.18,8.18,8.18,8.18,500
2023-11-22,8.18,8.18,8.18,8.18,0
2023-11-23,8.18,8.18,8.18,8.18,0
2023-11-24,8.18,8.18,8.18,8.18,1
2023-11-27,8.18,8.18,8.18,8.18,0
2023-11-28,8.18,8.18,8.18,8.18,0
2023-11-29,8.18,8.18,8.18,8.18,0
2023-11-30,8.18,8.18,8.18,8.18,0
2023-12-01,8.18,8.18,8.18,8.18,0
2023-12-04,7.4,7.4,7.4,7.4,1000
2023-12-05,7.4,7.4,7.4,7.4,100
2023-12-06,6.53,7.31,6.53,7.31,2000
2023-12-07,7.75,7.75,7.75,7.75,100
2023-12-08,8.88,8.88,8.88,8.88,100
2023-12-11,8.88,8.88,8.88,8.88,0
2023-12-12,8.88,8.88,8.88,8.88,0
2023-12-13,9.23,9.23,9.23,9.23,100
2023-12-14,9.23,9.23,9.23,9.23,0
2023-12-15,9.23,9.23,9.23,9.23,0
2023-12-18,9.23,9.23,9.23,9.23,0
2023-12-19,9.23,9.23,9.23,9.23,0
2023-12-20,9.23,9.23,9.23,9.23,0
2023-12-21,9.23,9.23,9.23,9.23,0
2023-12-22,9.23,9.23,9.23,9.23,0
2023-12-25,9.23,9.23,9.23,9.23,0
2023-12-26,9.23,9.23,9.23,9.23,0
2023-12-27,9.23,9.23,9.23,9.23,0
2023-12-28,9.23,9.23,9.23,9.23,0
2023-12-29,9.23,9.23,9.23,9.23,0
2024-01-02,8.62,8.62,8.62,8.62,1000
2024-01-03,8.62,8.62,8.62,8.62,0
2024-01-04,8.62,8.62,8.62,8.62,0
2024-01-05,7.75,7.83,7.75,7.83,500
2024-01-08,8.53,8.53,8.53,8.53,100
2024-01-09,8.62,8.62,8.62,8.62,100
2024-01-10,8.62,8.62,8.62,8.62,0
2024-01-11,8.62,8.62,8.62,8.62,0
2024-01-12,8.62,8.62,8.62,8.62,0
2024-01-15,8.62,8.62,8.62,8.62,0
2024-01-16,8.62,8.62,8.62,8.62,0
2024-01-17,7.49,7.49,7.4,7.4,1800
2024-01-18,8.36,8.36,7.4,7.4,700
2024-01-19,8.62,8.62,8.62,8.62,100
2024-01-22,8.62,8.62,8.62,8.62,0
2024-01-23,8.62,8.62,8.62,8.62,0
2024-01-24,7.4,7.4,7.4,7.4,102
2024-01-25,6.35,6.44,6.35,6.44,700
2024-01-26,7.22,7.22,7.22,7.22,100
2024-01-29,8.27,8.27,8.27,8.27,13800
2024-01-30,8.18,8.7,8.18,8.7,200
2024-01-31,8.79,8.79,8.7,8.7,3100
2024-02-01,10.01,10.01,7.4,7.4,6800
2024-02-02,8.62,8.62,6.96,8.62,1700
2024-02-05,8.7,8.7,8.7,8.7,100
2024-02-06,8.7,8.7,8.7,8.7,0
2024-02-07,7.4,10.01,7.4,8.62,1100
2024-02-15,8.62,8.62,8.62,8.62,100
2024-02-16,9.84,9.84,7.49,7.49,500
2024-02-19,7.66,7.66,7.66,7.66,200
2024-02-20,8.79,8.79,6.7,6.96,800
2024-02-21,6.96,9.14,6.96,9.05,1000
2024-02-22,8.97,8.97,8.97,8.97,100
2024-02-23,8.88,10.18,8.88,10.18,400
2024-02-26,9.58,10.88,9.49,9.58,9100
2024-02-27,9.58,9.58,9.58,9.58,2600
2024-02-28,9.58,9.58,8.18,9.05,1300
2024-02-29,9.14,9.14,9.14,9.14,500
2024-03-01,9.14,9.14,9.14,9.14,0
2024-03-04,8.97,8.97,7.83,7.83,300
2024-03-05,8.62,8.62,7.4,7.4,900
2024-03-06,8.27,8.27,8.27,8.27,0
2024-03-07,8.7,9.49,8.7,9.49,1100
2024-03-08,10.36,10.36,10.27,10.27,200
2024-03-11,9.14,9.14,9.14,9.14,6000
2024-03-12,9.14,9.14,9.14,9.14,0
2024-03-13,10.45,10.45,7.92,8.27,14068
2024-03-14,8.62,8.62,8.27,8.27,8100
2024-03-15,8.27,8.27,8.27,8.27,300
2024-03-18,8.53,8.53,8.27,8.27,200
2024-03-19,8.44,9.4,7.22,7.83,4400
2024-03-20,8.97,8.97,8.44,8.44,800
2024-03-21,7.83,7.83,7.83,7.83,130
2024-03-22,8.62,8.62,7.83,7.83,400
2024-03-25,7.31,9.58,7.31,9.49,12000
2024-03-26,9.58,9.58,9.58,9.58,300
2024-03-27,10.88,10.88,9.58,10.79,700
2024-03-28,11.93,11.93,9.66,11.93,3115
2024-03-29,12.8,12.8,9.58,9.58,20020
2024-04-01,11.14,11.14,11.14,11.14,211
2024-04-02,9.92,9.92,9.92,9.92,500
2024-04-03,11.32,11.32,8.44,8.44,11600
2024-04-04,8.53,9.58,7.49,7.49,1311
2024-04-05,9.92,9.92,7.92,7.92,300
2024-04-08,8.01,9.05,8.01,9.05,200
2024-04-09,7.92,8.88,7.92,8.88,900
2024-04-10,8.97,8.97,8.7,8.7,5000
2024-04-11,8.97,10.1,8.97,10.1,710
2024-04-12,10.27,10.27,10.27,10.27,100
2024-04-15,10.53,10.53,8.79,10.53,500
2024-04-16,10.45,10.45,10.45,10.45,200
2024-04-17,8.88,10.36,8.88,10.36,200
2024-04-19,8.27,10.18,8.27,10.18,200
2024-04-22,7.92,10.27,7.92,10.27,300
2024-04-23,10.27,10.27,10.27,10.27,100
2024-04-24,10.27,10.27,10.27,10.27,0
2024-04-25,8.79,8.79,8.79,8.79,200
2024-04-26,8.79,8.79,8.79,8.79,400
2024-05-02,9.4,9.4,9.4,9.4,100
2024-05-03,9.4,10.18,9.4,9.4,4100
2024-05-06,10.18,10.18,10.18,10.18,100
2024-05-07,10.18,10.18,10.18,10.18,0
2024-05-08,10.27,10.27,10.27,10.27,100
2024-05-09,10.27,10.27,10.27,10.27,0
2024-05-10,10.27,10.27,10.27,10.27,0
2024-05-13,8.79,8.79,8.79,8.79,1800
2024-05-14,10.1,10.1,8.79,10.1,1400
2024-05-15,10.01,10.01,10.01,10.01,100
2024-05-16,10.01,10.01,10.01,10.01,700
2024-05-17,10.18,10.18,10.18,10.18,100
2024-05-20,10.18,11.66,10.18,11.66,4366
2024-05-21,10.84,10.84,10.84,10.84,0
2024-05-22,10.29,10.29,10.29,10.29,200
2024-05-23,11.02,11.02,11.02,11.02,100
2024-05-24,11.02,11.02,11.02,11.02,0
2024-05-27,11.02,11.02,11.02,11.02,0
2024-05-28,11.02,11.02,11.02,11.02,0
2024-05-29,11.02,11.02,11.02,11.02,0
2024-05-30,11.02,11.02,11.02,11.02,0
2024-05-31,11.02,12.67,11.02,12.67,5900
2024-06-03,12.67,14.24,12.67,14.24,6261
2024-06-04,16.26,16.26,16.26,16.26,12405
2024-06-05,17.45,18.64,17.45,18.64,7100
2024-06-06,21.12,21.12,20.2,21.12,5316
2024-06-07,22.96,22.96,22.04,22.96,500
2024-06-10,22.04,25.72,22.04,25.72,4800
2024-06-11,22.96,26.27,22.96,26.27,7700
2024-06-12,28.47,28.65,21.31,21.31,3600
2024-06-13,22.41,28.47,22.41,28.47,805
2024-06-14,22.96,26.54,22.96,26.54,5300
2024-06-17,22.5,30.22,22.5,30.22,3325
2024-06-18,28.47,28.47,27.46,27.46,5500
2024-06-19,31.5,31.5,23.42,23.42,442
2024-06-20,26.63,29.57,22.87,29.57,33802
2024-06-21,33.43,33.43,29.85,33.43,6350
2024-06-24,35.82,37.01,35.73,37.01,4972
2024-06-25,41.7,41.7,41.6,41.6,300
2024-06-26,41.33,41.33,41.33,41.33,113
2024-06-27,41.33,41.33,41.33,41.33,1
2024-06-28,40.41,47.48,40.41,44.08,1914
2024-07-01,51.89,51.89,38.48,51.34,1948
2024-07-02,48.95,48.95,48.95,48.95,221
2024-07-03,56.21,56.21,45.92,55.1,2825
2024-07-04,55.1,55.1,45.46,45.46,3038
2024-07-05,50.51,50.51,50.51,50.51,100
2024-07-08,42.98,42.98,42.98,42.98,507
2024-07-09,49.41,49.41,36.55,36.55,2802
2024-07-10,38.21,38.21,38.21,38.21,100
2024-07-11,43.81,43.9,41.33,41.33,300
2024-07-12,36.55,36.55,36.55,36.55,600
2024-07-15,31.13,31.13,31.13,31.13,700
2024-07-16,35.73,35.73,35.73,35.73,100
2024-07-17,35.73,35.73,35.73,35.73,1
2024-07-18,41.05,41.05,41.05,41.05,100
2024-07-19,34.9,44.91,34.9,34.9,14400
2024-07-22,40.23,40.23,29.76,40.23,2101
2024-07-23,41.6,41.6,41.6,41.6,110
2024-07-24,35.45,35.45,35.45,35.45,600
2024-07-25,35.45,35.45,35.45,35.45,0
2024-07-26,40.69,40.69,30.22,30.22,3500
2024-07-29,26.08,34.81,26.08,26.08,8200
2024-07-30,22.5,30.03,22.5,22.59,1700
2024-07-31,31.68,31.68,23.42,23.42,6400
2024-08-01,22.04,29.39,21.95,29.39,3538
2024-08-02,29.39,30.77,29.39,30.77,4335
2024-08-05,35.36,35.36,35.27,35.36,1509
2024-08-06,40.59,40.59,40.59,40.59,2604
2024-08-07,46.65,46.65,46.65,46.65,335
2024-08-08,46.65,46.65,39.67,46.65,332
2024-08-09,45.92,50.97,37.75,48.68,1608
2024-08-12,47.3,47.3,34.99,44.08,341
2024-08-13,48.4,48.4,36.0,45.92,415
2024-08-14,46.84,47.76,46.84,47.76,224
2024-08-15,40.23,45.92,40.23,45.92,201
2024-08-16,36.64,43.07,36.64,43.07,270
2024-08-19,33.89,33.89,33.89,33.89,704
2024-08-20,38.94,38.94,29.11,36.83,311
2024-08-21,29.85,34.99,29.85,34.99,1107
2024-08-22,32.6,33.06,32.6,33.06,901
2024-08-23,32.14,32.14,32.14,32.14,500
2024-08-26,32.14,32.14,27.37,31.68,1008
2024-08-27,29.21,33.52,28.47,33.06,1500
2024-08-28,33.89,33.89,33.89,33.89,200
2024-08-29,35.45,35.45,35.45,35.45,103
2024-08-30,39.95,39.95,39.95,39.95,105
2024-09-04,33.98,35.36,33.98,35.36,3300
2024-09-05,40.13,40.13,40.13,40.13,120
2024-09-06,45.83,45.83,45.83,45.83,110
2024-09-09,45.83,45.83,45.83,45.83,24
2024-09-10,45.83,45.83,45.83,45.83,0
2024-09-11,45.83,45.83,45.83,45.83,10
2024-09-12,45.83,45.83,45.83,45.83,0
2024-09-13,45.83,45.83,45.83,45.83,0
2024-09-16,45.83,45.83,45.83,45.83,0
2024-09-17,45.83,45.83,45.83,45.83,1
2024-09-18,45.83,45.83,45.83,45.83,0
2024-09-19,45.83,45.83,45.83,45.83,0
2024-09-20,45.83,45.83,45.83,45.83,1
2024-09-23,45.83,45.83,45.83,45.83,0
2024-09-24,45.83,45.83,45.83,45.83,28
2024-09-25,45.83,45.83,45.83,45.83,1
2024-09-26,45.83,45.83,45.83,45.83,0
2024-09-27,45.83,45.83,45.83,45.83,4
2024-09-30,45.83,45.83,45.83,45.83,0
2024-10-01,45.83,45.83,45.83,45.83,0
2024-10-02,45.83,45.83,45.83,45.83,0
2024-10-03,45.83,45.83,45.83,45.83,1
2024-10-04,45.83,45.83,45.83,45.83,0
2024-10-07,45.83,45.83,45.83,45.83,0
2024-10-08,45.83,45.83,45.83,45.83,0
2024-10-09,45.83,45.83,45.83,45.83,0
2024-10-10,45.83,45.83,45.83,45.83,0
2024-10-11,45.83,45.83,45.83,45.83,0
2024-10-14,45.83,45.83,45.83,45.83,0
2024-10-15,45.83,45.83,45.83,45.83,0
2024-10-16,27.55,35.82,27.55,33.52,2400
2024-10-17,34.81,34.81,34.81,34.81,109
2024-10-18,34.81,34.81,34.81,34.81,1
2024-10-21,34.81,34.81,34.81,34.81,1
2024-10-22,39.49,39.49,29.66,29.66,400
2024-10-23,27.37,32.05,27.37,32.05,4823
2024-10-24,33.98,33.98,33.98,33.98,200
2024-10-25,28.93,32.05,28.93,28.93,2200
2024-10-28,24.98,29.48,24.98,29.21,2212
2024-10-29,31.13,31.13,23.42,30.67,700
2024-10-30,33.98,33.98,25.44,31.13,600
2024-10-31,30.22,30.22,30.22,30.22,102
2024-11-01,25.72,27.83,25.72,27.09,1900
2024-11-04,23.14,26.54,23.14,26.45,300
2024-11-05,26.45,26.45,21.77,26.17,900
2024-11-06,26.08,26.08,22.23,25.53,1300
2024-11-07,26.54,26.54,22.23,26.27,600
2024-11-08,26.45,26.45,22.5,26.36,403
2024-11-11,27.37,27.37,22.23,26.82,701
2024-11-12,26.54,30.12,22.87,29.85,1700
2024-11-13,29.76,29.76,23.14,29.57,1000
2024-11-14,29.39,29.39,23.97,29.3,2000
2024-11-15,30.77,30.77,23.6,30.22,900
2024-11-18,27.55,27.55,27.37,27.37,800
2024-11-19,27.37,27.37,27.37,27.37,600
2024-11-20,30.77,30.77,23.69,23.79,1300
2024-11-21,27.46,27.46,22.13,27.09,800
2024-11-22,27.18,27.18,23.05,26.91,1000
2024-11-25,27.55,27.55,23.24,26.54,801
2024-11-26,29.3,29.3,23.14,28.29,1013
2024-11-27,28.1,28.1,22.59,27.28,900
2024-11-28,28.38,28.38,28.38,28.38,100
2024-11-29,24.15,28.29,24.15,27.55,520
2024-12-02,28.29,28.29,23.24,24.34,1100
2024-12-03,28.19,28.19,28.19,28.19,100
2024-12-04,23.97,28.29,23.97,24.34,1600
2024-12-05,22.23,27.46,22.23,27.46,302
2024-12-06,24.15,24.15,24.15,24.15,100
2024-12-09,24.15,27.0,24.15,27.0,400
2024-12-10,22.41,27.83,22.41,26.27,1100
2024-12-11,22.23,25.81,22.23,25.81,300
2024-12-12,23.79,23.79,23.79,23.79,300
2024-12-13,23.69,23.69,23.69,23.69,400
2024-12-16,21.4,21.4,21.4,21.4,111
2024-12-17,24.52,24.52,24.43,24.43,2100
2024-12-18,24.43,24.43,24.43,24.43,0
2024-12-19,27.92,27.92,20.85,25.44,1501
2024-12-20,20.3,25.16,20.3,25.16,4000
2024-12-23,22.13,24.7,22.13,24.61,300
2024-12-24,23.79,23.79,23.79,23.79,0
2024-12-25,21.31,21.31,20.76,21.12,1510
2024-12-26,21.12,21.12,19.19,21.03,3400
2024-12-27,21.12,22.32,18.74,21.95,710
2024-12-30,20.85,20.85,20.66,20.76,2400
2024-12-31,23.79,23.79,18.83,19.47,5900
2025-01-02,21.49,24.43,21.49,24.43,202
2025-01-03,20.94,26.36,19.56,26.36,7900
2025-01-06,26.08,29.57,25.72,29.57,1700
2025-01-07,29.39,31.87,28.47,31.23,2110
2025-01-08,30.31,30.31,30.31,30.31,101
2025-01-09,30.22,34.81,25.9,34.44,1723
2025-01-10,36.0,36.0,26.63,26.63,584
2025-01-13,30.22,30.22,30.22,30.22,0
2025-01-14,34.44,34.44,25.72,25.72,304
2025-01-15,33.06,33.06,32.14,32.14,402
2025-01-16,36.74,36.74,27.74,35.82,320
2025-01-17,28.47,28.47,28.47,28.47,626
2025-01-20,32.7,32.7,24.52,24.52,235
2025-01-21,24.61,24.61,24.61,24.61,140
2025-01-22,28.19,28.19,28.19,28.19,174
2025-01-23,28.19,28.19,28.19,28.19,1
2025-01-24,28.19,32.24,28.19,32.24,316
2025-02-03,32.05,32.05,32.05,32.05,101
2025-02-04,27.28,31.59,27.28,31.59,200
2025-02-05,29.48,29.48,29.48,29.48,5
2025-02-06,33.8,33.8,25.35,32.97,320
2025-02-07,30.67,30.67,30.67,30.67,10
2025-02-10,26.27,31.96,26.27,31.96,300
2025-02-11,24.7,24.7,23.97,23.97,3432
2025-02-12,24.25,27.64,24.15,27.64,2100
2025-02-13,27.83,27.92,27.18,27.18,502
2025-02-14,27.74,27.74,27.74,27.74,0
2025-02-17,26.91,26.91,26.73,26.73,200
2025-02-18,22.87,26.36,22.87,25.72,826
2025-02-19,25.99,25.99,21.95,24.98,600
2025-02-20,24.98,25.16,24.98,25.07,600
2025-02-21,25.44,25.44,25.35,25.35,200
2025-02-24,25.35,28.29,23.05,25.62,1000
2025-02-25,24.34,26.91,22.13,26.91,500
2025-02-26,26.91,26.91,23.88,23.88,400
2025-02-27,23.88,25.53,22.59,25.44,1519
2025-02-28,25.99,25.99,25.99,25.99,101
2025-03-03,22.41,25.81,22.41,25.81,806
2025-03-04,25.53,25.53,25.53,25.53,177
2025-03-05,22.13,25.35,22.13,25.26,400
2025-03-06,26.54,26.54,26.54,26.54,114
2025-03-07,26.54,26.54,26.54,26.54,30
2025-03-10,22.59,25.62,22.59,22.68,715
2025-03-11,25.44,25.44,24.8,25.44,900
2025-03-12,26.91,26.91,22.13,26.91,300
2025-03-13,22.23,26.08,22.23,26.08,206
2025-03-14,25.53,25.53,21.86,22.96,515
2025-03-17,25.07,25.07,23.88,23.88,706
2025-03-18,25.07,25.16,25.07,25.16,910
2025-03-19,25.16,25.16,25.16,25.16,0
2025-03-20,24.8,27.64,24.8,25.62,900
2025-03-21,25.62,25.62,25.62,25.62,0
2025-03-24,22.32,22.32,22.32,22.32,1401
2025-03-25,22.32,22.32,22.32,22.32,200
2025-03-26,25.53,25.53,22.41,22.41,200
2025-03-27,27.37,27.46,23.88,23.88,402
2025-03-28,25.62,25.62,25.62,25.62,0
2025-03-31,25.62,25.62,25.62,25.62,0
2025-04-01,23.79,23.79,22.13,22.32,3900
2025-04-02,25.35,25.35,25.35,25.35,102
2025-04-03,25.35,25.35,25.35,25.35,3
2025-04-04,25.35,25.35,25.35,25.35,5
2025-04-08,23.51,23.51,23.51,23.51,100
2025-04-09,22.04,22.04,22.04,22.04,924
2025-04-10,24.15,24.15,24.06,24.06,500
2025-04-11,23.79,23.79,23.79,23.79,100
2025-04-14,23.79,23.79,23.79,23.79,1
2025-04-15,23.79,23.79,23.79,23.79,0
2025-04-16,21.31,21.31,20.66,20.66,757
2025-04-17,22.59,22.59,18.46,22.23,1519
2025-04-18,24.8,24.89,22.23,22.23,602
2025-04-21,27.55,27.55,22.23,22.23,700
2025-04-22,22.5,23.69,22.5,23.69,1105
2025-04-23,25.62,25.62,25.62,25.62,100
2025-04-24,21.86,24.25,21.86,24.25,317
2025-04-25,23.79,23.79,23.79,23.79,106
2025-04-28,27.18,27.28,20.76,20.76,700
2025-04-29,25.9,25.9,25.9,25.9,5
2025-05-05,22.04,24.61,22.04,23.42,800
2025-05-06,23.42,23.42,23.42,23.42,400
2025-05-07,23.33,23.33,22.87,22.87,200
2025-05-08,23.14,23.14,23.14,23.14,0
2025-05-09,23.14,23.14,23.14,23.14,0
2025-05-12,22.04,22.87,19.93,22.87,1000
2025-05-13,23.42,23.51,18.92,22.87,1400
2025-05-14,23.05,23.05,23.05,23.05,116
2025-05-15,22.41,22.5,19.75,21.77,6200
2025-05-16,21.67,21.67,21.67,21.67,100
2025-05-19,21.67,21.67,21.67,21.67,0
2025-05-20,21.67,21.67,21.67,21.67,0
2025-05-21,21.4,21.4,21.4,21.4,400
2025-05-22,19.01,19.1,18.83,18.83,6832
2025-05-23,17.63,19.75,17.63,19.75,206
2025-05-26,16.71,20.39,16.71,16.9,600
2025-05-27,20.2,20.2,20.2,20.2,136
2025-05-28,17.36,20.2,17.36,20.2,300
2025-05-29,19.93,19.93,15.61,18.92,33301
2025-05-30,16.53,18.18,13.59,17.27,46000
2025-06-02,15.89,15.89,12.49,15.06,1500
2025-06-03,15.61,16.26,14.88,15.43,24800
2025-06-04,15.25,15.89,14.69,15.89,14301
2025-06-05,15.89,16.16,15.89,15.89,6600
2025-06-06,16.07,16.62,16.07,16.53,8100
2025-06-09,16.9,17.08,16.62,16.62,5500
2025-06-10,16.81,16.81,16.44,16.44,500
2025-06-11,16.53,16.53,16.44,16.44,700
2025-06-12,16.44,16.44,16.44,16.44,4300
2025-06-13,16.44,16.44,16.44,16.44,1000
2025-06-16,14.33,16.44,14.33,16.44,1100
2025-06-17,15.98,15.98,15.61,15.61,6700
2025-06-18,15.7,16.26,15.7,16.26,700
2025-06-19,16.35,16.99,16.16,16.9,14200
2025-06-20,17.27,17.45,16.81,17.08,4200
2025-06-23,16.99,17.36,16.99,17.36,7742
2025-06-24,17.17,17.17,16.81,16.9,3658
2025-06-25,16.9,17.0,14.7,15.6,916
2025-06-26,16.8,16.8,16.7,16.7,858
2025-06-27,15.7,16.0,15.7,16.0,2052
2025-06-30,15.8,15.8,15.8,15.8,2800
2025-07-01,16.8,16.8,16.5,16.6,800
2025-07-02,16.0,16.2,16.0,16.2,1900
2025-07-03,16.0,16.0,16.0,16.0,2700
2025-07-04,15.9,16.0,15.8,15.9,4300
2025-07-07,15.8,15.8,15.8,15.8,1709
2025-07-08,15.8,15.8,15.4,15.5,3300
2025-07-09,15.5,15.8,15.5,15.6,6300
2025-07-10,15.8,16.0,15.8,16.0,1000
2025-07-11,16.0,16.1,16.0,16.1,1500
2025-07-15,16.1,16.1,16.1,16.1,1200
2025-07-16,16.0,16.0,16.0,16.0,200
2025-07-21,16.0,16.0,16.0,16.0,300
2025-07-22,15.8,15.9,15.8,15.8,1800
2025-07-23,15.9,15.9,15.9,15.9,2200
2025-07-24,15.8,15.8,15.5,15.5,2100
2025-07-25,15.4,15.4,15.4,15.4,700
2025-07-28,15.4,15.4,15.4,15.4,700
2025-07-29,16.0,16.0,15.4,15.4,4500
2025-07-30,15.4,15.7,15.4,15.4,4500
2025-08-05,13.8,15.0,13.8,15.0,600
2025-08-06,14.6,14.6,14.6,14.6,2800
2025-08-08,15.7,15.7,14.0,14.0,800
2025-08-11,14.1,14.2,14.0,14.2,2600
2025-08-12,15.8,15.8,15.6,15.6,500
2025-08-13,14.1,15.3,14.1,15.3,200
2025-08-14,15.0,15.0,15.0,15.0,900
2025-08-15,15.0,15.6,15.0,15.6,700
2025-08-19,15.2,15.2,13.8,15.2,700
2025-08-22,14.0,14.5,14.0,14.5,800
2025-08-25,14.4,14.4,14.4,14.4,300
2025-08-29,16.5,16.5,16.4,16.4,10200
2025-09-05,16.0,16.0,16.0,16.0,100
2025-09-19,16.0,18.4,16.0,18.4,21200
2025-09-22,18.4,20.9,17.5,19.8,6500
2025-09-23,19.8,20.1,17.3,20.1,7600
2025-09-24,18.5,20.0,15.8,16.2,7300
2025-09-25,17.6,18.5,15.0,18.5,7400
2025-09-26,15.2,17.1,13.1,17.1,6700
2025-09-29,13.2,15.3,13.2,15.3,400
2025-09-30,15.0,15.0,12.2,13.1,4800
2025-10-01,15.4,15.4,14.0,14.0,1700
2025-10-06,14.3,14.3,14.3,14.3,300
2025-10-07,14.3,14.3,13.1,13.1,1100
2025-10-08,13.2,13.2,13.2,13.2,3100
2025-10-09,12.8,12.8,12.8,12.8,1500
2025-10-10,13.8,13.8,13.5,13.5,1000
2025-10-13,13.5,13.5,13.0,13.0,2000
2025-10-16,12.0,12.7,12.0,12.7,400
