time,open,high,low,close,volume
2006-12-20,25.83,29.19,25.83,29.19,21500
2006-12-21,28.07,28.07,26.39,26.39,24600
2006-12-22,25.66,25.66,25.66,25.66,300
2006-12-25,24.14,24.14,23.13,23.13,2500
2006-12-26,20.89,20.89,20.89,20.89,16400
2006-12-27,20.89,20.89,20.77,20.77,3100
2006-12-28,21.33,22.46,21.28,20.77,3900
2006-12-29,21.9,21.9,20.89,20.89,10500
2007-01-02,20.94,20.94,20.21,20.89,5300
2007-01-03,20.72,20.72,18.64,20.21,1900
2007-01-04,21.9,21.9,20.49,20.49,800
2007-01-05,20.55,20.55,20.16,20.16,3000
2007-01-08,20.77,20.77,19.65,20.77,4400
2007-01-09,20.66,21.28,20.44,21.28,10700
2007-01-10,21.33,22.74,21.33,22.68,6400
2007-01-11,22.46,22.46,22.46,22.46,2000
2007-01-12,22.63,22.63,21.33,21.9,3000
2007-01-15,23.02,23.02,21.9,22.57,2700
2007-01-16,24.98,24.98,21.9,22.46,11500
2007-01-17,22.46,22.46,22.18,22.18,1500
2007-01-18,21.33,21.9,21.33,21.33,2100
2007-01-19,21.9,21.9,21.9,21.9,100
2007-01-22,21.62,21.9,21.33,21.9,3600
2007-01-23,22.46,22.46,20.77,20.77,6900
2007-01-24,21.05,22.46,20.77,22.46,3800
2007-01-25,23.02,23.36,20.77,22.18,5000
2007-01-26,21.9,21.9,21.05,21.9,3500
2007-01-29,21.9,21.9,21.9,21.9,0
2007-01-30,19.93,21.45,19.93,21.45,5500
2007-01-31,20.77,20.77,20.21,20.21,2000
2007-02-01,20.89,21.33,20.77,20.77,9500
2007-02-02,20.49,21.62,20.49,21.45,22700
2007-02-05,21.9,22.46,21.33,21.9,13300
2007-02-06,22.46,23.02,22.46,22.74,9000
2007-02-07,23.19,24.76,23.02,24.76,40000
2007-02-08,26.72,26.72,26.72,26.72,36100
2007-02-09,29.36,29.36,25.83,26.95,59600
2007-02-12,31.89,31.89,27.23,31.89,55800
2007-02-13,34.53,34.7,32.0,34.7,47000
2007-02-14,35.09,37.5,35.09,37.5,36600
2007-02-15,37.34,40.31,37.34,40.31,30300
2007-02-26,43.29,43.29,42.0,43.29,15600
2007-02-27,47.55,47.55,47.55,47.55,7600
2007-02-28,52.27,52.27,49.86,52.27,64500
2007-03-01,56.14,56.14,48.28,51.82,49100
2007-03-02,53.34,53.34,46.77,51.82,49300
2007-03-05,53.34,55.58,49.97,51.93,48800
2007-03-06,51.71,53.34,51.65,52.78,24400
2007-03-07,52.78,52.78,50.53,50.53,29100
2007-03-08,51.65,51.65,49.97,50.81,26200
2007-03-09,52.78,52.78,48.85,50.25,8300
2007-03-12,50.81,50.81,48.28,49.97,13500
2007-03-13,48.85,49.41,48.28,48.85,15300
2007-03-14,49.41,53.62,47.16,48.85,34600
2007-03-15,43.9,49.97,43.9,47.16,16800
2007-03-16,47.72,50.53,46.32,50.53,20800
2007-03-19,52.21,52.49,50.53,52.21,30800
2007-03-20,55.02,55.75,52.27,53.06,31300
2007-03-21,53.34,53.62,51.65,52.21,18200
2007-03-22,52.49,52.78,49.41,49.97,9300
2007-03-23,47.72,49.97,47.72,48.85,5000
2007-03-26,48.85,48.85,44.19,48.85,7500
2007-03-27,44.92,44.92,41.1,48.85,1300
2007-03-28,37.62,45.81,37.5,45.76,14900
2007-03-29,44.47,44.47,44.47,44.47,7000
2007-03-30,48.28,48.9,45.48,44.47,12800
2007-04-02,44.35,44.47,42.78,42.78,3000
2007-04-03,39.47,40.54,39.47,40.54,9400
2007-04-04,40.42,42.67,40.42,42.11,8900
2007-04-05,43.74,44.35,39.86,39.86,15100
2007-04-06,40.42,40.42,39.36,40.14,6900
2007-04-09,39.86,40.42,39.3,40.42,2700
2007-04-10,40.42,40.42,39.3,39.3,6300
2007-04-11,39.86,40.14,39.86,40.14,2800
2007-04-12,39.97,39.97,36.49,36.49,5000
2007-04-13,38.74,39.3,36.49,37.62,9900
2007-04-16,34.25,34.25,33.85,33.85,700
2007-04-17,30.88,33.69,30.88,32.0,17800
2007-04-18,30.88,36.21,30.88,36.21,8600
2007-04-19,36.33,36.33,33.13,33.13,10400
2007-04-20,34.58,34.64,33.69,34.58,2700
2007-04-23,32.84,33.69,31.44,31.44,6900
2007-04-24,31.72,31.72,29.48,31.16,2000
2007-04-25,31.44,33.13,30.43,32.56,7400
2007-05-02,32.0,32.0,30.6,30.6,3100
2007-05-03,32.56,33.13,32.0,33.13,4600
2007-05-04,32.0,32.56,31.83,32.11,5300
2007-05-07,29.19,31.44,29.19,30.94,1300
2007-05-08,33.74,33.74,33.13,33.69,8700
2007-05-09,36.49,36.49,32.56,32.56,1700
2007-05-10,35.37,35.37,33.63,33.69,1700
2007-05-11,33.69,33.69,32.84,33.41,4900
2007-05-14,33.69,34.81,33.41,33.46,8200
2007-05-15,33.52,33.52,32.56,32.84,6500
2007-05-16,33.41,33.41,32.0,32.0,6800
2007-05-17,32.45,32.45,32.28,32.45,3000
2007-05-18,32.0,32.56,32.0,32.0,3300
2007-05-21,33.69,35.2,33.69,35.2,10500
2007-05-22,37.06,37.45,36.04,37.45,13400
2007-05-23,41.1,41.1,39.3,39.3,47700
2007-05-24,41.27,41.27,37.62,38.74,11000
2007-05-25,35.48,38.74,35.48,37.73,7900
2007-05-28,37.39,37.9,37.39,37.62,8600
2007-05-29,37.62,37.62,35.37,36.49,4100
2007-05-30,35.37,35.93,34.81,35.88,9200
2007-05-31,35.76,36.49,35.37,36.49,7900
2007-06-01,35.65,39.3,33.69,37.34,34300
2007-06-04,36.49,36.49,35.93,36.49,7700
2007-06-05,35.93,36.49,35.93,36.49,8000
2007-06-06,37.62,37.62,36.49,37.06,8400
2007-06-07,37.62,37.62,35.93,35.93,5800
2007-06-08,35.99,36.49,35.37,35.37,4100
2007-06-11,34.81,34.81,33.97,33.97,2500
2007-06-12,34.75,34.75,34.53,34.53,4400
2007-06-13,35.93,35.93,34.25,34.25,4900
2007-06-14,33.97,33.97,33.69,33.85,6400
2007-06-15,33.69,33.97,33.69,33.69,4500
2007-06-18,34.02,34.25,33.69,33.69,2300
2007-06-19,33.69,33.69,33.29,33.69,4700
2007-06-20,33.13,33.13,32.56,32.56,3800
2007-06-21,32.56,32.68,32.56,32.68,1800
2007-06-22,32.0,32.56,32.0,32.56,7400
2007-06-25,33.63,33.63,33.63,33.63,100
2007-06-26,33.63,33.63,33.63,33.63,100
2007-06-27,33.13,33.13,32.0,32.0,4000
2007-06-28,32.0,32.0,30.88,30.88,100
2007-06-29,33.69,33.69,33.13,32.84,900
2007-07-02,32.56,32.56,30.88,30.88,2400
2007-07-03,30.88,30.88,30.32,30.32,600
2007-07-04,30.88,31.44,30.32,31.38,9100
2007-07-05,30.88,32.56,30.88,30.6,2400
2007-07-06,30.32,30.32,30.32,30.32,3900
2007-07-09,28.07,29.76,28.07,29.76,2500
2007-07-10,30.32,30.32,29.19,30.32,6600
2007-07-11,30.32,30.88,30.32,30.77,4100
2007-07-12,29.76,29.76,29.76,29.76,1500
2007-07-13,28.63,29.76,28.63,29.19,2000
2007-07-16,28.63,28.63,27.51,27.68,4800
2007-07-17,27.51,28.07,26.39,28.07,4500
2007-07-18,27.51,28.07,27.51,28.02,3100
2007-07-19,26.95,27.51,26.95,27.51,1100
2007-07-20,27.51,28.07,27.51,28.07,1100
2007-07-23,28.07,28.63,27.51,27.51,5800
2007-07-24,27.51,27.51,26.95,27.01,2900
2007-07-25,27.51,27.51,26.39,26.28,1400
2007-07-26,26.39,26.95,25.83,26.67,2400
2007-07-27,26.39,26.39,26.39,26.11,1800
2007-07-30,25.83,25.83,25.83,25.55,1200
2007-07-31,25.26,25.83,23.58,24.14,2700
2007-08-01,27.51,27.51,23.58,25.77,2500
2007-08-02,26.39,26.39,25.26,24.98,3700
2007-08-03,26.39,26.39,24.14,23.86,2700
2007-08-06,26.95,26.95,24.14,23.86,1300
2007-08-07,26.95,26.95,24.7,24.87,1100
2007-08-08,27.51,27.51,23.02,23.02,2700
2007-08-09,26.39,26.39,23.58,25.71,3100
2007-08-10,27.51,27.51,25.26,25.26,600
2007-08-13,28.07,28.07,24.14,24.25,700
2007-08-14,25.26,25.26,24.7,25.26,3100
2007-08-15,26.39,26.95,24.14,24.53,2800
2007-08-16,25.26,25.26,23.58,24.14,3400
2007-08-17,25.26,25.26,24.14,25.04,3100
2007-08-20,26.95,26.95,24.14,23.97,1900
2007-08-21,26.95,26.95,24.14,24.59,1000
2007-08-22,26.95,26.95,23.58,24.14,7000
2007-08-23,26.39,26.39,22.46,22.63,8800
2007-08-24,25.26,25.26,23.02,23.02,4500
2007-08-27,24.7,24.7,22.46,22.46,2600
2007-08-28,25.26,25.26,22.46,22.46,2700
2007-08-29,25.26,25.26,23.02,23.02,1900
2007-08-30,25.83,25.83,23.02,23.19,3300
2007-08-31,25.83,25.83,23.02,23.75,5900
2007-09-04,23.58,24.14,23.58,23.58,5700
2007-09-05,25.83,25.83,23.58,24.7,9000
2007-09-06,26.95,27.51,23.58,23.86,13500
2007-09-07,26.39,26.39,24.7,25.55,14800
2007-09-10,28.07,28.07,25.26,26.44,15500
2007-09-11,28.63,29.19,26.39,26.67,9300
2007-09-12,24.25,29.19,24.25,26.11,10100
2007-09-13,29.19,29.19,24.2,25.38,7600
2007-09-14,23.3,24.87,23.3,24.53,13200
2007-09-17,22.18,24.98,22.18,24.7,27800
2007-09-18,24.03,24.09,24.03,24.03,20900
2007-09-19,24.48,24.7,24.03,24.03,12700
2007-09-20,24.42,24.48,24.2,24.25,11200
2007-09-21,24.14,24.14,23.86,23.86,13200
2007-09-24,23.69,24.09,23.58,24.09,12900
2007-09-25,24.14,24.7,24.14,24.7,16700
2007-09-26,25.26,25.26,24.7,25.04,12500
2007-09-27,25.04,25.04,24.14,24.48,4500
2007-09-28,24.87,25.26,24.42,25.26,31600
2007-10-01,25.99,27.34,25.99,27.34,5200
2007-10-02,29.98,29.98,29.98,29.98,37000
2007-10-03,32.96,32.96,30.88,32.96,85200
2007-10-04,36.1,36.1,33.69,36.1,44900
2007-10-05,39.41,39.41,33.41,37.34,85900
2007-10-08,38.68,38.74,35.2,35.2,20600
2007-10-09,32.11,33.13,32.06,32.06,23800
2007-10-10,29.19,34.47,28.86,34.47,36300
2007-10-11,33.69,35.26,33.69,34.81,38000
2007-10-12,34.81,34.81,32.28,33.13,32300
2007-10-15,33.63,36.44,33.13,36.38,82600
2007-10-16,38.63,38.63,37.34,38.63,91500
2007-10-17,41.83,42.05,35.37,35.43,33900
2007-10-18,35.37,35.37,34.19,34.19,25700
2007-10-19,34.25,36.44,33.69,35.93,25000
2007-10-22,36.21,36.49,34.25,35.37,24800
2007-10-23,35.31,36.1,34.81,35.37,19200
2007-10-24,34.81,35.43,34.3,34.98,36500
2007-10-25,38.18,38.18,35.09,35.82,43700
2007-10-26,36.49,37.62,35.37,36.21,43200
2007-10-29,34.81,36.49,33.69,35.65,27300
2007-10-30,35.88,35.93,34.53,34.81,11500
2007-10-31,35.09,35.09,33.41,33.69,11600
2007-11-01,30.88,35.93,30.88,35.93,36900
2007-11-02,37.06,37.06,35.37,35.93,43000
2007-11-05,36.04,36.04,33.69,34.25,12900
2007-11-06,32.84,32.9,32.28,32.79,16000
2007-11-07,32.84,34.81,32.84,33.97,18600
2007-11-08,34.25,34.25,32.34,32.56,10800
2007-11-09,32.56,32.73,30.88,31.33,11000
2007-11-12,30.32,30.32,28.91,29.19,27300
2007-11-13,28.07,28.07,26.72,26.72,16700
2007-11-14,25.26,29.87,25.26,29.87,10900
2007-11-15,29.76,30.32,28.07,29.08,13700
2007-11-16,28.07,29.42,28.07,29.42,3500
2007-11-19,31.38,31.38,29.19,29.76,3500
2007-11-20,28.91,29.76,28.91,29.19,5900
2007-11-21,28.63,28.91,28.07,28.63,8700
2007-11-22,29.48,29.76,28.75,29.19,10300
2007-11-23,28.35,28.35,28.35,28.35,100
2007-11-26,29.14,30.04,28.41,29.25,12500
2007-11-27,30.71,30.88,29.19,29.48,7800
2007-11-28,30.6,30.65,29.76,30.04,5100
2007-11-29,30.32,30.32,29.76,30.04,6900
2007-11-30,29.19,29.7,29.03,29.48,4000
2007-12-03,28.69,30.04,28.07,29.76,11200
2007-12-04,29.76,32.28,29.76,31.72,28000
2007-12-05,31.44,32.0,30.04,30.88,15000
2007-12-06,30.99,30.99,30.32,30.88,13500
2007-12-07,30.88,30.88,30.32,30.77,13000
2007-12-10,30.43,30.6,30.04,30.04,3800
2007-12-11,31.16,31.16,28.52,29.36,6400
2007-12-12,28.35,30.04,28.18,28.91,9800
2007-12-13,29.76,29.76,28.35,28.35,3100
2007-12-14,28.63,29.76,28.63,28.69,4000
2007-12-17,28.97,28.97,28.07,28.07,5100
2007-12-18,26.44,28.52,26.44,28.52,8200
2007-12-19,28.07,29.48,28.07,29.19,8700
2007-12-20,29.76,29.76,28.35,28.35,3100
2007-12-21,28.07,28.63,28.07,28.35,10000
2007-12-24,28.13,28.18,27.79,27.85,6700
2007-12-25,28.07,28.07,27.51,27.51,3900
2007-12-26,27.79,28.07,27.17,27.74,8600
2007-12-27,27.29,27.29,27.12,27.17,6300
2007-12-28,27.4,28.07,27.4,28.07,8500
2008-01-02,28.07,28.07,26.95,26.95,1300
2008-01-03,27.79,27.79,26.39,26.39,6900
2008-01-04,26.16,26.39,25.32,25.83,4100
2008-01-07,25.32,25.38,24.25,24.7,5500
2008-01-08,24.2,26.39,24.2,24.82,13100
2008-01-09,25.26,25.26,24.14,24.14,2600
2008-01-10,24.98,24.98,22.46,22.46,11800
2008-01-11,22.74,23.58,22.74,22.79,13900
2008-01-14,23.3,23.3,21.95,22.18,7900
2008-01-15,20.32,20.77,20.21,20.77,18400
2008-01-16,21.33,22.35,21.33,22.35,3800
2008-01-17,23.58,24.42,21.9,23.02,14300
2008-01-18,21.95,24.09,21.67,23.86,6300
2008-01-21,23.58,23.58,21.95,23.47,8600
2008-01-22,21.45,22.51,21.45,22.46,3600
2008-01-23,22.46,22.57,20.77,21.62,7500
2008-01-24,21.45,21.9,21.05,21.05,14900
2008-01-25,21.33,21.62,20.77,21.33,5400
2008-01-28,21.33,21.62,21.33,21.33,7200
2008-01-29,21.67,23.02,21.33,23.02,11600
2008-01-30,24.53,24.53,24.53,24.53,5700
2008-01-31,24.14,25.26,23.02,24.59,8800
2008-02-01,24.7,26.39,24.7,26.33,26300
2008-02-12,26.28,27.79,25.77,26.39,22900
2008-02-13,27.79,28.63,25.83,26.22,19200
2008-02-14,25.83,26.39,25.83,26.39,15300
2008-02-15,25.26,27.45,25.26,26.11,15000
2008-02-18,24.82,24.82,24.14,24.14,8800
2008-02-19,24.42,26.11,24.09,24.7,12300
2008-02-20,24.7,24.82,22.23,22.46,6100
2008-02-21,21.9,21.9,21.33,21.33,12700
2008-02-22,19.37,23.02,19.26,21.62,12300
2008-02-25,20.27,22.29,20.27,22.29,8000
2008-02-26,23.3,23.3,19.99,20.04,9000
2008-02-27,21.05,21.9,20.77,20.77,14900
2008-02-28,20.77,21.28,20.77,21.28,2900
2008-02-29,20.77,20.77,19.09,20.27,8600
2008-03-03,20.27,20.38,18.25,18.25,13700
2008-03-04,16.9,16.9,16.73,16.73,11100
2008-03-05,15.16,16.0,15.16,16.0,23800
2008-03-06,16.79,16.79,16.79,16.79,1800
2008-03-07,18.42,18.42,18.42,18.42,4700
2008-03-10,20.21,20.21,19.37,19.93,47300
2008-03-11,18.81,19.09,18.08,18.08,11900
2008-03-12,19.09,19.93,18.98,19.03,10900
2008-03-13,20.21,20.49,19.37,19.65,10500
2008-03-14,19.09,19.09,18.81,18.81,9100
2008-03-17,17.4,17.4,17.12,17.12,8500
2008-03-18,15.61,15.72,15.55,15.55,12600
2008-03-19,16.84,17.12,14.6,15.16,9100
2008-03-20,15.72,15.72,14.93,14.93,4700
2008-03-21,14.26,14.32,13.98,14.04,47000
2008-03-24,14.04,14.04,12.63,12.63,35900
2008-03-25,11.57,12.18,11.51,11.51,8100
2008-03-26,12.35,12.63,11.23,12.58,33600
2008-03-27,12.63,12.63,12.63,12.63,100
2008-03-28,12.86,12.86,12.86,12.86,800
2008-03-31,13.08,13.08,13.08,13.08,200
2008-04-01,13.31,13.31,13.31,13.31,100
2008-04-02,13.53,13.53,13.53,13.53,100
2008-04-03,13.76,13.76,13.76,13.76,1000
2008-04-04,13.98,13.98,13.98,13.98,1000
2008-04-07,14.37,14.37,14.32,14.37,52900
2008-04-08,14.77,14.77,13.98,14.2,58500
2008-04-09,14.71,14.88,14.15,14.15,15600
2008-04-10,13.81,13.81,13.81,13.81,3800
2008-04-11,13.42,14.2,13.42,14.15,46300
2008-04-16,13.19,13.31,13.19,13.19,11000
2008-04-17,12.8,13.59,12.8,13.59,17400
2008-04-18,13.76,13.81,13.03,13.03,5300
2008-04-21,13.08,13.08,13.03,13.03,3300
2008-04-22,12.69,12.69,12.69,12.69,5900
2008-04-23,12.35,12.35,12.35,12.35,1900
2008-04-24,12.01,12.63,12.01,12.01,11800
2008-04-25,11.73,11.79,11.73,11.79,13500
2008-04-28,11.51,12.07,11.4,11.4,7400
2008-04-29,11.73,11.73,11.17,11.17,7100
2008-05-05,10.95,10.95,10.95,10.95,4900
2008-05-06,10.67,10.67,10.67,10.67,700
2008-05-07,10.39,10.39,10.39,10.39,2700
2008-05-08,10.11,10.11,10.11,10.11,6800
2008-05-09,9.83,10.11,9.83,9.83,8200
2008-05-12,9.6,9.6,9.6,9.6,2600
2008-05-13,9.32,9.32,9.32,9.32,800
2008-05-14,9.1,9.1,9.1,9.1,100
2008-05-15,8.87,8.98,8.87,8.87,11400
2008-05-16,8.7,9.1,8.65,8.7,15700
2008-05-19,8.7,8.7,8.59,8.59,2800
2008-05-20,8.37,8.76,8.37,8.37,5200
2008-05-21,8.14,8.14,8.14,8.14,3400
2008-05-22,7.92,7.92,7.92,7.92,10000
2008-05-23,7.69,7.69,7.69,7.69,3500
2008-05-26,7.47,7.47,7.47,7.47,100
2008-05-27,7.3,7.3,7.3,7.3,1900
2008-05-28,7.13,7.47,7.13,7.47,9500
2008-05-29,7.3,7.47,7.13,7.24,26600
2008-05-30,7.13,7.35,7.07,7.07,14800
2008-06-02,7.02,7.02,6.96,7.02,8100
2008-06-03,6.79,6.79,6.79,6.79,3600
2008-06-04,6.63,6.63,6.63,6.63,800
2008-06-05,6.46,6.46,6.46,6.46,2100
2008-06-06,6.29,6.29,6.29,6.29,4400
2008-06-09,6.12,6.18,6.12,6.12,6400
2008-06-10,6.01,6.34,6.01,6.34,20700
2008-06-11,6.34,6.34,6.34,6.34,3600
2008-06-12,6.51,6.51,6.34,6.51,7000
2008-06-13,6.63,6.63,6.63,6.63,2000
2008-06-16,6.79,6.79,6.79,6.79,100
2008-06-17,6.96,6.96,6.96,6.96,500
2008-06-18,7.13,7.13,6.79,6.79,22800
2008-06-19,6.79,6.79,6.79,6.79,6400
2008-06-20,6.57,6.74,6.57,6.68,16300
2008-06-23,6.4,6.85,6.4,6.85,8400
2008-06-24,7.02,7.02,7.02,7.02,14800
2008-06-25,7.3,7.3,7.3,7.3,6700
2008-06-26,7.58,7.58,7.02,7.47,36400
2008-06-27,7.75,7.75,7.52,7.75,17900
2008-06-30,7.97,7.97,7.97,7.97,4400
2008-07-01,8.25,8.25,8.25,8.25,900
2008-07-02,8.53,8.53,8.53,8.53,8000
2008-07-03,8.87,8.87,8.87,8.87,5000
2008-07-04,9.21,9.21,9.21,9.21,2400
2008-07-07,9.54,9.54,8.87,9.15,41800
2008-07-08,8.87,9.54,8.87,9.54,30800
2008-07-09,9.6,9.6,9.6,9.6,19500
2008-07-10,9.94,9.94,9.94,9.94,23000
2008-07-11,10.27,10.33,10.16,10.33,48900
2008-07-14,10.72,10.72,10.72,10.72,37600
2008-07-15,11.12,11.12,11.12,11.12,4700
2008-07-16,11.51,11.51,10.72,11.51,54300
2008-07-17,11.79,11.79,11.79,11.79,3000
2008-07-18,12.07,12.24,11.34,11.34,66700
2008-07-21,11.12,11.12,11.12,11.12,3200
2008-07-22,10.72,10.72,10.72,10.72,100
2008-07-23,10.33,10.33,10.33,10.33,500
2008-07-24,9.94,9.94,9.94,9.94,11900
2008-07-25,9.54,9.54,9.54,9.54,100
2008-07-28,9.21,9.54,9.21,9.26,41600
2008-07-29,8.87,9.54,8.87,9.26,48200
2008-07-30,9.49,9.49,8.93,8.93,14300
2008-07-31,8.7,8.7,8.7,8.7,3200
2008-08-01,8.37,8.37,8.37,8.37,4800
2008-08-04,8.08,8.65,8.08,8.65,69200
2008-08-05,8.53,8.53,8.14,8.14,30900
2008-08-06,7.92,8.48,7.92,8.42,24300
2008-08-07,8.59,8.65,8.37,8.53,14600
2008-08-08,8.53,8.76,8.31,8.76,14900
2008-08-11,8.7,8.93,8.7,8.93,31600
2008-08-12,9.26,9.26,8.93,9.26,34000
2008-08-13,9.6,9.6,8.93,9.43,14100
2008-08-14,8.98,9.49,8.81,9.49,206500
2008-08-15,9.43,9.43,9.43,9.43,48200
2008-08-18,9.99,10.05,9.43,9.99,57400
2008-08-19,9.54,9.88,9.15,9.32,38000
2008-08-20,8.7,8.98,8.7,8.7,39500
2008-08-21,8.25,9.32,8.2,9.32,60600
2008-08-22,9.54,9.6,8.98,9.26,44000
2008-08-25,9.83,9.94,9.71,9.94,73500
2008-08-26,10.61,10.61,10.61,10.61,16700
2008-08-27,11.34,11.34,10.72,11.17,143500
2008-08-28,11.23,11.79,10.44,10.44,20100
2008-08-29,9.88,10.61,9.88,10.11,48500
2008-09-03,10.67,10.67,10.39,10.67,63300
2008-09-04,11.23,11.23,9.77,10.61,80900
2008-09-05,10.05,10.89,9.88,10.61,107100
2008-09-08,11.28,11.34,9.88,10.89,88900
2008-09-09,11.0,11.45,10.78,11.45,88700
2008-09-10,12.07,12.18,10.67,11.79,100900
2008-09-11,11.79,11.79,11.06,11.06,22100
2008-09-12,10.39,10.39,10.39,10.39,6200
2008-09-15,9.71,10.67,9.71,9.71,92100
2008-09-16,9.54,9.88,9.21,9.21,12300
2008-09-17,8.65,8.65,8.65,8.65,11700
2008-09-18,8.08,8.08,8.08,8.08,17100
2008-09-19,8.08,8.65,7.52,8.65,49600
2008-09-22,8.98,8.98,8.98,8.98,31400
2008-09-23,8.98,9.1,8.37,8.37,44200
2008-09-24,7.97,8.7,7.97,7.97,66900
2008-09-25,8.42,8.59,8.14,8.59,17300
2008-09-26,8.93,9.04,8.53,8.7,31600
2008-09-29,8.42,8.53,8.2,8.25,20200
2008-09-30,7.86,7.86,7.8,7.8,16000
2008-10-01,7.86,7.97,7.69,7.97,12000
2008-10-02,8.31,8.37,8.25,8.37,43900
2008-10-03,8.37,8.53,8.2,8.2,17200
2008-10-06,8.42,8.42,7.8,7.92,14900
2008-10-07,7.52,7.58,7.47,7.58,26600
2008-10-08,7.47,7.47,7.02,7.13,22900
2008-10-09,7.3,7.58,7.07,7.3,18200
2008-10-10,7.19,7.24,6.96,6.96,44200
2008-10-13,7.3,7.35,6.96,7.13,10700
2008-10-14,7.58,7.58,7.58,7.58,1000
2008-10-15,8.08,8.08,7.58,7.64,48700
2008-10-16,7.64,7.64,7.13,7.24,15700
2008-10-17,7.64,7.64,7.07,7.07,11000
2008-10-20,7.19,7.19,7.02,7.13,12800
2008-10-21,7.02,7.35,7.02,7.3,11800
2008-10-22,7.19,7.19,6.91,7.19,7200
2008-10-23,6.91,6.91,6.63,6.63,20700
2008-10-24,6.46,6.74,6.46,6.68,18900
2008-10-27,6.46,6.46,6.18,6.18,21000
2008-10-28,6.01,6.57,5.95,6.51,22300
2008-10-29,6.63,6.63,6.51,6.63,43100
2008-10-30,6.51,6.74,6.34,6.57,42000
2008-10-31,6.68,6.96,6.63,6.91,21000
2008-11-03,6.85,6.85,6.4,6.68,8200
2008-11-04,6.74,7.19,6.63,7.19,35200
2008-11-05,7.41,7.41,7.35,7.41,25600
2008-11-06,7.41,7.41,7.02,7.02,30200
2008-11-07,6.74,7.02,6.68,6.74,23300
2008-11-10,7.02,7.02,6.63,6.85,12100
2008-11-11,6.74,6.74,6.63,6.74,8700
2008-11-12,6.34,6.85,6.34,6.85,10500
2008-11-13,6.74,6.85,6.74,6.85,12900
2008-11-14,7.07,7.07,6.74,6.91,8800
2008-11-17,6.91,6.91,6.74,6.74,11500
2008-11-18,6.74,6.74,6.57,6.63,8800
2008-11-19,6.74,6.74,6.57,6.63,11900
2008-11-20,6.51,6.57,6.51,6.51,6800
2008-11-21,6.46,6.51,6.46,6.51,10500
2008-11-24,6.63,6.63,6.51,6.51,6300
2008-11-25,6.63,6.74,6.57,6.74,13000
2008-11-26,6.57,6.74,6.46,6.51,12700
2008-11-27,6.51,6.51,6.46,6.51,7600
2008-11-28,6.74,6.91,6.63,6.91,8700
2008-12-01,6.91,6.91,6.91,6.91,0
2008-12-02,6.4,6.85,6.4,6.46,11400
2008-12-03,6.68,6.74,6.46,6.74,12300
2008-12-04,6.79,7.02,6.74,6.91,8100
2008-12-05,6.68,6.68,6.57,6.57,6900
2008-12-08,6.46,6.57,6.4,6.57,5600
2008-12-09,6.51,6.57,6.46,6.57,4400
2008-12-10,6.46,6.51,6.34,6.46,15900
2008-12-11,6.34,6.57,6.34,6.46,11000
2008-12-12,6.74,6.74,6.57,6.74,8900
2008-12-15,6.74,6.74,6.57,6.74,2800
2008-12-16,6.51,6.51,6.4,6.46,9200
2008-12-17,6.46,6.51,6.4,6.51,8100
2008-12-18,6.4,6.46,6.4,6.46,1100
2008-12-19,6.18,6.46,6.18,6.46,1700
2008-12-22,6.46,6.51,6.34,6.51,4500
2008-12-23,6.85,6.85,6.46,6.46,2100
2008-12-24,6.29,6.57,6.29,6.57,1000
2008-12-25,6.51,6.51,6.46,6.51,2800
2008-12-26,6.51,6.57,6.46,6.46,5000
2008-12-29,6.51,6.68,6.51,6.68,15300
2008-12-30,6.46,6.74,6.46,6.74,3500
2008-12-31,6.63,6.68,6.57,6.63,5900
2009-01-02,6.68,6.74,6.63,6.63,3500
2009-01-05,6.23,6.68,6.23,6.68,6400
2009-01-06,6.74,6.85,6.63,6.85,10900
2009-01-07,7.13,7.13,6.85,6.91,17300
2009-01-08,6.74,6.74,6.74,6.74,3600
2009-01-09,7.19,7.19,7.02,7.13,17400
2009-01-12,7.24,7.24,6.91,7.07,1800
2009-01-13,6.91,6.96,6.79,6.96,5500
2009-01-14,6.74,6.79,6.74,6.79,2700
2009-01-15,6.91,6.91,6.74,6.79,2500
2009-01-16,6.96,6.96,6.74,6.74,4500
2009-01-19,6.68,6.79,6.63,6.68,4700
2009-01-20,6.46,6.85,6.46,6.51,17700
2009-01-21,6.74,6.74,6.46,6.63,5300
2009-01-22,6.74,6.79,6.74,6.79,1600
2009-01-23,6.85,6.85,6.85,6.85,2800
2009-02-02,6.96,6.96,6.74,6.74,2500
2009-02-03,6.63,6.63,6.57,6.57,3200
2009-02-04,6.74,6.74,6.63,6.63,1800
2009-02-05,6.68,6.68,6.51,6.57,6200
2009-02-06,6.68,6.68,6.68,6.68,800
2009-02-09,6.68,6.74,6.68,6.74,3800
2009-02-10,6.51,6.51,6.51,6.51,1500
2009-02-11,6.51,6.51,6.51,6.51,6000
2009-02-12,6.51,6.57,6.46,6.46,14100
2009-02-13,6.46,6.68,6.46,6.68,19600
2009-02-16,6.63,6.63,6.57,6.57,8900
2009-02-17,6.57,6.63,6.51,6.51,12600
2009-02-18,6.57,6.57,6.51,6.51,5800
2009-02-19,6.57,6.57,6.34,6.4,13200
2009-02-20,6.46,6.57,6.4,6.57,9500
2009-02-23,6.46,6.46,6.46,6.46,2200
2009-02-24,6.4,6.46,6.23,6.23,3500
2009-02-25,6.51,6.63,6.46,6.63,10300
2009-02-26,6.57,6.57,6.23,6.46,8200
2009-02-27,6.46,6.51,6.46,6.46,5100
2009-03-02,6.74,6.74,6.46,6.51,18600
2009-03-03,6.51,6.57,6.46,6.46,16500
2009-03-04,6.57,6.85,6.57,6.85,39100
2009-03-05,6.91,6.96,6.74,6.91,17500
2009-03-06,6.85,6.85,6.85,6.85,3700
2009-03-09,6.85,6.85,6.74,6.79,17700
2009-03-10,6.68,6.85,6.68,6.85,36400
2009-03-11,6.51,6.68,6.29,6.4,18800
2009-03-12,6.06,6.18,6.06,6.18,2500
2009-03-13,6.06,6.23,6.06,6.12,13900
2009-03-16,5.95,6.46,5.95,6.18,9100
2009-03-17,6.34,6.34,6.18,6.23,20800
2009-03-18,6.23,6.57,6.23,6.57,33300
2009-03-19,6.74,6.74,6.23,6.29,22100
2009-03-20,6.06,6.23,6.06,6.18,12600
2009-03-23,6.01,6.18,6.01,6.18,3300
2009-03-24,6.34,6.34,6.18,6.29,15600
2009-03-25,6.06,6.18,6.06,6.18,5200
2009-03-26,6.18,6.18,6.06,6.06,7100
2009-03-27,6.06,6.12,6.01,6.06,5700
2009-03-30,5.95,6.23,5.9,6.12,12700
2009-03-31,6.4,6.4,6.06,6.12,2300
2009-04-01,6.18,6.34,6.18,6.34,19000
2009-04-02,6.29,6.34,6.18,6.29,27900
2009-04-03,6.57,6.63,6.46,6.63,75200
2009-04-07,6.85,7.02,6.74,7.02,58600
2009-04-08,7.3,7.35,6.79,6.85,31200
2009-04-09,6.79,7.3,6.79,6.91,11000
2009-04-10,7.13,7.47,7.13,7.47,84500
2009-04-13,7.8,7.86,7.58,7.86,76100
2009-04-14,8.31,8.31,7.75,7.8,26800
2009-04-15,7.92,7.92,7.35,7.35,31200
2009-04-16,7.58,7.75,7.02,7.19,39800
2009-04-17,7.13,7.3,6.74,6.79,70400
2009-04-20,6.46,6.74,6.46,6.74,18200
2009-04-21,6.29,6.96,6.29,6.96,24400
2009-04-22,7.24,7.24,7.19,7.24,38000
2009-04-23,7.3,7.3,7.07,7.19,31900
2009-04-24,6.91,7.13,6.91,7.13,35000
2009-04-27,7.02,7.19,6.91,6.96,33700
2009-04-28,6.74,7.41,6.74,7.19,52400
2009-04-29,7.3,7.3,7.24,7.3,32800
2009-05-04,7.58,7.75,7.58,7.75,92500
2009-05-05,7.75,7.75,7.3,7.58,54700
2009-05-06,7.35,7.35,7.24,7.24,8700
2009-05-07,7.24,7.24,6.96,7.07,72800
2009-05-08,6.74,6.96,6.68,6.79,59100
2009-05-11,6.57,6.91,6.57,6.74,30000
2009-05-12,6.63,6.96,6.63,6.96,74200
2009-05-13,6.91,7.02,6.85,6.91,25600
2009-05-14,6.74,6.96,6.74,6.96,36400
2009-05-15,7.13,7.24,7.07,7.13,47400
2009-05-18,7.19,7.64,7.13,7.64,139500
2009-05-19,7.97,7.97,7.97,7.97,23200
2009-05-20,8.48,8.48,8.25,8.48,242900
2009-05-21,9.04,9.04,7.92,8.98,230700
2009-05-22,8.59,8.59,8.03,8.14,66500
2009-05-25,8.2,8.76,8.2,8.76,127200
2009-05-26,8.7,8.76,8.08,8.2,66400
2009-05-27,8.37,8.37,8.03,8.31,77800
2009-05-28,7.8,8.08,7.75,8.08,55900
2009-05-29,8.25,8.31,8.08,8.31,40400
2009-06-01,8.31,8.76,8.2,8.76,87700
2009-06-02,9.26,9.26,8.93,8.98,99500
2009-06-03,9.15,9.43,8.87,8.87,35600
2009-06-04,8.87,9.32,8.87,9.26,211500
2009-06-05,9.77,9.77,9.54,9.77,101700
2009-06-08,10.44,10.44,10.11,10.44,87100
2009-06-09,10.95,11.12,10.05,10.11,53400
2009-06-10,9.99,9.99,9.66,9.66,39500
2009-06-11,9.49,9.83,9.49,9.77,81700
2009-06-12,9.54,10.22,9.43,9.6,83800
2009-06-15,9.54,9.6,9.15,9.15,66700
2009-06-16,8.7,8.76,8.59,8.59,49700
2009-06-17,8.14,8.98,8.08,8.81,36200
2009-06-18,8.98,9.1,8.81,9.1,31300
2009-06-19,9.54,9.54,8.42,8.48,31000
2009-06-22,8.7,8.7,8.03,8.03,33100
2009-06-23,7.8,8.14,7.75,7.8,38400
2009-06-24,8.14,8.37,8.14,8.37,10700
2009-06-25,8.81,8.81,7.86,8.14,9000
2009-06-26,8.65,8.65,8.37,8.37,6400
2009-06-29,8.14,8.14,7.97,8.03,5100
2009-06-30,8.53,8.53,7.8,7.97,8300
2009-07-01,7.86,7.86,7.64,7.64,22500
2009-07-02,7.75,7.92,7.69,7.92,12100
2009-07-03,7.52,7.86,7.35,7.86,7700
2009-07-06,8.03,8.08,8.03,8.08,8300
2009-07-07,8.48,8.53,8.14,8.25,21000
2009-07-08,8.37,8.42,8.31,8.31,3100
2009-07-09,8.14,8.42,8.14,8.37,5300
2009-07-10,8.31,8.31,7.97,8.14,16300
2009-07-13,7.86,8.03,7.86,7.86,8400
2009-07-14,7.97,7.97,7.86,7.86,5100
2009-07-15,8.03,8.08,7.86,8.08,10900
2009-07-16,8.42,8.42,8.03,8.03,4700
2009-07-17,8.03,8.03,7.86,7.86,1000
2009-07-20,7.86,7.86,7.47,7.75,7600
2009-07-21,7.8,7.8,7.35,7.35,6000
2009-07-22,7.86,7.97,7.8,7.86,6000
2009-07-23,8.2,8.37,7.97,8.37,20800
2009-07-24,8.76,8.81,8.7,8.81,42300
2009-07-27,9.38,9.38,8.7,8.76,20700
2009-07-28,8.98,9.15,8.31,8.37,18900
2009-07-29,7.97,8.42,7.97,8.14,5800
2009-07-30,7.75,7.97,7.75,7.97,6400
2009-07-31,8.25,8.31,8.2,8.31,12600
2009-08-03,8.25,8.31,8.2,8.25,13100
2009-08-04,8.31,8.37,8.25,8.31,8100
2009-08-05,8.31,8.42,8.31,8.42,20700
2009-08-06,8.37,8.48,8.25,8.37,18800
2009-08-07,8.31,8.37,8.31,8.37,7600
2009-08-10,8.2,8.42,8.2,8.42,10800
2009-08-11,8.42,8.65,8.42,8.65,34600
2009-08-12,8.48,8.87,8.48,8.53,22300
2009-08-13,8.65,8.65,8.31,8.31,9200
2009-08-14,8.42,8.42,8.31,8.37,16000
2009-08-17,8.37,8.37,8.2,8.25,5800
2009-08-18,8.25,8.48,8.25,8.31,4200
2009-08-19,8.42,8.42,8.37,8.42,5500
2009-08-20,8.65,8.65,8.31,8.31,12100
2009-08-21,8.53,8.59,8.37,8.37,31900
2009-08-24,8.37,8.42,8.37,8.42,4400
2009-08-25,8.42,8.42,8.31,8.37,18400
2009-08-26,8.48,8.48,8.25,8.25,14800
2009-08-27,8.42,8.7,8.25,8.48,43100
2009-08-28,8.53,8.98,8.53,8.98,62400
2009-08-31,9.38,9.49,9.1,9.49,86400
2009-09-01,9.54,9.54,8.81,9.43,70100
2009-09-03,9.04,9.83,8.98,9.83,122900
2009-09-04,9.94,10.16,9.66,10.16,342800
2009-09-07,9.99,10.11,9.43,10.11,71700
2009-09-08,9.54,10.22,9.54,10.22,98600
2009-09-09,10.56,10.67,9.71,9.71,37000
2009-09-10,9.77,9.94,9.54,9.77,40200
2009-09-11,10.05,10.11,9.77,10.05,79700
2009-09-14,10.16,10.44,10.16,10.44,99000
2009-09-15,10.22,10.39,9.77,10.05,56500
2009-09-16,10.11,10.11,9.83,9.99,52500
2009-09-17,9.99,10.22,9.38,9.99,35700
2009-09-18,9.94,10.16,9.83,10.11,50800
2009-09-21,10.44,10.67,10.11,10.67,118000
2009-09-22,11.17,11.17,10.33,10.84,124900
2009-09-23,10.84,11.45,10.84,11.23,226700
2009-09-24,11.23,12.18,11.23,12.18,179200
2009-09-25,12.35,12.69,12.35,12.69,68700
2009-09-28,13.53,13.53,13.53,13.53,27600
2009-09-29,14.43,14.43,13.53,14.43,296100
2009-09-30,15.22,15.22,14.88,15.22,152200
2009-10-01,15.22,15.22,14.2,14.49,156400
2009-10-02,13.59,14.04,13.59,13.81,145000
2009-10-05,13.59,14.49,12.74,14.49,95200
2009-10-06,14.6,14.82,14.49,14.82,124300
2009-10-07,15.16,15.72,15.16,15.72,134900
2009-10-08,16.0,16.28,15.16,15.66,67500
2009-10-09,15.72,16.62,15.72,16.62,187300
2009-10-12,17.69,17.69,17.57,17.69,82200
2009-10-13,18.92,18.92,18.08,18.92,254800
2009-10-14,20.16,20.16,20.16,20.16,115000
2009-10-15,21.56,21.56,21.28,21.56,327100
2009-10-16,22.46,22.46,20.1,20.1,367300
2009-10-19,20.16,21.56,18.81,21.45,277700
2009-10-20,22.06,22.23,21.9,22.23,178600
2009-10-21,23.75,23.75,23.75,23.75,19600
2009-10-22,25.38,25.38,24.7,25.38,240200
2009-10-23,27.12,27.12,24.14,25.83,251400
2009-10-26,26.05,26.05,24.2,24.2,134400
2009-10-27,23.86,23.86,22.79,22.79,161800
2009-10-28,21.45,24.42,21.45,24.42,182600
2009-10-29,24.14,24.14,22.46,23.58,97500
2009-10-30,24.98,24.98,24.42,24.98,281200
2009-11-02,24.87,24.87,23.13,23.13,20900
2009-11-03,22.46,23.02,21.84,21.84,40200
2009-11-04,20.49,22.46,20.49,21.9,180200
2009-11-05,21.67,22.18,21.33,21.33,111500
2009-11-06,23.24,23.24,20.32,20.38,56200
2009-11-09,19.93,19.93,19.88,19.88,30200
2009-11-10,18.81,19.15,18.53,18.53,104500
2009-11-11,17.35,18.47,17.29,17.4,71500
2009-11-12,18.25,18.53,18.25,18.53,48000
2009-11-13,19.71,19.76,18.47,19.76,69100
2009-11-16,20.66,20.72,20.49,20.6,64300
2009-11-17,20.21,21.84,19.48,20.38,87500
2009-11-18,19.09,20.04,19.03,19.82,40400
2009-11-19,19.48,20.32,19.48,20.32,92700
2009-11-20,20.49,20.49,19.09,19.88,29600
2009-11-23,19.43,19.43,18.42,18.42,53200
2009-11-24,18.53,18.64,17.4,17.4,75600
2009-11-25,16.39,16.39,16.39,16.39,14400
2009-11-26,15.27,15.27,15.27,15.27,3900
2009-11-27,14.2,15.27,14.2,14.2,142000
2009-11-30,14.6,15.16,14.6,14.77,84100
2009-12-01,15.16,15.78,15.16,15.78,91800
2009-12-02,16.23,16.23,14.82,14.82,88300
2009-12-03,14.6,15.38,14.6,15.38,48200
2009-12-04,15.05,15.05,14.82,15.05,10100
2009-12-07,14.99,15.44,14.6,15.44,25800
2009-12-08,15.16,15.16,14.09,14.09,40600
2009-12-09,13.59,13.76,13.59,13.59,41700
2009-12-10,13.53,13.59,12.69,12.69,28600
2009-12-11,12.01,12.07,12.01,12.01,3600
2009-12-14,11.79,12.8,11.23,12.35,85300
2009-12-15,12.58,12.58,11.51,11.51,20500
2009-12-16,11.23,11.23,11.17,11.17,12000
2009-12-17,10.56,10.67,10.44,10.67,32000
2009-12-18,11.0,11.17,10.95,11.17,25000
2009-12-21,11.68,11.85,11.68,11.85,30400
2009-12-22,12.46,12.58,11.51,12.46,47600
2009-12-23,12.86,13.25,12.86,13.25,56900
2009-12-24,14.04,14.15,14.04,14.15,58500
2009-12-25,15.1,15.1,15.1,15.1,45300
2009-12-28,16.11,16.11,15.27,16.11,64800
2009-12-29,17.01,17.01,15.44,15.94,64200
2009-12-30,15.72,16.84,15.5,16.17,167300
2009-12-31,16.84,17.24,16.11,16.28,100700
2010-01-04,17.12,18.02,16.84,18.02,242400
2010-01-05,18.92,18.92,17.97,18.53,117400
2010-01-06,18.53,18.53,17.4,17.4,92500
2010-01-07,16.73,17.4,16.56,16.84,92300
2010-01-08,17.97,17.97,15.78,16.28,89900
2010-01-11,16.28,16.28,15.89,15.89,72300
2010-01-12,15.16,15.72,14.88,14.88,129300
2010-01-13,14.99,16.0,13.98,16.0,108700
2010-01-14,16.23,16.23,16.23,16.23,4900
2010-01-15,17.35,17.35,15.5,16.0,50200
2010-01-18,15.05,15.05,14.99,14.99,36200
2010-01-19,15.16,15.72,15.05,15.44,25900
2010-01-20,16.11,16.11,14.32,14.32,54700
2010-01-21,13.59,14.04,13.53,13.53,73300
2010-01-22,14.04,14.32,12.86,14.04,57400
2010-01-25,13.59,14.26,13.03,14.26,48000
2010-01-26,14.88,15.05,14.6,15.05,75800
2010-01-27,16.06,16.06,14.04,14.32,30500
2010-01-28,13.92,14.54,13.87,13.92,56800
2010-01-29,13.76,14.09,13.76,14.04,32300
2010-02-01,13.76,14.09,13.36,14.04,19700
2010-02-02,14.54,14.54,13.64,13.7,30600
2010-02-03,14.04,14.04,13.25,13.81,31300
2010-02-04,14.43,14.43,13.92,14.04,50500
2010-02-05,13.76,14.04,13.14,13.59,15700
2010-02-08,13.42,13.53,13.36,13.36,10400
2010-02-09,13.19,13.19,12.74,12.91,13000
2010-02-10,13.47,13.47,13.14,13.19,11600
2010-02-11,13.64,13.64,13.36,13.64,10000
2010-02-12,14.09,14.37,14.09,14.37,22700
2010-02-22,14.49,14.49,14.04,14.26,5500
2010-02-23,13.92,13.92,13.36,13.53,9500
2010-02-24,13.47,14.15,13.36,13.7,17200
2010-02-25,14.04,14.09,13.53,13.64,16300
2010-02-26,14.04,14.04,13.76,13.92,7100
2010-03-01,14.04,14.88,13.76,14.88,73900
2010-03-02,15.1,15.44,14.32,14.71,46200
2010-03-03,15.16,15.22,14.6,15.22,27900
2010-03-04,15.16,15.78,15.05,15.16,42900
2010-03-05,15.27,16.39,15.27,16.28,183100
2010-03-08,17.29,17.29,16.56,17.12,118500
2010-03-09,16.84,16.96,16.56,16.73,38500
2010-03-10,16.73,16.73,15.83,15.94,62400
2010-03-11,16.28,16.56,15.72,15.83,53600
2010-03-12,16.23,16.51,15.83,16.39,73400
2010-03-15,17.18,17.29,16.9,17.18,257400
2010-03-16,17.18,17.74,16.06,16.28,147900
2010-03-17,16.28,17.12,15.89,16.28,26600
2010-03-18,16.45,17.01,15.94,17.01,66600
2010-03-19,17.29,17.57,16.28,17.01,93200
2010-03-22,16.84,16.96,16.28,16.84,68100
2010-03-23,16.79,16.79,16.28,16.34,21000
2010-03-24,16.45,16.51,15.72,16.45,62400
2010-03-25,15.72,16.28,15.16,15.61,90500
2010-03-26,16.0,16.0,14.88,15.89,83200
2010-03-29,16.28,16.51,16.11,16.51,135300
2010-03-30,16.84,16.84,16.0,16.28,24000
2010-03-31,15.89,15.89,15.44,15.66,37000
2010-04-01,16.39,16.56,15.16,15.72,20100
2010-04-02,15.78,15.83,15.44,15.66,35700
2010-04-05,16.0,16.67,16.0,16.67,168500
2010-04-06,17.69,17.69,16.96,17.69,428500
2010-04-07,18.81,18.92,17.97,18.92,241400
2010-04-08,20.1,20.1,19.65,20.1,190600
2010-04-09,21.5,21.5,19.09,19.09,184600
2010-04-12,19.88,19.93,18.64,19.09,380500
2010-04-13,18.53,18.98,17.69,18.13,151300
2010-04-14,18.13,19.37,18.13,19.09,121400
2010-04-15,19.59,19.99,19.43,19.99,223900
2010-04-16,19.99,21.05,19.37,19.54,106200
2010-04-19,19.65,20.27,19.2,19.65,224400
2010-04-20,20.16,21.11,20.1,21.11,287600
2010-04-21,22.51,22.51,22.46,22.51,112400
2010-04-22,24.09,24.09,20.94,21.33,334500
2010-04-26,21.33,21.62,20.77,21.0,152000
2010-04-27,20.77,22.46,20.77,21.9,137500
2010-04-28,22.01,22.18,21.62,21.67,141800
2010-04-29,20.77,22.01,20.77,21.56,182800
2010-05-04,22.4,23.02,22.4,22.91,367000
2010-05-05,23.02,23.02,21.5,21.9,65400
2010-05-06,22.74,22.96,21.78,22.79,178500
2010-05-07,22.18,22.18,21.05,21.05,150700
2010-05-10,21.45,21.62,20.44,21.05,96700
2010-05-11,21.9,22.18,20.27,20.32,107100
2010-05-12,19.82,19.93,19.43,19.43,118800
2010-05-13,18.53,19.65,18.53,18.53,59700
2010-05-14,18.47,20.16,18.47,19.59,64700
2010-05-17,19.76,19.93,18.3,18.64,34600
2010-05-18,18.64,18.81,17.97,18.25,76800
2010-05-19,18.36,18.36,17.01,17.01,108400
2010-05-20,16.28,18.08,16.06,17.4,113700
2010-05-21,16.96,16.96,15.78,15.89,168300
2010-05-24,16.28,16.9,16.23,16.9,103700
2010-05-25,17.09,17.57,16.73,17.09,61500
2010-05-26,17.93,18.47,17.63,18.47,122200
2010-05-27,17.75,19.3,17.63,19.3,181800
2010-05-28,19.42,20.32,19.42,20.32,139600
2010-05-31,19.54,20.32,19.13,19.3,34200
2010-06-01,18.53,19.36,18.53,19.36,103800
2010-06-02,19.07,19.72,19.01,19.13,84000
2010-06-03,20.08,20.2,19.3,19.42,54200
2010-06-04,19.72,20.02,19.01,19.13,60100
2010-06-07,18.53,18.53,18.17,18.17,57400
2010-06-08,17.33,18.35,17.33,18.29,100500
2010-06-09,18.29,18.29,17.93,17.93,26200
2010-06-10,18.11,18.29,17.63,18.05,25100
2010-06-11,18.77,18.77,18.11,18.35,59200
2010-06-14,18.65,18.77,18.41,18.71,39500
2010-06-15,18.53,19.13,18.53,19.07,57400
2010-06-16,19.72,19.9,19.13,19.24,81400
2010-06-17,19.18,19.42,18.89,19.01,58500
2010-06-18,19.13,19.72,18.95,19.01,28100
2010-06-21,19.66,19.66,19.13,19.24,58300
2010-06-22,19.3,20.32,19.13,19.78,202500
2010-06-23,19.01,19.66,19.01,19.48,38800
2010-06-24,19.42,19.72,19.13,19.3,33400
2010-06-25,19.24,19.24,18.11,18.11,92600
2010-06-28,18.59,18.59,18.17,18.53,48100
2010-06-29,18.53,19.13,18.47,18.83,38900
2010-06-30,18.41,18.41,17.69,17.93,62600
2010-07-01,18.11,18.23,17.99,18.23,34200
2010-07-02,18.29,18.65,18.11,18.65,25900
2010-07-05,18.65,19.13,18.53,18.83,45100
2010-07-06,18.89,18.89,18.29,18.53,37600
2010-07-07,18.47,19.13,17.93,17.93,21600
2010-07-08,18.53,18.53,17.99,18.05,38000
2010-07-09,18.29,18.53,18.05,18.17,76800
2010-07-12,18.29,19.48,18.29,19.48,197000
2010-07-13,20.2,20.5,20.02,20.5,221400
2010-07-14,21.46,21.46,19.48,20.44,99500
2010-07-15,20.32,20.32,19.48,19.48,83800
2010-07-16,19.24,19.84,19.24,19.78,85500
2010-07-19,19.9,20.68,19.72,20.38,161800
2010-07-20,20.62,21.16,20.32,20.68,245000
2010-07-21,20.92,20.92,20.26,20.26,178900
2010-07-22,20.32,20.38,19.78,20.02,75900
2010-07-23,20.44,20.44,19.72,19.84,29400
2010-07-26,19.72,19.9,18.71,19.13,64700
2010-07-27,19.24,19.54,18.83,19.07,69600
2010-07-28,18.77,18.83,18.29,18.77,83800
2010-07-29,18.71,18.83,18.41,18.71,33900
2010-07-30,18.71,19.36,18.71,19.13,28000
2010-08-02,18.59,18.83,18.59,18.83,48700
2010-08-03,19.13,19.3,18.59,18.59,54100
2010-08-04,18.83,19.3,18.53,19.3,119200
2010-08-05,19.72,20.2,19.42,19.72,150400
2010-08-06,19.72,19.78,19.24,19.24,68600
2010-08-09,18.53,18.59,18.35,18.53,52300
2010-08-10,18.29,18.29,17.21,17.63,62400
2010-08-11,18.83,18.83,17.33,18.23,44600
2010-08-12,17.09,17.09,16.67,16.67,84300
2010-08-13,16.73,17.33,15.6,16.73,106600
2010-08-16,16.73,17.51,16.73,17.51,41200
2010-08-17,18.17,18.41,16.85,17.63,47200
2010-08-18,18.17,18.23,17.03,17.57,54900
2010-08-19,16.73,17.93,16.73,17.15,76600
2010-08-20,17.57,17.87,16.79,17.15,59800
2010-08-23,17.81,18.53,17.33,17.39,17500
2010-08-24,17.57,17.81,16.44,16.73,59200
2010-08-25,16.91,17.27,15.78,15.84,37400
2010-08-26,16.14,17.27,16.14,16.44,9800
2010-08-27,16.14,16.44,15.6,16.32,10000
2010-08-30,16.14,17.03,16.14,17.03,76200
2010-08-31,17.33,18.05,17.03,17.39,103200
2010-09-01,17.93,17.93,17.33,17.69,28200
2010-09-06,18.23,18.83,17.93,18.83,141600
2010-09-07,18.77,18.83,17.69,17.99,11400
2010-09-08,18.53,18.53,17.33,17.39,84600
2010-09-09,17.87,18.89,17.87,17.99,130800
2010-09-10,19.58,19.66,18.65,19.58,146400
2010-09-13,19.58,19.58,18.26,18.26,45600
2010-09-14,18.65,18.65,17.87,18.57,21100
2010-09-15,17.87,18.57,17.48,17.48,26600
2010-09-16,17.79,17.79,16.86,17.09,13600
2010-09-17,17.87,18.34,17.48,18.34,62800
2010-09-20,19.42,19.42,17.87,17.95,33300
2010-09-21,17.95,18.03,17.48,17.48,18800
2010-09-22,17.79,17.79,17.02,17.25,17700
2010-09-23,17.87,17.87,16.71,16.78,21200
2010-09-24,17.48,17.48,16.94,17.09,15100
2010-09-27,16.55,17.64,16.55,17.56,18100
2010-09-28,18.57,18.57,17.56,17.64,39900
2010-09-29,18.57,18.57,16.86,16.86,10600
2010-09-30,17.09,17.33,16.32,16.55,15400
2010-10-01,16.55,16.71,16.32,16.32,16100
2010-10-04,15.31,16.16,15.31,15.31,32700
2010-10-05,15.54,15.54,14.45,15.15,26400
2010-10-06,15.7,15.7,14.76,15.62,18000
2010-10-07,16.16,16.16,15.15,15.23,19500
2010-10-08,15.54,15.54,14.69,14.69,7400
2010-10-11,14.76,14.76,14.37,14.53,5900
2010-10-12,15.0,15.0,13.99,13.99,5300
2010-10-13,14.3,14.3,13.99,14.22,9500
2010-10-14,14.3,14.61,14.14,14.14,5200
2010-10-15,14.37,14.37,13.91,13.91,19100
2010-10-18,15.15,15.15,13.99,13.99,18100
2010-10-19,13.83,13.83,13.36,13.36,7500
2010-10-20,12.59,12.66,12.51,12.51,44900
2010-10-21,12.51,12.59,12.43,12.59,11700
2010-10-22,12.82,12.82,12.04,12.2,19700
2010-10-25,12.43,12.51,12.28,12.43,14700
2010-10-26,12.59,13.29,12.59,13.29,58300
2010-10-27,13.29,13.29,12.82,12.82,5500
2010-10-28,12.2,12.98,12.2,12.98,11100
2010-10-29,12.9,12.9,12.43,12.59,9700
2010-11-01,12.12,12.12,12.04,12.04,9800
2010-11-02,11.34,11.97,11.34,11.65,11500
2010-11-03,11.65,12.2,11.34,11.42,13700
2010-11-04,11.65,11.65,11.27,11.27,37100
2010-11-05,11.65,11.89,11.34,11.65,33400
2010-11-08,11.81,11.81,11.19,11.27,20000
2010-11-09,10.88,10.88,10.57,10.64,30200
2010-11-10,10.8,10.88,10.49,10.64,15700
2010-11-11,10.49,10.57,10.18,10.33,15500
2010-11-12,10.64,10.64,9.71,10.02,38600
2010-11-15,9.87,9.87,9.56,9.56,13500
2010-11-16,9.71,9.71,9.32,9.4,28800
2010-11-17,9.56,9.87,9.32,9.63,18000
2010-11-18,10.02,10.1,9.87,10.1,34500
2010-11-19,10.1,10.41,9.95,9.95,19800
2010-11-22,9.63,9.71,9.56,9.71,23600
2010-11-23,9.63,10.1,9.63,10.1,7300
2010-11-24,9.71,10.26,9.71,9.95,9700
2010-11-25,10.49,10.72,10.18,10.57,110500
2010-11-26,11.11,11.27,10.64,11.27,86200
2010-11-29,10.33,11.65,10.33,11.65,39700
2010-11-30,11.81,12.04,11.81,12.04,95500
2010-12-01,12.12,12.43,11.58,11.58,32100
2010-12-02,11.34,12.28,11.34,11.89,42000
2010-12-03,12.59,12.66,12.43,12.59,132400
2010-12-06,12.98,13.52,12.66,12.66,97000
2010-12-07,13.13,13.21,12.28,12.28,71800
2010-12-08,11.89,12.12,11.81,11.81,25100
2010-12-09,11.65,11.89,11.11,11.5,56000
2010-12-10,11.81,12.35,11.65,12.35,142700
2010-12-13,12.82,12.82,12.59,12.82,81600
2010-12-14,12.59,12.82,11.97,12.04,46400
2010-12-15,12.82,12.82,11.73,11.89,18500
2010-12-16,11.5,11.5,11.27,11.27,48000
2010-12-17,11.34,11.81,10.96,11.65,18500
2010-12-20,11.65,12.04,11.11,11.11,40600
2010-12-21,11.34,11.65,10.8,11.34,20500
2010-12-22,11.65,11.65,11.11,11.11,19700
2010-12-23,10.8,10.88,10.72,10.72,25100
2010-12-24,10.72,10.88,10.72,10.72,9600
2010-12-27,10.8,10.88,10.72,10.72,7800
2010-12-28,11.19,11.5,10.96,11.5,15700
2010-12-29,10.88,11.19,10.57,11.19,24300
2010-12-30,10.64,10.88,10.64,10.88,3500
2010-12-31,10.57,10.96,10.57,10.88,20600
2011-01-04,11.27,11.27,10.49,10.49,11200
2011-01-05,10.64,10.72,10.57,10.57,24700
2011-01-06,10.88,10.88,10.1,10.49,11500
2011-01-07,10.72,10.88,10.41,10.41,21400
2011-01-10,10.1,10.49,10.1,10.26,8900
2011-01-11,10.26,10.26,9.87,9.95,9700
2011-01-12,10.1,10.26,10.02,10.26,21700
2011-01-13,10.49,10.49,10.26,10.26,4000
2011-01-14,10.26,10.88,10.18,10.18,17200
2011-01-17,10.49,10.8,10.33,10.49,32000
2011-01-18,10.64,10.64,10.26,10.33,21800
2011-01-19,10.33,10.41,10.33,10.41,9300
2011-01-20,10.33,10.41,10.26,10.33,19000
2011-01-21,10.41,10.49,10.33,10.41,14600
2011-01-24,10.33,10.41,10.26,10.26,23300
2011-01-25,10.26,10.26,9.95,10.02,18300
2011-01-26,10.02,10.18,9.95,9.95,11800
2011-01-27,10.02,10.33,9.87,10.18,13700
2011-01-28,10.33,10.49,10.1,10.18,9200
2011-02-08,10.02,10.1,10.02,10.1,1500
2011-02-09,10.57,10.57,10.26,10.26,15400
2011-02-10,10.41,10.41,10.18,10.41,9600
2011-02-11,10.33,10.49,10.26,10.49,8000
2011-02-14,10.49,10.64,10.49,10.49,35500
2011-02-15,10.49,10.57,10.41,10.49,22000
2011-02-16,10.57,10.64,10.33,10.41,17900
2011-02-17,10.33,10.33,10.1,10.1,13300
2011-02-18,10.41,10.41,10.02,10.02,8800
2011-02-21,9.63,9.63,9.4,9.4,21500
2011-02-22,8.94,9.4,8.86,9.09,13800
2011-02-23,9.32,9.56,9.17,9.56,11500
2011-02-24,8.94,9.56,8.94,8.94,5800
2011-02-25,9.79,9.79,9.32,9.56,10400
2011-02-28,9.4,9.4,9.32,9.32,9600
2011-03-01,9.63,9.63,9.25,9.32,7200
2011-03-02,9.4,9.4,8.78,9.01,22600
2011-03-03,8.94,8.94,8.78,8.78,4700
2011-03-04,8.86,8.86,8.47,8.7,6100
2011-03-07,8.55,8.7,8.55,8.62,4900
2011-03-08,8.62,8.62,8.55,8.62,17200
2011-03-09,8.62,8.62,8.16,8.31,10500
2011-03-10,8.62,8.94,8.62,8.94,35700
2011-03-11,9.32,9.56,9.32,9.56,19400
2011-03-14,9.01,9.01,8.94,8.94,14100
2011-03-15,9.09,9.09,8.78,8.78,3500
2011-03-16,8.47,8.94,8.47,8.78,9800
2011-03-17,9.17,9.25,8.94,9.01,20200
2011-03-18,9.17,9.48,9.17,9.4,36300
2011-03-21,9.32,9.32,8.94,9.01,45100
2011-03-22,8.94,9.01,8.7,8.7,52600
2011-03-23,8.86,8.86,8.47,8.86,10900
2011-03-24,8.7,9.09,8.7,9.09,103300
2011-03-25,9.71,9.71,9.63,9.71,80900
2011-03-28,9.09,9.25,9.09,9.09,19400
2011-03-29,9.09,9.25,8.94,8.94,15100
2011-03-30,8.62,8.78,8.47,8.78,52200
2011-03-31,8.7,8.78,8.55,8.62,59600
2011-04-01,8.55,8.7,8.47,8.47,33200
2011-04-04,8.55,8.62,8.31,8.39,27100
2011-04-05,8.39,8.62,8.39,8.55,26500
2011-04-06,8.62,8.86,8.62,8.78,24900
2011-04-07,8.78,8.78,8.55,8.55,18600
2011-04-08,8.55,8.86,8.55,8.86,70100
2011-04-13,8.62,8.62,8.39,8.39,20000
2011-04-14,8.24,8.39,8.16,8.31,25200
2011-04-15,8.24,8.31,8.0,8.0,30300
2011-04-18,8.0,8.0,7.61,7.61,61800
2011-04-19,7.77,7.85,7.54,7.54,25900
2011-04-20,7.77,7.77,7.54,7.69,10000
2011-04-21,7.77,7.77,7.46,7.46,21200
2011-04-22,7.46,7.46,7.15,7.15,66800
2011-04-25,7.23,7.46,7.23,7.3,43800
2011-04-26,7.15,7.23,6.99,6.99,22400
2011-04-27,7.07,7.07,6.6,6.84,37400
2011-04-28,6.68,6.68,6.6,6.68,34200
2011-04-29,6.76,6.84,6.6,6.6,62900
2011-05-04,6.84,6.92,6.76,6.76,10700
2011-05-05,6.76,6.76,6.6,6.6,40400
2011-05-06,6.68,6.76,6.6,6.76,27800
2011-05-09,6.92,6.92,6.76,6.76,36000
2011-05-10,6.84,6.92,6.76,6.76,26100
2011-05-11,6.84,6.84,6.76,6.76,17200
2011-05-12,6.99,7.23,6.92,7.07,26800
2011-05-13,7.07,7.23,6.99,7.07,15000
2011-05-16,6.99,7.15,6.92,6.92,36100
2011-05-17,6.84,6.84,6.6,6.76,19400
2011-05-18,6.99,6.99,6.76,6.84,12700
2011-05-19,6.84,6.84,6.6,6.84,16600
2011-05-20,6.92,6.92,6.37,6.37,18800
2011-05-23,6.37,6.37,6.14,6.14,25800
2011-05-24,5.83,5.83,5.75,5.75,59900
2011-05-25,5.67,5.67,5.36,5.36,22300
2011-05-26,5.13,5.75,5.13,5.44,95500
2011-05-27,5.52,5.59,5.36,5.59,40000
2011-05-30,5.75,5.75,5.21,5.21,42600
2011-05-31,5.21,5.44,5.05,5.28,17400
2011-06-01,5.28,5.52,5.28,5.52,25900
2011-06-02,5.52,5.83,5.52,5.83,67500
2011-06-03,6.14,6.14,5.67,5.75,84500
2011-06-06,5.59,5.75,5.52,5.75,27600
2011-06-07,5.83,5.98,5.83,5.98,34100
2011-06-08,6.06,6.06,5.75,5.75,53000
2011-06-09,5.67,6.29,5.67,6.22,33900
2011-06-10,6.14,6.45,6.14,6.45,63200
2011-06-13,6.6,6.84,6.37,6.84,91700
2011-06-14,6.84,7.15,6.53,6.6,104200
2011-06-15,6.68,6.76,6.53,6.53,75200
2011-06-16,6.37,6.84,6.37,6.53,45900
2011-06-17,6.53,6.53,6.22,6.22,88400
2011-06-20,6.06,6.22,5.91,6.22,33900
2011-06-21,6.22,6.45,6.22,6.45,33800
2011-06-22,6.37,6.53,6.22,6.37,27800
2011-06-23,6.29,6.29,6.06,6.29,4700
2011-06-24,6.22,6.45,6.22,6.37,21800
2011-06-27,6.14,6.37,6.14,6.37,9800
2011-06-28,6.45,6.45,6.14,6.14,19400
2011-06-29,6.29,6.29,6.22,6.22,23300
2011-06-30,6.22,6.22,6.06,6.14,5200
2011-07-01,5.83,5.91,5.83,5.91,21900
2011-07-04,5.98,5.98,5.75,5.91,13000
2011-07-05,6.22,6.29,6.14,6.29,27900
2011-07-06,6.29,6.29,6.14,6.14,3300
2011-07-07,5.98,6.14,5.91,5.98,19300
2011-07-08,6.06,6.14,5.98,6.06,7000
2011-07-11,5.91,6.22,5.91,6.06,4000
2011-07-12,5.91,5.98,5.83,5.98,14500
2011-07-13,5.98,6.22,5.91,5.98,37700
2011-07-14,5.91,5.98,5.83,5.83,9200
2011-07-15,5.91,5.91,5.75,5.75,12600
2011-07-18,5.75,5.75,5.59,5.67,21700
2011-07-19,5.67,5.75,5.67,5.67,8700
2011-07-20,5.83,5.91,5.67,5.83,5100
2011-07-21,5.59,6.06,5.59,5.67,10000
2011-07-22,5.67,5.98,5.52,5.59,19300
2011-07-25,5.83,5.83,5.44,5.75,6800
2011-07-26,5.44,5.44,5.44,5.44,5100
2011-07-27,5.59,5.59,5.44,5.52,25000
2011-07-28,5.52,5.75,5.44,5.44,13200
2011-07-29,5.52,5.52,5.44,5.52,27000
2011-08-01,5.36,5.52,5.21,5.28,15100
2011-08-02,5.13,5.28,5.13,5.21,3200
2011-08-03,5.44,5.44,4.97,5.21,19000
2011-08-04,5.28,5.36,5.28,5.36,13700
2011-08-05,5.28,5.36,5.21,5.21,16500
2011-08-08,5.21,5.21,4.97,5.05,11000
2011-08-09,4.9,4.9,4.74,4.74,77600
2011-08-10,4.97,4.97,4.9,4.9,7600
2011-08-11,4.82,4.82,4.66,4.66,16900
2011-08-12,4.66,4.82,4.66,4.82,6100
2011-08-15,4.74,4.82,4.66,4.74,13300
2011-08-16,4.74,4.82,4.58,4.58,8100
2011-08-17,4.82,4.97,4.82,4.97,29000
2011-08-18,4.97,5.21,4.97,5.05,18700
2011-08-19,4.97,5.21,4.9,4.9,10900
2011-08-22,5.21,5.21,5.13,5.21,31500
2011-08-23,5.13,5.21,5.05,5.05,13900
2011-08-24,5.13,5.13,4.97,4.97,9400
2011-08-25,5.05,5.13,4.9,5.13,8700
2011-08-26,4.97,4.97,4.97,4.97,2000
2011-08-29,5.05,5.28,4.97,5.28,22300
2011-08-30,5.44,5.44,5.13,5.28,19800
2011-08-31,5.52,5.52,5.21,5.36,6100
2011-09-01,5.44,5.44,5.05,5.36,33400
2011-09-05,5.36,5.36,5.21,5.21,27800
2011-09-06,5.05,5.05,4.97,5.05,25400
2011-09-07,5.21,5.28,5.21,5.28,28900
2011-09-08,5.59,5.59,5.28,5.36,23400
2011-09-09,5.44,5.44,5.21,5.36,13200
2011-09-12,5.36,5.67,5.36,5.67,70600
2011-09-13,5.98,6.06,5.83,6.06,65300
2011-09-14,6.45,6.45,5.98,5.98,145300
2011-09-15,5.91,6.06,5.91,5.91,36600
2011-09-16,5.98,5.98,5.52,5.52,36600
2011-09-19,5.59,5.59,5.28,5.28,30600
2011-09-20,5.59,5.59,5.13,5.21,52100
2011-09-21,5.52,5.52,5.13,5.28,38800
2011-09-22,5.28,5.44,5.21,5.44,52500
2011-09-23,5.44,5.44,5.13,5.28,99300
2011-09-26,5.44,5.44,5.21,5.21,23700
2011-09-27,5.36,5.36,5.28,5.28,10300
2011-09-28,5.52,5.59,5.44,5.52,27800
2011-09-29,5.28,5.28,5.21,5.21,31700
2011-09-30,5.52,5.52,5.52,5.52,56000
2011-10-03,5.83,5.83,5.67,5.75,244100
2011-10-04,5.91,5.91,5.44,5.52,77900
2011-10-05,5.67,5.67,5.44,5.52,24500
2011-10-06,5.83,5.83,5.44,5.59,38300
2011-10-07,5.59,5.67,5.44,5.59,142800
2011-10-10,5.77,5.77,5.58,5.67,25300
2011-10-11,6.06,6.06,5.58,5.67,11100
2011-10-12,5.48,5.48,5.29,5.29,29200
2011-10-13,5.19,5.19,5.1,5.38,53000
2011-10-14,5.29,5.29,4.81,4.81,62100
2011-10-17,4.81,4.81,4.71,4.81,12300
2011-10-18,4.81,4.81,4.81,4.81,11300
2011-10-19,4.81,5.0,4.81,4.81,9200
2011-10-20,4.81,4.81,4.71,4.71,13600
2011-10-21,4.81,4.9,4.81,4.9,8800
2011-10-24,4.81,4.9,4.81,4.81,47000
2011-10-25,4.71,4.9,4.71,4.71,7000
2011-10-26,4.71,4.71,4.71,4.71,6900
2011-10-27,4.9,4.9,4.62,4.71,7200
2011-10-28,4.81,4.9,4.62,4.9,33400
2011-10-31,5.0,5.1,5.0,5.0,60300
2011-11-01,4.81,5.1,4.81,4.81,17400
2011-11-02,4.81,4.81,4.71,4.71,25200
2011-11-03,4.81,4.9,4.81,4.81,8500
2011-11-04,4.9,4.9,4.71,4.81,10600
2011-11-07,4.71,4.81,4.62,4.81,12400
2011-11-08,4.71,4.71,4.62,4.62,4800
2011-11-09,4.71,4.81,4.62,4.71,15400
2011-11-10,4.62,4.62,4.42,4.42,5300
2011-11-11,4.71,4.71,4.52,4.52,4900
2011-11-14,4.42,4.42,4.23,4.23,15900
2011-11-15,4.52,4.52,4.23,4.33,10400
2011-11-16,4.52,4.52,4.33,4.52,3100
2011-11-17,4.42,4.42,4.13,4.13,17600
2011-11-18,4.42,4.42,3.94,4.23,9700
2011-11-21,4.23,4.23,4.13,4.13,17800
2011-11-22,4.04,4.04,3.94,4.04,11100
2011-11-23,3.94,4.23,3.94,4.13,13700
2011-11-24,3.94,4.13,3.94,3.94,10700
2011-11-25,3.85,3.94,3.85,3.85,49800
2011-11-28,4.04,4.04,3.94,3.94,4700
2011-11-29,4.13,4.13,4.04,4.04,15200
2011-11-30,4.13,4.13,3.85,3.85,35200
2011-12-01,4.04,4.04,3.94,4.04,22300
2011-12-02,3.85,4.13,3.85,4.13,10200
2011-12-05,4.33,4.42,4.33,4.33,11000
2011-12-06,4.62,4.62,4.42,4.42,15100
2011-12-07,4.23,4.33,4.23,4.23,9400
2011-12-08,4.52,4.52,4.52,4.52,200
2011-12-09,4.23,4.23,4.23,4.23,5300
2011-12-12,4.13,4.13,4.04,4.04,7000
2011-12-13,3.94,3.94,3.85,3.85,19600
2011-12-14,3.94,3.94,3.65,3.75,20000
2011-12-15,3.56,3.56,3.46,3.56,16000
2011-12-16,3.65,3.75,3.65,3.75,5300
2011-12-19,3.65,3.94,3.65,3.65,19200
2011-12-20,3.75,3.75,3.56,3.56,8000
2011-12-21,3.75,3.75,3.46,3.56,10000
2011-12-22,3.56,3.65,3.46,3.46,26900
2011-12-23,3.37,3.37,3.37,3.37,3500
2011-12-26,3.56,3.56,3.46,3.56,10900
2011-12-27,3.46,3.46,3.27,3.27,12000
2011-12-28,3.46,3.46,3.46,3.46,5600
2011-12-29,3.46,3.56,3.37,3.37,27000
2011-12-30,3.56,3.65,3.56,3.56,8500
2012-01-03,3.65,3.65,3.56,3.56,2100
2012-01-04,3.46,3.56,3.37,3.56,8700
2012-01-05,3.56,3.56,3.46,3.46,8600
2012-01-06,3.46,3.46,3.37,3.37,10800
2012-01-09,3.65,3.65,3.46,3.46,9100
2012-01-10,3.46,3.56,3.46,3.56,5400
2012-01-11,3.56,3.56,3.46,3.56,4800
2012-01-12,3.65,3.65,3.56,3.56,3300
2012-01-13,3.65,3.65,3.46,3.46,15100
2012-01-16,3.65,3.75,3.65,3.75,3800
2012-01-17,3.75,3.75,3.65,3.65,3600
2012-01-18,3.75,3.85,3.56,3.85,2100
2012-01-19,3.94,4.04,3.94,3.94,3300
2012-01-20,4.13,4.13,3.85,3.85,300
2012-01-30,4.04,4.04,4.04,4.04,600
2012-01-31,4.04,4.23,3.85,3.85,5300
2012-02-01,3.75,4.04,3.75,3.94,3900
2012-02-02,4.04,4.13,4.04,4.13,22200
2012-02-03,4.42,4.42,4.04,4.23,13900
2012-02-06,4.04,4.04,3.85,3.85,8500
2012-02-07,4.04,4.04,3.85,3.85,11900
2012-02-08,3.85,4.04,3.85,4.04,37200
2012-02-09,4.04,4.04,3.94,4.04,9700
2012-02-10,4.04,4.04,3.85,3.94,22200
2012-02-13,3.85,3.85,3.75,3.75,27000
2012-02-14,3.85,3.94,3.85,3.94,22000
2012-02-15,3.85,3.94,3.85,3.94,8500
2012-02-16,3.85,4.04,3.85,3.94,4700
2012-02-17,4.04,4.13,3.94,4.04,10300
2012-02-20,4.13,4.23,4.04,4.23,10700
2012-02-21,4.42,4.42,4.13,4.13,10100
2012-02-22,4.04,4.33,4.04,4.33,2200
2012-02-23,4.23,4.33,4.23,4.33,11500
2012-02-24,4.42,4.52,4.33,4.52,52200
2012-02-27,4.52,4.71,4.42,4.71,30800
2012-02-28,4.81,4.81,4.33,4.42,25000
2012-02-29,4.52,4.52,4.42,4.42,20500
2012-03-01,4.33,4.52,4.33,4.42,17300
2012-03-02,4.42,4.62,4.33,4.52,49300
2012-03-05,4.71,4.71,4.71,4.71,16100
2012-03-06,5.0,5.0,4.71,4.71,21800
2012-03-07,4.81,4.81,4.52,4.52,15600
2012-03-08,4.33,4.52,4.33,4.42,12100
2012-03-09,4.52,4.52,4.23,4.33,15600
2012-03-12,4.33,4.33,4.04,4.04,16600
2012-03-13,4.42,4.42,4.13,4.33,10200
2012-03-14,4.23,4.23,4.13,4.13,4000
2012-03-15,3.94,4.33,3.94,4.23,52400
2012-03-16,4.04,4.23,4.04,4.23,37100
2012-03-19,4.33,4.33,4.04,4.13,24500
2012-03-20,4.13,4.33,4.13,4.33,57100
2012-03-21,4.33,4.62,4.33,4.52,81500
2012-03-22,4.52,4.62,4.23,4.62,61100
2012-03-23,4.62,4.71,4.52,4.71,100000
2012-03-26,4.81,4.9,4.81,4.9,91200
2012-03-27,5.19,5.19,4.81,4.81,157700
2012-03-28,4.62,5.0,4.52,5.0,38500
2012-03-29,4.9,4.9,4.62,4.62,65500
2012-03-30,4.52,4.62,4.42,4.62,16100
2012-04-03,4.52,4.62,4.33,4.62,26900
2012-04-04,4.62,4.71,4.33,4.33,18700
2012-04-05,4.42,4.42,4.33,4.33,16800
2012-04-06,4.42,4.52,4.42,4.52,19800
2012-04-09,4.52,4.62,4.42,4.62,5800
2012-04-10,4.42,4.52,4.42,4.42,20800
2012-04-11,4.62,4.71,4.42,4.71,46000
2012-04-12,4.9,5.0,4.81,4.9,155900
2012-04-13,4.81,5.0,4.71,4.81,23700
2012-04-16,4.81,5.1,4.81,5.1,55500
2012-04-17,5.19,5.38,5.1,5.38,118600
2012-04-18,5.67,5.67,5.48,5.67,214200
2012-04-19,5.67,5.67,5.19,5.38,46700
2012-04-20,5.38,5.77,5.19,5.67,41600
2012-04-23,5.48,5.48,5.1,5.1,48300
2012-04-24,5.0,5.19,4.81,5.1,80500
2012-04-25,5.38,5.38,5.19,5.38,33100
2012-04-26,5.29,5.38,5.19,5.29,34900
2012-04-27,5.38,5.58,5.29,5.58,93900
2012-05-02,5.96,5.96,5.87,5.96,136700
2012-05-03,6.25,6.25,5.58,5.96,86800
2012-05-04,6.06,6.25,5.67,6.06,103400
2012-05-07,6.15,6.44,6.06,6.44,161900
2012-05-08,6.83,6.83,6.44,6.44,122800
2012-05-09,6.63,6.63,6.25,6.44,55600
2012-05-10,6.63,6.73,6.25,6.44,102300
2012-05-11,6.44,6.44,6.06,6.15,60100
2012-05-14,6.06,6.35,5.67,5.67,87300
2012-05-15,5.48,5.67,5.29,5.29,104500
2012-05-16,5.38,5.58,5.29,5.58,34300
2012-05-17,5.48,5.58,5.29,5.29,23300
2012-05-18,5.19,5.29,5.0,5.1,74000
2012-05-21,5.29,5.38,5.1,5.38,25700
2012-05-22,5.58,5.58,5.38,5.48,86700
2012-05-23,5.38,5.38,5.19,5.19,46400
2012-05-24,5.1,5.19,5.0,5.1,31400
2012-05-25,5.0,5.29,5.0,5.29,11700
2012-05-28,5.58,5.58,5.38,5.58,97900
2012-05-29,5.38,5.67,5.29,5.67,32300
2012-05-30,5.58,5.58,5.38,5.58,17200
2012-05-31,5.29,5.38,5.29,5.38,24200
2012-06-01,5.29,5.38,5.29,5.38,19400
2012-06-04,5.19,5.38,5.1,5.38,71100
2012-06-05,5.1,5.38,5.1,5.38,45600
2012-06-06,5.29,5.38,5.19,5.29,21300
2012-06-07,5.29,5.58,5.29,5.48,23100
2012-06-08,5.58,5.58,5.38,5.58,71500
2012-06-11,5.48,5.67,5.48,5.48,21700
2012-06-12,5.38,5.38,5.29,5.29,27900
2012-06-13,5.29,5.38,5.29,5.38,12400
2012-06-14,5.38,5.48,5.38,5.48,16300
2012-06-15,5.48,5.58,5.48,5.48,18300
2012-06-18,5.58,5.67,5.48,5.48,30000
2012-06-19,5.38,5.58,5.38,5.48,25400
2012-06-20,5.38,5.58,5.38,5.58,26100
2012-06-21,5.48,5.58,5.48,5.48,19500
2012-06-22,5.38,5.38,5.38,5.38,22200
2012-06-25,5.19,5.29,5.19,5.29,11000
2012-06-26,5.1,5.1,5.0,5.1,21300
2012-06-27,4.9,5.19,4.9,5.0,4600
2012-06-28,5.0,5.1,4.9,5.1,31000
2012-06-29,5.0,5.1,5.0,5.1,7000
2012-07-02,5.0,5.1,4.81,5.0,20900
2012-07-03,5.0,5.0,4.71,4.9,17800
2012-07-04,4.9,4.9,4.81,4.9,6000
2012-07-05,4.81,5.1,4.81,4.9,14000
2012-07-06,4.62,5.1,4.62,4.81,4100
2012-07-09,4.9,4.9,4.81,4.81,17800
2012-07-10,4.81,4.9,4.81,4.81,6700
2012-07-11,4.81,4.9,4.71,4.71,1600
2012-07-12,4.81,5.0,4.81,5.0,17300
2012-07-13,4.71,5.29,4.71,5.29,9200
2012-07-16,5.38,5.38,5.1,5.19,13800
2012-07-17,5.0,5.29,5.0,5.29,8400
2012-07-18,5.19,5.38,5.1,5.38,10600
2012-07-19,5.29,5.48,5.19,5.48,16500
2012-07-20,5.19,5.19,5.19,5.19,59300
2012-07-23,5.29,5.29,5.0,5.1,25800
2012-07-24,5.0,5.19,5.0,5.19,15700
2012-07-25,5.1,5.19,5.1,5.19,16400
2012-07-26,5.0,5.19,5.0,5.19,18600
2012-07-27,5.19,5.19,5.19,5.19,0
2012-07-30,5.48,5.48,5.1,5.1,20000
2012-07-31,4.81,5.1,4.81,4.9,1900
2012-08-01,4.9,5.1,4.9,5.1,9300
2012-08-02,5.0,5.1,4.9,5.1,18100
2012-08-03,4.9,4.9,4.9,4.9,1000
2012-08-06,5.1,5.19,5.1,5.19,6500
2012-08-07,5.1,5.1,5.1,5.1,4800
2012-08-08,5.1,5.1,5.0,5.1,9000
2012-08-09,5.19,5.19,5.1,5.19,14000
2012-08-10,5.1,5.1,5.1,5.1,20000
2012-08-13,5.0,5.1,4.9,5.1,11300
2012-08-14,5.1,5.1,5.1,5.1,0
2012-08-15,5.0,5.1,5.0,5.1,8700
2012-08-16,5.19,5.19,5.0,5.0,3700
2012-08-17,5.0,5.0,4.9,4.9,7200
2012-08-20,4.9,5.0,4.9,5.0,2100
2012-08-21,4.9,4.9,4.71,4.71,6200
2012-08-22,4.71,4.71,4.52,4.62,4000
2012-08-23,4.33,4.62,4.33,4.62,16600
2012-08-24,4.62,4.62,4.62,4.62,0
2012-08-27,4.23,4.23,4.13,4.13,8600
2012-08-28,4.13,4.23,4.13,4.23,10800
2012-08-29,4.33,4.42,4.33,4.42,800
2012-08-30,4.23,4.52,4.23,4.52,200
2012-08-31,4.52,4.52,4.52,4.52,0
2012-09-04,4.52,4.52,4.52,4.52,100
2012-09-05,4.52,4.52,4.52,4.52,0
2012-09-06,4.33,4.52,4.23,4.42,11100
2012-09-07,4.13,4.33,4.13,4.33,1500
2012-09-10,4.13,4.13,4.04,4.04,11000
2012-09-11,3.85,4.13,3.85,4.04,5500
2012-09-12,4.04,4.04,4.04,4.04,2600
2012-09-13,4.04,4.13,4.04,4.13,3000
2012-09-14,4.23,4.33,4.13,4.33,1500
2012-09-17,4.23,4.23,4.23,4.23,4600
2012-09-18,4.23,4.33,4.23,4.23,2300
2012-09-19,3.94,4.23,3.94,4.23,1200
2012-09-20,3.94,4.04,3.94,4.04,900
2012-09-21,4.04,4.23,3.94,4.23,7800
2012-09-24,4.13,4.13,4.13,4.13,200
2012-09-25,4.13,4.13,4.13,4.13,0
2012-09-26,4.04,4.23,4.04,4.23,2000
2012-09-27,4.13,4.23,3.94,4.23,10800
2012-09-28,3.94,4.13,3.94,4.13,1300
2012-10-01,3.85,4.04,3.85,4.04,8200
2012-10-02,3.94,3.94,3.94,3.94,2000
2012-10-03,4.04,4.04,3.85,3.85,4900
2012-10-04,3.85,3.85,3.65,3.85,3400
2012-10-05,3.94,3.94,3.85,3.85,1200
2012-10-08,3.85,3.94,3.85,3.94,4100
2012-10-09,3.85,3.85,3.75,3.75,1200
2012-10-10,3.75,3.85,3.75,3.85,7100
2012-10-11,3.85,3.85,3.75,3.75,5900
2012-10-12,3.75,3.85,3.75,3.85,4300
2012-10-15,3.85,3.85,3.75,3.85,8100
2012-10-16,3.85,3.94,3.85,3.94,5300
2012-10-17,3.85,4.04,3.85,4.04,20300
2012-10-18,3.94,4.04,3.94,4.04,3900
2012-10-19,4.04,4.04,4.04,4.04,5000
2012-10-22,3.94,4.04,3.94,4.04,5600
2012-10-23,3.94,4.04,3.94,4.04,4400
2012-10-24,4.04,4.04,4.04,4.04,2100
2012-10-25,3.85,3.94,3.85,3.94,1500
2012-10-26,3.94,3.94,3.94,3.94,2000
2012-10-29,3.85,3.85,3.85,3.85,1200
2012-10-30,3.85,4.04,3.85,4.04,600
2012-10-31,3.85,3.85,3.85,3.85,2600
2012-11-01,3.85,3.85,3.85,3.85,1100
2012-11-02,3.85,3.85,3.85,3.85,12400
2012-11-05,3.85,3.85,3.85,3.85,7700
2012-11-06,3.85,3.85,3.85,3.85,5000
2012-11-07,3.85,3.94,3.85,3.94,1300
2012-11-08,3.94,3.94,3.94,3.94,10900
2012-11-09,3.94,3.94,3.94,3.94,400
2012-11-12,3.94,3.94,3.94,3.94,2300
2012-11-13,4.04,4.04,4.04,4.04,6200
2012-11-14,4.04,4.04,4.04,4.04,7000
2012-11-15,4.04,4.04,3.94,4.04,6600
2012-11-16,4.04,4.04,4.04,4.04,6000
2012-11-19,4.04,4.04,4.04,4.04,10100
2012-11-20,4.04,4.04,4.04,4.04,4900
2012-11-21,4.04,4.04,4.04,4.04,8300
2012-11-22,4.04,4.04,4.04,4.04,1400
2012-11-23,4.04,4.13,4.04,4.13,13400
2012-11-26,4.04,4.04,4.04,4.04,9500
2012-11-27,4.04,4.04,4.04,4.04,4600
2012-11-28,4.04,4.04,4.04,4.04,3000
2012-11-29,4.04,4.04,4.04,4.04,13900
2012-11-30,4.04,4.04,4.04,4.04,0
2012-12-03,4.04,4.13,4.04,4.13,12000
2012-12-04,4.04,4.23,4.04,4.23,6700
2012-12-05,4.23,4.23,4.13,4.13,1000
2012-12-06,4.13,4.23,4.13,4.23,5100
2012-12-07,4.13,4.13,4.04,4.04,3100
2012-12-10,4.13,4.13,4.13,4.13,1000
2012-12-11,4.13,4.13,4.13,4.13,1800
2012-12-12,4.04,4.23,4.04,4.23,7600
2012-12-13,4.23,4.23,4.23,4.23,0
2012-12-14,4.23,4.23,4.23,4.23,0
2012-12-17,4.23,4.23,4.23,4.23,0
2012-12-18,4.13,4.13,4.13,4.13,1500
2012-12-19,4.13,4.13,4.13,4.13,0
2012-12-20,4.13,4.13,4.13,4.13,1000
2012-12-21,4.13,4.13,4.13,4.13,11400
2012-12-24,4.04,4.23,4.04,4.23,5700
2012-12-25,4.23,4.23,4.23,4.23,3000
2012-12-26,4.23,4.23,4.13,4.13,1200
2012-12-27,4.23,4.33,4.13,4.33,10800
2012-12-28,4.13,4.33,4.04,4.23,1300
2013-01-02,4.04,4.52,4.04,4.42,6100
2013-01-03,4.42,4.42,4.33,4.42,3800
2013-01-04,4.23,4.42,4.23,4.42,1100
2013-01-07,4.33,4.42,4.33,4.33,4900
2013-01-08,4.13,4.42,4.13,4.42,4200
2013-01-09,4.23,4.33,4.23,4.33,2600
2013-01-10,4.33,4.33,4.33,4.33,4400
2013-01-11,4.52,4.52,4.42,4.42,13500
2013-01-14,4.33,4.33,4.23,4.33,5100
2013-01-15,4.33,4.52,4.33,4.52,8200
2013-01-16,4.62,4.62,4.52,4.52,11600
2013-01-17,4.52,4.52,4.52,4.52,4000
2013-01-18,4.42,4.81,4.42,4.81,4500
2013-01-21,4.52,4.71,4.52,4.71,5500
2013-01-22,4.42,4.42,4.33,4.33,13700
2013-01-23,4.23,4.33,4.23,4.33,2100
2013-01-24,4.33,4.52,3.94,4.52,18300
2013-01-25,3.94,4.23,3.94,4.23,5000
2013-01-28,4.13,4.23,4.13,4.23,7000
2013-01-29,4.13,4.23,4.13,4.23,7000
2013-01-30,4.23,4.23,4.23,4.23,3900
2013-01-31,4.33,4.33,4.23,4.23,2200
2013-02-01,4.13,4.33,4.13,4.33,1900
2013-02-04,4.33,4.42,4.33,4.42,2000
2013-02-05,4.33,4.42,4.23,4.42,8900
2013-02-06,4.33,4.42,4.33,4.42,8200
2013-02-07,4.52,4.52,4.52,4.52,3000
2013-02-08,4.33,4.52,4.33,4.52,7300
2013-02-18,4.62,4.62,4.62,4.62,1500
2013-02-19,4.71,4.81,4.71,4.81,5300
2013-02-20,4.81,4.81,4.81,4.81,600
2013-02-21,4.81,4.81,4.71,4.71,8700
2013-02-22,4.62,4.9,4.62,4.71,19400
2013-02-25,4.71,4.9,4.71,4.9,10000
2013-02-26,4.81,4.81,4.71,4.71,12700
2013-02-27,4.81,4.81,4.81,4.81,19000
2013-02-28,4.81,4.81,4.71,4.81,11100
2013-03-01,4.81,4.81,4.81,4.81,1500
2013-03-04,4.52,4.71,4.42,4.71,12700
2013-03-05,4.52,4.71,4.42,4.62,17500
2013-03-06,4.62,4.62,4.62,4.62,0
2013-03-07,4.71,4.71,4.62,4.62,5700
2013-03-08,4.71,4.71,4.62,4.62,17300
2013-03-11,4.71,4.71,4.71,4.71,5000
2013-03-12,4.33,4.81,4.33,4.62,5300
2013-03-13,4.81,4.81,4.81,4.81,100
2013-03-14,4.71,4.81,4.71,4.81,10900
2013-03-15,4.71,4.71,4.62,4.62,1500
2013-03-18,4.52,4.62,4.52,4.62,7100
2013-03-19,4.62,4.81,4.62,4.81,5100
2013-03-20,4.81,4.81,4.81,4.81,5000
2013-03-21,4.81,4.81,4.62,4.81,11000
2013-03-22,4.81,4.81,4.81,4.81,0
2013-03-25,4.62,4.62,4.62,4.62,2000
2013-03-26,4.71,4.71,4.71,4.71,600
2013-03-27,4.62,4.62,4.62,4.62,1000
2013-03-28,4.62,4.62,4.62,4.62,0
2013-03-29,4.62,4.71,4.62,4.71,10400
2013-04-01,4.71,4.81,4.71,4.81,13100
2013-04-02,4.81,4.81,4.81,4.81,4000
2013-04-03,4.81,4.81,4.33,4.71,22200
2013-04-04,4.71,4.71,4.71,4.71,5000
2013-04-05,4.71,4.71,4.71,4.71,2000
2013-04-08,4.71,4.71,4.62,4.71,7700
2013-04-09,4.71,4.71,4.71,4.71,7000
2013-04-10,4.71,4.71,4.71,4.71,3000
2013-04-11,4.71,4.81,4.71,4.81,1200
2013-04-12,4.62,4.62,4.62,4.62,5000
2013-04-15,4.62,4.71,4.52,4.52,8200
2013-04-16,4.62,4.62,4.62,4.62,4600
2013-04-17,4.62,4.71,4.62,4.71,9200
2013-04-18,4.62,4.62,4.62,4.62,5000
2013-04-22,4.62,4.62,4.62,4.62,5900
2013-04-23,4.62,4.62,4.62,4.62,500
2013-04-24,4.62,4.62,4.62,4.62,0
2013-04-25,4.62,4.62,4.62,4.62,700
2013-04-26,4.62,4.81,4.52,4.81,10200
2013-05-02,4.71,4.71,4.71,4.71,9300
2013-05-03,4.81,4.81,4.81,4.81,1000
2013-05-06,4.81,4.81,4.81,4.81,0
2013-05-07,4.71,4.71,4.71,4.71,1100
2013-05-08,4.33,4.33,4.33,4.33,1800
2013-05-09,4.71,4.71,4.71,4.71,100
2013-05-10,4.33,4.33,4.33,4.33,100
2013-05-13,4.33,4.33,4.33,4.33,0
2013-05-14,3.94,3.94,3.94,3.94,100
2013-05-15,3.56,4.33,3.56,4.33,2000
2013-05-16,4.33,4.33,4.33,4.33,0
2013-05-17,4.52,4.52,4.52,4.52,300
2013-05-20,4.33,4.33,4.33,4.33,800
2013-05-21,4.33,4.33,4.04,4.04,1100
2013-05-22,4.33,4.33,4.23,4.23,2200
2013-05-23,4.62,4.62,4.62,4.62,100
2013-05-24,4.52,4.52,4.52,4.62,200
2013-05-27,4.71,4.71,4.71,4.71,100
2013-05-28,4.71,4.71,4.71,4.71,0
2013-05-29,4.71,4.71,4.71,4.71,0
2013-05-30,4.81,4.81,4.52,4.52,28400
2013-05-31,4.13,4.62,4.13,4.62,8600
2013-06-03,4.42,4.62,4.42,4.62,1100
2013-06-04,4.52,4.52,4.33,4.52,8000
2013-06-05,4.23,4.52,4.13,4.52,7500
2013-06-06,4.52,4.52,4.52,4.52,3000
2013-06-07,4.81,4.81,4.62,4.62,9200
2013-06-10,4.23,4.62,4.23,4.52,3900
2013-06-11,4.52,4.52,4.52,4.52,2000
2013-06-12,4.42,4.42,4.42,4.42,1100
2013-06-13,4.52,4.52,4.42,4.42,7900
2013-06-14,4.52,4.52,4.42,4.42,4000
2013-06-17,4.04,4.42,4.04,4.23,7200
2013-06-18,4.52,4.52,4.52,4.52,200
2013-06-19,4.33,4.42,4.23,4.42,4900
2013-06-20,4.42,4.42,4.42,4.42,5000
2013-06-21,4.42,4.42,4.42,4.42,0
2013-06-24,4.33,4.33,4.33,4.33,2300
2013-06-25,4.33,4.33,4.04,4.04,2900
2013-06-26,4.04,4.33,4.04,4.33,600
2013-06-27,4.33,4.33,4.33,4.33,3000
2013-06-28,4.33,4.33,4.23,4.23,5800
2013-07-01,4.33,4.33,4.23,4.23,10000
2013-07-02,4.23,4.23,4.23,4.23,2000
2013-07-03,4.23,4.23,4.13,4.23,4500
2013-07-04,4.23,4.23,4.23,4.23,1500
2013-07-05,4.23,4.23,4.23,4.23,0
2013-07-08,4.23,4.23,4.23,4.23,2000
2013-07-09,4.23,4.23,4.23,4.23,200
2013-07-10,4.23,4.23,4.23,4.23,9300
2013-07-11,4.23,4.23,4.13,4.13,3000
2013-07-12,4.13,4.13,4.04,4.04,6000
2013-07-15,4.13,4.13,4.04,4.04,4000
2013-07-16,4.13,4.13,4.04,4.04,2100
2013-07-17,4.04,4.04,4.04,4.04,0
2013-07-18,4.33,4.33,4.33,4.33,100
2013-07-19,4.23,4.23,4.13,4.23,5900
2013-07-22,4.23,4.23,4.23,4.23,800
2013-07-23,4.23,4.23,4.23,4.23,1600
2013-07-24,4.23,4.23,4.13,4.13,11000
2013-07-25,4.13,4.13,4.13,4.13,2600
2013-07-26,4.04,4.13,4.04,4.13,3000
2013-07-29,4.13,4.23,4.13,4.23,2000
2013-07-30,4.13,4.13,4.13,4.13,4600
2013-07-31,4.13,4.13,4.13,4.13,4000
2013-08-01,4.13,4.13,4.13,4.13,3000
2013-08-02,4.13,4.13,4.13,4.13,1102
2013-08-05,4.13,4.13,4.13,4.13,0
2013-08-06,4.23,4.23,4.23,4.23,14000
2013-08-07,4.23,4.23,4.23,4.23,5000
2013-08-08,4.62,4.62,4.23,4.23,200
2013-08-09,4.23,4.23,4.23,4.23,3000
2013-08-12,4.23,4.23,4.23,4.23,3000
2013-08-13,4.33,4.33,4.33,4.33,100
2013-08-14,4.23,4.23,4.23,4.23,500
2013-08-15,4.23,4.23,4.23,4.23,7500
2013-08-16,4.23,4.23,4.23,4.23,3000
2013-08-19,4.04,4.23,4.04,4.23,3800
2013-08-20,4.23,4.62,4.23,4.62,5700
2013-08-21,4.42,4.42,4.42,4.42,3000
2013-08-22,4.33,4.52,4.33,4.52,4200
2013-08-23,4.52,4.52,4.52,4.52,50
2013-08-26,4.42,4.42,4.42,4.42,4051
2013-08-27,4.42,4.42,4.42,4.42,0
2013-08-28,4.33,4.33,4.33,4.33,12100
2013-08-29,4.33,4.52,4.33,4.52,2700
2013-08-30,4.52,4.52,4.52,4.52,0
2013-09-03,4.52,4.52,4.52,4.52,8000
2013-09-04,4.42,4.42,4.42,4.42,14000
2013-09-05,4.42,4.42,4.42,4.42,100
2013-09-06,4.42,4.42,4.42,4.42,3000
2013-09-09,4.42,4.42,4.42,4.42,6000
2013-09-10,4.71,4.71,4.71,4.71,100
2013-09-11,5.0,5.0,5.0,5.0,100
2013-09-12,5.0,5.0,5.0,5.0,0
2013-09-13,4.62,4.62,4.62,4.62,4000
2013-09-16,4.52,4.62,4.52,4.62,3500
2013-09-17,4.62,4.62,4.62,4.62,8000
2013-09-18,4.62,4.62,4.52,4.52,8000
2013-09-19,4.62,4.62,4.62,4.62,2000
2013-09-20,4.62,4.62,4.52,4.62,6700
2013-09-23,4.62,4.62,4.62,4.62,1000
2013-09-24,4.62,4.62,4.62,4.62,1000
2013-09-25,4.62,4.81,4.62,4.62,4900
2013-09-26,4.52,4.71,4.52,4.71,2300
2013-09-27,4.71,4.71,4.71,4.71,1900
2013-09-30,5.0,5.0,4.81,4.81,700
2013-10-01,4.9,4.9,4.71,4.81,6800
2013-10-02,4.9,4.9,4.9,4.9,100
2013-10-03,4.9,4.9,4.9,4.9,4100
2013-10-04,5.0,5.0,4.9,4.9,2500
2013-10-07,4.9,4.9,4.81,4.81,3000
2013-10-08,4.81,4.9,4.81,4.9,3000
2013-10-09,4.81,4.81,4.81,4.81,8900
2013-10-10,4.9,4.9,4.9,4.9,800
2013-10-11,5.19,5.19,5.19,5.19,100
2013-10-14,4.81,4.81,4.81,4.81,100
2013-10-15,4.81,4.9,4.81,4.9,3600
2013-10-16,4.81,4.81,4.81,4.81,1500
2013-10-17,4.81,4.9,4.81,4.9,800
2013-10-18,5.0,5.0,4.9,4.9,4300
2013-10-21,4.9,4.9,4.9,4.9,1100
2013-10-22,4.9,4.9,4.9,4.9,1000
2013-10-23,4.9,4.9,4.9,4.9,300
2013-10-24,5.38,5.38,5.38,5.38,100
2013-10-25,5.0,5.0,5.0,5.0,500
2013-10-28,5.0,5.0,5.0,5.0,0
2013-10-29,5.38,5.38,5.38,5.38,100
2013-10-30,5.0,5.1,5.0,5.0,6000
2013-10-31,5.19,5.19,5.19,5.19,100
2013-11-01,5.19,5.19,5.19,5.19,0
2013-11-04,5.1,5.1,5.1,5.1,2000
2013-11-05,5.1,5.1,5.0,5.0,5000
2013-11-06,5.1,5.48,5.0,5.48,5400
2013-11-07,5.48,5.48,5.48,5.48,0
2013-11-08,5.48,5.48,5.48,5.48,0
2013-11-11,5.0,5.38,5.0,5.38,300
2013-11-12,5.38,5.38,5.38,5.38,0
2013-11-13,5.19,5.19,5.19,5.19,1500
2013-11-14,5.19,5.58,5.19,5.58,2400
2013-11-15,5.19,5.19,5.19,5.19,2700
2013-11-18,5.29,5.29,5.29,5.29,700
2013-11-19,4.81,4.9,4.81,4.9,500
2013-11-20,5.38,5.38,5.29,5.29,1300
2013-11-21,5.29,5.38,5.19,5.38,15288
2013-11-22,5.19,5.19,5.19,5.38,712
2013-11-25,5.29,5.29,5.29,5.29,3000
2013-11-26,5.29,5.58,5.29,5.38,1700
2013-11-27,5.38,5.38,5.38,5.38,4600
2013-11-28,5.29,5.29,5.29,5.29,9400
2013-11-29,5.29,5.29,5.29,5.29,3000
2013-12-02,5.29,5.38,5.29,5.29,11860
2013-12-03,5.29,5.38,5.29,5.38,10030
2013-12-04,5.29,5.29,5.29,5.29,5000
2013-12-05,5.29,5.29,5.29,5.29,1700
2013-12-06,5.29,5.38,5.19,5.29,9600
2013-12-09,5.29,5.29,5.0,5.29,18100
2013-12-10,5.19,5.19,5.0,5.1,15100
2013-12-11,5.0,5.19,5.0,5.19,8100
2013-12-12,5.19,5.19,5.19,5.19,4000
2013-12-13,5.19,5.19,5.1,5.1,24700
2013-12-16,5.1,5.38,5.1,5.38,14900
2013-12-17,5.38,5.38,5.29,5.29,13800
2013-12-18,5.29,5.38,5.29,5.38,8000
2013-12-19,5.38,5.38,5.38,5.38,9000
2013-12-20,5.38,5.38,5.38,5.38,25900
2013-12-23,5.38,5.48,5.38,5.48,7800
2013-12-24,5.38,5.58,5.38,5.58,13300
2013-12-25,5.48,5.58,5.48,5.58,1100
2013-12-26,5.58,5.77,5.58,5.77,15900
2013-12-27,5.77,5.77,5.77,5.77,1800
2013-12-30,5.77,5.77,5.77,5.77,7100
2013-12-31,5.77,5.87,5.77,5.87,4900
2014-01-02,5.77,6.35,5.77,6.35,2200
2014-01-03,6.35,6.35,6.35,6.35,0
2014-01-06,6.35,6.73,6.25,6.35,6800
2014-01-07,6.35,6.54,6.35,6.35,5300
2014-01-08,6.35,6.44,6.35,6.44,11200
2014-01-09,6.35,6.44,6.35,6.44,6400
2014-01-10,6.35,6.35,6.35,6.35,10000
2014-01-13,6.35,6.44,6.35,6.44,2900
2014-01-14,6.44,6.54,6.44,6.54,6300
2014-01-15,6.54,6.63,6.54,6.63,1900
2014-01-16,6.63,6.73,6.63,6.63,17000
2014-01-17,6.63,6.63,6.63,6.63,9400
2014-01-20,6.63,6.63,6.63,6.63,16300
2014-01-21,6.63,6.63,6.63,6.63,22000
2014-01-22,6.63,6.73,6.63,6.73,8900
2014-01-23,6.73,7.21,6.73,7.21,4600
2014-01-24,7.4,7.4,7.31,7.31,400
2014-01-27,7.31,7.69,7.31,7.69,4600
2014-02-06,7.69,8.08,7.6,7.69,5200
2014-02-07,7.69,7.69,7.69,7.69,26500
2014-02-10,7.31,7.6,7.31,7.6,9883
2014-02-11,7.6,7.88,7.6,7.69,5617
2014-02-12,7.69,7.69,7.69,7.69,16800
2014-02-13,7.69,7.69,7.69,7.69,4400
2014-02-14,7.69,7.69,7.69,7.69,0
2014-02-17,7.5,7.69,7.5,7.69,9100
2014-02-18,7.6,7.6,7.6,7.6,3500
2014-02-19,7.6,7.69,7.6,7.69,7500
2014-02-20,7.69,7.69,7.6,7.6,17000
2014-02-21,7.6,7.6,7.6,7.6,21600
2014-02-24,7.6,7.69,7.6,7.69,2400
2014-02-25,7.31,7.69,7.31,7.69,5300
2014-02-26,7.69,7.69,7.69,7.69,9200
2014-02-27,7.69,7.69,7.69,7.69,11800
2014-02-28,7.69,7.98,7.69,7.98,6800
2014-03-03,7.69,7.69,7.6,7.69,9100
2014-03-04,7.5,7.69,7.5,7.69,13600
2014-03-05,7.5,7.69,7.5,7.5,16040
2014-03-06,7.69,7.69,7.5,7.69,11300
2014-03-07,7.5,7.5,7.5,7.5,2600
2014-03-10,7.5,7.79,7.5,7.79,2200
2014-03-11,7.69,7.69,7.6,7.6,7000
2014-03-12,7.5,7.88,7.5,7.88,14100
2014-03-13,7.69,7.69,7.6,7.6,5700
2014-03-14,7.69,7.69,7.69,7.69,6100
2014-03-17,7.79,7.79,7.79,7.79,18729
2014-03-18,7.69,7.88,7.69,7.88,17157
2014-03-19,7.69,7.88,7.69,7.88,335
2014-03-20,7.79,7.79,7.69,7.69,2200
2014-03-21,7.69,8.46,7.69,8.46,21486
2014-03-24,8.46,9.23,8.46,9.23,8514
2014-03-25,9.04,9.62,8.94,9.04,13076
2014-03-26,9.23,9.23,8.85,8.85,10700
2014-03-27,8.85,8.85,8.46,8.46,8200
2014-03-28,8.65,8.94,8.56,8.85,8724
2014-03-31,8.85,8.85,8.65,8.65,5200
2014-04-01,8.65,8.75,8.65,8.65,14300
2014-04-02,8.65,8.65,8.56,8.65,13000
2014-04-03,8.65,8.65,8.56,8.56,4100
2014-04-04,8.56,8.75,8.56,8.75,2400
2014-04-07,8.75,8.75,8.75,8.75,0
2014-04-08,8.75,8.75,8.75,8.75,0
2014-04-10,8.75,8.75,8.75,8.75,0
2014-04-11,8.75,8.75,8.75,8.75,300
2014-04-14,8.75,8.75,8.75,8.75,0
2014-04-15,8.75,8.75,8.75,8.75,0
2014-04-16,8.75,8.75,8.75,8.75,0
2014-04-17,8.75,8.75,8.75,8.75,0
2014-04-18,8.75,8.75,8.75,8.75,0
2014-04-21,8.46,8.46,8.46,8.46,100
2014-04-22,8.46,8.46,8.46,8.46,0
2014-04-23,8.46,8.46,8.46,8.46,0
2014-04-24,8.46,8.46,8.46,8.46,0
2014-04-25,8.46,8.46,8.46,8.46,100
2014-04-28,8.46,8.46,8.46,8.46,0
2014-04-29,8.46,8.46,8.46,8.46,0
2014-05-05,8.46,8.46,8.46,8.46,0
2014-05-06,8.46,8.46,8.46,8.46,0
2014-05-07,8.46,8.46,8.46,8.46,0
2014-05-08,8.46,8.46,8.46,8.46,0
2014-05-09,8.46,8.46,8.46,8.46,40
2014-05-12,8.46,8.46,8.46,8.46,0
2014-05-13,8.46,8.46,8.46,8.46,0
2014-05-14,8.46,8.46,8.46,8.46,0
2014-05-15,8.46,8.46,8.46,8.46,0
2014-05-16,8.46,8.46,8.46,8.46,0
2014-05-19,8.46,8.46,8.46,8.46,0
2014-05-20,8.46,8.46,8.46,8.46,0
2014-05-21,8.46,8.46,8.46,8.46,0
2014-05-22,7.69,7.69,7.69,7.69,500
2014-05-23,7.21,7.21,6.92,6.92,1600
2014-05-26,6.73,6.73,6.54,6.54,1400
2014-05-27,6.54,6.54,6.54,6.54,0
2014-05-28,6.54,6.54,6.54,6.54,0
2014-05-29,6.54,6.54,6.54,6.54,0
2014-05-30,6.54,6.54,6.54,6.54,0
2014-06-02,6.54,6.54,6.54,6.54,0
2014-06-03,6.54,6.54,6.54,6.54,0
2014-06-04,5.96,6.06,5.96,5.96,11400
2014-06-05,5.96,5.96,5.96,5.96,0
2014-06-06,5.96,5.96,5.96,5.96,0
2014-06-09,5.96,5.96,5.96,5.96,0
2014-06-10,5.96,5.96,5.96,5.96,0
2014-06-11,5.38,5.38,5.38,5.38,900
2014-06-12,5.38,5.38,5.38,5.38,4900
2014-06-13,5.58,5.58,5.58,5.58,1500
2014-06-16,5.48,5.48,5.38,5.38,5400
2014-06-17,5.38,5.38,5.38,5.38,0
2014-06-18,5.38,5.38,5.38,5.38,600
2014-06-19,4.9,4.9,4.9,4.9,100
2014-06-20,4.9,4.9,4.9,4.9,0
2014-06-23,4.9,5.38,4.9,5.38,7400
2014-06-24,5.29,5.29,5.29,5.29,5700
2014-06-25,5.29,5.29,5.29,5.29,0
2014-06-26,4.81,4.81,4.81,4.81,100
2014-06-27,4.81,4.81,4.81,4.81,0
2014-06-30,5.1,5.29,5.1,5.29,900
2014-07-01,5.48,5.48,5.29,5.29,400
2014-07-02,5.58,5.77,5.58,5.58,1290
2014-07-03,5.77,5.77,5.77,5.77,810
2014-07-04,5.96,5.96,5.96,5.96,500
2014-07-07,6.54,6.54,6.54,6.54,6200
2014-07-08,6.73,6.92,6.73,6.73,2100
2014-07-09,6.83,6.83,6.73,6.73,3500
2014-07-10,6.73,6.83,6.73,6.73,4200
2014-07-11,6.73,6.73,6.73,6.73,1100
2014-07-14,6.83,6.83,6.83,6.83,300
2014-07-15,6.83,6.83,6.83,6.83,0
2014-07-16,6.83,6.92,6.83,6.92,710
2014-07-17,6.92,7.02,6.92,7.02,3800
2014-07-18,7.21,7.21,7.21,7.21,200
2014-07-21,7.21,7.21,7.21,7.21,0
2014-07-22,7.12,7.21,7.12,7.21,3900
2014-07-23,7.21,7.21,7.21,7.21,0
2014-07-24,7.21,7.21,7.21,7.21,200
2014-07-25,7.21,7.21,7.21,7.21,100
2014-07-28,7.21,7.21,7.21,7.21,0
2014-07-29,7.21,7.21,7.21,7.21,0
2014-07-30,7.21,7.21,7.21,7.21,0
2014-07-31,7.21,7.21,7.21,7.21,0
2014-08-01,7.21,7.21,7.21,7.21,0
2014-08-04,7.31,7.31,7.31,7.31,200
2014-08-05,7.31,7.31,7.31,7.31,0
2014-08-06,7.31,7.31,7.31,7.31,0
2014-08-07,6.92,7.02,6.73,7.02,13100
2014-08-08,7.21,7.21,7.21,7.21,100
2014-08-11,7.21,7.21,7.21,7.21,0
2014-08-12,7.21,7.4,7.02,7.02,14400
2014-08-13,7.02,7.12,7.02,7.12,8600
2014-08-14,7.12,7.12,7.02,7.12,24700
2014-08-15,7.12,7.12,7.12,7.12,19500
2014-08-18,7.02,7.12,7.02,7.12,4200
2014-08-19,7.12,7.12,7.12,7.12,2100
2014-08-20,7.12,7.12,7.12,7.12,5100
2014-08-21,7.12,7.21,7.12,7.21,3500
2014-08-22,7.21,7.31,7.21,7.31,6100
2014-08-25,7.31,7.5,7.31,7.5,5900
2014-08-26,7.31,7.5,7.31,7.5,3292
2014-08-27,7.7,7.7,7.2,7.2,1500
2014-08-28,7.3,7.3,7.2,7.2,2508
2014-08-29,7.4,7.4,7.4,7.4,600
2014-09-03,7.4,7.5,7.4,7.4,2500
2014-09-04,7.5,7.5,6.7,7.3,4500
2014-09-05,7.3,7.4,7.3,7.4,7100
2014-09-08,7.5,7.7,7.5,7.7,5400
2014-09-09,7.6,7.6,7.5,7.6,8200
2014-09-10,7.6,7.6,7.5,7.5,4600
2014-09-11,7.3,7.5,7.0,7.5,2700
2014-09-12,7.5,7.5,7.4,7.5,2600
2014-09-15,7.5,7.5,7.5,7.5,4300
2014-09-16,7.5,7.6,7.5,7.6,900
2014-09-17,7.6,8.3,7.6,8.3,19100
2014-09-18,8.3,8.4,8.3,8.3,1200
2014-09-19,8.3,8.3,8.3,8.3,7701
2014-09-22,8.4,8.5,7.5,7.5,11600
2014-09-23,8.2,8.2,7.5,7.5,1415
2014-09-24,7.5,8.0,7.5,7.7,3277
2014-09-25,7.7,8.2,7.0,7.3,13708
2014-09-26,7.2,7.7,6.6,7.0,1700
2014-09-29,7.2,7.7,7.2,7.7,700
2014-09-30,7.7,8.4,7.7,8.0,11401
2014-10-01,8.0,8.0,8.0,8.0,1200
2014-10-02,8.2,8.4,8.2,8.4,3310
2014-10-03,8.4,8.4,8.3,8.3,4220
2014-10-06,8.4,8.4,8.4,8.4,500
2014-10-07,8.5,8.5,8.5,8.5,1300
2014-10-08,8.5,8.5,8.4,8.4,2700
2014-10-09,8.6,8.6,8.5,8.5,5230
2014-10-10,8.5,8.5,8.4,8.4,500
2014-10-13,8.4,8.4,8.4,8.4,0
2014-10-14,8.6,8.6,8.5,8.5,4100
2014-10-15,8.5,8.5,8.4,8.4,1200
2014-10-16,8.2,8.2,8.2,8.2,3500
2014-10-17,8.0,8.0,8.0,8.0,400
2014-10-20,8.0,8.0,8.0,8.0,200
2014-10-21,8.0,8.0,7.8,7.8,900
2014-10-22,7.8,7.8,7.8,7.8,500
2014-10-23,7.8,7.8,7.8,7.8,100
2014-10-24,7.8,7.8,7.8,7.8,300
2014-10-27,7.8,7.8,7.8,7.8,0
2014-10-28,7.8,7.8,7.8,7.8,0
2014-10-29,7.9,7.9,7.9,7.9,100
2014-10-30,7.9,7.9,7.9,7.9,0
2014-10-31,7.9,7.9,7.9,7.9,0
2014-11-03,7.9,7.9,7.9,7.9,0
2014-11-04,7.9,7.9,7.9,7.9,0
2014-11-05,7.9,7.9,7.9,7.9,0
2014-11-06,7.9,7.9,7.9,7.9,133
2014-11-07,7.9,7.9,7.9,7.9,0
2014-11-10,7.9,7.9,7.9,7.9,0
2014-11-11,7.9,7.9,7.9,7.9,0
2014-11-12,7.9,7.9,7.9,7.9,0
2014-11-13,7.9,7.9,7.9,7.9,0
2014-11-14,7.9,7.9,7.9,7.9,31
2014-11-17,7.9,7.9,7.9,7.9,36
2014-11-18,7.9,7.9,7.9,7.9,0
2014-11-19,7.9,7.9,7.9,7.9,0
2014-11-20,7.9,7.9,7.9,7.9,0
2014-11-21,7.9,7.9,7.9,7.9,0
2014-11-24,7.9,7.9,7.9,7.9,0
2014-11-25,7.9,7.9,7.9,7.9,0
2014-11-26,7.9,7.9,7.9,7.9,0
2014-11-27,7.9,7.9,7.9,7.9,0
2014-11-28,7.5,7.5,7.5,7.5,1600
2014-12-01,7.5,7.5,7.5,7.5,0
2014-12-02,7.5,7.5,7.5,7.5,600
2014-12-03,7.5,7.5,7.5,7.5,0
2014-12-04,7.5,7.5,7.5,7.5,0
2014-12-05,7.5,7.5,7.1,7.1,900
2014-12-08,7.1,7.1,7.1,7.1,0
2014-12-09,7.1,7.1,7.1,7.1,0
2014-12-10,7.0,7.0,7.0,7.0,100
2014-12-11,7.0,7.0,7.0,7.0,0
2014-12-12,7.0,7.0,7.0,7.0,0
2014-12-15,7.1,7.1,7.1,7.1,200
2014-12-16,6.4,6.6,6.4,6.6,700
2014-12-17,6.0,6.0,6.0,6.0,300
2014-12-18,6.0,6.0,6.0,6.0,0
2014-12-19,6.0,6.0,6.0,6.0,0
2014-12-22,6.0,6.0,6.0,6.0,0
2014-12-23,6.0,6.0,6.0,6.0,0
2014-12-24,6.0,6.0,6.0,6.0,0
2014-12-25,6.0,6.0,6.0,6.0,0
2014-12-26,6.0,6.0,6.0,6.0,0
2014-12-29,6.0,6.0,6.0,6.0,0
2014-12-30,5.7,5.7,5.7,5.7,100
2014-12-31,5.7,5.7,5.7,5.7,0
2015-01-05,5.5,5.5,5.5,5.5,200
2015-01-06,5.5,5.5,5.5,5.5,0
2015-01-07,5.5,5.5,5.5,5.5,0
2015-01-08,5.5,5.5,5.5,5.5,0
2015-01-09,5.0,5.5,5.0,5.0,900
2015-01-12,5.0,5.0,5.0,5.0,1100
2015-01-13,5.2,5.5,5.2,5.5,1000
2015-01-14,6.0,6.0,6.0,6.0,200
2015-01-15,5.5,6.0,5.5,6.0,3500
2015-01-16,6.0,6.0,6.0,6.0,1300
2015-01-19,6.0,6.0,6.0,6.0,0
2015-01-20,6.0,6.0,6.0,6.0,0
2015-01-21,6.0,6.0,6.0,6.0,0
2015-01-22,6.0,6.0,6.0,6.0,0
2015-01-23,6.0,6.0,6.0,6.0,0
2015-01-26,6.0,6.0,6.0,6.0,200
2015-01-27,6.1,6.2,6.1,6.2,2700
2015-01-28,6.2,6.2,6.2,6.2,0
2015-01-29,6.3,6.3,6.3,6.3,100
2015-01-30,6.3,6.3,6.3,6.3,1410
2015-02-02,6.3,6.3,6.3,6.3,0
2015-02-03,6.3,6.3,6.3,6.3,300
2015-02-04,6.3,6.3,6.3,6.3,1700
2015-02-05,6.3,6.3,6.3,6.3,0
2015-02-06,6.3,6.3,6.3,6.3,500
2015-02-09,5.7,5.7,5.7,5.7,700
2015-02-10,5.7,5.7,5.7,5.7,1000
2015-02-11,5.7,5.7,5.7,5.7,800
2015-02-12,5.7,5.7,5.7,5.7,1800
2015-02-13,5.7,5.7,5.7,5.7,0
2015-02-24,5.7,5.7,5.7,5.7,0
2015-02-25,5.7,5.7,5.7,5.7,0
2015-02-26,5.7,5.7,5.7,5.7,0
2015-02-27,5.7,5.7,5.7,5.7,0
2015-03-02,5.7,5.7,5.7,5.7,0
2015-03-03,5.7,5.7,5.7,5.7,0
2015-03-04,5.7,5.7,5.7,5.7,0
2015-03-05,5.5,5.7,5.2,5.7,3300
2015-03-06,5.7,5.7,5.7,5.7,0
2015-03-09,5.5,5.5,5.5,5.5,100
2015-03-10,5.0,5.0,5.0,5.0,550
2015-03-11,5.0,5.0,5.0,5.0,100
2015-03-12,5.0,5.0,5.0,5.0,0
2015-03-13,5.0,5.0,5.0,5.0,0
2015-03-16,5.2,5.2,5.2,5.2,800
2015-03-17,5.2,5.2,5.0,5.0,1700
2015-03-18,5.2,5.2,5.2,5.2,100
2015-03-19,5.2,5.2,5.2,5.2,100
2015-03-20,5.6,5.6,5.6,5.6,200
2015-03-23,5.5,5.5,5.5,5.5,200
2015-03-24,5.5,5.5,5.5,5.5,0
2015-03-25,5.5,5.5,5.5,5.5,1200
2015-03-26,5.5,5.5,5.5,5.5,0
2015-03-27,5.5,5.5,5.5,5.5,1000
2015-03-30,5.5,5.5,5.5,5.5,0
2015-03-31,5.5,5.5,5.5,5.5,0
2015-04-01,5.5,5.5,5.5,5.5,0
2015-04-02,5.5,5.5,5.5,5.5,0
2015-04-03,5.5,5.5,5.5,5.5,2000
2015-04-06,5.5,5.5,5.5,5.5,0
2015-04-07,5.5,5.5,5.5,5.5,0
2015-04-08,5.5,5.5,5.5,5.5,0
2015-04-09,5.5,5.5,5.5,5.5,0
2015-04-10,5.5,5.5,5.5,5.5,0
2015-04-13,5.5,5.5,5.5,5.5,0
2015-04-14,5.5,5.5,5.5,5.5,0
2015-04-15,5.5,5.5,5.5,5.5,0
2015-04-16,5.5,5.5,5.5,5.5,0
2015-04-17,5.5,5.5,5.5,5.5,500
2015-04-20,5.5,5.5,5.5,5.5,0
2015-04-21,5.5,5.5,5.5,5.5,0
2015-04-22,5.5,5.5,5.5,5.5,0
2015-04-23,5.5,5.5,5.5,5.5,0
2015-04-24,5.5,5.5,5.5,5.5,0
2015-04-27,5.0,5.0,5.0,5.0,400
2015-05-04,5.0,5.0,5.0,5.0,100
2015-05-05,5.0,5.0,5.0,5.0,0
2015-05-06,5.0,5.0,5.0,5.0,0
2015-05-07,5.0,5.0,5.0,5.0,0
2015-05-08,5.0,5.0,5.0,5.0,0
2015-05-11,5.0,5.0,5.0,5.0,0
2015-05-12,5.0,5.0,5.0,5.0,0
2015-05-13,5.0,5.0,5.0,5.0,0
2015-05-14,5.0,5.0,5.0,5.0,0
2015-05-15,5.0,5.0,5.0,5.0,0
2015-05-18,5.0,5.0,5.0,5.0,0
2015-05-19,5.0,5.0,5.0,5.0,0
2015-05-20,5.0,5.0,5.0,5.0,0
2015-05-21,5.0,5.0,5.0,5.0,0
2015-05-22,5.0,5.0,5.0,5.0,100
2015-05-25,5.0,5.0,5.0,5.0,0
2015-05-26,5.0,5.0,5.0,5.0,0
2015-05-27,5.0,5.0,5.0,5.0,100
2015-05-28,4.5,4.5,4.5,4.5,429
2015-05-29,4.5,4.5,4.5,4.5,0
2015-06-01,4.5,4.5,4.5,4.5,0
2015-06-02,4.5,4.5,4.5,4.5,0
2015-06-03,4.5,4.5,4.5,4.5,0
2015-06-04,4.5,4.5,4.5,4.5,0
2015-06-05,4.5,4.5,4.5,4.5,0
2015-06-08,4.5,4.5,4.5,4.5,0
2015-06-09,4.5,4.5,4.5,4.5,0
2015-06-10,4.9,4.9,4.9,4.9,555
2015-06-11,4.9,4.9,4.9,4.9,10
2015-06-12,4.9,4.9,4.9,4.9,0
2015-06-15,4.5,4.5,4.5,4.5,100
2015-06-16,4.1,4.1,4.1,4.1,300
2015-06-17,4.1,4.1,4.1,4.1,600
2015-06-18,4.0,4.0,4.0,4.0,1220
2015-06-19,4.0,4.0,4.0,4.0,0
2015-06-22,4.0,4.4,4.0,4.4,500
2015-06-23,4.4,4.4,4.4,4.4,0
2015-06-24,4.4,4.4,4.4,4.4,0
2015-06-25,4.4,4.4,4.4,4.4,0
2015-06-26,4.0,4.0,4.0,4.0,300
2015-06-29,3.6,3.6,3.6,3.6,900
2015-06-30,3.6,3.6,3.6,3.6,0
2015-07-01,3.6,3.6,3.6,3.6,0
2015-07-02,3.6,3.6,3.6,3.6,1700
2015-07-03,3.6,3.6,3.6,3.6,0
2015-07-06,3.6,3.6,3.6,3.6,0
2015-07-07,3.4,3.4,3.4,3.4,400
2015-07-08,3.4,3.4,3.4,3.4,0
2015-07-09,3.4,3.4,3.4,3.4,100
2015-07-10,3.4,3.4,3.4,3.4,0
2015-07-13,3.4,3.4,3.4,3.4,200
2015-07-14,3.5,3.5,3.5,3.5,700
2015-07-15,3.5,3.5,3.5,3.5,200
2015-07-16,3.5,3.5,3.5,3.5,0
2015-07-17,3.4,3.4,3.4,3.4,49100
2015-07-20,3.4,3.4,3.4,3.4,0
2015-07-21,3.4,3.4,3.4,3.4,0
2015-07-22,3.4,3.4,3.4,3.4,300
2015-07-23,3.1,3.7,3.1,3.7,1600
2015-07-24,3.7,3.7,3.7,3.7,0
2015-07-27,3.7,3.7,3.7,3.7,0
2015-07-28,3.4,3.4,3.4,3.4,200
2015-07-29,3.4,3.4,3.4,3.4,22
2015-07-30,3.4,3.4,3.4,3.4,0
2015-07-31,3.4,3.4,3.4,3.4,0
2015-08-03,3.1,3.1,3.1,3.1,400
2015-08-04,3.1,3.4,3.1,3.4,300
2015-08-05,3.4,3.4,3.4,3.4,0
2015-08-06,3.4,3.4,3.4,3.4,100
2015-08-07,3.4,3.4,3.4,3.4,0
2015-08-10,3.4,3.4,3.4,3.4,0
2015-08-11,3.4,3.4,3.4,3.4,100
2015-08-12,3.1,3.1,3.1,3.1,1600
2015-08-13,3.4,3.4,3.4,3.4,100
2015-08-14,3.4,3.4,3.4,3.4,0
2015-08-17,3.4,3.4,3.4,3.4,200
2015-08-18,3.1,3.1,3.1,3.1,500
2015-08-19,3.0,3.0,3.0,3.0,800
2015-08-20,3.0,3.0,3.0,3.0,0
2015-08-21,3.0,3.0,3.0,3.0,0
2015-08-24,3.3,3.3,3.0,3.0,900
2015-08-25,3.0,3.0,3.0,3.0,200200
2015-08-26,3.0,3.0,3.0,3.0,0
2015-08-27,3.3,3.3,3.3,3.3,100
2015-08-28,3.3,3.3,3.3,3.3,257
2015-08-31,3.3,3.3,3.3,3.3,0
2015-09-01,3.3,3.3,3.3,3.3,0
2015-09-03,3.3,3.3,3.3,3.3,0
2015-09-04,3.3,3.3,3.3,3.3,0
2015-09-07,3.3,3.3,3.3,3.3,0
2015-09-08,3.3,3.3,3.3,3.3,0
2015-09-09,3.0,3.0,3.0,3.0,100
2015-09-10,3.3,3.3,3.3,3.3,900
2015-09-11,3.3,3.3,3.3,3.3,0
2015-09-14,3.3,3.3,3.3,3.3,0
2015-09-15,3.3,3.3,3.3,3.3,0
2015-09-16,3.3,3.3,3.3,3.3,0
2015-09-17,3.6,3.6,3.6,3.6,200
2015-09-18,3.6,3.6,3.6,3.6,0
2015-09-21,3.6,3.6,3.6,3.6,0
2015-09-22,3.6,3.6,3.6,3.6,0
2015-09-23,3.6,3.6,3.6,3.6,143
2015-09-24,3.6,3.6,3.6,3.6,0
2015-09-25,3.6,3.6,3.6,3.6,0
2015-09-28,3.6,3.6,3.6,3.6,100
2015-09-29,3.6,3.6,3.6,3.6,300
2015-09-30,3.6,3.6,3.6,3.6,0
2015-10-01,3.6,3.6,3.6,3.6,0
2015-10-02,3.6,3.6,3.6,3.6,100
2015-10-05,3.6,3.6,3.6,3.6,0
2015-10-06,3.6,3.6,3.6,3.6,200
2015-10-07,3.6,3.6,3.6,3.6,100
2015-10-08,3.6,3.6,3.6,3.6,0
2015-10-09,3.6,3.6,3.6,3.6,100
2015-10-12,3.6,3.6,3.6,3.6,0
2015-10-13,3.6,3.6,3.6,3.6,0
2015-10-14,3.6,3.6,3.6,3.6,200
2015-10-15,3.6,3.6,3.6,3.6,0
2015-10-16,3.6,3.6,3.6,3.6,0
2015-10-19,3.6,3.6,3.6,3.6,0
2015-10-20,3.6,3.6,3.6,3.6,0
2015-10-21,3.6,3.6,3.6,3.6,0
2015-10-22,3.6,3.6,3.6,3.6,0
2015-10-23,3.6,3.6,3.6,3.6,0
2015-10-26,3.6,3.6,3.6,3.6,700
2015-10-27,3.6,3.6,3.6,3.6,0
2015-10-28,3.6,3.6,3.6,3.6,0
2015-10-29,3.6,3.6,3.6,3.6,0
2015-10-30,3.6,3.6,3.6,3.6,0
2015-11-02,3.6,3.6,3.6,3.6,0
2015-11-03,3.6,3.6,3.6,3.6,0
2015-11-04,3.6,3.6,3.6,3.6,0
2015-11-05,3.6,3.6,3.6,3.6,0
2015-11-06,3.6,3.6,3.6,3.6,0
2015-11-09,3.6,3.6,3.6,3.6,0
2015-11-10,3.6,3.6,3.6,3.6,0
2015-11-11,3.6,3.6,3.6,3.6,0
2015-11-12,3.6,3.6,3.6,3.6,0
2015-11-13,3.6,3.6,3.6,3.6,0
2015-11-16,3.6,3.6,3.6,3.6,0
2015-11-17,3.6,3.6,3.6,3.6,0
2015-11-18,3.6,3.6,3.6,3.6,0
2015-11-19,3.6,3.6,3.6,3.6,0
2015-11-20,3.6,3.6,3.6,3.6,0
2015-11-23,3.6,3.6,3.6,3.6,0
2015-11-24,3.6,3.6,3.6,3.6,21
2015-11-25,3.6,3.6,3.6,3.6,0
2015-11-26,3.6,3.6,3.6,3.6,0
2015-11-27,3.6,3.6,3.6,3.6,0
2015-11-30,3.6,3.6,3.6,3.6,9
2015-12-01,3.6,3.6,3.6,3.6,0
2015-12-02,3.6,3.6,3.6,3.6,0
2015-12-03,3.6,3.6,3.6,3.6,0
2015-12-04,3.6,3.6,3.6,3.6,0
2015-12-07,3.6,3.6,3.6,3.6,0
2015-12-08,3.6,3.6,3.6,3.6,0
2015-12-09,3.6,3.6,3.6,3.6,0
2015-12-10,3.6,3.6,3.6,3.6,0
2015-12-11,3.6,3.6,3.6,3.6,0
2015-12-14,3.6,3.6,3.6,3.6,0
2015-12-15,3.6,3.6,3.6,3.6,0
2015-12-16,3.6,3.6,3.6,3.6,0
2015-12-17,3.6,3.6,3.6,3.6,1400
2015-12-18,3.6,3.6,3.6,3.6,0
2015-12-21,3.6,3.6,3.6,3.6,0
2015-12-22,3.3,3.3,3.3,3.3,1500
2015-12-23,3.3,3.3,3.3,3.3,0
2015-12-24,3.1,3.1,3.1,3.1,3100
2015-12-25,2.8,2.8,2.8,2.8,300
2015-12-28,2.8,2.8,2.8,2.8,0
2015-12-29,2.7,2.7,2.7,2.7,1100
2015-12-30,2.7,2.7,2.5,2.5,1400
2015-12-31,2.5,2.5,2.4,2.4,2400
2016-01-04,2.3,2.3,2.2,2.2,800
2016-01-05,2.1,2.2,2.0,2.2,3900
2016-01-06,2.0,2.0,2.0,2.0,400
2016-01-07,1.9,1.9,1.8,1.8,400
2016-01-08,1.9,1.9,1.9,1.9,100
2016-01-11,2.0,2.0,2.0,2.0,100
2016-01-12,2.0,2.2,2.0,2.2,1300
2016-01-13,2.2,2.2,2.2,2.2,0
2016-01-14,2.2,2.2,2.2,2.2,0
2016-01-15,2.0,2.0,2.0,2.0,100
2016-01-18,2.2,2.2,1.8,1.8,2400
2016-01-19,1.8,1.8,1.8,1.8,0
2016-01-20,1.8,1.8,1.8,1.8,1600
2016-01-21,1.8,1.8,1.8,1.8,0
2016-01-22,1.9,1.9,1.9,1.9,100
2016-01-25,1.9,1.9,1.9,1.9,0
2016-01-26,1.9,1.9,1.9,1.9,3100
2016-01-27,1.9,1.9,1.9,1.9,0
2016-01-28,1.9,1.9,1.9,1.9,0
2016-01-29,1.9,1.9,1.9,1.9,0
2016-02-01,1.8,1.8,1.8,1.8,100
2016-02-02,1.8,1.8,1.8,1.8,0
2016-02-03,1.8,1.8,1.8,1.8,0
2016-02-04,1.8,1.8,1.8,1.8,0
2016-02-05,1.8,1.8,1.8,1.8,0
2016-02-15,1.8,1.8,1.8,1.8,0
2016-02-16,1.8,1.8,1.8,1.8,0
2016-02-17,1.8,1.8,1.8,1.8,0
2016-02-18,1.8,1.8,1.8,1.8,0
2016-02-19,1.8,1.8,1.8,1.8,100
2016-02-22,1.8,1.8,1.8,1.8,0
2016-02-23,1.8,1.8,1.8,1.8,0
2016-02-24,1.8,1.8,1.8,1.8,200
2016-02-25,1.8,1.8,1.8,1.8,0
2016-02-26,1.9,1.9,1.9,1.9,100
2016-02-29,2.0,2.0,2.0,2.0,30400
2016-03-01,2.2,2.2,2.2,2.2,100
2016-03-02,2.2,2.2,2.2,2.2,0
2016-03-03,2.3,2.3,2.3,2.3,400
2016-03-04,2.3,2.3,2.3,2.3,0
2016-03-07,2.4,2.5,2.4,2.5,400
2016-03-08,2.6,2.6,2.6,2.6,500
2016-03-09,2.6,2.8,2.6,2.8,800
2016-03-10,2.8,2.8,2.8,2.8,0
2016-03-11,2.8,2.8,2.8,2.8,300
2016-03-14,2.8,2.8,2.8,2.8,4100
2016-03-15,2.8,2.8,2.8,2.8,2100
2016-03-16,2.8,2.8,2.8,2.8,0
2016-03-17,2.8,2.8,2.8,2.8,2000
2016-03-18,2.8,2.8,2.8,2.8,0
2016-03-21,2.8,2.8,2.8,2.8,100
2016-03-22,2.8,2.8,2.8,2.8,0
2016-03-23,2.8,2.8,2.8,2.8,0
2016-03-24,2.8,2.8,2.8,2.8,0
2016-03-25,2.8,2.8,2.8,2.8,0
2016-03-28,2.8,2.8,2.8,2.8,0
2016-03-29,2.8,2.8,2.8,2.8,0
2016-03-30,2.6,3.0,2.6,3.0,3100
2016-03-31,3.0,3.0,3.0,3.0,0
2016-04-01,3.0,3.0,3.0,3.0,0
2016-04-04,3.0,3.0,3.0,3.0,0
2016-04-05,3.0,3.0,3.0,3.0,0
2016-04-06,3.0,3.0,3.0,3.0,0
2016-04-07,3.0,3.0,3.0,3.0,0
2016-04-08,2.7,2.7,2.7,2.7,2100
2016-04-11,2.7,2.7,2.7,2.7,0
2016-04-12,2.7,2.7,2.7,2.7,0
2016-04-13,2.5,2.5,2.5,2.5,800
2016-04-14,2.3,2.3,2.3,2.3,1100
2016-04-15,2.3,2.3,2.3,2.3,100
2016-04-19,2.3,2.3,2.3,2.3,500
2016-04-20,2.3,2.3,2.3,2.3,0
2016-04-21,2.3,2.3,2.3,2.3,0
2016-04-22,2.1,2.1,2.1,2.1,2100
2016-04-25,1.9,1.9,1.9,1.9,2700
2016-04-26,1.8,1.8,1.8,1.8,300
2016-04-27,1.7,1.7,1.7,1.7,400
2016-04-28,1.6,1.6,1.6,1.6,300
2016-04-29,1.5,1.5,1.5,1.5,400
2016-05-04,1.5,1.6,1.4,1.4,8110
2016-05-05,1.3,1.3,1.3,1.3,3400
2016-05-06,1.2,1.2,1.2,1.2,25020
2016-05-09,1.1,1.2,1.1,1.2,10320
2016-05-10,1.1,1.3,1.1,1.3,2600
2016-05-11,1.2,1.2,1.2,1.2,445
2016-05-12,1.1,1.2,1.1,1.2,16500
2016-05-13,1.1,1.2,1.1,1.1,6500
2016-05-16,1.0,1.2,1.0,1.2,6300
2016-05-17,1.2,1.2,1.2,1.2,30
2016-05-18,1.2,1.3,1.2,1.3,14200
2016-05-26,1.3,0.0,0.0,0.0,0
2016-05-27,1.0,1.0,0.9,0.9,3400
2016-05-30,0.9,0.9,0.9,0.9,0
2016-05-31,0.9,0.9,0.9,0.9,0
2016-06-01,0.9,0.9,0.9,0.9,0
2016-06-02,0.9,0.9,0.9,0.9,0
2016-06-03,1.0,1.0,1.0,1.0,1400
2016-06-06,1.0,1.0,1.0,1.0,0
2016-06-07,1.0,1.0,1.0,1.0,0
2016-06-08,1.0,1.0,1.0,1.0,0
2016-06-09,1.0,1.0,1.0,1.0,0
2016-06-10,1.0,1.1,1.0,1.1,19900
2016-06-13,1.1,1.1,1.1,1.1,0
2016-06-14,1.1,1.1,1.1,1.1,0
2016-06-15,1.1,1.1,1.1,1.1,0
2016-06-16,1.1,1.1,1.1,1.1,0
2016-06-17,0.9,0.9,0.9,0.9,100
2016-06-20,0.9,0.9,0.9,0.9,0
2016-06-21,0.9,0.9,0.9,0.9,0
2016-06-22,0.9,0.9,0.9,0.9,0
2016-06-23,0.9,0.9,0.9,0.9,0
2016-06-24,0.9,1.0,0.9,1.0,300
2016-06-27,1.0,1.0,1.0,1.0,0
2016-06-28,1.0,1.0,1.0,1.0,0
2016-06-29,1.0,1.0,1.0,1.0,0
2016-06-30,1.0,1.0,1.0,1.0,0
2016-07-01,1.0,1.0,1.0,1.0,800
2016-07-04,1.0,1.0,1.0,1.0,0
2016-07-05,1.0,1.0,1.0,1.0,0
2016-07-06,1.0,1.0,1.0,1.0,0
2016-07-07,1.0,1.0,1.0,1.0,0
2016-07-08,1.0,1.0,1.0,1.0,8400
2016-07-11,1.0,1.0,1.0,1.0,0
2016-07-12,1.0,1.0,1.0,1.0,0
2016-07-13,1.0,1.0,1.0,1.0,0
2016-07-14,1.0,1.0,1.0,1.0,0
2016-07-15,1.0,1.0,1.0,1.0,0
2016-07-18,1.0,1.0,1.0,1.0,0
2016-07-19,1.0,1.0,1.0,1.0,0
2016-07-20,1.0,1.0,1.0,1.0,0
2016-07-21,1.0,1.0,1.0,1.0,0
2016-07-22,0.9,0.9,0.9,0.9,1200
2016-07-25,0.9,0.9,0.9,0.9,0
2016-07-26,0.9,0.9,0.9,0.9,0
2016-07-27,0.9,0.9,0.9,0.9,0
2016-07-28,0.9,0.9,0.9,0.9,0
2016-07-29,0.8,0.8,0.8,0.8,3900
2016-08-01,0.8,0.8,0.8,0.8,0
2016-08-02,0.8,0.8,0.8,0.8,0
2016-08-03,0.8,0.8,0.8,0.8,0
2016-08-04,0.8,0.8,0.8,0.8,0
2016-08-05,0.8,0.8,0.8,0.8,0
2016-08-08,0.8,0.8,0.8,0.8,0
2016-08-09,0.8,0.8,0.8,0.8,0
2016-08-10,0.8,0.8,0.8,0.8,0
2016-08-11,0.8,0.8,0.8,0.8,0
2016-08-12,0.8,0.8,0.8,0.8,0
2016-08-15,0.8,0.8,0.8,0.8,0
2016-08-16,0.8,0.8,0.8,0.8,0
2016-08-17,0.8,0.8,0.8,0.8,0
2016-08-18,0.8,0.8,0.8,0.8,0
2016-08-19,0.7,0.7,0.7,0.7,100
2016-08-22,0.7,0.7,0.7,0.7,0
2016-08-23,0.7,0.7,0.7,0.7,0
2016-08-24,0.7,0.7,0.7,0.7,0
2016-08-25,0.7,0.7,0.7,0.7,0
2016-08-26,0.7,0.7,0.6,0.6,3000
2016-08-29,0.6,0.6,0.6,0.6,0
2016-08-30,0.6,0.6,0.6,0.6,0
2016-08-31,0.6,0.6,0.6,0.6,0
2016-09-01,0.6,0.6,0.6,0.6,0
2016-09-05,0.6,0.6,0.6,0.6,0
2016-09-06,0.6,0.6,0.6,0.6,0
2016-09-07,0.6,0.6,0.6,0.6,0
2016-09-08,0.6,0.6,0.6,0.6,0
2016-09-09,0.5,0.6,0.5,0.5,5200
2016-09-12,0.5,0.5,0.5,0.5,0
2016-09-13,0.5,0.5,0.5,0.5,0
2016-09-14,0.5,0.5,0.5,0.5,0
2016-09-15,0.5,0.5,0.5,0.5,0
2016-09-16,0.5,0.5,0.5,0.5,0
2016-09-19,0.5,0.5,0.5,0.5,0
2016-09-20,0.5,0.5,0.5,0.5,0
2016-09-21,0.5,0.5,0.5,0.5,0
2016-09-22,0.5,0.5,0.5,0.5,0
2016-09-23,0.5,0.5,0.5,0.5,0
2016-09-26,0.5,0.5,0.5,0.5,0
2016-09-27,0.5,0.5,0.5,0.5,0
2016-09-28,0.5,0.5,0.5,0.5,0
2016-09-29,0.5,0.5,0.5,0.5,0
2016-09-30,0.5,0.5,0.5,0.5,0
2016-10-03,0.5,0.5,0.5,0.5,0
2016-10-04,0.5,0.5,0.5,0.5,0
2016-10-05,0.5,0.5,0.5,0.5,0
2016-10-06,0.5,0.5,0.5,0.5,0
2016-10-07,0.5,0.5,0.5,0.5,0
2016-10-10,0.5,0.5,0.5,0.5,0
2016-10-11,0.5,0.5,0.5,0.5,0
2016-10-12,0.5,0.5,0.5,0.5,0
2016-10-13,0.5,0.5,0.5,0.5,0
2016-10-14,0.4,0.6,0.4,0.6,2000
2016-10-17,0.6,0.6,0.6,0.6,0
2016-10-18,0.6,0.6,0.6,0.6,0
2016-10-19,0.6,0.6,0.6,0.6,0
2016-10-20,0.6,0.6,0.6,0.6,0
2016-10-21,0.6,0.6,0.6,0.6,5300
2016-10-24,0.6,0.6,0.6,0.6,0
2016-10-25,0.6,0.6,0.6,0.6,0
2016-10-26,0.6,0.6,0.6,0.6,0
2016-10-27,0.6,0.6,0.6,0.6,0
2016-10-28,0.6,0.6,0.6,0.6,0
2016-10-31,0.6,0.6,0.6,0.6,0
2016-11-01,0.6,0.6,0.6,0.6,0
2016-11-02,0.6,0.6,0.6,0.6,0
2016-11-03,0.6,0.6,0.6,0.6,0
2016-11-04,0.6,0.6,0.6,0.6,0
2016-11-07,0.6,0.6,0.6,0.6,0
2016-11-08,0.6,0.6,0.6,0.6,0
2016-11-09,0.6,0.6,0.6,0.6,0
2016-11-10,0.6,0.6,0.6,0.6,0
2016-11-11,0.7,0.7,0.7,0.7,500
2016-11-14,0.7,0.7,0.7,0.7,0
2016-11-15,0.7,0.7,0.7,0.7,0
2016-11-16,0.7,0.7,0.7,0.7,0
2016-11-17,0.7,0.7,0.7,0.7,0
2016-11-18,0.7,0.7,0.7,0.7,0
2016-11-21,0.7,0.7,0.7,0.7,0
2016-11-22,0.7,0.7,0.7,0.7,0
2016-11-23,0.7,0.7,0.7,0.7,0
2016-11-24,0.7,0.7,0.7,0.7,0
2016-11-25,0.8,0.8,0.7,0.7,400
2016-11-28,0.7,0.7,0.7,0.7,0
2016-11-29,0.7,0.7,0.7,0.7,0
2016-11-30,0.7,0.7,0.7,0.7,0
2016-12-01,0.7,0.7,0.7,0.7,0
2016-12-02,0.7,0.7,0.7,0.7,0
2016-12-05,0.7,0.7,0.7,0.7,0
2016-12-06,0.7,0.7,0.7,0.7,0
2016-12-07,0.7,0.7,0.7,0.7,0
2016-12-08,0.7,0.7,0.7,0.7,0
2016-12-09,0.7,0.7,0.7,0.7,0
2016-12-12,0.7,0.7,0.7,0.7,0
2016-12-13,0.7,0.7,0.7,0.7,0
2016-12-14,0.7,0.7,0.7,0.7,0
2016-12-15,0.7,0.7,0.7,0.7,0
2016-12-16,0.8,0.8,0.8,0.8,2200
2016-12-19,0.8,0.8,0.8,0.8,0
2016-12-20,0.8,0.8,0.8,0.8,0
2016-12-21,0.8,0.8,0.8,0.8,0
2016-12-22,0.8,0.8,0.8,0.8,0
2016-12-23,0.8,0.8,0.8,0.8,1000
2016-12-26,0.8,0.8,0.8,0.8,0
2016-12-27,0.8,0.8,0.8,0.8,0
2016-12-28,0.8,0.8,0.8,0.8,0
2016-12-29,0.8,0.8,0.8,0.8,0
2016-12-30,0.8,0.8,0.8,0.8,0
2017-01-03,0.8,0.8,0.8,0.8,0
2017-01-04,0.8,0.8,0.8,0.8,0
2017-01-05,0.8,0.8,0.8,0.8,0
2017-01-06,0.8,0.8,0.8,0.8,0
2017-01-09,0.8,0.8,0.8,0.8,0
2017-01-10,0.8,0.8,0.8,0.8,0
2017-01-11,0.8,0.8,0.8,0.8,0
2017-01-12,0.8,0.8,0.8,0.8,0
2017-01-13,0.8,0.8,0.8,0.8,0
2017-01-16,0.8,0.8,0.8,0.8,0
2017-01-17,0.8,0.8,0.8,0.8,0
2017-01-18,0.8,0.8,0.8,0.8,0
2017-01-19,0.8,0.8,0.8,0.8,0
2017-01-20,0.8,0.8,0.8,0.8,0
2017-01-23,0.8,0.8,0.8,0.8,0
2017-01-24,0.8,0.8,0.8,0.8,0
2017-01-25,0.8,0.8,0.8,0.8,0
2017-02-02,0.8,0.8,0.8,0.8,0
2017-02-03,0.7,0.7,0.7,0.7,100
2017-02-06,0.7,0.7,0.7,0.7,0
2017-02-07,0.7,0.7,0.7,0.7,0
2017-02-08,0.7,0.7,0.7,0.7,0
2017-02-09,0.7,0.7,0.7,0.7,0
2017-02-10,0.7,0.7,0.7,0.7,10
2017-02-13,0.7,0.7,0.7,0.7,0
2017-02-14,0.7,0.7,0.7,0.7,0
2017-02-15,0.7,0.7,0.7,0.7,0
2017-02-16,0.7,0.7,0.7,0.7,0
2017-02-17,0.7,0.7,0.7,0.7,10
2017-02-20,0.7,0.7,0.7,0.7,0
2017-02-21,0.7,0.7,0.7,0.7,0
2017-02-22,0.7,0.7,0.7,0.7,0
2017-02-23,0.7,0.7,0.7,0.7,0
2017-02-24,0.7,0.7,0.7,0.7,2000
2017-02-27,0.7,0.7,0.7,0.7,0
2017-02-28,0.7,0.7,0.7,0.7,0
2017-03-01,0.7,0.7,0.7,0.7,0
2017-03-02,0.7,0.7,0.7,0.7,0
2017-03-03,0.7,0.7,0.7,0.7,0
2017-03-06,0.7,0.7,0.7,0.7,0
2017-03-07,0.7,0.7,0.7,0.7,0
2017-03-08,0.7,0.7,0.7,0.7,0
2017-03-09,0.7,0.7,0.7,0.7,0
2017-03-10,0.7,0.7,0.7,0.7,0
2017-03-13,0.7,0.7,0.7,0.7,0
2017-03-14,0.7,0.7,0.7,0.7,0
2017-03-15,0.7,0.7,0.7,0.7,0
2017-03-16,0.7,0.7,0.7,0.7,0
2017-03-17,0.7,0.7,0.7,0.7,0
2017-03-20,0.7,0.7,0.7,0.7,0
2017-03-21,0.7,0.7,0.7,0.7,0
2017-03-22,0.7,0.7,0.7,0.7,0
2017-03-23,0.7,0.7,0.7,0.7,0
2017-03-24,0.6,0.6,0.6,0.6,200
2017-03-27,0.6,0.6,0.6,0.6,0
2017-03-28,0.6,0.6,0.6,0.6,0
2017-03-29,0.6,0.6,0.6,0.6,0
2017-03-30,0.6,0.6,0.6,0.6,0
2017-03-31,0.6,0.6,0.6,0.6,198
2017-04-03,0.6,0.6,0.6,0.6,0
2017-04-04,0.6,0.6,0.6,0.6,0
2017-04-05,0.6,0.6,0.6,0.6,0
2017-04-07,0.6,0.6,0.6,0.6,0
2017-04-10,0.6,0.6,0.6,0.6,0
2017-04-11,0.6,0.6,0.6,0.6,0
2017-04-12,0.6,0.6,0.6,0.6,0
2017-04-13,0.6,0.6,0.6,0.6,0
2017-04-14,0.6,0.6,0.6,0.6,0
2017-04-17,0.6,0.6,0.6,0.6,0
2017-04-18,0.6,0.6,0.6,0.6,0
2017-04-19,0.6,0.6,0.6,0.6,0
2017-04-20,0.6,0.6,0.6,0.6,0
2017-04-21,0.5,0.5,0.5,0.5,154
2017-04-24,0.5,0.5,0.5,0.5,0
2017-04-25,0.5,0.5,0.5,0.5,0
2017-04-26,0.5,0.5,0.5,0.5,0
2017-04-27,0.5,0.5,0.5,0.5,0
2017-04-28,0.5,0.5,0.5,0.5,100
2017-05-03,0.5,0.5,0.5,0.5,0
2017-05-04,0.5,0.5,0.5,0.5,0
2017-05-05,0.5,0.5,0.5,0.5,0
2017-05-08,0.5,0.5,0.5,0.5,0
2017-05-09,0.5,0.5,0.5,0.5,0
2017-05-10,0.5,0.5,0.5,0.5,0
2017-05-11,0.5,0.5,0.5,0.5,0
2017-05-12,0.5,0.5,0.5,0.5,48
2017-05-15,0.5,0.5,0.5,0.5,0
2017-05-16,0.5,0.5,0.5,0.5,0
2017-05-17,0.5,0.5,0.5,0.5,0
2017-05-18,0.5,0.5,0.5,0.5,0
2017-05-19,0.6,0.6,0.6,0.6,100
2017-05-22,0.6,0.6,0.6,0.6,0
2017-05-23,0.6,0.6,0.6,0.6,0
2017-05-24,0.6,0.6,0.6,0.6,0
2017-05-25,0.6,0.6,0.6,0.6,0
2017-05-26,0.6,0.7,0.6,0.7,1900
2017-05-29,0.7,0.7,0.7,0.7,0
2017-05-30,0.7,0.7,0.7,0.7,0
2017-05-31,0.7,0.7,0.7,0.7,0
2017-06-01,0.7,0.7,0.7,0.7,0
2017-06-02,0.7,0.7,0.7,0.7,0
2017-06-05,0.7,0.7,0.7,0.7,0
2017-06-06,0.7,0.7,0.7,0.7,0
2017-06-07,0.65,0.65,0.65,0.65,0
2017-06-08,0.7,0.7,0.7,0.7,0
2017-06-09,0.8,0.8,0.8,0.8,300
2017-06-12,0.8,0.8,0.8,0.8,0
2017-06-13,0.8,0.8,0.8,0.8,0
2017-06-14,0.8,0.8,0.8,0.8,0
2017-06-15,0.8,0.8,0.8,0.8,0
2017-06-16,0.8,0.8,0.8,0.8,0
2017-06-19,0.8,0.8,0.8,0.8,0
2017-06-20,0.8,0.8,0.8,0.8,0
2017-06-21,0.8,0.8,0.8,0.8,0
2017-06-22,0.8,0.8,0.8,0.8,0
2017-06-23,0.8,0.8,0.8,0.8,30
2017-06-26,0.8,0.8,0.8,0.8,0
2017-06-27,0.8,0.8,0.8,0.8,0
2017-06-28,0.8,0.8,0.8,0.8,0
2017-06-29,0.8,0.8,0.8,0.8,0
2017-06-30,0.9,0.9,0.9,0.9,300
2017-07-03,0.9,0.9,0.9,0.9,0
2017-07-04,0.9,0.9,0.9,0.9,0
2017-07-05,0.9,0.9,0.9,0.9,0
2017-07-06,0.9,0.9,0.9,0.9,0
2017-07-07,0.9,0.9,0.9,0.9,800
2017-07-10,0.9,0.9,0.9,0.9,0
2017-07-11,0.9,0.9,0.9,0.9,0
2017-07-12,0.9,0.9,0.9,0.9,0
2017-07-13,0.9,0.9,0.9,0.9,0
2017-07-14,0.9,0.9,0.8,0.9,1400
2017-07-17,0.9,0.9,0.9,0.9,0
2017-07-18,0.9,0.9,0.9,0.9,0
2017-07-19,0.9,0.9,0.9,0.9,0
2017-07-20,0.9,0.9,0.9,0.9,0
2017-07-21,0.8,0.9,0.8,0.9,1900
2017-07-24,0.8,0.8,0.8,0.8,0
2017-07-25,0.8,0.8,0.8,0.8,0
2017-07-26,0.8,0.8,0.8,0.8,0
2017-07-27,0.8,0.8,0.8,0.8,0
2017-07-28,0.9,0.9,0.9,0.9,900
2017-07-31,0.9,0.9,0.9,0.9,0
2017-08-01,0.9,0.9,0.9,0.9,0
2017-08-02,0.9,0.9,0.9,0.9,0
2017-08-03,0.9,0.9,0.9,0.9,0
2017-08-04,0.9,0.9,0.9,0.9,0
2017-08-07,0.9,0.9,0.9,0.9,0
2017-08-08,0.9,0.9,0.9,0.9,0
2017-08-09,0.9,0.9,0.9,0.9,0
2017-08-10,0.9,0.9,0.9,0.9,0
2017-08-11,0.9,0.9,0.8,0.8,700
2017-08-14,0.8,0.8,0.8,0.8,0
2017-08-15,0.8,0.8,0.8,0.8,0
2017-08-16,0.8,0.8,0.8,0.8,0
2017-08-17,0.8,0.8,0.8,0.8,0
2017-08-18,0.8,0.8,0.8,0.8,0
2017-08-21,0.8,0.8,0.8,0.8,0
2017-08-22,0.8,0.8,0.8,0.8,0
2017-08-23,0.8,0.8,0.8,0.8,0
2017-08-24,0.8,0.8,0.8,0.8,0
2017-08-25,0.7,0.9,0.7,0.9,2100
2017-08-28,0.8,0.8,0.8,0.8,0
2017-08-29,0.8,0.8,0.8,0.8,0
2017-08-30,0.8,0.8,0.8,0.8,0
2017-08-31,0.8,0.8,0.8,0.8,0
2017-09-01,0.8,0.8,0.8,0.8,0
2017-09-05,0.8,0.8,0.8,0.8,0
2017-09-06,0.8,0.8,0.8,0.8,0
2017-09-07,0.8,0.8,0.8,0.8,0
2017-09-08,0.8,0.8,0.8,0.8,205
2017-09-11,0.8,0.8,0.8,0.8,0
2017-09-12,0.8,0.8,0.8,0.8,0
2017-09-13,0.8,0.8,0.8,0.8,0
2017-09-14,0.8,0.8,0.8,0.8,0
2017-09-15,0.8,0.8,0.8,0.8,0
2017-09-18,0.8,0.8,0.8,0.8,0
2017-09-19,0.8,0.8,0.8,0.8,0
2017-09-20,0.8,0.8,0.8,0.8,0
2017-09-21,0.8,0.8,0.8,0.8,0
2017-09-22,0.8,0.8,0.8,0.8,0
2017-09-25,0.8,0.8,0.8,0.8,0
2017-09-26,0.8,0.8,0.8,0.8,0
2017-09-27,0.8,0.8,0.8,0.8,0
2017-09-28,0.8,0.8,0.8,0.8,0
2017-09-29,0.8,0.8,0.8,0.8,0
2017-10-02,0.8,0.8,0.8,0.8,0
2017-10-03,0.8,0.8,0.8,0.8,0
2017-10-04,0.8,0.8,0.8,0.8,0
2017-10-05,0.8,0.8,0.8,0.8,0
2017-10-06,0.8,0.8,0.8,0.8,0
2017-10-09,0.8,0.8,0.8,0.8,0
2017-10-10,0.8,0.8,0.8,0.8,0
2017-10-11,0.8,0.8,0.8,0.8,0
2017-10-12,0.8,0.8,0.8,0.8,0
2017-10-13,0.8,0.8,0.8,0.8,0
2017-10-16,0.8,0.8,0.8,0.8,0
2017-10-17,0.8,0.8,0.8,0.8,0
2017-10-18,0.8,0.8,0.8,0.8,0
2017-10-19,0.8,0.8,0.8,0.8,0
2017-10-20,0.8,0.8,0.8,0.8,0
2017-10-23,0.8,0.8,0.8,0.8,0
2017-10-24,0.8,0.8,0.8,0.8,0
2017-10-25,0.8,0.8,0.8,0.8,0
2017-10-26,0.8,0.8,0.8,0.8,0
2017-10-27,0.8,0.8,0.8,0.8,0
2017-10-30,0.8,0.8,0.8,0.8,0
2017-10-31,0.8,0.8,0.8,0.8,0
2017-11-01,0.8,0.8,0.8,0.8,0
2017-11-02,0.8,0.8,0.8,0.8,0
2017-11-03,0.8,0.8,0.8,0.8,0
2017-11-06,0.8,0.8,0.8,0.8,0
2017-11-07,0.8,0.8,0.8,0.8,0
2017-11-08,0.8,0.8,0.8,0.8,0
2017-11-09,0.8,0.8,0.8,0.8,0
2017-11-10,0.8,0.8,0.8,0.8,0
2017-11-13,0.8,0.8,0.8,0.8,0
2017-11-14,0.8,0.8,0.8,0.8,0
2017-11-15,0.8,0.8,0.8,0.8,0
2017-11-16,0.8,0.8,0.8,0.8,0
2017-11-17,0.7,0.7,0.7,0.7,100
2017-11-20,0.7,0.7,0.7,0.7,0
2017-11-21,0.7,0.7,0.7,0.7,0
2017-11-22,0.7,0.7,0.7,0.7,0
2017-11-23,0.7,0.7,0.7,0.7,0
2017-11-24,0.8,0.8,0.8,0.8,1010
2017-11-27,0.8,0.8,0.8,0.8,0
2017-11-28,0.8,0.8,0.8,0.8,0
2017-11-29,0.8,0.8,0.8,0.8,0
2017-11-30,0.8,0.8,0.8,0.8,0
2017-12-01,0.8,0.8,0.8,0.8,109
2017-12-04,0.8,0.8,0.8,0.8,0
2017-12-05,0.8,0.8,0.8,0.8,0
2017-12-06,0.8,0.8,0.8,0.8,0
2017-12-07,0.8,0.8,0.8,0.8,0
2017-12-08,0.8,0.8,0.8,0.8,82
2017-12-11,0.8,0.8,0.8,0.8,0
2017-12-12,0.8,0.8,0.8,0.8,0
2017-12-13,0.8,0.8,0.8,0.8,0
2017-12-14,0.8,0.8,0.8,0.8,0
2017-12-15,0.8,0.8,0.8,0.8,0
2017-12-18,0.8,0.8,0.8,0.8,0
2017-12-19,0.8,0.8,0.8,0.8,0
2017-12-20,0.8,0.8,0.8,0.8,0
2017-12-21,0.8,0.8,0.8,0.8,0
2017-12-22,0.9,0.9,0.9,0.9,100
2017-12-25,0.9,0.9,0.9,0.9,0
2017-12-26,0.9,0.9,0.9,0.9,0
2017-12-27,0.9,0.9,0.9,0.9,0
2017-12-28,0.9,0.9,0.9,0.9,0
2017-12-29,0.8,0.8,0.8,0.8,500
2018-01-02,0.8,0.8,0.8,0.8,0
2018-01-03,0.8,0.8,0.8,0.8,0
2018-01-04,0.8,0.8,0.8,0.8,0
2018-01-05,0.9,0.9,0.9,0.9,100
2018-01-08,0.9,0.9,0.9,0.9,0
2018-01-09,0.9,0.9,0.9,0.9,0
2018-01-10,0.9,0.9,0.9,0.9,0
2018-01-11,0.9,0.9,0.9,0.9,0
2018-01-12,0.9,0.9,0.9,0.9,0
2018-01-15,0.9,0.9,0.9,0.9,0
2018-01-16,0.9,0.9,0.9,0.9,0
2018-01-17,0.9,0.9,0.9,0.9,0
2018-01-18,0.9,0.9,0.9,0.9,0
2018-01-19,0.9,0.9,0.9,0.9,0
2018-01-22,0.9,0.9,0.9,0.9,0
2018-01-23,0.9,0.9,0.9,0.9,0
2018-01-24,0.9,0.9,0.9,0.9,0
2018-01-25,0.9,0.9,0.9,0.9,0
2018-01-26,0.9,0.9,0.9,0.9,0
2018-01-29,0.9,0.9,0.9,0.9,0
2018-01-30,0.9,0.9,0.9,0.9,0
2018-01-31,0.9,0.9,0.9,0.9,0
2018-02-01,0.9,0.9,0.9,0.9,0
2018-02-02,0.9,0.9,0.9,0.9,0
2018-02-05,0.9,0.9,0.9,0.9,0
2018-02-06,0.9,0.9,0.9,0.9,0
2018-02-07,0.9,0.9,0.9,0.9,0
2018-02-08,0.9,0.9,0.9,0.9,0
2018-02-09,0.8,0.8,0.8,0.8,100
2018-02-12,0.8,0.8,0.8,0.8,0
2018-02-13,0.8,0.8,0.8,0.8,0
2018-02-21,0.8,0.8,0.8,0.8,0
2018-02-22,0.8,0.8,0.8,0.8,0
2018-02-23,0.8,0.8,0.8,0.8,0
2018-02-26,0.8,0.8,0.8,0.8,0
2018-02-27,0.8,0.8,0.8,0.8,0
2018-02-28,0.8,0.8,0.8,0.8,0
2018-03-01,0.8,0.8,0.8,0.8,0
2018-03-02,0.8,0.8,0.8,0.8,0
2018-03-05,0.8,0.8,0.8,0.8,0
2018-03-06,0.8,0.8,0.8,0.8,0
2018-03-07,0.8,0.8,0.8,0.8,0
2018-03-08,0.8,0.8,0.8,0.8,0
2018-03-09,0.8,0.8,0.8,0.8,0
2018-03-12,0.8,0.8,0.8,0.8,0
2018-03-13,0.8,0.8,0.8,0.8,0
2018-03-14,0.8,0.8,0.8,0.8,0
2018-03-15,0.8,0.8,0.8,0.8,0
2018-03-16,0.8,0.8,0.8,0.8,0
2018-03-19,0.8,0.8,0.8,0.8,0
2018-03-20,0.8,0.8,0.8,0.8,0
2018-03-21,0.8,0.8,0.8,0.8,0
2018-03-22,0.8,0.8,0.8,0.8,0
2018-03-23,0.8,0.8,0.8,0.8,0
2018-03-26,0.8,0.8,0.8,0.8,0
2018-03-27,0.8,0.8,0.8,0.8,0
2018-03-28,0.8,0.8,0.8,0.8,0
2018-03-29,0.8,0.8,0.8,0.8,0
2018-03-30,0.8,0.8,0.8,0.8,38
2018-04-02,0.8,0.8,0.8,0.8,0
2018-04-03,0.8,0.8,0.8,0.8,0
2018-04-04,0.8,0.8,0.8,0.8,0
2018-04-05,0.8,0.8,0.8,0.8,0
2018-04-06,0.8,0.8,0.8,0.8,0
2018-04-09,0.8,0.8,0.8,0.8,0
2018-04-10,0.8,0.8,0.8,0.8,0
2018-04-11,0.8,0.8,0.8,0.8,0
2018-04-12,0.8,0.8,0.8,0.8,0
2018-04-13,0.8,0.8,0.8,0.8,0
2018-04-16,0.8,0.8,0.8,0.8,0
2018-04-17,0.8,0.8,0.8,0.8,0
2018-04-18,0.8,0.8,0.8,0.8,0
2018-04-19,0.8,0.8,0.8,0.8,0
2018-04-20,0.8,0.8,0.8,0.8,0
2018-04-23,0.8,0.8,0.8,0.8,0
2018-04-24,0.8,0.8,0.8,0.8,0
2018-04-26,0.8,0.8,0.8,0.8,0
2018-04-27,0.8,0.8,0.8,0.8,0
2018-05-02,0.8,0.8,0.8,0.8,0
2018-05-03,0.8,0.8,0.8,0.8,0
2018-05-04,0.8,0.8,0.8,0.8,0
2018-05-07,0.8,0.8,0.8,0.8,0
2018-05-08,0.8,0.8,0.8,0.8,0
2018-05-09,0.8,0.8,0.8,0.8,0
2018-05-10,0.8,0.8,0.8,0.8,0
2018-05-11,0.7,0.7,0.7,0.7,100
2018-05-14,0.7,0.7,0.7,0.7,0
2018-05-15,0.7,0.7,0.7,0.7,0
2018-05-16,0.7,0.7,0.7,0.7,0
2018-05-17,0.7,0.7,0.7,0.7,0
2018-05-18,0.6,0.6,0.6,0.6,144
2018-05-21,0.6,0.6,0.6,0.6,0
2018-05-22,0.6,0.6,0.6,0.6,0
2018-05-23,0.6,0.6,0.6,0.6,0
2018-05-24,0.6,0.6,0.6,0.6,0
2018-05-25,0.6,0.6,0.6,0.6,0
2018-05-28,0.6,0.6,0.6,0.6,0
2018-05-29,0.6,0.6,0.6,0.6,0
2018-05-30,0.6,0.6,0.6,0.6,0
2018-05-31,0.6,0.6,0.6,0.6,0
2018-06-01,0.6,0.6,0.6,0.6,0
2018-06-04,0.6,0.6,0.6,0.6,0
2018-06-05,0.6,0.6,0.6,0.6,0
2018-06-06,0.6,0.6,0.6,0.6,0
2018-06-07,0.6,0.6,0.6,0.6,0
2018-06-08,0.6,0.6,0.6,0.6,0
2018-06-11,0.6,0.6,0.6,0.6,0
2018-06-12,0.6,0.6,0.6,0.6,0
2018-06-13,0.6,0.6,0.6,0.6,0
2018-06-14,0.6,0.6,0.6,0.6,0
2018-06-15,0.6,0.6,0.6,0.6,120
2018-06-18,0.6,0.6,0.6,0.6,0
2018-06-19,0.6,0.6,0.6,0.6,0
2018-06-20,0.6,0.6,0.6,0.6,0
2018-06-21,0.6,0.6,0.6,0.6,0
2018-06-22,0.7,0.7,0.7,0.7,100
2018-06-25,0.7,0.7,0.7,0.7,0
2018-06-26,0.7,0.7,0.7,0.7,0
2018-06-27,0.7,0.7,0.7,0.7,0
2018-06-28,0.7,0.7,0.7,0.7,0
2018-06-29,0.7,0.7,0.7,0.7,0
2018-07-02,0.7,0.7,0.7,0.7,0
2018-07-03,0.7,0.7,0.7,0.7,0
2018-07-04,0.7,0.7,0.7,0.7,0
2018-07-05,0.7,0.7,0.7,0.7,0
2018-07-06,0.7,0.7,0.7,0.7,0
2018-07-09,0.7,0.7,0.7,0.7,0
2018-07-10,0.7,0.7,0.7,0.7,0
2018-07-11,0.7,0.7,0.7,0.7,0
2018-07-12,0.7,0.7,0.7,0.7,0
2018-07-13,0.7,0.7,0.7,0.7,0
2018-07-16,0.7,0.7,0.7,0.7,0
2018-07-17,0.7,0.7,0.7,0.7,0
2018-07-18,0.7,0.7,0.7,0.7,0
2018-07-19,0.7,0.7,0.7,0.7,0
2018-07-20,0.6,0.6,0.6,0.6,6000
2018-07-23,0.6,0.6,0.6,0.6,0
2018-07-24,0.6,0.6,0.6,0.6,0
2018-07-25,0.6,0.6,0.6,0.6,0
2018-07-26,0.6,0.6,0.6,0.6,0
2018-07-27,0.6,0.6,0.6,0.6,30
2018-07-30,0.6,0.6,0.6,0.6,0
2018-07-31,0.6,0.6,0.6,0.6,0
2018-08-01,0.6,0.6,0.6,0.6,0
2018-08-02,0.6,0.6,0.6,0.6,0
2018-08-03,0.6,0.6,0.6,0.6,0
2018-08-06,0.6,0.6,0.6,0.6,0
2018-08-07,0.6,0.6,0.6,0.6,0
2018-08-08,0.6,0.6,0.6,0.6,0
2018-08-09,0.6,0.6,0.6,0.6,0
2018-08-10,0.5,0.5,0.5,0.5,100
2018-08-13,0.5,0.5,0.5,0.5,0
2018-08-14,0.5,0.5,0.5,0.5,0
2018-08-15,0.5,0.5,0.5,0.5,0
2018-08-16,0.5,0.5,0.5,0.5,0
2018-08-17,0.5,0.5,0.5,0.5,0
2018-08-20,0.5,0.5,0.5,0.5,0
2018-08-21,0.5,0.5,0.5,0.5,0
2018-08-22,0.5,0.5,0.5,0.5,0
2018-08-23,0.5,0.5,0.5,0.5,0
2018-08-24,0.4,0.4,0.4,0.4,100
2018-08-27,0.4,0.4,0.4,0.4,0
2018-08-28,0.4,0.4,0.4,0.4,0
2018-08-29,0.4,0.4,0.4,0.4,0
2018-08-30,0.4,0.4,0.4,0.4,0
2018-08-31,0.3,0.3,0.3,0.3,18500
2018-09-04,0.3,0.3,0.3,0.3,0
2018-09-05,0.3,0.3,0.3,0.3,0
2018-09-06,0.3,0.3,0.3,0.3,0
2018-09-07,0.4,0.4,0.4,0.4,5742
2018-09-10,0.4,0.4,0.4,0.4,0
2018-09-11,0.4,0.4,0.4,0.4,0
2018-09-12,0.4,0.4,0.4,0.4,0
2018-09-13,0.4,0.4,0.4,0.4,0
2018-09-14,0.4,0.5,0.4,0.5,375
2018-09-17,0.5,0.5,0.5,0.5,0
2018-09-18,0.5,0.5,0.5,0.5,0
2018-09-19,0.5,0.5,0.5,0.5,0
2018-09-20,0.5,0.5,0.5,0.5,0
2018-09-21,0.4,0.4,0.4,0.4,100
2018-09-24,0.4,0.4,0.4,0.4,0
2018-09-25,0.4,0.4,0.4,0.4,0
2018-09-26,0.4,0.4,0.4,0.4,0
2018-09-27,0.4,0.4,0.4,0.4,0
2018-09-28,0.4,0.4,0.4,0.4,0
2018-10-01,0.4,0.4,0.4,0.4,0
2018-10-02,0.4,0.4,0.4,0.4,0
2018-10-03,0.4,0.4,0.4,0.4,0
2018-10-04,0.4,0.4,0.4,0.4,0
2018-10-05,0.4,0.4,0.4,0.4,0
2018-10-08,0.4,0.4,0.4,0.4,0
2018-10-09,0.4,0.4,0.4,0.4,0
2018-10-10,0.4,0.4,0.4,0.4,0
2018-10-11,0.4,0.4,0.4,0.4,0
2018-10-12,0.5,0.5,0.5,0.5,100
2018-10-15,0.5,0.5,0.5,0.5,0
2018-10-16,0.5,0.5,0.5,0.5,0
2018-10-17,0.5,0.5,0.5,0.5,0
2018-10-18,0.5,0.5,0.5,0.5,0
2018-10-19,0.5,0.5,0.5,0.5,0
2018-10-22,0.5,0.5,0.5,0.5,0
2018-10-23,0.5,0.5,0.5,0.5,0
2018-10-24,0.5,0.5,0.5,0.5,0
2018-10-25,0.5,0.5,0.5,0.5,0
2018-10-26,0.5,0.5,0.5,0.5,0
2018-10-29,0.5,0.5,0.5,0.5,0
2018-10-30,0.5,0.5,0.5,0.5,0
2018-10-31,0.5,0.5,0.5,0.5,0
2018-11-01,0.5,0.5,0.5,0.5,0
2018-11-02,0.6,0.6,0.6,0.6,2000
2018-11-05,0.6,0.6,0.6,0.6,0
2018-11-06,0.6,0.6,0.6,0.6,0
2018-11-07,0.6,0.6,0.6,0.6,0
2018-11-08,0.6,0.6,0.6,0.6,0
2018-11-09,0.6,0.6,0.6,0.6,25
2018-11-12,0.6,0.6,0.6,0.6,0
2018-11-13,0.6,0.6,0.6,0.6,0
2018-11-14,0.6,0.6,0.6,0.6,0
2018-11-15,0.6,0.6,0.6,0.6,0
2018-11-16,0.6,0.6,0.6,0.6,2000
2018-11-19,0.6,0.6,0.6,0.6,0
2018-11-20,0.6,0.6,0.6,0.6,0
2018-11-21,0.6,0.6,0.6,0.6,0
2018-11-22,0.6,0.6,0.6,0.6,0
2018-11-23,0.5,0.5,0.5,0.5,100
2018-11-26,0.5,0.5,0.5,0.5,0
2018-11-27,0.5,0.5,0.5,0.5,0
2018-11-28,0.5,0.5,0.5,0.5,0
2018-11-29,0.5,0.5,0.5,0.5,0
2018-11-30,0.5,0.5,0.5,0.5,0
2018-12-03,0.5,0.5,0.5,0.5,0
2018-12-04,0.5,0.5,0.5,0.5,0
2018-12-05,0.5,0.5,0.5,0.5,0
2018-12-06,0.5,0.5,0.5,0.5,0
2018-12-07,0.5,0.5,0.5,0.5,0
2018-12-10,0.5,0.5,0.5,0.5,0
2018-12-11,0.5,0.5,0.5,0.5,0
2018-12-12,0.5,0.5,0.5,0.5,0
2018-12-13,0.5,0.5,0.5,0.5,0
2018-12-14,0.5,0.5,0.5,0.5,0
2018-12-17,0.5,0.5,0.5,0.5,0
2018-12-18,0.5,0.5,0.5,0.5,0
2018-12-19,0.5,0.5,0.5,0.5,0
2018-12-20,0.5,0.5,0.5,0.5,0
2018-12-21,0.5,0.5,0.5,0.5,0
2018-12-24,0.5,0.5,0.5,0.5,0
2018-12-25,0.5,0.5,0.5,0.5,0
2018-12-26,0.5,0.5,0.5,0.5,0
2018-12-27,0.5,0.5,0.5,0.5,0
2018-12-28,0.5,0.5,0.5,0.5,0
2019-01-02,0.5,0.5,0.5,0.5,0
2019-01-03,0.5,0.5,0.5,0.5,0
2019-01-04,0.5,0.5,0.5,0.5,0
2019-01-07,0.5,0.5,0.5,0.5,0
2019-01-08,0.5,0.5,0.5,0.5,0
2019-01-09,0.5,0.5,0.5,0.5,0
2019-01-10,0.5,0.5,0.5,0.5,0
2019-01-11,0.5,0.5,0.5,0.5,0
2019-01-14,0.5,0.5,0.5,0.5,0
2019-01-15,0.5,0.5,0.5,0.5,0
2019-01-16,0.5,0.5,0.5,0.5,0
2019-01-17,0.5,0.5,0.5,0.5,0
2019-01-18,0.5,0.5,0.5,0.5,0
2019-01-21,0.5,0.5,0.5,0.5,0
2019-01-22,0.5,0.5,0.5,0.5,0
2019-01-23,0.5,0.5,0.5,0.5,0
2019-01-24,0.5,0.5,0.5,0.5,0
2019-01-25,0.5,0.5,0.5,0.5,0
2019-01-28,0.5,0.5,0.5,0.5,0
2019-01-29,0.5,0.5,0.5,0.5,0
2019-01-30,0.5,0.5,0.5,0.5,0
2019-01-31,0.5,0.5,0.5,0.5,0
2019-02-01,0.5,0.5,0.5,0.5,0
2019-02-11,0.5,0.5,0.5,0.5,0
2019-02-12,0.5,0.5,0.5,0.5,0
2019-02-13,0.5,0.5,0.5,0.5,0
2019-02-14,0.5,0.5,0.5,0.5,0
2019-02-15,0.5,0.5,0.5,0.5,83
2019-02-18,0.5,0.5,0.5,0.5,0
2019-02-19,0.5,0.5,0.5,0.5,0
2019-02-20,0.5,0.5,0.5,0.5,0
2019-02-21,0.5,0.5,0.5,0.5,0
2019-02-22,0.5,0.5,0.5,0.5,0
2019-02-25,0.5,0.5,0.5,0.5,0
2019-02-26,0.5,0.5,0.5,0.5,0
2019-02-27,0.5,0.5,0.5,0.5,0
2019-02-28,0.5,0.5,0.5,0.5,0
2019-03-01,0.5,0.5,0.5,0.5,0
2019-03-04,0.5,0.5,0.5,0.5,0
2019-03-05,0.5,0.5,0.5,0.5,0
2019-03-06,0.5,0.5,0.5,0.5,0
2019-03-07,0.5,0.5,0.5,0.5,0
2019-03-08,0.6,0.6,0.6,0.6,100
2019-03-11,0.6,0.6,0.6,0.6,0
2019-03-12,0.6,0.6,0.6,0.6,0
2019-03-13,0.6,0.6,0.6,0.6,0
2019-03-14,0.6,0.6,0.6,0.6,0
2019-03-15,0.5,0.5,0.5,0.5,2400
2019-03-18,0.5,0.5,0.5,0.5,0
2019-03-19,0.5,0.5,0.5,0.5,0
2019-03-20,0.5,0.5,0.5,0.5,0
2019-03-21,0.5,0.5,0.5,0.5,0
2019-03-22,0.5,0.5,0.5,0.5,0
2019-03-25,0.5,0.5,0.5,0.5,0
2019-03-26,0.5,0.5,0.5,0.5,0
2019-03-27,0.5,0.5,0.5,0.5,0
2019-03-28,0.5,0.5,0.5,0.5,0
2019-03-29,0.5,0.5,0.5,0.5,0
2019-04-01,0.5,0.5,0.5,0.5,0
2019-04-02,0.5,0.5,0.5,0.5,0
2019-04-03,0.5,0.5,0.5,0.5,0
2019-04-04,0.5,0.5,0.5,0.5,0
2019-04-05,0.5,0.5,0.5,0.5,0
2019-04-08,0.5,0.5,0.5,0.5,0
2019-04-09,0.5,0.5,0.5,0.5,0
2019-04-10,0.5,0.5,0.5,0.5,0
2019-04-11,0.5,0.5,0.5,0.5,0
2019-04-12,0.5,0.5,0.5,0.5,0
2019-04-16,0.5,0.5,0.5,0.5,0
2019-04-17,0.5,0.5,0.5,0.5,0
2019-04-18,0.5,0.5,0.5,0.5,0
2019-04-19,0.5,0.5,0.5,0.5,0
2019-04-22,0.5,0.5,0.5,0.5,0
2019-04-23,0.5,0.5,0.5,0.5,0
2019-04-24,0.5,0.5,0.5,0.5,0
2019-04-25,0.5,0.5,0.5,0.5,0
2019-04-26,0.5,0.5,0.5,0.5,0
2019-05-02,0.5,0.5,0.5,0.5,0
2019-05-03,0.5,0.5,0.5,0.5,0
2019-05-06,0.5,0.5,0.5,0.5,0
2019-05-07,0.5,0.5,0.5,0.5,0
2019-05-08,0.5,0.5,0.5,0.5,0
2019-05-09,0.5,0.5,0.5,0.5,0
2019-05-10,0.4,0.4,0.4,0.4,100
2019-05-13,0.4,0.4,0.4,0.4,0
2019-05-14,0.4,0.4,0.4,0.4,0
2019-05-15,0.4,0.4,0.4,0.4,0
2019-05-16,0.4,0.4,0.4,0.4,0
2019-05-17,0.3,0.3,0.3,0.3,1200
2019-05-20,0.3,0.3,0.3,0.3,0
2019-05-21,0.3,0.3,0.3,0.3,0
2019-05-22,0.3,0.3,0.3,0.3,0
2019-05-23,0.3,0.3,0.3,0.3,0
2019-05-24,0.2,0.3,0.2,0.3,400
2019-05-27,0.3,0.3,0.3,0.3,0
2019-05-28,0.3,0.3,0.3,0.3,0
2019-05-29,0.3,0.3,0.3,0.3,0
2019-05-30,0.3,0.3,0.3,0.3,0
2019-05-31,0.3,0.3,0.3,0.3,0
2019-06-03,0.3,0.3,0.3,0.3,0
2019-06-04,0.3,0.3,0.3,0.3,0
2019-06-05,0.3,0.3,0.3,0.3,0
2019-06-06,0.3,0.3,0.3,0.3,0
2019-06-07,0.3,0.3,0.3,0.3,0
2019-06-10,0.3,0.3,0.3,0.3,0
2019-06-11,0.3,0.3,0.3,0.3,0
2019-06-12,0.3,0.3,0.3,0.3,0
2019-06-13,0.3,0.3,0.3,0.3,0
2019-06-14,0.3,0.3,0.3,0.3,0
2019-06-17,0.3,0.3,0.3,0.3,0
2019-06-18,0.3,0.3,0.3,0.3,0
2019-06-19,0.3,0.3,0.3,0.3,0
2019-06-20,0.3,0.3,0.3,0.3,0
2019-06-21,0.3,0.3,0.3,0.3,0
2019-06-24,0.3,0.3,0.3,0.3,0
2019-06-25,0.3,0.3,0.3,0.3,0
2019-06-26,0.3,0.3,0.3,0.3,0
2019-06-27,0.3,0.3,0.3,0.3,0
2019-06-28,0.3,0.3,0.3,0.3,0
2019-07-01,0.3,0.3,0.3,0.3,0
2019-07-02,0.3,0.3,0.3,0.3,0
2019-07-03,0.3,0.3,0.3,0.3,0
2019-07-04,0.3,0.3,0.3,0.3,0
2019-07-05,0.3,0.3,0.3,0.3,0
2019-07-08,0.3,0.3,0.3,0.3,0
2019-07-09,0.3,0.3,0.3,0.3,0
2019-07-10,0.3,0.3,0.3,0.3,0
2019-07-11,0.3,0.3,0.3,0.3,0
2019-07-12,0.2,0.2,0.2,0.2,1785
2019-07-15,0.2,0.2,0.2,0.2,0
2019-07-16,0.2,0.2,0.2,0.2,0
2019-07-17,0.2,0.2,0.2,0.2,0
2019-07-18,0.2,0.2,0.2,0.2,0
2019-07-19,0.2,0.2,0.2,0.2,0
2019-07-22,0.2,0.2,0.2,0.2,0
2019-07-23,0.2,0.2,0.2,0.2,0
2019-07-24,0.2,0.2,0.2,0.2,0
2019-07-25,0.2,0.2,0.2,0.2,0
2019-07-26,0.2,0.2,0.2,0.2,0
2019-07-29,0.2,0.2,0.2,0.2,0
2019-07-30,0.2,0.2,0.2,0.2,0
2019-07-31,0.2,0.2,0.2,0.2,0
2019-08-01,0.2,0.2,0.2,0.2,0
2019-08-02,0.2,0.2,0.2,0.2,0
2019-08-05,0.2,0.2,0.2,0.2,0
2019-08-06,0.2,0.2,0.2,0.2,0
2019-08-07,0.2,0.2,0.2,0.2,0
2019-08-08,0.2,0.2,0.2,0.2,0
2019-08-09,0.2,0.2,0.2,0.2,11
2019-08-12,0.2,0.2,0.2,0.2,0
2019-08-13,0.2,0.2,0.2,0.2,0
2019-08-14,0.2,0.2,0.2,0.2,0
2019-08-15,0.2,0.2,0.2,0.2,0
2019-08-16,0.2,0.2,0.2,0.2,0
2019-08-19,0.2,0.2,0.2,0.2,0
2019-08-20,0.2,0.2,0.2,0.2,0
2019-08-21,0.2,0.2,0.2,0.2,0
2019-08-22,0.2,0.2,0.2,0.2,0
2019-08-23,0.2,0.2,0.2,0.2,0
2019-08-26,0.2,0.2,0.2,0.2,0
2019-08-27,0.2,0.2,0.2,0.2,0
2019-08-28,0.2,0.2,0.2,0.2,0
2019-08-29,0.2,0.2,0.2,0.2,0
2019-08-30,0.2,0.2,0.2,0.2,1500
2019-09-03,0.2,0.2,0.2,0.2,0
2019-09-04,0.2,0.2,0.2,0.2,0
2019-09-05,0.2,0.2,0.2,0.2,0
2019-09-06,0.2,0.2,0.2,0.2,0
2019-09-09,0.2,0.2,0.2,0.2,0
2019-09-10,0.2,0.2,0.2,0.2,0
2019-09-11,0.2,0.2,0.2,0.2,0
2019-09-12,0.2,0.2,0.2,0.2,0
2019-09-13,0.2,0.2,0.2,0.2,0
2019-09-16,0.2,0.2,0.2,0.2,0
2019-09-17,0.2,0.2,0.2,0.2,0
2019-09-18,0.2,0.2,0.2,0.2,0
2019-09-19,0.2,0.2,0.2,0.2,0
2019-09-20,0.2,0.2,0.2,0.2,0
2019-09-23,0.2,0.2,0.2,0.2,0
2019-09-24,0.2,0.2,0.2,0.2,0
2019-09-25,0.2,0.2,0.2,0.2,0
2019-09-26,0.2,0.2,0.2,0.2,0
2019-09-27,0.2,0.2,0.2,0.2,0
2019-09-30,0.2,0.2,0.2,0.2,0
2019-10-01,0.2,0.2,0.2,0.2,0
2019-10-02,0.2,0.2,0.2,0.2,0
2019-10-03,0.2,0.2,0.2,0.2,0
2019-10-04,0.2,0.2,0.2,0.2,0
2019-10-07,0.2,0.2,0.2,0.2,0
2019-10-08,0.2,0.2,0.2,0.2,0
2019-10-09,0.2,0.2,0.2,0.2,0
2019-10-10,0.2,0.2,0.2,0.2,0
2019-10-11,0.2,0.2,0.2,0.2,0
2019-10-14,0.2,0.2,0.2,0.2,0
2019-10-15,0.2,0.2,0.2,0.2,0
2019-10-16,0.2,0.2,0.2,0.2,0
2019-10-17,0.2,0.2,0.2,0.2,0
2019-10-18,0.2,0.2,0.2,0.2,4
2019-10-21,0.2,0.2,0.2,0.2,0
2019-10-22,0.2,0.2,0.2,0.2,0
2019-10-23,0.2,0.2,0.2,0.2,0
2019-10-24,0.2,0.2,0.2,0.2,0
2019-10-25,0.2,0.2,0.2,0.2,0
2019-10-28,0.2,0.2,0.2,0.2,0
2019-10-29,0.2,0.2,0.2,0.2,0
2019-10-30,0.2,0.2,0.2,0.2,0
2019-10-31,0.2,0.2,0.2,0.2,0
2019-11-01,0.2,0.2,0.2,0.2,0
2019-11-04,0.2,0.2,0.2,0.2,0
2019-11-05,0.2,0.2,0.2,0.2,0
2019-11-06,0.2,0.2,0.2,0.2,0
2019-11-07,0.2,0.2,0.2,0.2,0
2019-11-08,0.2,0.2,0.2,0.2,0
2019-11-11,0.2,0.2,0.2,0.2,0
2019-11-12,0.2,0.2,0.2,0.2,0
2019-11-13,0.2,0.2,0.2,0.2,0
2019-11-14,0.2,0.2,0.2,0.2,0
2019-11-15,0.2,0.2,0.2,0.2,0
2019-11-18,0.2,0.2,0.2,0.2,0
2019-11-19,0.2,0.2,0.2,0.2,0
2019-11-20,0.2,0.2,0.2,0.2,0
2019-11-21,0.2,0.2,0.2,0.2,0
2019-11-22,0.2,0.2,0.2,0.2,0
2019-11-25,0.2,0.2,0.2,0.2,0
2019-11-26,0.2,0.2,0.2,0.2,0
2019-11-27,0.2,0.2,0.2,0.2,0
2019-11-28,0.2,0.2,0.2,0.2,0
2019-11-29,0.2,0.2,0.2,0.2,0
2019-12-02,0.2,0.2,0.2,0.2,0
2019-12-03,0.2,0.2,0.2,0.2,0
2019-12-04,0.2,0.2,0.2,0.2,0
2019-12-05,0.2,0.2,0.2,0.2,0
2019-12-06,0.2,0.2,0.2,0.2,1100
2019-12-09,0.2,0.2,0.2,0.2,0
2019-12-10,0.2,0.2,0.2,0.2,0
2019-12-11,0.2,0.2,0.2,0.2,0
2019-12-12,0.2,0.2,0.2,0.2,0
2019-12-13,0.2,0.2,0.2,0.2,0
2019-12-16,0.2,0.2,0.2,0.2,0
2019-12-17,0.2,0.2,0.2,0.2,0
2019-12-18,0.2,0.2,0.2,0.2,0
2019-12-19,0.2,0.2,0.2,0.2,0
2019-12-20,0.1,0.1,0.1,0.1,400
2019-12-23,0.1,0.1,0.1,0.1,0
2019-12-24,0.1,0.1,0.1,0.1,0
2019-12-25,0.1,0.1,0.1,0.1,0
2019-12-26,0.1,0.1,0.1,0.1,0
2019-12-27,0.1,0.1,0.1,0.1,0
2019-12-30,0.1,0.1,0.1,0.1,0
2019-12-31,0.1,0.1,0.1,0.1,0
2020-01-02,0.1,0.1,0.1,0.1,0
2020-01-03,0.1,0.1,0.1,0.1,70
2020-01-06,0.1,0.1,0.1,0.1,0
2020-01-07,0.1,0.1,0.1,0.1,0
2020-01-08,0.1,0.1,0.1,0.1,0
2020-01-09,0.1,0.1,0.1,0.1,0
2020-01-10,0.1,0.1,0.1,0.1,0
2020-01-13,0.1,0.1,0.1,0.1,0
2020-01-14,0.1,0.1,0.1,0.1,0
2020-01-15,0.1,0.1,0.1,0.1,0
2020-01-16,0.1,0.1,0.1,0.1,0
2020-01-17,0.1,0.1,0.1,0.1,0
2020-01-20,0.1,0.1,0.1,0.1,0
2020-01-21,0.1,0.1,0.1,0.1,0
2020-01-22,0.1,0.1,0.1,0.1,0
2020-01-30,0.1,0.1,0.1,0.1,0
2020-01-31,0.1,0.1,0.1,0.1,0
2020-02-03,0.1,0.1,0.1,0.1,0
2020-02-04,0.1,0.1,0.1,0.1,0
2020-02-05,0.1,0.1,0.1,0.1,0
2020-02-06,0.1,0.1,0.1,0.1,0
2020-02-07,0.1,0.1,0.1,0.1,0
2020-02-10,0.1,0.1,0.1,0.1,0
2020-02-11,0.1,0.1,0.1,0.1,0
2020-02-12,0.1,0.1,0.1,0.1,0
2020-02-13,0.1,0.1,0.1,0.1,0
2020-02-14,0.1,0.1,0.1,0.1,0
2020-02-17,0.1,0.1,0.1,0.1,0
2020-02-18,0.1,0.1,0.1,0.1,0
2020-02-19,0.1,0.1,0.1,0.1,0
2020-02-20,0.1,0.1,0.1,0.1,0
2020-02-21,0.1,0.1,0.1,0.1,0
2020-02-24,0.1,0.1,0.1,0.1,0
2020-02-25,0.1,0.1,0.1,0.1,0
2020-02-26,0.1,0.1,0.1,0.1,0
2020-02-27,0.1,0.1,0.1,0.1,0
2020-02-28,0.1,0.1,0.1,0.1,1000
2020-03-02,0.1,0.1,0.1,0.1,0
2020-03-03,0.1,0.1,0.1,0.1,0
2020-03-04,0.1,0.1,0.1,0.1,0
2020-03-05,0.1,0.1,0.1,0.1,0
2020-03-06,0.1,0.2,0.1,0.2,5100
2020-03-09,0.1,0.2,0.2,0.2,0
2020-03-10,0.1,0.2,0.2,0.2,0
2020-03-11,0.1,0.2,0.2,0.2,0
2020-03-12,0.1,0.2,0.2,0.2,0
2020-03-13,0.2,0.2,0.2,0.2,100
2020-03-16,0.2,0.2,0.2,0.2,0
2020-03-17,0.2,0.2,0.2,0.2,0
2020-03-18,0.2,0.2,0.2,0.2,0
2020-03-19,0.2,0.2,0.2,0.2,0
2020-03-20,0.2,0.2,0.2,0.2,8620
2020-03-23,0.2,0.2,0.2,0.2,0
2020-03-24,0.2,0.2,0.2,0.2,0
2020-03-25,0.2,0.2,0.2,0.2,0
2020-03-26,0.2,0.2,0.2,0.2,0
2020-03-27,0.2,0.2,0.2,0.2,0
2020-03-30,0.2,0.2,0.2,0.2,0
2020-03-31,0.2,0.2,0.2,0.2,0
2020-04-01,0.2,0.2,0.2,0.2,0
2020-04-03,0.2,0.2,0.2,0.2,100
2020-04-06,0.2,0.2,0.2,0.2,0
2020-04-07,0.2,0.2,0.2,0.2,0
2020-04-08,0.2,0.2,0.2,0.2,0
2020-04-09,0.2,0.2,0.2,0.2,0
2020-04-10,0.2,0.2,0.2,0.2,0
2020-04-13,0.2,0.2,0.2,0.2,0
2020-04-14,0.2,0.2,0.2,0.2,0
2020-04-15,0.2,0.2,0.2,0.2,0
2020-04-16,0.2,0.2,0.2,0.2,0
2020-04-17,0.2,0.2,0.2,0.2,600
2020-04-20,0.2,0.2,0.2,0.2,0
2020-04-21,0.2,0.2,0.2,0.2,0
2020-04-22,0.2,0.2,0.2,0.2,0
2020-04-23,0.2,0.2,0.2,0.2,0
2020-04-24,0.2,0.2,0.2,0.2,70
2020-04-27,0.2,0.2,0.2,0.2,0
2020-04-28,0.2,0.2,0.2,0.2,0
2020-04-29,0.2,0.2,0.2,0.2,0
2020-05-04,0.2,0.2,0.2,0.2,0
2020-05-05,0.2,0.2,0.2,0.2,0
2020-05-06,0.2,0.2,0.2,0.2,0
2020-05-07,0.2,0.2,0.2,0.2,0
2020-05-08,0.2,0.2,0.2,0.2,0
2020-05-11,0.2,0.2,0.2,0.2,0
2020-05-12,0.2,0.2,0.2,0.2,0
2020-05-13,0.2,0.2,0.2,0.2,0
2020-05-14,0.2,0.2,0.2,0.2,0
2020-05-15,0.2,0.2,0.2,0.2,0
2020-05-18,0.2,0.2,0.2,0.2,0
2020-05-19,0.2,0.2,0.2,0.2,0
2020-05-20,0.2,0.2,0.2,0.2,0
2020-05-21,0.2,0.2,0.2,0.2,0
2020-05-22,0.2,0.2,0.2,0.2,132
2020-05-25,0.2,0.2,0.2,0.2,0
2020-05-26,0.2,0.2,0.2,0.2,0
2020-05-27,0.2,0.2,0.2,0.2,0
2020-05-28,0.2,0.2,0.2,0.2,0
2020-05-29,0.2,0.2,0.2,0.2,10
2020-06-01,0.2,0.2,0.2,0.2,0
2020-06-02,0.2,0.2,0.2,0.2,0
2020-06-03,0.2,0.2,0.2,0.2,0
2020-06-04,0.2,0.2,0.2,0.2,0
2020-06-05,0.2,0.3,0.2,0.3,356
2020-06-08,0.2,0.3,0.3,0.3,0
2020-06-09,0.2,0.3,0.3,0.3,0
2020-06-10,0.2,0.3,0.3,0.3,0
2020-06-11,0.2,0.3,0.3,0.3,0
2020-06-12,0.2,0.3,0.1,0.2,2520
2020-06-15,0.2,0.2,0.2,0.2,0
2020-06-16,0.2,0.2,0.2,0.2,0
2020-06-17,0.2,0.2,0.2,0.2,0
2020-06-18,0.2,0.2,0.2,0.2,0
2020-06-19,0.2,0.2,0.2,0.2,0
2020-06-22,0.2,0.2,0.2,0.2,0
2020-06-23,0.2,0.2,0.2,0.2,0
2020-06-24,0.2,0.2,0.2,0.2,0
2020-06-25,0.2,0.2,0.2,0.2,0
2020-06-26,0.2,0.2,0.2,0.2,0
2020-06-29,0.2,0.2,0.2,0.2,0
2020-06-30,0.2,0.2,0.2,0.2,0
2020-07-01,0.2,0.2,0.2,0.2,0
2020-07-02,0.2,0.2,0.2,0.2,0
2020-07-03,0.2,0.2,0.2,0.2,2
2020-07-06,0.2,0.2,0.2,0.2,0
2020-07-07,0.2,0.2,0.2,0.2,0
2020-07-08,0.2,0.2,0.2,0.2,0
2020-07-09,0.2,0.2,0.2,0.2,0
2020-07-10,0.2,0.2,0.2,0.2,0
2020-07-13,0.2,0.2,0.2,0.2,0
2020-07-14,0.2,0.2,0.2,0.2,0
2020-07-15,0.2,0.2,0.2,0.2,0
2020-07-16,0.2,0.2,0.2,0.2,0
2020-07-17,0.2,0.2,0.2,0.2,0
2020-07-20,0.2,0.2,0.2,0.2,0
2020-07-21,0.2,0.2,0.2,0.2,0
2020-07-22,0.2,0.2,0.2,0.2,0
2020-07-23,0.2,0.2,0.2,0.2,0
2020-07-24,0.2,0.2,0.2,0.2,0
2020-07-27,0.2,0.2,0.2,0.2,0
2020-07-28,0.2,0.2,0.2,0.2,0
2020-07-29,0.2,0.2,0.2,0.2,0
2020-07-30,0.2,0.2,0.2,0.2,0
2020-07-31,0.2,0.2,0.2,0.2,0
2020-08-03,0.2,0.2,0.2,0.2,0
2020-08-04,0.2,0.2,0.2,0.2,0
2020-08-05,0.2,0.2,0.2,0.2,0
2020-08-06,0.2,0.2,0.2,0.2,0
2020-08-07,0.2,0.2,0.2,0.2,0
2020-08-10,0.2,0.2,0.2,0.2,0
2020-08-11,0.2,0.2,0.2,0.2,0
2020-08-12,0.2,0.2,0.2,0.2,0
2020-08-13,0.2,0.2,0.2,0.2,0
2020-08-14,0.2,0.2,0.2,0.2,18
2020-08-17,0.2,0.2,0.2,0.2,0
2020-08-18,0.2,0.2,0.2,0.2,0
2020-08-19,0.2,0.2,0.2,0.2,0
2020-08-20,0.2,0.2,0.2,0.2,0
2020-08-21,0.3,0.3,0.3,0.3,100
2020-08-24,0.3,0.3,0.3,0.3,0
2020-08-25,0.3,0.3,0.3,0.3,0
2020-08-26,0.3,0.3,0.3,0.3,0
2020-08-27,0.3,0.3,0.3,0.3,0
2020-08-28,0.3,0.3,0.3,0.3,1
2020-08-31,0.3,0.3,0.3,0.3,0
2020-09-01,0.3,0.3,0.3,0.3,0
2020-09-03,0.3,0.3,0.3,0.3,0
2020-09-04,0.3,0.3,0.3,0.3,0
2020-09-07,0.3,0.3,0.3,0.3,0
2020-09-08,0.3,0.3,0.3,0.3,0
2020-09-09,0.3,0.3,0.3,0.3,0
2020-09-10,0.3,0.3,0.3,0.3,0
2020-09-11,0.3,0.3,0.3,0.3,0
2020-09-14,0.3,0.3,0.3,0.3,0
2020-09-15,0.3,0.3,0.3,0.3,0
2020-09-16,0.3,0.3,0.3,0.3,0
2020-09-17,0.3,0.3,0.3,0.3,0
2020-09-18,0.2,0.2,0.2,0.2,100
2020-09-21,0.2,0.2,0.2,0.2,0
2020-09-22,0.2,0.2,0.2,0.2,0
2020-09-23,0.2,0.2,0.2,0.2,0
2020-09-24,0.2,0.2,0.2,0.2,0
2020-09-25,0.2,0.2,0.2,0.2,0
2020-09-28,0.2,0.2,0.2,0.2,0
2020-09-29,0.2,0.2,0.2,0.2,0
2020-09-30,0.2,0.2,0.2,0.2,0
2020-10-01,0.2,0.2,0.2,0.2,0
2020-10-02,0.2,0.2,0.2,0.2,700
2020-10-05,0.2,0.2,0.2,0.2,0
2020-10-06,0.2,0.2,0.2,0.2,0
2020-10-07,0.2,0.2,0.2,0.2,0
2020-10-08,0.2,0.2,0.2,0.2,0
2020-10-09,0.1,0.2,0.1,0.2,5700
2020-10-12,0.18,0.18,0.18,0.18,0
2020-10-13,0.18,0.18,0.18,0.18,0
2020-10-14,0.18,0.18,0.18,0.18,0
2020-10-15,0.18,0.18,0.18,0.18,0
2020-10-16,0.2,0.2,0.2,0.2,0
2020-10-19,0.2,0.2,0.2,0.2,0
2020-10-20,0.2,0.2,0.2,0.2,0
2020-10-21,0.2,0.2,0.2,0.2,0
2020-10-22,0.2,0.2,0.2,0.2,0
2020-10-23,0.3,0.3,0.3,0.3,3600
2020-10-26,0.3,0.3,0.3,0.3,0
2020-10-27,0.3,0.3,0.3,0.3,0
2020-10-28,0.3,0.3,0.3,0.3,0
2020-10-29,0.3,0.3,0.3,0.3,0
2020-10-30,0.3,0.4,0.3,0.4,2800
2020-11-02,0.4,0.4,0.4,0.4,0
2020-11-03,0.4,0.4,0.4,0.4,0
2020-11-04,0.4,0.4,0.4,0.4,0
2020-11-05,0.4,0.4,0.4,0.4,0
2020-11-06,0.4,0.4,0.4,0.4,0
2020-11-09,0.4,0.4,0.4,0.4,0
2020-11-10,0.4,0.4,0.4,0.4,0
2020-11-11,0.4,0.4,0.4,0.4,0
2020-11-12,0.4,0.4,0.4,0.4,0
2020-11-13,0.4,0.4,0.4,0.4,2000
2020-11-16,0.4,0.4,0.4,0.4,0
2020-11-17,0.4,0.4,0.4,0.4,0
2020-11-18,0.4,0.4,0.4,0.4,0
2020-11-19,0.4,0.4,0.4,0.4,0
2020-11-20,0.4,0.4,0.4,0.4,100
2020-11-23,0.4,0.4,0.4,0.4,0
2020-11-24,0.4,0.4,0.4,0.4,0
2020-11-25,0.4,0.4,0.4,0.4,0
2020-11-26,0.4,0.4,0.4,0.4,0
2020-11-27,0.4,0.4,0.4,0.4,2800
2020-11-30,0.4,0.4,0.4,0.4,0
2020-12-01,0.4,0.4,0.4,0.4,0
2020-12-02,0.4,0.4,0.4,0.4,0
2020-12-03,0.4,0.4,0.4,0.4,0
2020-12-04,0.4,0.4,0.4,0.4,0
2020-12-07,0.4,0.4,0.4,0.4,0
2020-12-08,0.4,0.4,0.4,0.4,0
2020-12-09,0.4,0.4,0.4,0.4,0
2020-12-10,0.4,0.4,0.4,0.4,0
2020-12-11,0.4,0.4,0.4,0.4,0
2020-12-14,0.4,0.4,0.4,0.4,0
2020-12-15,0.4,0.4,0.4,0.4,0
2020-12-16,0.4,0.4,0.4,0.4,0
2020-12-17,0.4,0.4,0.4,0.4,0
2020-12-18,0.4,0.5,0.4,0.5,10290
2020-12-21,0.4,0.5,0.5,0.5,0
2020-12-22,0.4,0.5,0.5,0.5,0
2020-12-23,0.4,0.5,0.5,0.5,0
2020-12-24,0.4,0.5,0.5,0.5,0
2020-12-25,0.4,0.5,0.5,0.5,0
2020-12-28,0.4,0.5,0.5,0.5,0
2020-12-29,0.4,0.5,0.5,0.5,0
2020-12-30,0.4,0.5,0.5,0.5,0
2020-12-31,0.4,0.5,0.5,0.5,0
2021-01-04,0.4,0.5,0.5,0.5,0
2021-01-05,0.4,0.5,0.5,0.5,0
2021-01-06,0.4,0.5,0.5,0.5,0
2021-01-07,0.4,0.4,0.4,0.4,0
2021-01-08,0.4,0.5,0.5,0.5,0
2021-01-11,0.4,0.5,0.5,0.5,0
2021-01-12,0.4,0.5,0.5,0.5,0
2021-01-13,0.4,0.5,0.5,0.5,0
2021-01-14,0.4,0.5,0.5,0.5,0
2021-01-15,0.4,0.5,0.4,0.5,1688
2021-01-18,0.5,0.5,0.5,0.5,0
2021-01-19,0.5,0.5,0.5,0.5,0
2021-01-20,0.5,0.5,0.5,0.5,0
2021-01-21,0.5,0.5,0.5,0.5,0
2021-01-22,0.6,0.6,0.6,0.6,400
2021-01-25,0.6,0.6,0.6,0.6,0
2021-01-26,0.6,0.6,0.6,0.6,0
2021-01-27,0.6,0.6,0.6,0.6,0
2021-01-28,0.6,0.6,0.6,0.6,0
2021-01-29,0.7,0.7,0.7,0.7,100
2021-02-01,0.7,0.7,0.7,0.7,0
2021-02-02,0.7,0.7,0.7,0.7,0
2021-02-03,0.7,0.7,0.7,0.7,0
2021-02-04,0.7,0.7,0.7,0.7,0
2021-02-05,0.8,0.8,0.8,0.8,163
2021-02-08,0.8,0.8,0.8,0.8,0
2021-02-09,0.8,0.8,0.8,0.8,0
2021-02-17,0.8,0.8,0.8,0.8,0
2021-02-18,0.8,0.8,0.8,0.8,0
2021-02-19,0.8,0.9,0.8,0.9,1410
2021-02-22,0.9,0.9,0.9,0.9,0
2021-02-23,0.9,0.9,0.9,0.9,0
2021-02-24,0.9,0.9,0.9,0.9,0
2021-02-25,0.9,0.9,0.9,0.9,0
2021-02-26,0.9,1.0,0.9,1.0,3400
2021-03-01,1.0,1.0,1.0,1.0,0
2021-03-02,1.0,1.0,1.0,1.0,0
2021-03-03,1.0,1.0,1.0,1.0,0
2021-03-04,1.0,1.0,1.0,1.0,0
2021-03-05,1.1,1.1,1.0,1.0,6015
2021-03-08,1.1,1.0,1.0,1.0,0
2021-03-09,1.1,1.0,1.0,1.0,0
2021-03-10,1.1,1.0,1.0,1.0,0
2021-03-11,1.1,1.0,1.0,1.0,0
2021-03-12,1.0,1.2,1.0,1.2,4265
2021-03-15,1.2,1.2,1.2,1.2,0
2021-03-16,1.2,1.2,1.2,1.2,0
2021-03-17,1.2,1.2,1.2,1.2,0
2021-03-18,1.2,1.2,1.2,1.2,0
2021-03-19,1.3,1.3,1.2,1.2,770
2021-03-22,1.2,1.2,1.2,1.2,0
2021-03-23,1.2,1.2,1.2,1.2,0
2021-03-24,1.2,1.2,1.2,1.2,0
2021-03-25,1.2,1.2,1.2,1.2,0
2021-03-26,1.3,1.3,1.3,1.3,2140
2021-03-29,1.3,1.3,1.3,1.3,0
2021-03-30,1.3,1.3,1.3,1.3,0
2021-03-31,1.3,1.3,1.3,1.3,0
2021-04-01,1.3,1.3,1.3,1.3,0
2021-04-02,1.4,1.4,1.4,1.4,10750
2021-04-05,1.4,1.4,1.4,1.4,0
2021-04-06,1.4,1.4,1.4,1.4,0
2021-04-07,1.4,1.4,1.4,1.4,0
2021-04-08,1.4,1.4,1.4,1.4,0
2021-04-09,1.6,1.6,1.6,1.6,16330
2021-04-12,1.6,1.6,1.6,1.6,0
2021-04-13,1.6,1.6,1.6,1.6,0
2021-04-14,1.6,1.6,1.6,1.6,0
2021-04-15,1.6,1.6,1.6,1.6,0
2021-04-16,1.7,1.7,1.7,1.7,8835
2021-04-19,1.7,1.7,1.7,1.7,0
2021-04-20,1.7,1.7,1.7,1.7,0
2021-04-22,1.7,1.7,1.7,1.7,0
2021-04-23,1.9,1.9,1.7,1.9,15135
2021-04-26,1.9,1.9,1.9,1.9,0
2021-04-27,1.9,1.9,1.9,1.9,0
2021-04-28,1.9,1.9,1.9,1.9,0
2021-04-29,1.9,1.9,1.9,1.9,0
2021-05-04,1.9,1.9,1.9,1.9,0
2021-05-05,1.9,1.9,1.9,1.9,0
2021-05-06,1.9,1.9,1.9,1.9,0
2021-05-07,2.0,2.1,2.0,2.1,5976
2021-05-10,2.0,2.1,2.1,2.1,0
2021-05-11,2.0,2.1,2.1,2.1,0
2021-05-12,2.0,2.1,2.1,2.1,0
2021-05-13,2.0,2.1,2.1,2.1,0
2021-05-14,2.3,2.3,2.3,2.3,1399
2021-05-17,2.3,2.3,2.3,2.3,0
2021-05-18,2.3,2.3,2.3,2.3,0
2021-05-19,2.3,2.3,2.3,2.3,0
2021-05-20,2.3,2.3,2.3,2.3,0
2021-05-21,2.3,2.5,2.3,2.5,4355
2021-05-24,2.3,2.5,2.5,2.5,0
2021-05-25,2.3,2.5,2.5,2.5,0
2021-05-26,2.3,2.5,2.5,2.5,0
2021-05-27,2.3,2.5,2.5,2.5,0
2021-05-28,2.4,2.4,2.3,2.3,3281
2021-05-31,2.4,2.3,2.3,2.3,0
2021-06-01,2.4,2.3,2.3,2.3,0
2021-06-02,2.4,2.3,2.3,2.3,0
2021-06-03,2.4,2.3,2.3,2.3,0
2021-06-04,2.3,2.3,2.2,2.2,1200
2021-06-07,2.2,2.2,2.2,2.2,0
2021-06-08,2.2,2.2,2.2,2.2,0
2021-06-09,2.2,2.2,2.2,2.2,0
2021-06-10,2.2,2.2,2.2,2.2,0
2021-06-11,2.2,2.2,2.2,2.2,289
2021-06-14,2.2,2.2,2.2,2.2,0
2021-06-15,2.2,2.2,2.2,2.2,0
2021-06-16,2.2,2.2,2.2,2.2,0
2021-06-17,2.2,2.2,2.2,2.2,0
2021-06-18,1.9,2.5,1.9,2.4,27726
2021-06-21,2.4,2.4,2.4,2.4,0
2021-06-22,2.4,2.4,2.4,2.4,0
2021-06-23,2.4,2.4,2.4,2.4,0
2021-06-24,2.4,2.4,2.4,2.4,0
2021-06-25,2.2,2.2,2.1,2.1,3050
2021-06-28,2.2,2.1,2.1,2.1,0
2021-06-29,2.2,2.1,2.1,2.1,0
2021-06-30,2.2,2.1,2.1,2.1,0
2021-07-01,2.2,2.1,2.1,2.1,0
2021-07-02,1.9,2.3,1.9,2.3,3575
2021-07-05,1.9,2.3,2.3,2.3,0
2021-07-06,1.9,2.3,2.3,2.3,0
2021-07-07,1.9,2.3,2.3,2.3,0
2021-07-08,1.9,2.3,2.3,2.3,0
2021-07-09,1.7,1.7,1.7,1.7,2500
2021-07-12,1.7,1.7,1.7,1.7,0
2021-07-13,1.7,1.7,1.7,1.7,0
2021-07-14,1.7,1.7,1.7,1.7,0
2021-07-15,1.7,1.7,1.7,1.7,0
2021-07-16,1.7,1.7,1.7,1.7,0
2021-07-19,1.7,1.7,1.7,1.7,0
2021-07-20,1.7,1.7,1.7,1.7,0
2021-07-21,1.7,1.7,1.7,1.7,0
2021-07-22,1.7,1.7,1.7,1.7,0
2021-07-23,1.7,1.7,1.7,1.7,0
2021-07-26,1.7,1.7,1.7,1.7,0
2021-07-27,1.7,1.7,1.7,1.7,0
2021-07-28,1.7,1.7,1.7,1.7,0
2021-07-29,1.7,1.7,1.7,1.7,0
2021-07-30,1.7,1.7,1.7,1.7,0
2021-08-02,1.7,1.7,1.7,1.7,0
2021-08-03,1.7,1.7,1.7,1.7,0
2021-08-04,1.7,1.7,1.7,1.7,0
2021-08-05,1.7,1.7,1.7,1.7,0
2021-08-06,1.7,1.7,1.7,1.7,0
2021-08-09,1.7,1.7,1.7,1.7,0
2021-08-10,1.7,1.7,1.7,1.7,0
2021-08-11,1.7,1.7,1.7,1.7,0
2021-08-12,1.7,1.7,1.7,1.7,0
2021-08-13,1.5,1.5,1.5,1.5,6754
2021-08-16,1.5,1.5,1.5,1.5,0
2021-08-17,1.5,1.5,1.5,1.5,0
2021-08-18,1.5,1.5,1.5,1.5,0
2021-08-19,1.5,1.5,1.5,1.5,0
2021-08-20,1.3,1.6,1.3,1.6,7670
2021-08-23,1.3,1.6,1.6,1.6,0
2021-08-24,1.3,1.6,1.6,1.6,0
2021-08-25,1.3,1.6,1.6,1.6,0
2021-08-26,1.3,1.6,1.6,1.6,0
2021-08-27,1.4,1.4,1.2,1.2,8416
2021-08-30,1.3,1.3,1.3,1.3,0
2021-08-31,1.3,1.3,1.3,1.3,0
2021-09-01,1.3,1.3,1.3,1.3,0
2021-09-06,1.3,1.2,1.2,1.2,0
2021-09-07,1.3,1.2,1.2,1.2,0
2021-09-08,1.3,1.3,1.3,1.3,0
2021-09-09,1.3,1.3,1.3,1.3,0
2021-09-10,1.3,1.4,1.2,1.3,7745
2021-09-13,1.3,1.3,1.3,1.3,0
2021-09-14,1.3,1.3,1.3,1.3,0
2021-09-15,1.3,1.3,1.3,1.3,0
2021-09-16,1.3,1.3,1.3,1.3,0
2021-09-17,1.3,1.4,1.3,1.4,3023
2021-09-20,1.4,1.4,1.4,1.4,0
2021-09-21,1.4,1.4,1.4,1.4,0
2021-09-22,1.4,1.4,1.4,1.4,0
2021-09-23,1.4,1.4,1.4,1.4,0
2021-09-24,1.3,1.6,1.2,1.5,21551
2021-09-27,1.3,1.3,1.3,1.3,0
2021-09-28,1.3,1.3,1.3,1.3,0
2021-09-29,1.3,1.3,1.3,1.3,0
2021-09-30,1.3,1.3,1.3,1.3,0
2021-10-01,1.2,1.4,1.2,1.4,38877
2021-10-04,1.4,1.4,1.4,1.4,0
2021-10-05,1.4,1.4,1.4,1.4,0
2021-10-06,1.4,1.4,1.4,1.4,0
2021-10-07,1.4,1.4,1.4,1.4,0
2021-10-08,1.6,1.6,1.6,1.6,19080
2021-10-11,1.6,1.6,1.6,1.6,0
2021-10-12,1.6,1.6,1.6,1.6,0
2021-10-13,1.6,1.6,1.6,1.6,0
2021-10-14,1.6,1.6,1.6,1.6,0
2021-10-15,1.8,1.8,1.8,1.8,2601
2021-10-18,1.8,1.8,1.8,1.8,0
2021-10-19,1.8,1.8,1.8,1.8,0
2021-10-20,1.8,1.8,1.8,1.8,0
2021-10-21,1.8,1.8,1.8,1.8,0
2021-10-22,2.0,2.0,2.0,2.0,5000
2021-10-25,2.0,2.0,2.0,2.0,0
2021-10-26,2.0,2.0,2.0,2.0,0
2021-10-27,2.0,2.0,2.0,2.0,0
2021-10-28,2.0,2.0,2.0,2.0,0
2021-10-29,2.3,2.3,2.2,2.3,13994
2021-11-01,2.3,2.3,2.3,2.3,0
2021-11-02,2.3,2.3,2.3,2.3,0
2021-11-03,2.3,2.3,2.3,2.3,0
2021-11-04,2.3,2.3,2.3,2.3,0
2021-11-05,2.6,2.6,2.5,2.6,42644
2021-11-08,2.6,2.6,2.6,2.6,0
2021-11-09,2.6,2.6,2.6,2.6,0
2021-11-10,2.6,2.6,2.6,2.6,0
2021-11-11,2.6,2.6,2.6,2.6,0
2021-11-12,2.9,2.9,2.9,2.9,10200
2021-11-15,2.9,2.9,2.9,2.9,0
2021-11-16,2.9,2.9,2.9,2.9,0
2021-11-17,2.9,2.9,2.9,2.9,0
2021-11-18,2.9,2.9,2.9,2.9,0
2021-11-19,3.3,3.3,3.3,3.3,6335
2021-11-22,3.3,3.3,3.3,3.3,0
2021-11-23,3.3,3.3,3.3,3.3,0
2021-11-24,3.3,3.3,3.3,3.3,0
2021-11-25,3.3,3.3,3.3,3.3,0
2021-11-26,3.7,3.7,3.7,3.7,52818
2021-11-29,3.7,3.7,3.7,3.7,0
2021-11-30,3.7,3.7,3.7,3.7,0
2021-12-01,3.7,3.7,3.7,3.7,0
2021-12-02,3.7,3.7,3.7,3.7,0
2021-12-03,4.2,4.2,3.7,3.9,75516
2021-12-06,4.0,4.0,4.0,4.0,0
2021-12-07,4.0,4.0,4.0,4.0,0
2021-12-08,4.0,4.0,4.0,4.0,0
2021-12-09,4.0,4.0,4.0,4.0,0
2021-12-10,4.0,4.0,3.4,3.4,38401
2021-12-13,3.7,3.7,3.7,3.7,0
2021-12-14,3.7,3.7,3.7,3.7,0
2021-12-15,3.7,3.7,3.7,3.7,0
2021-12-16,3.7,3.7,3.7,3.7,0
2021-12-17,3.7,3.7,3.2,3.2,34111
2021-12-20,3.4,3.4,3.4,3.4,0
2021-12-21,3.4,3.4,3.4,3.4,0
2021-12-22,3.4,3.4,3.4,3.4,0
2021-12-23,3.4,3.4,3.4,3.4,0
2021-12-24,3.4,3.5,2.9,2.9,18400
2021-12-27,2.9,2.9,2.9,2.9,0
2021-12-28,2.9,2.9,2.9,2.9,0
2021-12-29,2.9,2.9,2.9,2.9,0
2021-12-30,2.9,2.9,2.9,2.9,0
2021-12-31,2.5,2.8,2.5,2.6,170895
2022-01-04,2.5,2.5,2.5,2.5,0
2022-01-05,2.5,2.5,2.5,2.5,0
2022-01-06,2.5,2.5,2.5,2.5,0
2022-01-07,2.6,2.8,2.5,2.8,50351
2022-01-10,2.8,2.8,2.8,2.8,0
2022-01-11,2.8,2.8,2.8,2.8,0
2022-01-12,2.8,2.8,2.8,2.8,0
2022-01-13,2.8,2.8,2.8,2.8,0
2022-01-14,2.8,3.2,2.7,2.8,18043
2022-01-17,2.8,2.8,2.8,2.8,0
2022-01-18,2.8,2.8,2.8,2.8,0
2022-01-19,2.8,2.8,2.8,2.8,0
2022-01-20,2.8,2.8,2.8,2.8,0
2022-01-21,2.5,2.8,2.4,2.8,14544
2022-01-24,2.5,2.5,2.5,2.5,0
2022-01-25,2.5,2.5,2.5,2.5,0
2022-01-26,2.5,2.5,2.5,2.5,0
2022-01-27,2.5,2.5,2.5,2.5,0
2022-01-28,2.5,2.5,2.5,2.5,100
2022-02-07,2.5,2.5,2.5,2.5,0
2022-02-08,2.5,2.5,2.5,2.5,0
2022-02-09,2.5,2.5,2.5,2.5,0
2022-02-10,2.5,2.5,2.5,2.5,0
2022-02-11,2.3,2.6,2.3,2.6,3700
2022-02-14,2.6,2.6,2.6,2.6,0
2022-02-15,2.6,2.6,2.6,2.6,0
2022-02-16,2.6,2.6,2.6,2.6,0
2022-02-17,2.6,2.6,2.6,2.6,0
2022-02-18,2.3,2.7,2.3,2.6,930
2022-02-21,2.6,2.6,2.6,2.6,0
2022-02-22,2.6,2.6,2.6,2.6,0
2022-02-23,2.6,2.6,2.6,2.6,0
2022-02-24,2.6,2.6,2.6,2.6,0
2022-02-25,2.6,2.6,2.3,2.6,1931
2022-02-28,2.6,2.6,2.6,2.6,0
2022-03-01,2.6,2.6,2.6,2.6,0
2022-03-02,2.6,2.6,2.6,2.6,0
2022-03-03,2.6,2.6,2.6,2.6,0
2022-03-04,2.6,2.7,2.4,2.5,11935
2022-03-07,2.6,2.6,2.6,2.6,0
2022-03-08,2.6,2.6,2.6,2.6,0
2022-03-09,2.6,2.6,2.6,2.6,0
2022-03-10,2.6,2.6,2.6,2.6,0
2022-03-11,2.6,2.6,2.3,2.5,11400
2022-03-14,2.6,2.6,2.6,2.6,0
2022-03-15,2.6,2.6,2.6,2.6,0
2022-03-16,2.6,2.6,2.6,2.6,0
2022-03-17,2.6,2.6,2.6,2.6,0
2022-03-18,2.6,2.8,2.5,2.6,17600
2022-03-21,2.7,2.7,2.7,2.7,0
2022-03-22,2.7,2.7,2.7,2.7,0
2022-03-23,2.7,2.7,2.7,2.7,0
2022-03-24,2.7,2.7,2.7,2.7,0
2022-03-25,2.4,2.8,2.4,2.7,9855
2022-03-28,2.5,2.5,2.5,2.5,0
2022-03-29,2.5,2.5,2.5,2.5,0
2022-03-30,2.5,2.5,2.5,2.5,0
2022-03-31,2.5,2.5,2.5,2.5,0
2022-04-01,2.4,2.8,2.4,2.5,9600
2022-04-04,2.6,2.6,2.6,2.6,0
2022-04-05,2.6,2.6,2.6,2.6,0
2022-04-06,2.6,2.6,2.6,2.6,0
2022-04-07,2.6,2.6,2.6,2.6,0
2022-04-08,2.8,2.8,2.4,2.4,800
2022-04-12,2.5,2.5,2.5,2.5,0
2022-04-13,2.5,2.5,2.5,2.5,0
2022-04-14,2.5,2.5,2.5,2.5,0
2022-04-15,2.3,2.7,2.2,2.5,1700
2022-04-18,2.5,2.5,2.5,2.5,0
2022-04-19,2.5,2.5,2.5,2.5,0
2022-04-20,2.5,2.5,2.5,2.5,0
2022-04-21,2.5,2.5,2.5,2.5,0
2022-04-22,2.2,2.7,2.2,2.6,17955
2022-04-25,2.2,2.2,2.2,2.2,0
2022-04-26,2.2,2.2,2.2,2.2,0
2022-04-27,2.2,2.2,2.2,2.2,0
2022-04-28,2.2,2.2,2.2,2.2,0
2022-04-29,2.5,2.5,2.4,2.5,17800
2022-05-04,2.5,2.5,2.5,2.5,0
2022-05-05,2.5,2.5,2.5,2.5,0
2022-05-06,2.6,2.8,2.5,2.7,19700
2022-05-09,2.6,2.6,2.6,2.6,0
2022-05-10,2.6,2.6,2.6,2.6,0
2022-05-11,2.6,2.6,2.6,2.6,0
2022-05-12,2.6,2.6,2.6,2.6,0
2022-05-13,2.7,2.8,2.3,2.7,3500
2022-05-16,2.5,2.5,2.5,2.5,0
2022-05-17,2.5,2.5,2.5,2.5,0
2022-05-18,2.5,2.5,2.5,2.5,0
2022-05-19,2.5,2.5,2.5,2.5,0
2022-05-20,2.6,2.7,2.6,2.7,630
2022-05-23,2.6,2.6,2.6,2.6,0
2022-05-24,2.6,2.6,2.6,2.6,0
2022-05-25,2.6,2.6,2.6,2.6,0
2022-05-26,2.6,2.6,2.6,2.6,0
2022-05-27,2.9,2.9,2.9,2.9,175
2022-05-30,2.9,2.9,2.9,2.9,0
2022-05-31,2.9,2.9,2.9,2.9,0
2022-06-01,2.9,2.9,2.9,2.9,0
2022-06-02,2.9,2.9,2.9,2.9,0
2022-06-03,2.5,3.3,2.5,3.0,22700
2022-06-06,2.5,2.5,2.5,2.5,0
2022-06-07,2.5,2.5,2.5,2.5,0
2022-06-08,2.5,2.5,2.5,2.5,0
2022-06-09,2.5,2.5,2.5,2.5,0
2022-06-10,2.7,2.7,2.2,2.6,3000
2022-06-13,2.2,2.2,2.2,2.2,0
2022-06-14,2.2,2.2,2.2,2.2,0
2022-06-15,2.2,2.2,2.2,2.2,0
2022-06-16,2.2,2.2,2.2,2.2,0
2022-06-17,1.9,2.1,1.9,2.1,9100
2022-06-20,2.0,2.0,2.0,2.0,0
2022-06-21,2.0,2.0,2.0,2.0,0
2022-06-22,2.0,2.0,2.0,2.0,0
2022-06-23,2.0,2.0,2.0,2.0,0
2022-06-24,2.0,2.3,2.0,2.0,3200
2022-06-27,2.2,2.2,2.2,2.2,0
2022-06-28,2.2,2.2,2.2,2.2,0
2022-06-29,2.2,2.2,2.2,2.2,0
2022-06-30,2.2,2.2,2.2,2.2,0
2022-07-01,2.3,2.4,1.9,2.0,10012
2022-07-04,2.1,2.1,2.1,2.1,0
2022-07-05,2.1,2.1,2.1,2.1,0
2022-07-06,2.1,2.1,2.1,2.1,0
2022-07-07,2.1,2.1,2.1,2.1,0
2022-07-08,1.8,2.2,1.8,1.8,21128
2022-07-11,1.8,1.8,1.8,1.8,0
2022-07-12,1.8,1.8,1.8,1.8,0
2022-07-13,1.8,1.8,1.8,1.8,0
2022-07-14,1.8,1.8,1.8,1.8,0
2022-07-15,1.8,2.0,1.8,2.0,4148
2022-07-18,1.8,1.8,1.8,1.8,0
2022-07-19,1.8,1.8,1.8,1.8,0
2022-07-20,1.8,1.8,1.8,1.8,0
2022-07-21,1.8,1.8,1.8,1.8,0
2022-07-22,2.0,2.0,1.7,2.0,1586
2022-07-25,1.8,1.8,1.8,1.8,0
2022-07-26,1.8,1.8,1.8,1.8,0
2022-07-27,1.8,1.8,1.8,1.8,0
2022-07-28,1.8,1.8,1.8,1.8,0
2022-07-29,1.8,2.0,1.8,2.0,200
2022-08-01,1.9,1.9,1.9,1.9,0
2022-08-02,1.9,1.9,1.9,1.9,0
2022-08-03,1.9,1.9,1.9,1.9,0
2022-08-04,1.9,1.9,1.9,1.9,0
2022-08-05,1.7,2.1,1.7,2.1,20700
2022-08-08,2.0,2.0,2.0,2.0,0
2022-08-09,2.0,2.0,2.0,2.0,0
2022-08-10,2.0,2.0,2.0,2.0,0
2022-08-11,2.0,2.0,2.0,2.0,0
2022-08-12,2.0,2.3,1.7,1.7,39100
2022-08-15,1.8,1.8,1.8,1.8,0
2022-08-16,1.8,1.8,1.8,1.8,0
2022-08-17,1.8,1.8,1.8,1.8,0
2022-08-18,1.8,1.8,1.8,1.8,0
2022-08-19,1.6,1.7,1.6,1.7,26234
2022-08-22,1.6,1.6,1.6,1.6,0
2022-08-23,1.6,1.6,1.6,1.6,0
2022-08-24,1.6,1.6,1.6,1.6,0
2022-08-25,1.6,1.6,1.6,1.6,0
2022-08-26,1.7,1.7,1.5,1.5,2500
2022-08-29,1.5,1.5,1.5,1.5,0
2022-08-30,1.5,1.5,1.5,1.5,0
2022-08-31,1.5,1.5,1.5,1.5,0
2022-09-05,1.5,1.5,1.5,1.5,0
2022-09-06,1.5,1.5,1.5,1.5,0
2022-09-07,1.5,1.5,1.5,1.5,0
2022-09-08,1.5,1.5,1.5,1.5,0
2022-09-09,1.4,1.5,1.3,1.5,10795
2022-09-12,1.3,1.3,1.3,1.3,0
2022-09-13,1.3,1.3,1.3,1.3,0
2022-09-14,1.3,1.3,1.3,1.3,0
2022-09-15,1.3,1.3,1.3,1.3,0
2022-09-16,1.3,1.3,1.2,1.2,7166
2022-09-19,1.2,1.2,1.2,1.2,0
2022-09-20,1.2,1.2,1.2,1.2,0
2022-09-21,1.2,1.2,1.2,1.2,0
2022-09-22,1.2,1.2,1.2,1.2,0
2022-09-23,1.3,1.3,1.3,1.3,13068
2022-09-26,1.3,1.3,1.3,1.3,0
2022-09-27,1.3,1.3,1.3,1.3,0
2022-09-28,1.3,1.3,1.3,1.3,0
2022-09-29,1.3,1.3,1.3,1.3,0
2022-09-30,1.2,1.3,1.2,1.3,5233
2022-10-03,1.2,1.2,1.2,1.2,0
2022-10-04,1.2,1.2,1.2,1.2,0
2022-10-05,1.2,1.2,1.2,1.2,0
2022-10-06,1.2,1.2,1.2,1.2,0
2022-10-07,1.3,1.3,1.1,1.3,806
2022-10-10,1.2,1.2,1.2,1.2,0
2022-10-11,1.2,1.2,1.2,1.2,0
2022-10-12,1.2,1.2,1.2,1.2,0
2022-10-13,1.2,1.2,1.2,1.2,0
2022-10-14,1.2,1.3,1.2,1.2,1500
2022-10-17,1.2,1.2,1.2,1.2,0
2022-10-18,1.2,1.2,1.2,1.2,0
2022-10-19,1.2,1.2,1.2,1.2,0
2022-10-20,1.2,1.2,1.2,1.2,0
2022-10-21,1.3,1.3,1.1,1.2,7803
2022-10-24,1.2,1.2,1.2,1.2,0
2022-10-25,1.2,1.2,1.2,1.2,0
2022-10-26,1.2,1.2,1.2,1.2,0
2022-10-27,1.2,1.2,1.2,1.2,0
2022-10-28,1.1,1.2,1.1,1.2,300
2022-10-31,1.2,1.2,1.2,1.2,0
2022-11-01,1.2,1.2,1.2,1.2,0
2022-11-02,1.2,1.2,1.2,1.2,0
2022-11-03,1.2,1.2,1.2,1.2,0
2022-11-04,1.1,1.1,1.1,1.1,11015
2022-11-07,1.1,1.1,1.1,1.1,0
2022-11-08,1.1,1.1,1.1,1.1,0
2022-11-09,1.1,1.1,1.1,1.1,0
2022-11-10,1.1,1.1,1.1,1.1,0
2022-11-11,1.0,1.1,1.0,1.1,200
2022-11-14,1.1,1.1,1.1,1.1,0
2022-11-15,1.1,1.1,1.1,1.1,0
2022-11-16,1.1,1.1,1.1,1.1,0
2022-11-17,1.1,1.1,1.1,1.1,0
2022-11-18,1.0,1.0,1.0,1.0,900
2022-11-21,1.0,1.0,1.0,1.0,0
2022-11-22,1.0,1.0,1.0,1.0,0
2022-11-23,1.0,1.0,1.0,1.0,0
2022-11-24,1.0,1.0,1.0,1.0,0
2022-11-25,1.0,1.1,1.0,1.1,2700
2022-11-28,1.0,1.0,1.0,1.0,0
2022-11-29,1.0,1.0,1.0,1.0,0
2022-11-30,1.0,1.0,1.0,1.0,0
2022-12-01,1.0,1.0,1.0,1.0,0
2022-12-02,1.1,1.1,1.0,1.1,8018
2022-12-05,1.1,1.1,1.1,1.1,0
2022-12-06,1.1,1.1,1.1,1.1,0
2022-12-07,1.1,1.1,1.1,1.1,0
2022-12-08,1.1,1.1,1.1,1.1,0
2022-12-09,1.2,1.2,1.2,1.2,200
2022-12-12,1.2,1.2,1.2,1.2,0
2022-12-13,1.2,1.2,1.2,1.2,0
2022-12-14,1.2,1.2,1.2,1.2,0
2022-12-15,1.2,1.2,1.2,1.2,0
2022-12-16,1.2,1.3,1.2,1.3,6200
2022-12-19,1.2,1.2,1.2,1.2,0
2022-12-20,1.2,1.2,1.2,1.2,0
2022-12-21,1.2,1.2,1.2,1.2,0
2022-12-22,1.2,1.2,1.2,1.2,0
2022-12-23,1.3,1.3,1.1,1.3,1873
2022-12-26,1.2,1.2,1.2,1.2,0
2022-12-27,1.2,1.2,1.2,1.2,0
2022-12-28,1.2,1.2,1.2,1.2,0
2022-12-29,1.2,1.2,1.2,1.2,0
2022-12-30,1.2,1.3,1.2,1.3,1096
2023-01-03,1.3,1.3,1.3,1.3,0
2023-01-04,1.3,1.3,1.3,1.3,0
2023-01-05,1.3,1.3,1.3,1.3,0
2023-01-06,1.2,1.4,1.2,1.3,2500
2023-01-09,1.2,1.2,1.2,1.2,0
2023-01-10,1.2,1.2,1.2,1.2,0
2023-01-11,1.2,1.2,1.2,1.2,0
2023-01-12,1.2,1.2,1.2,1.2,0
2023-01-13,1.3,1.3,1.1,1.1,3065
2023-01-16,1.1,1.1,1.1,1.1,0
2023-01-17,1.1,1.1,1.1,1.1,0
2023-01-18,1.1,1.1,1.1,1.1,0
2023-01-19,1.1,1.1,1.1,1.1,0
2023-01-27,1.2,1.2,1.2,1.2,2232
2023-01-30,1.2,1.2,1.2,1.2,0
2023-01-31,1.2,1.2,1.2,1.2,0
2023-02-01,1.2,1.2,1.2,1.2,0
2023-02-02,1.2,1.2,1.2,1.2,0
2023-02-03,1.2,1.3,1.1,1.3,2377
2023-02-06,1.2,1.2,1.2,1.2,0
2023-02-07,1.2,1.2,1.2,1.2,0
2023-02-08,1.2,1.2,1.2,1.2,0
2023-02-09,1.2,1.2,1.2,1.2,0
2023-02-10,1.2,1.2,1.2,1.2,0
2023-02-13,1.2,1.2,1.2,1.2,0
2023-02-14,1.2,1.2,1.2,1.2,0
2023-02-15,1.2,1.2,1.2,1.2,0
2023-02-16,1.2,1.2,1.2,1.2,0
2023-02-17,1.2,1.3,1.1,1.2,6300
2023-02-20,1.1,1.1,1.1,1.1,0
2023-02-21,1.1,1.1,1.1,1.1,0
2023-02-22,1.1,1.1,1.1,1.1,0
2023-02-23,1.1,1.1,1.1,1.1,0
2023-02-24,1.2,1.2,1.0,1.1,5600
2023-02-27,1.0,1.0,1.0,1.0,0
2023-02-28,1.0,1.0,1.0,1.0,0
2023-03-01,1.0,1.0,1.0,1.0,0
2023-03-02,1.0,1.0,1.0,1.0,0
2023-03-03,0.9,1.0,0.9,1.0,6578
2023-03-06,0.9,0.9,0.9,0.9,0
2023-03-07,0.9,0.9,0.9,0.9,0
2023-03-08,0.9,0.9,0.9,0.9,0
2023-03-09,0.9,0.9,0.9,0.9,0
2023-03-10,0.8,1.0,0.8,1.0,3080
2023-03-13,0.8,0.8,0.8,0.8,0
2023-03-14,0.8,0.8,0.8,0.8,0
2023-03-15,0.8,0.8,0.8,0.8,0
2023-03-16,0.8,0.8,0.8,0.8,0
2023-03-17,0.7,0.9,0.7,0.9,200
2023-03-20,0.8,0.8,0.8,0.8,0
2023-03-21,0.8,0.8,0.8,0.8,0
2023-03-22,0.8,0.8,0.8,0.8,0
2023-03-23,0.8,0.8,0.8,0.8,0
2023-03-24,0.8,0.8,0.8,0.8,0
2023-03-27,0.8,0.8,0.8,0.8,0
2023-03-28,0.8,0.8,0.8,0.8,0
2023-03-29,0.8,0.8,0.8,0.8,0
2023-03-30,0.8,0.8,0.8,0.8,0
2023-03-31,0.9,0.9,0.7,0.8,32115
2023-04-03,0.8,0.8,0.8,0.8,0
2023-04-04,0.8,0.8,0.8,0.8,0
2023-04-05,0.8,0.8,0.8,0.8,0
2023-04-06,0.8,0.8,0.8,0.8,0
2023-04-07,0.9,0.9,0.7,0.8,12005
2023-04-10,0.7,0.7,0.7,0.7,0
2023-04-11,0.7,0.7,0.7,0.7,0
2023-04-12,0.7,0.7,0.7,0.7,0
2023-04-13,0.7,0.7,0.7,0.7,0
2023-04-14,0.8,0.8,0.7,0.8,1600
2023-04-17,0.8,0.8,0.8,0.8,0
2023-04-18,0.8,0.8,0.8,0.8,0
2023-04-19,0.8,0.8,0.8,0.8,0
2023-04-20,0.8,0.8,0.8,0.8,0
2023-04-21,0.7,0.9,0.7,0.9,8210
2023-04-24,0.9,0.9,0.9,0.9,0
2023-04-25,0.9,0.9,0.9,0.9,0
2023-04-26,0.9,0.9,0.9,0.9,0
2023-04-27,0.9,0.9,0.9,0.9,0
2023-04-28,0.9,1.0,0.8,1.0,690
2023-05-04,0.9,0.9,0.9,0.9,0
2023-05-05,1.0,1.0,1.0,1.0,133
2023-05-08,1.0,1.0,1.0,1.0,0
2023-05-09,1.0,1.0,1.0,1.0,0
2023-05-10,1.0,1.0,1.0,1.0,0
2023-05-11,1.0,1.0,1.0,1.0,0
2023-05-12,1.0,1.1,1.0,1.1,6923
2023-05-15,1.0,1.0,1.0,1.0,0
2023-05-16,1.0,1.0,1.0,1.0,0
2023-05-17,1.0,1.0,1.0,1.0,0
2023-05-18,1.0,1.0,1.0,1.0,0
2023-05-19,1.1,1.1,0.9,0.9,15300
2023-05-22,0.9,0.9,0.9,0.9,0
2023-05-23,0.9,0.9,0.9,0.9,0
2023-05-24,0.9,0.9,0.9,0.9,0
2023-05-25,0.9,0.9,0.9,0.9,0
2023-05-26,0.8,1.0,0.8,0.8,25000
2023-05-29,0.8,0.8,0.8,0.8,0
2023-05-30,0.8,0.8,0.8,0.8,0
2023-05-31,0.8,0.8,0.8,0.8,0
2023-06-01,0.8,0.8,0.8,0.8,0
2023-06-02,0.9,0.9,0.7,0.8,81577
2023-06-05,0.8,0.8,0.8,0.8,0
2023-06-06,0.8,0.8,0.8,0.8,0
2023-06-07,0.8,0.8,0.8,0.8,0
2023-06-08,0.8,0.8,0.8,0.8,0
2023-06-09,0.8,0.9,0.8,0.9,58546
2023-06-12,0.9,0.9,0.9,0.9,0
2023-06-13,0.9,0.9,0.9,0.9,0
2023-06-14,0.9,0.9,0.9,0.9,0
2023-06-15,0.9,0.9,0.9,0.9,0
2023-06-16,0.8,0.9,0.8,0.8,40100
2023-06-19,0.8,0.8,0.8,0.8,0
2023-06-20,0.8,0.8,0.8,0.8,0
2023-06-21,0.8,0.8,0.8,0.8,0
2023-06-22,0.8,0.8,0.8,0.8,0
2023-06-23,0.8,0.9,0.8,0.9,19900
2023-06-26,0.8,0.8,0.8,0.8,0
2023-06-27,0.8,0.8,0.8,0.8,0
2023-06-28,0.8,0.8,0.8,0.8,0
2023-06-29,0.8,0.8,0.8,0.8,0
2023-06-30,0.8,0.8,0.7,0.8,11500
2023-07-03,0.8,0.8,0.8,0.8,0
2023-07-04,0.8,0.8,0.8,0.8,0
2023-07-05,0.8,0.8,0.8,0.8,0
2023-07-06,0.8,0.8,0.8,0.8,0
2023-07-07,0.9,0.9,0.8,0.8,1110
2023-07-10,0.8,0.8,0.8,0.8,0
2023-07-11,0.8,0.8,0.8,0.8,0
2023-07-12,0.8,0.8,0.8,0.8,0
2023-07-13,0.8,0.8,0.8,0.8,0
2023-07-14,0.9,0.9,0.7,0.9,11934
2023-07-17,0.8,0.8,0.8,0.8,0
2023-07-18,0.8,0.8,0.8,0.8,0
2023-07-19,0.8,0.8,0.8,0.8,0
2023-07-20,0.8,0.8,0.8,0.8,0
2023-07-21,0.9,0.9,0.8,0.9,7763
2023-07-24,0.9,0.9,0.9,0.9,0
2023-07-25,0.9,0.9,0.9,0.9,0
2023-07-26,0.9,0.9,0.9,0.9,0
2023-07-27,0.9,0.9,0.9,0.9,0
2023-07-28,0.9,0.9,0.8,0.9,13104
2023-07-31,0.8,0.8,0.8,0.8,0
2023-08-01,0.8,0.8,0.8,0.8,0
2023-08-02,0.8,0.8,0.8,0.8,0
2023-08-03,0.8,0.8,0.8,0.8,0
2023-08-04,0.8,0.8,0.7,0.7,9750
2023-08-07,0.7,0.7,0.7,0.7,0
2023-08-08,0.7,0.7,0.7,0.7,0
2023-08-09,0.7,0.7,0.7,0.7,0
2023-08-10,0.7,0.7,0.7,0.7,0
2023-08-11,0.7,0.8,0.7,0.8,46700
2023-08-14,0.7,0.7,0.7,0.7,0
2023-08-15,0.7,0.7,0.7,0.7,0
2023-08-16,0.7,0.7,0.7,0.7,0
2023-08-17,0.7,0.7,0.7,0.7,0
2023-08-18,0.6,0.7,0.6,0.7,9200
2023-08-21,0.7,0.7,0.7,0.7,0
2023-08-22,0.7,0.7,0.7,0.7,0
2023-08-23,0.7,0.7,0.7,0.7,0
2023-08-24,0.7,0.7,0.7,0.7,0
2023-08-25,0.6,0.7,0.6,0.7,1570
2023-08-28,0.7,0.7,0.7,0.7,0
2023-08-29,0.7,0.7,0.7,0.7,0
2023-08-30,0.7,0.7,0.7,0.7,0
2023-08-31,0.7,0.7,0.7,0.7,0
2023-09-05,0.7,0.7,0.7,0.7,0
2023-09-06,0.7,0.7,0.7,0.7,0
2023-09-07,0.7,0.7,0.7,0.7,0
2023-09-08,0.6,0.7,0.6,0.7,21217
2023-09-11,0.7,0.7,0.7,0.7,0
2023-09-12,0.7,0.7,0.7,0.7,0
2023-09-13,0.7,0.7,0.7,0.7,0
2023-09-14,0.7,0.7,0.7,0.7,0
2023-09-15,0.7,0.7,0.7,0.7,0
2023-09-18,0.7,0.7,0.7,0.7,0
2023-09-19,0.7,0.7,0.7,0.7,0
2023-09-20,0.7,0.7,0.7,0.7,0
2023-09-21,0.7,0.7,0.7,0.7,0
2023-09-22,0.6,0.7,0.6,0.6,20600
2023-09-25,0.6,0.6,0.6,0.6,0
2023-09-26,0.6,0.6,0.6,0.6,0
2023-09-27,0.6,0.6,0.6,0.6,0
2023-09-28,0.6,0.6,0.6,0.6,0
2023-09-29,0.7,0.7,0.6,0.6,3400
2023-10-02,0.6,0.6,0.6,0.6,0
2023-10-03,0.6,0.6,0.6,0.6,0
2023-10-04,0.6,0.6,0.6,0.6,0
2023-10-05,0.6,0.6,0.6,0.6,0
2023-10-06,0.6,0.6,0.5,0.6,6160
2023-10-09,0.6,0.6,0.6,0.6,0
2023-10-10,0.6,0.6,0.6,0.6,0
2023-10-11,0.6,0.6,0.6,0.6,0
2023-10-12,0.6,0.6,0.6,0.6,0
2023-10-13,0.6,0.7,0.6,0.6,25022
2023-10-16,0.6,0.6,0.6,0.6,0
2023-10-17,0.6,0.6,0.6,0.6,0
2023-10-18,0.6,0.6,0.6,0.6,0
2023-10-19,0.6,0.6,0.6,0.6,0
2023-10-20,0.6,0.6,0.6,0.6,3600
2023-10-23,0.6,0.6,0.6,0.6,0
2023-10-24,0.6,0.6,0.6,0.6,0
2023-10-25,0.6,0.6,0.6,0.6,0
2023-10-26,0.6,0.6,0.6,0.6,0
2023-10-27,0.7,0.7,0.5,0.7,900
2023-10-30,0.7,0.7,0.7,0.7,0
2023-10-31,0.7,0.7,0.7,0.7,0
2023-11-01,0.7,0.7,0.7,0.7,0
2023-11-02,0.7,0.7,0.7,0.7,0
2023-11-03,0.6,0.8,0.6,0.6,16000
2023-11-06,0.6,0.6,0.6,0.6,0
2023-11-07,0.6,0.6,0.6,0.6,0
2023-11-08,0.6,0.6,0.6,0.6,0
2023-11-09,0.6,0.6,0.6,0.6,0
2023-11-10,0.6,0.7,0.6,0.6,1621
2023-11-13,0.7,0.7,0.7,0.7,0
2023-11-14,0.7,0.7,0.7,0.7,0
2023-11-15,0.7,0.7,0.7,0.7,0
2023-11-16,0.7,0.7,0.7,0.7,0
2023-11-17,0.7,0.7,0.7,0.7,100
2023-11-20,0.7,0.7,0.7,0.7,0
2023-11-21,0.7,0.7,0.7,0.7,0
2023-11-22,0.7,0.7,0.7,0.7,0
2023-11-23,0.7,0.7,0.7,0.7,0
2023-11-24,0.6,0.8,0.6,0.8,6335
2023-11-27,0.6,0.6,0.6,0.6,0
2023-11-28,0.6,0.6,0.6,0.6,0
2023-11-29,0.6,0.6,0.6,0.6,0
2023-11-30,0.6,0.6,0.6,0.6,0
2023-12-01,0.6,0.6,0.6,0.6,0
2023-12-04,0.6,0.6,0.6,0.6,0
2023-12-05,0.6,0.6,0.6,0.6,0
2023-12-06,0.6,0.6,0.6,0.6,0
2023-12-07,0.6,0.6,0.6,0.6,0
2023-12-08,0.5,0.6,0.5,0.5,38160
2023-12-11,0.5,0.5,0.5,0.5,0
2023-12-12,0.5,0.5,0.5,0.5,0
2023-12-13,0.5,0.5,0.5,0.5,0
2023-12-14,0.5,0.5,0.5,0.5,0
2023-12-15,0.5,0.5,0.5,0.5,0
2023-12-18,0.5,0.5,0.5,0.5,0
2023-12-19,0.5,0.5,0.5,0.5,0
2023-12-20,0.5,0.5,0.5,0.5,0
2023-12-21,0.5,0.5,0.5,0.5,0
2023-12-22,0.5,0.5,0.5,0.5,0
2023-12-25,0.5,0.5,0.5,0.5,0
2023-12-26,0.5,0.5,0.5,0.5,0
2023-12-27,0.5,0.5,0.5,0.5,0
2023-12-28,0.5,0.5,0.5,0.5,0
2023-12-29,0.5,0.5,0.5,0.5,0
2024-01-02,0.5,0.5,0.5,0.5,0
2024-01-03,0.5,0.5,0.5,0.5,0
2024-01-04,0.5,0.5,0.5,0.5,0
2024-01-05,0.5,0.5,0.5,0.5,0
2024-01-08,0.5,0.5,0.5,0.5,0
2024-01-09,0.5,0.5,0.5,0.5,0
2024-01-10,0.5,0.5,0.5,0.5,0
2024-01-11,0.5,0.5,0.5,0.5,0
2024-01-12,0.5,0.5,0.5,0.5,0
2024-01-15,0.5,0.5,0.5,0.5,0
2024-01-16,0.5,0.5,0.5,0.5,0
2024-01-17,0.5,0.5,0.5,0.5,0
2024-01-18,0.5,0.5,0.5,0.5,0
2024-01-19,0.5,0.5,0.5,0.5,0
2024-01-22,0.5,0.5,0.5,0.5,0
2024-01-23,0.5,0.5,0.5,0.5,0
2024-01-24,0.5,0.5,0.5,0.5,0
2024-01-25,0.5,0.5,0.5,0.5,0
2024-01-26,0.5,0.5,0.5,0.5,0
2024-01-29,0.5,0.5,0.5,0.5,0
2024-01-30,0.5,0.5,0.5,0.5,0
2024-01-31,0.5,0.5,0.5,0.5,0
2024-02-01,0.5,0.5,0.5,0.5,0
2024-02-02,0.5,0.5,0.5,0.5,0
2024-02-05,0.5,0.5,0.5,0.5,0
2024-02-06,0.5,0.5,0.5,0.5,0
2024-02-07,0.5,0.5,0.5,0.5,0
2024-02-15,0.5,0.5,0.5,0.5,0
2024-02-16,0.5,0.5,0.5,0.5,0
2024-02-19,0.5,0.5,0.5,0.5,0
2024-02-20,0.5,0.5,0.5,0.5,0
2024-02-21,0.5,0.5,0.5,0.5,0
2024-02-22,0.5,0.5,0.5,0.5,0
2024-02-23,0.5,0.5,0.5,0.5,0
2024-02-26,0.5,0.5,0.5,0.5,0
2024-02-27,0.5,0.5,0.5,0.5,0
2024-02-28,0.5,0.5,0.5,0.5,0
2024-02-29,0.5,0.5,0.5,0.5,0
2024-03-01,0.5,0.5,0.5,0.5,0
2024-03-04,0.5,0.5,0.5,0.5,0
2024-03-05,0.5,0.5,0.5,0.5,0
2024-03-06,0.5,0.5,0.5,0.5,0
2024-03-07,0.5,0.5,0.5,0.5,0
2024-03-08,0.5,0.5,0.5,0.5,0
2024-03-11,0.5,0.5,0.5,0.5,0
2024-03-12,0.5,0.5,0.5,0.5,0
2024-03-13,0.5,0.5,0.5,0.5,0
2024-03-14,0.5,0.5,0.5,0.5,0
2024-03-15,0.5,0.5,0.5,0.5,0
2024-03-18,0.5,0.5,0.5,0.5,0
2024-03-19,0.5,0.5,0.5,0.5,0
2024-03-20,0.5,0.5,0.5,0.5,0
2024-03-21,0.5,0.5,0.5,0.5,0
2024-03-22,0.5,0.5,0.5,0.5,0
2024-03-25,0.5,0.5,0.5,0.5,0
2024-03-26,0.5,0.5,0.5,0.5,0
2024-03-27,0.5,0.5,0.5,0.5,0
2024-03-28,0.5,0.5,0.5,0.5,0
2024-03-29,0.5,0.5,0.5,0.5,0
2024-04-01,0.5,0.5,0.5,0.5,0
2024-04-02,0.5,0.5,0.5,0.5,0
2024-04-03,0.5,0.5,0.5,0.5,0
2024-04-04,0.5,0.5,0.5,0.5,0
2024-04-05,0.5,0.5,0.5,0.5,0
2024-04-08,0.5,0.5,0.5,0.5,0
2024-04-09,0.5,0.5,0.5,0.5,0
2024-04-10,0.5,0.5,0.5,0.5,0
2024-04-11,0.5,0.5,0.5,0.5,0
2024-04-12,0.5,0.5,0.5,0.5,0
2024-04-15,0.5,0.5,0.5,0.5,0
2024-04-16,0.5,0.5,0.5,0.5,0
2024-04-17,0.5,0.5,0.5,0.5,0
2024-04-19,0.5,0.5,0.5,0.5,0
2024-04-22,0.5,0.5,0.5,0.5,0
2024-04-23,0.5,0.5,0.5,0.5,0
2024-04-24,0.5,0.5,0.5,0.5,0
2024-04-25,0.5,0.5,0.5,0.5,0
2024-04-26,0.5,0.5,0.5,0.5,0
2024-05-02,0.5,0.5,0.5,0.5,0
2024-05-03,0.5,0.5,0.5,0.5,0
2024-05-06,0.5,0.5,0.5,0.5,0
2024-05-07,0.5,0.5,0.5,0.5,0
2024-05-08,0.5,0.5,0.5,0.5,0
2024-05-09,0.5,0.5,0.5,0.5,0
2024-05-10,0.5,0.5,0.5,0.5,0
2024-05-13,0.5,0.5,0.5,0.5,0
2024-05-14,0.5,0.5,0.5,0.5,0
2024-05-15,0.5,0.5,0.5,0.5,0
2024-05-16,0.5,0.5,0.5,0.5,0
2024-05-17,0.5,0.5,0.5,0.5,0
2024-05-20,0.5,0.5,0.5,0.5,0
2024-05-21,0.5,0.5,0.5,0.5,0
2024-05-22,0.5,0.5,0.5,0.5,0
2024-05-23,0.5,0.5,0.5,0.5,0
2024-05-24,0.5,0.5,0.5,0.5,0
2024-05-27,0.5,0.5,0.5,0.5,0
2024-05-28,0.5,0.5,0.5,0.5,0
2024-05-29,0.5,0.5,0.5,0.5,0
2024-05-30,0.5,0.5,0.5,0.5,0
2024-05-31,0.5,0.5,0.5,0.5,0
2024-06-03,0.5,0.5,0.5,0.5,0
2024-06-04,0.5,0.5,0.5,0.5,0
2024-06-05,0.5,0.5,0.5,0.5,0
2024-06-06,0.5,0.5,0.5,0.5,0
2024-06-07,0.5,0.5,0.5,0.5,0
2024-06-10,0.5,0.5,0.5,0.5,0
2024-06-11,0.5,0.5,0.5,0.5,0
2024-06-12,0.5,0.5,0.5,0.5,0
2024-06-13,0.5,0.5,0.5,0.5,0
2024-06-14,0.5,0.5,0.5,0.5,0
2024-06-17,0.5,0.5,0.5,0.5,0
2024-06-18,0.5,0.5,0.5,0.5,0
2024-06-19,0.5,0.5,0.5,0.5,0
2024-06-20,0.5,0.5,0.5,0.5,0
2024-06-21,0.5,0.5,0.5,0.5,0
2024-06-24,0.5,0.5,0.5,0.5,0
2024-06-25,0.5,0.5,0.5,0.5,0
2024-06-26,0.5,0.5,0.5,0.5,0
2024-06-27,0.5,0.5,0.5,0.5,0
2024-06-28,0.5,0.5,0.5,0.5,0
2024-07-01,0.5,0.5,0.5,0.5,0
2024-07-02,0.5,0.5,0.5,0.5,0
2024-07-03,0.5,0.5,0.5,0.5,0
2024-07-04,0.5,0.5,0.5,0.5,0
2024-07-05,0.5,0.5,0.5,0.5,0
2024-07-08,0.5,0.5,0.5,0.5,0
2024-07-09,0.5,0.5,0.5,0.5,0
2024-07-10,0.5,0.5,0.5,0.5,0
2024-07-11,0.5,0.5,0.5,0.5,0
2024-07-12,0.5,0.5,0.5,0.5,0
2024-07-15,0.5,0.5,0.5,0.5,0
2024-07-16,0.5,0.5,0.5,0.5,0
2024-07-17,0.5,0.5,0.5,0.5,0
2024-07-18,0.5,0.5,0.5,0.5,0
2024-07-19,0.5,0.5,0.5,0.5,0
2024-07-22,0.5,0.5,0.5,0.5,0
2024-07-23,0.5,0.5,0.5,0.5,0
2024-07-24,0.5,0.5,0.5,0.5,0
2024-07-25,0.5,0.5,0.5,0.5,0
