time,open,high,low,close,volume
2011-04-26,2.13,2.15,2.13,2.15,6000
2011-04-27,2.13,2.15,2.15,2.15,0
2011-04-28,2.13,2.15,2.15,2.15,0
2011-04-29,2.13,2.15,2.15,2.15,0
2011-05-04,2.21,2.21,2.21,2.21,400
2011-05-05,2.21,2.21,2.21,2.21,1300
2011-05-06,2.21,2.21,2.21,2.21,0
2011-05-09,2.21,2.21,2.21,2.21,700
2011-05-10,2.21,2.21,2.21,2.21,1300
2011-05-11,2.21,2.21,2.21,2.21,6900
2011-05-12,2.24,2.24,2.24,2.24,2600
2011-05-13,2.07,2.24,2.24,2.24,0
2011-05-16,2.07,2.24,2.24,2.24,0
2011-05-17,2.21,2.21,2.21,2.21,300
2011-05-18,2.27,2.36,2.27,2.36,200
2011-05-19,2.33,2.33,2.33,2.33,1000
2011-05-20,2.54,2.54,2.54,2.54,100
2011-05-23,2.54,2.54,2.54,2.54,0
2011-05-24,2.54,2.54,2.54,2.54,0
2011-05-25,2.66,2.66,2.66,2.66,3000
2011-05-26,2.66,2.66,2.66,2.66,0
2011-05-27,2.66,2.66,2.66,2.66,3200
2011-05-30,2.6,2.6,2.6,2.6,1200
2011-05-31,2.6,2.6,2.6,2.6,0
2011-06-01,2.6,2.66,2.6,2.66,12100
2011-06-02,2.66,2.66,2.66,2.66,4400
2011-06-03,2.66,2.66,2.66,2.66,0
2011-06-06,2.66,2.66,2.66,2.66,6500
2011-06-07,2.66,2.66,2.66,2.66,200
2011-06-08,2.66,2.66,2.66,2.66,0
2011-06-09,2.66,2.66,2.66,2.66,0
2011-06-10,2.66,2.66,2.66,2.66,0
2011-06-13,2.66,2.66,2.66,2.66,0
2011-06-14,2.66,2.66,2.66,2.66,0
2011-06-15,2.66,2.66,2.66,2.66,0
2011-06-16,2.66,2.66,2.66,2.66,0
2011-06-17,2.66,2.66,2.66,2.66,0
2011-06-20,2.66,2.66,2.66,2.66,0
2011-06-21,2.66,2.66,2.66,2.66,0
2011-06-22,2.66,2.92,2.66,2.92,600
2011-06-23,2.89,2.89,2.89,2.89,0
2011-06-24,2.89,2.92,2.92,2.92,0
2011-06-27,2.95,2.95,2.95,2.95,10000
2011-06-28,2.95,2.95,2.95,2.95,0
2011-06-29,2.95,2.95,2.95,2.95,0
2011-06-30,2.95,2.95,2.95,2.95,0
2011-07-01,2.95,2.95,2.95,2.95,0
2011-07-04,2.92,2.92,2.92,2.92,3700
2011-07-05,2.95,2.95,2.95,2.95,20800
2011-07-06,2.95,2.95,2.95,2.95,500
2011-07-07,2.95,2.95,2.95,2.95,1100
2011-07-08,2.95,2.95,2.95,2.95,100
2011-07-11,2.95,2.95,2.95,2.95,0
2011-07-12,2.8,2.8,2.8,2.8,800
2011-07-13,2.66,2.8,2.66,2.8,3600
2011-07-14,2.69,2.95,2.69,2.95,2400
2011-07-15,2.8,2.95,2.8,2.95,10000
2011-07-18,2.95,2.95,2.95,2.95,100
2011-07-19,2.95,2.95,2.95,2.95,0
2011-07-20,2.95,2.95,2.95,2.95,0
2011-07-21,2.95,2.95,2.95,2.95,0
2011-07-22,2.95,2.95,2.95,2.95,0
2011-07-25,2.66,2.66,2.66,2.66,900
2011-07-26,2.66,2.92,2.66,2.92,3200
2011-07-27,2.95,2.95,2.95,2.95,1100
2011-07-28,2.95,2.95,2.95,2.95,0
2011-07-29,2.95,2.95,2.95,2.95,6800
2011-08-01,2.95,2.95,2.95,2.95,0
2011-08-02,2.66,2.66,2.66,2.66,500
2011-08-03,2.66,2.66,2.66,2.66,0
2011-08-04,2.92,2.92,2.92,2.92,500
2011-08-05,2.92,2.92,2.92,2.92,300
2011-08-08,2.95,2.95,2.95,2.95,2600
2011-08-09,2.95,2.95,2.95,2.95,4300
2011-08-10,2.95,2.95,2.95,2.95,2400
2011-08-11,2.95,2.95,2.95,2.95,1800
2011-08-12,2.95,2.95,2.95,2.95,0
2011-08-15,2.95,2.95,2.95,2.95,1900
2011-08-16,2.95,2.95,2.95,2.95,8300
2011-08-17,2.95,2.95,2.95,2.95,1200
2011-08-18,2.95,2.95,2.95,2.95,0
2011-08-19,2.95,2.95,2.95,2.95,7700
2011-08-22,2.95,2.95,2.95,2.95,2000
2011-08-23,2.95,2.95,2.95,2.95,14100
2011-08-24,2.95,2.95,2.95,2.95,0
2011-08-25,2.95,2.95,2.95,2.95,0
2011-08-26,2.95,2.95,2.95,2.95,4400
2011-08-29,2.95,2.95,2.95,2.95,0
2011-08-30,2.95,2.95,2.95,2.95,7300
2011-08-31,2.95,2.95,2.95,2.95,0
2011-09-01,2.95,2.95,2.95,2.95,0
2011-09-05,2.95,2.95,2.95,2.95,0
2011-09-06,2.95,2.95,2.95,2.95,0
2011-09-07,2.95,2.95,2.95,2.95,4000
2011-09-08,2.95,2.95,2.95,2.95,0
2011-09-09,2.95,2.95,2.95,2.95,3200
2011-09-12,2.95,2.95,2.95,2.95,0
2011-09-13,2.95,2.95,2.95,2.95,0
2011-09-14,2.95,2.95,2.95,2.95,0
2011-09-15,2.95,2.95,2.95,2.95,0
2011-09-16,2.95,2.95,2.95,2.95,0
2011-09-19,2.66,2.66,2.66,2.66,2100
2011-09-20,2.66,2.66,2.66,2.66,0
2011-09-21,2.66,2.66,2.66,2.66,0
2011-09-22,2.66,2.66,2.66,2.66,0
2011-09-23,2.92,2.92,2.92,2.92,100
2011-09-26,2.95,2.95,2.95,2.95,2000
2011-09-27,2.95,2.95,2.95,2.95,0
2011-09-28,2.95,2.95,2.95,2.95,0
2011-09-29,2.95,2.95,2.95,2.95,1700
2011-09-30,2.95,3.04,2.66,2.66,89000
2011-10-03,2.69,2.69,2.69,2.69,2300
2011-10-04,2.69,2.69,2.69,2.69,0
2011-10-05,2.95,2.95,2.95,2.95,1000
2011-10-06,2.95,2.95,2.95,2.95,0
2011-10-07,2.95,2.95,2.95,2.95,0
2011-10-10,2.95,2.95,2.95,2.95,2000
2011-10-11,2.95,2.95,2.95,2.95,0
2011-10-12,2.95,2.95,2.95,2.95,0
2011-10-13,2.95,2.95,2.95,2.95,0
2011-10-14,2.95,2.95,2.95,2.95,0
2011-10-17,2.95,2.95,2.95,2.95,0
2011-10-18,2.95,2.95,2.95,2.95,0
2011-10-19,2.95,2.95,2.95,2.95,0
2011-10-20,2.95,2.95,2.95,2.95,0
2011-10-21,2.95,2.95,2.95,2.95,0
2011-10-24,2.95,2.95,2.95,2.95,400
2011-10-25,2.95,2.95,2.95,2.95,0
2011-10-26,2.74,2.74,2.74,2.74,100
2011-10-27,2.74,2.74,2.74,2.74,0
2011-10-28,2.74,2.74,2.74,2.74,0
2011-10-31,3.01,3.01,2.74,2.74,800
2011-11-01,2.95,2.95,2.95,2.95,200
2011-11-02,2.95,2.95,2.95,2.95,300
2011-11-03,2.95,2.95,2.95,2.95,0
2011-11-04,2.95,2.95,2.95,2.95,500
2011-11-07,2.95,2.95,2.95,2.95,400
2011-11-08,2.95,2.95,2.95,2.95,0
2011-11-09,2.95,2.95,2.95,2.95,1200
2011-11-10,2.95,3.01,2.95,3.01,6400
2011-11-11,2.98,3.01,3.01,3.01,0
2011-11-14,2.98,3.01,3.01,3.01,0
2011-11-15,3.01,3.1,3.01,3.1,1600
2011-11-16,3.04,3.1,3.1,3.1,0
2011-11-17,3.04,3.04,3.04,3.04,800
2011-11-18,3.04,3.04,3.04,3.04,0
2011-11-21,3.04,3.04,3.04,3.04,0
2011-11-22,3.04,3.04,3.04,3.04,0
2011-11-23,3.04,3.04,3.04,3.04,0
2011-11-24,3.04,3.04,3.04,3.04,500
2011-11-25,3.01,3.01,3.01,3.01,1500
2011-11-28,3.01,3.01,3.01,3.01,0
2011-11-29,2.74,3.01,3.01,3.01,0
2011-11-30,2.74,3.01,3.01,3.01,0
2011-12-01,2.95,2.95,2.95,2.95,1300
2011-12-02,2.95,2.95,2.95,2.95,0
2011-12-05,2.95,2.95,2.95,2.95,600
2011-12-06,2.95,2.95,2.95,2.95,0
2011-12-07,2.95,3.13,2.95,3.13,14300
2011-12-08,3.1,3.13,3.13,3.13,0
2011-12-09,3.07,3.07,3.07,3.07,800
2011-12-12,2.95,2.95,2.95,2.95,1800
2011-12-13,3.25,3.25,2.95,2.95,300
2011-12-14,3.39,3.39,3.39,3.39,33000
2011-12-15,3.07,3.07,3.07,3.07,7000
2011-12-16,3.31,3.31,3.31,3.31,300
2011-12-19,3.31,3.31,3.31,3.31,0
2011-12-20,3.1,3.1,3.1,3.1,1300
2011-12-21,3.25,3.25,3.25,3.25,200
2011-12-22,3.1,3.25,3.1,3.25,4000
2011-12-23,3.13,3.25,3.25,3.25,0
2011-12-26,3.42,3.42,3.42,3.42,300
2011-12-27,3.42,3.42,3.42,3.42,0
2011-12-28,3.42,3.42,3.42,3.42,0
2011-12-29,3.42,3.42,3.42,3.42,0
2011-12-30,3.69,3.69,3.54,3.69,2900
2012-01-03,3.57,3.69,3.69,3.69,0
2012-01-04,3.57,3.69,3.69,3.69,0
2012-01-05,3.57,3.69,3.69,3.69,0
2012-01-06,3.57,3.69,3.69,3.69,0
2012-01-09,3.57,3.69,3.69,3.69,0
2012-01-10,3.57,3.69,3.69,3.69,0
2012-01-11,3.57,3.69,3.69,3.69,0
2012-01-12,3.57,3.69,3.69,3.69,0
2012-01-16,3.22,3.22,3.22,3.22,900
2012-01-17,2.98,3.1,2.98,3.1,1800
2012-01-18,3.28,3.28,3.1,3.1,1400
2012-01-19,3.19,3.1,3.1,3.1,0
2012-01-20,3.25,3.25,3.25,3.25,1000
2012-01-30,3.25,3.25,3.25,3.25,0
2012-01-31,3.25,3.25,3.25,3.25,0
2012-02-01,3.25,3.25,3.25,3.25,0
2012-02-02,3.25,3.25,3.25,3.25,0
2012-02-03,3.25,3.25,3.25,3.25,0
2012-02-06,3.1,3.1,3.1,3.1,1000
2012-02-07,3.1,3.1,3.1,3.1,5000
2012-02-08,3.13,3.13,3.1,3.1,5600
2012-02-09,3.16,3.16,3.1,3.1,2800
2012-02-10,3.1,3.1,3.01,3.01,700
2012-02-13,3.07,3.01,3.01,3.01,0
2012-02-14,3.07,3.01,3.01,3.01,0
2012-02-15,3.07,3.07,3.07,3.07,2600
2012-02-16,3.07,3.07,3.07,3.07,0
2012-02-17,3.07,3.07,3.07,3.07,0
2012-02-20,3.07,3.07,3.07,3.07,0
2012-02-21,3.07,3.07,3.07,3.07,0
2012-02-22,3.07,3.07,3.07,3.07,0
2012-02-23,3.25,3.25,3.25,3.25,500
2012-02-24,3.25,3.25,3.25,3.25,0
2012-02-27,3.25,3.25,3.25,3.25,500
2012-02-28,3.25,3.25,3.25,3.25,0
2012-02-29,3.25,3.25,3.25,3.25,0
2012-03-01,3.25,3.25,3.25,3.25,600
2012-03-02,3.25,3.25,3.25,3.25,0
2012-03-05,3.25,3.25,3.25,3.25,1500
2012-03-06,3.25,3.25,3.25,3.25,0
2012-03-07,3.25,3.25,3.25,3.25,0
2012-03-08,3.25,3.25,3.25,3.25,0
2012-03-09,3.39,3.57,3.39,3.57,2700
2012-03-12,3.69,3.75,3.69,3.75,6300
2012-03-13,3.75,3.75,3.75,3.75,0
2012-03-14,3.75,3.75,3.75,3.75,0
2012-03-15,4.1,4.1,4.1,4.1,2000
2012-03-16,4.1,4.19,4.1,4.19,1200
2012-03-19,4.19,4.19,4.19,4.19,0
2012-03-20,4.1,4.1,4.1,4.1,1800
2012-03-21,4.19,4.49,4.19,4.49,4100
2012-03-22,4.43,4.57,4.43,4.49,11500
2012-03-23,4.52,4.81,4.52,4.57,3900
2012-03-26,5.02,5.08,5.02,5.08,7500
2012-03-27,5.31,5.31,4.52,4.52,2800
2012-03-28,4.55,4.55,4.55,4.55,700
2012-03-29,4.57,4.57,4.57,4.57,1200
2012-03-30,4.72,4.72,4.72,4.72,4700
2012-04-03,4.72,4.75,4.72,4.75,4100
2012-04-04,4.75,4.81,4.72,4.81,9400
2012-04-05,4.13,4.81,4.81,4.81,0
2012-04-06,3.93,3.93,3.87,3.87,2500
2012-04-09,3.9,3.9,3.9,3.9,600
2012-04-10,3.54,3.54,3.54,3.54,100
2012-04-11,3.54,3.54,3.54,3.54,0
2012-04-12,3.54,3.54,3.54,3.54,0
2012-04-13,3.54,3.54,3.54,3.54,0
2012-04-16,3.6,3.9,3.6,3.9,2200
2012-04-17,4.1,4.1,4.1,4.1,100
2012-04-18,4.43,4.49,4.43,4.49,3500
2012-04-19,4.87,4.87,4.87,4.87,3000
2012-04-20,4.4,4.4,4.4,4.4,1200
2012-04-23,4.4,4.4,4.4,4.4,0
2012-04-24,4.52,4.57,4.43,4.57,6600
2012-04-25,4.57,4.57,4.49,4.52,3200
2012-04-26,4.49,4.69,4.49,4.55,3700
2012-04-27,4.57,4.57,4.4,4.4,1300
2012-05-02,4.57,4.96,4.57,4.96,7600
2012-05-03,4.63,4.63,4.6,4.6,1000
2012-05-04,4.72,4.72,4.72,4.72,700
2012-05-07,4.75,4.75,4.72,4.72,1600
2012-05-08,4.81,4.81,4.81,4.81,1600
2012-05-09,5.02,5.02,5.02,5.02,1200
2012-05-10,5.02,5.02,5.02,5.02,0
2012-05-11,4.55,4.55,4.55,4.55,100
2012-05-14,4.13,4.57,4.13,4.57,300
2012-05-15,4.01,4.87,4.01,4.87,1900
2012-05-16,4.57,4.57,4.57,4.57,100
2012-05-17,4.57,4.57,4.57,4.57,100
2012-05-18,4.6,4.6,4.16,4.16,1400
2012-05-21,4.66,4.66,4.66,4.66,900
2012-05-22,4.25,4.66,4.25,4.66,1200
2012-05-23,4.87,4.9,4.87,4.9,1000
2012-05-24,4.6,4.6,4.6,4.6,100
2012-05-25,4.87,4.87,4.72,4.72,17000
2012-05-28,4.28,4.87,4.28,4.87,3700
2012-05-29,4.81,4.87,4.81,4.87,1100
2012-05-30,4.87,4.87,4.87,4.87,1000
2012-05-31,4.87,4.9,4.81,4.9,1600
2012-06-01,4.87,4.9,4.9,4.9,0
2012-06-04,4.4,4.87,4.4,4.81,400
2012-06-05,4.78,4.78,4.78,4.78,100
2012-06-06,4.46,4.46,4.46,4.46,100
2012-06-07,4.72,4.81,4.52,4.52,4300
2012-06-08,4.72,4.72,4.72,4.72,2000
2012-06-11,4.25,4.25,4.25,4.25,100
2012-06-12,4.66,4.66,4.66,4.66,800
2012-06-13,4.49,4.87,4.46,4.87,7600
2012-06-14,4.72,4.72,4.72,4.72,300
2012-06-15,4.78,4.78,4.78,4.78,1000
2012-06-18,4.81,4.87,4.81,4.87,1400
2012-06-19,4.93,4.93,4.93,4.93,1200
2012-06-20,4.87,4.93,4.87,4.93,1100
2012-06-21,5.02,5.02,5.02,5.02,200
2012-06-22,4.96,4.96,4.96,4.96,900
2012-06-25,4.99,5.02,4.99,4.99,1600
2012-06-26,5.02,5.02,4.96,5.02,8100
2012-06-27,4.6,4.93,4.6,4.87,1300
2012-06-28,4.9,4.9,4.87,4.87,1200
2012-06-29,4.87,4.87,4.87,4.87,0
2012-07-02,4.87,4.87,4.72,4.87,1400
2012-07-03,4.87,5.02,4.87,5.02,3700
2012-07-04,4.99,5.02,5.02,5.02,0
2012-07-05,4.99,5.02,5.02,5.02,0
2012-07-06,5.02,5.08,5.02,5.08,1700
2012-07-09,4.96,4.99,4.93,4.93,4800
2012-07-10,4.93,4.93,4.93,4.93,900
2012-07-11,4.99,5.31,4.99,5.31,4900
2012-07-12,5.02,5.31,5.31,5.31,0
2012-07-13,5.08,5.11,5.08,5.11,500
2012-07-16,5.02,5.31,5.02,5.31,3000
2012-07-17,5.31,5.43,5.31,5.43,3700
2012-07-18,5.17,5.49,5.17,5.49,4300
2012-07-19,5.4,5.52,5.37,5.52,5000
2012-07-20,5.58,5.61,5.58,5.61,5500
2012-07-23,5.31,5.31,5.31,5.31,1000
2012-07-24,5.52,5.52,5.52,5.52,500
2012-07-25,5.52,5.61,5.52,5.61,5900
2012-07-26,5.4,5.46,5.34,5.46,3200
2012-07-27,5.4,5.61,5.31,5.61,11700
2012-07-30,5.31,5.46,5.31,5.46,5700
2012-07-31,5.61,5.64,5.49,5.61,7600
2012-08-01,5.64,5.64,5.61,5.61,2200
2012-08-02,5.64,5.64,5.61,5.61,3300
2012-08-03,5.61,5.9,5.61,5.9,6700
2012-08-06,6.05,6.26,6.05,6.26,1200
2012-08-07,6.35,6.76,6.35,6.76,3400
2012-08-08,7.23,7.23,7.23,7.23,3100
2012-08-09,7.67,7.7,7.67,7.67,2400
2012-08-10,7.79,7.79,7.67,7.67,1200
2012-08-13,7.38,7.38,6.94,6.94,4500
2012-08-14,7.08,7.08,6.46,6.46,2400
2012-08-15,6.82,6.82,6.35,6.35,1800
2012-08-16,6.49,6.49,6.35,6.4,1000
2012-08-17,6.64,6.73,6.64,6.64,11800
2012-08-20,5.9,5.9,5.22,5.25,1600
2012-08-21,5.58,5.87,5.22,5.22,5100
2012-08-22,5.61,5.76,5.61,5.76,3900
2012-08-23,5.31,5.49,5.17,5.49,3700
2012-08-24,5.37,5.49,5.49,5.49,0
2012-08-27,5.49,5.73,5.49,5.61,4700
2012-08-28,5.7,5.76,5.7,5.76,6900
2012-08-29,5.52,5.76,5.52,5.76,4200
2012-08-30,5.76,5.81,5.76,5.81,4300
2012-08-31,5.84,5.84,5.84,5.84,2100
2012-09-04,5.84,5.84,5.76,5.76,1100
2012-09-05,5.78,5.78,5.78,5.78,2500
2012-09-06,5.9,5.9,5.81,5.81,400
2012-09-07,5.76,5.9,5.76,5.9,2000
2012-09-10,5.78,5.84,5.78,5.84,1700
2012-09-11,6.02,6.02,6.02,6.02,1000
2012-09-12,6.08,6.08,6.08,6.08,100
2012-09-13,6.14,6.2,6.14,6.2,1900
2012-09-14,6.2,6.2,6.2,6.2,0
2012-09-17,6.2,6.26,6.2,6.26,1000
2012-09-18,6.26,6.49,6.26,6.49,2300
2012-09-19,6.49,6.55,6.49,6.55,2100
2012-09-20,6.52,6.64,6.52,6.55,2800
2012-09-21,6.64,6.64,6.64,6.64,300
2012-09-24,6.64,6.64,6.64,6.64,0
2012-09-25,6.64,6.64,6.64,6.64,0
2012-09-26,6.64,6.64,6.64,6.64,0
2012-09-27,6.64,6.64,6.64,6.64,1000
2012-09-28,6.64,6.64,6.64,6.64,0
2012-10-01,6.64,6.64,6.64,6.64,1300
2012-10-02,6.64,6.64,6.64,6.64,0
2012-10-03,6.64,6.64,6.64,6.64,400
2012-10-04,6.55,6.64,6.55,6.64,2500
2012-10-05,6.58,6.64,6.64,6.64,0
2012-10-08,6.64,6.64,6.64,6.64,2500
2012-10-09,6.64,6.64,6.64,6.64,0
2012-10-10,6.49,6.49,6.49,6.49,100
2012-10-11,6.7,6.7,6.7,6.7,100
2012-10-12,6.79,6.79,6.79,6.79,100
2012-10-15,7.08,7.11,7.08,7.11,1000
2012-10-16,7.14,7.38,7.14,7.38,14100
2012-10-17,7.38,7.38,7.38,7.38,2600
2012-10-18,7.38,7.38,7.38,7.38,0
2012-10-19,7.38,7.38,7.08,7.23,7200
2012-10-22,7.29,7.38,7.23,7.23,1100
2012-10-23,7.29,7.23,7.23,7.23,0
2012-10-24,7.2,7.38,7.2,7.38,1500
2012-10-25,7.23,7.38,7.38,7.38,0
2012-10-26,7.29,7.73,7.23,7.73,12600
2012-10-29,7.67,7.82,7.67,7.82,4400
2012-10-30,7.7,7.82,7.82,7.82,0
2012-10-31,7.56,7.56,7.56,7.56,3200
2012-11-01,7.56,7.56,7.56,7.56,0
2012-11-02,7.56,7.97,7.56,7.56,12400
2012-11-05,7.91,7.56,7.56,7.56,0
2012-11-06,7.53,7.97,7.53,7.97,1000
2012-11-07,7.41,7.53,7.41,7.53,1500
2012-11-08,7.61,7.61,7.61,7.61,500
2012-11-09,7.61,7.61,7.61,7.61,0
2012-11-12,7.61,7.61,7.61,7.61,200
2012-11-13,7.67,7.67,7.67,7.67,2000
2012-11-14,7.67,7.7,7.67,7.7,1200
2012-11-15,7.7,7.7,7.7,7.7,100
2012-11-16,7.7,7.7,7.7,7.7,0
2012-11-19,7.7,7.7,7.7,7.7,0
2012-11-20,7.7,7.7,7.7,7.7,0
2012-11-21,7.73,7.73,7.73,7.73,1000
2012-11-22,7.73,7.73,7.73,7.73,0
2012-11-23,7.82,8.06,7.82,8.06,8000
2012-11-26,8.12,8.71,8.12,8.71,2500
2012-11-27,8.71,8.71,8.56,8.59,4400
2012-11-28,8.59,8.59,8.59,8.59,0
2012-11-29,7.82,8.5,7.82,8.5,300
2012-11-30,8.26,8.53,7.29,8.5,3600
2012-12-03,8.5,8.5,8.5,8.5,100
2012-12-04,8.5,8.5,8.5,8.5,0
2012-12-05,8.5,8.85,8.5,8.85,7000
2012-12-06,7.97,7.97,7.97,7.97,100
2012-12-07,7.97,7.97,7.97,7.97,0
2012-12-10,7.53,7.53,7.53,7.53,1000
2012-12-11,7.53,7.53,7.53,7.53,0
2012-12-12,6.82,6.82,6.79,6.82,500
2012-12-13,7.5,7.5,7.5,7.5,600
2012-12-14,7.5,7.5,7.5,7.5,0
2012-12-17,7.5,7.5,7.5,7.5,0
2012-12-18,7.5,7.5,7.5,7.5,0
2012-12-19,7.97,7.97,7.97,7.97,200
2012-12-20,7.97,7.97,7.97,7.97,0
2012-12-21,7.97,7.97,7.97,7.97,0
2012-12-24,7.23,7.23,7.17,7.17,800
2012-12-25,7.2,7.17,7.17,7.17,0
2012-12-26,7.2,7.17,7.17,7.17,0
2012-12-27,7.2,7.2,6.79,6.79,400
2012-12-28,7.11,6.79,6.79,6.79,0
2013-01-02,7.11,6.79,6.79,6.79,0
2013-01-03,7.38,7.38,7.38,7.38,900
2013-01-04,7.38,7.38,7.38,7.38,0
2013-01-07,7.38,7.38,7.38,7.38,4000
2013-01-08,7.38,7.67,7.38,7.67,2200
2013-01-09,7.41,7.41,7.38,7.38,200
2013-01-10,7.41,7.38,7.38,7.38,0
2013-01-11,7.41,7.38,7.38,7.38,0
2013-01-14,7.41,7.38,7.38,7.38,0
2013-01-15,7.53,7.67,7.53,7.67,1100
2013-01-16,7.59,7.59,7.56,7.56,1000
2013-01-17,7.56,7.56,7.56,7.56,400
2013-01-18,7.56,7.56,7.56,7.56,0
2013-01-21,7.56,7.56,7.38,7.38,2800
2013-01-22,7.5,7.38,7.38,7.38,0
2013-01-23,7.5,7.38,7.38,7.38,0
2013-01-24,7.44,7.5,7.44,7.5,800
2013-01-25,7.5,7.5,7.5,7.5,0
2013-01-28,7.5,7.5,7.5,7.5,0
2013-01-29,7.53,7.53,7.53,7.53,200
2013-01-30,6.79,7.14,6.79,7.14,3000
2013-01-31,6.82,7.14,7.14,7.14,0
2013-02-01,7.11,7.11,7.11,7.11,100
2013-02-04,7.11,7.11,7.11,7.11,0
2013-02-05,7.11,7.11,7.11,7.11,0
2013-02-06,7.11,7.11,7.11,7.11,0
2013-02-07,7.11,7.11,7.11,7.11,0
2013-02-08,7.11,7.11,7.11,7.11,0
2013-02-18,7.11,7.11,7.11,7.11,0
2013-02-19,7.23,7.23,7.23,7.23,500
2013-02-20,7.67,7.67,7.67,7.67,300
2013-02-21,7.67,7.67,7.67,7.67,0
2013-02-22,7.64,7.64,7.64,7.64,200
2013-02-25,7.53,7.53,7.44,7.44,600
2013-02-26,7.38,7.38,7.38,7.38,100
2013-02-27,7.35,7.35,7.35,7.35,100
2013-02-28,7.35,7.35,7.35,7.35,0
2013-03-01,7.08,7.08,7.08,7.08,5500
2013-03-04,7.05,7.05,6.4,6.4,900
2013-03-05,6.61,6.4,6.4,6.4,0
2013-03-06,6.61,6.4,6.4,6.4,0
2013-03-07,6.61,6.4,6.4,6.4,0
2013-03-08,6.61,6.4,6.4,6.4,0
2013-03-11,7.26,7.26,7.26,7.26,4000
2013-03-12,7.35,7.35,7.35,7.35,1000
2013-03-13,7.38,7.38,7.35,7.35,600
2013-03-14,7.38,7.35,7.35,7.35,0
2013-03-15,7.38,7.67,7.38,7.67,1200
2013-03-18,7.38,7.53,7.38,7.53,4000
2013-03-19,7.38,7.67,7.38,7.67,2900
2013-03-20,7.64,7.67,7.67,7.67,0
2013-03-21,7.64,7.67,7.67,7.67,0
2013-03-22,7.41,7.41,7.41,7.41,3000
2013-03-25,7.41,7.41,7.41,7.41,0
2013-03-26,7.08,7.53,7.08,7.53,5600
2013-03-27,7.38,7.38,7.38,7.38,800
2013-03-28,7.38,7.38,7.38,7.38,0
2013-03-29,7.32,7.32,7.32,7.32,4000
2013-04-01,7.29,7.44,7.26,7.44,1800
2013-04-02,7.38,7.44,7.44,7.44,0
2013-04-03,7.53,7.53,7.38,7.38,6000
2013-04-04,7.53,7.53,7.53,7.53,1400
2013-04-05,7.53,7.53,7.53,7.53,200
2013-04-08,7.44,7.44,7.44,7.44,1800
2013-04-09,7.53,7.59,7.5,7.59,7600
2013-04-10,7.41,7.41,7.41,7.41,1000
2013-04-11,7.38,7.38,7.38,7.38,1200
2013-04-12,7.38,7.38,7.38,7.38,0
2013-04-15,7.32,7.47,7.32,7.47,3300
2013-04-16,7.38,7.47,7.38,7.47,600
2013-04-17,7.53,7.53,7.38,7.38,1400
2013-04-18,7.47,7.47,7.47,7.47,600
2013-04-22,7.47,7.47,7.47,7.47,0
2013-04-23,7.47,7.47,7.47,7.47,500
2013-04-24,7.47,7.47,7.47,7.47,2300
2013-04-25,7.47,7.47,7.47,7.47,0
2013-04-26,7.47,7.53,7.38,7.53,5100
2013-05-02,7.47,7.47,7.47,7.47,0
2013-05-03,7.47,7.47,7.47,7.47,0
2013-05-06,7.5,7.47,7.47,7.47,0
2013-05-07,7.38,7.47,7.47,7.47,0
2013-05-08,7.47,7.41,7.41,7.41,0
2013-05-09,7.47,7.47,7.47,7.47,0
2013-05-10,7.5,7.67,7.67,7.67,0
2013-05-13,7.59,7.67,7.67,7.67,0
2013-05-14,7.59,7.67,7.67,7.67,0
2013-05-15,7.59,7.67,7.67,7.67,0
2013-05-16,7.38,7.53,7.53,7.53,0
2013-05-17,7.67,7.67,7.67,7.67,0
2013-05-20,7.67,7.67,7.67,7.67,0
2013-05-21,7.67,7.7,7.7,7.7,0
2013-05-22,7.67,7.67,7.67,7.67,0
2013-05-23,7.97,7.97,7.97,7.97,0
2013-05-24,7.97,7.97,7.97,7.97,0
2013-05-27,8.26,8.71,8.71,8.71,0
2013-05-28,8.56,8.56,8.56,8.56,0
2013-05-29,9.09,9.09,9.09,9.09,0
2013-05-30,8.71,8.59,8.59,8.59,0
2013-05-31,8.71,8.71,8.71,8.71,0
2013-06-03,8.56,8.56,8.56,8.56,0
2013-06-04,8.26,8.26,8.26,8.26,0
2013-06-05,8.26,8.26,8.26,8.26,0
2013-06-06,8.29,8.29,8.29,8.29,0
2013-06-07,8.29,8.29,8.29,8.29,0
2013-06-10,8.12,8.12,8.12,8.12,0
2013-06-11,8.12,8.12,8.12,8.12,0
2013-06-12,8.26,8.26,8.26,8.26,0
2013-06-13,8.56,8.41,8.41,8.41,0
2013-06-14,8.32,8.26,8.26,8.26,0
2013-06-17,8.26,8.26,8.26,8.26,0
2013-06-18,8.26,8.26,8.26,8.26,0
2013-06-19,8.56,8.56,8.56,8.56,0
2013-06-20,8.56,8.56,8.56,8.56,0
2013-06-21,8.56,8.56,8.56,8.56,0
2013-06-24,8.56,8.56,8.56,8.56,0
2013-06-25,8.56,8.56,8.56,8.56,0
2013-06-26,8.12,8.56,8.56,8.56,0
2013-06-27,8.26,8.26,8.26,8.26,0
2013-06-28,7.97,7.97,7.97,7.97,0
2013-07-01,7.97,7.97,7.97,7.97,0
2013-07-02,7.97,8.03,8.03,8.03,0
2013-07-03,7.97,7.97,7.97,7.97,0
2013-07-04,8.03,8.03,8.03,8.03,0
2013-07-05,8.03,8.03,8.03,8.03,0
2013-07-08,8.03,8.03,8.03,8.03,0
2013-07-09,8.12,8.12,8.12,8.12,0
2013-07-10,8.29,8.29,8.29,8.29,0
2013-07-11,8.29,8.29,8.29,8.29,0
2013-07-12,8.15,8.26,8.26,8.26,0
2013-07-15,8.12,8.12,8.12,8.12,0
2013-07-16,8.12,8.12,8.12,8.12,0
2013-07-17,8.12,8.12,8.12,8.12,0
2013-07-18,7.82,7.82,7.82,7.82,0
2013-07-19,7.82,7.82,7.82,7.82,0
2013-07-22,7.85,7.85,7.85,7.85,0
2013-07-23,7.85,7.85,7.85,7.85,0
2013-07-24,7.85,7.85,7.85,7.85,0
2013-07-25,7.85,7.85,7.85,7.85,0
2013-07-26,7.85,7.85,7.85,7.85,0
2013-07-29,7.97,7.97,7.97,7.97,500
2013-07-30,7.97,7.97,7.97,7.97,800
2013-07-31,7.97,7.97,7.67,7.67,2800
2013-08-01,7.7,7.7,7.7,7.7,300
2013-08-02,7.7,7.7,7.7,7.7,0
2013-08-05,7.82,7.91,7.82,7.91,1100
2013-08-06,7.82,7.82,7.82,7.82,100
2013-08-07,7.91,7.91,7.91,7.91,2000
2013-08-08,8.26,8.26,8.26,8.26,2000
2013-08-09,8.12,8.12,7.53,8.12,1700
2013-08-12,8.12,8.12,8.12,8.12,0
2013-08-13,8.26,8.26,8.26,8.26,200
2013-08-14,8.26,8.26,8.26,8.26,0
2013-08-15,8.41,8.41,8.35,8.41,1000
2013-08-16,8.29,8.29,8.29,8.29,200
2013-08-19,8.29,8.29,8.29,8.29,0
2013-08-20,8.29,8.29,8.29,8.29,0
2013-08-21,8.41,8.41,8.41,8.41,2500
2013-08-22,8.12,8.12,8.12,8.12,1200
2013-08-23,8.12,8.12,8.12,8.12,1300
2013-08-26,8.12,8.12,8.12,8.12,0
2013-08-27,8.12,8.12,8.12,8.12,1600
2013-08-28,8.12,8.12,8.12,8.12,1500
2013-08-29,8.12,8.12,8.12,8.12,0
2013-08-30,8.12,8.12,8.12,8.12,0
2013-09-03,8.12,8.12,8.12,8.12,0
2013-09-04,7.97,7.97,7.91,7.97,1900
2013-09-05,7.91,7.94,7.91,7.91,2100
2013-09-06,7.91,7.91,7.91,7.91,0
2013-09-09,7.91,7.91,7.91,7.91,0
2013-09-10,7.91,7.91,7.91,7.91,1100
2013-09-11,7.91,7.91,7.91,7.91,0
2013-09-12,7.88,8.12,7.88,8.12,11000
2013-09-13,8.12,8.12,8.12,8.12,0
2013-09-16,8.12,8.12,8.12,8.12,0
2013-09-17,8.26,8.26,8.26,8.26,2000
2013-09-18,8.26,8.26,8.26,8.26,1400
2013-09-19,8.26,8.26,8.26,8.26,0
2013-09-20,8.23,8.23,8.23,8.23,1000
2013-09-23,8.23,8.23,8.23,8.23,600
2013-09-24,8.23,8.23,8.23,8.23,0
2013-09-25,8.29,8.29,8.29,8.29,1000
2013-09-26,8.29,8.29,8.29,8.29,0
2013-09-27,7.97,8.03,7.97,8.03,4600
2013-09-30,8.06,8.12,8.03,8.12,1800
2013-10-01,8.03,8.03,8.03,8.03,200
2013-10-02,8.03,8.12,7.94,7.94,6200
2013-10-03,8.03,8.03,7.97,7.97,800
2013-10-04,7.97,7.97,7.97,7.97,0
2013-10-07,8.03,8.03,7.73,7.73,7700
2013-10-08,7.97,7.97,7.94,7.97,10800
2013-10-09,7.97,7.97,7.97,7.97,5000
2013-10-10,7.97,7.97,7.97,7.97,5700
2013-10-11,7.85,7.85,7.7,7.76,14600
2013-10-14,7.82,7.82,7.82,7.82,2900
2013-10-15,7.82,7.82,7.82,7.82,0
2013-10-16,7.79,7.79,7.79,7.79,1000
2013-10-17,7.73,7.73,7.7,7.7,900
2013-10-18,7.67,7.67,6.97,7.67,3500
2013-10-21,7.67,7.67,7.59,7.67,1600
2013-10-22,7.56,7.56,7.38,7.56,7000
2013-10-23,7.56,7.56,7.56,7.56,0
2013-10-24,7.64,7.67,7.64,7.67,1800
2013-10-25,7.73,7.73,7.14,7.14,200
2013-10-28,7.26,7.26,7.26,7.26,100
2013-10-29,7.29,7.64,7.14,7.64,1800
2013-10-30,7.61,7.67,7.61,7.67,420
2013-10-31,7.73,7.73,7.73,7.73,2000
2013-11-01,7.73,7.73,7.73,7.73,1017
2013-11-04,7.73,7.73,7.73,7.73,10
2013-11-05,7.73,7.73,7.73,7.73,500
2013-11-06,7.44,7.44,7.44,7.44,200
2013-11-07,7.56,7.56,7.53,7.53,1500
2013-11-08,7.59,7.59,7.59,7.59,200
2013-11-11,7.61,7.61,7.61,7.61,800
2013-11-12,7.61,7.61,7.61,7.61,0
2013-11-13,7.61,7.61,7.61,7.61,0
2013-11-14,7.79,7.79,7.79,7.79,200
2013-11-15,7.85,7.85,7.85,7.85,1600
2013-11-18,7.85,7.85,7.85,7.85,900
2013-11-19,7.91,7.97,7.91,7.97,400
2013-11-20,8.12,8.56,8.12,8.29,2500
2013-11-21,8.41,8.56,8.41,8.56,2100
2013-11-22,8.56,8.56,8.56,8.48,21
2013-11-25,8.5,8.5,8.41,8.47,1500
2013-11-26,8.5,8.5,8.41,8.41,1600
2013-11-27,7.85,7.85,7.85,7.85,1000
2013-11-28,7.91,7.91,7.91,7.91,200
2013-11-29,7.82,7.82,7.67,7.67,1100
2013-12-02,7.85,7.85,7.85,7.85,1200
2013-12-03,7.97,7.97,7.97,7.97,400
2013-12-04,7.97,8.03,7.97,8.03,1700
2013-12-05,8.03,8.03,8.03,8.03,0
2013-12-06,8.12,8.12,8.12,8.12,1200
2013-12-09,8.12,8.12,8.12,8.12,0
2013-12-10,7.85,7.85,7.82,7.82,1500
2013-12-11,8.12,8.12,8.12,8.12,500
2013-12-12,8.15,8.15,8.12,8.12,700
2013-12-13,8.26,8.41,8.26,8.41,1300
2013-12-16,8.26,8.26,8.26,8.26,1000
2013-12-17,8.26,8.26,8.26,8.26,0
2013-12-18,8.41,8.41,8.41,8.41,300
2013-12-19,8.41,8.41,8.41,8.41,0
2013-12-20,8.41,8.41,8.41,8.41,0
2013-12-23,8.12,8.12,8.12,8.12,400
2013-12-24,8.15,8.15,8.15,8.15,600
2013-12-25,8.41,8.41,8.41,8.41,900
2013-12-26,8.41,8.41,8.41,8.41,0
2013-12-27,8.41,8.41,8.41,8.41,0
2013-12-30,8.41,8.41,8.41,8.41,0
2013-12-31,8.41,8.41,8.41,8.41,0
2014-01-02,8.18,8.26,8.18,8.26,900
2014-01-03,8.21,8.26,8.21,8.26,200
2014-01-06,8.12,8.12,8.12,8.12,100
2014-01-07,8.18,8.18,8.12,8.12,1200
2014-01-08,8.18,8.18,8.18,8.18,500
2014-01-09,8.18,8.35,8.18,8.26,2800
2014-01-10,8.26,8.29,8.26,8.29,5300
2014-01-13,8.29,8.29,8.29,8.29,800
2014-01-14,8.41,8.56,8.41,8.56,5700
2014-01-15,8.53,8.56,8.03,8.56,2200
2014-01-16,8.56,8.56,8.56,8.56,0
2014-01-17,8.56,8.56,8.56,8.56,0
2014-01-20,8.38,8.47,8.38,8.41,12000
2014-01-21,8.38,8.38,8.38,8.38,600
2014-01-22,8.35,8.47,8.35,8.38,2300
2014-01-23,8.38,8.38,8.38,8.38,0
2014-01-24,8.47,8.47,8.44,8.44,3400
2014-01-27,8.53,8.53,8.53,8.53,300
2014-02-06,8.53,8.53,8.53,8.53,0
2014-02-07,8.85,8.85,8.85,8.85,2100
2014-02-10,8.85,8.85,8.85,8.85,1000
2014-02-11,8.56,8.56,8.56,8.56,1900
2014-02-12,8.56,8.56,8.56,8.56,0
2014-02-13,8.56,8.56,8.56,8.56,0
2014-02-14,8.56,8.56,8.56,8.56,0
2014-02-17,8.85,8.85,8.56,8.56,2100
2014-02-18,8.85,8.97,8.85,8.85,3100
2014-02-19,8.71,8.85,8.56,8.8,1900
2014-02-20,8.85,8.85,8.85,8.85,6100
2014-02-21,8.85,8.85,8.85,8.85,0
2014-02-24,9.0,9.0,8.91,8.91,2100
2014-02-25,8.85,8.91,8.85,8.85,7500
2014-02-26,8.85,8.85,8.85,8.85,12300
2014-02-27,8.85,8.88,8.85,8.88,3200
2014-02-28,8.88,8.88,8.88,8.88,7700
2014-03-03,8.88,8.88,8.85,8.88,3100
2014-03-04,8.85,8.85,8.85,8.85,100
2014-03-05,9.15,9.74,9.15,9.74,4000
2014-03-06,9.74,10.03,9.74,10.03,3500
2014-03-07,10.03,10.03,10.03,10.03,2000
2014-03-10,10.09,10.09,10.09,10.09,1500
2014-03-11,10.03,10.03,9.68,9.74,2300
2014-03-12,9.44,9.44,9.3,9.3,5800
2014-03-13,9.44,9.44,9.33,9.44,7900
2014-03-14,9.44,10.33,9.44,10.33,39300
2014-03-17,10.63,10.63,10.39,10.39,4546
2014-03-18,10.63,10.63,10.51,10.6,4900
2014-03-19,10.42,10.42,10.18,10.27,6400
2014-03-20,9.59,9.59,9.3,9.59,8200
2014-03-21,8.85,9.3,8.85,9.21,33700
2014-03-24,9.15,9.33,9.15,9.15,9100
2014-03-25,9.15,9.15,9.15,9.15,2500
2014-03-26,9.15,9.15,9.15,9.15,2400
2014-03-27,9.15,9.18,9.15,9.15,6000
2014-03-28,9.15,9.15,9.15,9.15,0
2014-03-31,9.15,9.44,9.15,9.44,2400
2014-04-01,9.12,9.12,9.12,9.12,500
2014-04-02,9.15,9.15,9.15,9.15,6300
2014-04-03,9.3,9.3,9.3,9.3,1000
2014-04-04,9.3,9.3,9.15,9.15,1800
2014-04-07,9.3,9.3,9.03,9.03,3100
2014-04-08,9.3,9.44,9.3,9.44,3100
2014-04-10,9.44,9.44,9.44,9.44,2000
2014-04-11,9.44,9.44,9.44,9.44,0
2014-04-14,9.44,9.44,9.15,9.15,8300
2014-04-15,9.21,9.21,9.15,9.15,2400
2014-04-16,9.15,9.15,9.15,9.15,0
2014-04-17,9.15,9.15,9.15,9.15,1100
2014-04-18,9.15,9.15,8.85,9.15,2400
2014-04-21,9.15,9.21,9.15,9.21,4600
2014-04-22,8.88,9.3,8.88,9.18,3600
2014-04-23,9.3,9.3,9.27,9.3,4700
2014-04-24,9.3,9.3,9.3,9.3,0
2014-04-25,9.3,9.3,9.3,9.3,0
2014-04-28,9.15,9.15,9.15,9.15,500
2014-04-29,9.15,9.15,9.15,9.15,1000
2014-05-05,9.15,9.15,9.15,9.15,0
2014-05-06,9.0,9.0,9.0,9.0,1000
2014-05-07,9.0,9.0,9.0,9.0,300
2014-05-08,9.0,9.0,8.71,8.71,6000
2014-05-09,8.85,8.85,8.85,8.85,1000
2014-05-12,8.85,8.85,8.85,8.85,200
2014-05-13,8.85,8.85,8.85,8.85,100
2014-05-14,8.85,8.85,8.85,8.85,1000
2014-05-15,8.85,8.85,8.85,8.85,0
2014-05-16,8.59,9.44,8.59,9.44,700
2014-05-19,9.44,9.44,9.44,9.44,0
2014-05-20,8.85,8.85,8.85,8.85,1000
2014-05-21,8.71,8.85,8.71,8.85,2000
2014-05-22,8.71,8.85,8.56,8.85,2200
2014-05-23,8.85,8.85,8.85,8.85,0
2014-05-26,8.85,8.85,8.85,8.85,0
2014-05-27,8.94,8.94,8.94,8.94,100
2014-05-28,8.94,8.94,8.94,8.94,0
2014-05-29,8.94,9.0,8.94,8.94,1400
2014-05-30,8.94,8.94,8.94,8.94,0
2014-06-02,8.94,8.94,8.94,8.94,0
2014-06-03,8.94,8.94,8.94,8.94,0
2014-06-04,8.94,8.94,8.94,8.94,0
2014-06-05,8.97,8.97,8.97,8.97,200
2014-06-06,8.97,8.97,8.77,8.77,1500
2014-06-09,8.77,8.77,8.77,8.77,0
2014-06-10,8.77,8.77,8.77,8.77,0
2014-06-11,8.77,8.77,8.77,8.77,0
2014-06-12,9.3,9.3,9.3,9.3,2000
2014-06-13,9.3,9.3,9.3,9.3,0
2014-06-16,9.3,9.3,9.3,9.3,0
2014-06-17,8.85,9.15,8.85,9.15,1900
2014-06-18,9.15,9.15,9.15,9.15,0
2014-06-19,8.85,8.85,8.85,8.85,3600
2014-06-20,8.85,8.85,8.85,8.85,1200
2014-06-23,8.85,8.85,8.85,8.85,0
2014-06-24,8.85,8.85,8.77,8.85,950
2014-06-25,8.85,8.85,8.85,8.85,0
2014-06-26,8.85,8.85,8.85,8.85,1500
2014-06-27,8.88,8.88,8.88,8.88,400
2014-06-30,8.91,8.91,8.85,8.85,2100
2014-07-01,8.74,8.74,8.74,8.74,1000
2014-07-02,8.82,8.82,8.82,8.82,1800
2014-07-03,8.85,8.85,8.85,8.85,2300
2014-07-04,8.85,8.85,8.85,8.85,0
2014-07-07,8.85,8.94,8.85,8.85,2400
2014-07-08,8.85,8.85,8.77,8.85,11856
2014-07-09,8.85,8.85,8.85,8.85,200
2014-07-10,8.85,8.85,8.85,8.85,0
2014-07-11,9.15,9.15,9.15,9.15,100
2014-07-14,10.06,10.06,9.15,9.89,1670
2014-07-15,9.47,9.47,9.44,9.44,3231
2014-07-16,9.44,9.44,9.44,9.44,0
2014-07-17,9.44,9.44,9.44,9.44,3200
2014-07-18,9.44,9.5,9.44,9.44,4300
2014-07-21,6.52,7.61,6.52,7.61,2700
2014-07-22,7.53,7.53,7.53,7.53,2500
2014-07-23,6.79,7.47,6.79,7.38,6900
2014-07-24,7.38,7.47,7.38,7.38,1300
2014-07-25,7.97,7.97,7.38,7.38,400
2014-07-28,7.64,7.64,6.79,7.2,3010
2014-07-29,7.53,7.53,7.53,7.53,100
2014-07-30,6.94,7.35,6.94,7.35,1510
2014-07-31,7.64,7.64,7.64,7.64,100
2014-08-01,8.29,8.29,8.29,8.29,100
2014-08-04,8.26,8.26,7.47,7.47,200
2014-08-05,7.53,7.53,7.11,7.11,500
2014-08-06,6.49,7.05,6.49,7.05,6800
2014-08-07,6.2,6.61,6.08,6.61,2600
2014-08-08,6.64,6.76,6.64,6.64,2200
2014-08-11,6.64,6.64,6.64,6.64,100
2014-08-12,6.29,6.64,6.26,6.64,10800
2014-08-13,6.99,6.99,6.49,6.49,1600
2014-08-14,6.2,6.35,6.2,6.35,1900
2014-08-15,6.49,6.49,6.49,6.49,4000
2014-08-18,6.94,6.94,6.26,6.49,9500
2014-08-19,7.08,7.08,6.2,6.35,6800
2014-08-20,6.32,6.49,6.32,6.49,13400
2014-08-21,6.46,6.55,6.32,6.55,22500
2014-08-22,6.49,6.76,6.46,6.46,17900
2014-08-25,6.49,6.52,6.46,6.52,9000
2014-08-26,6.49,6.52,6.49,6.5,15900
2014-08-27,6.49,6.52,6.35,6.35,17900
2014-08-28,6.35,6.38,6.35,6.38,8800
2014-08-29,6.26,6.4,6.26,6.35,7400
2014-09-03,6.43,6.43,6.38,6.38,1600
2014-09-04,6.35,6.35,6.32,6.35,4600
2014-09-05,6.46,6.49,6.46,6.49,4000
2014-09-08,6.49,6.52,6.49,6.52,4000
2014-09-09,6.26,6.52,6.26,6.43,9700
2014-09-10,6.49,6.79,6.49,6.64,3100
2014-09-11,6.64,6.64,6.64,6.64,500
2014-09-12,6.64,6.64,6.64,6.64,5501
2014-09-15,6.64,6.79,6.64,6.67,2500
2014-09-16,6.79,6.79,6.79,6.79,1100
2014-09-17,6.76,6.76,6.76,6.76,2400
2014-09-18,6.91,6.94,6.91,6.94,435
2014-09-19,6.85,6.85,6.85,6.85,500
2014-09-22,6.82,6.82,6.79,6.79,8775
2014-09-23,6.79,6.94,6.64,6.64,4700
2014-09-24,6.79,6.79,6.76,6.76,1400
2014-09-25,6.79,6.79,6.79,6.79,1700
2014-09-26,6.79,6.79,6.67,6.79,6600
2014-09-29,6.82,6.85,6.79,6.79,5000
2014-09-30,6.85,6.85,6.79,6.82,3000
2014-10-01,6.82,6.91,6.82,6.91,4000
2014-10-02,6.67,6.91,6.2,6.88,1400
2014-10-03,6.79,6.88,6.79,6.88,700
2014-10-06,6.88,6.88,6.88,6.88,300
2014-10-07,7.08,7.08,6.94,6.94,3700
2014-10-08,6.97,7.08,6.97,7.08,5400
2014-10-09,7.02,7.05,7.02,7.05,900
2014-10-10,6.94,6.94,6.94,6.94,3000
2014-10-13,6.97,7.08,6.97,7.08,1700
2014-10-14,6.99,6.99,6.99,6.99,760
2014-10-15,6.99,6.99,6.99,6.99,800
2014-10-16,6.94,7.02,6.94,7.02,5400
2014-10-17,7.02,7.02,7.02,7.02,10
2014-10-20,7.02,7.02,7.02,7.02,0
2014-10-21,6.97,6.97,6.97,6.97,700
2014-10-22,6.97,6.97,6.97,6.97,0
2014-10-23,6.99,6.99,6.99,6.99,2600
2014-10-24,6.94,6.94,6.79,6.94,6200
2014-10-27,6.67,6.79,6.67,6.79,3900
2014-10-28,6.52,6.79,6.52,6.79,1500
2014-10-29,6.79,6.79,6.79,6.79,0
2014-10-30,6.94,6.94,6.91,6.91,1270
2014-10-31,6.79,6.79,6.79,6.79,300
2014-11-03,6.79,6.79,6.79,6.79,0
2014-11-04,6.79,6.79,6.79,6.79,0
2014-11-05,6.79,6.79,6.79,6.79,0
2014-11-06,6.88,6.91,6.88,6.91,1400
2014-11-07,6.94,7.02,6.94,6.99,7400
2014-11-10,6.94,7.08,6.94,6.99,4900
2014-11-11,6.99,6.99,6.79,6.82,16200
2014-11-12,7.35,7.35,6.79,6.85,8080
2014-11-13,7.23,7.23,6.88,6.88,5210
2014-11-14,6.97,6.99,6.85,6.99,28424
2014-11-17,6.88,7.02,6.88,6.94,10800
2014-11-18,6.26,6.94,6.26,6.94,4100
2014-11-19,6.94,6.94,6.94,6.94,4000
2014-11-20,6.99,7.2,6.99,7.2,14400
2014-11-21,7.08,7.08,6.97,6.97,1400
2014-11-24,6.82,7.08,6.82,7.08,3200
2014-11-25,6.94,6.94,6.94,6.94,700
2014-11-26,6.99,6.99,6.94,6.94,8700
2014-11-27,6.94,6.97,6.94,6.97,300
2014-11-28,6.94,6.97,6.94,6.97,410
2014-12-01,7.08,7.08,7.08,7.08,3400
2014-12-02,7.14,7.14,7.14,7.14,800
2014-12-03,7.14,7.23,7.14,7.14,5900
2014-12-04,7.26,7.26,7.23,7.23,2800
2014-12-05,7.23,7.23,7.05,7.05,1800
2014-12-08,7.14,7.14,7.08,7.11,8710
2014-12-09,7.08,7.08,7.08,7.08,200
2014-12-10,7.05,7.5,7.05,7.44,9900
2014-12-11,7.32,7.32,7.32,7.32,1000
2014-12-12,7.2,7.2,7.14,7.2,1900
2014-12-15,7.5,7.53,7.41,7.53,7600
2014-12-16,7.67,7.67,7.5,7.53,22300
2014-12-17,7.5,7.67,7.08,7.08,85514
2014-12-18,7.64,7.64,6.97,6.97,16000
2014-12-19,6.97,6.97,6.97,6.97,0
2014-12-22,7.08,7.38,6.94,7.38,8800
2014-12-23,7.38,7.53,7.38,7.53,3800
2014-12-24,7.38,7.38,7.14,7.38,6000
2014-12-25,6.79,7.08,6.79,6.99,16000
2014-12-26,6.97,6.97,6.94,6.94,8900
2014-12-29,6.94,6.94,6.94,6.94,100
2014-12-30,6.91,6.94,6.79,6.94,1300
2014-12-31,6.94,6.94,6.79,6.79,16600
2015-01-05,6.82,6.82,6.64,6.73,16900
2015-01-06,6.79,6.82,6.7,6.79,11700
2015-01-07,6.79,6.79,6.73,6.73,3100
2015-01-08,6.79,6.79,6.79,6.79,5300
2015-01-09,6.82,6.88,6.82,6.82,9400
2015-01-12,6.79,6.79,6.79,6.79,300
2015-01-13,6.79,6.94,6.79,6.94,14300
2015-01-14,6.85,6.85,6.82,6.82,1000
2015-01-15,6.94,7.08,6.94,7.08,8000
2015-01-16,7.17,7.23,7.17,7.23,21700
2015-01-19,7.29,7.38,7.29,7.29,6000
2015-01-20,7.26,7.38,7.26,7.38,9000
2015-01-21,7.38,7.38,7.38,7.38,2600
2015-01-22,7.38,7.38,7.38,7.38,0
2015-01-23,6.85,7.38,6.85,7.23,1500
2015-01-26,7.29,7.29,7.2,7.2,2000
2015-01-27,7.23,7.26,6.97,7.26,7100
2015-01-28,7.26,7.38,7.26,7.38,6800
2015-01-29,7.29,7.29,7.29,7.29,16070
2015-01-30,7.32,7.32,7.23,7.23,7500
2015-02-02,7.23,7.23,7.23,7.23,100
2015-02-03,7.23,7.38,7.23,7.26,4100
2015-02-04,7.26,7.26,7.23,7.26,7845
2015-02-05,7.23,7.23,7.11,7.11,700
2015-02-06,7.26,7.26,7.26,7.26,1000
2015-02-09,7.26,7.26,7.26,7.26,11100
2015-02-10,7.26,7.26,7.26,7.26,300
2015-02-11,7.26,7.29,7.26,7.29,11100
2015-02-12,7.26,7.32,7.23,7.32,1500
2015-02-13,7.29,7.32,7.29,7.32,3400
2015-02-24,7.38,7.38,7.38,7.38,1030
2015-02-25,7.38,7.41,7.38,7.41,4140
2015-02-26,7.38,7.53,7.38,7.41,3540
2015-02-27,7.47,7.47,7.47,7.47,2309
2015-03-02,7.38,7.38,7.38,7.38,4300
2015-03-03,7.41,7.41,7.41,7.41,1200
2015-03-04,7.44,7.47,7.44,7.47,2458
2015-03-05,7.53,7.53,7.44,7.44,2978
2015-03-06,7.44,7.44,7.44,7.44,74
2015-03-09,7.44,7.44,7.44,7.44,1100
2015-03-10,7.44,7.44,7.41,7.44,9200
2015-03-11,7.5,7.5,7.44,7.44,14000
2015-03-12,7.47,7.47,7.44,7.44,7400
2015-03-13,7.44,7.47,7.44,7.47,4200
2015-03-16,7.38,7.44,7.38,7.44,7200
2015-03-17,7.47,7.53,7.47,7.5,2955
2015-03-18,7.5,7.5,7.47,7.47,6940
2015-03-19,7.5,7.67,7.5,7.53,10400
2015-03-20,7.61,7.61,7.61,7.61,1008
2015-03-23,7.61,7.61,7.61,7.61,500
2015-03-24,7.61,7.61,7.56,7.61,6600
2015-03-25,7.59,7.59,7.59,7.59,12000
2015-03-26,7.61,7.61,7.61,7.61,500
2015-03-27,7.59,7.59,7.59,7.59,4000
2015-03-30,7.67,7.67,7.67,7.67,2500
2015-03-31,7.53,7.56,7.5,7.67,3300
2015-04-01,7.67,7.67,7.67,7.67,6800
2015-04-02,7.67,7.67,7.67,7.67,4310
2015-04-03,7.85,7.91,7.85,7.91,5440
2015-04-06,8.03,8.23,8.03,8.23,9250
2015-04-07,8.32,8.53,8.32,8.47,10700
2015-04-08,8.53,8.56,8.44,8.44,19100
2015-04-09,8.53,8.56,8.53,8.53,2160
2015-04-10,8.26,8.32,8.26,8.32,5500
2015-04-13,7.7,8.26,7.7,8.26,7700
2015-04-14,8.32,8.32,8.32,8.32,500
2015-04-15,8.32,8.32,8.32,8.32,5550
2015-04-16,8.32,8.32,8.26,8.26,5528
2015-04-17,8.26,8.32,8.26,8.32,2000
2015-04-20,8.26,8.26,8.23,8.26,7900
2015-04-21,8.26,8.29,8.26,8.29,11700
2015-04-22,8.26,8.26,8.26,8.26,16800
2015-04-23,7.67,7.67,7.67,7.67,600
2015-04-24,8.23,8.23,8.12,8.12,1200
2015-04-27,8.26,8.26,8.26,8.26,9850
2015-05-04,8.26,8.26,8.26,8.26,800
2015-05-05,8.26,8.26,8.26,8.26,0
2015-05-06,8.23,8.23,8.23,8.23,500
2015-05-07,8.23,8.23,8.23,8.23,0
2015-05-08,8.21,8.21,8.18,8.18,6500
2015-05-11,8.23,8.23,7.97,7.97,2300
2015-05-12,8.12,8.15,8.12,8.15,3100
2015-05-13,8.23,8.23,8.23,8.23,4100
2015-05-14,8.18,8.21,8.18,8.21,8900
2015-05-15,8.15,8.18,8.15,8.18,7200
2015-05-18,8.18,8.18,8.18,8.18,0
2015-05-19,8.26,8.26,8.15,8.15,1500
2015-05-20,8.18,8.18,8.15,8.15,4700
2015-05-21,7.76,7.76,7.76,7.76,3600
2015-05-22,7.61,8.06,7.61,8.06,3200
2015-05-25,8.03,8.03,8.03,8.03,1028
2015-05-26,7.97,8.0,7.97,8.0,1900
2015-05-27,8.06,8.06,8.06,8.06,6800
2015-05-28,8.06,8.06,8.0,8.0,11800
2015-05-29,7.97,8.0,7.97,8.0,1850
2015-06-01,7.97,7.97,7.97,7.97,100
2015-06-02,7.97,7.97,7.97,7.97,5700
2015-06-03,7.97,8.0,7.97,7.97,4700
2015-06-04,7.97,7.97,7.97,7.97,2800
2015-06-05,8.0,8.0,8.0,8.0,100
2015-06-08,8.03,8.03,7.97,8.0,2800
2015-06-09,8.5,8.5,8.5,8.5,300
2015-06-10,8.5,8.5,8.5,8.5,0
2015-06-11,7.94,7.94,7.91,7.91,1500
2015-06-12,8.03,8.06,8.03,8.06,10000
2015-06-15,8.06,8.06,7.97,7.97,900
2015-06-16,8.03,8.03,7.97,7.97,1800
2015-06-17,7.97,7.97,7.97,7.97,600
2015-06-18,7.85,7.88,7.85,7.85,1700
2015-06-19,7.91,7.94,7.91,7.94,3000
2015-06-22,7.97,7.97,7.97,7.97,600
2015-06-23,7.94,7.94,7.94,7.94,700
2015-06-24,7.91,7.94,7.91,7.91,5500
2015-06-25,7.88,7.88,7.88,7.88,1100
2015-06-26,7.91,7.91,7.91,7.91,1500
2015-06-29,7.91,7.91,7.91,7.91,0
2015-06-30,7.91,7.94,7.91,7.94,3600
2015-07-01,7.97,7.97,7.97,7.97,500
2015-07-02,7.97,7.97,7.97,7.97,500
2015-07-03,7.91,7.91,7.85,7.88,1300
2015-07-06,7.97,7.97,7.91,7.97,2600
2015-07-07,7.97,7.97,7.97,7.97,500
2015-07-08,7.97,7.97,7.97,7.97,0
2015-07-09,7.97,7.97,7.97,7.97,500
2015-07-10,7.97,7.97,7.97,7.97,1000
2015-07-13,7.97,7.97,7.97,7.97,40
2015-07-14,7.97,7.97,7.97,7.97,1500
2015-07-15,7.97,7.97,7.97,7.97,500
2015-07-16,7.97,7.97,7.88,7.91,3500
2015-07-17,7.91,7.91,7.91,7.91,5000
2015-07-20,7.91,7.91,7.88,7.91,6000
2015-07-21,7.94,7.97,7.94,7.97,2100
2015-07-22,7.91,7.91,7.91,7.91,2400
2015-07-23,7.88,7.88,7.88,7.88,2000
2015-07-24,7.88,7.88,7.73,7.73,6700
2015-07-27,7.82,7.94,7.82,7.94,2800
2015-07-28,7.94,7.94,7.82,7.82,5200
2015-07-29,7.82,7.82,7.82,7.82,1700
2015-07-30,7.82,7.82,7.82,7.82,4000
2015-07-31,7.82,7.82,7.82,7.82,5600
2015-08-03,7.82,7.82,7.82,7.82,1800
2015-08-04,7.82,7.82,7.82,7.82,1800
2015-08-05,7.82,7.82,7.82,7.82,1200
2015-08-06,7.82,7.82,7.82,7.82,0
2015-08-07,7.91,7.91,7.91,7.91,300
2015-08-10,7.82,7.82,7.82,7.82,6000
2015-08-11,7.82,7.82,7.82,7.82,0
2015-08-12,7.79,7.79,7.67,7.67,3500
2015-08-13,7.67,7.82,7.67,7.82,1500
2015-08-14,7.76,7.82,7.76,7.82,10600
2015-08-17,7.82,7.82,7.82,7.82,1000
2015-08-18,7.67,7.67,7.67,7.67,300
2015-08-19,7.73,7.76,7.73,7.73,7600
2015-08-20,7.73,7.73,7.73,7.73,700
2015-08-21,7.61,7.67,7.61,7.67,2800
2015-08-24,7.64,7.67,7.64,7.67,8500
2015-08-25,7.67,7.67,7.67,7.67,1500
2015-08-26,7.67,7.67,7.67,7.67,9000
2015-08-27,7.67,7.67,7.67,7.67,1020
2015-08-28,7.67,7.67,7.67,7.67,0
2015-08-31,7.67,7.67,7.67,7.67,1200
2015-09-01,7.67,7.67,7.67,7.67,1010
2015-09-03,7.67,7.67,7.67,7.67,3100
2015-09-04,7.67,7.67,7.67,7.67,2000
2015-09-07,7.67,7.67,7.67,7.67,2000
2015-09-08,7.67,7.67,7.67,7.67,0
2015-09-09,7.67,7.67,7.38,7.67,1200
2015-09-10,7.67,7.67,7.67,7.67,0
2015-09-11,7.67,7.67,7.67,7.67,2000
2015-09-14,7.67,7.67,7.67,7.67,512
2015-09-15,7.64,7.67,7.64,7.67,4000
2015-09-16,7.67,7.67,7.67,7.67,2000
2015-09-17,7.67,7.67,7.67,7.67,1700
2015-09-18,7.53,7.53,7.38,7.38,800
2015-09-21,7.47,7.67,7.47,7.67,8100
2015-09-22,7.56,7.56,7.56,7.56,10000
2015-09-23,7.67,7.67,7.67,7.67,3000
2015-09-24,7.64,7.67,7.64,7.67,1800
2015-09-25,7.59,7.59,7.53,7.53,446
2015-09-28,7.59,7.59,7.59,7.59,2000
2015-09-29,7.53,7.53,7.53,7.53,1300
2015-09-30,7.38,7.56,7.38,7.56,6300
2015-10-01,7.56,7.56,7.56,7.56,0
2015-10-02,7.5,7.61,7.5,7.61,4400
2015-10-05,7.56,7.56,7.56,7.56,3000
2015-10-06,7.56,7.56,7.53,7.53,1100
2015-10-07,7.53,7.56,7.53,7.53,14546
2015-10-08,7.61,7.61,7.56,7.56,500
2015-10-09,7.56,7.56,7.56,7.56,0
2015-10-12,7.56,7.56,7.56,7.56,0
2015-10-13,7.53,7.56,7.53,7.56,7900
2015-10-14,7.53,7.56,7.53,7.56,3900
2015-10-15,7.38,7.56,7.38,7.56,5400
2015-10-16,7.47,7.56,7.47,7.56,2900
2015-10-19,7.53,7.53,7.53,7.53,1700
2015-10-20,7.53,7.53,7.53,7.53,1000
2015-10-21,7.53,7.53,7.53,7.53,800
2015-10-22,7.82,7.82,7.56,7.56,1100
2015-10-23,7.56,7.56,7.56,7.56,900
2015-10-26,7.56,7.56,7.56,7.56,1000
2015-10-27,7.59,7.59,7.59,7.59,1000
2015-10-28,7.67,7.67,7.67,7.67,210
2015-10-29,7.53,7.61,7.53,7.61,600
2015-10-30,7.61,7.61,7.61,7.61,100
2015-11-02,7.7,7.97,7.7,7.97,2600
2015-11-03,7.67,7.67,7.67,7.67,3000
2015-11-04,7.67,7.82,7.59,7.59,7700
2015-11-05,7.7,7.76,7.7,7.76,2800
2015-11-06,7.82,7.82,7.82,7.82,3412
2015-11-09,7.61,7.67,7.61,7.67,400
2015-11-10,7.82,7.82,7.67,7.67,5200
2015-11-11,7.82,7.82,7.82,7.82,1600
2015-11-12,7.85,7.85,7.82,7.82,900
2015-11-13,7.38,7.38,7.38,7.38,100
2015-11-16,7.38,7.38,7.38,7.38,0
2015-11-17,7.38,7.38,7.38,7.38,0
2015-11-18,7.7,7.7,7.67,7.67,3000
2015-11-19,7.67,7.67,7.67,7.67,0
2015-11-20,7.67,7.67,7.67,7.67,0
2015-11-23,7.67,7.67,7.67,7.67,0
2015-11-24,7.79,7.79,7.7,7.7,2940
2015-11-25,7.7,7.7,7.7,7.7,10
2015-11-26,7.73,7.73,7.67,7.7,2445
2015-11-27,7.53,7.53,7.53,7.53,1050
2015-11-30,7.67,7.67,7.56,7.56,1200
2015-12-01,7.7,7.7,7.67,7.67,3000
2015-12-02,7.79,7.82,7.73,7.73,18079
2015-12-03,7.53,7.53,7.53,7.53,3000
2015-12-04,7.67,7.7,7.67,7.7,4500
2015-12-07,7.82,7.82,7.82,7.82,5000
2015-12-08,7.82,7.82,7.82,7.82,6620
2015-12-09,7.82,7.85,7.82,7.82,12400
2015-12-10,7.82,7.82,7.82,7.82,0
2015-12-11,7.85,7.85,7.85,7.85,478
2015-12-14,7.85,7.85,7.85,7.85,931
2015-12-15,7.97,7.97,7.97,7.97,100
2015-12-16,7.97,7.97,7.97,7.97,0
2015-12-17,8.12,8.56,8.12,8.26,8400
2015-12-18,8.41,8.53,8.41,8.41,38700
2015-12-21,8.21,8.41,8.21,8.41,3000
2015-12-22,8.38,8.38,8.29,8.29,8200
2015-12-23,8.56,8.56,8.41,8.41,10300
2015-12-24,8.29,8.41,8.29,8.41,4100
2015-12-25,8.41,8.44,8.38,8.44,21200
2015-12-28,8.33,8.33,8.3,8.33,6500
2015-12-29,8.3,8.3,8.3,8.3,1000
2015-12-30,8.3,8.3,8.3,8.3,0
2015-12-31,8.3,8.3,8.3,8.3,0
2016-01-04,8.3,8.3,8.3,8.3,0
2016-01-05,8.3,8.3,8.3,8.3,1000
2016-01-06,8.3,8.3,8.26,8.26,200
2016-01-07,7.87,8.23,7.87,8.17,11600
2016-01-08,8.1,8.1,8.04,8.04,8000
2016-01-11,8.04,8.04,8.0,8.0,2000
2016-01-12,8.04,8.04,8.04,8.04,2550
2016-01-13,7.91,8.07,7.91,8.04,1200
2016-01-14,7.94,7.94,7.94,7.94,500
2016-01-15,7.91,7.97,7.91,7.97,3600
2016-01-18,7.35,7.68,7.35,7.68,4000
2016-01-19,7.51,7.84,7.51,7.84,2900
2016-01-20,7.77,7.77,7.77,7.77,1535
2016-01-21,7.84,7.84,7.81,7.84,8800
2016-01-22,7.68,7.84,7.68,7.84,3000
2016-01-25,7.84,7.84,7.84,7.84,2500
2016-01-26,8.17,8.17,8.17,8.17,100
2016-01-27,8.1,8.17,8.1,8.17,600
2016-01-28,7.84,7.84,7.84,7.84,4000
2016-01-29,7.84,7.84,7.84,7.84,0
2016-02-01,7.84,7.84,7.84,7.84,7000
2016-02-02,8.17,8.17,8.17,8.17,500
2016-02-03,8.17,8.17,8.17,8.17,0
2016-02-04,8.17,8.17,7.84,7.84,5500
2016-02-05,8.07,8.07,8.07,8.07,1000
2016-02-15,8.07,8.07,8.07,8.07,0
2016-02-16,8.0,8.0,8.0,8.0,1000
2016-02-17,8.13,8.17,8.13,8.17,3100
2016-02-18,8.17,8.17,8.17,8.17,3400
2016-02-19,8.0,8.04,8.0,8.04,2900
2016-02-22,8.17,8.17,8.07,8.07,3000
2016-02-23,8.1,8.1,8.1,8.1,10200
2016-02-24,8.07,8.1,8.07,8.1,3500
2016-02-25,8.1,8.1,8.04,8.04,2800
2016-02-26,8.17,8.17,8.17,8.17,2300
2016-02-29,8.17,8.17,8.17,8.17,8000
2016-03-01,8.17,8.17,8.17,8.17,0
2016-03-02,8.17,8.17,8.17,8.17,15000
2016-03-03,8.17,8.17,8.17,8.17,500
2016-03-04,8.17,8.17,8.17,8.17,21100
2016-03-07,8.17,8.17,8.0,8.17,11900
2016-03-08,8.17,8.17,8.17,8.17,2700
2016-03-09,8.17,8.17,8.17,8.17,0
2016-03-10,8.13,8.17,8.13,8.17,2342
2016-03-11,8.17,8.17,8.04,8.13,6600
2016-03-14,8.07,8.13,7.97,7.97,11600
2016-03-15,7.91,8.07,7.91,8.0,10200
2016-03-16,8.13,8.13,8.0,8.0,4500
2016-03-17,7.84,8.1,7.84,8.07,7116
2016-03-18,8.13,8.17,8.07,8.07,12500
2016-03-21,8.17,8.17,8.17,8.17,100
2016-03-22,8.13,8.13,8.1,8.1,5900
2016-03-23,8.1,8.1,8.04,8.04,1300
2016-03-24,8.1,8.1,8.1,8.1,300
2016-03-25,8.1,8.13,8.1,8.1,8500
2016-03-28,8.1,8.13,8.1,8.13,5900
2016-03-29,8.1,8.13,8.0,8.1,11800
2016-03-30,8.1,8.1,8.07,8.07,1580
2016-03-31,8.0,8.0,7.97,8.0,3700
2016-04-01,8.0,8.0,8.0,8.0,0
2016-04-04,8.0,8.13,8.0,8.07,10550
2016-04-05,8.07,8.17,8.07,8.13,4600
2016-04-06,8.17,8.17,8.17,8.17,6800
2016-04-07,8.17,8.17,8.17,8.17,640
2016-04-08,8.17,8.17,8.17,8.17,400
2016-04-11,8.0,8.0,7.84,7.84,13400
2016-04-12,7.55,7.61,6.76,7.12,18800
2016-04-13,7.19,7.51,7.19,7.19,7500
2016-04-14,7.1,7.37,7.1,7.27,20110
2016-04-15,7.9,7.9,7.53,7.53,4450
2016-04-19,7.3,7.33,6.94,6.94,19700
2016-04-20,7.14,7.27,7.07,7.07,12800
2016-04-21,7.14,7.14,7.14,7.14,500
2016-04-22,7.27,7.27,7.27,7.27,1000
2016-04-25,7.3,7.3,7.3,7.3,500
2016-04-26,7.27,7.27,7.27,7.27,2700
2016-04-27,7.37,7.5,7.37,7.5,1700
2016-04-28,7.53,7.57,7.53,7.57,300
2016-04-29,7.47,7.6,7.43,7.6,8500
2016-05-04,7.6,7.6,7.6,7.6,0
2016-05-05,7.37,7.37,7.37,7.37,820
2016-05-06,7.6,7.6,7.6,7.6,1100
2016-05-09,7.6,7.6,7.6,7.6,2100
2016-05-10,7.6,7.6,7.6,7.6,0
2016-05-11,7.6,7.6,7.6,7.6,0
2016-05-12,7.6,7.6,7.6,7.6,0
2016-05-13,7.6,7.6,7.6,7.6,0
2016-05-16,7.6,7.6,7.6,7.6,6800
2016-05-17,7.6,7.6,7.53,7.53,600
2016-05-18,7.6,7.6,7.53,7.53,5000
2016-05-19,7.6,7.6,7.6,7.6,500
2016-05-20,7.43,7.43,7.43,7.43,1200
2016-05-23,7.43,7.43,7.43,7.43,2500
2016-05-24,7.43,7.6,7.43,7.6,5500
2016-05-25,7.57,7.57,7.47,7.47,1500
2016-05-26,7.47,7.47,7.47,7.47,0
2016-05-27,7.57,7.6,7.47,7.6,8410
2016-05-30,7.6,7.6,7.6,7.6,23300
2016-05-31,7.6,7.76,7.6,7.6,11300
2016-06-01,7.76,7.76,7.6,7.6,9900
2016-06-02,7.6,7.6,7.6,7.6,0
2016-06-03,7.83,7.93,7.83,7.93,600
2016-06-06,8.23,8.43,8.23,8.43,1000
2016-06-07,8.43,8.43,8.43,8.43,0
2016-06-08,8.43,8.43,8.43,8.43,0
2016-06-09,8.43,8.43,8.43,8.43,0
2016-06-10,8.0,8.0,8.0,8.0,100
2016-06-13,7.76,7.8,7.76,7.76,880
2016-06-14,8.06,8.09,7.93,7.93,13300
2016-06-15,7.93,7.93,7.93,7.93,300
2016-06-16,7.93,7.93,7.93,7.93,0
2016-06-17,7.93,7.93,7.93,7.93,700
2016-06-20,8.09,8.09,8.09,8.09,15200
2016-06-21,8.09,8.26,8.09,8.26,63800
2016-06-22,8.33,8.33,8.23,8.26,5600
2016-06-23,8.26,8.26,8.26,8.26,1500
2016-06-24,8.26,8.26,8.16,8.26,17500
2016-06-27,8.26,8.26,8.26,8.26,2000
2016-06-28,8.29,8.29,8.26,8.26,300
2016-06-29,8.39,8.46,8.39,8.46,11300
2016-06-30,8.49,8.56,8.46,8.56,11300
2016-07-01,8.52,8.52,8.49,8.52,5000
2016-07-04,8.52,8.52,8.52,8.52,0
2016-07-05,8.52,8.52,8.49,8.49,8500
2016-07-06,8.46,8.52,8.36,8.52,3100
2016-07-07,8.52,8.56,8.52,8.52,34300
2016-07-08,8.59,8.59,8.52,8.52,15800
2016-07-11,8.52,8.52,8.52,8.52,6200
2016-07-12,8.52,8.56,8.52,8.52,73300
2016-07-13,8.59,8.59,8.56,8.56,11500
2016-07-14,8.59,8.59,8.43,8.43,1800
2016-07-15,8.59,8.59,8.59,8.59,1500
2016-07-18,8.59,8.59,8.59,8.59,15700
2016-07-19,8.59,8.59,8.59,8.59,0
2016-07-20,8.33,8.59,8.33,8.59,7500
2016-07-21,8.56,8.56,8.56,8.56,5100
2016-07-22,8.56,8.56,8.56,8.56,8000
2016-07-25,7.3,8.52,7.3,8.52,4800
2016-07-26,8.43,8.52,8.43,8.52,5300
2016-07-27,8.52,8.52,8.52,8.52,4500
2016-07-28,8.26,8.52,8.26,8.52,5450
2016-07-29,8.29,8.43,8.26,8.43,7300
2016-08-01,8.43,8.43,8.43,8.43,0
2016-08-02,8.43,8.43,8.33,8.33,1200
2016-08-03,8.43,8.43,8.43,8.43,1000
2016-08-04,8.43,8.49,8.43,8.49,2000
2016-08-05,8.46,8.46,8.43,8.43,18000
2016-08-08,8.43,8.43,8.43,8.43,0
2016-08-09,8.49,8.49,8.49,8.49,9500
2016-08-10,8.49,8.49,8.49,8.49,0
2016-08-11,8.49,8.49,8.49,8.49,0
2016-08-12,8.33,8.36,8.33,0.0,6300
2016-08-15,7.93,8.36,7.27,8.33,1500
2016-08-16,8.43,8.43,8.43,8.43,1200
2016-08-17,8.43,8.43,8.39,8.39,5400
2016-08-18,8.39,8.39,8.39,8.39,100
2016-08-19,8.46,8.49,8.46,8.49,1200
2016-08-22,8.26,8.49,8.26,8.49,11900
2016-08-23,8.59,8.59,8.59,8.59,2000
2016-08-24,8.59,8.59,8.59,8.59,0
2016-08-25,8.59,8.59,8.59,8.59,0
2016-08-26,8.56,8.56,8.56,8.56,7000
2016-08-29,8.53,8.53,8.53,8.53,7000
2016-08-30,8.53,8.53,8.53,8.53,0
2016-08-31,8.59,8.63,8.59,8.63,5900
2016-09-01,8.63,8.63,8.63,8.63,0
2016-09-05,9.44,9.44,9.44,9.44,200
2016-09-06,8.76,8.76,8.76,8.76,2600
2016-09-07,8.69,8.69,8.69,8.69,700
2016-09-08,8.69,8.69,8.69,8.69,3000
2016-09-09,8.69,8.69,8.69,8.69,0
2016-09-12,8.69,8.69,8.69,8.69,0
2016-09-13,8.76,8.76,8.76,8.76,600
2016-09-14,8.76,8.76,8.76,8.76,0
2016-09-15,8.76,8.76,8.76,8.76,0
2016-09-16,8.49,8.49,8.49,8.49,1100
2016-09-19,8.76,8.76,8.76,8.76,23000
2016-09-20,8.76,8.76,8.76,8.76,200
2016-09-21,8.76,8.76,8.76,8.76,750
2016-09-22,8.76,8.76,8.76,8.76,17400
2016-09-23,8.15,8.76,8.15,8.76,2400
2016-09-26,8.76,8.76,8.76,8.76,4068
2016-09-27,8.79,8.79,8.76,8.76,10000
2016-09-28,8.79,8.79,8.79,8.79,4400
2016-09-29,8.53,8.53,8.42,8.49,5500
2016-09-30,8.49,8.49,8.49,8.49,0
2016-10-03,8.76,8.79,8.76,8.79,4000
2016-10-04,8.76,8.93,8.76,8.93,2600
2016-10-05,9.03,9.06,9.03,9.06,2100
2016-10-06,9.06,9.06,9.06,9.06,0
2016-10-07,9.1,9.1,9.1,9.1,2300
2016-10-10,9.17,9.17,9.17,9.17,1100
2016-10-11,9.13,9.13,9.13,9.13,2500
2016-10-12,9.13,9.13,9.13,9.13,0
2016-10-13,9.17,9.2,9.17,9.2,5100
2016-10-14,9.2,9.2,9.2,9.2,900
2016-10-17,9.17,9.27,9.17,9.27,700
2016-10-18,9.23,9.37,9.23,9.37,300
2016-10-19,9.37,9.37,9.37,9.37,0
2016-10-20,9.37,9.37,9.37,9.37,0
2016-10-21,9.37,9.37,9.37,9.37,0
2016-10-24,9.27,9.27,9.27,9.27,600
2016-10-25,9.27,9.3,9.27,9.3,4800
2016-10-26,9.37,9.37,9.37,9.37,500
2016-10-27,9.44,9.44,9.44,9.44,100
2016-10-28,9.4,9.6,9.4,9.6,5200
2016-10-31,9.44,9.44,9.44,9.44,4000
2016-11-01,9.5,9.54,9.5,9.54,1000
2016-11-02,9.57,9.57,9.57,9.57,700
2016-11-03,9.57,9.57,9.57,9.57,0
2016-11-04,9.6,9.6,9.6,9.6,3700
2016-11-07,9.6,9.6,9.6,9.6,21200
2016-11-08,9.6,9.6,9.6,9.6,0
2016-11-09,9.2,9.6,9.2,9.6,5301
2016-11-10,9.44,9.44,9.44,9.44,100
2016-11-11,9.54,9.54,9.54,9.54,2000
2016-11-14,9.27,9.27,9.27,9.27,8050
2016-11-15,9.27,9.27,9.27,9.27,2900
2016-11-16,9.27,9.27,9.27,9.27,0
2016-11-17,9.27,9.27,9.27,9.27,0
2016-11-18,9.3,9.3,9.27,9.27,2500
2016-11-21,9.33,9.33,9.33,9.33,300
2016-11-22,9.33,9.33,9.33,9.33,0
2016-11-23,9.33,9.47,9.33,9.47,3500
2016-11-24,9.33,9.67,9.33,9.67,900
2016-11-25,9.4,9.4,9.4,9.4,2200
2016-11-28,9.4,9.4,9.4,9.4,0
2016-11-29,9.4,9.4,9.4,9.4,0
2016-11-30,9.4,9.4,9.4,9.4,0
2016-12-01,9.27,9.47,9.27,9.47,7300
2016-12-02,9.5,9.5,9.5,9.5,4000
2016-12-05,9.6,9.6,9.6,9.6,5020
2016-12-06,9.6,9.6,9.6,9.6,7000
2016-12-07,9.6,9.6,9.6,9.6,0
2016-12-08,9.77,9.77,9.77,9.77,800
2016-12-09,9.81,9.81,9.81,9.81,5000
2016-12-12,9.81,9.81,9.81,9.81,1000
2016-12-13,9.81,9.81,9.81,9.81,0
2016-12-14,9.94,9.94,9.94,9.94,5000
2016-12-15,9.94,9.94,9.94,9.94,0
2016-12-16,9.94,9.94,9.94,9.94,0
2016-12-19,9.94,9.94,9.94,9.94,1000
2016-12-20,9.94,10.01,9.94,10.01,9500
2016-12-21,10.01,10.11,10.01,10.11,8700
2016-12-22,10.14,10.28,10.14,10.28,8100
2016-12-23,10.38,10.45,10.38,10.41,5600
2016-12-26,10.28,10.45,10.28,10.28,1800
2016-12-27,10.28,10.28,10.28,10.28,1200
2016-12-28,10.28,10.28,10.28,10.28,200
2016-12-29,11.08,11.08,11.08,11.08,0
2016-12-30,11.08,11.08,11.08,11.08,0
2017-01-03,10.46,10.46,10.46,10.46,200
2017-01-04,10.35,10.35,10.35,10.35,1200
2017-01-05,10.35,10.35,10.35,10.35,3300
2017-01-06,10.35,10.35,10.35,10.35,300
2017-01-09,10.35,10.35,10.35,10.35,0
2017-01-10,10.35,10.35,10.35,10.35,0
2017-01-11,10.35,10.35,10.35,10.35,0
2017-01-12,10.35,10.35,10.35,10.35,100
2017-01-13,10.35,10.35,10.35,10.35,0
2017-01-16,10.35,10.35,10.35,10.35,0
2017-01-17,10.35,10.35,10.35,10.35,0
2017-01-18,10.71,10.71,10.71,10.71,3400
2017-01-19,10.71,10.71,10.71,10.71,400
2017-01-20,10.68,10.71,10.53,10.71,3000
2017-01-23,10.71,10.71,10.71,10.71,0
2017-01-24,11.95,11.95,11.62,11.62,3500
2017-01-25,11.62,11.69,11.62,11.69,1500
2017-02-02,11.69,11.69,11.69,11.69,0
2017-02-03,10.71,10.89,10.71,10.89,1200
2017-02-06,10.89,10.89,10.89,10.89,0
2017-02-07,10.89,10.89,10.89,10.89,8000
2017-02-08,10.89,10.89,10.89,10.89,0
2017-02-09,12.09,12.09,12.09,12.09,100
2017-02-10,11.37,11.37,11.29,11.29,1200
2017-02-13,11.29,11.29,11.29,11.29,0
2017-02-14,11.62,11.62,11.62,11.62,100
2017-02-15,11.66,11.66,11.66,11.66,701
2017-02-16,11.66,11.66,10.89,10.89,400
2017-02-17,11.4,11.4,11.4,11.4,10400
2017-02-20,11.4,11.4,11.4,11.4,0
2017-02-21,11.11,11.33,11.11,11.26,3900
2017-02-22,11.48,11.62,11.48,11.62,2000
2017-02-23,11.48,11.55,11.48,11.55,3520
2017-02-24,11.48,11.48,11.48,11.48,100
2017-02-27,11.48,11.48,11.48,11.48,0
2017-02-28,11.48,11.48,11.33,11.33,3500
2017-03-01,11.33,11.33,11.33,11.33,0
2017-03-02,11.08,11.08,11.08,11.08,1000
2017-03-03,11.08,11.08,11.08,11.08,500
2017-03-06,11.08,11.26,11.08,11.15,8100
2017-03-07,11.15,11.15,11.08,11.08,4600
2017-03-08,11.37,11.37,11.37,11.37,400
2017-03-09,11.37,11.37,11.37,11.37,440
2017-03-10,11.37,11.37,11.37,11.37,100
2017-03-13,11.26,11.26,11.15,11.15,8900
2017-03-14,11.15,11.15,11.15,11.15,0
2017-03-15,11.15,11.15,11.15,11.15,0
2017-03-16,11.26,11.26,11.08,11.08,1200
2017-03-17,11.08,11.08,11.08,11.08,19
2017-03-20,11.08,11.08,11.08,11.08,0
2017-03-21,11.11,11.11,11.11,11.11,300
2017-03-22,11.11,11.11,11.11,11.11,10
2017-03-23,11.11,11.11,11.11,11.11,2
2017-03-24,11.15,11.15,11.11,11.11,8000
2017-03-27,11.44,11.44,11.44,11.44,1000
2017-03-28,11.44,11.44,11.44,11.44,2200
2017-03-29,11.48,11.48,11.44,11.44,7900
2017-03-30,11.48,11.48,11.48,11.48,300
2017-03-31,11.44,11.44,11.26,11.26,5600
2017-04-03,11.26,11.26,11.19,11.19,7500
2017-04-04,11.26,11.26,11.26,11.26,0
2017-04-05,11.19,11.26,11.19,11.26,1900
2017-04-07,11.26,11.26,11.26,11.26,900
2017-04-10,11.26,11.26,11.26,11.26,5000
2017-04-11,11.26,11.26,11.26,11.26,1000
2017-04-12,11.26,11.26,11.26,11.26,7900
2017-04-13,11.26,11.44,11.26,11.26,9791
2017-04-14,11.26,11.62,11.26,11.29,3900
2017-04-17,11.37,11.37,11.26,11.26,3600
2017-04-18,11.33,11.4,11.33,11.4,1500
2017-04-19,11.37,11.37,11.37,11.37,0
2017-04-20,11.44,11.44,11.4,11.4,320
2017-04-21,11.26,11.4,11.26,11.33,4100
2017-04-24,11.37,11.37,11.33,11.33,3200
2017-04-25,11.33,11.33,11.33,11.33,9571
2017-04-26,11.33,11.33,11.26,11.26,8700
2017-04-27,11.29,11.29,11.26,11.26,4800
2017-04-28,11.26,11.29,11.26,11.29,3100
2017-05-03,11.29,11.29,11.26,11.26,4400
2017-05-04,11.26,11.26,11.08,11.08,8000
2017-05-05,11.08,11.22,11.08,11.22,1800
2017-05-08,11.15,11.26,11.15,11.26,4500
2017-05-09,11.26,11.26,11.19,11.19,2160
2017-05-10,11.19,11.19,11.11,11.11,12900
2017-05-11,11.26,11.26,11.26,11.26,1200
2017-05-12,11.26,11.26,11.19,11.19,5720
2017-05-15,11.26,11.26,11.26,11.26,3600
2017-05-16,11.26,11.33,11.26,11.26,12200
2017-05-17,11.26,11.26,11.26,11.26,4000
2017-05-18,11.26,11.26,11.26,11.26,400
2017-05-19,11.15,11.15,11.11,11.11,8800
2017-05-22,11.11,11.22,11.11,11.11,26039
2017-05-23,11.11,11.11,11.11,11.11,15009
2017-05-24,11.15,11.33,11.15,11.33,2000
2017-05-25,11.26,11.33,11.26,11.33,2000
2017-05-26,11.26,11.26,11.19,11.19,8900
2017-05-29,11.15,11.15,11.15,11.15,800
2017-05-30,11.26,11.26,11.26,11.26,1200
2017-05-31,11.22,11.22,11.19,11.19,4800
2017-06-01,11.33,11.33,11.33,11.33,1800
2017-06-02,11.33,11.4,11.33,11.4,5700
2017-06-05,11.62,11.62,11.62,11.62,100
2017-06-06,11.58,11.58,11.55,11.55,300
2017-06-07,11.44,11.55,11.44,11.44,13610
2017-06-08,11.44,11.48,11.44,11.48,2000
2017-06-09,11.44,11.55,11.44,11.55,1500
2017-06-12,11.44,11.44,11.44,11.44,0
2017-06-13,11.44,11.44,11.44,11.44,0
2017-06-14,11.88,11.95,11.88,11.91,2000
2017-06-15,11.62,11.62,11.62,11.62,1610
2017-06-16,12.06,12.06,11.91,11.91,10500
2017-06-19,12.2,12.2,12.06,12.06,700
2017-06-20,12.13,12.13,12.13,12.13,0
2017-06-21,12.27,12.27,12.27,12.27,100
2017-06-22,12.64,12.64,12.64,12.64,110
2017-06-23,12.64,12.64,12.64,12.64,0
2017-06-26,12.64,12.64,12.64,12.64,0
2017-06-27,12.56,12.56,12.56,12.56,100
2017-06-28,12.71,12.71,12.71,12.71,500
2017-06-29,12.71,12.71,12.71,12.71,0
2017-06-30,12.56,12.56,12.49,12.49,1800
2017-07-03,12.49,12.53,12.49,12.53,680
2017-07-04,12.53,12.53,12.53,12.53,2000
2017-07-05,12.56,12.56,12.53,12.53,4500
2017-07-06,12.53,12.64,12.53,12.6,3600
2017-07-07,12.53,12.56,12.53,12.56,8300
2017-07-10,12.53,12.53,12.53,12.53,4920
2017-07-11,13.31,13.31,12.53,12.53,4100
2017-07-12,14.77,14.77,12.53,13.16,9700
2017-07-13,12.64,13.12,12.64,12.64,1720
2017-07-14,12.71,12.71,12.71,12.71,600
2017-07-17,12.75,12.79,12.71,12.71,2600
2017-07-18,12.86,12.9,12.82,12.9,7500
2017-07-19,12.94,12.94,12.86,12.86,1479
2017-07-20,13.27,13.27,12.9,12.9,1900
2017-07-21,12.97,12.97,12.97,12.97,600
2017-07-24,12.97,12.97,12.9,12.97,9000
2017-07-25,13.01,13.01,12.97,12.97,1100
2017-07-26,13.01,13.01,12.9,12.9,7000
2017-07-27,13.01,13.01,12.94,12.94,3700
2017-07-28,13.01,13.01,12.97,12.97,1000
2017-07-31,12.97,12.97,12.94,12.94,5500
2017-08-01,12.94,12.94,12.94,12.94,900
2017-08-02,12.97,12.97,12.9,12.97,14700
2017-08-03,12.94,13.05,12.9,12.9,8230
2017-08-04,12.94,12.94,12.9,12.9,10800
2017-08-07,12.97,12.97,12.9,12.9,6400
2017-08-08,12.9,12.9,12.71,12.75,2500
2017-08-09,12.9,12.9,12.79,12.79,3820
2017-08-10,12.82,12.82,12.82,12.82,900
2017-08-11,12.82,12.82,12.82,12.82,500
2017-08-14,12.75,12.82,12.71,12.71,4300
2017-08-15,12.9,12.9,12.75,12.79,5100
2017-08-16,12.79,12.79,12.53,12.53,9700
2017-08-17,12.79,12.79,12.75,12.75,6340
2017-08-18,12.75,12.75,12.75,12.75,7000
2017-08-21,12.75,12.75,12.75,12.75,300
2017-08-22,12.71,12.75,12.71,12.75,300
2017-08-23,10.88,11.96,10.88,11.67,1029
2017-08-24,12.94,12.94,12.94,12.94,100
2017-08-25,11.7,12.82,11.7,12.82,300
2017-08-28,12.45,12.45,12.45,12.45,329
2017-08-29,12.45,12.56,12.45,12.56,2100
2017-08-30,12.53,12.53,12.53,12.53,0
2017-08-31,12.53,12.53,12.53,12.53,1700
2017-09-01,12.53,12.53,12.53,12.53,370
2017-09-05,12.53,12.53,12.53,12.53,3729
2017-09-06,12.53,12.53,12.34,12.53,2300
2017-09-07,12.53,12.53,12.53,12.53,0
2017-09-08,12.41,12.41,12.41,12.41,210
2017-09-11,12.41,12.53,12.41,12.53,500
2017-09-12,12.34,12.34,12.34,12.34,930
2017-09-13,12.34,12.34,12.34,12.34,8
2017-09-14,12.38,12.38,12.38,12.38,101
2017-09-15,12.38,12.38,12.38,12.38,1400
2017-09-18,12.45,12.45,12.45,12.45,553
2017-09-19,12.53,12.53,12.53,12.53,427
2017-09-20,12.53,12.53,12.53,12.53,500
2017-09-21,12.53,12.53,12.45,12.45,1754
2017-09-22,12.45,12.45,12.45,12.45,0
2017-09-25,12.53,12.53,12.45,12.45,1800
2017-09-26,12.53,12.53,12.49,12.53,1500
2017-09-27,12.49,12.49,12.45,12.45,2500
2017-09-28,12.49,12.49,12.45,12.45,1900
2017-09-29,12.49,12.53,12.49,12.53,6100
2017-10-02,12.56,12.56,12.56,12.56,3000
2017-10-03,12.6,12.6,12.56,12.6,5356
2017-10-04,12.6,12.64,12.6,12.64,2600
2017-10-05,12.71,12.79,12.71,12.79,5410
2017-10-06,12.86,12.9,12.79,12.79,1200
2017-10-09,12.86,12.86,12.86,12.86,1000
2017-10-10,12.86,12.86,12.86,12.86,1300
2017-10-11,12.86,12.86,12.75,12.75,5000
2017-10-12,12.79,12.79,12.75,12.79,2710
2017-10-13,12.79,12.79,12.75,12.79,2700
2017-10-16,12.75,12.82,12.75,12.79,3200
2017-10-17,12.82,12.82,12.75,12.75,500
2017-10-18,12.9,12.94,12.9,12.94,3200
2017-10-19,12.94,12.94,12.86,12.86,12400
2017-10-20,12.94,12.94,12.9,12.9,3600
2017-10-23,12.94,12.97,12.94,12.97,2400
2017-10-24,12.94,12.97,12.9,12.97,6300
2017-10-25,13.01,13.01,13.01,13.01,3500
2017-10-26,13.01,13.12,13.01,13.12,11600
2017-10-27,13.2,13.24,13.2,13.24,3260
2017-10-30,13.27,13.31,13.24,13.31,6100
2017-10-31,13.31,13.31,13.31,13.31,400
2017-11-01,13.39,13.46,13.39,13.46,4200
2017-11-02,13.46,13.46,13.42,13.42,200
2017-11-03,13.46,13.46,13.46,13.46,1400
2017-11-06,13.46,13.46,13.46,13.46,700
2017-11-07,13.46,13.46,13.46,13.46,1000
2017-11-08,13.46,13.46,13.46,13.46,0
2017-11-09,13.46,13.46,13.46,13.46,1200
2017-11-10,13.46,13.46,13.46,13.46,0
2017-11-13,13.31,13.31,13.31,13.31,800
2017-11-14,13.12,13.16,13.12,13.12,1550
2017-11-15,13.12,13.12,13.09,13.09,3100
2017-11-16,13.12,13.12,13.12,13.12,3600
2017-11-17,13.12,13.12,13.12,13.12,2490
2017-11-20,12.71,12.82,12.71,12.82,5000
2017-11-21,12.79,13.27,12.79,13.27,1200
2017-11-22,12.94,12.94,12.94,12.94,0
2017-11-23,12.94,12.94,12.94,12.94,0
2017-11-24,12.97,13.09,12.97,13.09,1000
2017-11-27,13.27,13.27,13.12,13.16,7100
2017-11-28,13.2,13.2,13.16,13.16,2200
2017-11-29,11.25,13.16,11.25,13.16,205
2017-11-30,13.24,13.24,13.24,13.24,100
2017-12-01,13.24,13.24,13.24,13.24,1300
2017-12-04,13.24,13.24,13.24,13.24,11800
2017-12-05,13.27,13.27,13.24,13.24,3000
2017-12-06,11.29,13.46,11.29,13.46,2100
2017-12-07,13.46,13.46,13.46,13.46,1000
2017-12-08,13.46,13.46,13.46,13.46,0
2017-12-11,13.46,13.46,13.46,13.46,0
2017-12-12,13.16,13.16,13.16,13.16,200
2017-12-13,13.16,13.16,13.09,13.09,1800
2017-12-14,13.24,13.35,13.24,13.31,1800
2017-12-15,13.31,13.31,13.31,13.31,0
2017-12-18,13.31,13.31,13.31,13.31,5600
2017-12-19,13.46,14.36,13.46,14.32,11400
2017-12-20,14.28,14.28,13.46,14.02,11800
2017-12-21,13.57,13.57,13.53,13.53,1000
2017-12-22,13.53,13.53,13.53,13.53,100
2017-12-25,13.65,13.83,13.65,13.83,1300
2017-12-26,14.21,14.21,14.21,14.21,2200
2017-12-27,14.32,14.32,14.21,14.21,500
2017-12-28,13.77,13.77,13.77,13.77,2400
2017-12-29,13.77,13.77,13.77,13.77,0
2018-01-02,13.81,13.81,13.81,13.81,500
2018-01-03,13.81,13.81,13.81,13.81,800
2018-01-04,13.93,13.93,13.93,13.93,3000
2018-01-05,13.97,13.97,13.93,13.97,3200
2018-01-08,14.01,14.01,14.01,14.01,700
2018-01-09,14.21,14.21,14.21,14.21,600
2018-01-10,14.21,14.21,14.21,14.21,300
2018-01-11,14.21,14.21,14.21,14.21,0
2018-01-12,14.17,14.21,14.13,14.13,14400
2018-01-15,14.21,14.25,14.17,14.21,1700
2018-01-16,14.21,14.33,14.21,14.33,2900
2018-01-17,14.36,14.36,14.33,14.36,1089
2018-01-18,14.72,14.72,14.72,14.72,5000
2018-01-19,15.12,15.12,14.72,14.72,7010
2018-01-22,14.72,14.72,14.72,14.72,400
2018-01-23,14.72,14.72,14.72,14.72,200
2018-01-24,14.72,14.72,14.72,14.72,2000
2018-01-25,14.72,14.72,14.72,14.72,6600
2018-01-26,14.72,14.72,14.6,14.6,3540
2018-01-29,14.72,14.72,14.72,14.72,1500
2018-01-30,14.72,14.76,14.6,14.6,1419
2018-01-31,14.68,14.68,14.64,14.64,840
2018-02-01,14.64,14.64,14.64,14.64,1900
2018-02-02,14.64,14.64,14.64,14.64,2000
2018-02-05,14.64,14.64,14.52,14.52,1400
2018-02-06,14.56,14.56,14.52,14.56,3500
2018-02-07,14.56,14.56,14.56,14.56,300
2018-02-08,14.56,14.56,14.56,14.56,500
2018-02-09,14.56,14.64,14.56,14.64,1900
2018-02-12,14.64,14.72,14.56,14.6,7350
2018-02-13,14.92,14.92,14.92,14.92,400
2018-02-21,14.92,14.92,14.92,14.92,0
2018-02-22,14.92,14.92,14.92,14.92,69
2018-02-23,15.04,15.12,14.8,14.8,4110
2018-02-26,14.96,14.96,14.96,14.96,0
2018-02-27,14.96,14.96,14.88,14.88,2800
2018-02-28,14.96,14.96,14.88,14.88,1750
2018-03-01,15.12,15.12,15.0,15.0,1900
2018-03-02,15.0,15.0,15.0,15.0,900
2018-03-05,15.0,15.0,14.96,14.96,900
2018-03-06,14.96,14.96,14.92,14.92,9700
2018-03-07,14.92,14.92,14.88,14.88,4300
2018-03-08,14.92,14.92,14.92,14.88,19
2018-03-09,14.92,14.92,14.92,14.92,5100
2018-03-12,14.92,14.96,14.92,14.92,12800
2018-03-13,14.92,14.96,14.92,14.92,8300
2018-03-14,14.92,14.92,14.72,14.72,4300
2018-03-15,14.72,14.72,14.72,14.72,1400
2018-03-16,13.13,14.72,13.13,14.72,2400
2018-03-19,14.64,14.64,14.64,14.64,6700
2018-03-20,14.64,14.64,14.64,14.64,5200
2018-03-21,14.64,14.72,14.64,14.72,10300
2018-03-22,14.72,14.92,14.72,14.92,5100
2018-03-23,14.92,14.92,14.92,14.92,2000
2018-03-26,14.92,14.92,14.92,14.92,300
2018-03-27,14.92,15.12,14.92,14.92,3300
2018-03-28,14.92,14.92,14.92,14.92,3240
2018-03-29,14.92,14.92,14.92,14.92,900
2018-03-30,14.88,14.88,14.88,14.88,3600
2018-04-02,14.88,14.88,14.88,14.88,2800
2018-04-03,14.88,14.88,14.88,14.88,4100
2018-04-04,14.88,14.88,14.72,14.8,3700
2018-04-05,14.84,14.84,14.84,14.84,0
2018-04-06,14.93,14.93,14.93,14.93,400
2018-04-09,15.01,15.01,14.97,14.97,700
2018-04-10,15.01,15.01,14.97,14.97,500
2018-04-11,14.97,14.97,14.84,14.84,2100
2018-04-12,14.93,14.93,14.84,14.88,900
2018-04-13,14.84,14.84,14.84,14.84,100
2018-04-16,14.88,14.88,14.84,14.84,550
2018-04-17,14.8,14.8,14.8,14.8,300
2018-04-18,14.88,14.93,14.88,14.88,600
2018-04-19,14.88,14.88,14.51,14.51,6700
2018-04-20,14.93,14.93,14.51,14.93,7200
2018-04-23,14.76,14.76,14.76,14.76,31800
2018-04-24,14.59,14.59,13.68,13.68,2500
2018-04-26,14.51,14.51,14.51,14.51,600
2018-04-27,14.51,14.51,14.51,14.51,20
2018-05-02,14.51,14.51,14.51,14.51,30
2018-05-03,14.51,14.51,14.51,14.51,3400
2018-05-04,14.51,14.51,14.51,14.51,2050
2018-05-07,14.1,14.1,13.06,13.68,8700
2018-05-08,13.72,13.72,13.68,13.68,13200
2018-05-09,13.68,13.68,13.68,13.68,6500
2018-05-10,13.76,13.81,13.68,13.81,800
2018-05-11,13.68,13.72,13.47,13.72,2100
2018-05-14,13.52,13.52,13.52,13.52,100
2018-05-15,13.68,13.68,13.68,13.68,200
2018-05-16,13.68,13.68,13.68,13.68,200
2018-05-17,13.68,13.68,13.64,13.64,3000
2018-05-18,13.68,13.68,13.68,13.68,1000
2018-05-21,13.64,13.64,12.85,13.64,2930
2018-05-22,13.06,13.06,13.06,13.06,0
2018-05-23,13.06,13.06,13.06,13.06,0
2018-05-24,13.1,13.1,13.1,13.1,300
2018-05-25,13.14,13.14,13.06,13.06,10500
2018-05-28,13.14,13.14,12.94,12.98,10930
2018-05-29,12.98,12.98,12.85,12.94,8900
2018-05-30,12.85,12.89,12.85,12.85,12800
2018-05-31,12.89,12.89,12.85,12.85,20400
2018-06-01,12.85,12.89,12.85,12.89,3800
2018-06-04,12.85,12.89,12.85,12.89,1600
2018-06-05,12.89,12.89,12.89,12.89,0
2018-06-06,12.89,12.89,12.89,12.89,3400
2018-06-07,13.06,13.06,12.94,13.02,5400
2018-06-08,12.94,12.94,12.94,12.94,4500
2018-06-11,12.85,12.94,12.85,12.89,3100
2018-06-12,12.94,12.94,12.85,12.89,13000
2018-06-13,12.89,12.89,12.89,12.89,11860
2018-06-14,12.89,12.89,12.89,12.89,1500
2018-06-15,12.89,12.89,12.89,12.89,500
2018-06-18,12.98,13.02,12.98,13.02,4000
2018-06-19,13.02,13.02,13.02,13.02,0
2018-06-20,13.27,13.27,13.27,13.27,100
2018-06-21,13.06,13.06,13.06,13.06,800
2018-06-22,13.06,13.06,13.06,13.06,2100
2018-06-25,13.27,13.27,13.27,13.27,1000
2018-06-26,13.27,13.27,13.27,13.27,0
2018-06-27,13.27,13.27,13.27,13.27,0
2018-06-28,13.27,13.27,13.27,13.27,1100
2018-06-29,13.27,13.27,12.85,12.85,7600
2018-07-02,13.06,13.06,13.06,13.06,500
2018-07-03,13.06,13.06,13.06,13.06,0
2018-07-04,12.98,13.06,12.85,13.06,2800
2018-07-05,13.06,13.06,13.06,13.06,500
2018-07-06,13.27,13.47,13.27,13.47,5010
2018-07-09,13.27,13.27,13.27,13.27,2500
2018-07-10,11.32,13.27,11.32,13.27,200
2018-07-11,12.31,12.31,12.31,12.31,0
2018-07-12,12.31,12.31,12.31,12.31,0
2018-07-13,12.64,12.73,12.64,12.73,1100
2018-07-16,12.64,12.64,12.64,12.64,0
2018-07-17,12.94,12.94,12.94,12.94,2500
2018-07-18,13.06,13.06,13.06,13.06,600
2018-07-19,13.06,13.06,13.06,13.06,0
2018-07-20,13.06,13.27,13.06,13.27,3800
2018-07-23,13.47,13.47,13.27,13.31,5100
2018-07-24,13.27,13.31,13.27,13.31,4500
2018-07-25,13.31,13.31,13.27,13.27,6500
2018-07-26,13.27,13.27,13.27,13.27,0
2018-07-27,13.31,13.39,13.31,13.35,1600
2018-07-30,13.35,13.35,13.35,13.35,800
2018-07-31,11.44,12.11,11.44,12.11,410
2018-08-01,13.39,13.68,13.39,13.68,2300
2018-08-02,14.1,14.1,14.1,14.1,1300
2018-08-03,12.02,12.02,12.02,12.02,100
2018-08-06,12.85,12.85,12.85,12.85,100
2018-08-07,12.85,12.85,12.85,12.85,96
2018-08-08,12.85,12.85,12.85,12.85,700
2018-08-09,12.85,12.98,12.85,12.98,2300
2018-08-10,12.89,12.89,12.89,12.89,320
2018-08-13,13.47,13.47,13.43,13.47,9800
2018-08-14,13.47,13.47,13.47,13.47,124
2018-08-15,13.47,13.47,13.47,13.47,0
2018-08-16,13.47,13.47,13.47,13.47,0
2018-08-17,13.47,13.47,13.47,13.47,0
2018-08-20,12.48,12.69,12.44,12.64,1393
2018-08-21,12.77,12.77,12.69,12.69,900
2018-08-22,12.73,12.73,12.73,12.73,0
2018-08-23,13.06,13.06,13.06,13.06,500
2018-08-24,13.06,13.06,13.06,13.06,2900
2018-08-27,13.1,13.1,13.06,13.06,5101
2018-08-28,13.1,13.1,13.06,13.1,3700
2018-08-29,13.1,13.47,13.1,13.47,4035
2018-08-30,13.47,13.47,13.47,13.47,820
2018-08-31,12.69,12.69,12.69,12.69,907
2018-09-04,12.69,12.69,12.69,12.69,0
2018-09-05,12.69,12.69,12.69,12.69,0
2018-09-06,12.85,12.85,12.85,12.85,1200
2018-09-07,12.77,12.85,11.65,12.85,500
2018-09-10,12.85,12.85,12.48,12.48,1000
2018-09-11,12.52,12.52,12.52,12.48,38
2018-09-12,12.56,12.56,12.56,12.56,1100
2018-09-13,12.85,13.14,12.85,13.14,1300
2018-09-14,13.06,13.06,13.06,13.06,0
2018-09-17,13.06,13.06,13.06,13.06,300
2018-09-18,13.1,13.1,13.1,13.1,300
2018-09-19,13.1,13.1,13.1,13.1,400
2018-09-20,13.1,13.1,13.1,13.1,0
2018-09-21,13.1,13.27,13.1,13.27,1500
2018-09-24,13.27,13.27,13.27,13.27,1020
2018-09-25,13.27,13.27,13.27,13.27,1000
2018-09-26,13.27,13.27,12.85,12.85,3900
2018-09-27,13.06,13.06,13.06,13.06,0
2018-09-28,13.1,13.1,13.06,13.06,1000
2018-10-01,13.06,13.06,13.06,13.06,5900
2018-10-02,13.06,13.14,13.06,13.14,700
2018-10-03,12.85,13.18,12.85,13.18,1000
2018-10-04,13.06,13.06,13.06,13.06,4000
2018-10-05,13.06,13.06,13.06,13.06,1800
2018-10-08,13.1,13.1,13.06,13.06,2124
2018-10-09,13.1,13.1,13.06,13.06,1219
2018-10-10,13.1,13.1,13.1,13.1,0
2018-10-11,12.44,12.44,12.44,12.44,700
2018-10-12,12.48,12.48,12.44,12.44,400
2018-10-15,12.44,12.44,12.44,12.44,0
2018-10-16,12.44,12.44,12.44,12.44,0
2018-10-17,13.27,13.27,13.27,13.27,500
2018-10-18,13.27,13.27,13.27,13.27,1500
2018-10-19,13.27,13.27,13.27,13.27,1100
2018-10-22,13.27,13.27,13.27,13.27,1000
2018-10-23,13.27,13.27,13.06,13.06,2900
2018-10-24,13.23,13.23,13.23,13.23,0
2018-10-25,13.23,13.23,13.23,13.23,0
2018-10-26,13.23,13.23,13.23,13.23,0
2018-10-29,12.56,12.56,12.52,12.52,500
2018-10-30,12.85,12.85,12.85,12.85,2000
2018-10-31,12.85,12.85,12.85,12.85,0
2018-11-01,12.89,12.89,12.85,12.85,1700
2018-11-02,12.89,13.1,12.89,13.1,1700
2018-11-05,13.27,13.27,13.1,13.1,7000
2018-11-06,13.1,13.23,13.1,13.23,7200
2018-11-07,13.27,14.51,13.27,13.27,16100
2018-11-08,13.31,13.31,13.27,13.27,5900
2018-11-09,13.27,13.27,13.27,13.27,9419
2018-11-12,14.1,14.1,13.68,13.68,1800
2018-11-13,14.1,14.1,13.97,13.97,600
2018-11-14,13.97,13.97,13.89,13.89,700
2018-11-15,13.76,13.76,13.76,13.76,1100
2018-11-16,13.76,13.76,13.72,13.72,3800
2018-11-19,13.76,13.76,13.76,13.76,2800
2018-11-20,13.85,13.85,13.76,13.76,5600
2018-11-21,13.76,13.76,13.76,13.76,2800
2018-11-22,13.81,14.1,13.81,14.1,5600
2018-11-23,13.85,14.1,14.1,14.1,0
2018-11-26,13.85,13.85,13.85,13.85,319
2018-11-27,14.3,14.3,14.1,14.18,6300
2018-11-28,14.18,14.18,14.1,14.1,7800
2018-11-29,14.1,14.1,14.1,14.1,3600
2018-11-30,14.1,14.1,14.1,14.1,2300
2018-12-03,14.1,14.1,14.05,14.1,4750
2018-12-04,14.14,14.14,14.1,14.1,5300
2018-12-05,14.32,15.66,14.32,15.66,4900
2018-12-06,14.54,15.12,14.54,15.12,600
2018-12-07,14.63,14.63,14.32,14.32,13500
2018-12-10,14.45,14.32,14.32,14.32,0
2018-12-11,14.18,14.32,14.18,14.32,1150
2018-12-12,14.32,14.32,14.32,14.32,1600
2018-12-13,14.45,14.45,14.45,14.45,100
2018-12-14,14.45,14.45,14.45,14.45,30
2018-12-17,14.36,14.36,14.27,14.27,500
2018-12-18,14.32,14.32,14.27,14.32,4100
2018-12-19,14.27,14.27,14.27,14.27,5200
2018-12-20,14.27,14.32,14.27,14.32,6600
2018-12-21,14.27,14.27,14.27,14.27,6000
2018-12-24,14.27,14.27,14.27,14.27,2210
2018-12-25,14.23,14.23,14.18,14.23,3500
2018-12-26,14.32,14.32,14.23,14.23,10200
2018-12-27,14.23,14.23,14.23,14.23,7800
2018-12-28,14.32,14.32,14.23,14.23,5245
2019-01-02,14.23,14.23,14.18,14.18,17300
2019-01-03,14.18,14.18,14.14,14.14,3000
2019-01-04,14.32,14.36,14.32,14.36,900
2019-01-07,14.36,14.36,14.18,14.18,4800
2019-01-08,13.87,14.18,13.87,14.18,3420
2019-01-09,14.09,14.18,14.18,14.18,0
2019-01-10,14.09,14.18,14.18,14.18,0
2019-01-11,14.09,14.09,14.09,14.09,300
2019-01-14,14.09,14.09,13.87,13.87,3959
2019-01-15,14.09,14.32,13.96,14.32,4200
2019-01-16,14.18,14.18,14.18,14.18,900
2019-01-17,13.92,13.92,13.87,13.87,3000
2019-01-18,13.87,14.0,13.87,13.87,4600
2019-01-21,13.87,13.87,13.87,13.87,2000
2019-01-22,13.87,13.87,13.87,13.87,11000
2019-01-23,13.87,13.87,13.87,13.87,0
2019-01-24,13.87,13.87,13.87,13.87,2400
2019-01-25,13.96,14.23,13.96,14.23,1700
2019-01-28,14.14,14.32,14.14,14.32,700
2019-01-29,14.23,14.23,14.23,14.23,6100
2019-01-30,14.23,14.23,14.23,14.23,2000
2019-01-31,14.27,14.27,14.27,14.27,400
2019-02-01,14.27,14.27,14.23,14.23,1400
2019-02-11,14.14,14.14,14.09,14.09,5250
2019-02-12,14.14,14.14,14.09,14.09,14300
2019-02-13,14.09,14.09,14.09,14.09,300
2019-02-14,13.87,14.05,13.83,14.05,5720
2019-02-15,13.87,13.87,13.87,13.87,110
2019-02-18,13.87,14.09,13.87,14.05,4200
2019-02-19,13.87,13.87,13.65,13.87,17200
2019-02-20,13.83,13.83,13.78,13.83,11600
2019-02-21,13.65,13.83,13.42,13.83,33000
2019-02-22,13.78,13.78,13.78,13.78,9120
2019-02-25,13.87,13.92,13.87,13.87,500
2019-02-26,14.09,14.23,13.92,13.92,900
2019-02-27,14.09,14.09,13.92,13.92,3500
2019-02-28,13.92,13.92,13.87,13.87,6700
2019-03-01,13.92,13.92,13.78,13.78,4100
2019-03-04,13.78,13.87,13.78,13.87,1400
2019-03-05,13.87,13.87,13.42,13.42,9900
2019-03-06,15.21,15.21,13.92,13.92,200
2019-03-07,13.87,13.92,13.87,13.92,2200
2019-03-08,13.56,13.78,13.51,13.78,2100
2019-03-11,13.56,13.78,13.78,13.78,0
2019-03-12,13.69,13.69,13.69,13.69,250
2019-03-13,14.05,14.05,14.05,14.05,450
2019-03-14,14.05,14.05,13.96,14.05,6710
2019-03-15,14.05,14.05,14.05,14.05,2300
2019-03-18,13.87,13.96,13.87,13.96,1900
2019-03-19,13.87,13.92,13.87,13.87,3400
2019-03-20,13.87,14.45,13.87,14.45,6300
2019-03-21,14.05,14.05,14.05,14.05,2000
2019-03-22,13.92,14.05,13.87,14.05,4900
2019-03-25,13.92,14.09,13.87,14.09,5400
2019-03-26,13.96,13.96,13.96,14.09,40
2019-03-27,13.96,13.96,13.96,13.96,200
2019-03-28,13.96,13.96,13.87,13.96,16300
2019-03-29,13.96,13.96,13.96,13.96,18003
2019-04-01,13.96,13.96,13.96,13.96,34140
2019-04-02,13.96,13.96,13.96,13.96,4400
2019-04-03,14.0,14.0,13.96,13.96,3900
2019-04-04,13.96,13.96,13.87,13.96,1600
2019-04-05,14.32,14.36,14.32,14.32,1400
2019-04-08,14.32,14.32,14.32,14.32,2003
2019-04-09,14.5,14.5,14.36,14.5,2100
2019-04-10,14.54,14.54,14.54,14.54,7400
2019-04-11,14.54,14.54,14.0,14.5,3434
2019-04-12,14.5,14.5,14.45,14.45,1200
2019-04-16,14.5,14.59,14.5,14.59,6250
2019-04-17,14.54,14.59,14.59,14.59,0
2019-04-18,14.63,14.94,14.63,14.77,8600
2019-04-19,14.77,14.77,14.54,14.63,3600
2019-04-22,14.63,14.77,14.63,14.77,2100
2019-04-23,14.77,14.94,14.77,14.85,23400
2019-04-24,14.99,14.99,14.99,14.99,100
2019-04-25,14.99,15.03,14.99,15.03,810
2019-04-26,14.99,15.03,14.99,15.03,1920
2019-05-02,14.9,15.03,14.9,15.03,4800
2019-05-03,15.08,15.21,15.08,15.21,10900
2019-05-06,15.21,15.62,15.21,15.44,2300
2019-05-07,15.66,15.66,15.48,15.66,8200
2019-05-08,15.7,15.88,15.66,15.88,5700
2019-05-09,15.88,15.93,15.88,15.93,930
2019-05-10,15.88,15.93,15.88,15.93,3400
2019-05-13,15.93,15.93,15.88,15.93,5100
2019-05-14,15.84,15.84,15.66,15.66,3000
2019-05-15,15.79,15.66,15.66,15.66,0
2019-05-16,15.88,15.88,15.08,15.08,1100
2019-05-17,15.21,15.66,15.21,15.66,820
2019-05-20,15.35,15.44,15.3,15.3,5000
2019-05-21,15.39,15.3,15.3,15.3,0
2019-05-22,15.39,15.3,15.3,15.3,0
2019-05-23,15.39,15.39,15.39,15.39,502
2019-05-24,15.66,15.66,15.66,15.66,300
2019-05-27,15.66,15.88,15.66,15.88,8500
2019-05-28,15.88,15.88,15.88,15.88,9512
2019-05-29,15.88,15.93,15.88,15.93,19500
2019-05-30,15.88,15.88,15.88,15.88,15400
2019-05-31,15.88,15.88,15.88,15.88,300
2019-06-03,15.84,15.84,15.84,15.84,1500
2019-06-04,15.84,15.84,15.84,15.84,0
2019-06-05,15.84,15.88,15.84,15.84,4800
2019-06-06,15.88,15.88,15.88,15.88,210
2019-06-07,15.88,15.88,15.88,15.88,100
2019-06-10,15.66,15.66,15.66,15.66,882
2019-06-11,15.88,15.88,15.88,15.88,130
2019-06-12,15.88,15.88,15.88,15.88,300
2019-06-13,15.97,15.97,15.97,15.97,300
2019-06-14,15.97,15.97,15.88,15.88,1700
2019-06-17,15.97,15.97,15.97,15.88,1
2019-06-18,15.97,15.97,15.97,15.97,1600
2019-06-19,15.97,15.97,15.97,15.97,50
2019-06-20,15.93,15.93,15.66,15.88,11001
2019-06-21,15.88,15.88,15.88,15.88,0
2019-06-24,15.66,15.88,14.54,15.88,12000
2019-06-25,15.21,15.21,14.99,14.99,1300
2019-06-26,15.21,14.99,14.99,14.99,0
2019-06-27,15.26,15.26,15.26,15.26,100
2019-06-28,15.66,15.66,15.62,15.62,1400
2019-07-01,15.84,15.84,15.84,15.84,2400
2019-07-02,15.84,15.84,15.84,15.84,450
2019-07-03,15.66,15.66,15.66,15.66,935
2019-07-04,15.66,15.66,15.66,15.66,0
2019-07-05,15.66,15.66,15.66,15.66,800
2019-07-08,15.66,15.66,15.66,15.66,1000
2019-07-09,15.66,15.66,15.66,15.66,1001
2019-07-10,15.66,15.66,15.66,15.66,0
2019-07-11,15.66,15.66,15.66,15.66,0
2019-07-12,15.66,15.66,15.66,15.66,0
2019-07-15,15.26,15.26,15.03,15.21,3100
2019-07-16,15.12,15.21,15.21,15.21,0
2019-07-17,15.12,15.12,15.12,15.21,10
2019-07-18,15.44,15.57,15.44,15.57,2000
2019-07-19,15.62,15.66,15.57,15.66,6200
2019-07-22,15.48,15.48,15.48,15.48,1000
2019-07-23,15.57,15.66,15.57,15.62,6860
2019-07-24,15.53,15.53,15.53,15.53,2200
2019-07-25,15.66,15.66,15.66,15.66,124
2019-07-26,15.66,15.66,15.66,15.66,200
2019-07-29,15.66,15.88,15.66,15.88,8110
2019-07-30,15.88,16.11,15.88,16.02,6300
2019-07-31,15.97,16.11,15.97,16.11,1810
2019-08-01,16.11,16.11,16.11,16.11,0
2019-08-02,16.11,16.11,16.11,16.11,5400
2019-08-05,16.33,16.33,16.11,16.15,3513
2019-08-06,16.11,16.11,16.11,16.11,1100
2019-08-07,16.11,16.11,16.11,16.11,400
2019-08-08,15.97,16.11,15.97,16.11,1423
2019-08-09,16.33,16.33,16.33,16.33,500
2019-08-12,17.23,17.23,15.66,16.02,2930
2019-08-13,16.78,16.78,16.78,16.78,400
2019-08-14,16.78,17.67,16.78,17.67,5069
2019-08-15,17.36,17.36,15.7,15.7,7200
2019-08-16,16.11,16.11,16.11,16.11,220
2019-08-19,16.11,16.11,16.11,17.06,10
2019-08-20,17.01,17.01,17.01,17.01,200
2019-08-21,17.01,17.01,17.01,17.01,16
2019-08-22,16.96,16.96,16.96,16.96,3100
2019-08-23,16.82,16.82,16.82,16.82,4200
2019-08-26,17.06,17.06,17.06,17.06,2400
2019-08-27,16.82,16.82,16.68,16.68,3000
2019-08-28,16.87,17.29,16.87,17.29,6216
2019-08-29,17.2,17.29,17.2,17.29,900
2019-08-30,17.29,17.29,17.29,17.29,2700
2019-09-03,17.29,17.29,17.29,17.29,0
2019-09-04,17.29,17.29,17.29,17.29,1040
2019-09-05,17.29,17.39,17.29,17.29,4100
2019-09-06,17.29,17.39,17.29,17.39,2700
2019-09-09,17.29,17.29,17.29,17.29,1100
2019-09-10,17.53,18.0,17.53,18.0,2110
2019-09-11,17.53,17.53,17.53,17.53,600
2019-09-12,17.29,17.29,17.29,17.29,1310
2019-09-13,17.34,17.34,17.34,17.34,210
2019-09-16,17.34,17.34,17.34,17.34,1400
2019-09-17,17.06,17.06,16.82,16.82,4000
2019-09-18,16.82,16.82,16.82,16.82,900
2019-09-19,16.82,17.06,16.82,17.06,5016
2019-09-20,16.87,16.87,16.58,16.58,500
2019-09-23,17.06,17.25,17.06,17.06,3300
2019-09-24,17.06,17.06,17.06,17.06,100
2019-09-25,17.06,17.06,17.06,17.06,500
2019-09-26,17.06,17.06,17.06,17.06,1010
2019-09-27,17.06,17.06,17.06,17.06,4736
2019-09-30,17.06,17.06,17.06,17.06,200
2019-10-01,17.2,17.2,17.2,17.2,2000
2019-10-02,17.2,17.2,17.2,17.2,0
2019-10-03,17.29,17.29,17.29,17.29,700
2019-10-04,17.34,17.53,17.34,17.53,2000
2019-10-07,17.53,17.53,17.53,17.53,3000
2019-10-08,17.53,17.53,17.53,17.53,0
2019-10-09,17.29,17.53,17.29,17.53,4700
2019-10-10,17.53,17.53,17.53,17.53,1400
2019-10-11,17.53,17.53,17.53,17.53,0
2019-10-14,17.53,17.53,17.53,17.53,2000
2019-10-15,17.53,17.62,17.53,17.62,5170
2019-10-16,17.53,17.53,17.53,17.53,4370
2019-10-17,17.62,17.77,17.62,17.77,4709
2019-10-18,17.58,17.77,17.58,17.77,7600
2019-10-21,17.67,17.72,17.53,17.53,2500
2019-10-22,17.53,17.62,17.53,17.62,600
2019-10-23,17.58,17.62,17.53,17.62,1200
2019-10-24,17.53,17.53,17.53,17.53,473
2019-10-25,17.53,17.58,17.53,17.53,6270
2019-10-28,17.53,17.53,17.53,17.53,450
2019-10-29,17.53,17.53,17.53,17.53,2400
2019-10-30,17.53,17.53,17.29,17.29,1000
2019-10-31,17.53,17.62,17.34,17.29,4277
2019-11-01,17.34,17.34,17.34,17.34,380
2019-11-04,17.53,17.53,17.53,17.53,42400
2019-11-05,17.53,17.62,17.53,17.62,2510
2019-11-06,17.62,18.0,17.62,18.0,3700
2019-11-07,18.0,18.0,18.0,18.0,1800
2019-11-08,18.0,18.0,18.0,18.0,5
2019-11-11,18.0,18.0,18.0,18.0,6600
2019-11-12,18.0,18.05,18.0,18.05,9130
2019-11-13,18.05,18.1,18.05,18.05,6000
2019-11-14,18.05,18.05,18.05,18.05,0
2019-11-15,18.05,18.05,18.05,18.05,900
2019-11-18,18.95,18.95,18.95,18.95,100
2019-11-19,18.2,18.2,18.2,18.2,510
2019-11-20,18.2,18.2,18.2,18.2,0
2019-11-21,18.3,18.3,18.3,18.3,700
2019-11-22,18.3,18.3,18.3,18.3,0
2019-11-25,18.3,18.3,18.3,18.3,10
2019-11-26,18.2,18.2,18.2,18.2,300
2019-11-27,18.2,18.2,18.2,18.2,0
2019-11-28,18.3,18.3,17.95,18.25,4409
2019-11-29,18.2,18.2,18.2,18.2,1600
2019-12-02,17.95,17.95,17.95,18.2,900
2019-12-03,18.25,18.25,17.95,17.95,1100
2019-12-04,18.0,17.95,17.95,17.95,0
2019-12-05,18.0,17.95,17.95,17.95,0
2019-12-06,18.0,17.95,17.95,17.95,0
2019-12-09,16.96,16.96,16.96,16.96,3000
2019-12-10,16.96,16.96,16.96,16.96,0
2019-12-11,17.01,17.01,16.96,16.96,3600
2019-12-12,16.96,16.96,16.96,16.96,3400
2019-12-13,16.71,16.71,16.46,16.71,3100
2019-12-16,17.45,17.45,17.45,17.45,3000
2019-12-17,17.01,17.01,16.96,16.96,1200
2019-12-18,16.96,16.96,16.96,16.96,1100
2019-12-19,16.96,16.96,16.96,16.96,100
2019-12-20,17.21,17.21,16.86,16.96,10100
2019-12-23,16.96,16.96,16.96,16.96,400
2019-12-24,16.96,16.96,16.96,16.96,0
2019-12-25,16.86,16.86,15.81,16.46,13700
2019-12-26,15.96,16.01,15.96,15.96,12800
2019-12-27,15.96,15.96,15.96,15.96,0
2019-12-30,15.96,15.96,15.96,15.96,369
2019-12-31,15.71,15.71,15.06,15.06,19030
2020-01-02,14.96,14.96,14.96,14.96,3500
2020-01-03,14.96,14.96,14.61,14.61,3900
2020-01-06,14.56,14.61,14.46,14.46,2400
2020-01-07,14.21,14.26,14.21,14.26,7100
2020-01-08,14.41,14.41,14.41,14.41,2500
2020-01-09,14.46,14.56,14.46,14.56,1001
2020-01-10,14.51,14.66,14.51,14.66,1800
2020-01-13,14.46,14.46,14.46,14.46,200
2020-01-14,14.66,14.66,14.66,14.66,100
2020-01-15,14.86,15.46,14.86,15.46,1200
2020-01-16,14.96,14.96,14.96,14.96,1000
2020-01-17,14.96,14.96,14.96,14.96,0
2020-01-20,14.66,14.96,14.66,14.86,5600
2020-01-21,14.76,14.76,14.76,14.76,4500
2020-01-22,14.81,14.81,14.81,14.81,2800
2020-01-30,14.96,14.96,14.96,14.96,200
2020-01-31,14.96,14.96,14.96,14.96,200
2020-02-03,14.96,14.96,14.96,14.96,1000
2020-02-04,14.96,14.96,14.96,14.96,300
2020-02-05,14.91,15.21,14.86,15.21,4100
2020-02-06,15.21,15.61,15.21,15.61,5900
2020-02-07,14.96,14.96,14.91,14.91,6000
2020-02-10,15.81,15.91,15.81,15.91,4000
2020-02-11,15.91,15.96,15.91,15.96,1500
2020-02-12,16.36,16.46,16.21,16.21,5600
2020-02-13,15.21,16.36,15.21,16.36,3900
2020-02-14,15.81,16.36,16.36,16.36,0
2020-02-17,15.81,16.71,15.81,16.71,4000
2020-02-18,16.26,16.26,16.26,16.26,700
2020-02-19,16.26,16.26,16.26,16.26,0
2020-02-20,16.26,16.26,16.26,16.26,0
2020-02-21,16.26,16.26,16.26,16.26,0
2020-02-24,16.26,16.26,16.01,16.01,2600
2020-02-25,15.01,15.01,14.96,14.96,700
2020-02-26,15.26,15.26,15.26,15.26,100
2020-02-27,15.26,15.26,15.26,15.26,0
2020-02-28,15.26,15.26,15.26,15.26,0
2020-03-02,14.96,14.96,14.96,14.96,600
2020-03-03,15.01,15.66,15.01,15.66,2700
2020-03-04,15.86,15.86,15.86,15.86,4300
2020-03-05,15.96,16.21,14.96,14.96,4600
2020-03-06,15.06,16.46,15.06,16.46,10700
2020-03-09,15.46,15.56,15.46,15.56,2000
2020-03-10,15.21,15.21,15.11,15.11,300
2020-03-11,15.26,15.26,14.96,14.96,7200
2020-03-12,14.66,14.96,14.46,14.46,8900
2020-03-13,14.01,15.66,14.01,15.66,7205
2020-03-16,14.46,14.96,14.31,14.91,27700
2020-03-17,14.71,14.91,14.91,14.91,0
2020-03-18,15.66,16.41,15.66,16.41,5600
2020-03-19,14.96,14.96,14.86,14.86,4700
2020-03-20,14.86,14.86,14.86,14.86,0
2020-03-23,15.46,15.71,15.46,15.66,2700
2020-03-24,15.61,15.66,15.66,15.66,0
2020-03-25,15.36,15.86,15.36,15.86,3600
2020-03-26,15.76,15.86,15.86,15.86,0
2020-03-27,15.76,15.86,15.86,15.86,0
2020-03-30,15.76,15.86,15.86,15.86,0
2020-03-31,15.76,15.76,15.76,15.86,5
2020-04-01,14.46,15.41,14.46,15.41,2400
2020-04-03,15.41,15.46,15.21,15.21,2000
2020-04-06,15.36,15.41,15.36,15.41,305
2020-04-07,15.21,15.41,14.96,15.41,2700
2020-04-08,15.31,15.71,15.31,15.71,3000
2020-04-09,15.51,15.71,15.71,15.71,0
2020-04-10,13.96,13.96,13.96,13.96,1300
2020-04-13,13.96,13.96,13.96,13.96,0
2020-04-14,14.96,15.01,14.96,15.01,2000
2020-04-15,15.01,15.01,15.01,15.01,0
2020-04-16,15.01,15.01,15.01,15.01,0
2020-04-17,14.86,14.96,14.86,14.96,1600
2020-04-20,14.96,15.46,14.96,15.41,12800
2020-04-21,15.21,15.61,15.21,15.56,11000
2020-04-22,15.61,15.66,15.61,15.61,11100
2020-04-23,15.61,15.61,15.46,15.46,4900
2020-04-24,15.46,15.46,15.26,15.46,1300
2020-04-27,15.36,15.46,15.46,15.46,0
2020-04-28,15.41,15.41,15.41,15.41,400
2020-04-29,15.21,15.36,15.21,15.36,1100
2020-05-04,14.96,14.96,14.96,14.96,200
2020-05-05,14.96,14.96,14.96,14.96,2000
2020-05-06,14.96,15.71,14.96,15.21,1700
2020-05-07,15.71,15.71,15.61,15.61,2100
2020-05-08,15.61,15.61,15.51,15.51,4900
2020-05-11,15.56,15.56,15.56,15.56,1300
2020-05-12,15.46,15.46,15.21,15.46,5400
2020-05-13,15.36,15.36,15.31,15.31,6300
2020-05-14,15.71,15.71,15.31,15.31,606
2020-05-15,15.66,15.66,15.41,15.41,6902
2020-05-18,15.71,15.71,15.71,15.71,18100
2020-05-19,15.46,15.46,15.46,15.46,1400
2020-05-20,15.96,15.96,15.11,15.91,3100
2020-05-21,15.96,15.96,15.46,15.46,3500
2020-05-22,15.71,15.71,15.71,15.71,500
2020-05-25,15.71,15.71,15.46,15.46,6400
2020-05-26,15.71,15.71,15.71,15.71,100
2020-05-27,15.71,15.71,15.71,15.71,300
2020-05-28,15.71,15.71,15.71,15.71,100
2020-05-29,15.71,15.71,15.71,15.71,0
2020-06-01,15.71,15.71,15.66,15.71,7500
2020-06-02,15.56,15.56,15.26,15.46,6100
2020-06-03,15.46,15.71,15.46,15.71,2600
2020-06-04,15.61,15.61,15.61,15.61,1100
2020-06-05,15.61,15.61,15.61,15.61,0
2020-06-08,15.71,15.81,15.46,15.46,5700
2020-06-09,15.46,15.76,15.46,15.76,4500
2020-06-10,15.76,15.86,15.76,15.76,2000
2020-06-11,15.81,15.81,15.76,15.81,700
2020-06-12,15.81,15.81,15.71,15.71,900
2020-06-15,17.7,17.7,15.76,15.76,300
2020-06-16,15.71,16.01,15.71,16.01,482
2020-06-17,15.81,15.81,15.81,15.81,4300
2020-06-18,15.81,15.81,15.81,15.81,600
2020-06-19,15.81,15.81,15.81,15.81,2532
2020-06-22,15.81,15.81,15.81,15.81,0
2020-06-23,15.96,15.96,15.96,15.96,100
2020-06-24,15.96,15.96,15.96,15.96,0
2020-06-25,15.81,15.81,15.81,15.81,653
2020-06-26,15.81,15.81,15.81,15.81,900
2020-06-29,15.91,15.91,15.91,15.91,100
2020-06-30,17.21,17.21,17.21,17.21,110
2020-07-01,17.21,17.21,17.21,17.21,0
2020-07-02,15.96,15.96,15.96,15.96,5000
2020-07-03,16.21,16.21,16.21,16.21,2000
2020-07-06,15.96,16.21,15.96,16.01,5000
2020-07-07,16.01,16.01,15.86,15.91,11610
2020-07-08,16.41,16.46,15.96,15.96,2503
2020-07-09,15.96,15.96,15.96,15.96,7000
2020-07-10,15.96,15.96,15.96,15.96,100
2020-07-13,16.21,16.46,16.21,16.46,8400
2020-07-14,16.46,16.46,16.46,16.46,5000
2020-07-15,16.66,16.66,16.66,16.66,300
2020-07-16,16.71,17.45,16.71,16.96,10500
2020-07-17,16.96,17.06,16.96,17.06,1300
2020-07-20,17.45,17.45,16.96,17.06,700
2020-07-21,16.21,16.61,16.21,16.61,3500
2020-07-22,17.21,16.61,16.61,16.61,0
2020-07-23,16.71,16.71,16.71,16.71,1100
2020-07-24,16.46,16.46,16.46,16.46,1500
2020-07-27,16.71,16.71,16.46,16.46,6700
2020-07-28,16.61,16.61,16.61,16.61,100
2020-07-29,15.66,15.66,15.66,15.66,300
2020-07-30,16.06,16.06,16.06,16.06,500
2020-07-31,16.06,16.06,16.06,16.06,48
2020-08-03,16.06,16.06,16.06,16.06,0
2020-08-04,16.06,16.06,16.06,16.06,0
2020-08-05,16.06,16.06,16.06,16.06,0
2020-08-06,16.71,16.71,16.71,16.71,1040
2020-08-07,16.96,16.96,16.71,16.71,3730
2020-08-10,14.21,16.91,14.21,16.46,2700
2020-08-11,16.71,16.71,16.46,16.46,5310
2020-08-12,16.51,16.56,16.51,16.56,1900
2020-08-13,17.21,17.21,16.56,16.56,2100
2020-08-14,16.86,16.56,16.56,16.56,0
2020-08-17,16.86,16.86,16.86,16.56,20
2020-08-18,16.86,16.86,16.86,16.56,10
2020-08-19,16.86,16.56,16.56,16.56,0
2020-08-20,16.86,16.56,16.56,16.56,0
2020-08-21,16.86,16.86,16.86,16.86,3510
2020-08-24,16.86,16.96,16.86,16.96,4202
2020-08-25,16.86,16.86,16.86,16.86,6400
2020-08-26,16.86,16.86,16.86,16.86,8760
2020-08-27,16.86,16.86,16.61,16.86,7401
2020-08-28,16.86,16.86,16.86,16.86,8700
2020-08-31,16.86,16.86,16.86,16.86,8130
2020-09-01,16.86,16.86,16.86,16.86,0
2020-09-03,16.91,16.96,16.91,16.96,2035
2020-09-04,16.96,16.96,16.96,16.96,3000
2020-09-07,16.96,16.96,16.96,16.96,900
2020-09-08,16.96,16.96,16.96,16.96,100
2020-09-09,16.96,17.21,16.96,17.21,4300
2020-09-10,17.21,17.21,17.21,17.21,3600
2020-09-11,17.21,17.21,17.21,17.21,3000
2020-09-14,18.4,18.4,17.45,17.45,2600
2020-09-15,17.35,17.45,17.35,17.45,6800
2020-09-16,17.7,17.7,17.7,17.7,1500
2020-09-17,17.5,17.5,17.45,17.45,5000
2020-09-18,17.45,17.45,17.45,17.45,6929
2020-09-21,17.5,17.5,17.5,17.5,100
2020-09-22,17.45,17.45,17.45,17.45,800
2020-09-23,17.7,17.7,17.7,17.7,9201
2020-09-24,17.7,17.7,17.7,17.7,0
2020-09-25,17.65,17.7,17.65,17.7,200
2020-09-28,17.65,17.7,17.65,17.7,2700
2020-09-29,17.7,17.7,17.5,17.7,10900
2020-09-30,17.7,17.7,17.6,17.6,700
2020-10-01,17.66,18.12,18.12,18.12,0
2020-10-02,17.5,17.5,17.45,17.45,1900
2020-10-05,18.12,18.12,18.12,18.12,100
2020-10-06,18.12,18.12,18.12,18.12,0
2020-10-07,17.81,17.91,17.81,17.91,700
2020-10-08,17.71,17.71,17.71,17.71,4400
2020-10-09,17.91,17.91,17.91,17.91,100
2020-10-12,17.71,17.71,17.71,17.71,100
2020-10-13,18.17,18.17,18.17,18.17,100
2020-10-14,17.71,17.71,17.71,17.71,700
2020-10-15,17.45,17.45,16.42,16.94,2100
2020-10-16,18.42,18.42,18.42,18.42,100
2020-10-19,16.47,18.37,16.47,17.45,1500
2020-10-20,17.55,17.71,17.55,17.71,2100
2020-10-21,17.66,17.71,17.66,17.71,2500
2020-10-22,17.71,17.96,17.71,17.96,2300
2020-10-23,17.71,18.07,17.24,17.35,5400
2020-10-26,17.55,17.71,17.55,17.55,4600
2020-10-27,17.45,17.55,17.45,17.55,5000
2020-10-28,17.6,17.6,17.19,17.19,1400
2020-10-29,18.57,18.57,17.61,17.61,5700
2020-10-30,17.61,17.61,17.61,17.61,2000
2020-11-02,17.61,17.61,17.61,17.61,300
2020-11-03,17.61,17.61,17.61,17.61,0
2020-11-04,16.32,16.88,16.32,16.32,2100
2020-11-05,16.32,16.32,16.32,16.32,3200
2020-11-06,16.32,16.38,16.32,16.32,11300
2020-11-09,16.32,16.43,16.32,16.38,49200
2020-11-10,16.38,16.88,16.38,16.88,14500
2020-11-11,16.38,16.38,16.38,16.38,100
2020-11-12,16.38,16.43,16.32,16.43,26300
2020-11-13,16.38,16.49,16.32,16.38,20200
2020-11-16,16.6,16.6,16.49,16.49,7600
2020-11-17,16.6,16.6,16.38,16.38,19100
2020-11-18,16.6,16.6,16.54,16.6,13600
2020-11-19,16.66,16.66,16.6,16.66,4400
2020-11-20,16.6,16.77,16.54,16.6,21600
2020-11-23,16.49,16.6,16.43,16.6,9600
2020-11-24,16.49,16.49,16.32,16.49,11700
2020-11-25,17.45,17.45,16.49,16.6,400
2020-11-26,16.77,16.88,16.77,16.88,2600
2020-11-27,17.0,17.0,17.0,17.0,600
2020-11-30,16.88,16.94,16.88,16.88,5000
2020-12-01,17.05,17.45,17.05,17.45,4000
2020-12-02,17.73,17.73,17.67,17.67,400
2020-12-03,16.88,17.16,16.6,17.11,5900
2020-12-04,17.16,17.16,17.16,17.16,3000
2020-12-07,17.16,17.67,17.16,17.67,1200
2020-12-08,17.33,17.39,17.16,17.16,3100
2020-12-09,17.16,17.16,17.16,17.16,0
2020-12-10,17.16,17.16,17.11,17.16,12900
2020-12-11,17.56,18.29,17.45,18.01,28245
2020-12-14,18.57,19.13,18.57,18.63,38209
2020-12-15,18.57,18.63,18.29,18.46,24600
2020-12-16,18.68,19.25,18.51,18.85,118615
2020-12-17,18.85,18.85,18.74,18.74,25100
2020-12-18,20.07,20.07,18.92,19.28,21350
2020-12-21,19.34,19.58,19.28,19.28,12045
2020-12-22,18.32,18.86,18.32,18.86,15200
2020-12-23,18.68,18.68,18.5,18.62,33863
2020-12-24,18.68,18.98,18.56,18.68,11000
2020-12-25,18.68,18.68,18.68,18.68,4910
2020-12-28,18.92,18.92,18.68,18.92,25533
2020-12-29,18.8,18.92,18.74,18.74,18630
2020-12-30,18.86,18.86,18.74,18.8,18650
2020-12-31,18.8,18.86,18.8,18.86,11168
2021-01-04,18.8,18.86,18.74,18.8,16530
2021-01-05,18.8,18.86,18.74,18.74,25530
2021-01-06,18.74,18.92,18.68,18.8,10600
2021-01-07,18.8,18.98,16.03,18.8,12620
2021-01-08,18.92,19.04,18.86,18.98,18600
2021-01-11,18.92,18.98,18.8,18.98,8910
2021-01-12,18.74,18.98,18.74,18.98,6500
2021-01-13,18.86,19.1,18.86,18.86,25500
2021-01-14,19.1,19.1,18.98,18.98,10719
2021-01-15,18.86,18.86,18.74,18.74,8940
2021-01-18,18.92,18.92,18.8,18.8,9602
2021-01-19,18.74,18.8,18.56,18.74,32010
2021-01-20,18.74,18.92,18.74,18.92,2514
2021-01-21,18.8,19.16,18.8,19.16,26700
2021-01-22,19.16,19.16,19.04,19.1,13600
2021-01-25,18.8,19.04,18.8,19.04,6700
2021-01-26,18.98,19.1,18.68,18.98,4300
2021-01-27,18.68,19.22,18.68,19.22,5310
2021-01-28,18.92,18.92,17.84,17.84,22000
2021-01-29,18.32,18.74,17.29,18.74,28300
2021-02-01,18.62,18.62,18.2,18.2,3700
2021-02-02,18.56,18.56,18.56,18.56,6500
2021-02-03,18.68,18.68,18.68,18.68,2000
2021-02-04,18.68,18.86,18.68,18.86,3200
2021-02-05,18.68,18.68,18.68,18.68,3000
2021-02-08,18.44,18.44,18.38,18.38,4500
2021-02-09,18.38,18.5,18.38,18.5,4000
2021-02-17,18.56,18.62,18.5,18.62,5100
2021-02-18,18.26,18.44,18.14,18.44,7900
2021-02-19,18.38,18.38,18.38,18.38,5014
2021-02-22,18.32,18.68,18.32,18.56,4200
2021-02-23,18.56,18.62,18.56,18.56,6800
2021-02-24,18.38,18.56,18.38,18.44,28166
2021-02-25,18.44,18.44,18.44,18.44,200
2021-02-26,18.44,18.68,18.38,18.62,20800
2021-03-01,18.68,18.68,18.5,18.5,13110
2021-03-02,18.56,18.68,18.56,18.56,3100
2021-03-03,18.56,18.56,18.56,18.56,4118
2021-03-04,18.68,18.98,18.62,18.62,20516
2021-03-05,18.56,18.8,18.56,18.8,12800
2021-03-08,18.98,18.98,18.8,18.86,13340
2021-03-09,18.8,18.8,18.56,18.8,29000
2021-03-10,18.68,18.86,18.68,18.86,5400
2021-03-11,18.8,18.86,18.68,18.8,9443
2021-03-12,18.86,18.86,18.8,18.8,1200
2021-03-15,18.8,18.86,18.8,18.8,10000
2021-03-16,18.68,18.92,18.68,18.68,18600
2021-03-17,18.74,18.86,18.74,18.74,2445
2021-03-18,18.8,18.86,18.74,18.74,2700
2021-03-19,18.74,18.8,18.74,18.74,5600
2021-03-22,18.8,18.92,18.8,18.86,23810
2021-03-23,19.28,19.28,18.8,18.8,3600
2021-03-24,18.8,18.8,18.68,18.8,23100
2021-03-25,18.8,18.8,18.68,18.8,23466
2021-03-26,18.8,18.86,18.68,18.86,33509
2021-03-29,18.68,18.8,18.68,18.8,11300
2021-03-30,18.8,18.8,18.8,18.8,4000
2021-03-31,18.8,18.86,18.68,18.8,9200
2021-04-01,18.8,18.8,18.74,18.8,12059
2021-04-02,18.8,18.86,18.8,18.86,4200
2021-04-05,18.8,18.86,18.8,18.86,20000
2021-04-06,18.86,18.98,18.86,18.92,25200
2021-04-07,18.92,18.92,18.68,18.68,106500
2021-04-08,18.68,18.8,18.62,18.62,44700
2021-04-09,18.68,18.68,18.62,18.68,37000
2021-04-12,18.62,18.68,18.56,18.68,55700
2021-04-13,18.68,18.74,18.62,18.62,13900
2021-04-14,18.62,18.62,18.56,18.62,72000
2021-04-15,18.56,18.56,18.5,18.56,11800
2021-04-16,18.5,18.56,18.44,18.44,21200
2021-04-19,18.44,18.5,18.44,18.5,7300
2021-04-20,18.38,18.44,18.38,18.44,12435
2021-04-22,18.44,18.5,18.44,18.44,18345
2021-04-23,18.44,18.44,18.38,18.44,12100
2021-04-26,18.38,18.38,18.32,18.32,25700
2021-04-27,18.26,18.38,18.26,18.38,24400
2021-04-28,18.08,18.56,18.08,18.56,28200
2021-04-29,18.32,18.32,18.2,18.26,3710
2021-05-04,18.26,18.44,18.26,18.44,5200
2021-05-05,18.44,18.62,18.38,18.62,23400
2021-05-06,18.32,18.44,18.32,18.44,4920
2021-05-07,18.38,18.44,18.38,18.44,1900
2021-05-10,18.38,18.44,18.38,18.44,2363
2021-05-11,18.44,18.5,18.44,18.5,3501
2021-05-12,18.38,18.44,18.38,18.38,3000
2021-05-13,18.38,18.38,18.38,18.38,6400
2021-05-14,18.32,18.38,18.32,18.38,8200
2021-05-17,18.32,18.32,18.2,18.32,4050
2021-05-18,18.26,18.38,18.26,18.32,17030
2021-05-19,18.32,18.32,18.32,18.32,7050
2021-05-20,18.32,18.38,18.26,18.32,16000
2021-05-21,18.26,18.32,18.08,18.08,19300
2021-05-24,18.14,18.26,18.08,18.26,7600
2021-05-25,18.2,18.2,18.08,18.2,18644
2021-05-26,18.2,18.2,18.2,18.2,7550
2021-05-27,18.2,18.2,18.02,18.08,10100
2021-05-28,18.08,18.14,18.08,18.14,13800
2021-05-31,18.08,18.08,18.08,18.08,9700
2021-06-01,18.08,18.08,17.96,18.08,12600
2021-06-02,18.08,18.14,18.08,18.14,25600
2021-06-03,18.08,18.08,17.96,17.96,32300
2021-06-04,18.02,18.02,17.96,18.02,7100
2021-06-07,17.96,18.02,17.78,17.84,19855
2021-06-08,17.9,17.9,17.9,17.9,7500
2021-06-09,17.84,17.9,17.84,17.9,17600
2021-06-10,17.84,18.08,17.84,18.08,30400
2021-06-11,18.08,18.08,18.08,18.08,9800
2021-06-14,17.96,18.08,17.96,18.02,5005
2021-06-15,18.02,18.02,17.96,17.96,5700
2021-06-16,17.96,18.02,17.96,17.96,8500
2021-06-17,18.02,18.02,17.78,17.84,24300
2021-06-18,17.78,17.9,17.78,17.84,11700
2021-06-21,17.9,17.9,17.9,17.9,7500
2021-06-22,17.9,17.96,17.84,17.96,7600
2021-06-23,17.9,17.9,17.9,17.9,10900
2021-06-24,17.9,17.96,17.9,17.9,19200
2021-06-25,17.96,18.02,17.9,17.96,24200
2021-06-28,17.96,18.02,17.9,17.9,30900
2021-06-29,17.9,17.9,17.9,17.9,15000
2021-06-30,17.9,17.9,17.78,17.84,7900
2021-07-01,17.84,17.9,17.78,17.84,38400
2021-07-02,17.78,17.84,17.66,17.78,24000
2021-07-05,17.72,17.72,17.72,17.72,6600
2021-07-06,17.72,17.72,17.66,17.66,6000
2021-07-07,17.66,17.66,17.66,17.66,4600
2021-07-08,17.66,17.66,17.54,17.54,30800
2021-07-09,17.47,17.54,17.47,17.47,6400
2021-07-12,17.47,17.47,17.23,17.23,5400
2021-07-13,17.17,17.29,17.17,17.29,9100
2021-07-14,17.05,17.05,16.93,17.05,7800
2021-07-15,17.05,18.62,17.05,18.62,1920
2021-07-16,18.26,18.26,18.2,18.26,1750
2021-07-19,18.08,18.08,17.78,18.08,1000
2021-07-20,18.08,18.08,18.02,18.02,500
2021-07-21,18.02,18.02,17.78,17.78,810
2021-07-22,17.47,18.02,17.47,17.78,740
2021-07-23,17.78,17.78,17.78,17.78,200
2021-07-26,17.78,17.78,17.78,17.78,2100
2021-07-27,17.6,17.6,17.47,17.47,800
2021-07-28,17.6,17.6,17.6,17.6,100
2021-07-29,17.72,17.72,17.47,17.6,9100
2021-07-30,17.54,18.08,17.54,17.78,18200
2021-08-02,17.78,17.9,17.78,17.78,3885
2021-08-03,17.78,17.78,17.78,17.78,3600
2021-08-04,18.08,18.08,17.9,18.08,10200
2021-08-05,18.02,19.28,18.02,19.28,59492
2021-08-06,19.28,19.28,18.68,18.98,10000
2021-08-09,19.16,19.16,18.98,19.16,8953
2021-08-10,18.98,19.16,18.98,19.1,37643
2021-08-11,19.1,19.4,18.92,19.16,46355
2021-08-12,19.16,19.89,19.16,19.34,98814
2021-08-13,19.46,19.52,18.92,19.28,25390
2021-08-16,19.22,19.22,18.38,18.68,21100
2021-08-17,19.28,19.28,18.98,19.16,20900
2021-08-18,19.16,20.49,19.04,19.89,94634
2021-08-19,20.01,20.25,20.01,20.19,92852
2021-08-20,20.43,20.43,20.13,20.25,66010
2021-08-23,20.43,20.73,20.43,20.73,85630
2021-08-24,20.61,20.73,20.49,20.73,68890
2021-08-25,22.37,22.37,20.81,20.94,16900
2021-08-26,20.94,20.94,20.81,20.87,21500
2021-08-27,20.55,20.81,20.16,20.22,64202
2021-08-30,22.0,22.0,21.24,21.85,20100
2021-08-31,21.85,21.85,21.24,21.24,26538
2021-09-01,21.4,21.4,20.64,20.79,39520
2021-09-06,21.09,21.09,20.33,20.56,56485
2021-09-07,20.49,20.56,19.73,20.26,133585
2021-09-08,20.11,20.18,19.73,20.11,31670
2021-09-09,19.88,20.26,19.88,20.26,21800
2021-09-10,20.03,20.71,19.96,20.49,69730
2021-09-13,20.49,20.56,20.11,20.49,21200
2021-09-14,20.26,20.56,20.26,20.41,15689
2021-09-15,20.49,20.56,20.33,20.49,37600
2021-09-16,20.33,20.49,20.11,20.49,25800
2021-09-17,20.41,20.49,20.41,20.41,6400
2021-09-20,20.26,20.49,20.26,20.49,37200
2021-09-21,20.41,20.49,20.11,20.33,41900
2021-09-22,20.41,20.49,20.41,20.49,23300
2021-09-23,20.41,20.56,20.33,20.49,51000
2021-09-24,20.49,20.56,20.41,20.49,19325
2021-09-27,20.49,20.71,20.41,20.56,17733
2021-09-28,20.49,20.64,20.41,20.64,43000
2021-09-29,20.56,20.71,20.56,20.64,44307
2021-09-30,20.71,21.02,20.71,21.02,45823
2021-10-01,20.94,21.02,20.87,20.94,45000
2021-10-04,21.55,21.78,20.94,21.7,54500
2021-10-05,21.7,21.93,21.47,21.47,30000
2021-10-06,21.4,21.55,21.24,21.24,17640
2021-10-07,21.24,21.47,21.09,21.4,11900
2021-10-08,21.24,21.4,21.17,21.24,20823
2021-10-11,21.24,21.62,21.24,21.62,60002
2021-10-12,21.62,21.7,21.55,21.62,24754
2021-10-13,21.62,21.62,21.55,21.55,32000
2021-10-14,21.55,21.85,21.47,21.85,91107
2021-10-15,21.85,24.05,21.85,23.9,183452
2021-10-18,23.82,26.48,23.82,26.25,183100
2021-10-19,26.25,26.48,25.87,26.02,82031
2021-10-20,26.94,30.05,26.56,29.97,444247
2021-10-21,29.97,31.64,28.91,29.21,156490
2021-10-22,29.52,29.52,28.07,28.68,242537
2021-10-25,28.68,30.35,28.68,29.14,84518
2021-10-26,29.36,29.36,28.6,28.6,102950
2021-10-27,28.83,29.97,28.76,29.59,157147
2021-10-28,29.59,30.12,29.59,30.05,250245
2021-10-29,30.05,30.12,29.74,30.12,138810
2021-11-01,30.12,30.5,29.36,29.74,127150
2021-11-02,29.36,30.35,26.86,29.67,80640
2021-11-03,28.91,32.63,28.91,29.97,188110
2021-11-04,28.91,30.27,28.83,29.74,58304
2021-11-05,29.44,29.74,29.36,29.67,43614
2021-11-08,29.29,29.67,29.29,29.44,84816
2021-11-09,29.52,29.52,28.83,29.06,66903
2021-11-10,29.06,29.06,28.53,28.76,85660
2021-11-11,28.6,28.68,28.07,28.23,100360
2021-11-12,27.69,28.45,27.01,27.54,84491
2021-11-15,27.54,27.54,26.56,26.71,144826
2021-11-16,25.8,28.45,25.8,27.16,28420
2021-11-17,27.09,27.24,26.78,26.94,27500
2021-11-18,26.94,26.94,26.18,26.56,116341
2021-11-19,26.56,26.56,26.33,26.4,77000
2021-11-22,26.4,26.48,26.18,26.18,31146
2021-11-23,26.33,26.33,25.65,26.18,27502
2021-11-24,25.95,27.31,25.95,26.56,10000
2021-11-25,26.78,26.78,26.33,26.63,12951
2021-11-26,26.18,26.33,25.8,26.18,40400
2021-11-29,25.8,25.87,25.42,25.72,25000
2021-11-30,25.42,25.49,23.98,24.58,111624
2021-12-01,24.58,24.58,24.05,24.28,63984
2021-12-02,24.28,24.66,24.2,24.58,60310
2021-12-03,24.36,24.51,23.37,23.37,83534
2021-12-06,23.98,23.98,22.76,22.76,73348
2021-12-07,23.07,24.05,23.07,23.52,30780
2021-12-08,23.37,23.52,23.14,23.22,27440
2021-12-09,23.22,23.52,22.99,23.37,22638
2021-12-10,23.29,23.52,23.14,23.29,25050
2021-12-13,23.52,23.52,23.22,23.29,31650
2021-12-14,23.37,23.37,23.22,23.37,13026
2021-12-15,23.29,23.29,23.22,23.29,30894
2021-12-16,23.22,23.37,23.14,23.37,32600
2021-12-17,23.29,23.82,23.22,23.52,79650
2021-12-20,23.52,23.82,23.45,23.6,27763
2021-12-21,23.52,25.04,23.52,24.28,85665
2021-12-22,24.43,24.96,24.43,24.81,55200
2021-12-23,24.81,24.81,23.9,23.98,19745
2021-12-24,23.9,23.98,23.52,23.82,39850
2021-12-27,24.28,24.51,23.52,23.52,15829
2021-12-28,23.37,23.82,23.37,23.82,39250
2021-12-29,23.6,23.9,23.6,23.6,27860
2021-12-30,23.75,23.75,23.29,23.45,25644
2021-12-31,23.45,23.75,23.45,23.6,19530
2022-01-04,23.52,23.6,23.45,23.6,48146
2022-01-05,23.67,23.67,23.52,23.52,36441
2022-01-06,23.9,23.9,23.52,23.52,17600
2022-01-07,23.52,23.6,23.37,23.52,52600
2022-01-10,23.52,23.6,22.84,22.84,45520
2022-01-11,23.37,23.37,22.99,22.99,23160
2022-01-12,23.22,23.29,22.84,22.99,38900
2022-01-13,22.99,22.99,22.69,22.76,47730
2022-01-14,22.76,22.76,22.0,22.38,32634
2022-01-17,22.46,23.07,22.0,22.0,32100
2022-01-18,22.0,22.08,21.62,21.7,44100
2022-01-19,21.7,22.76,21.47,22.31,16700
2022-01-20,21.78,22.38,21.78,21.78,21100
2022-01-21,22.08,22.76,21.93,22.69,7960
2022-01-24,22.53,22.53,22.23,22.23,14200
2022-01-25,22.31,22.53,22.0,22.08,13000
2022-01-26,22.53,22.99,22.23,22.61,3100
2022-01-27,22.31,23.75,22.31,22.46,5105
2022-01-28,23.22,23.22,22.61,23.14,4530
2022-02-07,23.37,23.37,22.69,23.22,8150
2022-02-08,23.37,23.37,23.07,23.14,6420
2022-02-09,23.37,23.37,23.07,23.22,9830
2022-02-10,23.22,23.29,23.07,23.22,10046
2022-02-11,23.14,23.22,22.99,23.22,18363
2022-02-14,23.07,23.37,23.07,23.22,15800
2022-02-15,23.29,23.29,22.91,23.29,20500
2022-02-16,23.14,23.52,22.38,22.76,16904
2022-02-17,23.22,23.22,22.84,22.84,10800
2022-02-18,22.84,23.14,22.84,23.07,5150
2022-02-21,22.91,23.37,22.91,22.99,7200
2022-02-22,23.22,23.29,22.84,23.14,12200
2022-02-23,23.29,23.29,22.99,23.14,23971
2022-02-24,22.91,23.29,22.84,22.99,21010
2022-02-25,23.14,23.29,23.07,23.22,16030
2022-02-28,23.29,23.29,22.84,22.99,2347
2022-03-01,23.14,23.29,23.14,23.29,19210
2022-03-02,23.22,23.22,23.14,23.22,10900
2022-03-03,23.22,23.37,23.14,23.37,30450
2022-03-04,23.37,24.43,23.37,24.43,130964
2022-03-07,24.43,25.57,24.43,25.27,145580
2022-03-08,25.34,25.34,24.96,25.27,86200
2022-03-09,25.04,25.04,23.82,24.74,55500
2022-03-10,24.13,24.81,24.13,24.58,35315
2022-03-11,24.66,24.74,24.28,24.51,32910
2022-03-14,24.28,24.28,23.98,24.05,109285
2022-03-15,24.2,24.2,23.67,23.9,41000
2022-03-16,23.9,24.2,23.52,24.13,31000
2022-03-17,24.05,24.2,23.98,24.05,26700
2022-03-18,24.05,24.2,23.9,24.05,25254
2022-03-21,24.05,24.58,24.05,24.13,50400
2022-03-22,24.05,24.28,24.05,24.2,18148
2022-03-23,24.2,25.42,24.2,25.04,152463
2022-03-24,25.04,25.27,25.04,25.11,77600
2022-03-25,25.19,25.27,25.11,25.11,35450
2022-03-28,23.75,25.19,23.75,24.81,58700
2022-03-29,24.89,24.96,24.66,24.74,35153
2022-03-30,24.89,24.89,24.58,24.74,27100
2022-03-31,24.74,24.74,24.36,24.36,8100
2022-04-01,24.36,24.58,24.28,24.58,28552
2022-04-04,24.89,24.89,24.36,24.58,21600
2022-04-05,24.58,24.58,24.28,24.51,17002
2022-04-06,24.51,24.51,24.13,24.13,25300
2022-04-07,23.82,24.36,23.82,24.05,22500
2022-04-08,24.05,24.28,23.98,24.2,19500
2022-04-12,24.13,24.13,23.9,23.9,35302
2022-04-13,23.9,23.98,23.82,23.9,17800
2022-04-14,23.9,23.9,23.52,23.6,26600
2022-04-15,23.6,23.75,23.22,23.67,13305
2022-04-18,23.52,24.28,23.52,23.75,83505
2022-04-19,23.75,24.13,23.6,23.9,56500
2022-04-20,23.67,23.98,23.52,23.52,30900
2022-04-21,23.52,23.52,22.61,23.22,73902
2022-04-22,23.14,23.98,23.14,23.37,34995
2022-04-25,23.37,23.45,22.53,22.53,61860
2022-04-26,22.84,22.99,22.16,22.99,16600
2022-04-27,23.14,23.14,22.69,22.99,19708
2022-04-28,22.84,22.84,22.69,22.69,30200
2022-04-29,22.99,22.99,22.53,22.76,58600
2022-05-04,22.76,22.76,22.0,22.0,66550
2022-05-05,22.31,22.31,22.08,22.16,16000
2022-05-06,22.16,22.16,21.62,21.85,40800
2022-05-09,21.93,21.93,19.96,20.41,45700
2022-05-10,20.49,21.93,20.49,21.24,30550
2022-05-11,21.24,22.69,21.24,21.24,26600
2022-05-12,21.4,21.47,20.87,20.94,57500
2022-05-13,20.94,20.94,20.11,20.11,60843
2022-05-16,20.49,20.49,19.73,20.11,161261
2022-05-17,20.79,20.79,20.41,20.41,35600
2022-05-18,20.87,21.02,20.49,20.49,47220
2022-05-19,20.49,20.49,20.18,20.33,82300
2022-05-20,20.64,20.71,20.41,20.64,16500
2022-05-23,20.64,20.71,20.49,20.64,47000
2022-05-24,20.64,20.64,20.41,20.49,34800
2022-05-25,20.49,20.64,20.49,20.64,27100
2022-05-26,20.64,21.02,20.56,20.71,44050
2022-05-27,20.56,20.71,20.56,20.71,29940
2022-05-30,20.56,21.4,20.56,20.87,90450
2022-05-31,21.02,21.24,20.94,21.17,46349
2022-06-01,21.02,21.24,20.87,21.24,39704
2022-06-02,21.24,21.24,20.79,20.79,49200
2022-06-03,20.64,20.94,20.56,20.79,39000
2022-06-06,20.87,20.94,20.64,20.71,42600
2022-06-07,21.09,21.09,20.64,20.79,51100
2022-06-08,20.79,20.94,20.79,20.87,98800
2022-06-09,21.24,22.38,21.17,22.31,192650
2022-06-10,22.38,22.69,21.7,21.7,91350
2022-06-13,21.62,21.93,21.09,21.17,53700
2022-06-14,21.47,22.0,20.94,21.24,108150
2022-06-15,21.17,21.17,20.79,20.87,52343
2022-06-16,21.85,21.85,20.94,21.32,42400
2022-06-17,20.94,21.02,20.79,21.02,54090
2022-06-20,21.09,21.24,20.87,21.17,51300
2022-06-21,21.02,21.09,20.79,20.79,54800
2022-06-22,20.87,20.94,20.71,20.87,29000
2022-06-23,20.71,21.09,20.49,21.09,47900
2022-06-24,20.94,21.24,20.94,20.94,11900
2022-06-27,21.17,21.4,21.17,21.24,22000
2022-06-28,21.24,21.32,21.09,21.32,28400
2022-06-29,21.09,21.24,21.09,21.17,9400
2022-06-30,21.17,22.16,21.17,21.7,71200
2022-07-01,21.85,22.38,21.7,21.85,82800
2022-07-04,22.69,22.69,22.16,22.38,28665
2022-07-05,22.53,22.69,22.31,22.53,56810
2022-07-06,22.38,22.53,22.0,22.31,46310
2022-07-07,22.38,22.76,22.08,22.61,68400
2022-07-08,23.14,23.14,22.38,22.38,47100
2022-07-11,22.99,23.07,22.69,22.76,45000
2022-07-12,23.07,23.07,22.69,22.84,56635
2022-07-13,22.76,23.14,22.76,22.91,34130
2022-07-14,22.99,22.99,22.61,22.99,15709
2022-07-15,23.97,23.97,22.91,22.91,54600
2022-07-18,23.48,23.48,22.43,22.67,39102
2022-07-19,22.43,22.43,22.26,22.34,23800
2022-07-20,22.26,22.67,22.26,22.67,11610
2022-07-21,22.59,22.59,22.26,22.51,20023
2022-07-22,22.51,22.51,22.34,22.43,15110
2022-07-25,22.43,22.43,22.26,22.34,24600
2022-07-26,22.34,22.34,22.26,22.34,21800
2022-07-27,22.26,22.34,22.26,22.34,23100
2022-07-28,22.34,22.75,22.34,22.51,39700
2022-07-29,22.43,22.67,22.43,22.59,13750
2022-08-01,25.19,25.19,22.75,23.16,4950
2022-08-02,22.75,23.48,22.75,22.99,18800
2022-08-03,22.91,22.91,22.83,22.83,6100
2022-08-04,22.75,22.83,22.75,22.75,23900
2022-08-05,22.83,22.83,22.75,22.75,9850
2022-08-08,23.16,23.16,22.83,22.83,12400
2022-08-09,22.67,22.91,22.67,22.83,25511
2022-08-10,22.83,22.83,22.34,22.75,22300
2022-08-11,22.91,22.91,22.43,22.59,38400
2022-08-12,22.43,22.59,22.43,22.59,21100
2022-08-15,22.75,22.91,22.59,22.59,11200
2022-08-16,22.59,22.75,22.51,22.59,20500
2022-08-17,22.75,22.75,22.51,22.51,26000
2022-08-18,22.59,22.67,22.51,22.59,8704
2022-08-19,22.75,22.75,22.59,22.59,12700
2022-08-22,22.75,22.75,22.59,22.59,9152
2022-08-23,22.26,22.75,22.26,22.67,6900
2022-08-24,22.59,22.67,22.51,22.59,31100
2022-08-25,22.59,22.59,22.51,22.59,10400
2022-08-26,22.59,22.67,22.59,22.67,18130
2022-08-29,22.59,22.67,22.51,22.59,18000
2022-08-30,22.59,22.67,22.59,22.59,36100
2022-08-31,22.59,22.59,22.51,22.51,43200
2022-09-05,22.51,22.75,22.51,22.51,9200
2022-09-06,22.67,22.67,22.43,22.51,31200
2022-09-07,22.51,22.67,22.26,22.34,25600
2022-09-08,22.43,22.43,22.34,22.43,8800
2022-09-09,22.34,22.59,22.26,22.51,22600
2022-09-12,22.43,22.67,22.43,22.51,9319
2022-09-13,22.51,22.51,22.34,22.43,25915
2022-09-14,22.43,22.51,22.43,22.51,16200
2022-09-15,22.59,22.59,22.51,22.51,5091
2022-09-16,22.51,22.59,22.43,22.59,10500
2022-09-19,22.51,22.59,22.43,22.51,21000
2022-09-20,22.51,22.51,22.43,22.51,9591
2022-09-21,22.51,22.51,22.43,22.43,10920
2022-09-22,22.43,22.51,22.43,22.43,9481
2022-09-23,22.34,22.43,22.34,22.43,10189
2022-09-26,22.43,22.43,22.34,22.34,31400
2022-09-27,22.34,22.43,22.34,22.34,13350
2022-09-28,22.34,22.43,22.26,22.43,13401
2022-09-29,22.51,22.51,22.34,22.43,4500
2022-09-30,22.34,22.43,22.18,22.34,30298
2022-10-03,22.26,22.43,22.18,22.18,20670
2022-10-04,22.43,22.43,21.94,22.18,32425
2022-10-05,21.94,22.26,21.94,22.1,3000
2022-10-06,22.18,22.18,22.02,22.02,17300
2022-10-07,22.02,22.02,21.69,21.78,15500
2022-10-10,21.94,21.94,21.69,21.94,18309
2022-10-11,22.02,22.02,21.78,21.78,13200
2022-10-12,21.94,22.02,21.94,21.94,3902
2022-10-13,21.94,22.1,21.94,22.1,7340
2022-10-14,22.1,22.1,21.86,22.02,4202
2022-10-17,21.86,21.94,21.86,21.94,5748
2022-10-18,22.02,22.02,22.02,22.02,6260
2022-10-19,21.94,22.1,21.94,22.02,14801
2022-10-20,22.1,22.1,22.02,22.02,14801
2022-10-21,22.02,22.02,21.86,21.94,19482
2022-10-24,21.94,21.94,21.53,21.61,16550
2022-10-25,21.53,22.18,21.53,21.78,12850
2022-10-26,21.78,21.78,21.61,21.61,30400
2022-10-27,21.61,21.86,21.13,21.86,18900
2022-10-28,21.86,21.94,21.69,21.94,8320
2022-10-31,21.78,21.78,21.21,21.69,1500
2022-11-01,21.53,21.69,21.53,21.53,25217
2022-11-02,21.61,21.61,21.29,21.53,10200
2022-11-03,21.45,21.78,21.45,21.78,1401
2022-11-04,21.37,21.45,21.29,21.45,11100
2022-11-07,21.61,21.61,21.29,21.29,8501
2022-11-08,21.29,21.37,21.21,21.37,4721
2022-11-09,21.53,21.53,21.29,21.29,5500
2022-11-10,21.45,21.45,21.13,21.21,3900
2022-11-11,21.13,21.21,20.88,21.13,11701
2022-11-14,21.13,21.13,20.64,20.64,3700
2022-11-15,20.8,20.8,18.69,20.15,8851
2022-11-16,19.09,20.15,18.28,20.07,16315
2022-11-17,19.91,20.31,19.5,19.5,24208
2022-11-18,20.31,20.31,20.07,20.31,26601
2022-11-21,21.13,21.13,19.74,19.74,13876
2022-11-22,20.15,20.72,20.15,20.31,5300
2022-11-23,20.39,20.39,20.31,20.31,4300
2022-11-24,19.74,20.31,19.66,20.31,8301
2022-11-25,19.91,20.31,19.83,19.99,6000
2022-11-28,19.91,20.72,19.58,20.64,18809
2022-11-29,21.13,21.13,20.15,20.15,8512
2022-11-30,20.56,20.56,20.15,20.56,6239
2022-12-01,20.31,20.48,20.15,20.48,24202
2022-12-02,20.48,20.8,20.48,20.8,16900
2022-12-05,20.8,21.53,20.8,21.13,14802
2022-12-06,21.13,21.37,21.13,21.37,9360
2022-12-07,21.13,21.13,21.04,21.13,12638
2022-12-08,21.13,21.53,21.13,21.53,12400
2022-12-09,21.72,21.72,21.55,21.55,18912
2022-12-12,21.29,21.72,21.29,21.63,19400
2022-12-13,21.55,21.63,21.55,21.55,4200
2022-12-14,21.55,21.63,21.55,21.63,11800
2022-12-15,21.72,21.72,21.63,21.63,5600
2022-12-16,21.72,21.8,21.72,21.72,6000
2022-12-19,21.55,21.8,21.55,21.63,11904
2022-12-20,21.63,21.63,21.63,21.63,5300
2022-12-21,21.63,22.06,21.63,21.8,7100
2022-12-22,21.72,21.8,21.63,21.8,1704
2022-12-23,21.72,21.89,21.63,21.72,13300
2022-12-26,21.97,21.97,21.63,21.63,35647
2022-12-27,21.72,21.8,21.72,21.72,6700
2022-12-28,21.72,21.8,21.72,21.8,13400
2022-12-29,21.8,22.57,21.8,22.57,28900
2022-12-30,21.89,21.97,21.89,21.89,21900
2023-01-03,21.89,22.4,21.8,22.4,11000
2023-01-04,22.14,22.14,22.06,22.06,2301
2023-01-05,22.14,22.14,22.14,22.14,3000
2023-01-06,22.23,22.4,22.23,22.23,8300
2023-01-09,22.23,22.23,22.14,22.23,10410
2023-01-10,22.31,22.31,22.14,22.14,35200
2023-01-11,22.49,22.49,22.31,22.31,4100
2023-01-12,22.31,22.4,22.23,22.23,10000
2023-01-13,22.23,22.23,22.23,22.23,700
2023-01-16,22.49,22.49,22.23,22.23,10500
2023-01-17,22.23,22.66,22.23,22.31,13115
2023-01-18,22.57,22.83,22.31,22.49,8400
2023-01-19,22.57,22.83,22.57,22.66,3600
2023-01-27,22.74,22.83,22.74,22.74,1010
2023-01-30,22.74,22.91,22.74,22.91,2026
2023-01-31,22.91,22.91,22.57,22.91,5600
2023-02-01,22.91,22.91,22.83,22.83,7762
2023-02-02,22.83,22.91,22.83,22.83,9201
2023-02-03,22.74,22.91,22.74,22.91,1173
2023-02-06,22.83,23.0,22.83,23.0,4900
2023-02-07,23.0,23.17,23.0,23.0,2418
2023-02-08,23.08,23.08,22.91,23.0,2800
2023-02-09,23.0,23.08,23.0,23.0,4688
2023-02-10,22.83,23.08,22.83,23.0,4700
2023-02-13,23.0,23.0,22.74,22.91,14300
2023-02-14,22.83,23.0,22.74,22.74,8200
2023-02-15,22.83,22.91,22.83,22.91,5701
2023-02-16,22.91,23.0,22.83,23.0,1800
2023-02-17,22.91,23.0,22.83,22.91,1915
2023-02-20,23.0,23.0,22.91,22.91,16400
2023-02-21,22.91,23.08,22.91,23.0,23013
2023-02-22,23.0,23.08,23.0,23.0,8541
2023-02-23,22.91,23.08,22.91,23.08,5000
2023-02-24,23.0,23.08,22.91,23.0,7200
2023-02-27,22.83,22.91,22.83,22.83,9300
2023-02-28,23.0,23.0,22.83,23.0,12500
2023-03-01,22.83,23.08,22.83,23.0,12500
2023-03-02,23.0,23.08,23.0,23.08,8500
2023-03-03,23.0,23.0,22.83,22.91,4600
2023-03-06,22.91,23.0,22.83,22.91,7460
2023-03-07,22.91,23.0,22.91,22.91,8400
2023-03-08,22.91,22.91,22.91,22.91,3300
2023-03-09,22.91,23.0,22.83,23.0,4800
2023-03-10,22.91,23.08,22.83,23.0,21900
2023-03-13,22.83,23.0,22.83,23.0,2927
2023-03-14,22.83,22.83,22.74,22.83,5500
2023-03-15,22.83,22.91,22.74,22.74,59618
2023-03-16,22.74,22.83,22.66,22.74,36800
2023-03-17,22.57,22.91,21.72,22.83,64236
2023-03-20,22.66,22.91,22.57,22.66,52400
2023-03-21,22.74,22.74,22.57,22.66,23301
2023-03-22,22.83,22.91,22.66,22.91,13000
2023-03-23,22.66,22.74,22.66,22.74,2000
2023-03-24,22.66,22.74,22.66,22.66,3129
2023-03-27,22.66,22.83,22.66,22.83,5911
2023-03-28,22.83,22.83,22.66,22.74,4266
2023-03-29,22.83,22.83,22.66,22.66,6700
2023-03-30,22.66,22.83,22.57,22.83,6805
2023-03-31,22.74,22.74,22.74,22.74,29
2023-04-03,22.66,22.74,22.66,22.66,7300
2023-04-04,22.74,22.83,22.74,22.74,3300
2023-04-05,22.66,22.74,22.57,22.74,9825
2023-04-06,22.74,22.83,22.74,22.83,3033
2023-04-07,22.83,22.83,22.74,22.83,3617
2023-04-10,22.74,22.74,22.57,22.66,16500
2023-04-11,22.66,22.83,22.66,22.83,3104
2023-04-12,22.74,22.91,22.66,22.91,7600
2023-04-13,23.0,23.0,22.91,22.91,6410
2023-04-14,22.91,23.0,22.91,22.91,3806
2023-04-17,22.83,23.08,22.83,22.91,2500
2023-04-18,22.91,23.0,22.91,23.0,3450
2023-04-19,22.91,22.91,22.83,22.83,200
2023-04-20,22.83,22.83,22.83,22.83,7400
2023-04-21,22.66,22.83,22.66,22.74,13900
2023-04-24,22.91,22.91,22.74,22.83,1100
2023-04-25,22.83,22.91,22.74,22.74,3900
2023-04-26,22.83,22.83,22.83,22.83,1200
2023-04-27,22.83,22.83,22.83,22.83,3800
2023-04-28,22.91,23.25,22.83,23.0,5927
2023-05-04,22.91,23.08,22.91,23.0,10502
2023-05-05,23.0,23.08,22.91,22.91,12337
2023-05-08,23.17,23.25,23.0,23.17,5217
2023-05-09,23.0,23.17,23.0,23.17,4250
2023-05-10,23.17,23.17,23.0,23.17,6200
2023-05-11,23.0,23.0,22.91,22.91,8500
2023-05-12,23.0,23.0,22.83,22.91,15001
2023-05-15,23.0,23.08,23.0,23.08,1309
2023-05-16,23.0,23.17,23.0,23.0,5551
2023-05-17,23.0,23.08,23.0,23.0,3300
2023-05-18,23.0,23.0,23.0,23.0,900
2023-05-19,23.0,23.0,22.57,22.57,18810
2023-05-22,22.74,23.08,22.74,23.08,13325
2023-05-23,23.0,23.0,22.91,22.91,3111
2023-05-24,23.0,23.0,22.83,22.83,3000
2023-05-25,22.83,22.91,22.83,22.91,500
2023-05-26,22.91,22.91,22.83,22.91,6050
2023-05-29,22.83,22.91,22.83,22.83,2254
2023-05-30,22.91,22.91,22.91,22.91,2119
2023-05-31,22.91,22.91,22.83,22.83,7841
2023-06-01,23.0,23.08,22.83,22.83,4500
2023-06-02,22.91,23.0,22.74,23.0,13700
2023-06-05,23.0,23.0,22.83,23.0,5437
2023-06-06,23.0,23.0,23.0,23.0,2550
2023-06-07,22.91,23.0,22.83,22.91,10000
2023-06-08,23.0,23.0,22.74,22.74,14900
2023-06-09,22.66,22.91,22.66,22.74,5312
2023-06-12,22.74,22.91,22.66,22.83,30805
2023-06-13,22.83,22.91,22.66,22.91,10500
2023-06-14,22.74,22.74,22.74,22.74,900
2023-06-15,22.91,23.0,22.83,22.91,2635
2023-06-16,22.91,22.91,22.74,22.74,8039
2023-06-19,22.74,22.91,22.57,22.66,20000
2023-06-20,22.74,22.74,22.57,22.66,7700
2023-06-21,22.74,22.74,22.66,22.66,12200
2023-06-22,22.66,22.91,22.66,22.91,1121
2023-06-23,22.91,23.0,22.91,23.0,11100
2023-06-26,22.91,22.91,22.91,22.91,4900
2023-06-27,23.0,23.0,22.91,22.91,1300
2023-06-28,23.0,23.0,22.91,22.91,5963
2023-06-29,22.91,23.0,22.83,23.0,925
2023-06-30,23.0,23.0,22.74,22.83,17700
2023-07-03,23.0,23.0,22.66,22.83,4050
2023-07-04,22.74,22.74,22.66,22.66,8300
2023-07-05,22.83,22.91,22.83,22.83,5600
2023-07-06,22.83,22.83,22.74,22.83,1511
2023-07-07,22.74,22.83,22.66,22.66,2700
2023-07-10,22.74,22.83,22.66,22.74,5500
2023-07-11,22.83,22.91,22.74,22.83,3147
2023-07-12,22.91,23.0,22.66,22.66,5500
2023-07-13,22.83,22.91,22.74,22.74,5908
2023-07-14,22.83,22.83,22.74,22.83,3225
2023-07-17,22.83,22.83,22.74,22.74,7300
2023-07-18,22.74,22.91,22.57,22.91,4000
2023-07-19,22.83,22.83,22.74,22.74,3700
2023-07-20,22.66,22.74,19.33,22.66,13100
2023-07-21,22.66,22.83,22.57,22.83,3300
2023-07-24,22.74,22.91,22.66,22.91,13200
2023-07-25,22.74,22.83,22.74,22.74,6000
2023-07-26,22.57,22.74,22.57,22.74,4048
2023-07-27,22.74,22.83,22.66,22.83,10500
2023-07-28,22.74,22.74,22.66,22.66,1300
2023-07-31,22.66,22.74,22.66,22.74,14400
2023-08-01,22.66,22.74,22.66,22.66,6032
2023-08-02,22.66,22.74,22.57,22.57,22300
2023-08-03,22.66,22.66,22.57,22.66,7700
2023-08-04,22.66,22.66,22.66,22.66,16542
2023-08-07,22.66,22.74,22.49,22.66,19912
2023-08-08,22.66,22.74,22.66,22.66,7148
2023-08-09,22.66,22.74,22.57,22.74,14742
2023-08-10,22.66,22.74,22.57,22.66,21104
2023-08-11,22.66,22.66,22.49,22.66,17300
2023-08-14,22.57,22.74,22.49,22.74,8000
2023-08-15,22.66,22.74,22.66,22.66,15475
2023-08-16,22.74,22.74,22.66,22.66,8444
2023-08-17,22.74,22.74,22.66,22.74,23650
2023-08-18,22.66,22.74,22.57,22.74,17800
2023-08-21,22.57,22.66,22.49,22.57,27970
2023-08-22,22.49,22.57,22.4,22.57,14210
2023-08-23,22.57,22.66,22.4,22.49,4916
2023-08-24,22.4,22.49,22.31,22.31,21708
2023-08-25,22.4,22.4,22.31,22.4,15901
2023-08-28,22.31,22.49,22.14,22.49,10555
2023-08-29,22.49,22.49,22.23,22.4,12950
2023-08-30,22.31,22.4,22.14,22.31,19920
2023-08-31,22.31,22.4,22.14,22.4,13400
2023-09-05,22.4,22.66,22.4,22.57,9400
2023-09-06,22.66,23.0,22.66,22.83,45604
2023-09-07,23.0,23.0,22.91,23.0,55320
2023-09-08,23.0,23.17,22.83,23.17,54733
2023-09-11,23.42,23.51,23.17,23.34,38162
2023-09-12,23.42,23.42,23.08,23.17,61850
2023-09-13,23.17,23.25,23.0,23.17,36100
2023-09-14,23.8,23.8,23.44,23.71,37999
2023-09-15,23.53,23.71,23.53,23.62,29100
2023-09-18,23.53,23.53,23.35,23.35,67455
2023-09-19,23.44,23.44,23.35,23.44,14301
2023-09-20,23.44,23.53,23.44,23.53,16259
2023-09-21,23.44,23.53,23.35,23.53,34900
2023-09-22,23.44,23.44,23.26,23.44,18111
2023-09-25,23.26,23.35,23.26,23.26,17800
2023-09-26,23.17,23.35,23.17,23.26,13484
2023-09-27,23.26,23.35,23.17,23.35,14900
2023-09-28,23.26,23.44,23.08,23.26,18800
2023-09-29,23.35,23.89,23.26,23.53,97151
2023-10-02,23.62,23.62,23.53,23.62,30800
2023-10-03,23.62,23.62,23.44,23.44,20120
2023-10-04,23.17,23.53,23.17,23.53,35500
2023-10-05,23.71,23.71,23.44,23.44,7700
2023-10-06,23.44,23.44,23.35,23.44,10013
2023-10-09,23.62,23.62,23.44,23.44,8000
2023-10-10,23.44,23.53,23.44,23.53,13811
2023-10-11,23.53,23.62,23.44,23.53,7700
2023-10-12,23.44,23.62,23.44,23.44,6700
2023-10-13,23.44,23.44,23.35,23.44,15500
2023-10-16,23.44,23.44,23.35,23.44,12968
2023-10-17,23.44,23.44,23.35,23.35,3924
2023-10-18,23.35,23.44,23.08,23.08,28944
2023-10-19,23.08,23.35,23.08,23.08,17300
2023-10-20,23.44,23.44,23.08,23.35,4075
2023-10-23,23.17,23.44,23.08,23.08,5270
2023-10-24,23.35,23.44,23.35,23.44,43800
2023-10-25,23.44,23.62,23.44,23.44,10254
2023-10-26,23.26,23.35,23.17,23.35,26400
2023-10-27,23.17,23.35,23.17,23.35,17300
2023-10-30,23.17,23.17,23.08,23.08,30800
2023-10-31,22.99,23.44,22.99,23.08,17600
2023-11-01,22.99,23.08,22.9,22.99,24400
2023-11-02,22.99,23.44,22.99,23.44,14100
2023-11-03,23.44,23.44,23.26,23.26,1506
2023-11-06,23.26,23.35,23.17,23.26,6450
2023-11-07,23.26,23.53,23.17,23.17,4036
2023-11-08,23.44,23.44,23.35,23.44,1477
2023-11-09,23.35,23.44,23.35,23.35,1301
2023-11-10,23.35,23.44,23.35,23.44,7633
2023-11-13,23.44,23.62,23.35,23.53,11300
2023-11-14,23.53,23.53,23.44,23.53,14050
2023-11-15,23.53,23.8,23.53,23.53,9300
2023-11-16,23.71,23.71,23.62,23.62,711
2023-11-17,23.71,23.71,23.53,23.62,2700
2023-11-20,23.98,23.98,23.8,23.8,23383
2023-11-21,23.98,23.98,23.8,23.89,12257
2023-11-22,23.98,23.98,23.89,23.98,6246
2023-11-23,23.89,23.98,23.8,23.8,15053
2023-11-24,23.89,24.16,23.62,23.98,30904
2023-11-27,24.16,24.16,23.62,24.16,26530
2023-11-28,23.88,24.16,23.88,24.07,20505
2023-11-29,24.07,24.35,24.07,24.07,21506
2023-11-30,24.16,24.16,24.07,24.16,6100
2023-12-01,24.16,24.35,24.16,24.35,5500
2023-12-04,24.16,24.54,24.16,24.35,19100
2023-12-05,24.16,24.54,24.16,24.45,11451
2023-12-06,24.54,24.54,24.35,24.45,3320
2023-12-07,24.54,24.63,24.45,24.54,13505
2023-12-08,24.63,24.63,24.54,24.54,3600
2023-12-11,24.63,24.63,24.35,24.35,8630
2023-12-12,24.63,24.73,24.54,24.63,5110
2023-12-13,24.54,24.63,24.54,24.54,1520
2023-12-14,24.63,24.82,24.63,24.82,17650
2023-12-15,24.63,24.63,24.45,24.54,10902
2023-12-18,24.54,24.63,24.45,24.63,8150
2023-12-19,24.54,24.63,24.54,24.63,6700
2023-12-20,24.82,25.1,24.82,25.01,2000
2023-12-21,25.01,25.1,24.91,24.91,9404
2023-12-22,24.73,24.82,24.73,24.82,7000
2023-12-25,24.82,25.1,24.73,24.91,8250
2023-12-26,24.82,24.82,24.73,24.82,9900
2023-12-27,24.82,25.19,24.63,25.19,27300
2023-12-28,25.01,25.1,24.82,24.91,22000
2023-12-29,25.1,25.1,24.91,24.91,5800
2024-01-02,25.01,25.01,24.82,24.82,10350
2024-01-03,24.82,24.82,24.73,24.82,16400
2024-01-04,24.82,25.19,24.73,24.73,22807
2024-01-05,24.73,24.82,24.63,24.82,14508
2024-01-08,24.82,25.1,24.82,24.91,11320
2024-01-09,24.82,24.82,24.82,24.82,8703
2024-01-10,24.91,24.91,24.82,24.82,12200
2024-01-11,24.91,24.91,24.82,24.91,17832
2024-01-12,24.82,24.82,24.73,24.82,7800
2024-01-15,24.82,25.1,24.82,25.01,7700
2024-01-16,25.1,25.1,24.73,24.91,8023
2024-01-17,24.91,24.91,24.82,24.82,18700
2024-01-18,24.82,24.91,24.73,24.82,44688
2024-01-19,24.73,24.91,24.73,24.82,34200
2024-01-22,24.82,25.1,24.82,24.82,49705
2024-01-23,24.91,25.01,24.82,24.91,27810
2024-01-24,24.91,25.1,24.91,25.01,18817
2024-01-25,25.01,25.01,25.01,25.01,4600
2024-01-26,24.91,25.01,24.82,25.01,29891
2024-01-29,25.1,25.76,25.01,25.76,92910
2024-01-30,25.29,25.29,25.19,25.29,47000
2024-01-31,25.29,25.48,25.29,25.48,12210
2024-02-01,25.48,25.66,25.38,25.57,23410
2024-02-02,25.29,25.57,25.29,25.57,4410
2024-02-05,25.57,25.85,25.57,25.85,13001
2024-02-06,25.76,25.76,25.57,25.66,8209
2024-02-07,25.76,25.85,25.66,25.76,22600
2024-02-15,25.29,25.76,25.29,25.76,20710
2024-02-16,25.66,25.76,25.66,25.76,33600
2024-02-19,25.76,25.94,25.76,25.94,35170
2024-02-20,25.85,25.94,25.85,25.85,12002
2024-02-21,26.13,26.22,25.85,26.13,20100
2024-02-22,26.13,26.13,22.29,26.13,120910
2024-02-23,25.76,26.13,25.66,26.13,12346
2024-02-26,26.22,26.69,26.22,26.69,55620
2024-02-27,26.51,26.69,26.51,26.69,16510
2024-02-28,26.69,26.69,26.41,26.69,12300
2024-02-29,26.6,26.6,26.51,26.6,3300
2024-03-01,26.69,26.69,26.6,26.6,10158
2024-03-04,26.69,26.69,26.22,26.69,9650
2024-03-05,26.6,26.79,26.6,26.79,61801
2024-03-06,26.69,29.5,26.69,27.16,11609
2024-03-07,27.16,27.63,27.16,27.44,10941
2024-03-08,27.35,27.63,27.16,27.63,9170
2024-03-11,27.35,27.54,26.79,26.79,17900
2024-03-12,27.35,27.35,27.16,27.26,1550
2024-03-13,27.26,27.44,27.26,27.44,13200
2024-03-14,27.44,27.54,27.35,27.44,40560
2024-03-15,27.54,28.0,27.54,27.91,14400
2024-03-18,27.44,27.91,27.16,27.72,4607
2024-03-19,27.63,27.63,27.35,27.54,12501
2024-03-20,27.54,27.54,27.35,27.54,4127
2024-03-21,27.54,27.63,27.44,27.63,26200
2024-03-22,27.54,27.54,27.35,27.54,5889
2024-03-25,27.54,28.1,27.54,27.82,17612
2024-03-26,27.91,27.91,27.72,27.72,2501
2024-03-27,27.82,28.1,27.82,27.82,5000
2024-03-28,27.82,28.0,27.63,28.0,23350
2024-03-29,27.63,27.91,27.54,27.91,40211
2024-04-01,27.72,28.0,27.63,27.63,13840
2024-04-02,27.72,27.82,27.54,27.72,16400
2024-04-03,27.54,27.63,24.82,27.54,43300
2024-04-04,27.54,27.54,27.44,27.44,2703
2024-04-05,27.44,27.63,27.44,27.44,7400
2024-04-08,27.54,27.54,27.44,27.44,56053
2024-04-09,27.44,27.63,27.44,27.44,12100
2024-04-10,27.44,27.54,27.44,27.54,2100
2024-04-11,27.44,27.54,27.35,27.44,14102
2024-04-12,27.44,27.54,27.44,27.44,2100
2024-04-15,27.44,27.44,27.44,27.44,104136
2024-04-16,27.26,27.44,26.69,26.88,21400
2024-04-17,26.97,27.16,26.97,27.07,8700
2024-04-19,27.07,27.07,26.41,26.69,30820
2024-04-22,26.69,27.07,26.69,27.07,8600
2024-04-23,26.88,27.16,26.88,27.16,15913
2024-04-24,27.07,27.26,26.97,27.16,19591
2024-04-25,27.26,27.26,26.79,27.16,30162
2024-04-26,27.16,27.35,27.07,27.16,18741
2024-05-02,27.16,28.0,27.16,27.44,19600
2024-05-03,27.26,27.91,27.16,27.72,11529
2024-05-06,27.63,27.91,27.54,27.72,100900
2024-05-07,27.72,27.82,27.35,27.82,29800
2024-05-08,27.82,27.91,27.72,27.82,90986
2024-05-09,27.91,28.0,27.72,27.82,78935
2024-05-10,27.91,27.91,27.63,27.82,56423
2024-05-13,28.0,28.0,27.63,27.72,123301
2024-05-14,27.91,27.91,27.72,27.82,11000
2024-05-15,27.72,27.82,27.54,27.54,45200
2024-05-16,27.35,27.82,27.35,27.63,17600
2024-05-17,27.63,27.72,27.54,27.72,115500
2024-05-20,27.72,27.82,27.63,27.63,40650
2024-05-21,27.63,27.91,27.54,27.63,50077
2024-05-22,27.54,27.82,27.54,27.82,73234
2024-05-23,27.72,28.1,27.72,28.1,132252
2024-05-24,28.1,28.85,27.82,27.91,74510
2024-05-27,28.1,29.03,27.91,28.0,89519
2024-05-28,28.38,30.91,28.38,29.78,135380
2024-05-29,29.97,29.97,29.03,29.5,25692
2024-05-30,29.22,29.32,28.1,29.32,43603
2024-05-31,29.22,29.41,29.03,29.03,20851
2024-06-03,29.22,29.32,29.13,29.22,36687
2024-06-04,29.22,29.32,29.13,29.22,5819
2024-06-05,29.22,29.22,28.94,29.13,27523
2024-06-06,29.22,29.22,28.19,29.13,128900
2024-06-07,28.57,29.03,28.47,28.85,9700
2024-06-10,28.85,29.13,28.85,28.85,23000
2024-06-11,29.03,29.03,28.85,28.94,15700
2024-06-12,29.03,29.03,28.1,28.85,78133
2024-06-13,28.85,28.85,28.47,28.57,10087
2024-06-14,28.66,28.66,28.29,28.57,19500
2024-06-17,28.47,28.75,28.19,28.75,15600
2024-06-18,28.19,28.75,28.1,28.29,53714
2024-06-19,28.75,28.75,28.29,28.29,11790
2024-06-20,28.57,28.57,28.29,28.47,10030
2024-06-21,28.47,28.94,28.47,28.94,47200
2024-06-24,28.94,28.94,28.57,28.75,19502
2024-06-25,28.57,28.94,28.57,28.75,114501
2024-06-26,28.75,28.85,28.75,28.75,19421
2024-06-27,28.66,28.85,28.66,28.75,7100
2024-06-28,28.57,28.66,28.47,28.47,16200
2024-07-01,28.57,28.75,28.29,28.75,23215
2024-07-02,28.57,28.75,28.1,28.29,55033
2024-07-03,28.47,28.85,28.29,28.29,26316
2024-07-04,28.57,28.57,28.47,28.47,6402
2024-07-05,28.47,28.57,28.38,28.47,11136
2024-07-08,28.38,28.57,28.19,28.47,69900
2024-07-09,28.57,28.66,28.38,28.47,47500
2024-07-10,28.57,28.57,28.47,28.47,26520
2024-07-11,28.47,28.57,28.38,28.38,108771
2024-07-12,28.57,28.57,28.38,28.47,12867
2024-07-15,28.38,28.75,28.38,28.75,45719
2024-07-16,28.66,28.75,28.66,28.75,23663
2024-07-17,28.75,29.22,28.66,28.66,82100
2024-07-18,28.94,29.03,28.66,28.75,38400
2024-07-19,28.94,28.94,28.57,28.66,21200
2024-07-22,28.66,28.66,28.38,28.38,37600
2024-07-23,28.47,28.57,28.29,28.29,13900
2024-07-24,28.38,28.47,28.0,28.47,34500
2024-07-25,28.1,28.19,28.1,28.19,5915
2024-07-26,28.1,28.38,28.1,28.38,12060
2024-07-29,28.19,28.29,28.1,28.29,11300
2024-07-30,28.29,28.29,28.19,28.19,11200
2024-07-31,28.29,28.38,28.1,28.38,45500
2024-08-01,28.38,28.38,28.1,28.1,43512
2024-08-02,28.19,28.29,28.1,28.19,7400
2024-08-05,28.1,28.19,27.26,27.72,20800
2024-08-06,28.1,28.1,27.82,27.91,14700
2024-08-07,28.1,28.1,27.72,27.72,4175
2024-08-08,27.82,28.0,27.82,27.91,2800
2024-08-09,28.47,28.47,27.91,28.1,8500
2024-08-12,28.0,28.19,28.0,28.0,18900
2024-08-13,28.1,28.1,27.91,27.91,11700
2024-08-14,27.91,27.91,27.72,27.72,34100
2024-08-15,27.82,27.82,27.54,27.82,32900
2024-08-16,27.72,27.82,27.54,27.72,29601
2024-08-19,27.54,27.72,27.54,27.72,11612
2024-08-20,27.72,27.72,27.54,27.54,51000
2024-08-21,27.63,28.1,27.54,28.1,8850
2024-08-22,27.82,28.1,27.82,28.1,6700
2024-08-23,28.0,28.1,28.0,28.1,14125
2024-08-26,27.72,28.0,27.72,27.82,8530
2024-08-27,27.91,27.91,27.82,27.91,3803
2024-08-28,27.72,28.0,27.72,27.91,7900
2024-08-29,27.82,28.29,27.82,28.19,14700
2024-08-30,28.19,28.19,28.19,28.19,11101
2024-09-04,28.0,28.29,28.0,28.0,9910
2024-09-05,28.47,28.47,28.0,28.0,11615
2024-09-06,28.0,28.0,28.0,28.0,1044
2024-09-09,28.0,28.0,27.91,28.0,14200
2024-09-10,28.0,28.0,27.91,27.91,6100
2024-09-11,28.0,28.0,27.91,28.0,5201
2024-09-12,27.91,28.1,27.82,27.82,20501
2024-09-13,27.91,28.0,27.91,28.0,503
2024-09-16,27.91,27.91,27.72,27.82,13649
2024-09-17,28.1,28.1,27.82,27.82,1700
2024-09-18,28.0,28.0,27.91,27.91,1300
2024-09-19,27.82,27.91,27.72,27.72,8126
2024-09-20,27.82,27.91,27.72,27.91,6050
2024-09-23,27.82,27.91,27.72,27.82,5247
2024-09-24,27.72,27.82,27.72,27.82,3585
2024-09-25,27.82,28.0,27.82,27.82,6777
2024-09-26,28.0,28.0,27.91,27.91,4432
2024-09-27,27.91,28.0,27.82,27.82,10400
2024-09-30,27.91,27.91,27.72,27.72,14200
2024-10-01,27.72,27.82,27.72,27.72,16406
2024-10-02,27.72,28.1,27.63,27.63,37118
2024-10-03,27.91,27.91,27.72,27.72,10600
2024-10-04,27.72,27.91,27.72,27.82,8300
2024-10-07,28.0,28.1,27.82,28.0,12500
2024-10-08,28.0,28.1,28.0,28.1,13900
2024-10-09,27.91,28.0,27.82,28.0,800
2024-10-10,27.91,28.29,27.91,28.1,26408
2024-10-11,28.19,28.38,28.0,28.29,43000
2024-10-14,28.1,28.38,28.1,28.38,9000
2024-10-15,28.29,28.29,28.29,28.29,205
2024-10-16,28.29,29.13,28.29,28.85,32631
2024-10-17,28.94,29.32,28.85,29.22,72950
2024-10-18,29.13,29.22,29.13,29.13,32301
2024-10-21,29.13,29.41,28.75,29.41,63796
2024-10-22,29.03,29.03,28.85,28.85,6800
2024-10-23,28.94,29.41,28.1,29.41,36450
2024-10-24,29.32,29.41,28.94,29.32,23316
2024-10-25,29.32,29.78,29.22,29.6,32501
2024-10-28,29.88,29.88,29.41,29.69,31590
2024-10-29,29.6,29.88,29.5,29.6,38501
2024-10-30,29.69,29.69,29.5,29.6,23400
2024-10-31,29.69,29.69,29.5,29.6,40416
2024-11-01,30.0,30.0,28.6,29.4,34727
2024-11-04,29.3,29.5,28.6,28.6,30501
2024-11-05,28.6,28.8,28.5,28.8,31684
2024-11-06,28.7,28.9,28.6,28.7,27513
2024-11-07,28.8,28.8,28.5,28.7,7100
2024-11-08,28.6,28.7,28.5,28.5,10900
2024-11-11,28.8,28.8,28.3,28.5,9400
2024-11-12,28.5,28.5,28.0,28.4,11600
2024-11-13,28.8,28.8,28.5,28.5,2400
2024-11-14,28.5,28.5,28.3,28.3,5600
2024-11-15,28.3,28.5,28.1,28.2,9400
2024-11-18,28.2,28.5,28.0,28.5,15700
2024-11-19,28.2,28.2,28.1,28.1,800
2024-11-20,28.5,28.5,28.0,28.1,28200
2024-11-21,28.2,28.2,28.1,28.1,3800
2024-11-22,28.5,28.6,28.2,28.4,11200
2024-11-25,28.4,28.5,28.4,28.5,16300
2024-11-26,28.4,28.5,28.4,28.5,1900
2024-11-27,28.4,28.4,28.3,28.4,3700
2024-11-28,28.4,28.5,28.3,28.3,10100
2024-11-29,28.4,28.4,28.3,28.3,9400
2024-12-02,28.6,28.6,28.4,28.5,4600
2024-12-03,28.5,28.6,28.4,28.4,7400
2024-12-04,28.4,28.5,28.2,28.2,8900
2024-12-05,28.4,28.4,28.2,28.4,10100
2024-12-06,28.4,28.6,28.3,28.4,19500
2024-12-09,28.4,28.4,28.3,28.4,4800
2024-12-10,28.4,28.4,28.2,28.3,16500
2024-12-11,28.2,28.5,27.8,28.0,71600
2024-12-12,28.5,28.5,27.9,28.0,26700
2024-12-13,28.2,28.2,27.9,27.9,36400
2024-12-16,28.1,28.2,28.0,28.1,19800
2024-12-17,28.0,28.4,27.7,28.0,22200
2024-12-18,28.3,28.4,28.0,28.1,50200
2024-12-19,28.2,28.4,28.0,28.4,50300
2024-12-20,28.3,28.4,28.0,28.3,42900
2024-12-23,28.3,28.3,28.1,28.3,10800
2024-12-24,28.2,28.4,28.2,28.3,11700
2024-12-25,28.4,28.4,28.2,28.2,8300
2024-12-26,28.3,28.5,28.3,28.3,8400
2024-12-27,28.3,28.4,28.1,28.4,7600
2024-12-30,28.2,28.3,28.2,28.3,4800
2024-12-31,28.1,28.2,28.0,28.0,8100
2025-01-02,28.5,28.6,28.5,28.5,10400
2025-01-03,28.3,28.6,28.3,28.5,12300
2025-01-06,28.4,28.9,28.4,28.5,4700
2025-01-07,28.5,28.5,28.4,28.5,10800
2025-01-08,28.5,28.8,28.5,28.5,1200
2025-01-09,28.6,28.6,28.4,28.5,800
2025-01-10,28.5,28.5,28.3,28.3,1000
2025-01-13,28.5,28.5,28.3,28.4,1800
2025-01-14,28.4,28.4,28.3,28.3,1700
2025-01-15,28.4,28.4,28.3,28.3,3100
2025-01-16,28.3,28.3,28.2,28.2,2500
2025-01-17,28.2,28.4,28.2,28.3,7200
2025-01-20,28.3,28.5,28.3,28.4,11700
2025-01-21,28.6,29.4,28.5,29.4,38100
2025-01-22,29.0,29.5,28.5,29.5,36900
2025-01-23,28.9,29.0,28.9,29.0,14900
2025-01-24,29.5,29.5,29.2,29.3,6400
2025-02-03,29.3,29.7,28.5,29.1,25400
2025-02-04,29.0,29.7,29.0,29.5,15600
2025-02-05,29.7,29.7,29.5,29.6,9200
2025-02-06,29.5,29.8,29.3,29.7,14900
2025-02-07,30.0,31.0,29.4,30.6,27800
2025-02-10,30.9,30.9,30.3,30.4,4900
2025-02-11,30.5,31.0,30.5,31.0,14600
2025-02-12,30.6,31.0,30.5,30.8,3400
2025-02-13,30.7,30.9,30.7,30.9,5400
2025-02-14,30.5,31.0,30.5,30.9,10300
2025-02-17,31.3,31.7,31.3,31.5,11000
2025-02-18,31.7,31.7,31.5,31.5,12200
2025-02-19,31.5,31.8,31.0,31.6,12300
2025-02-20,31.4,32.1,31.4,31.8,18700
2025-02-21,31.6,32.2,31.6,31.9,13900
2025-02-24,31.9,32.3,31.7,32.3,10900
2025-02-25,31.7,32.2,31.7,32.0,10500
2025-02-26,32.0,32.4,31.9,32.3,18000
2025-02-27,32.1,32.5,32.1,32.3,27200
2025-02-28,32.5,32.5,32.4,32.4,2200
2025-03-03,32.4,32.4,31.0,31.7,14900
2025-03-04,31.5,31.8,31.4,31.7,8600
2025-03-05,31.9,31.9,31.3,31.6,1000
2025-03-06,31.8,31.8,31.5,31.6,19000
2025-03-07,32.0,32.0,31.8,31.9,33000
2025-03-10,31.8,31.9,31.4,31.8,21000
2025-03-11,31.3,31.3,31.0,31.0,28900
2025-03-12,31.2,31.3,31.1,31.2,12700
2025-03-13,31.1,31.1,30.5,30.9,1900
2025-03-14,30.9,31.0,30.2,31.0,14700
2025-03-17,30.4,31.0,30.4,30.6,2800
2025-03-18,31.1,31.1,30.3,30.3,8600
2025-03-19,30.4,30.5,30.4,30.4,1700
2025-03-20,31.0,31.0,31.0,31.0,800
2025-03-21,31.0,31.0,30.3,30.3,5300
2025-03-24,30.3,30.3,30.1,30.3,12000
2025-03-25,30.2,30.5,30.1,30.5,10100
2025-03-26,30.2,31.2,30.0,31.2,17200
2025-03-27,30.6,30.8,30.6,30.8,4400
2025-03-28,30.6,30.9,30.5,30.5,13400
2025-03-31,30.7,30.7,30.7,30.7,4800
2025-04-01,30.8,30.8,30.6,30.7,2800
2025-04-02,30.6,30.6,30.4,30.4,9800
2025-04-03,30.5,30.5,28.8,28.8,63800
2025-04-04,29.0,29.5,28.3,29.5,63400
2025-04-08,28.9,28.9,26.0,26.1,76600
2025-04-09,26.0,27.4,26.0,26.3,72400
2025-04-10,27.5,30.4,27.5,30.0,29700
2025-04-11,28.7,30.0,28.7,30.0,21200
2025-04-14,30.0,30.0,29.6,29.7,8400
2025-04-15,29.2,29.7,29.2,29.3,11400
2025-04-16,29.3,29.3,28.8,28.8,8400
2025-04-17,28.8,28.9,28.6,28.9,11600
2025-04-18,28.6,29.7,28.5,29.1,5500
2025-04-21,30.0,30.0,29.4,29.5,9500
2025-04-22,29.6,29.7,29.0,29.7,11200
2025-04-23,29.6,29.8,29.6,29.7,7400
2025-04-24,29.8,30.4,29.8,30.4,21300
2025-04-25,30.0,30.6,30.0,30.6,9100
2025-04-28,30.6,30.6,30.0,30.3,30800
2025-04-29,30.2,30.2,30.0,30.1,7200
2025-05-05,30.1,30.2,29.7,30.1,15300
2025-05-06,30.2,30.5,30.1,30.3,47900
2025-05-07,30.5,30.7,30.3,30.4,46600
2025-05-08,30.3,30.5,30.3,30.4,7900
2025-05-09,30.0,30.3,30.0,30.1,11900
2025-05-12,30.5,30.5,30.2,30.4,7600
2025-05-13,30.5,30.8,30.4,30.6,37200
2025-05-14,30.6,30.6,30.4,30.5,5600
2025-05-15,30.4,30.4,30.3,30.4,18800
2025-05-16,30.3,30.4,30.1,30.3,12700
2025-05-19,30.4,30.4,30.3,30.3,13300
2025-05-20,30.4,30.4,30.0,30.3,20500
2025-05-21,30.0,30.2,29.9,30.0,15300
2025-05-22,30.3,30.3,30.0,30.1,5500
2025-05-23,30.1,30.5,30.1,30.1,34600
2025-05-26,30.3,30.3,30.2,30.3,10500
2025-05-27,30.3,30.6,30.2,30.4,15900
2025-05-28,30.5,30.5,30.3,30.4,3500
2025-05-29,30.5,30.5,30.3,30.3,11500
2025-05-30,30.3,30.3,30.0,30.0,20600
2025-06-02,30.2,30.2,30.1,30.2,12400
2025-06-03,30.4,30.4,30.1,30.2,9500
2025-06-04,30.3,30.3,30.2,30.3,5300
2025-06-05,30.4,30.4,30.3,30.3,4900
2025-06-06,30.3,30.5,30.2,30.4,20800
2025-06-09,30.5,30.5,30.3,30.4,5800
2025-06-10,30.4,30.5,30.4,30.4,8700
2025-06-11,30.3,30.4,30.3,30.4,8800
2025-06-12,30.3,30.5,30.1,30.5,5200
2025-06-13,30.3,30.4,30.0,30.2,16200
2025-06-16,30.2,30.4,30.0,30.4,9900
2025-06-17,30.4,30.4,30.1,30.2,5000
2025-06-18,30.2,30.3,30.0,30.3,10900
2025-06-19,30.1,30.3,30.1,30.3,10000
2025-06-20,30.1,30.3,30.1,30.2,3000
2025-06-23,30.2,30.3,30.1,30.3,7300
2025-06-24,30.2,30.3,30.1,30.3,13100
2025-06-25,30.1,30.2,30.1,30.2,7400
2025-06-26,30.2,30.3,30.1,30.2,23900
2025-06-27,30.1,30.2,30.1,30.2,12700
2025-06-30,30.1,30.3,30.0,30.1,24800
2025-07-01,30.1,30.2,30.1,30.1,3800
2025-07-02,30.1,30.2,30.0,30.2,28800
2025-07-03,30.2,30.2,30.1,30.2,2000
2025-07-04,30.2,30.2,30.1,30.2,7700
2025-07-07,30.3,30.3,30.1,30.2,71700
2025-07-08,30.0,30.4,30.0,30.3,32600
2025-07-09,30.3,30.3,29.9,30.0,47000
2025-07-10,30.0,30.2,29.9,30.0,17300
2025-07-11,30.0,30.1,30.0,30.1,5300
2025-07-14,30.2,30.3,30.0,30.1,6800
2025-07-15,30.2,30.3,30.1,30.2,16100
2025-07-16,30.2,30.2,30.1,30.2,21300
2025-07-17,30.2,30.3,30.1,30.1,26900
2025-07-18,30.2,30.2,30.0,30.2,13600
2025-07-21,30.1,30.2,30.0,30.1,27500
2025-07-22,30.0,30.1,30.0,30.1,15000
2025-07-23,30.0,30.2,30.0,30.2,108800
2025-07-24,30.3,31.0,30.3,31.0,107100
2025-07-25,31.0,31.4,31.0,31.1,40100
2025-07-28,31.6,31.6,30.5,30.7,26600
2025-07-29,30.9,31.0,30.3,30.6,51600
2025-07-30,30.5,30.6,30.4,30.6,14900
2025-07-31,30.5,30.5,30.4,30.5,7600
2025-08-01,30.4,30.7,30.4,30.5,15400
2025-08-04,30.5,30.6,30.4,30.6,21700
2025-08-05,30.5,30.6,30.1,30.4,31500
2025-08-06,30.4,30.5,30.4,30.5,7100
2025-08-07,30.4,30.4,30.4,30.4,19100
2025-08-08,30.3,30.4,30.1,30.4,45100
2025-08-11,30.3,30.4,30.3,30.4,3700
2025-08-12,30.5,30.5,30.2,30.4,10200
2025-08-13,30.4,30.5,30.2,30.5,29800
2025-08-14,30.5,30.5,30.4,30.5,31700
2025-08-15,30.4,30.5,30.4,30.5,20400
2025-08-18,30.5,30.5,30.3,30.4,24400
2025-08-19,30.4,30.6,30.4,30.5,48400
2025-08-20,30.5,30.5,30.4,30.5,6000
2025-08-21,30.4,30.6,30.4,30.5,10700
2025-08-22,30.5,30.6,30.2,30.3,83800
2025-08-25,30.4,30.5,30.2,30.3,16700
2025-08-26,30.4,30.4,30.3,30.3,9200
2025-08-27,30.3,30.3,29.0,30.2,124600
2025-08-28,29.5,30.3,29.5,30.1,6000
2025-08-29,30.1,30.3,29.9,30.1,15700
2025-09-03,30.1,30.3,30.0,30.3,22000
2025-09-04,30.3,30.3,30.1,30.2,18800
2025-09-05,30.2,30.4,30.2,30.3,20500
2025-09-08,30.1,30.4,30.1,30.1,31700
2025-09-09,30.2,30.3,30.1,30.1,24000
2025-09-10,30.0,30.2,29.0,30.1,11500
2025-09-11,30.2,30.2,29.8,30.0,50100
2025-09-12,30.0,30.2,30.0,30.1,10100
2025-09-15,30.1,30.3,30.1,30.3,9100
2025-09-16,30.2,30.3,30.2,30.3,16700
2025-09-17,30.2,30.4,30.2,30.3,18000
2025-09-18,30.4,30.6,30.3,30.3,39200
2025-09-19,30.4,30.5,30.3,30.4,10600
2025-09-22,30.5,30.6,30.4,30.4,10700
2025-09-23,30.5,30.5,30.3,30.5,6400
2025-09-24,30.4,30.4,30.3,30.3,10400
2025-09-25,30.3,30.5,30.3,30.4,6300
2025-09-26,30.4,30.6,30.4,30.6,15900
2025-09-29,30.6,30.7,30.4,30.5,13400
2025-09-30,30.5,30.8,30.5,30.5,12400
2025-10-01,30.5,30.7,30.5,30.5,3400
2025-10-02,30.7,30.7,30.5,30.6,8600
2025-10-03,30.5,30.5,30.0,30.4,26700
2025-10-06,30.6,30.7,30.3,30.6,12700
2025-10-07,30.7,31.2,30.6,30.9,20300
2025-10-08,31.0,31.0,30.7,30.9,12400
2025-10-09,30.9,31.2,30.9,30.9,32100
2025-10-10,30.9,31.2,30.9,31.2,22700
2025-10-13,31.0,31.8,31.0,31.6,36200
2025-10-14,31.6,31.7,31.5,31.6,25200
2025-10-15,31.6,31.6,31.4,31.5,15500
2025-10-16,31.5,31.5,31.3,31.5,13600
