time,open,high,low,close,volume
2006-12-27,10.85,10.85,10.85,10.85,1000
2006-12-28,11.38,11.38,11.38,11.38,25000
2006-12-29,11.95,11.95,11.95,11.95,13090
2007-01-02,12.54,12.54,12.54,12.54,310
2007-01-03,12.54,13.15,12.54,13.15,1000
2007-01-04,13.15,13.79,13.15,13.79,3030
2007-01-05,14.46,14.46,14.46,14.46,33330
2007-01-08,15.13,15.13,15.13,15.13,41230
2007-01-09,15.8,15.8,15.8,15.8,11740
2007-01-10,16.47,16.47,16.47,16.47,5530
2007-01-11,16.47,17.28,16.47,17.28,810
2007-01-12,18.08,18.08,18.08,18.08,11500
2007-01-15,18.08,18.08,17.41,17.41,19590
2007-01-16,17.41,17.41,16.61,16.61,11380
2007-01-17,15.8,15.8,15.8,15.8,19600
2007-01-18,15.8,15.8,15.53,15.53,15890
2007-01-19,15.53,16.2,14.87,16.2,4370
2007-01-22,16.2,17.01,15.8,17.01,2810
2007-01-23,16.2,17.01,16.2,16.2,11010
2007-01-24,16.2,17.01,16.2,17.01,4390
2007-01-25,17.01,17.01,16.34,16.34,7550
2007-01-26,16.34,16.34,16.34,16.34,1900
2007-01-29,16.34,16.87,16.34,16.87,5950
2007-01-30,16.87,16.87,16.87,16.87,6890
2007-01-31,16.87,17.14,16.87,17.14,6500
2007-02-01,17.14,17.28,17.14,17.28,300
2007-02-02,17.28,17.28,17.28,17.28,0
2007-02-05,17.28,17.28,16.74,17.28,13480
2007-02-06,17.81,17.81,17.81,17.81,1310
2007-02-07,17.81,17.81,17.41,17.41,400
2007-02-08,17.41,17.41,17.41,17.41,9200
2007-02-09,17.81,18.21,16.87,16.87,6490
2007-02-12,16.87,16.87,16.87,16.87,800
2007-02-13,16.87,17.68,16.87,17.68,3610
2007-02-14,17.68,18.48,17.68,17.95,1080
2007-02-15,17.95,18.75,17.95,18.75,2500
2007-02-26,18.75,19.69,18.75,19.69,5000
2007-02-27,19.69,20.62,19.69,20.62,4160
2007-02-28,21.43,21.43,20.62,20.62,7200
2007-03-01,20.62,21.56,20.62,20.62,3100
2007-03-02,21.56,21.56,21.56,21.56,2800
2007-03-05,22.5,22.63,22.5,22.63,4000
2007-03-06,23.57,23.57,23.57,23.57,6900
2007-03-07,24.64,24.64,22.77,22.77,1730
2007-03-08,22.77,22.77,22.77,22.77,880
2007-03-09,22.77,22.77,21.7,21.7,910
2007-03-12,21.7,22.23,21.7,22.23,2700
2007-03-13,22.23,23.3,22.23,22.23,930
2007-03-14,22.23,22.23,21.7,21.7,1500
2007-03-15,21.7,21.7,20.62,20.62,4100
2007-03-16,20.62,20.62,19.69,19.69,12400
2007-03-19,19.69,19.82,19.69,19.82,15150
2007-03-20,20.09,20.76,20.09,20.76,7750
2007-03-21,21.7,21.7,21.7,21.7,8090
2007-03-22,22.77,22.77,22.77,22.77,13410
2007-03-23,22.77,22.77,21.96,21.96,4420
2007-03-26,20.89,20.89,20.89,20.89,2500
2007-03-27,20.89,20.89,19.95,19.95,2000
2007-03-28,19.95,19.95,19.95,19.95,2750
2007-03-29,20.09,20.09,19.55,19.69,4600
2007-03-30,19.69,20.62,19.69,19.69,2270
2007-04-02,20.22,20.62,20.22,20.62,54500
2007-04-03,21.43,21.43,21.16,21.16,3340
2007-04-04,21.16,21.16,21.16,21.16,2130
2007-04-05,21.43,21.43,21.16,21.16,4160
2007-04-06,21.16,21.16,20.22,20.22,2330
2007-04-09,20.62,20.62,19.95,19.95,3730
2007-04-10,19.95,19.95,19.95,19.95,390
2007-04-11,19.95,20.89,19.95,20.89,10
2007-04-12,20.89,20.89,20.62,20.62,950
2007-04-13,20.62,20.62,20.62,20.62,900
2007-04-16,20.62,20.62,20.09,20.09,600
2007-04-17,20.09,20.09,20.09,20.09,0
2007-04-18,20.09,20.09,20.09,20.09,4500
2007-04-19,20.09,21.03,20.09,21.03,2770
2007-04-20,21.43,21.43,20.09,21.03,4300
2007-04-23,21.03,21.03,20.09,21.03,190
2007-04-24,20.09,20.62,20.09,20.09,1810
2007-04-25,20.09,20.09,20.09,20.09,460
2007-05-02,20.89,20.89,20.89,20.89,150
2007-05-03,20.89,20.89,19.95,20.62,310
2007-05-04,20.62,20.89,20.62,20.89,500
2007-05-07,20.89,20.89,20.09,20.09,2250
2007-05-08,20.09,20.36,20.09,20.36,2000
2007-05-09,20.36,21.29,20.36,20.36,5500
2007-05-10,19.42,21.29,19.42,21.29,4050
2007-05-11,21.29,21.29,21.16,21.16,3000
2007-05-14,21.16,21.16,20.89,20.89,1660
2007-05-15,20.89,20.89,20.89,20.89,500
2007-05-16,20.76,20.76,20.62,20.62,1640
2007-05-17,19.82,19.82,19.82,19.82,10
2007-05-18,19.82,20.62,19.82,20.62,200
2007-05-21,20.62,20.62,20.62,20.62,1500
2007-05-22,20.62,21.43,20.62,20.62,2840
2007-05-23,20.62,20.89,20.62,20.89,1060
2007-05-24,20.89,20.89,20.89,20.89,1420
2007-05-25,20.89,20.89,20.62,20.62,2470
2007-05-28,20.76,20.89,20.76,20.89,1700
2007-05-29,20.89,20.89,20.76,20.76,1340
2007-05-30,20.76,20.89,20.76,20.76,550
2007-05-31,20.76,20.76,20.76,20.76,1610
2007-06-01,21.43,21.43,19.82,20.36,1700
2007-06-04,20.36,21.29,20.36,21.29,3950
2007-06-05,22.23,22.23,22.23,22.23,15750
2007-06-06,23.3,23.3,23.3,23.3,12910
2007-06-07,24.37,24.37,24.37,24.37,9260
2007-06-08,24.37,25.58,24.37,25.58,2660
2007-06-11,26.78,26.78,26.78,26.78,22400
2007-06-12,28.12,28.12,26.25,26.78,23160
2007-06-13,28.12,28.12,28.12,28.12,8690
2007-06-14,29.46,29.46,29.46,29.46,10720
2007-06-15,30.8,30.8,28.12,28.12,22580
2007-06-18,28.12,28.12,26.78,28.12,21980
2007-06-19,28.12,29.46,28.12,29.46,10680
2007-06-20,29.46,30.27,29.46,30.27,5200
2007-06-21,30.8,31.61,30.8,31.61,14670
2007-06-22,32.94,32.94,32.94,32.94,9900
2007-06-25,34.55,34.55,34.55,34.55,18450
2007-06-26,36.16,36.16,35.36,35.36,18450
2007-06-27,33.75,33.75,33.75,33.75,7760
2007-06-28,32.14,32.14,32.14,32.14,870
2007-06-29,30.53,30.53,30.53,30.53,5200
2007-07-02,29.19,30.53,29.19,30.53,14710
2007-07-03,30.8,30.8,30.27,30.27,4600
2007-07-04,30.27,30.27,29.46,29.46,5190
2007-07-05,30.53,30.53,29.46,30.0,3440
2007-07-06,30.0,30.0,28.66,28.66,4230
2007-07-09,29.46,29.46,28.12,28.12,4360
2007-07-10,27.05,27.05,27.05,27.05,11090
2007-07-11,27.59,28.39,27.59,28.39,18700
2007-07-12,29.46,29.46,29.46,29.46,16060
2007-07-13,29.46,29.46,28.93,28.93,530
2007-07-16,30.27,30.27,30.27,30.27,3250
2007-07-17,31.61,31.61,30.27,30.27,38490
2007-07-18,30.8,31.61,30.8,31.61,15140
2007-07-19,31.61,31.61,31.07,31.07,4660
2007-07-20,31.07,31.07,31.07,31.07,1300
2007-07-23,31.07,31.07,29.73,29.73,2660
2007-07-24,28.39,28.39,28.39,28.39,6030
2007-07-25,28.39,29.19,28.39,28.39,2670
2007-07-26,28.39,28.39,27.86,27.86,1220
2007-07-27,27.86,27.86,27.32,27.32,4380
2007-07-30,26.78,26.78,25.98,25.98,1230
2007-07-31,25.98,25.71,24.91,25.04,3600
2007-08-01,23.84,26.25,23.84,26.25,8660
2007-08-02,26.25,26.78,26.25,26.78,4550
2007-08-03,25.45,26.78,25.45,25.45,3050
2007-08-06,25.71,25.71,25.58,25.58,750
2007-08-07,24.64,26.52,24.64,26.52,12820
2007-08-08,26.52,25.58,25.58,25.58,310
2007-08-09,25.71,25.71,25.58,25.71,6120
2007-08-10,26.25,25.85,24.64,24.64,7100
2007-08-13,24.64,25.18,24.64,25.18,2300
2007-08-14,25.45,25.71,25.45,25.45,2480
2007-08-15,25.45,25.45,25.45,25.71,820
2007-08-16,12.21,12.21,12.21,25.45,500
2007-08-17,25.31,25.45,25.45,25.31,1290
2007-08-20,25.45,25.45,25.45,25.45,20
2007-08-21,24.78,25.45,24.78,24.78,5070
2007-08-22,24.51,25.45,24.51,24.51,8030
2007-08-23,24.37,25.18,24.11,24.37,16810
2007-08-24,25.58,25.58,25.58,25.58,4770
2007-08-27,26.78,26.78,26.78,26.78,2880
2007-08-28,28.12,28.12,28.12,28.12,2170
2007-08-29,29.46,29.46,29.46,29.46,47100
2007-08-30,28.93,28.93,28.12,28.93,24130
2007-08-31,28.66,28.93,28.12,28.66,8740
2007-09-04,28.66,29.46,28.66,29.46,12290
2007-09-05,30.8,30.8,30.8,30.8,5290
2007-09-06,32.14,32.14,32.14,32.14,6420
2007-09-07,32.14,33.75,32.14,33.75,95740
2007-09-10,34.55,34.55,33.75,34.28,50850
2007-09-11,34.28,34.82,33.75,34.02,71610
2007-09-12,17.01,17.01,17.01,17.01,1120
2007-09-13,17.81,17.81,17.81,17.81,610
2007-09-14,18.62,18.62,18.62,18.62,230
2007-09-17,19.42,19.42,18.75,19.42,78940
2007-09-18,19.82,20.36,19.82,20.36,74910
2007-09-19,20.36,21.29,20.36,21.29,49980
2007-09-20,21.83,21.83,21.16,21.16,28780
2007-09-21,20.36,20.62,20.22,20.36,35180
2007-09-24,19.95,20.22,19.82,19.82,24030
2007-09-25,19.28,19.95,19.28,19.82,29690
2007-09-26,20.49,20.49,19.55,19.55,37190
2007-09-27,19.28,19.55,19.28,19.28,19270
2007-09-28,19.28,20.09,19.28,19.95,7520
2007-10-01,19.55,20.09,19.55,20.09,38420
2007-10-02,20.09,20.09,19.55,19.82,10580
2007-10-03,19.55,20.09,19.55,19.55,11630
2007-10-04,19.28,19.55,19.28,19.28,20170
2007-10-05,19.28,19.69,19.28,19.69,14900
2007-10-08,20.62,20.62,20.09,20.62,40050
2007-10-09,21.29,21.29,20.89,21.16,26470
2007-10-10,20.36,21.16,20.22,20.62,15980
2007-10-11,21.16,21.16,20.62,21.03,27130
2007-10-12,21.29,21.43,21.16,21.29,30510
2007-10-15,22.23,22.23,22.23,22.23,37040
2007-10-16,23.3,23.3,23.3,23.3,26320
2007-10-17,23.57,23.84,22.5,22.5,25590
2007-10-18,21.43,22.5,21.43,21.43,16270
2007-10-19,21.43,21.96,21.43,21.7,14330
2007-10-22,21.7,21.96,20.89,20.89,11960
2007-10-23,20.36,21.43,20.36,20.89,14380
2007-10-24,20.89,21.16,20.89,21.16,12650
2007-10-25,21.43,21.7,21.16,21.7,19790
2007-10-26,21.16,21.7,21.16,21.16,8140
2007-10-29,20.22,21.16,20.22,21.03,5720
2007-10-30,20.22,20.49,20.22,20.36,7520
2007-10-31,20.09,21.16,20.09,20.36,8320
2007-11-01,20.09,20.22,19.95,20.09,11850
2007-11-02,20.09,20.89,20.09,20.36,4000
2007-11-05,19.69,19.82,19.42,19.42,15750
2007-11-06,19.42,19.69,19.42,19.42,8510
2007-11-07,19.28,20.09,19.28,19.55,2670
2007-11-08,19.95,19.95,19.55,19.55,6510
2007-11-09,18.88,19.15,18.75,18.75,6010
2007-11-12,18.48,18.75,18.35,18.35,4580
2007-11-13,17.95,18.21,17.54,17.54,11040
2007-11-14,17.41,18.35,17.41,18.35,7190
2007-11-15,18.21,18.62,17.95,18.48,3650
2007-11-16,18.75,18.75,18.48,18.48,3390
2007-11-19,18.75,19.28,18.48,18.48,1020
2007-11-20,18.48,18.48,17.68,17.68,1820
2007-11-21,18.48,18.48,17.81,18.48,14730
2007-11-22,18.75,19.02,18.75,18.75,12250
2007-11-23,19.02,19.02,18.75,19.02,3250
2007-11-26,19.02,19.02,19.02,19.02,6570
2007-11-27,19.02,19.02,18.48,18.48,6060
2007-11-28,18.75,18.88,18.48,18.88,2110
2007-11-29,18.62,19.02,18.62,18.88,6960
2007-11-30,18.88,18.88,18.48,18.48,5780
2007-12-03,18.21,19.02,18.21,18.35,4010
2007-12-04,18.35,18.35,18.21,18.21,6450
2007-12-05,18.35,18.48,18.35,18.48,3570
2007-12-06,18.21,18.21,17.95,17.95,6690
2007-12-07,17.95,18.62,17.95,18.21,4100
2007-12-10,18.21,18.21,18.08,18.08,1040
2007-12-11,17.95,18.21,17.95,17.95,3550
2007-12-12,17.95,17.95,17.81,17.95,2250
2007-12-13,17.81,18.08,17.41,17.41,3240
2007-12-14,17.41,17.54,17.14,17.54,1860
2007-12-17,17.01,17.41,16.74,16.74,4850
2007-12-18,15.94,17.41,15.94,17.28,730
2007-12-19,17.14,17.95,17.14,17.81,1790
2007-12-20,17.95,17.95,17.68,17.68,6660
2007-12-21,17.81,17.81,17.68,17.68,2210
2007-12-24,18.21,18.21,17.14,17.14,820
2007-12-25,17.14,17.14,16.87,17.14,1750
2007-12-26,17.54,17.54,17.54,17.54,10
2007-12-27,17.54,18.21,17.01,18.21,3000
2007-12-28,17.95,18.48,17.81,18.48,6920
2008-01-02,18.48,18.48,18.35,18.35,3100
2008-01-03,18.35,18.35,18.35,18.35,3800
2008-01-04,18.48,18.48,17.81,17.81,1670
2008-01-07,17.81,17.81,17.68,17.68,430
2008-01-08,17.68,17.68,17.28,17.28,1030
2008-01-09,16.87,17.41,16.87,16.87,750
2008-01-10,16.47,16.47,16.07,16.07,5210
2008-01-11,15.4,15.8,15.53,15.8,2050
2008-01-14,15.27,15.27,15.13,15.13,4860
2008-01-15,14.46,14.46,14.46,14.46,2530
2008-01-16,13.79,14.73,13.79,14.73,51520
2008-01-17,14.06,14.2,14.06,14.06,28410
2008-01-18,13.37,13.53,13.37,13.53,39200
2008-01-21,12.94,13.12,12.94,13.04,12590
2008-01-22,12.59,13.02,12.48,12.54,15990
2008-01-23,12.13,12.13,11.92,11.92,22730
2008-01-24,11.79,12.51,11.79,12.05,66090
2008-01-25,12.05,12.32,11.52,12.32,24440
2008-01-28,12.8,12.94,12.64,12.94,51230
2008-01-29,13.53,13.53,13.53,13.53,5910
2008-01-30,14.2,14.2,13.93,14.2,39210
2008-01-31,13.93,14.2,13.66,14.06,33290
2008-02-01,14.46,14.73,14.46,14.73,33520
2008-02-12,15.4,15.4,15.4,15.4,44860
2008-02-13,16.07,16.07,14.73,14.73,101740
2008-02-14,14.73,15.27,14.73,15.0,19850
2008-02-15,14.73,14.87,14.33,14.46,28600
2008-02-18,13.79,13.93,13.79,13.79,41470
2008-02-19,13.79,14.46,13.39,13.39,18740
2008-02-20,13.66,13.93,12.72,12.72,21920
2008-02-21,12.11,12.11,12.11,12.11,8310
2008-02-22,11.52,11.52,11.52,11.52,78320
2008-02-25,12.03,12.08,12.03,12.08,34100
2008-02-26,12.45,12.32,11.49,12.11,58300
2008-02-27,12.03,12.51,11.97,12.11,31050
2008-02-28,12.59,12.7,12.11,12.59,81020
2008-02-29,12.59,12.59,12.0,12.0,14550
2008-03-03,12.0,12.0,11.41,11.41,50030
2008-03-04,10.85,10.98,10.85,10.85,47410
2008-03-05,10.31,11.38,10.31,10.31,29800
2008-03-06,10.82,10.82,10.82,10.82,100
2008-03-07,11.36,11.36,11.36,11.36,740
2008-03-10,11.92,11.92,11.92,11.92,7550
2008-03-11,11.92,12.32,11.79,12.29,21780
2008-03-12,11.73,12.88,11.73,12.88,39320
2008-03-13,13.26,13.37,13.23,13.31,16800
2008-03-14,13.34,13.39,13.26,13.37,27190
2008-03-17,13.12,13.12,12.59,13.12,29710
2008-03-18,12.48,12.48,12.48,12.48,8040
2008-03-19,11.89,13.1,11.87,11.87,17490
2008-03-20,12.45,12.45,12.05,12.05,10650
2008-03-21,11.52,12.59,11.52,12.05,10550
2008-03-24,11.6,12.05,11.57,12.05,19030
2008-03-25,11.57,11.57,11.46,11.46,8430
2008-03-26,10.98,12.03,10.98,12.03,20100
2008-03-27,12.13,12.13,12.13,12.13,6010
2008-03-28,12.24,12.24,12.24,12.24,300
2008-03-31,12.35,12.35,12.35,12.35,10
2008-04-01,12.45,12.45,12.45,12.45,3060
2008-04-02,12.56,12.56,12.56,12.56,2520
2008-04-03,12.67,12.67,12.67,12.67,9540
2008-04-04,12.78,12.78,12.78,12.78,3030
2008-04-07,13.02,13.02,13.02,13.02,2750
2008-04-08,13.26,13.26,12.78,13.26,25770
2008-04-09,13.39,13.39,13.39,13.39,20820
2008-04-10,13.66,13.66,13.26,13.66,50140
2008-04-11,13.66,13.93,13.39,13.93,29240
2008-04-16,13.93,13.93,13.66,13.93,6320
2008-04-17,13.66,14.2,13.66,14.2,9630
2008-04-18,14.46,14.46,14.33,14.46,6360
2008-04-21,14.73,14.73,14.6,14.6,34320
2008-04-22,14.6,14.6,14.33,14.33,15840
2008-04-23,14.6,14.6,14.06,14.06,3470
2008-04-24,13.79,14.33,13.79,14.33,25950
2008-04-25,14.33,14.46,14.33,14.33,69020
2008-04-28,14.06,14.2,14.06,14.2,57170
2008-04-29,13.93,14.06,13.93,14.06,31050
2008-05-05,14.33,14.33,13.79,13.79,48300
2008-05-06,13.53,13.53,13.53,13.53,12360
2008-05-07,13.26,13.26,13.26,13.26,230
2008-05-08,13.02,13.26,13.02,13.02,25300
2008-05-09,12.78,12.78,12.78,12.78,140
2008-05-12,12.54,12.54,12.54,12.54,10
2008-05-13,12.29,12.29,12.29,12.29,10
2008-05-14,12.05,12.05,12.05,12.05,20
2008-05-15,11.81,11.81,11.81,11.81,10
2008-05-16,11.6,11.6,11.6,11.6,1550
2008-05-19,11.81,11.81,11.38,11.81,5690
2008-05-20,12.03,12.03,11.6,12.03,13830
2008-05-21,12.03,12.24,11.84,12.03,4660
2008-05-22,11.81,12.03,11.81,11.81,3610
2008-05-23,12.03,12.03,11.6,12.03,12110
2008-05-26,11.81,12.19,11.81,12.03,2370
2008-05-30,12.03,11.81,11.81,11.81,20
2008-06-02,11.6,12.03,11.6,12.0,1710
2008-06-03,11.79,12.05,11.79,11.79,9740
2008-06-04,11.57,11.57,11.57,11.57,1500
2008-06-05,11.36,11.36,11.36,11.36,10000
2008-06-06,11.14,11.14,11.14,11.14,110
2008-06-09,10.93,10.93,10.93,10.93,10
2008-06-10,10.71,10.71,10.71,10.71,200
2008-06-11,10.5,10.93,10.5,10.71,13380
2008-06-12,10.93,10.93,10.93,10.93,10200
2008-06-13,11.14,11.14,11.14,11.14,1110
2008-06-16,11.36,11.36,11.36,11.36,1020
2008-06-17,11.57,11.57,11.57,11.57,140
2008-06-18,11.79,11.79,11.36,11.36,2450
2008-06-19,11.04,11.04,11.04,11.04,10
2008-06-20,11.04,11.36,10.71,11.04,3970
2008-06-23,10.71,11.36,10.71,11.36,620
2008-06-24,11.04,11.68,11.04,11.68,1110
2008-06-25,11.33,12.03,11.33,12.03,850
2008-06-26,12.03,12.03,11.68,11.68,1020
2008-06-27,11.33,11.68,11.33,11.68,2550
2008-06-30,11.38,11.87,11.33,11.87,2490
2008-07-01,12.19,12.21,12.05,12.21,4730
2008-07-02,12.56,12.56,12.56,12.56,390
2008-07-03,12.56,12.56,12.19,12.19,5210
2008-07-04,12.19,12.54,11.84,11.84,4290
2008-07-07,12.19,12.19,11.84,11.84,2300
2008-07-08,11.49,11.76,11.49,11.76,5720
2008-07-09,12.11,12.11,11.41,11.41,7100
2008-07-10,11.12,11.12,11.09,11.12,2870
2008-07-11,11.01,11.44,11.01,11.44,970
2008-07-14,11.76,11.76,11.76,11.76,6700
2008-07-15,12.08,12.11,11.52,12.11,9300
2008-07-16,11.76,12.45,11.76,11.76,9550
2008-07-17,11.41,11.52,11.41,11.52,4270
2008-07-18,11.2,11.2,11.2,11.2,2310
2008-07-21,10.87,11.17,10.87,10.87,1550
2008-07-22,10.55,10.55,10.55,10.55,100
2008-07-23,10.26,10.26,10.26,10.26,600
2008-07-24,9.96,9.96,9.96,9.96,460
2008-07-25,9.67,9.78,9.67,9.67,4150
2008-07-28,9.4,9.94,9.4,9.94,3060
2008-07-29,10.18,10.23,10.18,10.23,1600
2008-07-30,10.53,10.53,10.53,10.53,10630
2008-07-31,10.23,10.82,10.23,10.82,3000
2008-08-01,10.82,11.12,10.5,10.5,1330
2008-08-04,10.2,10.2,10.2,10.2,2710
2008-08-05,10.5,10.5,10.45,10.5,2260
2008-08-06,10.2,10.79,10.2,10.79,6320
2008-08-07,11.12,11.12,11.12,11.12,5300
2008-08-08,10.79,10.85,10.79,10.85,580
2008-08-11,11.17,11.17,10.61,11.17,13280
2008-08-12,11.17,11.49,11.17,11.49,6000
2008-08-13,11.49,11.81,11.17,11.81,6930
2008-08-14,12.16,12.16,12.16,12.16,20170
2008-08-15,12.51,12.51,12.51,12.51,9260
2008-08-18,13.12,13.12,12.91,12.99,3610
2008-08-19,12.99,13.34,12.99,13.12,15560
2008-08-20,12.48,12.59,12.48,12.48,1500
2008-08-21,11.89,12.59,11.89,12.59,16050
2008-08-22,13.07,13.07,12.99,13.07,19260
2008-08-25,12.75,13.39,12.75,13.12,7790
2008-08-26,13.66,13.66,12.86,12.86,26350
2008-08-27,13.1,13.39,12.72,13.12,62940
2008-08-28,12.51,12.99,12.51,12.62,19840
2008-08-29,13.12,13.12,12.19,12.72,26600
2008-09-03,12.72,13.26,12.72,13.26,14300
2008-09-04,13.79,13.79,13.79,13.79,58800
2008-09-05,14.46,14.46,14.46,14.46,40850
2008-09-08,14.46,14.46,13.79,13.79,68840
2008-09-09,13.79,14.2,13.39,13.53,14830
2008-09-10,14.06,14.06,12.86,12.86,52190
2008-09-11,12.86,12.86,12.4,12.4,26050
2008-09-12,12.32,12.32,11.79,11.79,21270
2008-09-15,12.37,12.37,12.32,12.37,14380
2008-09-16,12.94,12.94,11.76,11.76,26560
2008-09-17,11.28,12.05,11.2,11.2,8660
2008-09-18,10.71,10.71,10.66,10.66,4510
2008-09-19,11.17,11.17,10.98,11.17,34610
2008-09-22,11.7,11.7,11.7,11.7,5030
2008-09-23,11.14,11.38,11.14,11.14,26740
2008-09-24,10.77,11.68,10.61,10.71,15870
2008-09-25,10.2,10.71,10.18,10.31,56870
2008-09-26,6.75,6.75,6.75,6.75,17680
2008-09-29,7.07,7.07,7.07,7.07,1100
2008-09-30,6.72,7.07,6.72,6.72,52690
2008-10-01,7.04,7.04,7.02,7.04,14670
2008-10-02,7.39,7.39,7.04,7.39,28160
2008-10-03,7.66,7.66,7.5,7.66,21520
2008-10-06,7.31,7.31,7.29,7.29,3900
2008-10-07,6.94,6.94,6.94,6.94,2230
2008-10-08,6.62,6.62,6.62,6.62,3170
2008-10-09,6.29,6.43,6.29,6.29,54490
2008-10-10,6.0,6.54,6.0,6.0,24670
2008-10-13,5.76,6.27,5.71,6.27,23380
2008-10-14,6.56,6.56,6.56,6.56,4120
2008-10-15,6.29,6.56,6.29,6.56,11910
2008-10-16,6.56,6.56,6.24,6.24,2040
2008-10-17,6.35,6.35,5.95,6.35,6160
2008-10-20,6.64,6.64,6.43,6.64,57220
2008-10-21,6.96,6.96,6.7,6.7,61520
2008-10-22,6.4,6.67,6.37,6.56,21150
2008-10-23,6.24,6.24,6.24,6.24,1300
2008-10-24,5.95,5.95,5.95,5.95,3800
2008-10-27,5.65,5.65,5.65,5.65,2120
2008-10-28,5.38,5.38,5.38,5.38,10
2008-10-29,5.6,5.6,5.12,5.12,36930
2008-10-30,4.87,5.33,4.87,5.06,26440
2008-10-31,5.3,5.3,5.06,5.22,17350
2008-11-03,5.04,5.09,4.98,5.01,29170
2008-11-04,4.79,5.06,4.77,5.04,11260
2008-11-05,5.2,5.2,5.09,5.17,12960
2008-11-06,4.96,5.09,4.93,4.96,13640
2008-11-07,4.71,5.09,4.71,4.71,13320
2008-11-10,4.55,4.87,4.55,4.82,1700
2008-11-11,4.69,4.69,4.58,4.61,11000
2008-11-12,4.42,4.53,4.39,4.53,4800
2008-11-13,4.42,4.74,4.37,4.37,6070
2008-11-14,4.29,4.55,4.29,4.42,830
2008-11-17,4.53,4.53,4.42,4.45,4410
2008-11-18,4.29,4.5,4.23,4.42,8680
2008-11-19,4.29,4.5,4.29,4.42,940
2008-11-20,4.21,4.29,4.21,4.23,5610
2008-11-21,4.23,4.42,4.23,4.37,9230
2008-11-24,4.18,4.31,4.18,4.31,1130
2008-11-25,4.18,4.34,4.18,4.31,12560
2008-11-26,4.31,4.31,4.1,4.1,1350
2008-11-27,3.94,4.23,3.91,3.94,3150
2008-11-28,3.94,4.12,3.94,4.12,7310
2008-12-01,4.12,4.31,4.12,4.31,23820
2008-12-02,4.42,4.53,4.42,4.53,16230
2008-12-03,4.74,4.74,4.71,4.74,16020
2008-12-04,4.96,4.96,4.96,4.96,6440
2008-12-05,4.96,5.2,4.79,5.2,47340
2008-12-08,5.2,5.2,4.96,5.14,8710
2008-12-09,4.93,5.38,4.9,4.9,15520
2008-12-10,4.69,4.96,4.69,4.9,18570
2008-12-11,4.71,4.9,4.71,4.9,3630
2008-12-12,4.77,5.14,4.77,5.14,4670
2008-12-15,5.28,5.3,5.22,5.28,12680
2008-12-16,5.04,5.33,5.04,5.2,5510
2008-12-17,5.01,5.44,4.98,5.28,21840
2008-12-18,5.06,5.46,5.06,5.2,1820
2008-12-19,5.2,5.36,5.09,5.25,13550
2008-12-22,5.41,5.49,5.3,5.49,19280
2008-12-23,5.57,5.65,5.57,5.65,11410
2008-12-24,5.65,5.89,5.38,5.89,11220
2008-12-25,6.08,6.13,5.6,6.13,19390
2008-12-26,5.87,6.29,5.87,6.16,20870
2008-12-29,6.24,6.24,6.16,6.16,4600
2008-12-30,6.16,6.16,6.08,6.08,10100
2008-12-31,5.87,6.29,5.87,6.13,23850
2009-01-02,5.84,5.92,5.84,5.84,8360
2009-01-05,5.73,5.73,5.6,5.6,1340
2009-01-06,5.81,5.81,5.33,5.33,3600
2009-01-07,5.57,5.57,5.57,5.57,20
2009-01-08,5.3,5.3,5.3,5.3,700
2009-01-09,5.52,5.52,5.52,5.52,60
2009-01-12,5.25,5.28,5.25,5.25,2850
2009-01-13,5.38,5.38,5.38,5.38,20
2009-01-14,5.36,5.38,5.36,5.38,1240
2009-01-15,5.38,5.65,5.12,5.65,3150
2009-01-16,5.38,5.65,5.38,5.38,3300
2009-01-19,5.49,5.49,5.49,5.49,410
2009-01-20,5.22,5.36,5.22,5.36,1010
2009-01-21,5.36,5.36,5.36,5.36,490
2009-01-22,5.36,5.36,5.36,5.36,10
2009-01-23,5.09,5.49,5.09,5.09,240
2009-02-02,4.96,4.96,4.96,4.96,100
2009-02-03,4.96,5.09,4.71,4.71,3720
2009-02-04,4.58,4.9,4.55,4.9,13150
2009-02-05,4.66,4.96,4.66,4.96,2240
2009-02-06,4.96,4.93,4.93,4.93,1110
2009-02-09,5.09,5.09,4.96,5.09,4010
2009-02-10,5.09,5.33,4.87,5.33,32520
2009-02-11,5.2,5.33,5.09,5.33,2700
2009-02-12,5.57,5.57,5.09,5.09,25650
2009-02-13,4.96,5.12,4.96,5.12,260
2009-02-16,4.87,5.12,4.87,5.12,1360
2009-02-17,5.12,5.12,5.12,5.12,150
2009-02-18,4.87,4.87,4.87,4.87,1550
2009-02-19,4.63,4.63,4.63,4.63,460
2009-02-20,4.42,4.42,4.42,4.42,550
2009-02-23,4.21,4.21,4.21,4.21,15900
2009-02-24,4.02,4.15,4.02,4.02,106800
2009-02-25,4.18,4.21,4.15,4.21,18340
2009-02-26,4.21,4.21,4.1,4.1,17010
2009-02-27,4.21,4.23,3.96,4.21,22660
2009-03-02,4.23,4.39,4.23,4.39,9110
2009-03-03,4.21,4.55,4.21,4.55,16410
2009-03-04,4.63,4.77,4.55,4.77,43450
2009-03-05,4.93,4.98,4.82,4.9,34370
2009-03-06,4.82,4.87,4.82,4.82,7040
2009-03-09,4.82,4.85,4.82,4.82,15260
2009-03-10,4.87,4.87,4.82,4.87,9590
2009-03-11,5.04,5.04,4.87,4.9,27030
2009-03-12,4.9,5.14,4.87,5.14,80100
2009-03-13,5.14,5.38,5.14,5.38,44660
2009-03-16,5.65,5.65,5.14,5.14,16660
2009-03-17,5.36,5.38,5.2,5.38,28290
2009-03-18,5.41,5.41,5.36,5.41,30410
2009-03-19,5.62,5.62,5.17,5.49,37580
2009-03-20,5.49,5.49,5.28,5.28,38340
2009-03-23,5.28,5.33,5.28,5.33,23060
2009-03-24,5.49,5.49,5.36,5.36,43540
2009-03-25,5.46,5.57,5.46,5.57,5930
2009-03-26,5.68,5.73,5.57,5.68,3300
2009-03-27,5.46,5.73,5.41,5.73,13060
2009-03-30,5.52,5.76,5.52,5.76,37000
2009-03-31,5.49,6.03,5.49,6.03,47590
2009-04-01,5.79,6.03,5.73,5.73,16960
2009-04-02,5.54,5.95,5.46,5.84,29730
2009-04-03,6.05,6.05,5.6,5.89,11410
2009-04-07,5.62,5.89,5.6,5.89,49780
2009-04-08,5.62,5.89,5.6,5.6,42260
2009-04-09,5.38,5.52,5.38,5.38,60850
2009-04-10,5.41,5.62,5.38,5.6,14240
2009-04-13,5.6,5.84,5.52,5.71,114670
2009-04-14,5.76,5.76,5.49,5.49,49280
2009-04-15,5.28,5.28,5.25,5.28,7220
2009-04-16,5.14,5.17,5.04,5.09,12170
2009-04-17,5.33,5.33,4.98,5.09,17200
2009-04-20,5.09,5.12,5.06,5.12,32200
2009-04-21,4.9,5.12,4.9,5.09,70100
2009-04-22,5.09,5.33,5.09,5.33,124360
2009-04-23,5.52,5.57,5.49,5.57,71500
2009-04-24,5.84,5.84,5.84,5.84,63100
2009-04-27,6.11,6.11,5.62,6.11,85370
2009-04-28,5.95,6.4,5.92,6.4,140020
2009-04-29,6.43,6.43,6.11,6.4,22920
2009-05-04,6.62,6.64,6.4,6.64,49600
2009-05-05,6.7,6.83,6.64,6.7,77690
2009-05-06,6.4,6.7,6.37,6.37,27630
2009-05-07,6.43,6.67,6.4,6.67,86370
2009-05-08,6.43,6.64,6.43,6.46,19740
2009-05-11,6.46,6.78,6.29,6.78,85180
2009-05-12,6.78,6.96,6.78,6.96,18200
2009-05-13,6.99,6.99,6.96,6.96,48430
2009-05-14,6.96,6.96,6.67,6.96,2410
2009-05-15,7.07,7.07,6.86,7.07,38640
2009-05-18,7.23,7.23,7.07,7.2,51600
2009-05-19,7.47,7.47,7.2,7.23,102670
2009-05-20,7.23,7.34,7.1,7.23,76930
2009-05-21,6.99,7.47,6.88,7.47,79390
2009-05-22,7.15,7.47,7.12,7.12,26160
2009-05-25,6.78,6.78,6.7,6.78,20900
2009-05-26,6.78,6.78,6.56,6.72,19110
2009-05-27,6.51,6.56,6.4,6.4,22650
2009-05-28,6.13,6.4,6.11,6.4,32900
2009-05-29,6.29,6.56,6.11,6.51,25630
2009-06-01,6.67,6.67,6.19,6.64,24670
2009-06-02,6.8,6.8,6.56,6.62,33270
2009-06-03,6.29,6.4,6.29,6.32,29760
2009-06-04,6.32,6.62,6.29,6.59,109610
2009-06-05,6.8,6.91,6.8,6.91,178880
2009-06-08,7.23,7.23,6.96,7.1,176620
2009-06-09,7.37,7.37,7.1,7.18,150730
2009-06-10,6.83,6.83,6.83,6.83,86610
2009-06-11,6.56,6.56,6.54,6.96,213030
2009-06-12,7.31,7.31,7.1,7.23,164520
2009-06-15,6.91,7.2,6.88,7.2,127040
2009-06-16,6.86,6.86,6.86,6.86,41600
2009-06-17,6.54,6.54,6.54,6.54,51080
2009-06-18,6.75,6.75,6.21,6.29,72670
2009-06-19,6.29,6.59,6.29,6.59,109420
2009-06-22,6.64,6.64,6.27,6.59,39550
2009-06-23,6.27,6.27,6.27,6.27,11690
2009-06-24,6.56,6.56,6.16,6.29,94280
2009-06-25,6.51,6.56,6.29,6.48,65590
2009-06-26,6.56,6.56,6.32,6.48,20700
2009-06-29,6.29,6.43,6.27,6.29,19550
2009-06-30,6.37,6.37,6.0,6.0,47270
2009-07-01,5.71,5.71,5.71,5.71,12500
2009-07-02,5.54,5.79,5.44,5.76,91060
2009-07-03,5.49,6.03,5.49,6.03,126740
2009-07-06,6.32,6.32,6.27,6.32,18580
2009-07-07,6.37,6.54,6.16,6.32,25400
2009-07-08,6.29,6.62,6.16,6.62,95890
2009-07-09,6.94,6.94,6.83,6.94,136990
2009-07-10,7.02,7.02,6.62,6.62,85640
2009-07-13,6.8,6.8,6.29,6.29,56270
2009-07-14,6.13,6.43,6.0,6.37,52810
2009-07-15,6.16,6.43,6.16,6.37,30660
2009-07-16,6.19,6.43,6.13,6.13,46730
2009-07-17,5.92,6.03,5.87,5.92,45060
2009-07-20,5.65,5.68,5.62,5.65,77850
2009-07-21,5.65,5.81,5.65,5.81,42320
2009-07-22,5.81,5.81,5.57,5.57,53350
2009-07-23,5.76,5.76,5.36,5.68,71990
2009-07-24,5.95,5.95,5.89,5.95,89880
2009-07-27,6.13,6.24,5.95,6.24,167160
2009-07-28,6.24,6.4,6.24,6.24,83330
2009-07-29,6.24,6.43,6.11,6.24,47770
2009-07-30,6.24,6.37,6.11,6.29,62130
2009-07-31,6.43,6.59,6.43,6.59,74530
2009-08-03,6.7,6.91,6.7,6.88,113890
2009-08-04,6.88,6.96,6.72,6.72,129220
2009-08-05,6.72,6.8,6.59,6.75,49260
2009-08-06,6.7,6.78,6.43,6.43,62010
2009-08-07,6.29,6.54,6.29,6.32,24310
2009-08-10,6.56,6.62,6.35,6.62,48970
2009-08-11,6.7,6.94,6.7,6.94,140700
2009-08-12,7.02,7.1,6.94,6.94,25350
2009-08-13,6.96,7.26,6.94,7.26,153010
2009-08-14,7.26,7.29,7.23,7.26,82980
2009-08-17,7.23,7.26,7.1,7.2,37640
2009-08-18,7.1,7.12,7.07,7.12,76590
2009-08-19,6.96,7.47,6.96,7.34,69480
2009-08-20,7.34,7.39,7.31,7.39,50530
2009-08-21,7.63,7.74,7.5,7.74,724020
2009-08-24,8.12,8.12,8.12,8.12,105440
2009-08-25,8.3,8.52,8.3,8.52,71590
2009-08-26,8.89,8.92,8.52,8.92,121890
2009-08-27,8.52,8.92,8.49,8.52,42500
2009-08-28,8.44,8.76,8.44,8.68,51570
2009-08-31,8.95,9.11,8.84,8.95,14360
2009-09-01,8.7,8.95,8.54,8.7,22210
2009-09-03,9.03,9.11,8.7,9.03,24630
2009-09-04,8.62,8.97,8.6,8.62,23750
2009-09-07,8.7,8.76,8.22,8.7,7240
2009-09-08,8.73,8.73,8.7,8.73,27510
2009-09-09,8.73,8.73,8.57,8.73,22260
2009-09-10,8.73,8.79,8.73,8.73,17540
2009-09-11,8.76,9.08,8.57,8.57,5370
2009-09-14,8.25,8.6,8.25,8.57,25100
2009-09-15,8.57,8.57,8.57,8.57,29390
2009-09-16,8.57,8.57,8.44,8.57,13710
2009-09-17,8.57,9.0,8.57,8.87,17280
2009-09-18,8.57,8.7,8.57,8.68,9910
2009-09-21,8.84,8.84,8.3,8.84,9730
2009-09-22,8.81,8.84,8.76,8.81,3420
2009-09-23,8.84,8.97,8.73,8.73,8390
2009-09-24,8.97,8.97,8.7,8.73,10760
2009-09-25,8.3,8.73,8.3,8.62,16790
2009-09-28,8.62,8.62,8.57,8.62,6870
2009-09-29,8.62,8.62,8.57,8.62,5110
2009-09-30,8.65,8.65,8.57,8.62,1380
2009-10-01,8.3,8.57,8.3,8.57,2180
2009-10-02,8.57,8.57,8.3,8.57,1130
2009-10-05,8.14,8.14,8.14,8.14,15460
2009-10-06,8.04,8.54,8.01,8.04,492410
2009-10-07,8.44,8.44,8.44,8.44,890
2009-10-08,8.84,8.84,8.3,8.84,162810
2009-10-09,9.24,9.27,8.97,9.27,194160
2009-10-12,9.67,9.72,9.24,9.72,144410
2009-10-13,10.2,10.2,9.37,9.88,1344310
2009-10-14,10.29,10.37,10.18,10.37,326530
2009-10-15,10.87,10.87,10.87,10.87,37390
2009-10-16,11.41,11.41,10.98,11.41,523190
2009-10-19,10.85,10.85,10.85,10.85,239150
2009-10-20,10.58,11.38,10.31,11.38,1232200
2009-10-21,10.82,11.41,10.82,11.25,267500
2009-10-22,10.87,11.25,10.69,10.69,520950
2009-10-23,10.98,10.98,10.18,10.18,377120
2009-10-26,9.67,10.15,9.67,9.67,331590
2009-10-27,9.4,9.64,9.19,9.19,304730
2009-10-28,9.57,9.57,8.75,9.1,385830
2009-10-29,8.75,8.89,8.67,8.69,316940
2009-10-30,9.05,9.05,8.53,9.0,227970
2009-11-02,8.56,8.56,8.56,8.56,99740
2009-11-03,8.23,8.48,8.15,8.15,187770
2009-11-04,7.79,8.42,7.77,7.77,237850
2009-11-05,7.87,8.15,7.82,8.15,94460
2009-11-06,8.53,8.53,8.31,8.53,293380
2009-11-09,8.53,8.53,8.12,8.12,146370
2009-11-10,7.98,8.23,7.77,8.09,143730
2009-11-11,8.12,8.48,7.71,8.48,110980
2009-11-12,8.56,8.69,8.48,8.48,220620
2009-11-13,8.28,8.53,8.07,8.42,125720
2009-11-16,8.28,8.61,8.28,8.34,260380
2009-11-17,8.34,8.75,8.34,8.75,181730
2009-11-18,8.75,9.02,8.61,9.02,209170
2009-11-19,8.97,9.38,8.97,9.21,264320
2009-11-20,9.02,9.21,8.78,8.83,277660
2009-11-23,8.67,8.75,8.39,8.39,174840
2009-11-24,8.39,8.61,8.09,8.18,132990
2009-11-25,8.01,8.2,7.79,7.79,193760
2009-11-26,7.41,7.44,7.41,7.41,478820
2009-11-27,7.05,7.77,7.05,7.77,380540
2009-11-30,7.79,8.15,7.79,8.15,139290
2009-12-01,8.39,8.53,8.2,8.53,185670
2009-12-02,8.48,8.94,8.2,8.2,502780
2009-12-03,8.09,8.61,8.09,8.53,230180
2009-12-04,8.53,8.72,8.2,8.2,134140
2009-12-07,8.2,8.53,8.2,8.48,83400
2009-12-08,8.48,8.48,8.2,8.48,174140
2009-12-09,8.2,8.48,8.07,8.39,258890
2009-12-10,8.39,8.48,8.07,8.07,75440
2009-12-11,8.07,8.09,7.71,7.74,212750
2009-12-14,7.74,8.12,7.74,8.12,112520
2009-12-15,8.12,8.42,7.96,8.39,44450
2009-12-16,8.45,8.45,7.98,8.2,80600
2009-12-17,8.28,8.28,7.93,8.28,45200
2009-12-18,8.45,8.69,8.45,8.69,50880
2009-12-21,8.75,9.08,8.69,9.02,42530
2009-12-22,9.02,9.02,8.75,8.75,39560
2009-12-23,8.75,8.86,8.48,8.69,62740
2009-12-24,8.83,8.83,8.72,8.75,14220
2009-12-25,8.94,9.02,8.61,9.02,44230
2009-12-28,9.02,9.02,8.61,8.61,19630
2009-12-29,8.48,8.61,8.23,8.48,75250
2009-12-30,8.89,8.89,8.48,8.89,142420
2009-12-31,9.21,9.21,8.89,8.89,30350
2010-01-04,9.3,9.3,8.91,9.3,50560
2010-01-05,9.54,9.54,9.02,9.21,47010
2010-01-06,9.35,9.43,8.91,9.35,52200
2010-01-07,9.3,9.41,9.02,9.16,92540
2010-01-08,9.3,9.3,8.72,8.72,39210
2010-01-11,8.5,8.89,8.5,8.75,18970
2010-01-12,8.89,8.89,8.34,8.34,39030
2010-01-13,8.34,8.75,8.07,8.75,53230
2010-01-14,8.89,8.89,8.75,8.89,1430
2010-01-15,8.53,8.94,8.45,8.69,9030
2010-01-18,8.34,8.34,8.28,8.28,15650
2010-01-19,7.93,8.34,7.93,7.93,2750
2010-01-20,8.31,8.31,8.28,8.31,35500
2010-01-21,7.9,8.34,7.9,7.9,4800
2010-01-22,8.2,8.2,7.9,7.9,3060
2010-01-25,7.9,8.18,7.9,8.18,21470
2010-01-26,8.42,8.53,8.2,8.53,13480
2010-01-27,8.18,8.56,8.12,8.18,6760
2010-01-28,7.79,8.18,7.79,7.79,52760
2010-01-29,7.68,7.93,7.68,7.68,6250
2010-02-01,7.57,8.07,7.57,7.68,1980
2010-02-02,7.68,7.93,7.68,7.93,4580
2010-02-03,7.79,8.04,7.79,7.98,2310
2010-02-04,8.09,8.31,8.07,8.07,6500
2010-02-05,8.07,8.07,7.68,7.68,6650
2010-02-08,7.96,7.96,7.68,7.68,9220
2010-02-09,7.3,7.79,7.3,7.38,7260
2010-02-10,7.66,7.71,7.44,7.66,960
2010-02-11,7.68,7.68,7.68,7.68,1010
2010-02-12,7.46,7.79,7.46,7.74,3020
2010-02-22,7.77,7.79,7.66,7.66,2150
2010-02-23,7.49,7.79,7.36,7.36,14600
2010-02-24,7.57,7.57,7.38,7.57,65840
2010-02-25,7.66,7.79,7.6,7.66,35370
2010-02-26,7.74,7.87,7.71,7.74,6190
2010-03-01,7.77,7.77,7.74,7.74,5590
2010-03-02,7.79,7.87,7.74,7.79,19640
2010-03-03,7.93,7.96,7.82,7.93,27530
2010-03-04,8.26,8.26,7.66,7.82,7740
2010-03-05,7.9,7.98,7.71,7.9,5790
2010-03-08,8.2,8.2,7.93,8.18,12160
2010-03-09,8.15,8.18,7.93,8.15,3260
2010-03-10,7.9,8.07,7.82,8.07,10250
2010-03-11,8.04,8.04,7.71,8.04,13240
2010-03-12,8.2,8.28,8.04,8.28,16850
2010-03-15,8.69,8.69,8.67,8.69,255320
2010-03-16,8.89,9.05,8.75,8.86,50610
2010-03-17,8.8,8.94,8.75,8.75,117000
2010-03-18,8.75,8.75,8.37,8.72,139900
2010-03-19,8.72,8.72,8.34,8.37,45730
2010-03-22,8.2,8.56,8.14,8.2,108410
2010-03-23,8.37,8.37,7.92,7.95,130880
2010-03-24,8.31,8.34,8.2,8.34,36500
2010-03-25,8.42,8.42,7.97,7.97,23100
2010-03-26,7.86,8.17,7.86,8.11,17590
2010-03-29,8.25,8.25,7.97,8.25,15550
2010-03-30,8.42,8.42,8.28,8.28,18210
2010-03-31,8.06,8.28,8.03,8.23,60550
2010-04-01,8.11,8.23,8.03,8.11,11570
2010-04-02,8.17,8.17,8.03,8.06,9500
2010-04-05,8.23,8.45,8.09,8.45,71490
2010-04-06,8.7,8.87,8.51,8.82,110270
2010-04-07,8.68,8.68,8.48,8.68,7810
2010-04-08,8.7,8.7,8.42,8.42,2260
2010-04-09,8.7,8.7,8.28,8.42,24540
2010-04-12,8.31,8.68,8.28,8.31,26970
2010-04-13,8.28,8.39,8.28,8.28,12030
2010-04-14,8.23,8.68,8.14,8.68,46540
2010-04-15,8.98,9.1,8.42,9.1,163410
2010-04-16,8.93,9.1,8.68,9.04,24430
2010-04-19,8.98,9.1,8.98,9.1,10940
2010-04-20,9.1,9.26,9.1,9.26,33100
2010-04-21,8.98,9.55,8.98,9.07,28970
2010-04-22,8.98,9.52,8.98,8.98,64590
2010-04-26,9.43,9.43,8.98,9.43,78300
2010-04-27,9.66,9.66,9.21,9.55,14530
2010-04-28,9.8,9.88,9.55,9.8,67600
2010-04-29,9.8,9.8,9.49,9.49,9580
2010-05-04,9.8,9.83,9.55,9.83,75440
2010-05-05,10.11,10.11,9.35,10.11,88830
2010-05-06,10.11,10.33,9.6,9.83,271950
2010-05-07,9.46,9.83,9.43,9.49,32330
2010-05-10,9.83,9.83,9.04,9.43,27680
2010-05-11,9.35,9.74,9.35,9.52,5430
2010-05-12,9.07,9.1,9.07,9.07,49810
2010-05-13,8.87,9.07,8.68,9.07,153440
2010-05-14,8.98,9.1,8.93,9.04,9520
2010-05-17,8.65,8.7,8.65,8.65,4100
2010-05-18,8.7,8.7,8.42,8.7,1910
2010-05-19,8.37,8.68,8.28,8.28,34500
2010-05-20,7.89,8.28,7.89,8.25,13310
2010-05-21,7.86,7.86,7.86,7.86,56100
2010-05-24,7.47,8.03,7.47,7.47,20880
2010-05-25,7.58,7.83,7.58,7.83,44480
2010-05-26,8.06,8.2,8.06,8.2,29890
2010-05-27,8.25,8.59,8.25,8.59,27890
2010-05-28,8.93,9.01,8.65,8.98,94160
2010-05-31,8.7,8.98,8.7,8.7,32900
2010-06-01,8.59,9.12,8.53,8.7,7510
2010-06-02,8.7,8.7,8.42,8.68,11480
2010-06-03,8.7,8.7,8.65,8.7,8310
2010-06-04,8.7,8.7,8.53,8.53,27150
2010-06-07,8.28,8.28,8.14,8.14,16970
2010-06-08,8.11,8.28,8.11,8.28,370
2010-06-09,8.39,8.39,8.03,8.39,5600
2010-06-10,8.39,8.39,8.39,8.39,40
2010-06-11,8.42,8.42,8.17,8.42,1030
2010-06-14,8.56,8.65,8.56,8.56,38580
2010-06-15,8.56,8.62,8.28,8.56,14180
2010-06-16,8.62,8.62,8.56,8.62,3110
2010-06-17,8.84,8.84,8.65,8.79,8300
2010-06-18,8.56,8.79,8.56,8.79,7360
2010-06-21,8.79,8.79,8.73,8.79,8000
2010-06-22,8.7,8.84,8.7,8.7,12430
2010-06-23,8.82,8.82,8.45,8.82,9530
2010-06-24,8.84,8.84,8.56,8.84,7560
2010-06-25,8.9,8.9,8.7,8.9,6260
2010-06-28,8.9,8.9,8.9,8.9,100
2010-06-29,8.68,8.84,8.68,8.84,1110
2010-06-30,8.9,8.9,8.9,8.9,10000
2010-07-01,8.9,8.9,8.9,8.9,0
2010-07-02,8.9,8.9,8.53,8.9,20
2010-07-05,8.9,8.9,8.62,8.9,1160
2010-07-06,8.56,8.9,8.53,8.9,530
2010-07-07,8.9,8.9,8.9,8.9,300
2010-07-08,9.12,9.12,9.12,9.12,10
2010-07-09,8.9,8.9,8.9,8.9,200
2010-07-12,8.51,8.51,8.51,8.51,490
2010-07-13,8.93,8.93,8.93,8.93,40
2010-07-14,8.93,8.93,8.93,8.93,0
2010-07-15,8.65,8.65,8.65,8.65,10
2010-07-16,8.42,8.45,8.42,8.42,1360
2010-07-19,8.79,8.79,8.42,8.79,2110
2010-07-20,8.82,8.82,8.42,8.82,6310
2010-07-21,8.93,8.93,8.42,8.84,2600
2010-07-22,8.42,8.93,8.42,8.42,2500
2010-07-23,8.7,8.7,8.7,8.7,10
2010-07-26,8.28,8.34,8.28,8.28,4860
2010-07-27,8.53,8.53,8.53,8.53,10
2010-07-28,8.68,8.7,8.23,8.68,510
2010-07-29,8.25,8.25,8.25,8.25,460
2010-07-30,7.97,8.42,7.92,7.97,5190
2010-08-02,8.14,8.14,7.97,8.14,3200
2010-08-03,8.39,8.42,8.14,8.39,530
2010-08-04,8.06,8.14,8.06,8.06,1100
2010-08-05,8.31,8.31,7.86,8.31,200
2010-08-06,8.03,8.25,8.03,8.03,800
2010-08-09,7.72,7.72,7.72,7.72,300
2010-08-10,7.72,7.95,7.61,7.95,7120
2010-08-11,7.97,8.0,7.72,7.97,1670
2010-08-12,7.78,7.78,7.64,7.78,210
2010-08-13,7.47,7.86,7.47,7.86,1900
2010-08-16,8.0,8.14,7.86,8.0,960
2010-08-17,7.61,8.06,7.61,7.61,270
2010-08-18,7.58,7.61,7.58,7.58,3860
2010-08-19,7.33,7.58,7.33,7.33,960
2010-08-20,7.3,7.3,7.3,7.3,2000
2010-08-23,7.58,7.58,7.58,7.58,10
2010-08-24,7.58,7.58,7.58,7.58,110
2010-08-25,7.3,7.5,7.22,7.5,710
2010-08-26,7.19,7.78,7.13,7.16,2420
2010-08-27,7.02,7.02,6.82,7.02,2940
2010-08-30,7.16,7.36,7.07,7.16,2200
2010-08-31,7.44,7.44,7.3,7.44,920
2010-09-01,7.75,7.75,7.16,7.75,5800
2010-09-06,8.11,8.11,7.95,8.11,4250
2010-09-07,8.11,8.39,7.75,8.11,5770
2010-09-08,7.83,7.86,7.78,7.83,240
2010-09-09,8.06,8.06,7.78,7.97,520
2010-09-10,7.61,7.66,7.61,7.61,770
2010-09-13,7.61,7.61,7.61,7.61,0
2010-09-14,7.61,7.61,7.61,7.61,800
2010-09-15,7.89,7.89,7.24,7.89,4670
2010-09-16,7.86,7.86,7.72,7.86,530
2010-09-17,7.86,7.86,7.58,7.86,230
2010-09-20,8.14,8.14,8.14,8.14,10
2010-09-21,8.28,8.42,7.75,8.28,4290
2010-09-22,8.28,8.28,8.28,8.28,0
2010-09-23,8.28,8.28,7.95,8.28,5220
2010-09-24,8.34,8.34,7.89,8.34,10790
2010-09-27,8.7,8.7,7.95,8.7,32020
2010-09-28,8.93,8.93,8.93,8.93,9000
2010-09-29,8.73,8.73,8.62,8.73,10010
2010-09-30,8.82,8.9,8.7,8.82,14030
2010-10-01,8.82,8.82,8.7,8.82,4270
2010-10-04,8.7,8.79,8.39,8.7,760
2010-10-05,8.42,8.42,8.42,8.42,600
2010-10-06,8.79,8.79,8.7,8.7,400
2010-10-07,8.7,8.7,8.7,8.7,0
2010-10-08,8.7,8.7,8.7,8.7,0
2010-10-11,8.48,8.48,8.28,8.48,440
2010-10-12,8.42,8.42,8.06,8.42,40
2010-10-13,8.39,8.39,8.0,8.39,20
2010-10-14,8.0,8.39,8.0,8.0,1190
2010-10-15,7.72,7.72,7.72,7.72,500
2010-10-18,7.86,7.86,7.86,7.86,110
2010-10-19,7.83,7.83,7.83,7.83,520
2010-10-20,7.83,8.17,7.78,7.83,1800
2010-10-21,7.83,7.83,7.83,7.83,0
2010-10-22,7.97,7.97,7.75,7.75,110
2010-10-25,7.83,7.83,7.58,7.83,13120
2010-10-26,7.72,7.83,7.72,7.72,2880
2010-10-27,8.09,8.09,8.09,8.09,750
2010-10-28,8.14,8.14,8.14,8.14,150
2010-10-29,8.11,8.11,8.0,8.11,110
2010-11-01,8.11,8.11,8.11,8.11,100
2010-11-02,7.83,7.83,7.83,7.83,630
2010-11-03,8.0,8.0,8.0,8.0,10
2010-11-04,8.11,8.11,7.66,7.66,420
2010-11-05,7.95,7.95,7.3,7.95,230
2010-11-08,8.09,8.09,7.55,7.55,220
2010-11-09,7.55,7.55,7.33,7.55,1520
2010-11-10,7.27,7.55,7.22,7.55,2110
2010-11-11,7.55,7.55,7.55,7.55,0
2010-11-12,7.86,7.86,7.5,7.5,3020
2010-11-15,7.16,7.16,7.16,7.16,20
2010-11-16,6.99,6.99,6.82,6.99,2270
2010-11-17,7.3,7.3,7.3,7.3,1000
2010-11-18,7.3,7.3,7.3,7.3,250
2010-11-19,7.3,7.3,7.3,7.3,440
2010-11-22,7.3,7.3,7.3,7.3,0
2010-11-23,7.61,7.61,7.61,7.61,10
2010-11-24,7.52,7.52,7.24,7.52,80
2010-11-25,7.52,7.52,7.52,7.52,520
2010-11-26,7.5,7.5,7.5,7.5,1910
2010-11-29,7.8,7.86,7.13,7.86,17900
2010-11-30,8.2,8.2,8.0,8.0,1240
2010-12-01,7.86,8.23,7.64,7.86,540
2010-12-02,8.25,8.25,7.58,8.25,12100
2010-12-03,7.92,8.65,7.92,7.92,3520
2010-12-06,7.92,8.06,7.86,7.92,13930
2010-12-07,7.92,7.92,7.92,7.92,9100
2010-12-08,7.58,8.0,7.58,7.58,10270
2010-12-09,7.3,7.58,7.3,7.3,5170
2010-12-10,7.66,7.66,7.58,7.66,46920
2010-12-13,8.03,8.03,8.03,8.03,6860
2010-12-14,7.75,8.42,7.75,7.75,4110
2010-12-15,7.97,8.11,7.92,8.11,11850
2010-12-16,8.11,8.11,7.72,8.11,31880
2010-12-17,8.23,8.23,8.11,8.23,2320
2010-12-20,8.28,8.28,8.11,8.28,16890
2010-12-21,8.56,8.68,8.14,8.56,20810
2010-12-22,8.65,8.65,8.56,8.65,6340
2010-12-23,8.7,8.7,8.7,8.7,500
2010-12-24,8.56,8.56,8.39,8.56,11510
2010-12-27,8.56,8.56,8.14,8.56,17040
2010-12-28,8.56,8.56,8.56,8.56,5000
2010-12-29,8.18,8.98,8.18,8.98,19960
2010-12-30,8.98,8.98,8.53,8.59,20020
2010-12-31,8.59,8.86,8.3,8.83,12090
2011-01-04,8.83,8.42,8.42,8.42,1050
2011-01-05,8.0,8.74,8.0,8.59,550
2011-01-06,8.59,8.3,8.18,8.18,360
2011-01-07,8.18,8.56,8.56,8.56,10
2011-01-10,8.56,8.56,8.56,8.56,200
2011-01-11,8.59,8.59,8.15,8.5,30
2011-01-12,8.5,8.5,8.5,8.5,0
2011-01-13,8.89,8.89,8.09,8.53,70
2011-01-14,8.12,8.53,8.12,8.53,220
2011-01-17,8.44,8.44,8.44,8.44,60
2011-01-18,8.56,8.56,8.56,8.56,10
2011-01-19,8.56,8.56,8.15,8.15,4140
2011-01-20,8.44,8.44,8.42,8.42,160
2011-01-21,8.0,8.0,8.0,8.0,550
2011-01-24,8.39,8.39,7.64,7.64,7420
2011-01-25,7.47,7.47,7.29,7.41,8090
2011-01-26,7.38,7.76,7.11,7.76,13250
2011-01-27,8.09,8.09,8.09,8.09,10
2011-01-28,7.7,8.15,7.7,8.15,20
2011-02-08,8.15,8.15,8.15,8.15,0
2011-02-09,7.85,8.3,7.76,8.3,200
2011-02-10,8.0,8.0,7.88,7.88,3250
2011-02-11,8.0,8.0,8.0,8.0,10540
2011-02-14,8.36,8.36,8.36,8.36,30
2011-02-15,8.3,8.3,7.94,8.3,1030
2011-02-16,8.3,8.3,8.3,8.3,0
2011-02-17,8.3,8.3,8.3,8.3,0
2011-02-18,8.59,8.59,8.59,8.59,10
2011-02-21,8.59,8.59,8.59,8.59,0
2011-02-22,8.18,8.18,8.18,8.18,10
2011-02-23,7.79,7.79,7.79,7.79,40
2011-02-24,8.09,8.09,7.41,7.41,1680
2011-02-25,7.76,7.76,7.05,7.41,7180
2011-02-28,7.05,7.38,7.05,7.17,73180
2011-03-01,7.17,7.17,6.87,7.11,2800
2011-03-02,6.84,6.84,6.76,6.76,71930
2011-03-03,6.84,6.87,6.43,6.46,37960
2011-03-04,6.22,6.46,6.22,6.46,350
2011-03-07,6.52,6.76,6.52,6.76,23250
2011-03-08,7.02,7.08,6.82,7.08,35620
2011-03-09,6.76,6.84,6.76,6.84,14400
2011-03-10,7.02,7.02,6.84,6.84,5930
2011-03-11,7.17,7.17,7.17,7.17,10
2011-03-14,7.05,7.35,6.84,7.32,1140
2011-03-15,7.38,7.41,6.96,6.96,51970
2011-03-16,6.82,7.29,6.64,7.29,25280
2011-03-17,6.96,7.56,6.93,7.56,5230
2011-03-18,7.2,7.88,7.2,7.88,82280
2011-03-21,7.85,8.27,7.7,8.27,159410
2011-03-22,8.27,8.53,7.88,8.3,9260
2011-03-23,8.15,8.56,8.15,8.56,13000
2011-03-24,8.15,8.18,8.15,8.18,6170
2011-03-25,7.88,8.24,7.88,8.24,790
2011-03-28,8.24,8.5,8.24,8.5,5500
2011-03-29,8.09,8.09,8.09,8.09,1250
2011-03-30,8.47,8.47,8.47,8.47,1010
2011-03-31,8.59,8.89,8.06,8.59,4300
2011-04-01,8.59,8.59,8.59,8.59,0
2011-04-04,8.59,8.59,8.59,8.59,10
2011-04-05,8.18,8.18,8.18,8.18,10
2011-04-06,8.18,8.18,8.18,8.18,190
2011-04-07,8.42,8.42,8.42,8.42,1000
2011-04-08,8.0,8.0,8.0,8.0,140
2011-04-13,8.0,8.0,8.0,8.0,0
2011-04-14,7.62,7.62,7.62,7.62,10
2011-04-15,7.7,7.85,7.26,7.26,1570
2011-04-18,7.62,7.62,7.62,7.62,5200
2011-04-19,7.62,7.62,7.62,7.62,0
2011-04-20,7.97,7.97,7.56,7.56,520
2011-04-21,7.29,7.29,7.29,7.29,80
2011-04-22,6.93,7.64,6.93,7.64,50
2011-04-25,7.64,7.64,7.64,7.64,0
2011-04-26,7.29,7.41,7.29,7.41,410
2011-04-27,7.41,7.41,7.41,7.41,200
2011-04-28,7.05,7.41,7.05,7.41,250
2011-04-29,7.62,7.62,7.62,7.62,10
2011-05-04,7.88,7.88,7.88,7.88,10
2011-05-05,7.88,7.88,7.88,7.88,0
2011-05-06,7.5,7.5,7.5,7.5,10
2011-05-09,7.7,7.7,7.62,7.62,250
2011-05-10,7.62,7.62,7.62,7.62,0
2011-05-11,7.62,7.62,7.62,7.62,0
2011-05-12,7.26,7.26,7.26,7.26,120
2011-05-13,6.93,7.56,6.93,6.93,300
2011-05-16,7.26,7.26,6.61,6.61,30
2011-05-17,6.93,6.93,6.93,6.93,10
2011-05-18,7.23,7.23,6.64,6.64,20
2011-05-19,6.96,6.96,6.31,6.31,2140
2011-05-20,6.31,6.31,6.31,6.31,0
2011-05-23,6.04,6.04,6.04,6.04,100
2011-05-24,6.04,6.04,6.04,6.04,40
2011-05-25,6.01,6.01,5.75,5.75,20
2011-05-26,6.01,6.01,5.75,5.75,30
2011-05-27,6.01,6.01,6.01,6.01,10
2011-05-30,6.01,6.01,6.01,6.01,20
2011-05-31,5.72,5.72,5.72,5.72,20
2011-06-01,5.45,5.54,5.45,5.51,10220
2011-06-02,5.27,5.78,5.27,5.33,6010
2011-06-03,5.07,5.33,5.07,5.33,10870
2011-06-06,5.07,5.33,5.07,5.33,4610
2011-06-07,5.3,5.33,5.3,5.33,3100
2011-06-08,5.33,5.33,5.33,5.33,110
2011-06-09,5.33,5.33,5.33,5.33,3070
2011-06-10,5.33,5.36,5.33,5.36,1490
2011-06-13,5.39,5.63,5.39,5.63,850
2011-06-14,5.51,5.51,5.51,5.51,50
2011-06-15,5.33,5.33,5.33,5.33,70
2011-06-16,5.6,5.6,5.6,5.6,200
2011-06-17,5.6,5.6,5.6,5.6,0
2011-06-20,5.6,5.6,5.6,5.6,0
2011-06-21,5.63,5.63,5.63,5.63,10
2011-06-22,5.63,5.63,5.63,5.63,0
2011-06-23,5.36,5.63,5.36,5.63,210
2011-06-24,5.63,5.63,5.63,5.63,500
2011-06-27,5.63,5.63,5.63,5.63,190
2011-06-28,5.63,5.63,5.63,5.63,0
2011-06-29,5.63,5.63,5.63,5.63,0
2011-06-30,5.36,5.36,5.36,5.36,1080
2011-07-01,5.36,5.36,5.36,5.36,0
2011-07-04,5.36,5.36,5.36,5.36,0
2011-07-05,5.36,5.36,5.36,5.36,0
2011-07-06,5.39,5.45,5.1,5.45,700
2011-07-07,5.19,5.72,5.19,5.21,240
2011-07-08,5.45,5.45,5.45,5.45,80
2011-07-11,5.72,5.72,5.72,5.72,10
2011-07-12,5.72,5.72,5.72,5.72,0
2011-07-13,5.9,5.9,5.9,5.9,10
2011-07-14,5.9,5.9,5.9,5.9,0
2011-07-15,6.13,6.13,6.13,6.13,10
2011-07-18,6.13,6.13,6.13,6.13,0
2011-07-19,5.93,6.04,5.84,5.84,1150
2011-07-20,5.84,5.84,5.84,5.84,0
2011-07-21,5.84,5.84,5.84,5.84,0
2011-07-22,5.84,5.84,5.84,5.84,0
2011-07-25,5.84,5.84,5.84,5.84,0
2011-07-26,5.84,5.84,5.84,5.84,0
2011-07-27,6.01,6.01,6.01,6.01,20
2011-07-28,5.72,5.72,5.72,5.72,160
2011-07-29,5.93,5.93,5.93,5.93,20
2011-08-01,5.93,5.93,5.93,5.93,0
2011-08-02,5.63,5.63,5.63,5.63,20
2011-08-03,5.36,5.36,5.36,5.36,90
2011-08-04,5.13,5.13,5.13,5.13,2000
2011-08-05,5.36,5.36,4.89,4.89,90
2011-08-08,5.1,5.13,5.04,5.13,2730
2011-08-09,5.36,5.36,5.36,5.36,2930
2011-08-10,5.63,5.63,5.63,5.63,6790
2011-08-11,5.63,5.63,5.63,5.63,0
2011-08-12,5.63,5.63,5.63,5.63,1000
2011-08-15,5.45,5.84,5.45,5.84,1060
2011-08-16,6.01,6.01,6.01,6.01,100
2011-08-17,6.01,6.01,6.01,6.01,5000
2011-08-18,6.01,6.01,6.01,6.01,0
2011-08-19,6.31,6.31,6.31,6.31,4470
2011-08-22,6.46,6.61,6.46,6.61,330
2011-08-23,6.67,6.84,6.67,6.84,100
2011-08-24,6.84,6.84,6.84,6.84,0
2011-08-25,6.84,6.84,6.84,6.84,5000
2011-08-26,6.84,6.84,6.84,6.84,0
2011-08-29,6.96,7.11,6.96,7.11,5000
2011-08-30,7.44,7.44,7.44,7.44,550
2011-08-31,7.62,7.62,7.62,7.62,10
2011-09-01,7.79,7.79,7.79,7.79,1000
2011-09-05,8.15,8.15,8.15,8.15,1000
2011-09-06,7.76,8.15,7.76,8.15,1110
2011-09-07,7.76,8.3,7.76,8.24,1500
2011-09-08,8.24,8.24,8.24,8.24,0
2011-09-09,8.24,8.24,8.24,8.24,0
2011-09-12,8.56,8.56,8.15,8.24,2020
2011-09-13,7.88,7.88,7.88,7.88,710
2011-09-14,8.21,8.21,8.21,8.21,10
2011-09-15,8.21,8.21,8.21,8.21,0
2011-09-16,7.82,7.82,7.82,7.82,10
2011-09-19,7.82,7.82,7.82,7.82,0
2011-09-20,7.44,7.44,7.44,7.44,10
2011-09-21,7.08,7.76,7.08,7.44,15050
2011-09-22,7.73,7.73,7.73,7.73,2500
2011-09-23,8.12,8.12,8.03,8.03,1210
2011-09-26,8.42,8.42,8.42,8.42,1020
2011-09-27,8.42,8.42,8.42,8.42,0
2011-09-28,8.44,8.74,8.44,8.74,2080
2011-09-29,8.89,9.16,8.89,9.16,40
2011-09-30,9.16,9.16,9.16,9.16,0
2011-10-03,9.16,9.16,9.16,9.16,0
2011-10-04,9.16,9.16,9.16,9.16,0
2011-10-05,9.16,9.16,9.16,9.16,0
2011-10-06,8.71,8.71,8.71,8.71,10
2011-10-07,8.3,8.3,8.3,8.3,10
2011-10-10,7.88,7.88,7.88,7.88,10
2011-10-11,7.5,7.5,7.5,7.5,10
2011-10-12,7.14,7.14,7.14,7.14,50
2011-10-13,6.79,6.79,6.79,6.79,50
2011-10-14,6.82,6.82,6.82,6.82,10
2011-10-17,6.67,6.67,6.55,6.55,150
2011-10-18,6.43,6.43,6.22,6.22,650
2011-10-19,6.22,6.22,6.22,6.22,0
2011-10-20,6.07,6.07,5.93,5.93,650
2011-10-21,5.93,5.93,5.84,5.84,1050
2011-10-24,5.84,5.84,5.84,5.84,0
2011-10-25,6.1,6.1,6.1,6.1,10
2011-10-26,6.1,6.1,6.1,6.1,0
2011-10-27,6.1,6.1,6.1,6.1,50
2011-10-28,6.37,6.37,6.37,6.37,10
2011-10-31,6.37,6.37,6.37,6.37,0
2011-11-01,6.34,6.34,6.34,6.34,10
2011-11-02,6.34,6.34,6.34,6.34,0
2011-11-03,6.64,6.64,6.64,6.64,10
2011-11-04,6.96,6.96,6.96,6.96,10
2011-11-07,7.23,7.23,7.23,7.23,490
2011-11-08,7.23,7.23,7.23,7.23,0
2011-11-09,7.23,7.23,7.23,7.23,0
2011-11-10,7.59,7.59,6.87,6.87,40
2011-11-11,6.87,6.87,6.87,6.87,0
2011-11-14,6.87,6.87,6.87,6.87,0
2011-11-15,7.2,7.2,7.2,7.2,10
2011-11-16,7.2,7.2,7.2,7.2,0
2011-11-17,7.56,7.56,7.56,7.56,10
2011-11-18,7.56,7.56,7.56,7.56,0
2011-11-21,7.56,7.56,7.56,7.56,0
2011-11-22,7.56,7.56,7.56,7.56,0
2011-11-23,7.91,7.91,7.91,7.91,10
2011-11-24,7.91,7.91,7.91,7.91,0
2011-11-25,7.91,7.91,7.91,7.91,0
2011-11-28,8.15,8.15,8.15,8.15,10
2011-11-29,8.15,8.15,8.15,8.15,0
2011-11-30,8.15,8.15,8.15,8.15,0
2011-12-01,8.15,8.15,8.15,8.15,0
2011-12-02,8.15,8.15,8.15,8.15,0
2011-12-05,8.15,8.15,8.15,8.15,0
2011-12-06,7.76,8.3,7.76,8.3,1100
2011-12-07,8.3,8.3,8.3,8.3,0
2011-12-08,8.3,8.3,8.3,8.3,0
2011-12-09,7.88,8.71,7.88,8.71,1550
2011-12-12,8.89,8.89,8.89,8.89,10
2011-12-13,8.44,8.44,8.44,8.44,10
2011-12-14,8.03,8.03,8.03,8.03,10
2011-12-15,8.03,8.03,8.03,8.03,0
2011-12-16,7.64,7.64,7.64,7.64,10
2011-12-19,7.94,7.94,7.94,7.94,420
2011-12-20,8.0,8.0,8.0,8.0,1360
2011-12-21,8.0,8.0,8.0,8.0,2000
2011-12-22,7.62,8.39,7.62,7.62,4180
2011-12-23,7.26,7.97,7.26,7.97,3220
2011-12-26,8.3,8.36,7.59,8.36,4700
2011-12-27,8.56,8.56,7.94,7.94,20
2011-12-28,7.56,8.33,7.56,7.56,11970
2011-12-29,7.2,7.2,7.2,7.2,130
2011-12-30,7.56,7.56,6.84,7.53,6270
2012-01-03,7.53,7.53,7.53,7.53,0
2012-01-04,7.53,7.53,7.53,7.53,0
2012-01-05,7.53,7.53,7.53,7.53,10
2012-01-06,7.17,7.17,7.17,7.17,80
2012-01-09,7.17,7.17,7.17,7.17,10
2012-01-10,7.14,7.14,6.82,6.82,60
2012-01-11,6.49,6.49,6.49,6.49,30
2012-01-12,6.79,6.79,6.19,6.19,330
2012-01-13,5.93,5.93,5.9,5.9,1070
2012-01-16,5.9,5.9,5.9,5.9,190
2012-01-17,5.66,5.66,5.63,5.63,200
2012-01-18,5.36,5.36,5.36,5.36,110
2012-01-19,5.36,5.36,5.36,5.36,190
2012-01-20,5.1,5.1,5.1,5.1,1540
2012-01-30,4.86,4.86,4.86,4.86,140
2012-01-31,4.89,4.89,4.89,4.89,70
2012-02-01,5.13,5.13,4.65,5.1,1140
2012-02-02,5.1,5.3,5.1,5.3,3250
2012-02-03,5.39,5.39,5.19,5.19,20
2012-02-06,5.1,5.27,4.98,5.27,1510
2012-02-07,5.19,5.19,5.04,5.04,5060
2012-02-08,4.8,5.27,4.8,5.27,10910
2012-02-09,5.07,5.36,5.07,5.36,1200
2012-02-10,5.1,5.16,5.1,5.16,900
2012-02-13,5.13,5.13,4.92,4.92,510
2012-02-14,4.74,5.16,4.74,5.16,1100
2012-02-15,5.16,5.16,5.16,5.16,0
2012-02-16,5.16,5.16,5.16,5.16,9610
2012-02-17,5.16,5.16,5.16,5.16,0
2012-02-20,4.92,5.1,4.92,5.1,1300
2012-02-21,4.86,5.04,4.86,5.04,650
2012-02-22,4.8,4.8,4.8,4.8,30
2012-02-23,4.59,4.71,4.56,4.56,9760
2012-02-24,4.71,4.77,4.36,4.36,19310
2012-02-27,4.18,4.36,4.15,4.27,150
2012-02-28,4.36,4.36,4.06,4.06,24010
2012-02-29,4.06,4.06,3.88,3.88,14660
2012-03-01,3.7,3.7,3.7,3.7,5490
2012-03-02,3.53,3.88,3.53,3.56,42530
2012-03-05,3.73,3.73,3.73,3.73,26150
2012-03-06,3.91,3.91,3.73,3.73,3970
2012-03-07,3.64,3.91,3.64,3.91,71760
2012-03-08,3.94,4.09,3.91,4.09,15130
2012-03-09,4.09,4.27,4.09,4.27,19730
2012-03-12,4.47,4.47,4.27,4.44,30910
2012-03-13,4.36,4.59,4.36,4.59,14850
2012-03-14,4.44,4.74,4.39,4.41,61700
2012-03-15,4.3,4.5,4.24,4.5,11680
2012-03-16,4.3,4.33,4.3,4.3,23650
2012-03-19,4.15,4.3,4.15,4.3,3320
2012-03-20,4.15,4.3,4.15,4.3,2970
2012-03-21,4.44,4.44,4.09,4.18,11900
2012-03-22,4.06,4.27,4.06,4.27,9510
2012-03-23,4.27,4.27,4.09,4.12,3600
2012-03-26,4.24,4.3,4.24,4.3,3020
2012-03-27,4.5,4.5,4.44,4.5,27400
2012-03-28,4.68,4.68,4.65,4.65,11110
2012-03-29,4.65,4.71,4.44,4.44,3230
2012-03-30,4.44,4.44,4.24,4.24,3980
2012-04-03,4.12,4.24,4.03,4.03,8920
2012-04-04,4.12,4.12,3.85,3.91,15780
2012-04-05,4.03,4.03,3.79,4.03,5950
2012-04-06,4.12,4.12,4.0,4.0,5010
2012-04-09,4.12,4.12,4.12,4.12,520
2012-04-10,4.0,4.06,4.0,4.06,2590
2012-04-11,4.24,4.24,3.97,3.97,1910
2012-04-12,3.91,4.15,3.91,4.15,3480
2012-04-13,4.21,4.21,4.15,4.21,22670
2012-04-16,4.21,4.21,4.15,4.21,210
2012-04-17,4.09,4.15,4.09,4.15,1130
2012-04-18,4.33,4.33,4.0,4.15,3040
2012-04-19,4.27,4.27,3.94,4.15,7030
2012-04-20,4.0,4.12,4.0,4.12,2510
2012-04-23,4.0,4.18,4.0,4.18,23030
2012-04-24,4.03,4.21,4.0,4.18,6520
2012-04-25,4.0,4.12,4.0,4.03,9370
2012-04-26,4.0,4.15,4.0,4.15,1630
2012-04-27,4.15,4.15,4.15,4.15,300
2012-05-02,4.33,4.33,4.15,4.21,16700
2012-05-03,4.06,4.15,4.06,4.15,2340
2012-05-04,4.15,4.15,4.12,4.15,1540
2012-05-07,4.18,4.3,4.15,4.3,11370
2012-05-08,4.3,4.3,4.15,4.18,17470
2012-05-09,4.21,4.3,4.09,4.3,910
2012-05-10,4.18,4.3,4.18,4.24,3110
2012-05-11,4.24,4.24,4.12,4.12,11140
2012-05-14,4.27,4.27,4.12,4.15,10610
2012-05-15,4.21,4.21,4.09,4.21,17900
2012-05-16,4.24,4.3,4.24,4.24,6490
2012-05-17,4.36,4.44,4.3,4.44,13410
2012-05-18,4.44,4.65,4.44,4.65,8470
2012-05-21,4.86,4.86,4.86,4.86,3310
2012-05-22,5.1,5.1,5.1,5.1,9820
2012-05-23,5.33,5.33,5.27,5.27,32060
2012-05-24,5.07,5.39,5.07,5.07,18350
2012-05-25,5.3,5.3,5.21,5.3,8610
2012-05-28,5.54,5.54,5.54,5.54,790
2012-05-29,5.81,5.81,5.63,5.78,61970
2012-05-30,5.99,5.99,5.78,5.78,108270
2012-05-31,5.81,5.81,5.51,5.51,3580
2012-06-01,5.24,5.24,5.24,5.24,3550
2012-06-04,5.24,5.24,5.01,5.01,2980
2012-06-05,4.77,4.77,4.77,4.77,2140
2012-06-06,4.53,4.74,4.53,4.68,22560
2012-06-07,4.5,4.86,4.5,4.86,1790
2012-06-08,4.62,5.01,4.62,4.62,9370
2012-06-11,4.74,4.74,4.53,4.71,290
2012-06-12,4.5,4.8,4.5,4.5,210
2012-06-13,4.47,4.5,4.47,4.5,6700
2012-06-14,4.5,4.71,4.5,4.71,7160
2012-06-15,4.92,4.92,4.92,4.92,750
2012-06-18,5.16,5.16,5.13,5.13,34790
2012-06-19,5.27,5.27,5.1,5.19,580
2012-06-20,4.95,5.1,4.95,4.95,360
2012-06-21,4.86,5.04,4.86,4.95,1730
2012-06-22,4.86,4.86,4.8,4.8,120
2012-06-25,4.65,4.65,4.56,4.56,2230
2012-06-26,4.41,4.77,4.36,4.77,29520
2012-06-27,4.98,5.01,4.98,5.01,16500
2012-06-28,5.19,5.24,5.19,5.21,20000
2012-06-29,5.33,5.33,4.98,4.98,2070
2012-07-02,5.01,5.01,4.74,4.98,1490
2012-07-03,5.01,5.04,4.74,4.74,12070
2012-07-04,4.74,4.74,4.74,4.74,0
2012-07-05,4.89,4.89,4.89,4.89,10
2012-07-06,4.98,5.1,4.71,4.98,40230
2012-07-09,4.77,4.77,4.74,4.74,6550
2012-07-10,4.53,4.98,4.53,4.98,630
2012-07-11,4.98,4.98,4.98,4.98,0
2012-07-12,4.74,4.74,4.74,4.74,60
2012-07-13,4.71,4.95,4.71,4.95,20
2012-07-16,4.89,4.89,4.74,4.74,25530
2012-07-17,4.95,4.95,4.95,4.95,20
2012-07-18,4.98,5.01,4.71,4.74,3570
2012-07-19,4.89,4.92,4.74,4.92,2340
2012-07-20,5.07,5.07,4.89,4.89,5740
2012-07-23,5.04,5.04,4.77,4.83,36010
2012-07-24,5.04,5.07,5.01,5.07,23870
2012-07-25,5.3,5.3,5.27,5.3,1733370
2012-07-26,5.54,5.54,5.54,5.54,1900
2012-07-27,5.81,5.81,5.81,5.81,750
2012-07-30,6.07,6.07,6.07,6.07,59060
2012-07-31,6.37,6.37,6.37,6.37,20450
2012-08-01,6.67,6.67,6.67,6.67,12010
2012-08-02,6.99,6.99,6.52,6.99,17900
2012-08-03,7.32,7.32,6.87,7.32,374240
2012-08-06,7.67,7.67,7.32,7.67,505120
2012-08-07,7.97,7.97,7.7,7.94,217770
2012-08-08,7.88,7.88,7.56,7.56,2430
2012-08-09,7.2,7.2,7.2,7.2,14690
2012-08-10,6.84,6.84,6.84,6.84,70
2012-08-13,6.52,6.52,6.52,6.52,120
2012-08-14,6.19,6.19,6.19,6.19,910
2012-08-15,5.9,6.49,5.9,6.49,27560
2012-08-16,6.79,6.79,6.22,6.61,15110
2012-08-17,6.31,6.73,6.28,6.73,4080
2012-08-20,6.96,6.96,6.58,6.96,8700
2012-08-21,6.64,6.64,6.64,6.64,1760
2012-08-22,6.31,6.31,6.31,6.31,11680
2012-08-23,6.01,6.01,6.01,6.01,150
2012-08-24,5.72,6.31,5.72,6.22,9210
2012-08-27,6.01,6.07,5.93,6.07,9590
2012-08-28,6.28,6.28,6.13,6.13,60
2012-08-29,5.87,6.19,5.87,6.16,2070
2012-08-30,6.37,6.37,5.99,6.19,940
2012-08-31,6.22,6.22,5.93,6.19,40
2012-09-04,5.9,6.46,5.9,5.9,16120
2012-09-05,6.13,6.16,5.63,5.63,385090
2012-09-06,5.51,5.9,5.39,5.9,8550
2012-09-07,6.1,6.1,5.63,5.87,57730
2012-09-10,5.6,5.75,5.6,5.6,22940
2012-09-11,5.33,5.36,5.33,5.33,15700
2012-09-12,5.07,5.42,5.07,5.07,90390
2012-09-13,5.1,5.1,4.83,5.01,39400
2012-09-14,5.01,5.13,4.89,4.92,14830
2012-09-17,5.01,5.16,4.89,5.16,26340
2012-09-18,5.33,5.39,5.04,5.27,28120
2012-09-19,5.27,5.36,5.04,5.04,18830
2012-09-20,5.04,5.04,4.83,4.89,9640
2012-09-21,5.07,5.1,4.89,4.89,27580
2012-09-24,5.04,5.04,4.68,4.68,8610
2012-09-25,4.74,4.83,4.5,4.5,25600
2012-09-26,4.5,4.62,4.44,4.44,13770
2012-09-27,4.5,4.59,4.44,4.56,8020
2012-09-28,4.68,4.68,4.5,4.62,690
2012-10-01,4.56,4.56,4.41,4.41,4930
2012-10-02,4.27,4.41,4.21,4.21,23000
2012-10-03,4.12,4.27,4.0,4.0,32200
2012-10-04,4.09,4.18,4.0,4.18,12100
2012-10-05,4.24,4.24,4.09,4.18,6020
2012-10-08,4.18,4.18,4.09,4.09,5780
2012-10-09,4.12,4.15,4.0,4.0,13140
2012-10-10,4.0,4.18,4.0,4.18,20240
2012-10-11,4.18,4.18,4.09,4.09,5870
2012-10-12,4.15,4.18,4.15,4.18,1620
2012-10-15,4.09,4.09,3.97,3.97,10240
2012-10-16,4.0,4.12,3.94,4.12,6440
2012-10-17,4.03,4.06,3.94,3.94,15840
2012-10-18,3.97,4.03,3.94,3.94,5320
2012-10-19,3.97,4.0,3.88,3.94,7330
2012-10-22,3.88,3.94,3.76,3.76,4000
2012-10-23,3.91,3.94,3.64,3.94,63710
2012-10-24,3.88,3.88,3.76,3.76,4170
2012-10-25,3.85,3.91,3.64,3.85,2040
2012-10-26,3.82,3.82,3.7,3.76,10910
2012-10-29,3.82,3.82,3.67,3.76,2960
2012-10-30,3.79,3.82,3.73,3.79,2360
2012-10-31,3.64,3.82,3.64,3.79,5520
2012-11-01,3.79,3.79,3.79,3.79,0
2012-11-02,3.64,3.64,3.61,3.61,19170
2012-11-05,3.73,3.73,3.47,3.67,170
2012-11-06,3.67,3.82,3.53,3.73,150
2012-11-07,3.7,3.76,3.59,3.73,3600
2012-11-08,3.7,3.7,3.61,3.7,1960
2012-11-09,3.56,3.7,3.56,3.7,660
2012-11-12,3.73,3.73,3.56,3.73,2660
2012-11-13,3.61,3.73,3.59,3.59,2150
2012-11-14,3.61,3.61,3.53,3.53,12280
2012-11-15,3.64,3.64,3.5,3.53,850
2012-11-16,3.47,3.53,3.44,3.53,2370
2012-11-19,3.44,3.53,3.38,3.38,1480
2012-11-20,3.38,3.41,3.38,3.41,1590
2012-11-21,3.38,3.41,3.29,3.41,1130
2012-11-22,3.38,3.38,3.32,3.32,3990
2012-11-23,3.41,3.44,3.26,3.26,4310
2012-11-26,3.23,3.38,3.2,3.35,2420
2012-11-27,3.26,3.38,3.23,3.23,6450
2012-11-28,3.35,3.35,3.32,3.32,130
2012-11-29,3.32,3.41,3.17,3.32,870
2012-11-30,3.32,3.41,3.2,3.35,2300
2012-12-03,3.41,3.41,3.23,3.38,1850
2012-12-04,3.26,3.41,3.23,3.41,1110
2012-12-05,3.47,3.47,3.32,3.47,880
2012-12-06,3.5,3.56,3.35,3.5,690
2012-12-07,3.56,3.56,3.35,3.35,430
2012-12-10,3.47,3.47,3.35,3.35,1120
2012-12-11,3.26,3.47,3.23,3.41,2290
2012-12-12,3.44,3.44,3.29,3.41,2060
2012-12-13,3.29,3.44,3.29,3.44,2560
2012-12-14,3.44,3.47,3.29,3.44,2280
2012-12-17,3.44,3.44,3.44,3.44,10
2012-12-18,3.29,3.29,3.29,3.29,1350
2012-12-19,3.2,3.41,3.2,3.29,2270
2012-12-20,3.26,3.41,3.26,3.41,2980
2012-12-21,3.29,3.29,3.26,3.26,13150
2012-12-24,3.17,3.38,3.14,3.23,1600
2012-12-25,3.2,3.38,3.2,3.23,2170
2012-12-26,3.14,3.32,3.11,3.23,4230
2012-12-27,3.23,3.29,3.23,3.23,10030
2012-12-28,3.23,3.32,3.23,3.26,5060
2013-01-02,3.26,3.38,3.26,3.29,11310
2013-01-03,3.41,3.44,3.32,3.41,18600
2013-01-04,3.53,3.56,3.47,3.56,5900
2013-01-07,3.73,3.73,3.73,3.73,2810
2013-01-08,3.91,3.91,3.91,3.91,5480
2013-01-09,4.09,4.09,3.91,4.0,50710
2013-01-10,4.12,4.12,3.94,4.0,4830
2013-01-11,4.03,4.03,3.82,3.85,37960
2013-01-14,3.88,3.88,3.73,3.85,8390
2013-01-15,4.03,4.12,4.03,4.12,38000
2013-01-16,4.36,4.39,4.36,4.39,9100
2013-01-17,4.59,4.68,4.59,4.68,53100
2013-01-18,4.92,4.92,4.44,4.92,54480
2013-01-21,4.65,4.92,4.65,4.71,30800
2013-01-22,4.53,4.89,4.53,4.53,3890
2013-01-23,4.53,4.74,4.53,4.65,16340
2013-01-24,4.83,4.86,4.68,4.68,40090
2013-01-25,4.89,4.98,4.68,4.8,27120
2013-01-28,5.04,5.13,4.8,5.07,15270
2013-01-29,4.77,5.33,4.77,5.16,71460
2013-01-30,5.3,5.51,5.3,5.51,50230
2013-01-31,5.33,5.63,5.33,5.48,18300
2013-02-01,5.48,5.48,5.39,5.39,15410
2013-02-04,5.33,5.57,5.33,5.51,80
2013-02-05,5.48,5.63,5.48,5.63,10010
2013-02-06,5.63,5.63,5.48,5.48,80
2013-02-07,5.16,5.63,5.16,5.57,1750
2013-02-08,5.6,5.6,5.6,5.6,300
2013-02-18,5.24,5.99,5.24,5.99,2620
2013-02-19,5.57,5.72,5.57,5.72,9380
2013-02-20,5.75,5.78,5.6,5.78,210
2013-02-21,5.39,5.6,5.39,5.39,15900
2013-02-22,5.63,5.69,5.1,5.69,1460
2013-02-25,5.69,5.69,5.33,5.66,230
2013-02-26,5.63,5.78,5.3,5.3,800
2013-02-27,5.48,5.48,5.45,5.45,70
2013-02-28,5.6,5.6,5.6,5.6,30
2013-03-01,5.6,5.6,5.6,5.6,0
2013-03-04,5.6,5.6,5.6,5.6,0
2013-03-05,5.21,5.21,5.21,5.21,1090
2013-03-06,5.33,5.33,5.33,5.33,10
2013-03-07,5.33,5.33,5.33,5.33,0
2013-03-08,5.42,5.42,5.42,5.42,10
2013-03-11,5.54,5.54,5.54,5.54,10
2013-03-12,5.16,5.33,5.16,5.16,40
2013-03-13,4.8,5.33,4.8,5.3,80
2013-03-14,5.33,5.33,5.33,5.33,10
2013-03-15,5.42,5.42,5.39,5.39,50
2013-03-18,5.04,5.04,5.04,5.04,70
2013-03-19,4.83,5.33,4.83,5.3,70
2013-03-20,4.95,5.33,4.95,5.33,610
2013-03-21,4.98,5.33,4.98,5.33,680
2013-03-22,5.01,5.42,5.01,5.42,1040
2013-03-25,5.42,5.42,5.42,5.42,0
2013-03-26,5.07,5.45,5.07,5.42,102040
2013-03-27,5.33,5.45,5.33,5.45,5010
2013-03-28,5.42,5.48,5.1,5.45,12060
2013-03-29,5.45,5.63,5.42,5.63,10170
2013-04-01,5.48,5.75,5.33,5.33,3020
2013-04-02,5.33,5.69,5.33,5.48,8720
2013-04-03,5.33,5.63,5.33,5.33,2310
2013-04-04,5.33,5.33,5.33,5.33,0
2013-04-05,5.33,5.33,5.33,5.33,0
2013-04-08,5.04,5.6,4.98,5.6,1160
2013-04-09,5.6,5.6,5.6,5.6,0
2013-04-10,5.6,5.6,5.6,5.6,0
2013-04-11,5.6,5.6,5.6,5.6,0
2013-04-12,5.21,5.6,5.21,5.6,310
2013-04-15,5.6,5.6,5.6,5.6,0
2013-04-16,5.6,5.6,5.6,5.6,0
2013-04-17,5.21,5.21,5.21,5.21,210
2013-04-18,5.04,5.04,4.86,4.86,150
2013-04-22,5.01,5.01,5.01,5.01,120
2013-04-23,5.27,5.3,5.27,5.27,1040
2013-04-24,5.42,5.42,4.92,5.36,570
2013-04-25,5.48,5.48,5.48,5.48,10
2013-04-26,5.48,5.48,5.48,5.48,1600
2013-05-02,5.19,5.19,5.19,5.19,1000
2013-05-03,5.3,5.3,5.3,5.3,60
2013-05-06,4.95,5.39,4.95,5.33,3620
2013-05-07,5.42,5.42,5.42,5.42,1020
2013-05-08,5.1,5.39,5.1,5.1,1010
2013-05-09,5.42,5.42,4.74,4.74,1180
2013-05-10,5.04,5.04,5.04,5.04,110
2013-05-13,5.27,5.27,5.27,5.27,10
2013-05-14,5.33,5.33,5.33,5.33,110
2013-05-15,5.33,5.36,5.33,5.33,1310
2013-05-16,5.01,5.33,4.98,4.98,170
2013-05-17,4.65,5.16,4.65,5.16,1130
2013-05-20,5.27,5.27,5.04,5.27,35510
2013-05-21,5.3,5.3,5.3,5.3,5000
2013-05-22,4.95,4.95,4.95,4.95,4130
2013-05-23,4.77,5.19,4.77,5.19,2480
2013-05-24,5.27,5.27,4.83,4.83,4820
2013-05-27,5.16,5.16,5.16,5.16,1020
2013-05-28,4.89,4.89,4.89,4.89,2990
2013-05-29,5.01,5.04,5.01,5.04,3200
2013-05-30,5.13,5.13,5.04,5.04,1810
2013-05-31,5.07,5.07,4.74,4.74,6330
2013-06-03,5.04,5.04,4.56,4.56,8630
2013-06-04,4.86,4.86,4.86,4.86,10
2013-06-05,5.01,5.1,5.01,5.1,220
2013-06-06,5.19,5.19,5.19,5.19,1110
2013-06-07,5.21,5.21,5.19,5.19,1310
2013-06-10,5.24,5.24,4.83,4.83,3010
2013-06-11,5.04,5.04,5.04,5.04,3470
2013-06-12,4.74,4.74,4.74,4.74,1200
2013-06-13,5.01,5.01,5.01,5.01,2040
2013-06-14,4.98,5.04,4.98,5.01,1470
2013-06-17,5.04,5.04,4.68,4.68,1330
2013-06-18,4.39,4.89,4.39,4.5,2030
2013-06-19,4.5,4.8,4.5,4.8,1520
2013-06-20,4.47,4.47,4.47,4.47,5090
2013-06-21,4.27,4.27,4.27,4.27,3000
2013-06-24,4.56,4.56,4.56,4.56,320
2013-06-25,4.74,4.74,4.74,4.74,1000
2013-06-26,4.44,4.44,4.44,4.44,1820
2013-06-27,4.68,4.74,4.68,4.74,2150
2013-06-28,5.04,5.04,4.47,4.47,4510
2013-07-01,4.21,4.21,4.21,4.21,1000
2013-07-02,4.15,4.47,3.97,4.47,4080
2013-07-03,4.77,4.77,4.77,4.77,10
2013-07-04,4.92,4.92,4.44,4.44,1010
2013-07-05,4.41,4.41,4.39,4.39,2000
2013-07-08,4.44,4.44,4.44,4.44,10
2013-07-09,4.74,4.74,4.59,4.59,20
2013-07-10,4.8,4.8,4.8,4.8,10
2013-07-11,4.98,4.98,4.89,4.89,20
2013-07-12,5.01,5.01,5.01,5.01,10
2013-07-15,5.01,5.01,5.01,5.01,200
2013-07-16,5.01,5.01,5.01,5.01,0
2013-07-17,5.04,5.04,4.68,4.89,120
2013-07-18,4.89,4.89,4.89,4.89,0
2013-07-19,5.13,5.13,4.56,4.56,1010
2013-07-22,4.27,4.53,4.27,4.53,20
2013-07-23,4.62,4.62,4.62,4.62,10
2013-07-24,4.62,4.62,4.62,4.62,0
2013-07-25,4.33,4.36,4.33,4.36,400
2013-07-26,4.44,4.44,4.06,4.09,2670
2013-07-29,3.85,4.3,3.82,4.3,980
2013-07-30,4.56,4.56,4.56,4.56,10
2013-07-31,4.53,4.53,4.27,4.27,100
2013-08-01,4.27,4.27,4.27,4.27,0
2013-08-02,4.06,4.51,4.06,4.09,620
2013-08-05,4.09,4.09,4.09,4.09,0
2013-08-06,3.81,4.27,3.81,4.23,70
2013-08-07,3.99,4.48,3.95,4.48,110
2013-08-08,4.23,4.37,4.23,4.37,20
2013-08-09,4.2,4.58,4.2,4.2,100
2013-08-12,4.34,4.34,3.92,4.34,30
2013-08-13,4.41,4.41,4.41,4.41,10
2013-08-14,4.41,4.41,4.41,4.41,0
2013-08-15,4.51,4.51,4.13,4.41,30
2013-08-16,4.41,4.41,4.41,4.41,0
2013-08-19,4.2,4.34,4.2,4.34,20
2013-08-20,4.06,4.55,4.06,4.09,650
2013-08-21,3.92,4.34,3.92,4.34,20
2013-08-22,4.09,4.09,4.09,4.09,310
2013-08-23,4.37,4.37,3.81,4.16,1040
2013-08-26,4.13,4.2,3.88,4.16,40
2013-08-27,3.88,3.88,3.88,3.88,10
2013-08-28,3.64,4.13,3.64,4.06,1800
2013-08-29,4.09,4.09,4.09,4.09,50
2013-08-30,4.09,4.09,4.09,4.09,0
2013-09-03,4.27,4.27,3.81,3.81,190
2013-09-04,3.99,3.99,3.57,3.95,40
2013-09-05,3.71,3.95,3.71,3.95,130
2013-09-06,3.71,4.09,3.71,3.81,50
2013-09-09,3.92,3.92,3.85,3.85,60
2013-09-10,3.67,3.92,3.6,3.85,270
2013-09-11,4.06,4.06,3.67,3.99,70
2013-09-12,3.74,4.06,3.74,4.06,1520
2013-09-13,3.78,4.3,3.78,4.3,1160
2013-09-16,4.02,4.58,4.02,4.58,780
2013-09-17,4.72,4.72,4.27,4.69,230
2013-09-18,4.37,4.83,4.37,4.83,1020
2013-09-19,4.51,4.93,4.51,4.83,150
2013-09-20,4.51,4.9,4.51,4.9,710
2013-09-23,5.0,5.0,4.58,4.58,210
2013-09-24,4.34,4.58,4.27,4.27,2780
2013-09-25,4.51,4.51,4.2,4.48,80
2013-09-26,4.62,4.62,4.62,4.62,310
2013-09-27,4.3,4.51,4.3,4.3,3070
2013-09-30,4.02,4.55,4.02,4.55,15960
2013-10-01,4.23,4.23,4.23,4.23,230
2013-10-02,4.02,4.48,3.95,3.95,2970
2013-10-03,3.74,4.2,3.71,3.71,9780
2013-10-04,3.81,3.85,3.6,3.81,7160
2013-10-07,3.99,4.06,3.85,3.85,750
2013-10-08,3.85,3.85,3.71,3.71,130
2013-10-09,3.85,3.85,3.85,3.85,20
2013-10-10,3.64,3.88,3.64,3.85,7100
2013-10-11,4.02,4.02,3.99,3.99,80
2013-10-14,4.02,4.02,4.02,4.02,20
2013-10-15,4.02,4.02,4.02,4.02,0
2013-10-16,4.02,4.02,3.74,3.74,2630
2013-10-17,3.78,3.88,3.78,3.88,3540
2013-10-18,3.71,3.71,3.67,3.67,6500
2013-10-21,3.85,3.85,3.6,3.6,60
2013-10-22,3.6,3.81,3.53,3.53,5030
2013-10-23,3.78,3.78,3.78,3.78,210
2013-10-24,3.64,3.85,3.6,3.6,5240
2013-10-25,3.6,3.6,3.6,3.6,10
2013-10-28,3.43,3.81,3.43,3.57,170
2013-10-29,3.67,3.74,3.67,3.74,390
2013-10-30,3.78,3.78,3.67,3.67,20
2013-10-31,3.71,3.74,3.71,3.74,150
2013-11-01,3.92,3.92,3.74,3.74,20
2013-11-04,3.67,3.78,3.64,3.78,2530
2013-11-05,3.74,3.88,3.64,3.64,1160
2013-11-06,3.67,3.85,3.67,3.85,270
2013-11-07,3.85,3.85,3.85,3.85,0
2013-11-08,3.67,3.85,3.64,3.85,2590
2013-11-11,3.64,3.67,3.64,3.67,2440
2013-11-12,3.78,3.78,3.78,3.78,10
2013-11-13,3.88,3.88,3.71,3.78,540
2013-11-14,3.57,3.85,3.57,3.85,20
2013-11-15,3.67,3.67,3.67,3.67,10
2013-11-18,3.81,3.81,3.81,3.81,10
2013-11-19,3.85,3.85,3.74,3.74,330
2013-11-20,3.81,3.81,3.5,3.74,6030
2013-11-21,3.67,3.78,3.6,3.67,6440
2013-11-22,3.57,3.78,3.5,3.6,200
2013-11-25,3.6,3.6,3.6,3.6,0
2013-11-26,3.81,3.81,3.81,3.81,10
2013-11-27,3.67,3.67,3.64,3.64,3010
2013-11-28,3.64,3.64,3.5,3.64,5870
2013-11-29,3.46,3.67,3.46,3.5,10040
2013-12-02,3.57,3.6,3.57,3.6,10030
2013-12-03,3.6,3.74,3.57,3.71,7090
2013-12-04,3.85,3.95,3.74,3.95,1800
2013-12-05,4.02,4.06,3.85,4.06,3520
2013-12-06,4.02,4.23,4.02,4.23,22210
2013-12-09,3.99,4.37,3.99,4.37,7020
2013-12-10,4.13,4.48,4.09,4.48,11500
2013-12-11,4.37,4.55,4.37,4.37,16510
2013-12-12,4.48,4.48,4.48,4.48,2000
2013-12-13,4.2,4.2,4.2,4.2,1200
2013-12-16,4.09,4.09,4.09,4.09,1800
2013-12-17,4.2,4.2,4.2,4.2,10
2013-12-18,4.23,4.23,4.02,4.02,2630
2013-12-19,4.02,4.2,4.02,4.2,168240
2013-12-20,4.2,4.23,4.2,4.2,28510
2013-12-23,4.23,4.48,4.23,4.48,102270
2013-12-24,4.48,4.48,4.48,4.48,23000
2013-12-25,4.55,4.55,4.55,4.55,5010
2013-12-26,4.55,4.55,4.55,4.55,5000
2013-12-27,4.23,4.51,4.23,4.23,7260
2013-12-30,3.99,4.48,3.99,4.48,41710
2013-12-31,4.48,4.48,4.48,4.48,50000
2014-01-02,4.48,4.48,4.48,4.48,0
2014-01-03,4.23,4.23,4.23,4.23,10
2014-01-06,4.23,4.23,4.23,4.23,0
2014-01-07,3.95,3.95,3.95,3.95,1730
2014-01-08,3.95,4.2,3.95,4.2,2000
2014-01-09,4.02,4.34,4.02,4.34,30
2014-01-10,4.34,4.34,4.34,4.34,0
2014-01-13,4.2,4.48,4.2,4.48,210
2014-01-14,4.2,4.37,4.2,4.23,550
2014-01-15,4.23,4.23,4.23,4.23,660
2014-01-16,4.44,4.44,4.02,4.02,20
2014-01-17,4.06,4.06,4.06,4.06,10
2014-01-20,4.06,4.06,4.06,4.06,0
2014-01-21,4.3,4.3,3.99,4.16,1660
2014-01-22,4.2,4.2,4.2,4.2,10
2014-01-23,4.23,4.23,4.2,4.2,140
2014-01-24,4.2,4.27,4.2,4.27,1410
2014-01-27,4.06,4.06,4.02,4.02,460
2014-02-06,4.27,4.3,4.27,4.3,3520
2014-02-07,4.3,4.41,4.3,4.41,3650
2014-02-10,4.41,4.41,4.41,4.41,3950
2014-02-11,4.41,4.51,4.41,4.51,2090
2014-02-12,4.51,4.51,4.51,4.51,0
2014-02-13,4.48,4.51,4.48,4.48,313710
2014-02-14,4.48,4.58,4.48,4.48,73100
2014-02-17,4.48,4.48,4.48,4.48,32030
2014-02-18,4.48,4.51,4.48,4.51,4480
2014-02-19,4.51,4.62,4.51,4.62,3040
2014-02-20,4.62,4.93,4.62,4.93,5200
2014-02-21,5.25,5.25,5.21,5.25,14150
2014-02-24,5.56,5.6,5.56,5.6,1100
2014-02-25,5.74,5.95,5.74,5.95,650
2014-02-26,5.95,5.95,5.95,5.95,0
2014-02-27,5.56,5.56,5.56,5.56,10
2014-02-28,5.21,5.95,5.18,5.95,30660
2014-03-03,5.56,5.95,5.56,5.56,70
2014-03-04,5.6,5.6,5.6,5.6,1000
2014-03-05,5.98,5.98,5.21,5.21,3070
2014-03-06,5.56,5.56,4.9,4.9,2010
2014-03-07,4.76,5.21,4.72,4.93,550
2014-03-10,5.25,5.25,4.93,5.25,6780
2014-03-11,5.25,5.6,5.25,5.6,3310
2014-03-12,5.25,5.95,5.21,5.95,2810
2014-03-13,5.56,5.98,5.56,5.56,3600
2014-03-14,5.56,5.6,5.56,5.6,1880
2014-03-17,5.28,5.95,5.25,5.95,2400
2014-03-18,5.91,5.91,5.56,5.56,2510
2014-03-19,5.67,5.74,5.67,5.74,30
2014-03-20,5.74,5.95,5.74,5.77,2220
2014-03-21,6.09,6.09,5.42,5.84,12090
2014-03-24,5.77,5.91,5.77,5.91,20
2014-03-25,6.3,6.3,5.6,5.91,140
2014-03-26,5.56,5.56,5.56,5.56,290
2014-03-27,5.95,5.95,5.42,5.42,2720
2014-03-28,5.77,5.77,5.77,5.77,20
2014-03-31,5.84,5.91,5.81,5.91,12090
2014-04-01,5.77,5.77,5.53,5.53,110
2014-04-02,5.28,5.77,5.28,5.77,150
2014-04-03,5.77,5.77,5.77,5.77,0
2014-04-04,5.91,5.91,5.91,5.91,10
2014-04-07,5.91,5.91,5.91,5.91,0
2014-04-08,5.53,5.53,5.53,5.53,10
2014-04-10,5.84,5.91,5.84,5.91,16110
2014-04-11,5.56,5.95,5.56,5.95,46620
2014-04-14,6.09,6.09,6.09,6.09,10
2014-04-15,5.67,5.91,5.67,5.67,6910
2014-04-16,5.88,5.88,5.88,5.88,650
2014-04-17,6.23,6.23,5.6,5.95,1810
2014-04-18,6.26,6.26,5.56,6.19,40
2014-04-21,5.77,6.37,5.77,6.37,2520
2014-04-22,6.37,6.37,6.37,6.37,0
2014-04-23,6.37,6.37,6.37,6.37,0
2014-04-24,6.47,6.47,6.47,6.47,10
2014-04-25,6.05,6.05,6.05,6.05,10
2014-04-28,6.26,6.26,6.26,6.26,10
2014-04-29,5.84,6.26,5.84,5.84,40
2014-05-05,5.98,5.98,5.46,5.46,20
2014-05-06,5.11,5.7,5.11,5.11,140
2014-05-07,4.76,5.46,4.76,5.46,6440
2014-05-08,5.11,5.11,5.11,5.11,50
2014-05-09,5.46,5.46,5.46,5.46,110
2014-05-12,5.46,5.46,5.46,5.46,200
2014-05-13,5.11,5.77,5.11,5.77,50
2014-05-14,5.77,5.77,5.77,5.77,0
2014-05-15,5.77,5.77,5.77,5.77,0
2014-05-16,6.09,6.09,6.09,6.09,10
2014-05-19,6.12,6.12,5.67,6.05,30
2014-05-20,6.09,6.09,5.63,5.63,20
2014-05-21,6.02,6.02,5.28,5.28,1510
2014-05-22,4.97,5.63,4.93,5.63,1870
2014-05-23,5.25,5.95,5.25,5.28,3520
2014-05-26,4.93,4.93,4.93,4.93,6200
2014-05-27,4.93,5.25,4.93,5.25,4830
2014-05-28,5.6,5.6,5.6,5.6,6000
2014-05-29,5.28,5.28,5.28,5.28,1510
2014-05-30,5.6,5.63,5.6,5.63,20750
2014-06-02,5.25,5.25,5.25,5.25,480
2014-06-03,5.6,5.6,5.6,5.6,2600
2014-06-04,5.6,5.6,5.6,5.6,900
2014-06-05,5.6,5.6,5.6,5.6,2000
2014-06-06,5.98,5.98,5.98,5.98,10130
2014-06-09,6.26,6.3,6.26,6.3,2260
2014-06-10,6.33,6.37,6.3,6.37,2000
2014-06-11,6.65,6.72,6.61,6.72,1460
2014-06-12,7.06,7.17,7.06,7.17,1000
2014-06-13,6.99,6.99,6.99,6.99,760
2014-06-16,7.17,7.41,7.17,7.34,4820
2014-06-17,7.31,7.31,6.99,6.99,10200
2014-06-18,7.17,7.17,7.17,7.17,160
2014-06-19,6.99,7.66,6.99,7.66,11270
2014-06-20,7.66,7.66,7.66,7.66,0
2014-06-23,7.66,7.66,7.66,7.66,0
2014-06-24,8.18,8.18,8.18,8.18,10
2014-06-25,8.18,8.57,8.18,8.57,510
2014-06-26,8.88,8.88,8.88,8.88,10
2014-06-27,8.29,8.74,8.29,8.74,510
2014-06-30,8.15,8.15,8.15,8.15,10
2014-07-01,7.59,8.5,7.59,8.39,230
2014-07-02,8.39,8.39,8.39,8.39,0
2014-07-03,8.95,8.95,7.83,7.83,20
2014-07-04,8.36,8.36,8.36,8.36,26870
2014-07-07,8.92,8.92,7.83,7.83,1060
2014-07-08,7.34,7.34,7.34,7.34,100
2014-07-09,7.83,7.83,6.86,6.89,160
2014-07-10,6.99,7.34,6.99,7.34,210
2014-07-11,7.52,7.52,7.52,7.52,10
2014-07-14,7.03,7.69,7.03,7.69,30
2014-07-15,8.01,8.22,8.01,8.22,260
2014-07-16,8.78,8.78,8.78,8.78,10
2014-07-17,9.09,9.09,9.09,9.09,10
2014-07-18,9.09,9.72,9.09,9.72,10000
2014-07-21,9.76,10.11,9.76,9.76,6180
2014-07-22,9.76,9.79,9.76,9.79,11340
2014-07-23,9.79,9.79,9.79,9.79,0
2014-07-24,9.13,10.46,9.13,10.46,2310
2014-07-25,10.56,10.56,10.46,10.56,80
2014-07-28,11.19,11.19,11.19,11.19,110
2014-07-29,10.42,11.96,10.42,11.72,6520
2014-07-30,11.75,12.45,11.75,12.45,1340
2014-07-31,13.29,13.29,12.52,13.22,1850
2014-08-01,13.99,13.99,13.64,13.64,30
2014-08-04,13.64,13.64,13.64,13.64,0
2014-08-05,13.29,14.58,12.7,13.29,12810
2014-08-06,13.29,13.29,12.7,13.29,11290
2014-08-07,13.29,14.13,12.42,12.42,4430
2014-08-08,12.42,12.42,12.24,12.24,450
2014-08-11,12.94,13.08,11.4,11.4,4030
2014-08-12,11.82,11.89,11.82,11.89,60
2014-08-13,12.7,12.7,12.59,12.59,6030
2014-08-14,12.59,13.47,12.59,13.29,1410
2014-08-15,13.64,13.64,12.42,13.29,1480
2014-08-18,14.22,14.22,13.38,13.64,330
2014-08-19,14.58,14.58,13.64,13.64,1320
2014-08-20,14.58,14.58,13.64,14.58,1040
2014-08-21,14.58,14.58,14.58,14.58,0
2014-08-22,13.59,14.16,13.59,14.16,2010
2014-08-25,15.11,15.11,13.22,13.64,1760
2014-08-26,14.43,14.43,12.7,12.7,9230
2014-08-27,12.07,12.07,11.86,11.86,3530
2014-08-28,11.07,12.59,11.07,11.12,430400
2014-08-29,11.12,11.86,11.12,11.12,212670
2014-09-03,11.12,11.86,11.12,11.75,201120
2014-09-04,11.54,11.54,11.07,11.12,80440
2014-09-05,11.12,11.12,11.07,11.12,28710
2014-09-08,11.17,11.17,10.96,10.96,148690
2014-09-09,11.02,11.02,10.96,10.96,103350
2014-09-10,10.96,11.12,10.96,10.96,25050
2014-09-11,10.96,11.7,10.96,11.7,2046030
2014-09-12,12.49,12.49,12.49,12.49,164140
2014-09-15,13.32,13.32,13.32,13.32,100910
2014-09-16,12.59,12.7,12.43,12.43,521430
2014-09-17,11.65,12.43,11.59,11.59,812890
2014-09-18,11.59,11.59,10.96,10.96,130790
2014-09-19,10.96,11.49,10.96,10.96,152120
2014-09-22,11.23,11.33,10.96,11.02,211790
2014-09-23,11.02,11.75,10.96,11.75,4715180
2014-09-24,12.12,12.54,11.54,12.54,577300
2014-09-25,13.11,13.38,12.85,13.38,774290
2014-09-26,12.9,14.16,12.59,13.69,787430
2014-09-29,13.11,13.59,13.01,13.27,1225970
2014-09-30,12.96,13.9,12.96,13.59,1469530
2014-10-01,13.17,13.53,12.64,12.64,1445240
2014-10-02,12.54,13.48,12.07,13.48,1390040
2014-10-03,13.53,14.27,13.48,14.22,725290
2014-10-06,13.95,14.11,13.59,13.9,368850
2014-10-07,14.01,14.85,13.9,14.85,1156620
2014-10-08,15.11,15.11,14.16,14.43,406700
2014-10-09,14.16,14.43,14.16,14.22,264400
2014-10-10,14.16,14.16,13.64,13.95,208880
2014-10-13,13.64,14.16,13.64,13.8,55910
2014-10-14,13.8,14.16,13.64,13.64,383310
2014-10-15,13.8,13.8,13.48,13.74,158990
2014-10-16,13.53,13.9,13.38,13.69,94690
2014-10-17,13.32,13.69,13.32,13.69,51880
2014-10-20,13.69,13.9,13.64,13.9,48830
2014-10-21,13.9,13.9,13.85,13.9,8290
2014-10-22,13.64,13.9,13.64,13.74,40600
2014-10-23,13.64,13.69,13.32,13.32,60430
2014-10-24,13.64,13.64,12.9,13.27,99340
2014-10-27,12.43,13.27,12.38,12.38,48050
2014-10-28,12.33,13.11,12.33,13.11,42370
2014-10-29,13.38,13.64,13.11,13.64,21990
2014-10-30,13.64,13.64,13.11,13.53,33560
2014-10-31,13.17,13.53,13.17,13.32,91470
2014-11-03,13.11,13.43,13.11,13.38,49550
2014-11-04,13.43,13.43,13.17,13.17,23530
2014-11-05,13.11,13.22,12.85,13.11,23390
2014-11-06,13.32,13.32,12.75,13.06,27710
2014-11-07,13.17,13.17,12.8,12.96,21020
2014-11-10,12.9,12.96,12.85,12.96,30930
2014-11-11,12.85,13.11,12.85,12.85,35570
2014-11-12,12.64,12.9,12.64,12.7,29210
2014-11-13,12.85,12.85,12.64,12.75,23840
2014-11-14,12.8,12.8,12.64,12.75,15400
2014-11-17,12.75,12.9,12.7,12.8,6040
2014-11-18,12.8,12.8,12.7,12.8,8940
2014-11-19,12.54,12.64,12.43,12.49,27230
2014-11-20,12.38,12.59,12.38,12.59,28230
2014-11-21,12.7,12.7,12.22,12.22,30850
2014-11-24,12.22,13.06,12.22,13.06,105740
2014-11-25,13.64,13.95,13.48,13.95,347920
2014-11-26,14.48,14.9,14.48,14.69,931790
2014-11-27,14.69,15.21,14.58,14.64,583070
2014-11-28,14.64,15.63,13.64,15.27,221440
2014-12-01,15.21,16.31,15.21,16.31,217830
2014-12-02,15.58,17.42,15.58,17.42,348370
2014-12-03,17.42,18.1,16.21,16.26,83030
2014-12-04,17.26,17.26,16.26,17.0,113010
2014-12-05,18.1,18.1,15.84,17.73,12620
2014-12-08,18.1,18.1,16.52,16.79,14730
2014-12-09,15.63,16.79,15.63,16.79,8070
2014-12-10,15.63,16.26,15.63,16.26,9420
2014-12-11,17.1,17.1,15.16,15.16,7260
2014-12-12,14.11,15.84,14.11,15.74,3060
2014-12-15,16.68,16.68,15.21,16.0,1540
2014-12-16,14.9,16.68,14.9,16.26,10390
2014-12-17,16.47,16.47,15.21,15.21,1880
2014-12-18,14.16,16.21,14.16,16.21,4610
2014-12-19,17.05,17.05,17.05,17.05,10
2014-12-22,15.9,16.52,15.9,15.9,8440
2014-12-23,16.26,16.26,16.26,16.26,10
2014-12-24,16.26,16.26,16.26,16.26,10
2014-12-25,16.37,16.37,15.16,15.74,200
2014-12-26,16.52,16.52,16.0,16.0,3110
2014-12-29,16.0,17.1,15.74,17.1,154990
2014-12-30,18.26,18.26,17.31,18.26,118280
2014-12-31,19.51,19.51,19.46,19.51,133070
2015-01-05,20.72,20.77,20.46,20.46,193060
2015-01-06,20.62,21.88,19.93,20.46,210530
2015-01-07,21.78,21.78,19.94,20.09,7500
2015-01-08,21.01,21.47,20.24,21.24,4660
2015-01-09,21.7,22.16,21.24,21.47,3400
2015-01-12,22.16,22.16,21.47,21.47,6830
2015-01-13,21.09,22.93,21.09,22.85,19510
2015-01-14,22.85,24.39,21.85,24.31,17760
2015-01-15,25.15,25.15,22.7,22.7,23550
2015-01-16,23.01,23.01,21.16,22.7,75070
2015-01-19,23.39,23.39,21.16,21.16,36070
2015-01-20,21.85,22.24,19.86,21.09,23020
2015-01-21,21.16,21.16,20.32,20.93,3510
2015-01-22,20.17,20.93,20.09,20.93,33410
2015-01-23,20.32,20.86,20.32,20.86,3940
2015-01-26,20.09,20.47,19.94,19.94,11660
2015-01-27,19.78,19.78,18.56,18.56,16310
2015-01-28,19.09,19.78,19.09,19.78,18430
2015-01-29,21.16,21.16,21.16,21.16,79530
2015-01-30,22.54,22.62,22.24,22.62,130880
2015-02-02,22.01,24.16,22.01,24.08,49170
2015-02-03,23.01,25.69,23.01,25.69,74490
2015-02-04,27.45,27.45,23.93,23.93,35440
2015-02-05,25.54,25.54,25.54,25.54,16910
2015-02-06,27.22,27.3,25.69,25.69,40190
2015-02-09,26.84,26.84,25.69,25.69,4820
2015-02-10,26.07,26.07,25.38,25.61,18840
2015-02-11,23.93,26.46,23.85,25.61,6940
2015-02-12,25.61,25.61,25.31,25.31,9420
2015-02-13,25.0,25.31,25.0,25.31,6930
2015-02-24,23.77,26.07,23.77,26.07,2020
2015-02-25,26.07,26.07,25.69,26.07,3830
2015-02-26,26.07,26.07,25.69,25.92,4510
2015-02-27,25.61,25.92,25.61,25.92,2560
2015-03-02,24.54,25.92,24.54,25.92,15050
2015-03-03,25.77,25.92,25.69,25.92,6120
2015-03-04,25.92,25.92,25.69,25.92,2120
2015-03-05,25.61,25.92,25.61,25.92,6260
2015-03-06,25.69,25.92,25.61,25.92,4200
2015-03-09,24.54,24.92,24.16,24.16,27270
2015-03-10,22.47,23.31,22.47,23.31,52250
2015-03-11,24.85,24.92,21.7,21.7,19630
2015-03-12,21.7,23.01,20.32,20.32,24250
2015-03-13,20.7,20.7,18.94,18.94,154010
2015-03-16,19.94,20.24,17.87,17.87,428730
2015-03-17,16.72,19.09,16.72,19.09,2876250
2015-03-18,20.4,20.4,19.94,20.4,184250
2015-03-19,20.4,20.47,19.17,20.09,99170
2015-03-20,19.32,19.94,18.79,19.94,202060
2015-03-23,19.48,19.63,18.63,18.63,90750
2015-03-24,18.1,18.4,17.33,17.33,630720
2015-03-25,17.56,18.1,17.41,17.71,293310
2015-03-26,18.33,18.33,17.33,17.33,55660
2015-03-27,17.41,17.64,17.1,17.41,177180
2015-03-30,17.56,18.17,17.41,17.48,255410
2015-03-31,17.41,18.17,17.41,18.17,153560
2015-04-01,17.64,17.64,16.95,16.95,1037520
2015-04-02,16.64,17.25,16.56,17.02,54800
2015-04-03,16.95,17.48,16.64,16.87,34600
2015-04-06,16.87,16.87,16.18,16.72,117070
2015-04-07,16.72,17.18,16.72,16.95,256730
2015-04-08,17.02,17.25,16.79,17.25,88400
2015-04-09,17.1,18.02,17.1,17.64,338400
2015-04-10,17.64,17.71,17.41,17.41,68280
2015-04-13,17.41,17.64,17.25,17.25,127240
2015-04-14,17.25,17.33,16.95,16.95,177320
2015-04-15,17.1,17.64,16.87,17.33,157120
2015-04-16,17.48,17.48,17.1,17.25,56710
2015-04-17,17.18,17.25,17.1,17.1,131100
2015-04-20,17.25,17.25,16.87,16.95,71980
2015-04-21,16.87,17.1,16.87,16.95,36450
2015-04-22,17.25,17.48,16.95,17.41,80650
2015-04-23,17.48,17.56,17.02,17.02,112860
2015-04-24,16.87,16.95,16.72,16.79,267450
2015-04-27,16.72,16.72,16.56,16.56,69650
2015-05-04,16.56,16.56,16.1,16.26,220550
2015-05-05,16.41,17.25,16.1,16.72,155170
2015-05-06,16.72,16.87,16.72,16.72,106370
2015-05-07,16.64,16.79,16.33,16.79,71360
2015-05-08,16.79,17.18,16.56,16.56,59850
2015-05-11,16.56,16.72,16.49,16.72,72420
2015-05-12,16.56,16.79,16.26,16.56,90640
2015-05-13,16.56,16.79,16.56,16.64,106780
2015-05-14,17.1,17.79,17.02,17.79,860730
2015-05-15,17.64,18.1,17.18,17.18,446800
2015-05-18,17.18,17.18,16.64,16.64,47660
2015-05-19,16.87,16.95,16.33,16.64,79110
2015-05-20,16.64,17.33,16.64,17.1,157020
2015-05-21,17.02,17.1,16.64,16.95,132310
2015-05-22,16.79,17.56,16.79,17.48,221170
2015-05-25,17.64,18.4,17.33,18.4,557040
2015-05-26,19.63,19.63,18.86,18.86,974170
2015-05-27,18.79,19.25,18.48,18.56,266050
2015-05-28,18.48,18.79,18.1,18.4,477260
2015-05-29,18.17,18.33,17.64,17.64,533650
2015-06-01,17.33,17.64,17.25,17.41,262340
2015-06-02,17.56,18.1,17.56,17.87,233860
2015-06-03,17.87,18.71,17.79,18.17,234450
2015-06-04,18.33,18.48,18.17,18.25,222690
2015-06-05,18.17,18.71,18.02,18.4,371280
2015-06-08,18.4,18.94,18.25,18.4,492700
2015-06-09,18.4,19.09,18.4,18.71,312430
2015-06-10,18.79,18.86,18.48,18.48,191430
2015-06-11,18.48,18.79,18.33,18.48,166490
2015-06-12,18.56,19.63,18.48,19.02,339720
2015-06-15,19.02,19.94,19.02,19.63,284330
2015-06-16,19.71,20.4,19.63,19.63,456400
2015-06-17,19.71,20.01,19.32,19.48,314700
2015-06-18,19.4,19.63,19.25,19.32,211240
2015-06-19,19.32,19.55,19.02,19.17,222760
2015-06-22,19.17,19.17,18.71,18.86,157310
2015-06-23,18.86,19.55,18.86,19.25,95020
2015-06-24,19.25,19.32,19.02,19.02,58290
2015-06-25,18.94,19.09,18.79,19.02,135790
2015-06-26,18.56,18.94,18.4,18.4,188460
2015-06-29,18.4,18.79,18.1,18.48,170860
2015-06-30,18.71,18.71,18.25,18.48,87430
2015-07-01,18.48,18.71,18.25,18.4,147790
2015-07-02,18.63,19.17,18.56,18.79,70220
2015-07-03,18.79,19.4,18.71,19.32,250030
2015-07-06,19.4,20.24,19.17,19.86,406800
2015-07-07,20.09,21.09,19.94,20.93,656540
2015-07-08,21.24,21.32,20.55,21.01,230060
2015-07-09,21.01,21.01,20.63,20.86,264550
2015-07-10,20.86,21.62,20.63,21.55,339820
2015-07-13,21.62,21.62,21.24,21.47,108660
2015-07-14,21.32,21.85,20.7,21.55,231050
2015-07-15,21.47,21.62,20.55,20.7,744620
2015-07-16,20.63,22.08,20.63,22.01,250210
2015-07-17,21.47,22.31,20.93,20.93,109980
2015-07-20,20.7,21.24,20.24,20.32,155660
2015-07-21,20.32,20.86,20.09,20.55,113560
2015-07-22,20.55,20.93,20.17,20.7,47160
2015-07-23,20.86,21.24,20.7,20.93,89230
2015-07-24,20.93,20.93,20.24,20.32,120090
2015-07-27,20.32,20.4,19.94,19.94,228080
2015-07-28,20.17,20.17,19.63,19.71,269360
2015-07-29,19.71,19.94,19.63,19.63,135840
2015-07-30,19.94,20.01,19.78,19.86,115540
2015-07-31,19.94,20.32,19.63,19.63,103210
2015-08-03,19.78,19.78,19.17,19.55,89570
2015-08-04,19.32,19.55,19.02,19.02,57330
2015-08-05,18.86,19.94,18.86,19.94,210670
2015-08-06,19.94,20.17,19.55,19.78,15230
2015-08-07,19.94,19.94,19.48,19.48,29710
2015-08-10,19.48,19.78,19.48,19.55,91100
2015-08-11,19.55,19.71,19.25,19.55,79710
2015-08-12,19.32,19.4,18.79,18.79,155310
2015-08-13,18.79,18.79,18.4,18.4,115110
2015-08-14,18.4,18.79,18.25,18.79,116860
2015-08-17,18.56,18.56,17.71,17.71,67030
2015-08-18,17.71,18.02,17.64,18.02,62140
2015-08-19,17.79,18.33,17.71,18.25,58130
2015-08-20,18.48,18.56,18.17,18.4,102480
2015-08-21,18.17,18.25,17.64,18.02,81790
2015-08-24,17.64,18.4,16.79,18.25,466730
2015-08-25,18.49,19.05,17.93,18.97,209370
2015-08-26,18.97,19.21,18.65,19.13,41380
2015-08-27,18.81,19.61,18.81,19.21,45440
2015-08-28,19.21,19.21,18.81,18.97,22420
2015-08-31,18.65,18.73,18.17,18.65,31360
2015-09-01,18.25,19.21,18.25,19.21,62560
2015-09-03,18.49,19.53,18.49,19.21,45290
2015-09-04,18.81,19.05,18.65,18.97,38080
2015-09-07,18.81,18.89,17.77,17.77,41470
2015-09-08,18.01,18.97,17.85,18.81,41590
2015-09-09,18.97,19.21,18.49,18.89,16120
2015-09-10,18.41,18.81,18.33,18.81,35840
2015-09-11,18.49,18.81,18.49,18.81,30930
2015-09-14,18.57,18.57,18.25,18.33,19940
2015-09-15,18.17,18.41,18.01,18.01,9410
2015-09-16,18.01,18.41,17.29,17.29,28870
2015-09-17,17.37,17.93,17.29,17.29,27930
2015-09-18,17.37,17.85,17.37,17.85,14530
2015-09-21,17.53,17.85,17.53,17.69,20470
2015-09-22,17.85,17.85,17.13,17.13,55670
2015-09-23,17.21,17.77,17.21,17.61,39710
2015-09-24,17.61,17.77,17.53,17.77,5830
2015-09-25,17.61,17.77,17.37,17.69,16400
2015-09-28,17.29,17.53,16.81,17.53,40100
2015-09-29,17.29,17.61,17.29,17.61,26040
2015-09-30,17.13,17.93,16.97,17.93,39050
2015-10-01,17.61,17.77,17.61,17.77,3690
2015-10-02,17.45,17.45,17.45,17.45,1000
2015-10-05,17.53,17.61,17.29,17.45,17310
2015-10-06,17.61,17.69,17.37,17.69,30750
2015-10-07,17.69,17.85,17.21,17.77,54510
2015-10-08,17.77,17.85,17.61,17.69,8420
2015-10-09,17.69,17.77,17.69,17.77,2500
2015-10-12,17.45,17.77,17.29,17.69,97710
2015-10-13,17.21,17.53,17.21,17.37,22790
2015-10-14,17.29,17.85,17.05,17.77,143500
2015-10-15,17.93,17.93,17.45,17.45,13720
2015-10-16,17.61,17.61,17.29,17.37,98570
2015-10-19,17.21,17.77,17.21,17.61,111150
2015-10-20,17.53,17.69,17.37,17.61,136840
2015-10-21,17.37,17.37,17.13,17.13,15070
2015-10-22,17.13,17.77,17.13,17.69,145450
2015-10-23,18.09,18.89,17.69,18.89,487230
2015-10-26,19.21,20.17,18.97,20.17,637100
2015-10-27,20.01,20.73,19.21,19.61,214570
2015-10-28,19.85,20.01,19.37,19.45,214110
2015-10-29,19.45,19.69,19.37,19.37,92550
2015-10-30,19.45,20.01,19.37,19.85,93960
2015-11-02,20.01,20.01,19.05,19.21,64540
2015-11-03,19.13,20.01,18.81,19.53,239830
2015-11-04,19.53,19.93,19.53,19.61,120460
2015-11-05,19.53,19.69,19.37,19.69,23250
2015-11-06,19.77,19.77,19.21,19.61,41500
2015-11-09,19.21,19.37,18.73,19.13,8410
2015-11-10,18.73,18.81,18.33,18.65,17760
2015-11-11,18.97,18.97,18.01,18.65,14330
2015-11-12,18.65,18.65,17.85,17.85,25140
2015-11-13,18.01,18.41,17.37,17.37,71270
2015-11-16,17.29,18.41,17.21,17.85,33700
2015-11-17,17.21,18.73,17.21,18.73,58050
2015-11-18,17.93,18.89,17.93,18.81,145330
2015-11-19,18.49,19.69,18.41,19.69,117600
2015-11-20,19.69,19.69,19.21,19.21,44910
2015-11-23,19.61,19.61,18.97,19.29,2510
2015-11-24,18.33,19.21,18.33,19.21,8700
2015-11-25,18.49,19.05,18.33,19.05,6730
2015-11-26,18.33,18.97,18.33,18.97,5060
2015-11-27,18.17,18.81,18.01,18.73,18410
2015-11-30,18.65,18.65,17.69,17.69,7520
2015-12-01,17.61,18.41,17.61,18.25,7740
2015-12-02,18.01,18.41,17.77,18.25,11200
2015-12-03,18.01,18.41,17.77,17.77,28360
2015-12-04,17.77,18.09,17.69,17.69,26090
2015-12-07,17.77,18.17,17.61,17.77,2870
2015-12-08,17.69,17.93,17.61,17.69,2450
2015-12-09,17.61,17.69,17.45,17.69,3010
2015-12-10,17.61,17.61,17.53,17.53,8380
2015-12-11,17.53,17.85,17.53,17.85,2110
2015-12-14,17.61,17.61,17.37,17.37,3090
2015-12-15,17.77,17.77,17.13,17.13,5790
2015-12-16,17.29,18.09,17.13,18.09,37160
2015-12-17,18.33,18.81,17.77,18.41,6100
2015-12-18,18.17,18.25,17.61,18.09,30540
2015-12-21,18.09,18.09,18.09,18.09,3000
2015-12-22,17.29,18.97,17.29,18.97,50360
2015-12-23,18.41,18.41,18.41,18.41,3010
2015-12-24,18.41,19.13,18.41,19.13,13010
2015-12-25,18.81,18.81,18.01,18.01,3880
2015-12-28,18.25,18.97,17.69,18.73,15550
2015-12-29,18.01,18.73,18.01,18.73,16210
2015-12-30,17.53,19.13,17.45,18.97,50090
2015-12-31,18.17,18.89,18.17,18.89,50120
2016-01-04,18.41,18.41,18.01,18.01,14200
2016-01-05,18.01,18.09,17.77,17.77,16590
2016-01-06,17.53,17.53,17.53,17.53,1000
2016-01-07,17.37,17.85,17.37,17.45,8280
2016-01-08,17.85,17.85,17.85,17.85,50
2016-01-11,17.85,17.93,17.37,17.37,10060
2016-01-12,17.13,18.57,17.13,18.57,32750
2016-01-13,17.93,18.57,17.93,18.57,11520
2016-01-14,17.53,18.33,17.45,17.93,3920
2016-01-15,17.93,17.93,17.93,17.93,1100
2016-01-18,18.33,18.33,18.33,18.33,10100
2016-01-19,17.37,18.01,17.29,18.01,13070
2016-01-20,17.61,18.73,17.29,18.73,34810
2016-01-21,17.77,18.49,17.61,18.49,19980
2016-01-22,17.77,18.41,17.61,18.41,14000
2016-01-25,17.61,18.41,17.61,18.01,6540
2016-01-26,18.33,18.33,17.77,18.01,16010
2016-01-27,17.61,18.41,17.61,18.25,26110
2016-01-28,17.77,18.33,17.61,18.09,22780
2016-01-29,18.01,18.09,18.01,18.01,19430
2016-02-01,18.17,18.17,18.17,18.17,10000
2016-02-02,18.01,18.01,18.01,18.01,12010
2016-02-03,17.53,18.01,17.21,17.21,14330
2016-02-04,17.21,17.21,17.13,17.13,3620
2016-02-05,17.53,17.53,17.37,17.37,1010
2016-02-15,17.93,17.93,17.05,17.77,1020
2016-02-16,17.05,17.69,16.65,17.21,18790
2016-02-17,17.69,17.69,17.13,17.53,2530
2016-02-18,17.21,17.21,17.21,17.21,6920
2016-02-19,17.21,17.53,17.21,17.21,3120
2016-02-22,17.53,17.61,16.81,17.29,32520
2016-02-23,16.97,17.37,16.97,17.37,9630
2016-02-24,17.37,17.45,17.29,17.45,31830
2016-02-25,17.21,17.37,17.05,17.37,6610
2016-02-26,17.45,17.45,17.37,17.45,18670
2016-02-29,17.53,18.17,17.21,17.85,1000
2016-03-01,18.01,18.01,17.77,17.85,130
2016-03-02,17.61,17.77,17.13,17.21,23410
2016-03-03,17.21,17.61,17.13,17.21,6180
2016-03-04,17.53,18.25,17.53,18.17,45910
2016-03-07,18.01,18.25,17.92,18.25,4070
2016-03-08,18.17,18.91,17.59,17.68,9990
2016-03-09,17.68,18.42,17.68,17.68,930
2016-03-10,18.09,18.33,18.09,18.33,16000
2016-03-11,18.09,18.33,17.76,17.76,14100
2016-03-14,17.68,18.17,17.68,18.01,1670
2016-03-15,18.09,18.5,17.68,18.09,12090
2016-03-16,18.09,18.17,17.84,18.17,160
2016-03-17,18.25,18.25,17.84,18.17,11120
2016-03-18,18.17,18.17,18.17,18.17,520
2016-03-21,17.76,17.92,17.76,17.76,1310
2016-03-22,18.01,18.01,17.76,18.01,2620
2016-03-23,18.01,18.01,18.01,18.01,2200
2016-03-24,18.09,18.09,18.09,18.09,3010
2016-03-25,17.68,17.92,17.59,17.92,7600
2016-03-28,17.68,17.92,17.68,17.92,4360
2016-03-29,17.51,17.51,16.94,16.94,9840
2016-03-30,17.27,17.68,17.02,17.02,9430
2016-03-31,17.68,17.68,17.59,17.59,23010
2016-04-01,17.68,17.68,17.1,17.1,230
2016-04-04,17.68,17.68,17.02,17.02,2040
2016-04-05,16.28,16.28,16.28,16.28,50
2016-04-06,17.1,17.1,16.44,16.44,12780
2016-04-07,16.44,17.18,16.44,17.18,2110
2016-04-08,16.61,17.92,16.53,16.53,1210
2016-04-11,17.27,17.27,16.94,17.18,2550
2016-04-12,16.85,18.01,16.44,16.53,8200
2016-04-13,17.35,17.35,16.2,16.69,90
2016-04-14,16.11,16.94,16.11,16.69,10350
2016-04-15,16.69,16.69,15.95,16.44,4080
2016-04-19,16.11,17.27,16.03,17.27,3350
2016-04-20,17.02,17.1,16.28,16.28,1130
2016-04-21,16.2,16.44,16.2,16.44,1600
2016-04-22,15.54,17.43,15.46,17.43,41610
2016-04-25,16.44,17.92,16.44,17.92,12500
2016-04-26,17.27,17.92,17.27,17.84,34110
2016-04-27,17.51,17.76,17.51,17.76,5520
2016-04-28,17.76,17.76,17.76,17.76,0
2016-04-29,17.27,17.51,16.61,17.51,11760
2016-05-04,17.68,18.01,17.68,18.01,10600
2016-05-05,18.01,18.01,18.01,18.01,0
2016-05-06,17.27,17.92,17.27,17.76,3350
2016-05-09,17.76,17.76,17.76,17.76,100
2016-05-10,17.76,17.76,17.76,17.76,0
2016-05-11,16.61,17.76,16.61,17.68,10210
2016-05-12,16.69,17.59,16.69,16.85,19010
2016-05-13,16.28,17.59,16.28,16.85,15700
2016-05-16,16.69,16.85,16.69,16.85,60
2016-05-17,16.85,16.85,16.44,16.44,460
2016-05-18,16.36,16.44,16.36,16.44,1650
2016-05-19,16.28,17.27,16.03,17.27,23760
2016-05-20,16.61,16.85,16.53,16.53,2050
2016-05-23,16.2,17.02,16.03,17.02,9720
2016-05-24,16.44,16.44,16.36,16.44,29550
2016-05-25,16.69,16.69,16.44,16.44,7420
2016-05-26,16.44,16.44,16.44,16.44,17940
2016-05-27,16.44,16.44,16.44,16.44,2060
2016-05-30,16.44,16.77,16.2,16.2,5300
2016-05-31,16.69,16.69,16.2,16.69,1760
2016-06-01,16.77,16.77,16.36,16.36,32570
2016-06-02,16.36,16.36,16.03,16.03,3600
2016-06-03,16.03,17.1,16.03,17.1,33780
2016-06-06,17.18,17.68,17.18,17.68,10050
2016-06-07,17.68,17.92,17.68,17.92,5010
2016-06-08,17.92,18.66,17.35,18.09,146430
2016-06-09,17.35,17.92,17.27,17.92,2610
2016-06-10,17.92,17.92,17.92,17.92,0
2016-06-13,16.77,16.77,16.77,16.77,3500
2016-06-14,16.77,16.77,16.77,16.77,550
2016-06-15,16.77,16.77,16.44,16.44,4470
2016-06-16,16.44,17.27,16.44,17.27,11000
2016-06-17,16.44,17.1,16.44,17.1,1020
2016-06-20,17.18,18.09,17.18,17.92,65010
2016-06-21,17.92,18.5,17.1,17.1,12020
2016-06-22,17.1,17.1,17.02,17.02,3120
2016-06-23,17.1,17.1,17.02,17.02,24050
2016-06-24,17.68,18.17,15.87,18.09,120260
2016-06-27,17.27,18.83,17.27,18.09,83800
2016-06-28,18.17,18.75,18.17,18.75,67500
2016-06-29,18.75,19.32,18.75,18.91,76100
2016-06-30,19.07,19.24,18.91,18.91,25350
2016-07-01,18.91,18.91,18.91,18.91,0
2016-07-04,18.5,19.24,17.76,17.76,61210
2016-07-05,18.5,18.83,18.5,18.66,8010
2016-07-06,18.83,18.83,18.83,18.83,90
2016-07-07,17.51,18.91,17.51,18.91,2020
2016-07-08,17.68,17.68,17.68,17.68,1000
2016-07-11,17.02,18.75,17.02,17.02,3660
2016-07-12,17.02,17.02,16.53,16.53,118000
2016-07-13,17.68,17.68,17.68,17.68,4760
2016-07-14,16.85,16.85,16.85,16.85,100
2016-07-15,16.85,18.01,16.85,18.01,26900
2016-07-18,18.83,18.83,18.83,18.83,10
2016-07-19,18.83,18.83,18.83,18.83,520
2016-07-20,18.83,18.83,18.83,18.83,0
2016-07-21,18.83,18.83,18.83,18.83,0
2016-07-22,17.51,18.75,17.51,18.75,700
2016-07-25,17.51,17.51,17.51,17.51,130
2016-07-26,16.53,18.42,16.53,16.77,1570
2016-07-27,17.68,17.68,17.68,17.68,110
2016-07-28,17.92,18.09,17.92,18.09,170
2016-07-29,18.01,18.09,17.92,18.09,4080
2016-08-01,18.09,18.09,18.09,18.09,3000
2016-08-02,18.09,18.09,16.94,18.01,40
2016-08-03,18.01,18.01,18.01,18.01,1000
2016-08-04,18.01,18.01,18.01,18.01,0
2016-08-05,16.85,16.85,16.85,16.85,1000
2016-08-08,17.59,18.01,17.27,18.01,239480
2016-08-09,18.5,19.24,18.5,19.16,121260
2016-08-10,18.91,19.32,18.58,19.07,11740
2016-08-11,19.07,19.65,18.91,19.32,51710
2016-08-12,19.32,19.32,18.58,18.58,12340
2016-08-15,18.83,19.73,18.83,19.32,31550
2016-08-16,19.73,19.73,18.91,19.65,11550
2016-08-17,19.49,20.97,19.49,20.55,44220
2016-08-18,20.55,20.55,19.73,20.14,2480
2016-08-19,20.23,20.23,20.23,20.23,40
2016-08-22,20.47,20.47,19.73,19.73,2420
2016-08-23,20.06,20.06,19.32,19.73,5870
2016-08-24,19.32,19.73,19.16,19.65,10110
2016-08-25,19.73,20.39,19.4,19.65,13600
2016-08-26,19.65,19.65,19.32,19.65,1730
2016-08-29,19.32,19.57,19.24,19.57,30760
2016-08-30,19.16,19.57,18.33,19.57,8120
2016-08-31,19.65,19.73,19.49,19.57,8810
2016-09-01,19.57,19.57,19.57,19.57,2200
2016-09-05,19.57,19.57,18.42,18.42,8020
2016-09-06,18.42,19.49,18.42,19.49,5550
2016-09-07,20.06,20.06,19.57,19.57,260
2016-09-08,18.67,20.19,18.42,20.02,11550
2016-09-09,18.93,20.53,18.93,20.02,1500
2016-09-12,19.09,19.85,19.09,19.85,380
2016-09-13,19.85,19.85,19.85,19.85,320
2016-09-14,19.52,19.77,19.52,19.77,1700
2016-09-15,19.69,19.69,19.69,19.69,410
2016-09-16,19.69,19.69,19.69,19.69,560
2016-09-19,19.05,19.52,19.01,19.52,15070
2016-09-20,19.52,19.52,19.52,19.52,350
2016-09-21,19.52,19.52,19.52,19.52,0
2016-09-22,19.6,19.6,19.6,19.6,700
2016-09-23,19.69,19.69,19.69,19.69,10000
2016-09-26,19.69,19.69,19.69,19.69,0
2016-09-27,18.76,18.76,18.76,18.76,4000
2016-09-28,19.6,19.6,19.6,19.6,400
2016-09-29,19.69,19.77,19.69,19.77,3520
2016-09-30,20.19,20.19,18.46,19.77,1770
2016-10-03,18.63,19.64,18.59,19.64,5010
2016-10-04,18.67,19.43,18.67,19.43,2880
2016-10-05,19.43,19.43,19.43,19.43,0
2016-10-06,19.52,19.52,19.52,19.52,2000
2016-10-07,18.59,18.59,18.59,18.59,1500
2016-10-10,18.59,19.43,17.74,19.43,21230
2016-10-11,18.59,19.43,18.08,19.43,6480
2016-10-12,19.43,19.43,19.43,19.43,0
2016-10-13,19.43,19.43,19.43,19.43,0
2016-10-14,19.43,19.43,19.43,19.43,0
2016-10-17,20.15,20.15,20.15,20.15,10
2016-10-18,19.39,19.39,19.39,19.39,30
2016-10-19,19.56,19.56,18.08,19.01,5480
2016-10-20,19.35,19.35,19.01,19.01,4850
2016-10-21,18.59,19.43,18.59,18.59,7050
2016-10-24,17.78,19.31,17.74,19.31,380
2016-10-25,18.04,18.04,18.04,18.04,1020
2016-10-26,19.26,19.26,17.36,19.01,1620
2016-10-27,18.59,18.59,18.08,18.08,3040
2016-10-28,16.94,18.46,16.86,18.33,14110
2016-10-31,17.32,19.14,17.32,19.14,230
2016-11-01,17.91,18.08,17.83,18.08,10750
2016-11-02,17.24,17.7,16.98,17.7,13610
2016-11-03,17.28,17.32,16.52,17.32,25310
2016-11-04,16.9,17.32,16.9,17.32,60
2016-11-07,18.0,18.0,18.0,18.0,10
2016-11-08,18.33,18.33,18.33,18.33,10
2016-11-09,18.59,18.59,17.07,18.33,194470
2016-11-10,17.74,18.33,17.74,18.33,302510
2016-11-11,17.07,17.07,17.07,17.07,1040
2016-11-14,17.66,17.66,17.62,17.62,410
2016-11-15,18.25,18.25,16.9,16.9,84880
2016-11-16,16.94,18.08,16.9,18.08,330250
2016-11-17,19.26,19.26,19.26,19.26,10
2016-11-18,19.26,19.26,19.26,19.26,0
2016-11-21,19.26,19.26,19.26,19.26,130
2016-11-22,18.55,20.57,18.12,20.28,17150
2016-11-23,20.28,21.67,18.93,20.7,483040
2016-11-24,19.35,21.38,19.31,20.95,39710
2016-11-25,20.95,21.12,20.95,21.12,5040
2016-11-28,21.08,21.08,19.64,20.7,6300
2016-11-29,19.26,20.7,19.26,20.7,23680
2016-11-30,19.31,20.62,19.31,20.62,14490
2016-12-01,20.62,20.62,20.62,20.62,0
2016-12-02,19.26,19.26,19.26,19.26,7000
2016-12-05,20.24,20.57,20.24,20.57,4000
2016-12-06,19.14,20.57,19.14,20.57,5930
2016-12-07,20.57,20.57,20.57,20.57,0
2016-12-08,20.91,20.91,20.91,20.91,10
2016-12-09,20.28,20.28,20.28,20.28,10
2016-12-12,19.85,19.98,19.85,19.98,1710
2016-12-13,21.12,21.12,21.12,21.12,10
2016-12-14,19.64,21.12,19.64,19.64,1110
2016-12-15,19.6,19.6,18.42,18.42,20
2016-12-16,18.42,19.43,17.78,19.43,1620
2016-12-19,20.45,20.45,18.12,20.28,30
2016-12-20,20.7,20.7,20.28,20.28,150
2016-12-21,18.88,21.54,18.88,21.54,18020
2016-12-22,20.28,21.12,20.28,21.12,16110
2016-12-23,21.21,21.21,21.21,21.21,300
2016-12-26,19.85,20.7,19.85,20.62,2630
2016-12-27,20.62,20.62,20.62,20.62,130
2016-12-28,19.43,20.53,19.43,20.53,3000
2016-12-29,20.53,20.53,20.53,20.53,1020
2016-12-30,20.53,20.53,20.53,20.53,0
2017-01-03,19.52,21.97,19.43,19.43,47520
2017-01-04,19.43,20.78,19.43,20.78,31040
2017-01-05,20.36,21.21,20.36,21.21,94110
2017-01-06,20.28,21.8,20.28,21.21,63650
2017-01-09,21.54,21.63,21.54,21.63,6200
2017-01-10,21.63,21.63,21.63,21.63,0
2017-01-11,21.63,21.63,20.19,20.19,30910
2017-01-12,21.12,21.12,21.12,21.12,10
2017-01-13,21.29,21.29,21.29,21.29,30
2017-01-16,21.29,21.29,21.29,21.29,100
2017-01-17,19.9,19.9,19.9,19.9,340
2017-01-18,21.12,21.12,21.12,21.12,10
2017-01-19,21.12,21.12,19.73,19.73,10170
2017-01-20,21.08,21.08,21.08,21.08,3538550
2017-01-23,22.14,22.14,21.12,21.12,1069350
2017-01-24,22.14,22.14,21.33,21.33,701090
2017-01-25,21.33,21.33,20.28,21.33,1680410
2017-02-02,21.33,21.38,21.33,21.33,555710
2017-02-03,20.19,21.97,20.19,21.88,1180
2017-02-06,21.21,21.8,21.21,21.21,597620
2017-02-07,21.21,21.21,21.16,21.16,558990
2017-02-08,21.63,21.63,20.7,21.16,637930
2017-02-09,21.29,21.29,21.16,21.16,903000
2017-02-10,21.21,21.8,21.21,21.8,150
2017-02-13,21.88,21.88,21.16,21.16,16610
2017-02-14,21.16,21.16,21.12,21.16,6020
2017-02-15,21.21,21.21,21.16,21.16,6000
2017-02-16,21.16,21.16,21.16,21.16,7000
2017-02-17,21.16,22.39,21.16,22.39,11090
2017-02-20,21.54,21.97,21.54,21.97,50
2017-02-21,21.8,22.64,21.8,22.64,3040
2017-02-22,21.97,24.16,21.97,24.16,1620
2017-02-23,22.56,25.3,22.47,25.3,110
2017-02-24,25.3,25.3,25.3,25.3,0
2017-02-27,25.3,26.19,23.57,26.19,2310
2017-02-28,24.5,27.46,24.38,27.29,770
2017-03-01,27.29,27.29,27.29,27.29,0
2017-03-02,27.29,27.29,27.29,27.29,0
2017-03-03,28.73,28.73,28.73,28.73,10
2017-03-06,26.74,29.06,26.74,29.06,50
2017-03-07,29.06,30.33,27.04,30.33,420
2017-03-08,30.33,30.33,30.33,30.33,400
2017-03-09,30.33,30.33,30.33,30.33,0
2017-03-10,29.82,29.82,29.49,29.49,210
2017-03-13,27.46,29.49,27.46,29.49,20
2017-03-14,29.49,29.49,29.49,29.49,10
2017-03-15,27.46,27.46,27.46,27.46,10
2017-03-16,25.56,25.56,25.56,25.56,120
2017-03-17,23.78,23.78,23.78,23.78,20
2017-03-20,22.31,25.35,22.14,22.14,590
2017-03-21,21.12,21.97,20.95,21.88,80
2017-03-22,21.15,21.23,20.62,21.23,13330
2017-03-23,21.45,21.45,21.06,21.06,70
2017-03-24,20.88,20.88,19.7,19.7,5070
2017-03-27,19.7,19.7,19.3,19.3,1160
2017-03-28,18.51,20.62,18.51,20.62,16240
2017-03-29,20.62,21.89,19.22,21.37,9440
2017-03-30,21.37,21.37,21.37,21.37,0
2017-03-31,20.71,21.06,20.71,21.06,11810
2017-04-03,21.94,21.94,19.65,21.76,600
2017-04-04,21.76,21.76,21.76,21.76,1000
2017-04-05,22.29,22.29,20.27,22.02,14620
2017-04-07,20.49,21.54,20.49,21.54,80
2017-04-10,20.05,21.06,20.05,21.06,60
2017-04-11,19.61,21.94,19.61,21.94,810
2017-04-12,20.62,20.62,20.4,20.4,5570
2017-04-13,20.4,20.4,20.4,20.4,10
2017-04-14,19.13,21.72,19.08,21.72,2320
2017-04-17,21.89,21.89,21.89,21.89,10
2017-04-18,22.81,22.81,22.81,22.81,10
2017-04-19,21.23,21.23,21.23,21.23,20
2017-04-20,19.92,21.01,19.87,20.93,1240
2017-04-21,19.65,21.01,19.48,21.01,70
2017-04-24,20.18,21.89,20.18,21.67,4070
2017-04-25,20.18,21.54,20.18,21.54,150
2017-04-26,20.05,21.01,20.05,21.01,210
2017-04-27,21.76,21.76,19.7,21.5,1020
2017-04-28,21.94,21.94,20.18,21.06,130
2017-05-03,21.5,21.5,19.74,21.45,210
2017-05-04,21.45,21.45,21.45,21.45,0
2017-05-05,19.96,21.32,19.96,21.32,210
2017-05-08,21.32,21.32,21.32,21.32,0
2017-05-09,21.5,21.5,21.5,21.5,2000
2017-05-10,20.05,20.97,20.05,20.97,1010
2017-05-11,20.97,20.97,20.97,20.97,0
2017-05-12,19.74,20.18,19.57,19.57,4640
2017-05-15,18.6,20.36,18.6,18.86,300
2017-05-16,18.95,20.18,18.95,20.14,3010
2017-05-17,19.35,21.41,19.3,20.4,6740
2017-05-18,19.74,19.74,19.0,19.0,17750
2017-05-19,19.3,20.18,18.86,20.14,7270
2017-05-22,20.05,20.18,18.95,20.18,1700
2017-05-23,19.3,20.62,18.78,20.18,4070
2017-05-24,19.65,19.7,18.95,19.08,2140
2017-05-25,18.69,20.14,18.03,19.96,1450
2017-05-26,18.69,19.92,18.69,19.92,80
2017-05-29,21.28,21.28,21.28,21.28,9850
2017-05-30,19.83,21.41,19.83,21.23,4110
2017-05-31,19.83,20.97,19.83,19.87,520
2017-06-01,19.48,20.88,19.48,20.88,20
2017-06-02,20.88,20.88,20.88,20.88,0
2017-06-05,20.88,20.88,20.88,20.88,0
2017-06-06,20.58,21.41,20.58,21.41,1100
2017-06-07,20.18,20.18,20.18,20.18,630
2017-06-08,20.18,20.18,20.18,20.18,370
2017-06-09,20.18,20.18,20.18,20.18,0
2017-06-12,20.18,20.18,20.18,20.18,0
2017-06-13,20.18,20.18,20.18,20.18,1000
2017-06-14,20.18,20.18,20.18,20.18,1000
2017-06-15,19.0,20.58,18.78,20.58,1960
2017-06-16,20.62,20.62,20.62,20.62,0
2017-06-19,20.97,20.97,20.97,20.97,10
2017-06-20,20.84,20.84,20.18,20.18,90
2017-06-21,18.86,18.86,18.86,18.86,10
2017-06-22,19.57,19.57,19.57,19.57,30
2017-06-23,20.27,20.27,18.86,18.86,20
2017-06-26,18.86,18.95,18.86,18.95,3030
2017-06-27,19.17,19.65,19.17,19.65,1050
2017-06-28,19.65,19.65,19.65,19.65,0
2017-06-29,18.56,20.53,18.56,20.53,2050
2017-06-30,20.8,20.8,20.8,20.8,100
2017-07-03,20.8,20.8,20.8,20.8,0
2017-07-04,19.39,19.39,19.39,19.39,960
2017-07-05,19.39,19.39,19.39,19.39,0
2017-07-06,20.09,20.09,20.09,20.09,10
2017-07-07,18.78,20.09,18.78,20.09,30
2017-07-10,20.09,20.09,20.09,20.09,0
2017-07-11,20.09,20.09,20.09,20.09,1370
2017-07-12,20.09,20.09,20.09,20.09,0
2017-07-13,20.49,20.49,18.73,20.14,3490
2017-07-14,20.18,20.18,18.82,18.82,70
2017-07-17,20.09,20.09,20.09,20.09,10
2017-07-18,20.09,20.09,20.09,20.09,100
2017-07-19,21.41,21.41,21.37,21.37,200
2017-07-20,19.87,19.87,19.87,19.87,70
2017-07-21,21.15,21.15,21.15,21.15,10
2017-07-24,20.62,20.62,20.62,20.62,10
2017-07-25,20.62,20.62,19.22,20.53,40
2017-07-26,20.53,20.53,19.13,19.13,60
2017-07-27,19.22,19.22,19.13,19.13,5710
2017-07-28,20.36,20.36,20.36,20.36,10
2017-07-31,19.0,19.0,19.0,19.0,10
2017-08-01,20.05,20.05,20.05,20.05,10
2017-08-02,20.05,20.05,20.05,20.05,50
2017-08-03,20.09,20.09,19.17,19.17,2010
2017-08-04,19.17,19.17,19.17,19.17,0
2017-08-07,19.17,19.3,19.17,19.3,40
2017-08-08,19.13,19.13,19.13,19.13,10
2017-08-09,20.18,20.18,20.18,20.18,200
2017-08-10,18.86,20.18,18.86,20.18,110
2017-08-11,20.18,20.18,20.18,20.18,350
2017-08-14,20.18,20.18,20.09,20.09,120
2017-08-15,20.05,20.05,20.05,20.05,10
2017-08-16,20.05,20.05,20.05,20.05,0
2017-08-17,20.44,20.44,18.73,18.73,20
2017-08-18,18.73,18.73,18.73,18.73,0
2017-08-21,18.73,18.73,18.73,18.73,10
2017-08-22,19.96,19.96,17.68,17.68,30
2017-08-23,18.86,18.86,18.12,18.12,50
2017-08-24,18.12,18.12,18.12,18.12,0
2017-08-25,19.26,19.26,19.26,19.26,10
2017-08-28,20.18,20.18,20.18,20.18,200
2017-08-29,20.97,20.97,20.97,20.97,10
2017-08-30,20.18,20.18,20.18,20.18,10
2017-08-31,19.74,19.74,19.74,19.74,10
2017-09-01,20.49,20.49,18.6,18.6,20
2017-09-05,17.59,17.59,17.55,17.55,90
2017-09-06,17.64,18.73,17.64,18.73,310
2017-09-07,20.01,20.01,17.64,17.64,2110
2017-09-08,17.55,18.86,17.55,18.86,170
2017-09-11,20.18,20.18,20.18,20.18,30
2017-09-12,21.23,21.23,18.82,20.18,310
2017-09-13,18.86,21.06,18.86,21.06,330
2017-09-14,21.06,21.06,20.97,20.97,350
2017-09-15,20.97,20.97,20.97,20.97,0
2017-09-18,20.18,20.18,20.18,20.18,60
2017-09-19,20.09,20.09,20.09,20.09,10
2017-09-20,19.65,20.14,19.65,20.14,20
2017-09-21,20.09,20.09,20.09,20.09,10
2017-09-22,20.18,20.18,20.18,20.18,10
2017-09-25,18.86,20.18,18.86,20.18,30
2017-09-26,18.82,21.5,18.82,20.62,660
2017-09-27,20.62,20.62,20.62,20.62,0
2017-09-28,20.62,20.62,20.62,20.62,0
2017-09-29,19.3,20.14,19.3,20.14,20
2017-10-02,21.5,21.5,21.5,21.5,10
2017-10-03,22.9,22.9,20.18,21.94,180
2017-10-04,20.44,20.44,20.44,20.44,20
2017-10-05,19.04,19.3,19.04,19.3,1090
2017-10-06,20.53,20.53,20.53,20.53,10
2017-10-09,21.94,21.94,19.13,21.94,1050
2017-10-10,20.4,20.4,20.4,20.4,10
2017-10-11,19.13,20.05,19.0,19.13,2380
2017-10-12,17.81,17.81,17.81,17.81,820
2017-10-13,18.91,18.91,18.91,18.91,20
2017-10-16,19.04,19.3,17.59,19.3,3140
2017-10-17,19.83,20.62,19.3,20.62,1890
2017-10-18,21.01,21.01,21.01,21.01,150
2017-10-19,19.57,21.85,19.57,21.85,3390
2017-10-20,21.85,21.85,21.85,21.85,0
2017-10-23,21.06,21.06,21.06,21.06,10
2017-10-24,20.62,20.62,20.49,20.53,30
2017-10-25,19.3,21.06,19.3,21.06,6000
2017-10-26,19.65,21.06,19.61,21.06,3500
2017-10-27,19.61,21.06,19.61,21.06,1010
2017-10-30,19.61,20.44,19.61,20.27,1080
2017-10-31,20.27,20.93,20.27,20.93,40
2017-11-01,19.48,20.09,19.48,20.09,540
2017-11-02,18.86,20.01,18.86,20.01,1010
2017-11-03,20.01,20.36,20.01,20.36,190
2017-11-06,20.18,20.18,20.18,20.18,10
2017-11-07,20.18,20.18,20.18,20.18,0
2017-11-08,20.18,20.18,20.18,20.18,10
2017-11-09,19.04,19.04,19.04,19.04,10
2017-11-10,20.27,20.27,20.27,20.27,2200
2017-11-13,19.74,19.74,19.74,19.74,10
2017-11-14,18.47,18.47,18.43,18.43,1000
2017-11-15,18.43,18.43,18.43,18.43,500
2017-11-16,18.43,18.43,18.43,18.43,1100
2017-11-17,18.43,18.43,18.43,18.43,50
2017-11-20,19.04,19.7,19.04,19.57,3210
2017-11-21,19.57,19.57,19.57,19.57,0
2017-11-22,18.47,18.51,18.43,18.43,8000
2017-11-23,18.43,18.43,18.43,18.43,0
2017-11-24,17.33,19.65,17.24,19.65,1500
2017-11-27,20.18,20.18,20.18,20.18,60
2017-11-28,18.78,20.09,18.78,20.09,520
2017-11-29,18.69,19.65,18.69,19.65,1510
2017-11-30,18.43,18.56,18.43,18.56,50
2017-12-01,19.3,19.3,17.99,19.3,1530
2017-12-04,19.26,19.26,18.08,18.08,6110
2017-12-05,18.34,18.34,18.34,18.34,260
2017-12-06,18.08,18.08,17.72,17.99,110
2017-12-07,17.99,18.16,17.99,18.16,600
2017-12-08,17.99,17.99,17.99,17.99,10
2017-12-11,17.99,17.99,17.99,17.99,30
2017-12-12,17.99,17.99,17.99,17.99,0
2017-12-13,17.15,17.72,17.15,17.72,60
2017-12-14,17.72,17.72,17.2,17.2,2190
2017-12-15,18.25,18.29,17.72,17.72,310
2017-12-18,17.72,17.72,17.72,17.72,0
2017-12-19,17.2,18.38,17.11,18.38,1130
2017-12-20,18.82,18.82,17.11,18.56,2570
2017-12-21,18.86,18.86,17.29,18.69,610
2017-12-22,17.55,18.51,17.42,17.55,3690
2017-12-25,18.56,18.56,16.32,16.32,4530
2017-12-26,16.85,17.46,15.53,17.46,16280
2017-12-27,18.43,18.65,18.25,18.65,13050
2017-12-28,19.65,19.74,18.65,19.74,10270
2017-12-29,20.58,20.58,20.58,20.58,5010
2018-01-02,19.17,20.27,19.17,19.3,2030
2018-01-03,17.99,19.3,17.99,19.3,1030
2018-01-04,17.99,19.3,17.99,19.26,1200
2018-01-05,19.26,19.3,19.26,19.3,40
2018-01-08,18.43,18.43,18.25,18.25,1060
2018-01-09,17.24,17.24,17.24,17.24,10
2018-01-10,16.89,18.43,16.89,18.43,7130
2018-01-11,18.86,18.86,18.86,18.86,20
2018-01-12,18.86,18.86,18.86,18.86,50
2018-01-15,17.55,17.72,17.55,17.72,2680
2018-01-16,17.72,17.72,16.98,16.98,290
2018-01-17,16.93,18.03,16.93,18.03,2830
2018-01-18,17.94,17.94,17.94,17.94,30
2018-01-19,18.08,18.08,17.99,18.08,800
2018-01-22,18.08,18.08,18.08,18.08,0
2018-01-23,18.08,18.08,18.08,18.08,0
2018-01-24,18.08,18.08,18.08,18.08,0
2018-01-25,16.93,18.34,16.89,18.34,1610
2018-01-26,18.34,18.34,18.34,18.34,10
2018-01-29,18.34,18.34,18.34,18.34,0
2018-01-30,17.55,18.38,17.55,18.38,1340
2018-01-31,18.38,18.38,18.38,18.38,0
2018-02-01,18.38,18.38,18.38,18.38,0
2018-02-02,18.25,18.25,18.25,18.25,20
2018-02-05,18.21,18.21,18.21,18.21,10
2018-02-06,18.21,18.21,18.21,18.21,0
2018-02-07,18.21,18.21,18.21,18.21,200
2018-02-08,18.21,18.21,18.21,18.21,0
2018-02-09,18.21,18.21,18.21,18.21,0
2018-02-12,17.02,18.16,17.02,18.16,80
2018-02-13,18.16,18.16,18.16,18.16,0
2018-02-21,18.16,18.16,18.16,18.16,0
2018-02-22,16.93,18.21,16.93,18.21,1020
2018-02-23,18.6,18.91,18.6,18.91,20
2018-02-26,19.65,19.65,19.65,19.65,20
2018-02-27,18.29,18.29,18.29,18.29,770
2018-02-28,17.07,18.29,17.02,17.02,270
2018-03-01,17.02,17.02,17.02,17.02,0
2018-03-02,17.99,17.99,17.99,17.99,20
2018-03-05,16.85,17.99,16.85,17.15,860
2018-03-06,18.12,18.16,16.1,18.16,110
2018-03-07,18.43,18.43,18.43,18.43,10
2018-03-08,17.29,17.29,17.29,17.29,10
2018-03-09,16.36,16.36,16.36,16.36,10
2018-03-12,17.42,17.42,17.42,17.42,17300
2018-03-13,16.32,16.32,16.28,16.28,70
2018-03-14,16.5,16.5,16.5,16.5,40
2018-03-15,16.28,17.55,16.28,17.55,230
2018-03-16,17.11,17.46,17.11,17.46,100
2018-03-19,17.46,17.46,17.46,17.46,0
2018-03-20,16.28,16.32,16.28,16.28,6340
2018-03-21,16.93,16.93,16.93,16.93,10
2018-03-22,16.93,16.93,16.93,16.93,40
2018-03-23,16.93,16.93,16.93,16.93,0
2018-03-26,15.79,16.89,15.79,16.89,340
2018-03-27,16.67,16.67,16.67,16.67,10
2018-03-28,16.58,16.58,16.54,16.58,30
2018-03-29,16.58,16.58,15.44,15.44,820
2018-03-30,16.45,16.45,14.43,16.14,220
2018-04-02,16.14,16.14,16.14,16.14,0
2018-04-03,16.14,16.14,16.14,16.14,0
2018-04-04,15.05,17.02,15.05,16.67,3900
2018-04-05,16.58,17.5,16.58,17.5,210
2018-04-06,18.25,18.25,18.12,18.12,210
2018-04-09,16.89,16.89,16.89,16.89,10
2018-04-10,15.75,16.89,15.75,15.79,2020
2018-04-11,15.36,15.36,15.31,15.36,1510
2018-04-12,14.74,16.41,14.57,14.57,4550
2018-04-13,15.57,15.57,15.57,15.57,650
2018-04-16,15.53,16.63,15.53,16.63,2330
2018-04-17,17.72,17.77,17.72,17.77,1000
2018-04-18,19.0,19.0,19.0,19.0,4480
2018-04-19,20.27,20.31,20.18,20.27,10560
2018-04-20,20.62,21.67,20.27,21.67,70140
2018-04-23,21.67,23.16,20.58,23.08,91930
2018-04-24,23.25,23.25,23.25,23.25,5000
2018-04-26,23.25,23.25,23.25,23.25,1340
2018-04-27,24.04,24.04,23.25,23.25,220
2018-05-02,23.25,23.25,23.25,23.25,0
2018-05-03,23.25,23.25,23.25,23.25,0
2018-05-04,22.81,23.69,22.81,23.69,1000
2018-05-07,23.25,23.25,23.16,23.16,6000
2018-05-08,23.16,23.16,23.16,23.16,0
2018-05-09,23.16,23.16,23.16,23.16,0
2018-05-10,23.16,23.16,23.16,23.16,0
2018-05-11,23.16,23.16,23.08,23.08,5010
2018-05-14,23.25,23.25,23.25,23.25,10
2018-05-15,22.81,22.81,22.81,22.81,10
2018-05-16,22.73,22.73,22.02,22.02,20
2018-05-17,22.02,22.02,22.02,22.02,0
2018-05-18,22.02,22.02,22.02,22.02,0
2018-05-21,22.02,22.02,22.02,22.02,0
2018-05-22,20.49,20.49,20.49,20.49,100
2018-05-23,19.74,19.74,19.74,19.74,20
2018-05-24,18.6,18.6,18.6,18.6,50
2018-05-25,18.6,18.6,18.6,18.6,0
2018-05-28,18.6,18.6,18.6,18.6,0
2018-05-29,18.6,18.6,18.6,18.6,0
2018-05-30,17.37,17.37,17.37,17.37,10
2018-05-31,16.67,18.56,16.19,18.56,1750
2018-06-01,19.83,19.83,17.46,17.46,1010
2018-06-04,18.65,18.65,18.65,18.65,20
2018-06-05,17.37,19.92,17.37,17.37,1220
2018-06-06,17.37,18.56,16.5,16.5,630
2018-06-07,17.64,17.64,17.64,17.64,100
2018-06-08,18.86,18.86,18.86,18.86,6440
2018-06-11,20.09,20.18,18.86,20.18,1580
2018-06-12,20.18,20.18,20.18,20.18,10
2018-06-13,21.59,21.59,21.59,21.59,10
2018-06-14,21.59,21.59,21.59,21.59,0
2018-06-15,23.08,23.08,23.08,23.08,10
2018-06-18,24.57,24.57,23.08,23.08,20
2018-06-19,23.08,23.08,23.08,23.08,0
2018-06-20,23.08,23.08,23.08,23.08,0
2018-06-21,23.6,23.6,23.6,23.6,10
2018-06-22,23.6,23.6,23.6,23.6,0
2018-06-25,23.6,23.6,23.6,23.6,0
2018-06-26,23.6,23.6,23.6,23.6,0
2018-06-27,23.6,23.6,23.6,23.6,0
2018-06-28,22.37,23.6,22.11,23.6,1010
2018-06-29,25.23,25.23,21.98,21.98,110
2018-07-02,21.98,21.98,21.98,21.98,0
2018-07-03,22.73,22.73,22.73,22.73,10
2018-07-04,22.73,22.73,22.73,22.73,0
2018-07-05,22.73,22.73,22.73,22.73,0
2018-07-06,22.73,22.73,22.73,22.73,0
2018-07-09,22.73,22.73,22.73,22.73,10
2018-07-10,22.73,22.73,22.73,22.73,0
2018-07-11,22.73,22.73,22.73,22.73,0
2018-07-12,22.81,22.81,21.15,22.81,320
2018-07-13,22.81,22.81,22.81,22.81,0
2018-07-16,22.81,22.81,22.81,22.81,0
2018-07-17,22.81,22.81,22.81,22.81,0
2018-07-18,22.95,22.95,22.95,22.95,310
2018-07-19,22.95,22.95,22.95,22.95,0
2018-07-20,22.95,22.95,22.95,22.95,0
2018-07-23,22.95,22.95,22.95,22.95,0
2018-07-24,22.95,22.95,22.95,22.95,0
2018-07-25,23.69,23.69,23.69,23.69,10
2018-07-26,23.69,23.69,23.69,23.69,0
2018-07-27,23.69,23.69,23.69,23.69,0
2018-07-30,23.69,23.69,23.69,23.69,0
2018-07-31,23.69,23.69,23.69,23.69,0
2018-08-01,23.69,23.69,23.69,23.69,0
2018-08-02,23.69,23.69,23.69,23.69,10
2018-08-03,23.69,23.69,23.69,23.69,0
2018-08-06,23.69,23.69,23.69,23.69,0
2018-08-07,23.69,23.69,23.69,23.69,0
2018-08-08,23.69,23.69,23.69,23.69,10
2018-08-09,23.69,23.69,23.69,23.69,0
2018-08-10,23.69,23.69,23.69,23.69,10
2018-08-13,23.69,23.69,23.69,23.69,0
2018-08-14,23.69,23.69,23.69,23.69,0
2018-08-15,23.69,23.69,23.69,23.69,0
2018-08-16,23.69,23.69,23.69,23.69,0
2018-08-17,23.69,23.69,23.69,23.69,0
2018-08-20,23.69,23.69,23.69,23.69,0
2018-08-21,23.69,23.69,23.69,23.69,0
2018-08-22,23.69,23.69,23.69,23.69,0
2018-08-23,23.69,23.69,23.69,23.69,0
2018-08-24,23.69,23.69,23.69,23.69,0
2018-08-27,23.69,23.69,23.69,23.69,0
2018-08-28,23.69,23.69,23.69,23.69,10
2018-08-29,23.69,23.69,23.69,23.69,0
2018-08-30,23.69,23.69,23.69,23.69,20
2018-08-31,25.31,25.31,22.07,25.31,70
2018-09-04,25.31,25.31,25.31,25.31,0
2018-09-05,25.31,25.31,25.31,25.31,0
2018-09-06,25.31,25.31,25.31,25.31,0
2018-09-07,25.31,25.31,25.31,25.31,0
2018-09-10,25.31,25.31,25.31,25.31,0
2018-09-11,25.31,25.31,25.31,25.31,0
2018-09-12,25.31,25.31,25.31,25.31,0
2018-09-13,25.31,25.31,25.31,25.31,0
2018-09-14,23.56,23.56,23.56,23.56,20
2018-09-17,23.56,23.56,23.56,23.56,0
2018-09-18,21.94,25.18,21.94,25.18,2030
2018-09-19,24.57,24.57,24.57,24.57,10
2018-09-20,24.57,24.57,24.57,24.57,0
2018-09-21,24.48,24.48,24.48,24.48,1100
2018-09-24,24.48,24.48,24.48,24.48,0
2018-09-25,23.69,24.48,23.69,24.48,20
2018-09-26,24.48,24.48,24.48,24.48,0
2018-09-27,22.9,24.39,22.9,24.39,100
2018-09-28,24.39,24.39,24.39,24.39,0
2018-10-01,24.39,24.39,24.39,24.39,0
2018-10-02,24.39,24.39,24.39,24.39,0
2018-10-03,24.39,24.39,24.39,24.39,0
2018-10-04,26.06,26.06,26.06,26.06,10
2018-10-05,24.26,24.26,24.26,24.26,10
2018-10-08,24.26,24.26,24.26,24.26,0
2018-10-09,24.26,24.26,24.26,24.26,0
2018-10-10,24.26,24.26,24.26,24.26,0
2018-10-11,24.57,24.57,24.26,24.26,40
2018-10-12,24.26,24.26,24.26,24.26,0
2018-10-15,24.26,24.26,24.26,24.26,0
2018-10-16,24.26,24.26,24.26,24.26,0
2018-10-17,24.26,24.26,24.26,24.26,0
2018-10-18,24.26,24.26,24.26,24.26,0
2018-10-19,24.26,24.26,24.26,24.26,0
2018-10-22,24.26,24.26,24.26,24.26,0
2018-10-23,24.17,24.17,24.17,24.17,10
2018-10-24,24.17,24.17,24.17,24.17,0
2018-10-25,24.17,24.17,24.17,24.17,0
2018-10-26,24.17,24.17,24.17,24.17,0
2018-10-29,22.55,22.55,22.55,22.55,10
2018-10-30,22.55,22.55,22.55,22.55,0
2018-10-31,22.55,22.55,22.55,22.55,10
2018-11-01,21.06,21.06,21.06,21.06,50
2018-11-02,22.51,22.51,22.51,22.51,10
2018-11-05,22.51,22.51,22.51,22.51,0
2018-11-06,22.51,22.51,22.51,22.51,0
2018-11-07,22.51,22.51,22.51,22.51,0
2018-11-08,22.51,22.51,22.51,22.51,0
2018-11-09,22.51,22.51,22.51,22.51,0
2018-11-12,23.69,23.69,20.97,23.69,220
2018-11-13,24.31,24.31,24.31,24.31,10
2018-11-14,24.31,24.31,24.31,24.31,0
2018-11-15,22.64,25.8,22.64,25.8,60
2018-11-16,26.24,26.24,26.24,26.24,10
2018-11-19,26.24,26.24,26.24,26.24,0
2018-11-20,26.24,26.24,26.24,26.24,0
2018-11-21,26.24,26.24,26.24,26.24,0
2018-11-22,26.24,26.24,26.24,26.24,0
2018-11-23,25.45,25.45,25.45,25.45,10
2018-11-26,27.2,27.2,27.2,27.2,10
2018-11-27,27.2,27.2,27.2,27.2,0
2018-11-28,27.2,27.2,27.2,27.2,0
2018-11-29,28.96,28.96,28.96,28.96,10
2018-11-30,28.96,28.96,28.96,28.96,0
2018-12-03,28.96,28.96,28.96,28.96,0
2018-12-04,30.97,30.97,30.97,30.97,10
2018-12-05,30.97,30.97,30.97,30.97,0
2018-12-06,30.97,30.97,30.97,30.97,0
2018-12-07,30.97,30.97,30.97,30.97,0
2018-12-10,30.97,30.97,30.97,30.97,0
2018-12-11,30.97,30.97,30.97,30.97,0
2018-12-12,30.97,30.97,30.97,30.97,0
2018-12-13,30.97,30.97,30.97,30.97,0
2018-12-14,30.97,30.97,30.97,30.97,0
2018-12-17,30.97,30.97,30.97,30.97,0
2018-12-18,30.97,30.97,30.97,30.97,0
2018-12-19,30.97,30.97,30.97,30.97,0
2018-12-20,30.97,30.97,30.97,30.97,10
2018-12-21,30.97,30.97,30.97,30.97,60
2018-12-24,30.97,30.97,30.97,30.97,0
2018-12-25,30.97,30.97,30.97,30.97,0
2018-12-26,30.97,30.97,30.97,30.97,0
2018-12-27,30.97,30.97,30.97,30.97,0
2018-12-28,30.97,30.97,30.97,30.97,0
2019-01-02,30.97,30.97,30.97,30.97,0
2019-01-03,30.97,30.97,30.97,30.97,0
2019-01-04,30.97,30.97,30.97,30.97,0
2019-01-07,30.97,30.97,30.97,30.97,0
2019-01-08,30.97,30.97,30.97,30.97,0
2019-01-09,30.97,30.97,30.97,30.97,0
2019-01-10,30.97,30.97,30.97,30.97,0
2019-01-11,30.97,30.97,30.97,30.97,0
2019-01-14,30.97,30.97,30.97,30.97,0
2019-01-15,30.97,30.97,30.97,30.97,0
2019-01-16,30.97,30.97,30.97,30.97,0
2019-01-17,30.97,30.97,30.97,30.97,0
2019-01-18,30.97,30.97,30.97,30.97,0
2019-01-21,30.97,30.97,30.97,30.97,0
2019-01-22,30.97,30.97,30.97,30.97,0
2019-01-23,30.97,30.97,30.97,30.97,0
2019-01-24,30.97,30.97,30.97,30.97,0
2019-01-25,30.97,30.97,30.97,30.97,0
2019-01-28,30.97,30.97,30.97,30.97,0
2019-01-29,30.97,30.97,30.97,30.97,0
2019-01-30,30.97,30.97,30.97,30.97,0
2019-01-31,30.97,30.97,30.97,30.97,0
2019-02-01,30.97,30.97,30.97,30.97,0
2019-02-11,30.97,30.97,30.97,30.97,0
2019-02-12,30.97,30.97,30.97,30.97,0
2019-02-13,30.97,30.97,30.97,30.97,0
2019-02-14,30.97,30.97,30.97,30.97,0
2019-02-15,30.97,30.97,30.97,30.97,0
2019-02-18,30.97,30.97,30.97,30.97,0
2019-02-19,30.97,30.97,30.97,30.97,10
2019-02-20,30.97,30.97,30.97,30.97,0
2019-02-21,30.97,30.97,30.97,30.97,0
2019-02-22,30.97,30.97,30.97,30.97,0
2019-02-25,30.97,30.97,30.97,30.97,0
2019-02-26,30.97,30.97,30.97,30.97,0
2019-02-27,30.97,30.97,30.97,30.97,0
2019-02-28,30.97,30.97,30.97,30.97,0
2019-03-01,30.97,30.97,30.97,30.97,0
2019-03-04,30.97,30.97,30.97,30.97,0
2019-03-05,30.97,30.97,30.97,30.97,0
2019-03-06,30.97,30.97,30.97,30.97,0
2019-03-07,30.97,30.97,30.97,30.97,0
2019-03-08,30.97,30.97,30.97,30.97,0
2019-03-11,30.97,30.97,30.97,30.97,10
2019-03-12,30.97,30.97,30.97,30.97,0
2019-03-13,30.97,30.97,30.97,30.97,0
2019-03-14,30.97,30.97,30.97,30.97,0
2019-03-15,30.97,30.97,30.97,30.97,0
2019-03-18,30.97,30.97,30.97,30.97,0
2019-03-19,30.97,30.97,30.97,30.97,10
2019-03-20,30.97,30.97,30.97,30.97,0
2019-03-21,30.97,30.97,30.97,30.97,0
2019-03-22,28.82,28.82,28.82,28.82,100
2019-03-25,28.82,28.82,28.82,28.82,0
2019-03-26,28.82,28.82,28.82,28.82,0
2019-03-27,28.82,28.82,28.82,28.82,0
2019-03-28,26.85,26.85,26.85,26.85,20
2019-03-29,25.01,25.01,25.01,25.01,30
2019-04-01,25.01,25.01,25.01,25.01,1870
2019-04-02,25.01,25.01,25.01,25.01,0
2019-04-03,25.01,25.01,25.01,25.01,0
2019-04-04,23.3,23.3,23.3,23.3,10
2019-04-05,24.92,24.92,24.92,24.92,10
2019-04-08,24.92,24.92,24.92,24.92,0
2019-04-09,23.25,23.25,23.25,23.25,10
2019-04-10,23.25,23.25,23.25,23.25,0
2019-04-11,23.25,23.25,23.25,23.25,0
2019-04-12,23.16,23.25,23.16,23.25,20
2019-04-16,21.67,21.67,21.67,21.67,10
2019-04-17,20.18,23.16,20.18,21.5,490
2019-04-18,21.5,21.5,21.5,21.5,0
2019-04-19,21.5,21.5,21.5,21.5,50
2019-04-22,21.5,21.5,21.5,21.5,0
2019-04-23,21.5,21.5,21.5,21.5,0
2019-04-24,21.5,21.5,21.5,21.5,0
2019-04-25,21.5,21.5,21.5,21.5,0
2019-04-26,21.5,21.5,21.5,21.5,10
2019-05-02,21.5,21.5,21.5,21.5,0
2019-05-03,21.5,21.5,21.5,21.5,0
2019-05-06,21.5,22.77,21.5,22.77,50
2019-05-07,22.77,22.77,22.77,22.77,0
2019-05-08,21.19,21.89,21.19,21.89,30
2019-05-09,22.77,22.77,22.77,22.77,10
2019-05-10,22.77,22.77,22.77,22.77,0
2019-05-13,22.81,24.35,21.19,21.19,110
2019-05-14,19.74,19.74,19.74,19.74,110
2019-05-15,21.01,21.01,21.01,21.01,10
2019-05-16,19.57,19.57,19.57,19.57,120
2019-05-17,19.26,20.93,18.21,20.93,3510
2019-05-20,21.94,22.37,19.48,22.37,7150
2019-05-21,22.81,23.91,20.84,23.69,18590
2019-05-22,24.7,25.31,22.07,22.37,65650
2019-05-23,20.84,23.91,20.84,23.91,11310
2019-05-24,23.91,25.58,22.24,25.58,25590
2019-05-27,25.58,25.58,25.58,25.58,130
2019-05-28,25.58,25.58,25.58,25.58,500
2019-05-29,25.45,25.45,25.45,25.45,600
2019-05-30,25.45,25.45,25.45,25.45,0
2019-05-31,25.01,27.2,25.01,27.2,2270
2019-06-03,25.45,25.45,25.45,25.45,860
2019-06-04,24.57,24.57,24.57,24.57,10
2019-06-05,24.57,24.57,24.57,24.57,50
2019-06-06,24.57,24.57,24.57,24.57,1820
2019-06-07,24.57,24.57,24.57,24.57,0
2019-06-10,24.57,26.28,24.57,26.28,30
2019-06-11,26.28,26.32,24.48,24.48,3390
2019-06-12,24.48,24.48,24.48,24.48,0
2019-06-13,24.48,24.48,24.48,24.48,0
2019-06-14,24.48,24.48,24.48,24.48,0
2019-06-17,24.48,24.48,24.48,24.48,0
2019-06-18,24.48,24.48,24.48,24.48,0
2019-06-19,26.19,26.19,26.19,26.19,20
2019-06-20,26.19,26.19,26.19,26.19,0
2019-06-21,26.19,26.19,26.19,26.19,0
2019-06-24,26.19,26.19,26.19,26.19,0
2019-06-25,26.19,26.19,26.19,26.19,0
2019-06-26,26.19,27.99,24.39,27.99,40
2019-06-27,27.99,27.99,27.99,27.99,0
2019-06-28,29.92,29.92,29.92,29.92,10
2019-07-01,31.41,31.98,31.41,31.98,20
2019-07-02,29.75,29.75,29.75,29.75,50
2019-07-03,27.68,31.68,27.68,27.68,190
2019-07-04,27.68,27.68,27.68,27.68,0
2019-07-05,29.61,29.61,29.61,29.61,10
2019-07-08,27.55,29.57,27.55,27.55,120
2019-07-09,25.67,25.67,25.67,25.67,170
2019-07-10,27.42,27.42,27.42,27.42,10
2019-07-11,25.53,29.31,25.53,29.31,660
2019-07-12,31.32,31.32,27.29,27.29,130
2019-07-15,25.4,29.17,25.4,29.17,6070
2019-07-16,27.16,31.19,27.16,31.19,4450
2019-07-17,29.04,31.19,29.04,31.19,1130
2019-07-18,29.04,30.62,29.04,30.62,1620
2019-07-19,28.52,30.18,28.52,28.6,1020
2019-07-22,28.6,30.27,26.67,30.27,790
2019-07-23,32.38,32.38,32.38,32.38,1310
2019-07-24,32.38,32.38,32.38,32.38,0
2019-07-25,32.38,32.38,32.38,32.38,0
2019-07-26,32.38,32.38,32.38,32.38,0
2019-07-29,31.41,34.62,30.62,34.62,1250
2019-07-30,34.62,34.62,34.62,34.62,20
2019-07-31,34.62,34.62,34.62,34.62,10
2019-08-01,34.62,34.62,34.62,34.62,10
2019-08-02,34.62,34.62,34.62,34.62,0
2019-08-05,32.2,32.2,32.2,32.2,10
2019-08-06,29.96,29.96,29.96,29.96,10
2019-08-07,29.96,32.03,29.96,32.03,130
2019-08-08,32.03,32.03,32.03,32.03,20
2019-08-09,34.26,34.26,29.79,34.26,1110
2019-08-12,36.59,36.59,36.59,36.59,600
2019-08-13,36.59,36.59,36.59,36.59,1860
2019-08-14,38.61,38.61,38.61,38.61,50
2019-08-15,39.48,39.48,39.48,39.48,10
2019-08-16,39.0,39.0,39.0,39.0,10
2019-08-19,36.28,38.96,36.28,38.96,20
2019-08-20,36.24,38.7,36.24,38.7,20
2019-08-21,38.7,38.7,38.7,38.7,0
2019-08-22,38.7,38.7,38.7,38.7,10
2019-08-23,38.61,38.61,38.61,38.61,300
2019-08-26,38.61,38.61,38.61,38.61,0
2019-08-27,38.61,38.61,38.61,38.61,0
2019-08-28,38.61,38.61,38.61,38.61,0
2019-08-29,38.61,38.61,38.61,38.61,0
2019-08-30,38.61,39.48,38.61,39.48,17690
2019-09-03,39.48,39.48,39.48,39.48,0
2019-09-04,39.48,42.25,39.48,41.2,20570
2019-09-05,38.34,38.34,38.34,38.34,10
2019-09-06,38.34,38.34,38.34,38.34,0
2019-09-09,38.34,38.34,38.34,38.34,0
2019-09-10,38.34,38.34,38.34,38.34,0
2019-09-11,35.67,35.67,35.67,35.67,10
2019-09-12,34.22,34.22,34.22,34.22,10
2019-09-13,36.59,36.59,31.85,31.85,20
2019-09-16,29.83,31.85,29.66,31.85,380
2019-09-17,31.85,31.85,31.85,31.85,0
2019-09-18,29.75,32.03,29.75,32.03,1020
2019-09-19,32.03,32.03,32.03,32.03,10
2019-09-20,34.26,34.26,34.26,34.26,20
2019-09-23,32.47,32.47,32.47,32.47,20
2019-09-24,32.47,32.47,32.47,32.47,0
2019-09-25,32.47,32.47,32.47,32.47,0
2019-09-26,32.47,32.47,32.47,32.47,0
2019-09-27,32.47,32.47,32.47,32.47,0
2019-09-30,32.2,32.2,32.2,32.2,20
2019-10-01,34.22,34.22,34.22,34.22,20
2019-10-02,34.22,34.22,34.22,34.22,10
2019-10-03,34.22,34.22,34.22,34.22,0
2019-10-04,34.22,34.22,34.22,34.22,0
2019-10-07,34.22,34.22,34.22,34.22,0
2019-10-08,34.22,34.22,34.22,34.22,0
2019-10-09,34.22,34.22,34.22,34.22,0
2019-10-10,34.22,34.22,34.22,34.22,10
2019-10-11,34.22,34.22,34.22,34.22,0
2019-10-14,31.85,34.22,31.85,34.22,100
2019-10-15,34.22,34.22,34.22,34.22,0
2019-10-16,34.22,34.22,34.22,34.22,0
2019-10-17,34.22,34.22,34.22,34.22,0
2019-10-18,34.22,34.22,34.22,34.22,0
2019-10-21,36.59,36.59,36.59,36.59,10
2019-10-22,36.59,36.59,36.59,36.59,0
2019-10-23,35.1,35.1,35.1,35.1,1500
2019-10-24,35.1,35.1,35.1,35.1,0
2019-10-25,35.1,35.1,35.1,35.1,0
2019-10-28,35.1,35.1,35.1,35.1,0
2019-10-29,35.1,35.1,35.1,35.1,0
2019-10-30,35.1,35.1,35.1,35.1,0
2019-10-31,35.1,35.1,35.1,35.1,0
2019-11-01,35.1,35.1,35.1,35.1,10
2019-11-04,34.66,34.66,34.66,34.66,10
2019-11-05,34.66,34.66,34.66,34.66,0
2019-11-06,34.66,34.66,34.66,34.66,760
2019-11-07,34.66,34.66,34.66,34.66,0
2019-11-08,34.66,34.66,34.66,34.66,0
2019-11-11,33.52,33.52,33.43,33.43,590
2019-11-12,33.43,33.43,33.43,33.43,0
2019-11-13,33.43,33.43,33.43,33.43,0
2019-11-14,33.43,33.43,33.43,33.43,0
2019-11-15,33.43,33.43,33.43,33.43,0
2019-11-18,33.43,33.43,33.43,33.43,0
2019-11-19,33.43,33.43,33.43,33.43,0
2019-11-20,34.22,34.22,34.22,34.22,10
2019-11-21,34.22,34.22,34.22,34.22,0
2019-11-22,34.22,34.22,34.22,34.22,0
2019-11-25,34.22,34.22,34.22,34.22,0
2019-11-26,34.22,34.22,34.22,34.22,0
2019-11-27,34.22,34.22,34.22,34.22,0
2019-11-28,34.22,34.22,34.22,34.22,0
2019-11-29,34.22,34.22,34.22,34.22,0
2019-12-02,34.22,34.22,34.22,34.22,0
2019-12-03,34.22,34.22,34.22,34.22,0
2019-12-04,34.22,34.22,34.22,34.22,0
2019-12-05,34.22,34.22,34.22,34.22,0
2019-12-06,34.22,34.22,34.22,34.22,10
2019-12-09,34.22,34.22,34.22,34.22,0
2019-12-10,34.22,34.22,34.22,34.22,0
2019-12-11,34.22,34.22,34.22,34.22,0
2019-12-12,34.22,34.22,34.22,34.22,0
2019-12-13,34.22,34.22,34.22,34.22,0
2019-12-16,34.22,34.22,34.22,34.22,10
2019-12-17,32.47,32.47,32.47,32.47,100
2019-12-18,32.47,32.47,32.47,32.47,0
2019-12-19,32.47,32.47,32.47,32.47,0
2019-12-20,34.7,34.7,34.7,34.7,10
2019-12-23,34.7,34.7,34.7,34.7,0
2019-12-24,34.7,34.7,34.7,34.7,0
2019-12-25,37.12,37.12,37.12,37.12,10
2019-12-26,37.12,37.12,37.12,37.12,0
2019-12-27,34.66,34.66,34.66,34.66,10
2019-12-30,34.66,34.66,34.66,34.66,450
2019-12-31,34.66,34.66,34.66,34.66,0
2020-01-02,34.66,34.66,34.66,34.66,0
2020-01-03,36.85,36.85,36.85,36.85,10
2020-01-06,36.85,36.85,36.85,36.85,10
2020-01-07,36.85,36.85,36.85,36.85,0
2020-01-08,36.85,36.85,36.85,36.85,0
2020-01-09,35.01,39.4,35.01,35.01,1510
2020-01-10,34.66,34.66,34.66,34.66,10
2020-01-13,34.66,34.66,34.66,34.66,10
2020-01-14,34.66,34.66,34.66,34.66,0
2020-01-15,34.66,34.66,34.66,34.66,0
2020-01-16,34.66,34.66,34.66,34.66,0
2020-01-17,34.66,34.66,34.66,34.66,0
2020-01-20,34.66,34.66,34.66,34.66,0
2020-01-21,34.66,34.66,34.66,34.66,0
2020-01-22,34.66,34.66,34.66,34.66,0
2020-01-30,34.66,34.66,34.66,34.66,0
2020-01-31,34.66,34.66,34.66,34.66,0
2020-02-03,34.66,34.66,34.66,34.66,0
2020-02-04,37.07,37.07,37.07,37.07,10
2020-02-05,37.07,37.07,37.07,37.07,0
2020-02-06,34.66,34.66,34.66,34.66,300
2020-02-07,37.07,37.07,37.07,37.07,10
2020-02-10,37.29,37.29,37.29,37.29,10
2020-02-11,39.48,39.48,35.1,35.1,1030
2020-02-12,37.55,37.55,37.55,37.55,20
2020-02-13,37.55,37.55,37.55,37.55,0
2020-02-14,37.55,37.55,37.55,37.55,0
2020-02-17,35.1,35.1,34.97,34.97,20
2020-02-18,34.97,34.97,34.97,34.97,0
2020-02-19,32.9,32.9,32.9,32.9,30
2020-02-20,32.47,35.19,32.47,35.19,790
2020-02-21,37.64,37.64,35.1,35.1,30
2020-02-24,35.1,35.1,35.1,35.1,0
2020-02-25,33.34,37.55,33.34,37.55,1980
2020-02-26,34.97,34.97,34.97,34.97,10
2020-02-27,37.29,37.29,37.29,37.29,1020
2020-02-28,39.88,39.88,39.13,39.84,510
2020-03-02,39.66,39.66,39.66,39.66,100
2020-03-03,39.66,39.66,39.66,39.66,0
2020-03-04,42.12,42.12,40.19,40.19,210
2020-03-05,37.38,39.48,37.38,39.48,700
2020-03-06,36.72,39.48,36.72,39.48,20
2020-03-09,39.31,39.31,36.72,39.31,220
2020-03-10,41.24,41.24,39.48,39.48,30
2020-03-11,39.48,39.48,39.48,39.48,0
2020-03-12,39.05,39.05,39.05,39.05,40
2020-03-13,39.05,39.05,39.05,39.05,0
2020-03-16,39.05,39.05,39.05,39.05,0
2020-03-17,39.05,39.05,39.05,39.05,0
2020-03-18,39.05,39.05,39.05,39.05,0
2020-03-19,41.77,41.77,36.33,39.4,80
2020-03-20,39.4,39.4,39.4,39.4,0
2020-03-23,39.4,39.4,39.4,39.4,0
2020-03-24,36.68,38.61,36.68,38.61,70
2020-03-25,36.59,38.61,36.59,38.61,1770
2020-03-26,40.8,40.8,38.61,38.61,30
2020-03-27,38.61,38.61,38.61,38.61,0
2020-03-30,36.41,36.41,36.41,36.41,30
2020-03-31,33.87,38.96,33.87,38.96,8100
2020-04-01,38.96,38.96,38.61,38.61,40
2020-04-03,36.85,38.17,36.85,38.17,30
2020-04-06,35.54,38.61,35.54,38.61,1160
2020-04-07,38.61,38.61,38.61,38.61,0
2020-04-08,35.98,38.96,35.98,38.96,1210
2020-04-09,38.96,38.96,36.24,38.96,490
2020-04-10,38.96,38.96,38.96,38.96,0
2020-04-13,36.24,39.92,36.24,39.92,210
2020-04-14,39.92,39.92,39.92,39.92,0
2020-04-15,39.92,39.92,39.92,39.92,0
2020-04-16,39.92,39.92,39.92,39.92,0
2020-04-17,39.92,39.92,39.92,39.92,0
2020-04-20,39.92,39.92,39.92,39.92,0
2020-04-21,37.16,39.92,37.16,39.92,430
2020-04-22,37.16,37.16,37.16,37.16,120
2020-04-23,37.16,37.16,37.16,37.16,0
2020-04-24,34.57,36.85,34.57,36.85,1340
2020-04-27,36.85,36.85,36.85,36.85,20
2020-04-28,36.85,36.85,36.85,36.85,0
2020-04-29,36.85,36.85,36.85,36.85,0
2020-05-04,36.85,36.85,36.85,36.85,0
2020-05-05,39.05,39.05,34.31,36.85,40
2020-05-06,36.85,36.85,36.85,36.85,0
2020-05-07,36.85,36.85,36.85,36.85,0
2020-05-08,36.85,38.52,36.41,36.41,60
2020-05-11,36.41,36.41,36.41,36.41,0
2020-05-12,36.41,36.41,36.41,36.41,0
2020-05-13,36.41,36.41,36.41,36.41,0
2020-05-14,36.41,36.41,36.41,36.41,0
2020-05-15,36.41,38.61,36.41,38.17,630
2020-05-18,38.17,38.17,38.17,38.17,0
2020-05-19,38.17,38.17,38.17,38.17,0
2020-05-20,35.54,35.54,35.54,35.54,60
2020-05-21,35.54,37.99,35.54,37.99,1630
2020-05-22,35.36,37.99,35.36,37.99,2310
2020-05-25,37.29,37.29,37.29,37.29,30
2020-05-26,39.48,39.48,39.48,39.48,3000
2020-05-27,39.05,39.05,39.05,39.05,310
2020-05-28,39.05,39.05,39.05,39.05,0
2020-05-29,36.33,38.96,36.33,38.96,2080
2020-06-01,38.96,38.96,38.96,38.96,0
2020-06-02,36.24,38.52,36.24,38.52,2010
2020-06-03,38.52,38.52,38.52,38.52,0
2020-06-04,38.52,38.52,38.52,38.52,0
2020-06-05,35.84,37.64,35.84,37.64,6710
2020-06-08,35.54,35.54,35.54,35.54,1050
2020-06-09,35.1,35.54,34.22,35.54,6080
2020-06-10,33.08,37.29,33.08,37.29,2030
2020-06-11,35.54,37.29,34.7,37.29,5010
2020-06-12,35.01,37.29,35.01,37.29,5520
2020-06-15,37.29,37.29,37.29,37.29,0
2020-06-16,35.54,37.29,35.1,37.29,3040
2020-06-17,37.29,37.29,37.29,37.29,0
2020-06-18,35.1,35.1,35.1,35.1,100
2020-06-19,35.1,35.1,35.1,35.1,10
2020-06-22,35.1,35.1,32.64,35.1,1090
2020-06-23,35.1,37.47,35.1,37.47,15110
2020-06-24,36.85,37.47,36.85,37.47,50710
2020-06-25,37.47,37.47,37.47,37.47,0
2020-06-26,36.68,37.29,36.68,37.29,73820
2020-06-29,37.29,37.29,37.29,37.29,0
2020-06-30,37.29,37.29,37.29,37.29,0
2020-07-01,35.98,36.85,35.98,36.85,122010
2020-07-02,35.27,35.98,35.1,35.98,133510
2020-07-03,35.1,35.98,35.1,35.98,115010
2020-07-06,35.98,35.98,35.98,35.98,0
2020-07-07,35.1,38.43,35.1,38.43,20410
2020-07-08,35.98,41.11,35.98,41.11,1020
2020-07-09,41.11,43.87,38.26,43.87,6120
2020-07-10,46.5,46.86,40.8,46.86,370
2020-07-13,45.63,45.63,43.61,45.45,1160
2020-07-14,48.43,48.43,42.29,42.29,800
2020-07-15,44.14,44.14,44.14,44.14,380
2020-07-16,41.06,44.66,41.06,43.7,440
2020-07-17,43.7,43.7,43.7,43.7,0
2020-07-20,43.7,43.7,43.7,43.7,0
2020-07-21,43.78,43.78,43.78,43.78,490
2020-07-22,43.78,43.78,43.78,43.78,0
2020-07-23,40.76,42.64,40.76,42.64,20
2020-07-24,39.66,39.66,39.66,39.66,20
2020-07-27,41.24,41.24,36.9,39.4,580
2020-07-28,40.19,40.19,36.68,40.19,540
2020-07-29,37.38,40.19,37.38,40.19,30
2020-07-30,37.38,37.38,37.38,37.38,20
2020-07-31,37.38,38.61,37.38,38.61,520
2020-08-03,38.61,38.61,38.61,38.61,20
2020-08-04,39.57,39.57,39.57,39.57,90
2020-08-05,39.57,39.57,39.57,39.57,0
2020-08-06,37.29,40.8,37.07,40.8,41010
2020-08-07,39.31,39.57,37.99,39.4,43030
2020-08-10,38.17,39.05,37.91,38.87,60030
2020-08-11,38.43,39.57,36.24,38.87,63210
2020-08-12,38.17,39.48,36.85,38.87,87120
2020-08-13,39.48,40.1,39.48,39.48,83150
2020-08-14,38.87,40.36,36.85,39.31,69660
2020-08-17,39.0,39.4,37.73,39.05,38320
2020-08-18,38.61,39.05,37.73,38.96,32640
2020-08-19,38.87,40.36,38.78,40.27,20000
2020-08-20,40.27,41.68,40.27,41.68,21000
2020-08-21,41.68,41.68,41.68,41.68,0
2020-08-24,38.78,41.59,38.78,41.59,38310
2020-08-25,39.48,43.39,39.48,43.39,7900
2020-08-26,43.39,43.39,43.39,43.39,0
2020-08-27,44.49,44.57,44.49,44.57,1000
2020-08-28,44.57,44.57,44.57,44.57,0
2020-08-31,45.63,46.68,41.5,41.5,7510
2020-09-01,44.31,44.31,42.12,42.12,610
2020-09-03,39.48,45.01,39.27,45.01,510
2020-09-04,43.87,43.87,43.87,43.87,1000
2020-09-07,41.24,43.87,41.24,43.87,770
2020-09-08,43.87,43.87,43.87,43.87,0
2020-09-09,40.8,43.7,40.8,43.7,170
2020-09-10,40.71,42.12,40.67,42.12,160
2020-09-11,41.68,41.68,41.68,41.68,170
2020-09-14,38.87,42.12,38.87,42.12,1130
2020-09-15,42.12,42.12,42.12,42.12,0
2020-09-16,42.12,42.12,42.12,42.12,0
2020-09-17,39.4,41.59,39.18,41.5,1350
2020-09-18,39.25,43.66,39.25,43.66,2610
2020-09-21,46.64,46.64,46.46,46.46,70
2020-09-22,43.21,45.02,43.21,45.02,510
2020-09-23,41.95,47.72,41.86,47.63,1120
2020-09-24,47.63,47.63,47.63,47.63,0
2020-09-25,50.96,50.96,50.96,50.96,330
2020-09-28,50.96,51.32,47.45,51.32,1580
2020-09-29,54.11,54.11,54.11,54.11,10
2020-09-30,50.33,50.33,50.33,50.33,480
2020-10-01,46.82,50.51,46.82,50.51,140
2020-10-02,47.0,53.21,47.0,52.67,420
2020-10-05,49.07,56.27,49.07,56.27,1430
2020-10-06,52.4,54.02,52.4,52.4,220
2020-10-07,48.8,55.37,48.8,55.37,14510
2020-10-08,54.92,57.62,54.92,56.72,1640
2020-10-09,58.07,58.52,52.76,58.43,1330
2020-10-12,61.22,61.22,54.38,54.38,3790
2020-10-13,50.6,57.71,50.6,57.62,1960
2020-10-14,60.32,60.32,59.33,60.32,9000
2020-10-15,60.05,60.05,58.52,60.05,5610
2020-10-16,55.91,59.78,55.91,59.78,50
2020-10-19,59.69,59.69,55.64,55.64,1080
2020-10-20,51.77,51.77,51.77,51.77,60
2020-10-21,51.77,55.1,51.77,55.1,380
2020-10-22,55.37,57.62,54.83,57.62,530
2020-10-23,53.66,59.24,53.66,59.24,190
2020-10-26,56.0,59.33,55.1,59.33,100
2020-10-27,59.15,59.33,59.15,59.33,50
2020-10-28,56.72,56.72,56.72,56.72,120
2020-10-29,56.72,56.72,56.72,56.72,0
2020-10-30,52.76,56.72,52.76,56.72,2090
2020-11-02,58.25,58.25,58.25,58.25,10
2020-11-03,58.25,58.25,58.25,58.25,0
2020-11-04,58.25,58.25,58.25,58.25,0
2020-11-05,58.25,58.25,58.25,58.25,0
2020-11-06,58.25,58.25,58.25,58.25,0
2020-11-09,54.2,62.12,54.2,62.12,660
2020-11-10,62.12,62.12,62.12,62.12,0
2020-11-11,62.12,62.12,62.12,62.12,0
2020-11-12,57.8,61.94,57.8,61.94,20
2020-11-13,61.94,61.94,61.94,61.94,0
2020-11-16,61.94,61.94,61.94,61.94,0
2020-11-17,57.62,61.22,57.62,61.22,230
2020-11-18,61.22,61.22,61.22,61.22,0
2020-11-19,61.22,61.22,61.22,61.22,0
2020-11-20,56.99,59.42,56.99,59.42,430
2020-11-23,55.28,59.15,55.28,55.28,660
2020-11-24,51.59,59.06,51.59,59.06,40
2020-11-25,55.28,58.97,55.19,58.97,500
2020-11-26,55.01,59.33,55.01,59.33,270
2020-11-27,55.28,59.24,55.28,59.24,430
2020-11-30,59.42,59.42,59.42,59.42,20
2020-12-01,55.28,59.24,55.28,59.15,660
2020-12-02,55.28,58.97,55.1,58.97,120
2020-12-03,58.97,58.97,58.97,58.97,0
2020-12-04,55.1,58.7,54.92,58.7,2450
2020-12-07,236.9,57.62,57.62,57.62,190
2020-12-08,56.72,57.53,55.82,57.53,460
2020-12-09,54.92,57.35,54.92,57.35,90
2020-12-10,57.35,57.35,57.35,57.35,0
2020-12-11,56.63,56.63,53.39,53.39,60
2020-12-14,53.12,56.54,49.79,56.54,1990
2020-12-15,60.41,60.41,60.41,60.41,1000
2020-12-16,56.36,63.02,56.36,63.02,400
2020-12-17,58.61,63.02,58.61,58.7,320
2020-12-18,62.48,62.48,62.48,62.48,300
2020-12-21,58.16,66.62,58.16,66.62,920
2020-12-22,66.62,66.62,66.62,66.62,0
2020-12-23,66.62,66.62,65.72,66.62,20
2020-12-24,62.03,62.03,62.03,62.03,10
2020-12-25,57.71,64.82,57.71,64.82,210
2020-12-28,60.32,62.57,60.32,62.57,80
2020-12-29,61.58,62.57,61.58,62.57,990
2020-12-30,62.57,62.57,62.57,62.57,0
2020-12-31,58.52,62.12,58.25,62.12,220
2021-01-04,62.12,62.12,62.12,62.12,0
2021-01-05,62.12,62.12,62.12,62.12,0
2021-01-06,62.12,62.12,62.12,62.12,0
2021-01-07,62.12,62.12,62.12,62.12,0
2021-01-08,62.12,62.12,62.12,62.12,0
2021-01-11,62.12,62.12,62.12,62.12,0
2021-01-12,62.12,62.12,62.12,62.12,0
2021-01-13,62.12,62.12,62.12,62.12,0
2021-01-14,66.44,66.44,57.8,57.8,1000
2021-01-15,57.62,57.62,57.53,57.62,300
2021-01-18,56.45,56.45,55.82,55.82,300
2021-01-19,55.82,55.82,55.82,55.82,0
2021-01-20,55.82,55.82,55.82,55.82,0
2021-01-21,51.95,59.69,51.95,59.69,17000
2021-01-22,55.55,63.83,55.55,63.83,1400
2021-01-25,63.83,63.83,63.83,63.83,0
2021-01-26,63.83,63.83,63.83,63.83,0
2021-01-27,63.83,63.83,59.42,59.42,200
2021-01-28,59.42,59.42,59.42,59.42,0
2021-01-29,59.42,59.42,59.42,59.42,0
2021-02-01,59.42,59.42,59.42,59.42,0
2021-02-02,59.42,59.42,59.42,59.42,0
2021-02-03,62.93,62.93,55.28,62.93,2000
2021-02-04,62.93,62.93,62.93,62.93,0
2021-02-05,62.93,62.93,62.93,62.93,0
2021-02-08,62.93,62.93,62.93,62.93,0
2021-02-09,62.93,62.93,62.93,62.93,0
2021-02-17,67.25,67.25,58.61,67.25,12400
2021-02-18,67.25,67.25,67.25,67.25,0
2021-02-19,62.57,71.93,62.57,71.93,400
2021-02-22,71.93,71.93,71.93,71.93,0
2021-02-23,71.57,71.57,71.57,71.57,500
2021-02-24,76.53,76.53,71.03,76.53,12100
2021-02-25,76.53,76.62,75.63,75.63,1300
2021-02-26,75.63,75.63,75.63,75.63,0
2021-03-01,80.85,80.85,70.4,72.02,1400
2021-03-02,66.98,72.02,66.98,66.98,1200
2021-03-03,62.3,66.98,62.3,65.72,500
2021-03-04,65.72,65.72,65.72,65.72,0
2021-03-05,61.13,70.13,61.13,70.13,600
2021-03-08,65.27,65.27,65.27,65.27,200
2021-03-09,65.27,65.27,65.27,65.27,0
2021-03-10,65.27,69.77,60.77,60.77,4200
2021-03-11,56.54,56.63,56.54,56.54,8300
2021-03-12,52.67,60.32,52.67,60.32,13200
2021-03-15,60.32,64.37,56.18,64.37,2100
2021-03-16,64.37,64.37,59.87,63.92,1000
2021-03-17,59.69,62.57,59.51,62.57,5400
2021-03-18,59.51,59.51,59.51,59.51,100
2021-03-19,58.52,59.42,56.27,59.42,1000
2021-03-22,56.36,61.67,56.36,61.67,1700
2021-03-23,61.67,61.67,61.67,61.67,0
2021-03-24,60.77,60.77,57.44,57.44,600
2021-03-25,57.44,60.77,54.2,60.32,2400
2021-03-26,60.32,60.32,60.32,60.32,0
2021-03-29,60.32,60.32,56.18,60.32,1700
2021-03-30,59.69,60.32,58.43,60.32,1700
2021-03-31,56.36,60.32,56.36,60.32,300
2021-04-01,60.32,60.32,60.32,60.32,0
2021-04-02,56.36,56.36,56.36,56.36,1000
2021-04-05,60.23,60.23,59.78,60.23,500
2021-04-06,60.23,60.23,60.23,60.23,0
2021-04-07,60.23,60.23,60.23,60.23,0
2021-04-08,60.23,60.23,60.23,60.23,0
2021-04-09,58.52,58.52,56.54,56.54,300
2021-04-12,56.54,56.54,56.54,56.54,0
2021-04-13,56.18,56.99,54.02,54.02,1100
2021-04-14,56.72,56.72,54.02,54.02,2300
2021-04-15,54.02,54.02,54.02,54.02,0
2021-04-16,54.02,54.02,54.02,54.02,300
2021-04-19,50.42,55.55,50.42,55.55,400
2021-04-20,55.55,55.55,55.55,55.55,0
2021-04-22,55.55,55.55,55.55,55.55,0
2021-04-23,55.55,55.55,55.55,55.55,0
2021-04-26,51.77,56.54,51.77,56.54,800
2021-04-27,56.54,56.54,56.54,56.54,0
2021-04-28,56.54,56.54,56.54,56.54,0
2021-04-29,56.54,56.54,56.54,56.54,0
2021-05-04,56.54,56.54,56.54,56.54,0
2021-05-05,52.76,56.36,52.67,56.18,2400
2021-05-06,56.18,56.18,56.18,56.18,0
2021-05-07,56.18,56.18,56.18,56.18,300
2021-05-10,52.4,52.4,52.4,52.4,300
2021-05-11,52.4,52.4,52.4,52.4,100
2021-05-12,52.4,52.4,52.4,52.4,0
2021-05-13,52.4,52.4,52.4,52.4,0
2021-05-14,52.4,52.4,52.4,52.4,0
2021-05-17,52.4,52.4,52.4,52.4,0
2021-05-18,52.4,52.4,52.4,52.4,0
2021-05-19,52.4,52.4,52.4,52.4,0
2021-05-20,52.4,52.4,52.4,52.4,0
2021-05-21,52.4,52.4,52.4,52.4,0
2021-05-24,52.4,52.4,52.4,52.4,0
2021-05-25,52.4,52.4,52.4,52.4,0
2021-05-26,48.8,55.73,48.8,55.73,1100
2021-05-27,55.73,55.73,55.73,55.73,0
2021-05-28,55.73,55.73,55.73,55.73,0
2021-05-31,55.73,55.73,55.73,55.73,0
2021-06-01,55.73,55.73,55.73,55.73,0
2021-06-02,51.95,51.95,51.95,51.95,100
2021-06-03,48.35,53.84,48.35,48.89,3200
2021-06-04,48.71,48.71,48.44,48.44,400
2021-06-07,46.82,47.72,46.82,47.72,300
2021-06-08,50.87,50.87,50.78,50.87,400
2021-06-09,47.72,50.96,47.72,50.96,300
2021-06-10,52.85,52.85,52.85,52.85,100
2021-06-11,52.85,52.85,52.85,52.85,0
2021-06-14,52.85,52.85,52.85,52.85,0
2021-06-15,52.58,52.58,49.25,52.58,200
2021-06-16,48.98,49.07,48.98,49.07,1600
2021-06-17,49.07,49.07,48.98,49.07,700
2021-06-18,46.82,46.91,46.82,46.91,500
2021-06-21,46.91,46.91,46.91,46.91,0
2021-06-22,49.88,49.88,45.11,49.52,1800
2021-06-23,50.96,52.49,46.19,50.87,1900
2021-06-24,47.72,50.24,47.45,50.24,1100
2021-06-25,47.45,50.24,47.45,50.24,700
2021-06-28,50.24,50.24,50.24,50.24,0
2021-06-29,50.24,50.24,50.24,50.24,0
2021-06-30,50.24,50.24,50.24,50.24,0
2021-07-01,46.91,49.25,46.73,46.82,2100
2021-07-02,46.82,46.82,46.82,46.82,0
2021-07-05,43.66,43.66,43.66,43.66,200
2021-07-06,43.66,43.66,43.66,43.66,400
2021-07-07,46.46,46.46,46.46,46.46,100
2021-07-08,43.3,46.19,43.26,46.19,500
2021-07-09,45.83,45.92,43.17,45.74,1900
2021-07-12,45.74,45.74,45.74,45.74,0
2021-07-13,45.74,45.74,45.74,45.74,0
2021-07-14,42.54,42.54,42.54,42.54,100
2021-07-15,44.84,45.47,44.57,45.47,2400
2021-07-16,48.08,48.08,42.4,48.08,1600
2021-07-19,48.08,48.08,48.08,48.08,0
2021-07-20,48.08,48.08,48.08,48.08,0
2021-07-21,48.08,48.08,48.08,48.08,0
2021-07-22,48.08,48.08,48.08,48.08,0
2021-07-23,48.08,48.08,48.08,48.08,0
2021-07-26,48.08,48.08,48.08,48.08,0
2021-07-27,48.08,48.08,48.08,48.08,0
2021-07-28,48.08,48.08,48.08,48.08,0
2021-07-29,44.75,51.41,44.75,51.41,4300
2021-07-30,51.41,51.41,51.41,51.41,0
2021-08-02,51.41,51.41,51.32,51.32,200
2021-08-03,51.32,51.32,51.32,51.32,0
2021-08-04,54.83,54.83,47.9,54.65,500
2021-08-05,54.65,54.65,54.65,54.65,0
2021-08-06,54.65,54.65,54.65,54.65,0
2021-08-09,54.65,54.65,54.65,54.65,0
2021-08-10,50.87,54.29,50.87,54.2,700
2021-08-11,54.2,54.2,54.2,54.2,0
2021-08-12,54.2,54.2,54.2,54.2,0
2021-08-13,54.2,54.2,54.2,54.2,0
2021-08-16,50.42,54.02,50.42,54.02,400
2021-08-17,54.02,54.02,54.02,54.02,0
2021-08-18,54.02,54.02,54.02,54.02,0
2021-08-19,53.12,53.12,53.12,53.12,200
2021-08-20,53.12,53.12,53.12,53.12,0
2021-08-23,53.12,53.12,53.12,53.12,0
2021-08-24,53.12,53.12,53.12,53.12,0
2021-08-25,53.12,53.12,53.12,53.12,0
2021-08-26,56.72,56.72,56.72,56.72,600
2021-08-27,56.72,56.72,56.72,56.72,0
2021-08-30,55.73,55.73,55.73,55.73,600
2021-08-31,55.64,55.64,51.86,54.02,500
2021-09-01,54.02,54.02,54.02,54.02,0
2021-09-06,54.02,54.02,54.02,54.02,0
2021-09-07,50.24,50.24,50.24,50.24,600
2021-09-08,50.24,50.24,50.24,50.24,0
2021-09-09,50.24,50.24,50.24,50.24,0
2021-09-10,50.24,50.24,50.24,50.24,100
2021-09-13,50.24,50.24,50.24,50.24,0
2021-09-14,50.24,50.24,50.24,50.24,0
2021-09-15,46.82,46.82,46.82,46.82,100
2021-09-16,49.88,49.88,49.88,49.88,100
2021-09-17,49.88,49.88,49.88,49.88,0
2021-09-20,52.04,53.3,46.82,46.82,1700
2021-09-21,46.82,46.82,43.57,46.82,1000
2021-09-22,46.82,46.82,46.82,46.82,0
2021-09-23,46.82,46.82,46.82,46.82,0
2021-09-24,46.82,46.82,46.82,46.82,0
2021-09-27,46.82,46.82,46.82,46.82,0
2021-09-28,43.66,43.66,43.62,43.62,700
2021-09-29,44.21,44.21,44.21,44.21,500
2021-09-30,44.21,45.02,44.21,45.02,1200
2021-10-01,45.02,45.02,41.95,41.95,600
2021-10-04,44.84,44.84,44.84,44.84,100
2021-10-05,47.36,47.36,47.27,47.27,200
2021-10-06,46.64,49.97,46.64,49.97,3100
2021-10-07,46.73,46.73,46.73,46.73,100
2021-10-08,46.73,46.73,46.73,46.73,0
2021-10-11,43.48,49.88,43.48,43.71,2500
2021-10-12,46.73,46.73,46.73,46.73,100
2021-10-13,49.43,49.43,49.43,49.43,100
2021-10-14,49.25,49.25,46.01,49.07,7100
2021-10-15,48.89,48.89,48.89,48.89,300
2021-10-18,52.31,52.31,52.31,52.31,400
2021-10-19,48.71,52.31,48.71,52.31,1300
2021-10-20,48.71,52.22,48.71,52.22,600
2021-10-21,52.22,52.22,52.22,52.22,0
2021-10-22,51.23,51.23,51.23,51.23,200
2021-10-25,47.81,50.42,47.72,50.42,2300
2021-10-26,50.42,50.42,50.42,50.42,900
2021-10-27,50.42,50.42,50.42,50.42,0
2021-10-28,49.52,49.52,49.52,49.52,100
2021-10-29,46.28,46.28,46.28,46.28,100
2021-11-01,48.98,48.98,46.82,46.82,600
2021-11-02,49.52,49.52,48.98,48.98,400
2021-11-03,48.98,48.98,48.98,48.98,100
2021-11-04,48.98,48.98,48.98,48.98,0
2021-11-05,46.91,46.91,45.56,45.56,1000
2021-11-08,46.37,48.53,45.56,48.53,600
2021-11-09,45.83,47.45,45.83,47.45,200
2021-11-10,47.81,47.81,47.81,47.81,100
2021-11-11,44.7,44.84,44.7,44.75,900
2021-11-12,46.55,46.55,46.55,46.55,100
2021-11-15,44.88,47.54,44.84,47.54,600
2021-11-16,47.54,50.78,47.54,48.62,2600
2021-11-17,48.62,48.62,48.62,48.62,0
2021-11-18,48.62,48.62,48.62,48.62,0
2021-11-19,45.56,47.72,45.56,47.72,500
2021-11-22,47.72,47.72,47.72,47.72,0
2021-11-23,47.72,47.72,47.72,47.72,0
2021-11-24,47.72,47.72,47.72,47.72,0
2021-11-25,44.52,44.52,44.48,44.48,800
2021-11-26,45.11,45.11,44.52,44.52,1200
2021-11-29,45.02,45.02,45.02,45.02,200
2021-11-30,45.02,45.02,45.02,45.02,700
2021-12-01,45.02,45.02,45.02,45.02,200
2021-12-02,45.02,45.02,45.02,45.02,0
2021-12-03,45.02,45.02,45.02,45.02,700
2021-12-06,41.91,44.97,41.91,44.97,300
2021-12-07,44.97,44.97,44.97,44.97,0
2021-12-08,44.97,44.97,44.97,44.97,0
2021-12-09,42.13,42.13,42.13,42.13,300
2021-12-10,44.12,44.12,44.12,44.12,100
2021-12-13,44.39,44.39,44.39,44.39,600
2021-12-14,44.39,44.39,44.39,44.39,0
2021-12-15,44.39,44.39,44.39,44.39,0
2021-12-16,42.18,42.18,42.18,42.18,100
2021-12-17,42.18,42.18,42.18,42.18,0
2021-12-20,42.18,42.18,42.18,42.18,200
2021-12-21,42.18,42.18,42.18,42.18,0
2021-12-22,42.18,42.18,42.18,42.18,0
2021-12-23,39.25,45.02,39.25,45.02,3800
2021-12-24,47.18,47.18,47.18,47.18,100
2021-12-27,47.18,47.18,47.18,47.18,0
2021-12-28,43.89,43.89,43.89,43.89,800
2021-12-29,41.14,41.73,41.14,41.64,1300
2021-12-30,43.35,43.35,43.3,43.3,1600
2021-12-31,43.3,43.3,43.3,43.3,0
2022-01-04,43.3,43.3,43.3,43.3,400
2022-01-05,43.3,43.3,43.3,43.3,0
2022-01-06,40.74,43.08,40.74,43.08,500
2022-01-07,43.03,43.03,43.03,43.03,300
2022-01-10,43.03,43.03,43.03,43.03,0
2022-01-11,40.2,45.83,40.06,45.83,4100
2022-01-12,42.63,45.83,42.63,45.02,1200
2022-01-13,45.02,45.02,45.02,45.02,0
2022-01-14,44.61,44.61,44.61,44.61,1100
2022-01-17,44.61,44.61,44.61,44.61,0
2022-01-18,42.67,42.67,42.67,42.67,100
2022-01-19,42.67,42.67,42.67,42.67,0
2022-01-20,40.51,40.51,40.51,40.51,100
2022-01-21,37.81,42.94,37.81,42.94,200
2022-01-24,42.94,42.94,42.94,42.94,0
2022-01-25,42.94,42.94,42.94,42.94,0
2022-01-26,40.51,40.51,40.51,40.51,100
2022-01-27,40.51,40.51,40.51,40.51,0
2022-01-28,40.51,40.51,40.51,40.51,0
2022-02-07,37.68,41.28,37.68,41.28,200
2022-02-08,38.4,38.71,38.4,38.71,300
2022-02-09,38.71,38.71,38.71,38.71,200
2022-02-10,38.71,39.16,38.71,38.71,1500
2022-02-11,38.71,38.71,38.71,38.71,0
2022-02-14,36.06,39.61,36.06,39.52,500
2022-02-15,39.52,39.52,39.52,39.52,0
2022-02-16,39.52,39.52,39.52,39.52,0
2022-02-17,39.52,39.52,39.52,39.52,0
2022-02-18,36.96,42.27,36.96,41.86,3500
2022-02-21,39.12,40.51,39.12,40.51,200
2022-02-22,43.21,43.21,43.21,43.21,200
2022-02-23,41.01,43.21,41.01,43.21,1200
2022-02-24,40.51,42.27,40.51,42.27,2600
2022-02-25,40.51,45.02,40.51,45.02,1700
2022-02-28,41.95,48.17,41.86,48.17,2200
2022-03-01,48.17,48.17,48.17,48.17,0
2022-03-02,44.84,44.84,44.84,44.84,1300
2022-03-03,41.73,42.31,41.73,41.82,800
2022-03-04,41.82,41.82,41.68,41.68,500
2022-03-07,41.59,41.59,41.59,41.59,400
2022-03-08,41.86,41.86,41.86,41.86,100
2022-03-09,41.86,41.86,41.86,41.86,0
2022-03-10,39.03,39.03,39.03,39.03,100
2022-03-11,39.61,39.61,39.61,39.61,100
2022-03-14,39.61,42.09,39.61,41.41,1000
2022-03-15,40.51,41.32,40.51,41.32,300
2022-03-16,41.32,41.32,41.32,41.32,300
2022-03-17,41.37,41.37,38.76,38.89,600
2022-03-18,38.98,38.98,38.94,38.94,300
2022-03-21,38.98,38.98,38.98,38.98,800
2022-03-22,38.98,38.98,38.98,38.98,700
2022-03-23,38.98,38.98,38.71,38.71,1300
2022-03-24,37.86,38.67,37.86,38.67,400
2022-03-25,38.67,38.67,38.67,38.67,300
2022-03-28,38.67,38.67,38.67,38.67,1000
2022-03-29,38.62,40.38,36.24,40.38,3000
2022-03-30,40.38,40.38,40.38,40.38,0
2022-03-31,42.45,42.45,37.63,41.23,600
2022-04-01,39.16,43.53,38.35,38.4,3800
2022-04-04,38.53,41.05,38.35,41.05,1000
2022-04-05,38.8,42.63,38.58,41.59,1000
2022-04-06,38.94,41.5,38.94,41.5,800
2022-04-07,38.98,39.7,38.98,39.7,800
2022-04-08,39.52,39.57,39.52,39.57,1000
2022-04-12,39.52,42.13,36.82,39.93,2300
2022-04-13,39.84,39.84,39.84,39.84,100
2022-04-14,39.66,41.32,39.66,41.32,1000
2022-04-15,38.44,38.44,38.44,38.44,1000
2022-04-18,39.52,39.52,39.52,39.52,200
2022-04-19,37.09,39.39,37.09,39.39,200
2022-04-20,36.91,36.91,36.91,36.91,900
2022-04-21,36.46,38.67,35.61,38.67,1700
2022-04-22,38.13,38.13,38.13,38.13,100
2022-04-25,39.66,39.66,35.65,39.07,800
2022-04-26,39.07,39.07,39.07,39.07,0
2022-04-27,39.07,39.07,39.07,39.07,0
2022-04-28,37.86,41.28,37.86,41.28,200
2022-04-29,38.4,38.4,38.4,38.4,700
2022-05-04,38.4,38.4,38.4,38.4,0
2022-05-05,38.4,38.4,38.4,38.4,0
2022-05-06,35.83,38.35,35.74,38.35,2100
2022-05-09,35.7,35.7,35.7,35.7,100
2022-05-10,37.27,37.27,37.27,37.27,200
2022-05-11,37.23,39.07,37.23,38.62,500
2022-05-12,40.78,40.78,36.01,40.65,900
2022-05-13,37.81,39.43,37.81,39.43,500
2022-05-16,39.43,39.43,39.43,39.43,0
2022-05-17,36.78,39.07,36.78,39.07,300
2022-05-18,38.58,38.58,38.58,38.58,100
2022-05-19,38.58,38.58,38.58,38.58,0
2022-05-20,38.49,38.49,38.49,38.49,100
2022-05-23,38.49,38.49,38.49,38.49,0
2022-05-24,36.06,38.08,36.06,38.08,800
2022-05-25,36.01,37.81,36.01,37.81,600
2022-05-26,37.81,37.81,37.81,37.81,0
2022-05-27,35.43,37.72,35.43,37.72,400
2022-05-30,37.72,37.72,37.72,37.72,0
2022-05-31,35.25,37.63,35.25,37.63,200
2022-06-01,39.52,39.52,39.52,39.52,200
2022-06-02,39.52,39.52,39.52,39.52,0
2022-06-03,39.39,39.39,39.39,39.39,100
2022-06-06,39.39,39.39,39.39,39.39,0
2022-06-07,39.39,39.39,39.39,39.39,0
2022-06-08,39.39,39.39,39.39,39.39,0
2022-06-09,39.39,39.39,39.39,39.39,0
2022-06-10,36.73,40.51,36.69,40.51,400
2022-06-13,37.72,37.72,37.72,37.72,100
2022-06-14,39.07,39.07,39.07,39.07,100
2022-06-15,39.07,39.07,39.07,39.07,0
2022-06-16,36.37,38.89,36.37,38.89,400
2022-06-17,38.8,38.8,38.8,38.8,100
2022-06-20,38.8,38.8,38.8,38.8,0
2022-06-21,38.8,38.8,38.8,38.8,0
2022-06-22,38.8,38.8,38.8,38.8,0
2022-06-23,38.8,38.8,38.8,38.8,0
2022-06-24,38.8,38.8,38.8,38.8,0
2022-06-27,38.8,38.8,38.8,38.8,0
2022-06-28,37.77,37.77,37.77,37.77,100
2022-06-29,37.77,37.77,37.77,37.77,0
2022-06-30,37.77,37.77,37.77,37.77,0
2022-07-01,37.77,37.77,37.77,37.77,0
2022-07-04,37.72,37.72,37.72,37.72,100
2022-07-05,37.72,37.72,37.72,37.72,0
2022-07-06,37.72,37.72,37.72,37.72,100
2022-07-07,37.72,37.72,37.72,37.72,0
2022-07-08,35.25,39.97,35.2,39.97,1700
2022-07-11,39.97,39.97,39.97,39.97,0
2022-07-12,39.97,39.97,39.97,39.97,0
2022-07-13,37.18,39.07,37.18,39.07,1000
2022-07-14,39.07,39.07,39.07,39.07,0
2022-07-15,39.07,39.07,39.07,39.07,0
2022-07-18,39.07,39.07,39.07,39.07,0
2022-07-19,36.42,36.42,36.42,36.42,200
2022-07-20,36.42,36.42,36.42,36.42,0
2022-07-21,38.62,38.62,38.62,38.62,500
2022-07-22,38.58,40.6,38.58,40.6,600
2022-07-25,37.9,40.6,37.9,40.6,1300
2022-07-26,37.99,41.55,37.99,41.55,700
2022-07-27,41.55,41.55,41.55,41.55,0
2022-07-28,41.37,41.37,41.37,41.37,100
2022-07-29,41.37,41.37,41.37,41.37,0
2022-08-01,41.37,41.37,41.37,41.37,0
2022-08-02,41.37,41.37,41.37,41.37,0
2022-08-03,41.37,41.37,41.37,41.37,0
2022-08-04,41.37,41.37,41.37,41.37,0
2022-08-05,41.37,41.37,41.37,41.37,0
2022-08-08,41.37,41.37,41.37,41.37,0
2022-08-09,41.37,41.37,41.37,41.37,0
2022-08-10,41.37,41.37,41.37,41.37,0
2022-08-11,41.37,41.37,41.37,41.37,0
2022-08-12,41.37,41.37,41.37,41.37,0
2022-08-15,38.49,38.49,38.49,38.49,1000
2022-08-16,41.05,41.05,41.05,41.05,1500
2022-08-17,41.05,41.05,41.05,41.05,0
2022-08-18,43.89,43.89,43.89,43.89,800
2022-08-19,43.89,43.89,43.89,43.89,0
2022-08-22,43.89,43.89,43.89,43.89,0
2022-08-23,40.96,43.89,40.83,43.89,600
2022-08-24,43.89,43.89,43.89,43.89,0
2022-08-25,43.89,43.89,43.89,43.89,0
2022-08-26,43.89,43.89,40.83,40.83,200
2022-08-29,40.83,43.66,40.83,41.41,400
2022-08-30,41.41,41.41,41.41,41.41,0
2022-08-31,41.41,41.41,41.41,41.41,0
2022-09-05,41.41,41.41,41.41,41.41,0
2022-09-06,41.46,41.46,41.46,41.46,600
2022-09-07,41.46,41.46,41.46,41.46,0
2022-09-08,41.46,41.46,41.46,41.46,0
2022-09-09,41.46,41.46,41.46,41.46,0
2022-09-12,41.46,41.46,41.46,41.46,0
2022-09-13,38.58,41.46,41.46,41.46,10
2022-09-14,41.46,41.46,41.46,41.46,0
2022-09-15,41.46,41.46,41.46,41.46,70
2022-09-16,41.46,41.46,41.46,41.46,55
2022-09-19,41.46,41.46,41.46,41.46,6
2022-09-20,41.46,41.46,41.46,41.46,46
2022-09-21,41.46,41.46,41.46,41.46,12
2022-09-22,41.46,41.46,41.46,41.46,6
2022-09-23,41.46,41.46,41.46,41.46,0
2022-09-26,41.46,41.46,41.46,41.46,5
2022-09-27,44.07,44.07,44.07,44.07,1067
2022-09-28,44.07,44.07,44.07,44.07,10
2022-09-29,44.43,44.43,44.43,44.43,1
2022-09-30,44.43,44.43,44.43,44.43,0
2022-10-03,44.43,44.43,44.43,44.43,0
2022-10-04,44.43,44.43,44.43,44.43,0
2022-10-05,44.43,44.43,44.43,44.43,0
2022-10-06,44.43,44.43,44.43,44.43,0
2022-10-07,44.43,44.43,44.43,44.43,0
2022-10-10,44.43,44.43,44.43,44.43,0
2022-10-11,41.03,44.43,41.03,44.43,400
2022-10-12,44.43,44.43,44.43,44.43,0
2022-10-13,44.43,44.43,44.43,44.43,0
2022-10-14,44.43,44.43,44.43,44.43,0
2022-10-17,44.43,44.43,44.43,44.43,0
2022-10-18,44.43,44.43,44.43,44.43,0
2022-10-19,44.43,44.43,44.43,44.43,0
2022-10-20,44.43,44.43,44.43,44.43,3
2022-10-21,44.43,44.43,44.43,44.43,0
2022-10-24,44.43,44.43,44.43,44.43,2
2022-10-25,44.43,44.43,44.43,44.43,0
2022-10-26,41.39,41.39,41.39,41.39,1500
2022-10-27,44.21,44.21,44.21,44.21,111
2022-10-28,44.21,44.21,44.21,44.21,0
2022-10-31,44.16,44.16,44.16,44.16,100
2022-11-01,44.16,44.16,44.16,44.16,0
2022-11-02,44.16,44.16,44.16,44.16,0
2022-11-03,44.16,44.16,44.16,44.16,0
2022-11-04,44.16,44.16,44.16,44.16,1
2022-11-07,44.16,44.16,44.16,44.16,0
2022-11-08,44.16,44.16,44.16,44.16,0
2022-11-09,41.76,41.76,41.76,41.76,200
2022-11-10,38.85,44.39,38.85,44.39,1000
2022-11-11,41.3,42.66,41.3,42.66,300
2022-11-14,42.66,42.66,42.66,42.66,0
2022-11-15,45.25,45.25,45.25,45.25,100
2022-11-16,45.25,45.25,45.25,45.25,0
2022-11-17,42.12,42.12,42.12,42.12,100
2022-11-18,44.98,44.98,44.98,44.98,100
2022-11-21,44.98,44.98,44.98,44.98,0
2022-11-22,45.21,45.21,45.21,45.21,100
2022-11-23,45.21,45.21,45.21,45.21,0
2022-11-24,42.07,42.07,42.07,42.07,100
2022-11-25,42.07,42.07,42.07,42.07,24
2022-11-28,44.71,44.71,39.17,41.76,803
2022-11-29,38.85,44.39,38.85,44.39,9400
2022-11-30,44.39,44.39,44.39,44.39,1005
2022-12-01,44.39,44.39,44.39,44.39,300
2022-12-02,41.3,41.3,41.3,41.3,507
2022-12-05,38.44,44.03,38.44,43.84,801
2022-12-06,43.84,43.84,43.84,43.84,0
2022-12-07,40.8,40.8,40.8,40.8,100
2022-12-08,41.76,43.21,41.76,43.21,300
2022-12-09,40.21,40.21,40.21,40.21,100
2022-12-12,40.21,43.03,40.21,42.94,1000
2022-12-13,42.66,45.12,42.66,45.12,900
2022-12-14,48.2,48.2,41.98,48.11,31500
2022-12-15,48.11,48.11,48.11,48.11,0
2022-12-16,49.02,49.02,49.02,49.02,4000
2022-12-19,49.02,49.02,49.02,49.02,0
2022-12-20,49.02,49.02,49.02,49.02,0
2022-12-21,49.02,49.02,49.02,49.02,0
2022-12-22,49.02,49.02,49.02,49.02,0
2022-12-23,49.02,49.02,49.02,49.02,10
2022-12-26,49.02,49.02,49.02,49.02,0
2022-12-27,49.02,49.02,49.02,49.02,0
2022-12-28,49.02,49.02,49.02,49.02,0
2022-12-29,49.02,49.02,49.02,49.02,0
2022-12-30,51.74,51.74,51.74,51.74,100
2023-01-03,51.74,51.74,51.74,51.74,0
2023-01-04,51.74,51.74,51.74,51.74,0
2023-01-05,51.74,51.74,51.74,51.74,100
2023-01-06,51.74,51.74,51.74,51.74,0
2023-01-09,51.74,51.74,51.74,51.74,1
2023-01-10,51.74,51.74,51.74,51.74,0
2023-01-11,51.74,51.74,51.74,51.74,0
2023-01-12,51.74,51.74,51.74,51.74,0
2023-01-13,51.74,51.74,51.74,51.74,0
2023-01-16,51.74,51.74,51.74,51.74,0
2023-01-17,51.74,51.74,51.74,51.74,0
2023-01-18,51.74,51.74,51.74,51.74,0
2023-01-19,51.74,51.74,51.74,51.74,0
2023-01-27,51.74,51.74,51.74,51.74,0
2023-01-30,51.74,51.74,51.74,51.74,0
2023-01-31,51.74,51.74,51.74,51.74,0
2023-02-01,51.74,51.74,51.74,51.74,0
2023-02-02,51.74,51.74,51.74,51.74,0
2023-02-03,51.74,51.74,51.74,51.74,0
2023-02-06,51.74,51.74,51.74,51.74,0
2023-02-07,51.74,51.74,51.74,51.74,0
2023-02-08,51.74,51.74,51.74,51.74,0
2023-02-09,51.74,51.74,51.74,51.74,500
2023-02-10,51.74,51.74,51.74,51.74,0
2023-02-13,51.74,51.74,51.74,51.74,0
2023-02-14,48.2,48.2,48.2,48.2,200
2023-02-15,44.84,51.56,44.84,51.56,900
2023-02-16,51.56,51.56,51.56,51.56,5
2023-02-17,48.02,51.74,48.02,51.74,1102
2023-02-20,51.74,51.74,51.74,51.74,0
2023-02-21,51.74,51.74,51.74,51.74,0
2023-02-22,51.74,51.74,51.74,51.74,0
2023-02-23,48.2,51.74,48.2,51.74,500
2023-02-24,51.74,51.74,51.74,51.74,0
2023-02-27,51.65,51.65,51.65,51.65,103
2023-02-28,51.65,51.65,51.65,51.65,0
2023-03-01,48.11,55.19,48.11,55.19,201
2023-03-02,55.19,55.19,55.19,55.19,0
2023-03-03,55.19,55.19,55.19,55.19,13
2023-03-06,55.19,55.19,55.19,55.19,1
2023-03-07,55.19,55.19,55.19,55.19,0
2023-03-08,55.19,55.19,55.19,55.19,0
2023-03-09,55.19,55.19,55.19,55.19,0
2023-03-10,55.19,55.19,55.19,55.19,0
2023-03-13,55.19,55.19,55.19,55.19,0
2023-03-14,55.19,55.19,55.19,55.19,0
2023-03-15,51.38,55.19,51.38,55.19,500
2023-03-16,55.19,55.19,55.19,55.19,0
2023-03-17,51.47,55.19,51.38,55.19,1200
2023-03-20,55.19,55.19,55.19,55.19,2
2023-03-21,55.19,55.19,55.19,55.19,0
2023-03-22,55.19,55.19,55.19,55.19,0
2023-03-23,55.19,55.19,55.19,55.19,0
2023-03-24,55.19,55.19,55.19,55.19,0
2023-03-27,55.19,55.19,55.19,55.19,0
2023-03-28,55.19,55.19,55.19,55.19,0
2023-03-29,55.19,55.19,55.19,55.19,0
2023-03-30,55.19,55.19,55.19,55.19,0
2023-03-31,54.47,54.47,54.47,54.47,100
2023-04-03,54.47,54.47,54.47,54.47,0
2023-04-04,54.47,54.47,54.47,54.47,0
2023-04-05,54.47,54.47,54.47,54.47,0
2023-04-06,54.47,54.47,54.47,54.47,0
2023-04-07,54.47,54.47,54.47,54.47,0
2023-04-10,54.47,54.47,54.47,54.47,0
2023-04-11,54.47,54.47,54.47,54.47,0
2023-04-12,54.47,54.47,54.47,54.47,0
2023-04-13,54.47,54.47,54.47,54.47,0
2023-04-14,54.47,54.47,54.47,54.47,100
2023-04-17,54.47,54.47,54.47,54.47,0
2023-04-18,54.47,54.47,54.47,54.47,0
2023-04-19,54.47,54.47,54.47,54.47,0
2023-04-20,54.47,54.47,54.47,54.47,0
2023-04-21,54.47,54.47,54.47,54.47,0
2023-04-24,54.47,54.47,54.47,54.47,0
2023-04-25,54.47,54.47,54.47,54.47,0
2023-04-26,54.47,54.47,54.47,54.47,0
2023-04-27,54.47,54.47,54.47,54.47,0
2023-04-28,54.47,54.47,54.47,54.47,0
2023-05-04,54.47,54.47,54.47,54.47,0
2023-05-05,54.47,54.47,54.47,54.47,0
2023-05-08,54.47,54.47,54.47,54.47,0
2023-05-09,54.47,54.47,54.47,54.47,0
2023-05-10,54.47,54.47,54.47,54.47,0
2023-05-11,54.47,54.47,54.47,54.47,0
2023-05-12,54.47,54.47,54.47,54.47,0
2023-05-15,54.47,54.47,54.47,54.47,0
2023-05-16,54.47,54.47,54.47,54.47,0
2023-05-17,54.47,54.47,54.47,54.47,9
2023-05-18,54.47,54.47,54.47,54.47,0
2023-05-19,54.47,54.47,54.47,54.47,0
2023-05-22,54.47,54.47,54.47,54.47,0
2023-05-23,54.47,54.47,54.47,54.47,0
2023-05-24,54.47,54.47,54.47,54.47,0
2023-05-25,50.65,54.47,50.65,54.47,1372
2023-05-26,54.47,54.47,54.47,54.47,8
2023-05-29,54.47,54.47,54.47,54.47,0
2023-05-30,54.47,54.47,54.47,54.47,1
2023-05-31,54.47,54.47,54.47,54.47,0
2023-06-01,54.47,54.47,54.47,54.47,0
2023-06-02,54.47,54.47,54.47,54.47,0
2023-06-05,54.47,54.47,54.47,54.47,0
2023-06-06,54.56,54.56,50.65,52.65,1800
2023-06-07,52.65,52.65,52.65,52.65,0
2023-06-08,52.65,52.65,52.65,52.65,1
2023-06-09,52.65,52.65,52.65,52.65,0
2023-06-12,51.56,51.56,50.83,51.56,1101
2023-06-13,51.56,51.56,51.56,51.56,0
2023-06-14,51.56,51.56,51.56,51.56,0
2023-06-15,51.56,51.56,51.56,51.56,0
2023-06-16,51.56,51.56,51.56,51.56,0
2023-06-19,51.56,51.56,51.56,51.56,0
2023-06-20,51.56,51.56,51.56,51.56,0
2023-06-21,51.56,51.56,51.56,51.56,0
2023-06-22,51.56,51.56,51.56,51.56,0
2023-06-23,51.56,51.56,51.56,51.56,0
2023-06-26,51.56,51.56,51.56,51.56,0
2023-06-27,48.02,48.02,48.02,48.02,100
2023-06-28,44.66,44.66,44.66,44.66,5265
2023-06-29,44.66,44.66,44.66,44.66,4
2023-06-30,47.02,47.02,47.02,47.02,585
2023-07-03,43.75,46.84,43.75,46.84,631
2023-07-04,48.84,48.84,48.84,48.84,1212
2023-07-05,48.84,48.84,48.84,48.84,6
2023-07-06,45.57,45.57,45.57,45.57,501
2023-07-07,48.66,48.66,48.66,48.66,100
2023-07-10,48.66,48.66,48.66,48.66,10
2023-07-11,48.66,48.66,48.66,48.66,75
2023-07-12,48.66,48.66,48.66,48.66,10
2023-07-13,48.66,48.66,48.66,48.66,0
2023-07-14,48.66,48.66,48.66,48.66,0
2023-07-17,48.66,48.66,48.66,48.66,0
2023-07-18,48.66,48.66,48.66,48.66,0
2023-07-19,45.25,47.84,45.25,47.84,1220
2023-07-20,44.57,44.57,44.57,44.57,1210
2023-07-21,44.57,44.57,44.12,44.21,1517
2023-07-24,44.21,44.21,44.21,44.21,0
2023-07-25,44.21,44.21,44.21,44.21,100
2023-07-26,43.57,47.11,43.57,47.11,904
2023-07-27,44.12,48.38,44.12,47.57,1302
2023-07-28,44.39,48.66,44.25,48.66,6803
2023-07-31,48.66,48.66,48.66,48.66,0
2023-08-01,48.02,48.66,45.25,45.3,6403
2023-08-02,45.3,47.66,43.3,47.66,1912
2023-08-03,46.2,48.11,44.34,48.11,2301
2023-08-04,44.84,48.56,44.75,48.47,5800
2023-08-07,48.66,48.66,47.84,48.56,1800
2023-08-08,45.84,45.84,45.84,45.84,100
2023-08-09,45.94,48.84,45.94,48.84,200
2023-08-10,45.65,48.75,45.65,48.75,600
2023-08-11,48.75,48.75,48.75,48.75,0
2023-08-14,45.65,48.47,45.65,48.47,317
2023-08-15,46.87,49.03,46.87,49.03,2000
2023-08-16,45.75,49.69,45.75,49.69,900
2023-08-17,49.69,49.69,49.69,49.69,0
2023-08-18,46.5,49.69,46.31,49.69,500
2023-08-21,49.69,49.69,49.69,49.69,0
2023-08-22,49.69,49.69,49.69,49.69,0
2023-08-23,49.69,49.69,49.69,49.69,0
2023-08-24,49.69,49.69,49.69,49.69,5
2023-08-25,46.4,50.06,46.31,50.06,484
2023-08-28,50.06,50.06,50.06,50.06,4
2023-08-29,50.06,50.06,50.06,50.06,1
2023-08-30,50.06,50.06,50.06,50.06,0
2023-08-31,50.06,50.06,50.06,50.06,5
2023-09-05,47.15,49.97,46.87,49.97,2314
2023-09-06,49.97,49.97,49.97,49.97,601
2023-09-07,49.69,49.69,49.69,49.69,900
2023-09-08,49.69,49.69,49.69,49.69,0
2023-09-11,49.69,49.69,49.69,49.69,0
2023-09-12,49.69,49.69,49.69,49.69,0
2023-09-13,49.69,49.69,49.69,49.69,0
2023-09-14,48.75,49.69,48.75,49.69,300
2023-09-15,49.69,49.69,49.69,49.69,0
2023-09-18,46.31,46.31,46.31,46.31,300
2023-09-19,49.22,49.22,49.22,49.22,100
2023-09-20,49.22,49.22,49.22,49.22,0
2023-09-21,46.31,49.59,46.31,49.59,301
2023-09-22,49.59,49.59,49.59,49.59,0
2023-09-25,49.59,49.59,49.59,49.59,0
2023-09-26,49.59,49.59,49.59,49.59,0
2023-09-27,49.59,49.59,49.59,49.59,0
2023-09-28,46.22,46.22,46.22,46.22,400
2023-09-29,47.81,47.81,47.81,47.81,101
2023-10-02,47.81,47.81,47.81,47.81,0
2023-10-03,47.81,47.81,47.81,47.81,0
2023-10-04,47.81,47.81,47.81,47.81,0
2023-10-05,47.81,47.81,47.81,47.81,0
2023-10-06,47.81,47.81,47.81,47.81,1
2023-10-09,44.53,47.81,44.53,47.81,1700
2023-10-10,47.81,47.81,47.81,47.81,0
2023-10-11,47.81,47.81,47.81,47.81,0
2023-10-12,47.81,47.81,47.81,47.81,0
2023-10-13,47.81,47.81,47.81,47.81,0
2023-10-16,47.81,47.81,47.81,47.81,1
2023-10-17,47.81,47.81,47.81,47.81,0
2023-10-18,47.81,47.81,47.81,47.81,0
2023-10-19,44.53,47.81,44.53,47.81,800
2023-10-20,47.81,47.81,47.81,47.81,2
2023-10-23,47.81,47.81,47.81,47.81,0
2023-10-24,47.81,47.81,47.81,47.81,0
2023-10-25,47.81,47.81,47.81,47.81,0
2023-10-26,47.81,47.81,47.81,47.81,0
2023-10-27,47.81,47.81,47.81,47.81,0
2023-10-30,47.81,47.81,47.81,47.81,0
2023-10-31,44.53,47.81,44.53,47.81,1200
2023-11-01,47.81,47.81,47.81,47.81,0
2023-11-02,47.62,47.62,47.62,47.62,100
2023-11-03,47.62,47.62,47.62,47.62,0
2023-11-06,47.62,47.62,47.62,47.62,0
2023-11-07,47.62,47.62,47.62,47.62,0
2023-11-08,49.59,49.59,49.59,49.59,5400
2023-11-09,46.22,46.22,46.22,46.22,100
2023-11-10,46.22,48.75,42.98,48.75,6500
2023-11-13,48.75,51.65,48.75,51.65,1101
2023-11-14,54.75,54.75,49.22,49.22,1402
2023-11-15,49.22,49.22,49.22,49.22,0
2023-11-16,52.22,52.22,52.22,52.22,1500
2023-11-17,51.94,52.03,51.94,52.03,34500
2023-11-20,52.03,52.03,52.03,52.03,900
2023-11-21,52.03,52.03,52.03,52.03,0
2023-11-22,48.56,48.56,48.56,48.56,100
2023-11-23,48.56,51.94,48.56,51.94,201
2023-11-24,51.94,51.94,51.94,51.94,1
2023-11-27,48.47,54.75,48.37,54.75,600
2023-11-28,54.65,54.65,54.65,54.65,103
2023-11-29,51.0,51.0,51.0,51.0,105
2023-11-30,47.53,47.53,47.53,47.53,210
2023-12-01,50.44,50.44,50.44,50.44,100
2023-12-04,50.44,53.81,50.44,53.81,500
2023-12-05,53.81,53.81,53.81,53.81,0
2023-12-06,53.44,57.19,53.15,57.19,1300
2023-12-07,57.19,57.19,57.19,57.19,0
2023-12-08,53.34,53.34,53.34,53.34,400
2023-12-11,53.34,53.34,53.34,53.34,2
2023-12-12,53.34,53.34,53.34,53.34,0
2023-12-13,55.31,55.31,55.31,55.31,100
2023-12-14,51.47,55.31,51.47,55.31,500
2023-12-15,55.31,55.31,55.31,55.31,55
2023-12-18,55.31,55.31,55.31,55.31,0
2023-12-19,55.31,55.31,55.31,55.31,0
2023-12-20,51.56,51.56,51.56,51.56,105
2023-12-21,55.03,55.03,48.0,53.44,2000
2023-12-22,53.44,53.44,53.44,53.44,0
2023-12-25,53.44,53.44,53.44,53.44,2
2023-12-26,53.44,53.44,53.44,53.44,1
2023-12-27,49.84,49.84,49.74,49.74,8649
2023-12-28,49.74,49.74,49.74,49.74,2
2023-12-29,49.74,49.74,49.74,49.74,20
2024-01-02,49.74,49.74,49.74,49.74,0
2024-01-03,49.74,49.74,49.74,49.74,0
2024-01-04,49.74,51.78,49.74,51.78,920
2024-01-05,51.69,53.44,51.69,53.44,1900
2024-01-08,52.85,56.35,52.85,56.35,301
2024-01-09,52.46,60.24,52.46,60.04,1392
2024-01-10,60.04,60.04,60.04,60.04,5
2024-01-11,60.04,60.04,60.04,60.04,0
2024-01-12,60.04,60.04,60.04,60.04,0
2024-01-15,55.87,63.83,55.87,63.83,510
2024-01-16,63.83,63.83,63.83,63.83,0
2024-01-17,63.83,63.83,63.83,63.83,10
2024-01-18,59.46,59.46,59.46,59.46,203
2024-01-19,55.48,63.25,55.38,63.25,2001
2024-01-22,63.25,63.25,63.25,63.25,6
2024-01-23,58.88,58.88,58.88,58.88,100
2024-01-24,58.88,58.88,58.88,58.88,0
2024-01-25,58.88,58.88,58.88,58.88,0
2024-01-26,58.88,58.88,58.88,58.88,0
2024-01-29,58.88,58.88,58.88,58.88,0
2024-01-30,58.88,58.88,58.88,58.88,0
2024-01-31,58.88,58.88,58.88,58.88,0
2024-02-01,58.88,58.88,58.88,58.88,0
2024-02-02,58.88,58.88,58.88,58.88,0
2024-02-05,58.88,58.88,58.88,58.88,0
2024-02-06,58.88,58.88,58.88,58.88,0
2024-02-07,54.8,58.29,54.8,58.29,5100
2024-02-15,54.21,54.89,54.21,54.8,1102
2024-02-16,54.8,54.8,54.8,54.8,0
2024-02-19,54.8,58.29,51.2,51.2,313
2024-02-20,51.3,54.7,51.01,54.41,2300
2024-02-21,57.32,57.32,57.32,57.32,200
2024-02-22,57.32,57.32,57.32,57.32,0
2024-02-23,53.34,53.34,53.34,53.34,800
2024-02-26,56.16,56.16,56.16,56.16,100
2024-02-27,56.16,56.16,56.16,56.16,0
2024-02-28,56.16,56.16,56.16,56.16,0
2024-02-29,56.16,56.16,56.16,56.16,0
2024-03-01,56.16,56.16,56.16,56.16,0
2024-03-04,56.16,56.16,56.16,56.16,0
2024-03-05,52.27,57.81,52.27,57.81,500
2024-03-06,53.83,53.83,53.83,53.83,100
2024-03-07,56.84,56.84,56.84,56.84,116
2024-03-08,58.2,58.2,58.2,58.2,1000
2024-03-11,60.14,60.14,60.14,60.14,101
2024-03-12,55.96,55.96,55.96,55.96,100
2024-03-13,57.81,58.29,55.96,58.1,400
2024-03-14,58.1,58.1,58.1,58.1,1
2024-03-15,58.1,58.1,58.1,58.1,0
2024-03-18,58.1,58.1,58.1,58.1,5
2024-03-19,54.12,54.12,54.12,54.12,2325
2024-03-20,57.71,57.71,57.71,57.71,500
2024-03-21,53.83,53.92,53.83,53.92,224
2024-03-22,51.01,57.32,51.01,57.32,600
2024-03-25,57.32,57.32,57.32,57.32,0
2024-03-26,53.44,57.03,53.34,57.03,4100
2024-03-27,57.03,57.03,57.03,57.03,0
2024-03-28,53.53,56.93,53.44,56.93,1200
2024-03-29,53.05,56.84,53.05,56.84,900
2024-04-01,56.84,56.84,56.84,56.84,10
2024-04-02,56.84,56.84,56.84,56.84,0
2024-04-03,56.84,56.84,56.84,56.84,0
2024-04-04,57.71,57.71,57.71,57.71,100
2024-04-05,57.71,57.71,57.71,57.71,0
2024-04-08,57.71,57.71,57.71,57.71,0
2024-04-09,57.71,57.71,57.71,57.71,0
2024-04-10,57.71,57.71,57.71,57.71,0
2024-04-11,57.71,57.71,57.71,57.71,0
2024-04-12,57.71,57.71,57.71,57.71,0
2024-04-15,57.71,57.71,57.71,57.71,0
2024-04-16,57.71,57.71,57.71,57.71,0
2024-04-17,57.71,57.71,57.71,57.71,0
2024-04-19,57.71,57.71,57.71,57.71,0
2024-04-22,57.71,57.71,57.71,57.71,0
2024-04-23,53.73,57.23,53.73,57.23,700
2024-04-24,57.23,57.23,57.23,57.23,0
2024-04-25,53.24,56.35,53.24,56.35,700
2024-04-26,56.35,56.35,56.35,56.35,0
2024-05-02,56.16,56.16,56.16,56.16,400
2024-05-03,55.67,55.67,55.67,55.67,100
2024-05-06,55.67,55.67,55.67,55.67,0
2024-05-07,52.56,55.38,51.88,55.38,1400
2024-05-08,55.38,55.38,55.38,55.38,0
2024-05-09,55.38,55.38,55.38,55.38,0
2024-05-10,55.38,55.38,55.38,55.38,0
2024-05-13,55.38,55.38,55.38,55.38,0
2024-05-14,55.38,55.38,55.38,55.38,0
2024-05-15,55.38,55.38,55.38,55.38,0
2024-05-16,55.38,55.38,55.38,55.38,0
2024-05-17,55.38,55.38,55.38,55.38,0
2024-05-20,55.38,55.38,55.38,55.38,0
2024-05-21,54.8,54.8,54.8,54.8,800
2024-05-22,51.69,57.23,51.1,57.23,1509
2024-05-23,57.23,57.23,57.23,57.23,0
2024-05-24,57.23,57.23,57.23,57.23,0
2024-05-27,53.44,57.71,53.44,57.71,700
2024-05-28,57.42,57.42,53.92,53.92,661
2024-05-29,53.92,53.92,53.92,53.92,0
2024-05-30,53.92,53.92,53.92,53.92,0
2024-05-31,53.92,53.92,53.92,53.92,0
2024-06-03,53.92,56.55,53.92,56.55,200
2024-06-04,57.71,57.71,57.71,57.71,300
2024-06-05,57.71,57.71,57.71,57.71,0
2024-06-06,57.71,57.71,57.71,57.71,5
2024-06-07,57.71,57.71,57.71,57.71,0
2024-06-10,53.83,53.83,53.83,53.83,100
2024-06-11,56.35,56.35,56.35,56.35,200
2024-06-12,56.35,56.35,56.35,56.35,0
2024-06-13,56.35,56.35,56.35,56.35,1
2024-06-14,56.35,56.35,56.35,56.35,0
2024-06-17,56.35,56.35,56.35,56.35,3
2024-06-18,56.35,56.35,56.35,56.35,7
2024-06-19,56.35,56.35,56.35,56.35,0
2024-06-20,56.35,56.35,56.35,56.35,0
2024-06-21,56.35,56.35,56.35,56.35,6
2024-06-24,56.35,56.35,56.35,56.35,0
2024-06-25,56.35,56.35,56.35,56.35,0
2024-06-26,56.35,56.35,56.35,56.35,80
2024-06-27,56.35,56.35,56.35,56.35,0
2024-06-28,56.35,56.35,56.35,56.35,150
2024-07-01,59.19,59.19,59.19,59.19,810
2024-07-02,59.19,59.19,59.19,59.19,8
2024-07-03,55.17,58.8,55.17,58.8,400
2024-07-04,58.8,58.8,58.8,58.8,0
2024-07-05,58.8,58.8,58.8,58.8,0
2024-07-08,58.8,58.8,58.8,58.8,1
2024-07-09,58.8,58.8,58.8,58.8,0
2024-07-10,58.8,58.8,58.8,58.8,306
2024-07-11,58.7,58.7,58.7,58.7,110
2024-07-12,58.6,58.6,58.6,58.6,901
2024-07-15,58.6,58.6,58.6,58.6,232
2024-07-16,55.17,55.17,55.17,55.17,150
2024-07-17,58.8,58.8,58.8,58.8,106
2024-07-18,58.8,58.8,58.8,58.8,0
2024-07-19,58.8,58.8,58.8,58.8,0
2024-07-22,58.8,58.8,58.8,58.8,0
2024-07-23,58.8,58.8,58.8,58.8,0
2024-07-24,58.8,58.8,58.8,58.8,0
2024-07-25,58.8,58.8,58.8,58.8,0
2024-07-26,58.8,58.8,58.8,58.8,2
2024-07-29,58.8,58.8,58.8,58.8,0
2024-07-30,58.8,58.8,58.8,58.8,2
2024-07-31,58.8,58.8,58.8,58.8,48
2024-08-01,58.8,58.8,58.8,58.8,0
2024-08-02,58.8,58.8,58.8,58.8,0
2024-08-05,58.8,58.8,58.8,58.8,9
2024-08-06,58.8,58.8,58.8,58.8,10
2024-08-07,58.8,58.8,58.8,58.8,0
2024-08-08,58.8,58.8,58.8,58.8,0
2024-08-09,58.8,58.8,58.8,58.8,0
2024-08-12,57.33,57.33,57.33,57.33,100
2024-08-13,57.33,57.33,57.33,57.33,0
2024-08-14,57.33,57.33,57.33,57.33,0
2024-08-15,57.33,57.33,57.33,57.33,0
2024-08-16,57.33,57.33,57.33,57.33,0
2024-08-19,57.33,57.33,57.33,57.33,0
2024-08-20,57.33,57.33,57.33,57.33,0
2024-08-21,57.33,57.33,57.33,57.33,0
2024-08-22,57.33,57.33,57.33,57.33,0
2024-08-23,57.33,57.33,57.33,57.33,0
2024-08-26,57.33,57.33,57.33,57.33,100
2024-08-27,58.31,58.31,58.31,58.31,103
2024-08-28,58.31,58.31,58.31,58.31,8
2024-08-29,58.31,58.31,58.31,58.31,0
2024-08-30,58.31,58.31,58.31,58.31,0
2024-09-04,58.31,58.31,58.31,58.31,0
2024-09-05,58.31,58.31,58.31,58.31,0
2024-09-06,58.31,58.31,58.31,58.31,0
2024-09-09,58.31,58.31,58.31,58.31,0
2024-09-10,54.29,58.31,54.29,58.31,800
2024-09-11,54.29,58.8,54.29,58.8,501
2024-09-12,54.88,58.8,54.68,58.8,800
2024-09-13,54.98,58.8,54.98,58.8,400
2024-09-16,58.8,58.8,58.8,58.8,3
2024-09-17,58.8,58.8,58.8,58.8,200
2024-09-18,58.8,58.8,58.8,58.8,0
2024-09-19,58.8,58.8,58.8,58.8,0
2024-09-20,58.8,58.8,58.8,58.8,10
2024-09-23,58.8,58.8,58.8,58.8,11
2024-09-24,57.33,61.25,57.33,61.25,400
2024-09-25,61.25,61.25,61.25,61.25,1
2024-09-26,60.66,60.66,60.66,60.66,300
2024-09-27,60.66,60.66,60.66,60.66,0
2024-09-30,60.66,60.66,60.66,60.66,200
2024-10-01,60.66,60.66,60.66,60.66,0
2024-10-02,60.66,60.66,60.66,60.66,1800
2024-10-03,60.66,60.66,60.66,60.66,1
2024-10-04,60.66,60.66,60.66,60.66,0
2024-10-07,60.66,60.66,60.66,60.66,0
2024-10-08,58.8,58.8,58.8,58.8,400
2024-10-09,60.76,60.76,60.76,60.76,500
2024-10-10,58.8,58.8,58.8,58.8,2801
2024-10-11,58.8,58.8,58.8,58.8,0
2024-10-14,58.8,58.8,58.8,58.8,2600
2024-10-15,58.8,60.76,58.8,60.76,1700
2024-10-16,58.8,58.8,58.8,58.8,1000
2024-10-17,58.8,58.8,58.8,58.8,800
2024-10-18,58.8,58.8,58.8,58.8,200
2024-10-21,58.8,58.8,58.8,58.8,0
2024-10-22,60.76,60.76,60.76,60.76,500
2024-10-23,60.76,60.76,60.76,60.76,0
2024-10-24,60.76,60.76,60.76,60.76,60
2024-10-25,58.8,58.8,58.8,58.8,200
2024-10-28,59.78,59.78,59.78,59.78,203
2024-10-29,59.78,59.78,59.78,59.78,0
2024-10-30,58.8,58.8,58.8,58.8,201
2024-10-31,60.76,60.76,60.76,60.76,200
2024-11-01,60.76,60.76,60.76,60.76,0
2024-11-04,58.8,60.76,58.8,60.76,1400
2024-11-05,60.76,60.76,60.76,60.76,200
2024-11-06,60.76,60.76,60.76,60.76,0
2024-11-07,58.8,58.8,58.8,58.8,2100
2024-11-08,58.8,58.8,58.8,58.8,500
2024-11-11,60.66,60.66,60.66,60.66,200
2024-11-12,58.8,58.8,58.8,58.8,700
2024-11-13,58.8,58.8,58.8,58.8,100
2024-11-14,60.76,60.76,60.76,60.76,100
2024-11-15,60.76,60.76,60.76,60.76,0
2024-11-18,57.82,60.76,57.82,60.76,800
2024-11-19,60.76,60.76,60.76,60.76,286
2024-11-20,60.76,60.76,60.76,60.76,0
2024-11-21,60.76,60.76,60.76,60.76,383
2024-11-22,60.76,60.76,60.76,60.76,200
2024-11-25,56.84,60.76,56.74,60.76,419
2024-11-26,60.76,60.76,60.76,60.76,0
2024-11-27,60.66,60.66,60.66,60.66,300
2024-11-28,60.66,60.66,60.66,60.66,200
2024-11-29,60.66,60.66,60.66,60.66,0
2024-12-02,60.76,60.76,60.76,60.76,300
2024-12-03,60.76,60.76,60.76,60.76,101
2024-12-04,60.76,60.76,60.76,60.76,1
2024-12-05,60.76,60.76,60.76,60.76,1
2024-12-06,63.41,63.41,63.41,63.41,200
2024-12-09,60.47,60.47,59.0,59.0,1400
2024-12-10,59.0,59.0,59.0,59.0,0
2024-12-11,59.78,59.78,58.7,58.7,3900
2024-12-12,62.72,62.72,62.72,62.72,100
2024-12-13,59.88,67.03,59.88,67.03,300
2024-12-16,67.03,67.03,67.03,67.03,20
2024-12-17,67.03,67.03,67.03,67.03,0
2024-12-18,67.03,67.03,67.03,67.03,0
2024-12-19,67.03,67.03,67.03,67.03,0
2024-12-20,67.03,67.03,67.03,67.03,0
2024-12-23,67.03,67.03,67.03,67.03,0
2024-12-24,67.03,67.03,67.03,67.03,0
2024-12-25,67.03,67.03,67.03,67.03,0
2024-12-26,67.03,67.03,67.03,67.03,1
2024-12-27,67.03,67.03,67.03,67.03,0
2024-12-30,67.03,67.03,67.03,67.03,0
2024-12-31,67.03,67.03,67.03,67.03,0
2025-01-02,67.03,67.03,67.03,67.03,1
2025-01-03,67.03,67.03,67.03,67.03,0
2025-01-06,67.03,67.03,67.03,67.03,0
2025-01-07,67.03,67.03,67.03,67.03,0
2025-01-08,67.03,67.03,67.03,67.03,0
2025-01-09,67.03,67.03,67.03,67.03,0
2025-01-10,67.03,67.03,67.03,67.03,0
2025-01-13,67.03,67.03,67.03,67.03,0
2025-01-14,67.03,67.03,67.03,67.03,2
2025-01-15,62.43,62.43,62.43,62.43,100
2025-01-16,62.43,62.43,62.43,62.43,0
2025-01-17,62.43,62.43,62.43,62.43,300
2025-01-20,62.33,62.33,62.33,62.33,201
2025-01-21,62.33,62.33,62.33,62.33,0
2025-01-22,62.33,62.33,62.33,62.33,0
2025-01-23,62.33,62.33,62.33,62.33,0
2025-01-24,62.33,62.33,62.33,62.33,0
2025-02-03,62.33,62.33,62.33,62.33,101
2025-02-04,62.33,62.33,62.33,62.33,0
2025-02-05,62.33,62.33,62.33,62.33,0
2025-02-06,62.33,62.33,62.33,62.33,0
2025-02-07,62.33,62.33,62.33,62.33,0
2025-02-10,62.33,62.33,62.33,62.33,0
2025-02-11,62.33,62.33,62.33,62.33,1
2025-02-12,62.33,62.33,62.33,62.33,0
2025-02-13,62.33,62.33,62.33,62.33,0
2025-02-14,62.33,62.33,62.33,62.33,0
2025-02-17,62.33,62.33,62.33,62.33,0
2025-02-18,62.33,62.33,62.33,62.33,0
2025-02-19,62.33,62.33,62.33,62.33,0
2025-02-20,62.33,62.33,62.33,62.33,0
2025-02-21,62.33,62.33,62.33,62.33,2
2025-02-24,62.33,62.33,62.33,62.33,0
2025-02-25,58.02,64.97,58.02,58.02,500
2025-02-26,58.02,58.02,58.02,58.02,0
2025-02-27,60.76,60.76,60.76,60.76,100
2025-02-28,60.76,60.76,60.76,60.76,0
2025-03-03,60.76,60.76,60.76,60.76,200
2025-03-04,60.76,60.76,60.76,60.76,0
2025-03-05,60.76,60.76,60.76,60.76,0
2025-03-06,63.7,63.7,63.7,63.7,200
2025-03-07,63.7,63.7,63.7,63.7,0
2025-03-10,63.7,63.7,63.7,63.7,0
2025-03-11,63.7,63.7,63.7,63.7,0
2025-03-12,63.7,63.7,63.7,63.7,0
2025-03-13,63.7,63.7,63.7,63.7,0
2025-03-14,63.7,63.7,63.7,63.7,1
2025-03-17,68.11,68.11,68.11,68.11,204
2025-03-18,68.11,68.11,68.11,68.11,6
2025-03-19,68.11,68.11,68.11,68.11,0
2025-03-20,68.11,68.11,68.11,68.11,0
2025-03-21,68.11,68.11,68.11,68.11,0
2025-03-24,68.11,68.11,68.11,68.11,0
2025-03-25,68.11,68.11,68.11,68.11,0
2025-03-26,68.11,68.11,68.11,68.11,0
2025-03-27,68.11,68.11,68.11,68.11,0
2025-03-28,68.11,68.11,68.11,68.11,0
2025-03-31,68.11,68.11,68.11,68.11,0
2025-04-01,68.11,68.11,68.11,68.11,0
2025-04-02,68.11,68.11,68.11,68.11,0
2025-04-03,68.11,68.11,68.11,68.11,0
2025-04-04,68.11,68.11,68.11,68.11,2
2025-04-08,68.11,68.11,68.11,68.11,0
2025-04-09,68.11,68.11,68.11,68.11,0
2025-04-10,68.11,68.11,68.11,68.11,0
2025-04-11,68.11,68.11,68.11,68.11,0
2025-04-14,63.7,63.7,63.7,63.7,101
2025-04-15,63.7,63.7,63.7,63.7,4
2025-04-16,59.78,59.78,59.78,59.78,100
2025-04-17,55.86,55.86,55.86,55.86,200
2025-04-18,55.86,55.86,52.23,52.43,603
2025-04-21,52.43,52.43,49.0,49.0,800
2025-04-22,45.77,45.77,45.77,45.77,202
2025-04-23,45.77,48.51,45.77,48.51,16300
2025-04-24,45.18,51.16,45.18,51.16,200
2025-04-25,51.16,54.68,51.16,54.68,201
2025-04-28,54.68,58.51,54.68,58.51,300
2025-04-29,62.52,62.52,54.49,61.74,1200
2025-05-05,61.74,61.74,61.74,61.74,0
2025-05-06,57.43,57.43,57.43,57.43,100
2025-05-07,58.9,61.45,58.7,61.35,15800
2025-05-08,57.23,61.35,57.23,61.35,1200
2025-05-09,59.0,59.29,59.0,59.29,10102
2025-05-12,59.29,59.29,59.29,59.29,0
2025-05-13,61.74,61.74,61.74,61.74,101
2025-05-14,61.74,61.74,61.74,61.74,0
2025-05-15,61.74,61.74,61.74,61.74,0
2025-05-16,61.74,61.74,61.74,61.74,0
2025-05-19,57.43,63.99,57.43,63.99,306
2025-05-20,63.99,63.99,63.99,63.99,15
2025-05-21,63.99,63.99,63.99,63.99,2
2025-05-22,63.99,63.99,63.99,63.99,1
2025-05-23,63.99,63.99,63.99,63.99,3
2025-05-26,63.99,63.99,63.99,63.99,0
2025-05-27,63.99,63.99,63.99,63.99,4
2025-05-28,63.99,63.99,63.99,63.99,0
2025-05-29,63.99,63.99,63.99,63.99,0
2025-05-30,63.99,63.99,63.99,63.99,0
2025-06-02,63.99,63.99,63.99,63.99,0
2025-06-03,63.99,63.99,63.99,63.99,0
2025-06-04,63.99,63.99,59.58,59.58,1110
2025-06-05,59.58,59.58,59.58,59.58,0
2025-06-06,59.58,59.58,59.58,59.58,0
2025-06-09,59.58,59.58,59.58,59.58,0
2025-06-10,59.58,59.58,59.58,59.58,0
2025-06-11,59.58,59.58,59.58,59.58,0
2025-06-12,59.58,59.58,59.58,59.58,0
2025-06-13,59.58,59.58,59.58,59.58,1
2025-06-16,55.47,59.58,55.47,59.58,1700
2025-06-17,59.58,59.58,59.58,59.58,0
2025-06-18,59.58,59.58,59.58,59.58,16
2025-06-19,59.58,59.58,59.58,59.58,10
2025-06-20,59.58,59.58,59.58,59.58,0
2025-06-23,59.58,59.58,59.58,59.58,8
2025-06-24,59.58,59.58,59.58,59.58,0
2025-06-25,59.58,59.58,59.58,59.58,0
2025-06-26,59.58,59.58,59.58,59.58,0
2025-06-27,62.03,62.03,55.47,61.94,600
2025-06-30,61.94,61.94,61.94,61.94,0
2025-07-01,57.62,57.72,57.62,57.72,200
2025-07-02,57.72,59.58,57.72,59.58,400
2025-07-03,59.58,59.58,59.58,59.58,1
2025-07-04,59.58,59.58,59.58,59.58,155
2025-07-07,59.58,59.58,59.58,59.58,200
2025-07-08,59.58,59.58,59.58,59.58,0
2025-07-09,59.58,59.58,59.58,59.58,90
2025-07-10,59.58,59.58,59.58,59.58,0
2025-07-11,59.58,59.58,59.58,59.58,0
2025-07-14,59.58,59.58,59.58,59.58,56
2025-07-15,59.58,59.58,59.58,59.58,21
2025-07-16,59.58,59.58,59.58,59.58,0
2025-07-17,59.58,59.58,59.58,59.58,0
2025-07-18,59.58,59.58,59.58,59.58,0
2025-07-21,59.58,59.58,59.58,59.58,0
2025-07-22,59.58,59.58,59.58,59.58,1
2025-07-23,58.8,58.8,58.8,58.8,125
2025-07-24,58.8,58.8,58.8,58.8,0
2025-07-25,58.8,58.8,58.8,58.8,0
2025-07-28,58.8,58.8,58.8,58.8,0
2025-07-29,58.8,58.8,58.8,58.8,0
2025-07-30,58.8,58.8,58.8,58.8,0
2025-07-31,58.8,58.8,58.8,58.8,0
2025-08-01,58.8,58.8,58.8,58.8,0
2025-08-04,59.78,59.78,59.78,59.78,100
2025-08-05,59.78,59.78,59.78,59.78,0
2025-08-06,59.78,59.78,59.78,59.78,0
2025-08-07,59.78,59.78,59.78,59.78,1
2025-08-08,59.78,59.78,59.78,59.78,300
2025-08-11,60.27,60.27,60.27,60.27,100
2025-08-12,60.27,60.27,60.27,60.27,0
2025-08-13,60.27,60.27,60.27,60.27,31
2025-08-14,60.27,60.27,60.27,60.27,50
2025-08-15,60.27,60.27,60.27,60.27,1
2025-08-18,60.27,60.27,60.27,60.27,0
2025-08-19,58.7,58.7,58.7,58.7,320
2025-08-20,58.8,58.8,58.8,58.8,150
2025-08-21,58.8,58.8,58.8,58.8,300
2025-08-22,58.8,58.8,58.8,58.8,0
2025-08-25,58.8,58.8,58.8,58.8,0
2025-08-26,58.8,58.8,58.8,58.8,0
2025-08-27,58.8,58.8,58.8,58.8,1
2025-08-28,58.8,58.8,58.8,58.8,0
2025-08-29,58.8,58.8,58.8,58.8,0
2025-09-03,58.8,58.8,58.8,58.8,0
2025-09-04,58.8,58.8,58.8,58.8,0
2025-09-05,58.8,58.8,58.8,58.8,0
2025-09-08,58.8,58.8,58.8,58.8,0
2025-09-09,58.8,58.8,58.8,58.8,0
2025-09-10,62.5,62.5,62.2,62.3,3000
2025-09-12,62.3,62.3,62.3,62.3,200
2025-09-25,58.0,62.3,58.0,62.3,1300
2025-10-15,63.0,63.0,63.0,63.0,400
