time,open,high,low,close,volume
2006-12-14,23.32,23.32,23.32,23.32,200
2006-12-15,23.32,23.32,23.32,23.32,0
2006-12-18,23.32,23.32,23.32,23.32,0
2006-12-19,23.58,23.58,23.58,23.32,800
2006-12-20,23.53,23.53,23.53,23.53,100
2006-12-21,24.36,24.36,24.36,24.36,100
2006-12-22,24.36,24.36,24.36,24.36,0
2006-12-25,24.36,24.36,24.36,24.36,0
2006-12-26,24.36,24.36,24.36,24.36,0
2006-12-27,23.84,23.84,23.84,23.84,600
2006-12-28,23.84,23.84,23.84,23.84,0
2006-12-29,23.84,23.84,23.84,23.84,0
2007-01-02,21.77,21.77,21.77,23.84,1000
2007-01-03,21.51,21.51,21.51,21.51,500
2007-01-04,21.51,21.51,21.51,21.51,0
2007-01-05,21.51,21.51,21.51,21.51,0
2007-01-08,21.51,21.51,21.51,21.51,100
2007-01-09,21.77,21.77,21.77,21.77,100
2007-01-10,21.77,21.77,21.77,21.77,1500
2007-01-11,22.29,22.29,20.73,20.73,800
2007-01-12,20.73,20.73,20.73,20.73,0
2007-01-15,20.73,20.73,20.73,20.73,0
2007-01-16,20.21,20.21,20.21,20.21,200
2007-01-17,20.73,20.73,20.73,20.73,300
2007-01-18,21.25,21.25,20.73,20.73,900
2007-01-19,20.21,20.21,20.21,20.21,200
2007-01-22,20.21,20.21,20.21,20.21,0
2007-01-23,20.21,20.21,20.21,20.21,0
2007-01-24,18.66,18.66,18.66,18.66,500
2007-01-25,20.47,20.52,18.66,18.66,2500
2007-01-26,20.21,20.21,18.66,18.66,1800
2007-01-29,18.66,18.66,18.66,18.66,0
2007-01-30,18.66,18.66,18.66,18.66,0
2007-01-31,19.18,19.18,19.18,19.18,900
2007-02-01,21.09,21.09,19.69,19.69,4000
2007-02-02,20.73,20.73,20.73,20.73,500
2007-02-05,21.77,22.29,21.77,22.29,900
2007-02-06,24.25,24.25,24.25,24.25,4300
2007-02-07,26.64,26.64,26.64,26.64,11100
2007-02-08,27.83,27.83,27.83,27.83,3500
2007-02-09,30.58,30.58,27.83,30.06,8900
2007-02-12,29.54,32.91,29.02,29.54,5900
2007-02-13,29.54,29.54,29.07,29.54,2200
2007-02-14,29.39,29.39,29.39,29.39,300
2007-02-15,29.39,29.39,29.39,29.39,2500
2007-02-26,29.02,31.1,29.02,31.1,5500
2007-02-27,32.39,33.07,32.39,33.07,5300
2007-02-28,36.23,36.23,29.7,35.76,7000
2007-03-01,34.72,34.72,34.21,34.21,9600
2007-03-02,33.69,37.73,33.17,34.21,9700
2007-03-05,36.02,36.02,33.69,35.76,10400
2007-03-06,36.8,38.04,36.8,37.32,9200
2007-03-07,35.76,39.91,35.76,37.83,7700
2007-03-08,40.63,40.63,38.87,40.63,8600
2007-03-09,44.36,44.36,42.5,42.5,11900
2007-03-12,42.5,43.28,40.42,41.98,12100
2007-03-13,42.5,44.83,40.94,44.83,15500
2007-03-14,46.64,46.8,41.98,44.83,21600
2007-03-15,45.61,50.38,45.61,50.38,19800
2007-03-16,53.95,53.95,50.53,53.95,8200
2007-03-19,58.05,58.05,57.01,58.05,20800
2007-03-20,62.19,63.85,52.24,58.3,22500
2007-03-21,59.08,59.08,54.94,58.56,12000
2007-03-22,58.05,58.05,54.94,55.97,2200
2007-03-23,55.45,55.97,54.42,54.42,3100
2007-03-26,60.64,60.64,57.01,54.42,15200
2007-03-27,66.49,66.49,59.08,54.42,13600
2007-03-28,66.49,68.41,60.64,62.19,3900
2007-03-29,62.19,67.37,59.6,62.19,8200
2007-03-30,67.37,67.37,65.15,62.19,10200
2007-04-02,66.86,66.86,64.78,64.78,2400
2007-04-03,43.48,43.48,39.54,39.6,800
2007-04-04,40.53,42.5,40.53,42.5,1200
2007-04-05,43.79,44.05,41.46,42.5,2400
2007-04-06,42.5,42.5,40.42,42.5,2400
2007-04-09,42.24,42.24,40.89,40.89,800
2007-04-10,38.87,38.87,37.52,38.09,1500
2007-04-11,36.28,37.06,35.76,35.76,2400
2007-04-12,33.69,33.69,32.65,32.65,1700
2007-04-13,31.1,31.1,29.7,29.7,900
2007-04-16,27.16,27.16,27.16,27.16,200
2007-04-17,24.46,24.62,24.46,24.46,2600
2007-04-18,22.29,22.54,22.03,22.54,1400
2007-04-19,24.51,24.51,24.51,24.51,500
2007-04-20,26.95,26.95,26.95,26.95,3200
2007-04-23,28.3,28.3,26.95,26.95,1100
2007-04-24,27.16,28.56,27.05,28.56,1400
2007-04-25,27.99,28.5,26.95,28.5,1100
2007-05-02,27.73,27.73,26.95,27.73,1000
2007-05-03,26.43,26.95,26.43,26.95,2300
2007-05-04,25.97,26.43,25.97,26.43,1100
2007-05-07,25.91,26.64,25.91,26.64,4400
2007-05-08,26.95,27.47,26.79,27.21,4200
2007-05-09,26.95,26.95,25.91,25.91,800
2007-05-10,27.21,29.07,27.21,28.5,1100
2007-05-11,28.4,28.4,26.17,26.17,800
2007-05-14,25.91,27.21,25.91,27.21,1900
2007-05-15,27.0,27.0,25.91,25.91,1500
2007-05-16,26.02,26.02,25.91,25.91,1700
2007-05-17,25.91,25.91,25.91,25.91,0
2007-05-18,24.88,24.88,24.88,24.88,200
2007-05-21,24.88,24.88,24.88,24.88,500
2007-05-22,24.88,26.64,24.88,26.59,2000
2007-05-23,25.4,27.93,25.4,27.47,4300
2007-05-24,27.47,27.99,25.91,25.91,700
2007-05-25,25.91,27.47,25.91,27.47,2000
2007-05-28,27.47,27.47,27.16,27.16,800
2007-05-29,26.95,26.95,26.95,26.95,1100
2007-05-30,26.95,26.95,26.95,26.95,0
2007-05-31,25.91,25.91,25.91,25.91,2000
2007-06-01,25.91,25.91,25.91,25.91,200
2007-06-04,23.32,26.02,23.32,25.91,600
2007-06-05,25.91,25.91,23.89,23.89,500
2007-06-06,26.43,26.69,26.43,26.43,1400
2007-06-07,26.38,26.43,25.65,25.65,1200
2007-06-08,25.91,26.17,25.91,26.02,800
2007-06-11,26.02,26.02,26.02,26.02,0
2007-06-12,25.91,25.91,24.62,24.62,500
2007-06-13,23.84,23.84,23.84,23.84,100
2007-06-14,24.88,24.88,24.88,24.88,800
2007-06-15,25.65,25.65,24.88,24.88,900
2007-06-18,25.4,25.91,25.4,25.91,2000
2007-06-19,25.91,25.91,25.86,25.86,1700
2007-06-20,25.86,25.86,25.86,25.86,0
2007-06-21,24.93,25.4,24.93,25.4,600
2007-06-22,25.29,25.29,25.29,25.29,600
2007-06-25,25.86,25.86,25.86,25.86,100
2007-06-26,25.86,25.86,25.86,25.86,0
2007-06-27,25.4,25.4,25.4,25.14,200
2007-06-28,25.14,25.14,25.14,25.14,400
2007-06-29,24.88,24.88,24.88,24.88,300
2007-07-02,24.88,24.88,24.88,24.88,100
2007-07-03,23.32,23.32,23.32,23.32,200
2007-07-04,21.25,23.32,21.25,23.06,1000
2007-07-05,22.8,23.32,22.8,23.32,200
2007-07-06,23.32,23.06,23.06,23.06,0
2007-07-09,23.32,23.06,23.06,23.06,0
2007-07-10,22.8,22.8,22.8,22.8,400
2007-07-11,23.32,24.36,23.32,24.36,400
2007-07-12,24.36,24.36,24.36,24.51,100
2007-07-13,24.88,24.88,24.88,24.88,400
2007-07-16,24.88,24.88,24.88,24.88,0
2007-07-17,23.84,23.84,23.84,23.58,100
2007-07-18,23.84,23.84,23.84,24.05,100
2007-07-19,23.32,23.32,23.32,23.32,300
2007-07-20,24.88,24.88,24.88,24.62,200
2007-07-23,24.88,24.88,24.88,24.88,300
2007-07-24,23.84,23.84,23.84,23.84,800
2007-07-25,23.84,23.84,23.84,23.84,2000
2007-07-26,23.84,23.84,23.84,23.58,100
2007-07-27,22.8,22.8,22.8,22.8,600
2007-07-30,22.8,22.8,20.73,20.73,600
2007-07-31,20.73,20.73,20.73,20.73,300
2007-08-01,20.73,20.73,20.21,20.21,1000
2007-08-02,19.18,20.73,19.18,20.47,800
2007-08-03,19.18,19.18,19.18,18.92,300
2007-08-06,18.14,18.14,17.62,18.14,600
2007-08-07,17.1,17.1,16.58,17.1,600
2007-08-08,17.1,17.1,17.1,17.1,2400
2007-08-09,18.14,18.66,18.14,18.4,300
2007-08-10,18.66,19.18,18.66,18.55,1200
2007-08-13,18.66,18.66,18.66,18.71,1200
2007-08-14,18.66,19.18,18.66,18.92,4400
2007-08-15,18.66,18.66,18.66,18.55,700
2007-08-16,18.66,19.18,18.66,18.92,3100
2007-08-17,19.18,19.18,18.66,18.76,1500
2007-08-20,19.18,19.18,18.66,18.76,4200
2007-08-21,18.66,18.66,18.14,18.14,3100
2007-08-22,18.66,18.66,18.66,18.4,600
2007-08-23,18.14,18.14,18.14,18.24,900
2007-08-24,18.14,18.24,18.24,18.24,0
2007-08-27,19.69,19.69,18.14,18.14,300
2007-08-28,18.66,18.55,18.55,18.55,0
2007-08-29,18.14,18.14,18.14,18.14,1900
2007-08-30,18.14,18.14,18.14,18.14,0
2007-08-31,18.14,18.14,18.14,17.88,400
2007-09-04,18.14,17.88,17.88,17.88,0
2007-09-05,18.14,17.88,17.88,17.88,0
2007-09-06,18.14,18.14,18.14,18.14,500
2007-09-07,18.66,18.66,18.66,18.45,1400
2007-09-10,18.81,18.86,18.76,18.76,1900
2007-09-11,19.18,19.18,19.18,19.07,2300
2007-09-12,18.92,19.69,18.92,19.69,1700
2007-09-13,19.69,19.75,19.69,19.75,1100
2007-09-14,19.75,19.75,19.75,19.75,0
2007-09-17,19.18,19.18,19.18,19.18,700
2007-09-18,19.54,19.54,19.18,19.23,2200
2007-09-19,19.43,19.54,19.23,19.23,900
2007-09-20,20.21,20.21,20.21,20.21,300
2007-09-21,20.73,21.25,20.73,20.83,1500
2007-09-24,20.99,21.25,20.99,21.25,1400
2007-09-25,20.99,21.77,20.99,21.77,1800
2007-09-26,22.29,22.8,22.29,22.8,4400
2007-09-27,23.43,23.84,23.43,23.84,3500
2007-09-28,24.88,25.97,24.88,25.97,2100
2007-10-01,27.99,28.14,27.99,28.14,4100
2007-10-02,30.94,30.94,27.99,29.96,4000
2007-10-03,29.02,29.02,27.21,29.02,3500
2007-10-04,28.87,29.54,28.56,28.56,3700
2007-10-05,31.67,31.67,27.47,27.47,3600
2007-10-08,27.88,27.88,26.43,26.95,5500
2007-10-09,26.95,26.95,26.43,26.95,7500
2007-10-10,25.91,27.21,25.91,27.21,5500
2007-10-11,26.69,27.47,24.72,27.47,17500
2007-10-12,27.99,28.25,26.95,27.21,19700
2007-10-15,29.9,29.9,27.47,29.9,13200
2007-10-16,32.34,32.34,32.34,32.34,9400
2007-10-17,35.55,35.55,35.55,35.55,24200
2007-10-18,39.08,39.08,33.69,34.15,9200
2007-10-19,34.21,34.98,31.51,34.98,19700
2007-10-22,36.28,36.64,33.95,35.24,12300
2007-10-23,36.28,36.8,33.69,34.72,20900
2007-10-24,34.72,35.24,33.43,34.78,12600
2007-10-25,35.76,36.28,34.98,35.55,19500
2007-10-26,37.32,38.09,36.28,38.09,42400
2007-10-29,38.87,40.94,38.46,40.94,29400
2007-10-30,44.62,44.62,37.32,40.94,29400
2007-10-31,39.91,40.94,36.28,38.87,10500
2007-11-01,37.32,38.87,37.32,37.83,10600
2007-11-02,38.87,40.94,38.35,38.35,11100
2007-11-05,37.57,37.57,35.24,36.28,10000
2007-11-06,34.72,37.06,34.72,37.06,10700
2007-11-07,36.28,37.83,36.28,37.06,13400
2007-11-08,37.32,37.78,36.8,36.8,7800
2007-11-09,35.86,35.86,33.69,35.66,3000
2007-11-12,35.24,35.24,35.24,35.24,100
2007-11-13,32.13,32.13,31.72,31.72,2100
2007-11-14,31.82,34.98,29.02,34.98,8300
2007-11-15,36.59,36.59,31.36,32.39,1900
2007-11-16,32.08,32.65,30.32,31.87,1500
2007-11-19,31.36,31.36,31.1,31.15,5100
2007-11-20,32.13,32.13,30.32,31.1,6200
2007-11-21,30.84,30.84,29.9,30.58,2600
2007-11-22,30.84,31.1,30.78,30.78,3200
2007-11-23,31.1,31.1,29.85,29.85,4600
2007-11-26,30.78,30.78,30.68,30.73,1400
2007-11-27,33.17,33.17,30.37,30.37,1700
2007-11-28,30.32,31.1,30.32,30.58,2500
2007-11-29,30.58,32.13,30.58,32.13,2700
2007-11-30,31.41,31.61,31.36,31.36,4000
2007-12-03,31.56,34.52,31.56,34.52,13000
2007-12-04,36.64,36.64,36.64,36.64,14500
2007-12-05,39.85,39.85,36.28,37.57,9000
2007-12-06,37.83,37.83,35.76,36.28,14400
2007-12-07,34.21,36.28,34.21,36.28,9000
2007-12-10,35.6,35.6,34.21,34.21,5300
2007-12-11,33.69,33.69,31.61,33.58,3800
2007-12-12,32.65,35.66,32.6,35.14,4000
2007-12-13,33.69,33.69,33.22,33.22,1900
2007-12-14,33.17,33.48,32.65,33.48,2500
2007-12-17,33.27,33.69,33.12,33.12,2900
2007-12-18,34.21,34.21,33.43,33.48,2500
2007-12-19,35.76,35.76,33.69,33.69,6400
2007-12-20,33.69,33.69,33.07,33.12,4500
2007-12-21,33.69,33.69,33.69,33.12,2500
2007-12-24,32.65,34.72,32.65,33.89,18200
2007-12-25,33.43,33.69,32.65,32.65,25800
2007-12-26,32.5,32.65,31.61,32.13,43500
2007-12-27,25.4,25.4,23.84,24.25,30900
2007-12-28,25.14,25.14,23.37,23.68,5800
2008-01-02,25.4,25.4,24.88,24.88,700
2008-01-03,23.37,23.58,23.32,23.32,2900
2008-01-04,25.34,25.34,22.34,22.34,900
2008-01-07,22.8,22.8,22.03,22.03,3000
2008-01-08,24.36,24.36,21.77,21.77,700
2008-01-09,21.77,21.77,20.73,20.73,2500
2008-01-10,20.47,20.47,20.47,20.47,1000
2008-01-11,20.73,21.77,20.73,20.99,4900
2008-01-14,19.69,19.75,19.43,19.43,5200
2008-01-15,17.88,17.88,17.62,17.62,3800
2008-01-16,19.38,19.38,19.28,19.38,4400
2008-01-17,19.69,21.25,17.67,19.38,4300
2008-01-18,19.95,21.77,19.95,20.73,4300
2008-01-21,19.69,20.73,19.69,20.21,2200
2008-01-22,19.18,19.69,19.18,19.69,8000
2008-01-23,19.18,19.18,17.72,18.14,3000
2008-01-24,18.29,20.06,17.62,17.62,15600
2008-01-25,19.64,19.64,17.1,18.14,4700
2008-01-28,18.14,19.59,18.14,19.12,2900
2008-01-29,19.9,19.9,19.18,19.69,6700
2008-01-30,21.2,21.46,21.2,21.46,7200
2008-01-31,23.22,23.27,20.21,22.54,4900
2008-02-01,23.89,23.89,22.8,22.8,5600
2008-02-12,25.34,25.34,21.25,21.25,1600
2008-02-13,25.55,25.55,21.25,21.77,3500
2008-02-14,22.23,23.27,21.51,22.18,2600
2008-02-15,21.25,21.25,20.21,20.99,6300
2008-02-18,21.2,21.2,19.18,19.69,7000
2008-02-19,20.63,20.63,18.14,18.14,4700
2008-02-20,18.71,18.71,17.1,17.1,4600
2008-02-21,19.95,19.95,16.33,16.33,9600
2008-02-22,15.55,16.58,14.93,16.58,4500
2008-02-25,17.21,17.21,17.21,17.21,1300
2008-02-26,17.62,18.92,15.65,15.81,9500
2008-02-27,18.14,18.14,17.88,18.14,2200
2008-02-28,17.62,17.62,17.31,17.36,2400
2008-02-29,17.1,17.1,16.58,16.58,400
2008-03-03,15.81,17.1,15.08,15.08,3000
2008-03-04,14.25,14.25,13.99,13.99,5400
2008-03-05,12.65,12.96,12.65,12.96,4500
2008-03-06,12.44,13.94,12.44,13.94,600
2008-03-07,14.72,14.72,14.72,14.72,2500
2008-03-10,16.17,16.17,15.03,15.81,16200
2008-03-11,15.55,15.55,15.03,15.03,2600
2008-03-12,15.55,16.33,15.55,15.55,2300
2008-03-13,15.55,15.55,15.55,15.55,0
2008-03-14,15.86,15.86,14.41,14.51,2800
2008-03-17,13.53,13.53,13.47,13.47,1000
2008-03-18,12.23,12.44,12.18,12.18,16300
2008-03-19,13.32,13.37,12.18,12.18,1900
2008-03-20,13.47,13.47,12.7,12.7,1200
2008-03-21,12.96,12.96,11.82,11.92,6300
2008-03-24,10.88,11.25,10.83,11.25,2900
2008-03-25,11.87,11.87,9.85,9.85,5900
2008-03-26,10.88,11.25,10.37,11.25,2400
2008-03-27,11.3,11.3,11.3,11.3,100
2008-03-28,11.51,11.51,11.51,11.51,100
2008-03-31,11.71,11.71,11.71,11.71,2400
2008-04-01,11.92,11.92,11.92,11.92,1300
2008-04-02,12.13,12.13,12.13,12.13,1300
2008-04-03,12.33,12.33,12.33,12.33,100
2008-04-04,12.54,12.54,12.54,12.54,100
2008-04-07,12.9,12.9,12.9,12.9,3000
2008-04-08,13.27,13.27,12.54,12.59,12800
2008-04-09,12.96,12.96,12.59,12.59,1700
2008-04-10,12.49,12.49,12.49,12.49,600
2008-04-11,12.49,12.49,12.49,12.49,0
2008-04-16,12.13,12.13,12.13,12.13,900
2008-04-17,11.92,12.44,11.76,12.44,7100
2008-04-18,12.13,12.13,11.76,11.76,900
2008-04-21,11.51,11.51,11.51,11.51,1000
2008-04-22,11.82,11.82,11.19,11.19,1200
2008-04-23,11.66,11.66,11.04,11.04,400
2008-04-24,11.82,11.82,11.19,11.19,700
2008-04-25,11.76,11.76,11.14,11.14,2500
2008-04-28,11.4,11.4,10.88,11.04,2500
2008-04-29,11.35,11.35,10.73,10.73,2000
2008-05-05,11.19,11.19,10.57,10.57,700
2008-05-06,10.57,10.57,10.57,10.57,0
2008-05-07,11.35,11.35,10.73,10.73,1400
2008-05-08,11.25,11.25,10.62,10.62,600
2008-05-09,11.45,11.45,10.83,10.83,1900
2008-05-12,10.68,10.68,10.68,10.68,100
2008-05-13,10.37,10.37,10.37,10.37,500
2008-05-14,10.68,10.68,10.05,10.05,600
2008-05-15,10.05,10.05,10.05,10.05,300
2008-05-16,9.8,9.8,9.8,9.8,100
2008-05-19,9.54,9.54,9.54,9.54,100
2008-05-20,9.8,9.8,9.8,9.8,200
2008-05-21,10.05,10.05,10.05,10.05,200
2008-05-22,10.05,10.05,10.05,10.05,0
2008-05-23,10.31,10.31,9.8,9.8,200
2008-05-26,9.8,9.8,9.8,9.8,0
2008-05-27,9.8,9.8,9.8,9.8,0
2008-05-28,9.8,9.8,9.8,9.8,1000
2008-05-29,9.8,9.8,9.8,9.8,0
2008-05-30,9.8,9.8,9.8,9.8,0
2008-06-02,9.8,9.8,9.8,9.8,0
2008-06-03,9.8,9.8,9.8,9.8,0
2008-06-04,9.54,9.54,9.54,9.54,1000
2008-06-05,9.54,9.54,9.54,9.54,0
2008-06-06,9.54,9.54,9.54,9.54,0
2008-06-09,9.54,9.54,9.54,9.54,0
2008-06-10,9.54,9.54,9.54,9.54,0
2008-06-11,9.28,9.28,9.28,9.28,100
2008-06-12,9.02,9.02,9.02,9.02,1100
2008-06-13,8.76,8.76,8.76,8.76,600
2008-06-16,8.5,9.02,8.5,9.02,55500
2008-06-17,9.02,9.02,8.97,9.02,25200
2008-06-18,9.28,9.28,9.28,9.28,9500
2008-06-19,9.28,9.28,9.28,9.28,0
2008-06-20,8.91,8.91,8.91,8.91,200
2008-06-23,8.6,8.6,8.6,8.6,7000
2008-06-24,8.29,8.29,8.29,8.29,600
2008-06-25,7.98,7.98,7.98,7.98,2200
2008-06-26,7.67,7.67,7.67,7.67,7500
2008-06-27,7.67,7.67,7.67,7.67,0
2008-06-30,7.41,7.41,7.41,7.41,100
2008-07-01,7.15,7.67,7.15,7.41,24800
2008-07-02,7.67,7.67,7.15,7.41,17300
2008-07-03,7.67,7.77,7.62,7.77,13800
2008-07-04,7.51,7.98,7.51,7.98,13900
2008-07-07,8.29,8.29,7.67,7.67,15500
2008-07-08,7.67,7.67,7.67,7.67,200
2008-07-09,7.41,7.57,7.41,7.46,12200
2008-07-10,7.2,7.51,7.2,7.2,35900
2008-07-11,7.05,7.57,7.05,7.57,22700
2008-07-14,7.72,7.77,7.72,7.77,5600
2008-07-15,8.08,8.08,8.08,8.08,2800
2008-07-16,8.4,8.4,7.77,8.08,35200
2008-07-17,8.19,8.5,8.19,8.5,29000
2008-07-18,8.76,8.76,8.19,8.19,7700
2008-07-21,7.93,7.93,7.93,7.93,500
2008-07-22,7.62,7.62,7.62,7.62,200
2008-07-23,7.36,7.36,7.36,7.36,2700
2008-07-24,7.1,7.1,7.1,7.1,2100
2008-07-25,6.84,6.84,6.84,6.84,2200
2008-07-28,6.58,7.0,6.58,7.0,17900
2008-07-29,6.79,6.79,6.37,6.63,5900
2008-07-30,6.63,6.89,6.48,6.48,13900
2008-07-31,6.37,6.53,6.37,6.48,4800
2008-08-01,6.48,6.48,6.22,6.43,7000
2008-08-04,6.17,6.22,6.17,6.17,2300
2008-08-05,5.96,6.01,5.96,5.96,4300
2008-08-06,5.75,6.17,5.75,6.17,3100
2008-08-07,6.17,6.17,6.17,6.17,4000
2008-08-08,6.22,6.22,5.96,6.17,1600
2008-08-11,6.32,6.32,6.32,6.32,1100
2008-08-12,6.53,6.53,6.53,6.53,5200
2008-08-13,6.27,6.32,6.27,6.27,1900
2008-08-14,6.43,6.48,6.37,6.48,10900
2008-08-15,6.74,6.74,6.74,6.74,200
2008-08-18,7.2,7.2,7.15,7.2,12900
2008-08-19,7.62,7.62,6.74,6.74,3200
2008-08-20,6.32,6.37,6.32,6.32,7500
2008-08-21,5.96,6.74,5.91,6.74,11500
2008-08-22,7.0,7.0,6.48,7.0,12500
2008-08-25,7.15,7.26,7.15,7.26,24400
2008-08-26,7.72,7.72,7.67,7.72,4700
2008-08-27,8.19,8.24,7.72,7.77,14700
2008-08-28,7.77,8.03,7.62,8.03,16900
2008-08-29,7.15,7.41,7.15,7.15,3200
2008-09-03,7.77,7.77,7.77,7.77,8900
2008-09-04,8.29,8.29,7.36,8.08,11100
2008-09-05,8.55,8.6,7.77,8.6,48500
2008-09-08,9.12,9.12,8.29,8.76,19800
2008-09-09,9.23,9.33,8.76,9.07,18300
2008-09-10,9.07,9.07,8.71,8.76,8500
2008-09-11,8.55,8.55,8.24,8.24,11900
2008-09-12,7.72,8.19,7.72,7.72,21400
2008-09-15,7.31,8.29,7.26,7.57,13500
2008-09-16,7.36,7.36,7.2,7.2,11900
2008-09-17,6.79,6.79,6.79,6.79,9600
2008-09-18,6.32,6.32,6.32,6.32,10500
2008-09-19,6.74,6.74,6.74,6.74,1900
2008-09-22,7.2,7.2,7.2,7.2,1000
2008-09-23,7.67,7.67,7.51,7.57,4800
2008-09-24,7.1,7.62,7.1,7.51,1800
2008-09-25,7.41,7.41,7.41,7.41,700
2008-09-26,7.26,7.41,7.26,7.26,7500
2008-09-29,7.31,7.51,7.31,7.31,1400
2008-09-30,6.89,6.89,6.89,6.89,300
2008-10-01,6.63,6.63,6.53,6.53,2200
2008-10-02,6.74,7.0,6.63,7.0,3400
2008-10-03,7.26,7.26,7.26,7.26,100
2008-10-06,6.79,6.79,6.79,6.79,2100
2008-10-07,6.32,7.26,6.32,7.26,9800
2008-10-08,6.22,6.32,6.22,6.32,800
2008-10-09,6.27,6.48,6.27,6.32,1400
2008-10-10,6.06,6.06,5.96,5.96,7500
2008-10-13,6.43,6.43,6.43,6.43,100
2008-10-14,6.84,6.84,6.84,6.84,45400
2008-10-15,7.15,7.26,6.94,7.26,6200
2008-10-16,7.15,7.15,6.74,6.74,600
2008-10-17,6.48,7.26,6.48,7.0,1300
2008-10-20,6.53,6.74,6.37,6.37,6200
2008-10-21,6.22,6.22,6.06,6.06,7500
2008-10-22,6.58,6.58,6.22,6.58,2000
2008-10-23,6.17,6.22,6.12,6.22,10300
2008-10-24,5.96,6.22,5.96,6.22,1300
2008-10-27,5.7,5.75,5.7,5.7,7000
2008-10-28,5.65,5.65,5.65,5.65,2000
2008-10-29,6.01,6.01,5.7,6.01,3000
2008-10-30,6.12,6.12,5.7,6.12,2400
2008-10-31,6.22,6.22,6.22,6.22,1300
2008-11-03,6.01,6.63,5.91,6.01,2300
2008-11-04,6.48,6.48,6.06,6.22,6400
2008-11-05,6.53,6.53,6.22,6.53,7000
2008-11-06,6.06,6.17,6.06,6.17,1100
2008-11-07,6.12,6.12,5.75,5.75,2000
2008-11-10,6.17,6.17,5.55,5.55,9500
2008-11-11,6.12,6.12,5.75,5.75,6200
2008-11-12,6.22,6.22,6.17,6.17,1500
2008-11-13,5.75,5.8,5.75,5.8,2500
2008-11-14,6.17,6.17,5.8,6.06,3500
2008-11-17,5.86,5.86,5.55,5.55,1900
2008-11-18,5.8,5.8,5.8,5.8,300
2008-11-19,6.17,6.17,6.17,6.17,5000
2008-11-20,5.8,5.8,5.75,5.75,7600
2008-11-21,5.7,6.12,5.7,6.12,5000
2008-11-24,6.12,6.12,5.96,6.12,16300
2008-11-25,6.22,6.22,5.96,6.22,2400
2008-11-26,6.01,6.22,6.01,6.06,19200
2008-11-27,6.32,6.32,6.12,6.12,6300
2008-11-28,6.32,6.48,6.22,6.48,9500
2008-12-01,6.32,6.32,5.91,6.22,8000
2008-12-02,6.06,6.17,5.8,6.12,5800
2008-12-03,5.03,5.13,5.03,5.03,1300
2008-12-04,5.29,5.34,5.29,5.34,800
2008-12-05,5.49,5.49,5.49,5.49,100
2008-12-08,5.18,5.29,5.18,5.23,4000
2008-12-09,5.55,5.6,5.55,5.55,500
2008-12-10,5.44,5.44,5.29,5.29,900
2008-12-11,5.18,5.39,5.18,5.39,200
2008-12-12,5.34,5.34,4.98,4.98,3100
2008-12-15,4.77,5.18,4.77,5.13,800
2008-12-16,5.18,5.18,5.18,5.18,500
2008-12-17,5.18,5.18,5.18,5.18,300
2008-12-18,4.87,4.87,4.87,4.87,1500
2008-12-19,4.87,4.87,4.87,4.87,200
2008-12-22,4.77,4.82,4.61,4.82,2100
2008-12-23,4.66,4.66,4.56,4.56,1000
2008-12-24,4.3,4.56,4.3,4.35,1800
2008-12-25,4.15,4.41,4.15,4.41,200
2008-12-26,4.04,4.56,4.04,4.41,700
2008-12-29,4.61,4.61,4.41,4.61,2500
2008-12-30,4.66,4.87,4.66,4.87,800
2008-12-31,5.13,5.13,5.08,5.08,3500
2009-01-02,5.08,5.08,5.08,5.08,4200
2009-01-05,5.08,5.08,5.08,5.08,1000
2009-01-06,5.08,5.08,4.82,4.82,2900
2009-01-07,5.18,5.29,5.18,5.18,4900
2009-01-08,4.98,5.29,4.98,5.29,800
2009-01-09,5.39,5.39,5.34,5.39,2800
2009-01-12,5.44,5.44,5.44,5.44,500
2009-01-13,5.18,5.44,5.18,5.44,1100
2009-01-14,5.44,5.49,5.44,5.49,4800
2009-01-15,5.44,5.44,5.44,5.44,3300
2009-01-16,5.44,5.55,5.44,5.55,7400
2009-01-19,5.44,5.44,5.44,5.44,1300
2009-01-20,5.44,5.44,5.29,5.29,2100
2009-01-21,5.44,5.44,5.44,5.44,2000
2009-01-22,5.29,5.29,5.29,5.29,1500
2009-01-23,5.49,5.49,5.49,5.49,500
2009-02-02,5.49,5.49,5.49,5.49,0
2009-02-03,5.34,5.34,5.29,5.29,1800
2009-02-04,5.34,5.34,5.34,5.34,100
2009-02-05,5.29,5.34,5.29,5.34,2200
2009-02-06,5.13,5.13,4.98,4.98,500
2009-02-09,5.18,5.29,5.18,5.29,600
2009-02-10,5.29,5.29,5.29,5.29,0
2009-02-11,5.29,5.34,5.29,5.34,2300
2009-02-12,5.34,5.34,5.34,5.34,1500
2009-02-13,5.23,5.39,5.23,5.39,16200
2009-02-16,5.39,5.39,5.29,5.29,1100
2009-02-17,5.44,5.44,5.44,5.44,100
2009-02-18,5.44,5.44,5.44,5.44,0
2009-02-19,5.29,5.29,5.29,5.29,3100
2009-02-20,5.18,5.18,5.18,5.18,2500
2009-02-23,5.39,5.39,4.87,4.87,3800
2009-02-24,5.08,5.18,4.98,4.98,2600
2009-02-25,5.23,5.23,5.08,5.08,500
2009-02-26,5.18,5.18,5.08,5.08,4200
2009-02-27,4.92,4.92,4.92,4.92,500
2009-03-02,5.18,5.18,5.18,5.18,1000
2009-03-03,5.29,5.29,4.92,4.92,5500
2009-03-04,4.92,4.92,4.92,4.92,0
2009-03-05,5.39,5.55,5.39,5.55,2500
2009-03-06,5.7,5.7,5.34,5.34,1100
2009-03-09,5.23,5.23,5.08,5.23,2800
2009-03-10,5.44,5.44,5.23,5.23,200
2009-03-11,5.49,5.65,5.49,5.55,1500
2009-03-12,5.18,5.18,5.18,5.18,800
2009-03-13,5.44,5.44,5.39,5.44,1100
2009-03-16,5.49,5.49,5.34,5.49,7300
2009-03-17,5.65,5.8,5.65,5.8,8200
2009-03-18,6.06,6.12,6.01,6.12,6100
2009-03-19,6.43,6.43,6.06,6.17,10100
2009-03-20,6.22,6.48,6.22,6.22,2300
2009-03-23,5.96,6.27,5.96,6.12,1600
2009-03-24,6.48,6.48,5.8,6.06,7900
2009-03-25,6.32,6.32,6.12,6.22,2700
2009-03-26,6.22,6.27,6.12,6.27,5500
2009-03-27,6.48,6.53,6.43,6.43,10200
2009-03-30,6.37,6.37,6.22,6.22,2900
2009-03-31,6.22,6.37,6.22,6.37,2200
2009-04-01,6.53,6.53,6.48,6.53,11200
2009-04-02,6.69,6.69,6.58,6.58,1700
2009-04-03,6.74,6.74,6.48,6.69,13500
2009-04-07,6.69,6.74,6.69,6.69,4100
2009-04-08,6.27,6.32,6.22,6.27,1600
2009-04-09,6.53,6.63,6.32,6.48,2200
2009-04-10,6.79,6.89,6.74,6.84,13800
2009-04-13,7.2,7.26,7.2,7.26,22600
2009-04-14,7.72,7.72,7.31,7.36,5000
2009-04-15,7.26,7.26,7.0,7.0,2800
2009-04-16,7.26,7.26,7.0,7.0,4600
2009-04-17,6.79,6.79,6.63,6.63,8500
2009-04-20,6.22,6.22,6.22,6.22,2700
2009-04-21,5.96,6.22,5.8,6.22,2500
2009-04-22,6.43,6.43,6.43,6.43,1500
2009-04-23,6.69,6.69,6.69,6.69,200
2009-04-24,6.74,6.74,6.22,6.22,3200
2009-04-27,6.32,6.63,6.32,6.48,600
2009-04-28,6.06,6.06,6.06,6.06,800
2009-04-29,6.06,6.48,6.06,6.48,3200
2009-05-04,6.69,6.69,6.69,6.69,7000
2009-05-05,7.15,7.15,6.63,6.63,4300
2009-05-06,6.74,6.74,6.58,6.58,2600
2009-05-07,7.05,7.05,6.63,6.94,15300
2009-05-08,6.94,6.94,6.48,6.79,9900
2009-05-11,6.89,6.94,6.74,6.74,2100
2009-05-12,6.69,7.0,6.69,6.84,17900
2009-05-13,6.63,7.0,6.63,7.0,23100
2009-05-14,6.79,7.2,6.79,7.2,19000
2009-05-15,7.51,7.51,7.51,7.51,24100
2009-05-18,8.03,8.03,7.62,8.03,31700
2009-05-19,8.4,8.4,8.08,8.08,11800
2009-05-20,8.29,8.29,7.83,8.03,11600
2009-05-21,8.03,8.55,7.77,8.55,32200
2009-05-22,8.45,8.45,8.45,8.45,36300
2009-05-25,8.81,9.02,8.81,9.02,9000
2009-05-26,9.64,9.64,8.4,9.64,52100
2009-05-27,9.85,9.85,9.85,9.85,46700
2009-05-28,10.52,10.52,9.17,9.17,53700
2009-05-29,9.12,10.37,9.12,10.37,21100
2009-06-01,10.31,10.31,9.33,9.33,26400
2009-06-02,10.62,10.83,10.57,10.57,31600
2009-06-03,11.45,11.45,11.3,11.45,98400
2009-06-04,12.23,12.23,12.18,12.23,115500
2009-06-05,13.06,13.06,13.06,13.06,36000
2009-06-08,13.94,13.94,13.84,13.94,38800
2009-06-09,14.87,14.87,13.01,13.01,41500
2009-06-10,12.49,12.49,12.44,12.44,2400
2009-06-11,11.61,12.23,11.61,11.92,29400
2009-06-12,12.18,12.33,11.09,11.09,33900
2009-06-15,11.61,11.61,10.62,10.62,22500
2009-06-16,10.11,10.11,10.11,10.11,11100
2009-06-17,9.43,9.8,9.43,9.8,15800
2009-06-18,9.8,10.05,9.8,10.05,19300
2009-06-19,10.62,10.73,9.85,10.05,18100
2009-06-22,9.74,9.74,9.64,9.64,5800
2009-06-23,9.07,9.07,9.02,9.02,8100
2009-06-24,8.6,9.64,8.55,9.64,17700
2009-06-25,9.85,10.0,8.91,9.02,10700
2009-06-26,9.85,9.85,8.91,8.91,2800
2009-06-29,8.66,8.71,8.66,8.71,2500
2009-06-30,8.29,8.29,8.08,8.08,16200
2009-07-01,7.57,8.03,7.57,7.57,23100
2009-07-02,7.31,8.08,7.31,8.08,3600
2009-07-03,8.45,8.45,8.19,8.45,8600
2009-07-06,8.91,8.97,8.6,8.97,12300
2009-07-07,8.81,8.81,8.29,8.29,8200
2009-07-08,8.19,8.29,8.08,8.29,3200
2009-07-09,8.29,8.55,8.24,8.5,5000
2009-07-10,8.4,8.4,8.08,8.24,1700
2009-07-13,8.14,8.14,8.14,8.14,5300
2009-07-14,8.29,8.34,8.14,8.19,3600
2009-07-15,8.24,8.55,8.19,8.24,1600
2009-07-16,8.55,8.55,8.24,8.4,2600
2009-07-17,8.4,8.4,8.29,8.29,3000
2009-07-20,7.88,8.29,7.88,8.29,200
2009-07-21,8.08,8.08,8.08,8.08,200
2009-07-22,8.29,8.29,8.14,8.24,2600
2009-07-23,8.24,8.66,8.24,8.66,2700
2009-07-24,8.91,8.97,8.91,8.97,10400
2009-07-27,8.97,8.97,8.55,8.66,6700
2009-07-28,8.29,8.4,8.08,8.08,16900
2009-07-29,8.29,8.4,8.19,8.19,3000
2009-07-30,8.03,8.34,8.03,8.29,1700
2009-07-31,8.71,8.71,8.19,8.19,1400
2009-08-03,8.29,8.29,8.03,8.03,6900
2009-08-04,8.08,8.08,8.08,8.08,1000
2009-08-05,8.03,8.08,8.03,8.08,8300
2009-08-06,8.24,8.24,8.24,8.24,1400
2009-08-07,8.4,8.4,8.08,8.24,5000
2009-08-10,8.14,8.19,8.14,8.14,4500
2009-08-11,7.98,8.03,7.93,7.93,9600
2009-08-12,8.03,8.14,8.03,8.14,1000
2009-08-13,8.19,8.4,8.19,8.24,18100
2009-08-14,8.5,8.5,8.29,8.5,5000
2009-08-17,8.76,8.91,8.55,8.86,9600
2009-08-18,8.91,8.97,8.86,8.86,1300
2009-08-19,9.07,9.59,9.07,9.59,23100
2009-08-20,9.85,9.9,9.33,9.43,5400
2009-08-21,9.48,9.48,8.97,9.12,7100
2009-08-24,8.81,9.28,8.81,9.07,2700
2009-08-25,8.81,8.81,8.76,8.76,2800
2009-08-26,9.07,9.23,8.86,8.86,4300
2009-08-27,9.17,9.17,8.71,8.71,9500
2009-08-28,8.55,9.07,8.55,9.07,13700
2009-08-31,9.33,9.43,9.33,9.38,22100
2009-09-01,9.64,9.64,9.23,9.23,10000
2009-09-03,9.23,9.54,9.07,9.48,12600
2009-09-04,9.8,10.0,9.38,10.0,79200
2009-09-07,10.16,10.16,9.54,9.69,18600
2009-09-08,9.85,10.37,9.8,9.95,9700
2009-09-09,9.95,10.0,9.8,9.9,21500
2009-09-10,9.95,10.57,9.9,10.57,66900
2009-09-11,10.88,10.88,10.62,10.88,74300
2009-09-14,11.61,11.61,11.61,11.61,9800
2009-09-15,12.39,12.39,11.92,12.18,101200
2009-09-16,12.44,12.44,11.51,11.66,47000
2009-09-17,11.14,11.14,10.99,11.04,44400
2009-09-18,10.62,11.4,10.62,11.25,12800
2009-09-21,11.4,11.76,11.25,11.76,42200
2009-09-22,11.19,11.66,11.19,11.3,6600
2009-09-23,11.82,11.82,10.83,11.4,23800
2009-09-24,11.25,11.35,10.88,11.19,26400
2009-09-25,11.14,11.45,10.88,11.4,23700
2009-09-28,11.87,11.87,11.3,11.35,17200
2009-09-29,11.4,11.4,11.35,11.4,27000
2009-09-30,11.51,11.51,11.4,11.51,20800
2009-10-01,11.4,11.4,11.35,11.35,3300
2009-10-02,10.62,10.88,10.62,10.88,15300
2009-10-05,10.83,10.83,10.37,10.37,28000
2009-10-06,10.47,10.57,10.47,10.47,3900
2009-10-07,10.88,11.19,10.88,11.19,8800
2009-10-08,11.92,11.92,11.04,11.04,3600
2009-10-09,11.61,11.76,11.4,11.61,16400
2009-10-12,11.92,12.39,11.61,12.33,82500
2009-10-13,12.44,12.85,12.02,12.85,80500
2009-10-14,12.85,13.47,12.85,13.47,63300
2009-10-15,14.41,14.41,14.41,14.41,18500
2009-10-16,15.39,15.39,14.51,15.39,133200
2009-10-19,16.38,16.38,14.77,15.5,50700
2009-10-20,15.03,15.03,14.72,14.77,32400
2009-10-21,14.87,14.93,14.25,14.72,48600
2009-10-22,14.25,15.55,13.99,14.93,63800
2009-10-23,15.03,15.29,13.84,13.84,41700
2009-10-26,13.58,13.84,13.58,13.68,19000
2009-10-27,13.22,13.63,12.75,13.63,34300
2009-10-28,12.7,13.89,12.7,13.89,9500
2009-10-29,13.47,13.47,12.85,13.42,13400
2009-10-30,13.63,13.94,13.47,13.94,12500
2009-11-02,12.75,12.96,12.75,12.75,15500
2009-11-03,12.18,12.9,12.08,12.18,5000
2009-11-04,12.18,12.49,12.18,12.49,13800
2009-11-05,12.44,13.11,11.66,13.11,20300
2009-11-06,13.73,13.84,13.16,13.42,17700
2009-11-09,12.96,12.96,12.65,12.7,2000
2009-11-10,12.23,12.44,12.18,12.18,14800
2009-11-11,12.33,12.44,11.97,12.18,17100
2009-11-12,12.28,12.44,12.28,12.33,9700
2009-11-13,11.82,11.92,11.82,11.92,2800
2009-11-16,12.39,12.39,11.66,11.97,3500
2009-11-17,12.33,12.49,12.33,12.44,5100
2009-11-18,13.22,13.22,12.54,13.22,35100
2009-11-19,12.59,13.42,12.59,12.65,1200
2009-11-20,13.42,13.42,12.23,12.44,1900
2009-11-23,12.44,12.44,12.44,12.44,0
2009-11-24,12.02,12.02,11.71,11.71,3900
2009-11-25,12.65,12.65,11.04,11.04,17700
2009-11-26,11.04,11.04,11.04,11.04,0
2009-11-27,11.92,11.92,10.37,10.37,6100
2009-11-30,11.76,11.76,11.14,11.14,4900
2009-12-01,12.18,12.18,10.62,11.19,10600
2009-12-02,11.04,11.04,10.83,10.83,6200
2009-12-03,10.16,10.31,10.16,10.16,11100
2009-12-04,9.48,10.78,9.48,10.62,1300
2009-12-07,10.88,10.88,10.37,10.37,8100
2009-12-08,11.14,11.14,10.26,10.26,6000
2009-12-09,10.11,10.11,9.69,9.69,12700
2009-12-10,9.85,9.85,9.33,9.85,6300
2009-12-11,9.33,9.33,9.02,9.02,16500
2009-12-14,9.33,9.69,9.33,9.69,15700
2009-12-15,9.59,9.59,9.23,9.23,8000
2009-12-16,9.28,9.28,8.76,8.76,3400
2009-12-17,9.28,9.28,8.81,8.91,1500
2009-12-18,9.07,9.33,9.07,9.33,2800
2009-12-21,9.07,9.85,9.07,9.85,6500
2009-12-22,9.33,9.85,9.33,9.85,10200
2009-12-23,9.85,9.85,9.59,9.59,14500
2009-12-24,9.8,9.8,9.74,9.74,3000
2009-12-25,10.37,10.37,10.0,10.26,10500
2009-12-28,9.9,10.21,9.9,10.16,4800
2009-12-29,9.54,9.85,9.54,9.85,15000
2009-12-30,9.85,9.85,9.64,9.85,3900
2009-12-31,10.47,10.47,9.59,9.59,3900
2010-01-04,10.37,10.83,10.37,10.83,11000
2010-01-05,11.14,11.3,11.14,11.3,30300
2010-01-06,12.02,12.08,10.52,11.25,44800
2010-01-07,10.68,11.66,10.62,10.99,22200
2010-01-08,11.14,11.82,11.14,11.82,12100
2010-01-11,11.4,11.4,11.14,11.35,3900
2010-01-12,11.14,11.14,10.57,10.57,8900
2010-01-13,9.95,10.88,9.9,10.88,7300
2010-01-14,10.68,10.68,10.68,10.68,2700
2010-01-15,11.4,11.4,10.42,10.52,48300
2010-01-18,10.11,10.99,10.11,10.99,35100
2010-01-19,10.42,11.09,10.21,11.09,27300
2010-01-20,10.47,11.14,10.47,11.09,17000
2010-01-21,10.37,10.37,10.11,10.37,11300
2010-01-22,10.83,10.83,10.78,10.83,15700
2010-01-25,11.4,11.56,11.4,11.56,10500
2010-01-26,12.18,12.23,11.92,12.23,14400
2010-01-27,11.87,11.87,11.87,11.87,5900
2010-01-28,11.04,11.82,11.04,11.04,13000
2010-01-29,10.52,11.3,10.52,11.3,700
2010-02-01,11.3,11.3,11.3,11.3,0
2010-02-02,11.25,11.25,10.16,10.16,9100
2010-02-03,10.11,10.62,10.11,10.62,700
2010-02-04,10.47,11.09,10.47,11.09,2600
2010-02-05,11.09,11.09,11.09,11.09,0
2010-02-08,10.21,10.62,10.21,10.62,17300
2010-02-09,11.35,11.35,11.35,11.35,100
2010-02-10,11.14,11.14,10.88,10.88,1800
2010-02-11,10.88,10.88,10.88,10.88,0
2010-02-12,11.45,11.45,10.37,10.37,600
2010-02-22,10.57,10.57,10.05,10.57,2200
2010-02-23,10.57,10.57,10.57,10.57,0
2010-02-24,10.37,10.37,10.31,10.31,7100
2010-02-25,10.47,10.47,10.47,10.47,400
2010-02-26,9.95,10.47,9.95,10.47,2500
2010-03-01,10.05,10.37,10.05,10.37,4200
2010-03-02,10.16,10.68,10.16,10.68,1400
2010-03-03,10.21,10.21,9.95,10.05,6800
2010-03-04,10.52,10.52,9.8,10.11,12700
2010-03-05,9.59,10.62,9.48,10.62,2800
2010-03-08,10.52,10.52,10.16,10.37,8500
2010-03-09,10.47,10.52,10.37,10.52,8700
2010-03-10,10.52,10.52,10.37,10.52,2900
2010-03-11,10.62,10.62,10.26,10.26,7400
2010-03-12,10.42,10.62,10.37,10.62,9000
2010-03-15,10.57,10.83,10.57,10.83,12600
2010-03-16,10.88,11.4,10.78,10.88,36100
2010-03-17,10.57,10.62,10.57,10.57,2300
2010-03-18,10.78,11.04,10.62,11.04,8500
2010-03-19,11.04,11.04,10.42,10.73,1200
2010-03-22,10.42,10.42,10.11,10.16,20700
2010-03-23,10.73,10.73,10.37,10.42,1700
2010-03-24,10.37,10.47,10.37,10.37,2000
2010-03-25,10.21,10.21,10.16,10.16,1500
2010-03-26,10.11,10.11,10.11,10.11,1800
2010-03-29,10.16,10.21,10.16,10.21,400
2010-03-30,10.11,10.31,10.11,10.31,300
2010-03-31,10.0,10.0,9.95,9.95,1100
2010-04-01,9.95,10.11,9.95,10.11,1000
2010-04-02,10.11,10.62,10.11,10.62,200
2010-04-05,10.73,10.73,10.31,10.31,1300
2010-04-06,11.04,11.04,9.85,10.11,6200
2010-04-07,9.85,10.37,9.85,10.31,4900
2010-04-08,10.37,10.78,10.37,10.78,15000
2010-04-09,10.78,11.09,10.37,10.62,15900
2010-04-12,11.09,11.3,11.09,11.3,30500
2010-04-13,12.02,12.02,12.02,12.02,25100
2010-04-14,12.85,12.85,11.66,12.54,83600
2010-04-15,12.33,13.16,12.33,13.16,72600
2010-04-16,13.73,13.84,12.96,13.84,80600
2010-04-19,14.62,14.62,14.51,14.62,86600
2010-04-20,15.03,15.55,14.77,14.77,136600
2010-04-21,15.29,16.38,14.77,16.38,197100
2010-04-22,16.48,16.48,15.29,16.48,110300
2010-04-26,17.47,17.57,16.58,17.57,73400
2010-04-27,18.14,18.66,18.14,18.66,49000
2010-04-28,19.9,19.9,17.67,18.66,142400
2010-04-29,19.69,19.9,18.55,19.9,111200
2010-05-04,19.69,19.69,18.81,19.69,140200
2010-05-05,19.95,20.78,19.43,20.78,71600
2010-05-06,22.08,22.08,22.08,22.08,77300
2010-05-07,23.58,23.58,20.73,22.54,175500
2010-05-10,22.29,22.29,20.73,20.73,103000
2010-05-11,20.47,21.25,19.43,19.43,192700
2010-05-12,19.75,19.75,18.4,18.92,123700
2010-05-13,17.26,18.92,17.26,18.55,49200
2010-05-14,18.92,19.75,18.5,19.69,20200
2010-05-17,19.85,19.85,18.14,19.18,81500
2010-05-18,19.28,19.28,18.19,18.19,10400
2010-05-19,18.92,18.97,17.88,17.88,67900
2010-05-20,18.61,19.18,17.62,19.12,56500
2010-05-21,18.86,18.86,17.26,17.26,31500
2010-05-24,16.84,17.72,16.38,17.62,29800
2010-05-25,17.36,17.62,16.95,16.95,47500
2010-05-26,17.36,18.55,16.17,18.55,202400
2010-05-27,18.14,19.07,17.98,19.02,107100
2010-05-28,19.64,19.64,18.66,19.28,62500
2010-05-31,19.18,19.64,18.66,18.66,39500
2010-06-01,20.21,20.73,19.18,20.68,119300
2010-06-02,20.47,21.25,20.47,21.25,170800
2010-06-03,22.6,22.6,22.29,22.6,114900
2010-06-04,24.1,24.1,23.79,24.1,81500
2010-06-07,23.84,24.31,22.39,22.39,178900
2010-06-08,21.15,21.35,21.15,21.15,195900
2010-06-09,21.25,22.54,20.73,21.25,105100
2010-06-10,21.77,22.03,20.73,20.73,39300
2010-06-11,22.29,22.8,21.09,21.09,20700
2010-06-14,22.03,22.03,20.73,20.83,11100
2010-06-15,20.21,20.73,20.01,20.06,51100
2010-06-16,19.69,21.61,19.69,21.61,94200
2010-06-17,23.01,23.01,21.25,21.51,105600
2010-06-18,21.25,22.6,20.63,20.73,76400
2010-06-21,22.03,22.03,20.32,20.37,92800
2010-06-22,21.35,22.8,20.32,22.39,164000
2010-06-23,22.6,23.63,22.18,23.53,146700
2010-06-24,23.94,24.93,23.32,24.93,143700
2010-06-25,24.88,26.48,24.88,26.48,55000
2010-06-28,28.25,28.25,28.25,28.25,51600
2010-06-29,30.21,30.21,29.8,30.21,174300
2010-06-30,32.18,32.18,30.06,32.18,73800
2010-07-01,33.17,33.74,31.93,33.74,123100
2010-07-02,33.17,33.69,31.93,33.69,110800
2010-07-05,32.39,33.74,32.39,33.43,189900
2010-07-06,32.81,35.09,32.81,35.09,82700
2010-07-07,33.64,34.46,33.64,34.21,72400
2010-07-08,34.0,35.24,31.67,35.24,144100
2010-07-09,32.13,33.58,31.25,31.61,310800
2010-07-12,31.15,33.69,30.58,33.69,152400
2010-07-13,34.93,34.93,34.72,34.93,73100
2010-07-14,37.37,37.37,37.37,37.37,74800
2010-07-15,37.32,38.87,35.24,35.76,87400
2010-07-16,35.24,36.8,34.21,34.26,185400
2010-07-19,34.72,35.24,32.7,32.7,73700
2010-07-20,33.17,36.02,32.39,32.39,224700
2010-07-21,32.75,35.03,31.15,35.03,208900
2010-07-22,36.49,36.49,35.03,36.49,143600
2010-07-23,38.3,38.35,33.84,36.54,140700
2010-07-26,35.24,35.5,32.7,32.7,85300
2010-07-27,31.1,31.36,30.99,30.99,159100
2010-07-28,29.54,30.58,28.87,28.87,74600
2010-07-29,27.62,29.49,27.57,28.76,110500
2010-07-30,27.99,29.75,27.99,29.75,42300
2010-08-02,30.58,31.56,27.52,28.19,28200
2010-08-03,30.32,30.32,28.04,28.5,12800
2010-08-04,27.21,28.76,27.21,27.42,53000
2010-08-05,25.65,27.73,25.65,27.73,65200
2010-08-06,26.33,29.02,26.33,28.5,74000
2010-08-09,27.52,28.35,27.52,28.3,38400
2010-08-10,27.73,27.99,25.81,27.73,153300
2010-08-11,28.5,29.02,27.68,29.02,74700
2010-08-12,28.97,28.97,27.73,28.71,42900
2010-08-13,29.8,30.37,28.92,30.27,41900
2010-08-16,31.1,31.98,31.1,31.98,77300
2010-08-17,31.93,31.98,29.7,29.7,71000
2010-08-18,31.46,31.46,28.5,28.5,22800
2010-08-19,31.1,31.1,28.19,28.25,43000
2010-08-20,29.54,29.75,27.57,27.68,64300
2010-08-23,29.54,30.06,26.95,27.99,44700
2010-08-24,29.39,29.49,27.42,27.42,66500
2010-08-25,28.76,28.76,26.79,26.79,23100
2010-08-26,27.93,27.99,26.17,26.43,62400
2010-08-27,27.42,27.42,24.93,26.02,43100
2010-08-30,26.85,28.25,26.85,27.36,56500
2010-08-31,27.42,27.93,25.5,25.5,51900
2010-09-01,26.33,27.83,26.02,27.83,65300
2010-09-06,28.97,28.97,28.97,28.97,3400
2010-09-07,30.99,30.99,30.99,30.99,52900
2010-09-08,32.91,32.91,30.06,32.65,97300
2010-09-09,33.07,33.07,29.7,29.7,138300
2010-09-10,30.42,32.6,30.42,32.6,143700
2010-09-13,32.5,34.62,32.5,34.62,95100
2010-09-14,35.24,35.76,33.69,34.36,56400
2010-09-15,32.29,36.69,32.18,36.69,100600
2010-09-16,34.98,36.9,34.98,36.9,66300
2010-09-17,36.8,39.08,36.8,39.08,67200
2010-09-20,41.62,41.62,38.87,38.92,76500
2010-09-21,40.99,43.85,39.39,43.79,54200
2010-09-22,44.57,45.56,43.02,45.4,68600
2010-09-23,46.13,47.16,43.02,44.83,63300
2010-09-24,45.87,48.72,45.87,47.94,68600
2010-09-27,46.9,46.9,43.64,43.64,7400
2010-09-28,42.71,42.71,42.71,42.71,108800
2010-09-29,39.75,39.75,39.75,39.75,22200
2010-09-30,37.0,37.0,37.0,37.0,18300
2010-10-01,34.46,38.61,34.46,34.46,76500
2010-10-04,32.55,32.55,32.55,32.55,40100
2010-10-05,30.32,34.78,30.32,30.32,302300
2010-10-06,33.69,33.69,30.53,33.58,127700
2010-10-07,29.64,33.64,29.59,29.59,92100
2010-10-08,28.35,28.35,28.35,28.35,5700
2010-10-11,26.38,26.38,26.38,26.38,2400
2010-10-12,24.57,24.57,24.57,24.57,2500
2010-10-13,22.86,22.86,22.86,22.86,5000
2010-10-14,21.3,21.3,21.3,21.3,2300
2010-10-15,19.85,19.85,19.85,19.85,13300
2010-10-18,18.5,18.5,18.5,18.5,7800
2010-10-19,17.26,17.62,17.26,17.26,226300
2010-10-20,16.07,16.07,16.07,16.07,5000
2010-10-21,14.98,15.55,14.98,14.98,301400
2010-10-22,13.99,14.98,13.94,14.77,152200
2010-10-25,13.32,14.15,13.16,13.79,105900
2010-10-26,14.15,14.36,14.15,14.36,25600
2010-10-27,15.34,15.34,15.13,15.34,190000
2010-10-28,15.65,16.27,14.51,14.77,51500
2010-10-29,14.67,15.08,14.25,14.3,40800
2010-11-01,14.05,14.05,13.58,13.58,45600
2010-11-02,12.96,13.47,12.85,12.85,56600
2010-11-03,12.02,12.96,12.02,12.02,70100
2010-11-04,11.25,12.44,11.25,12.39,89000
2010-11-05,12.44,12.59,12.44,12.59,80300
2010-11-08,13.47,13.47,12.59,12.96,98700
2010-11-09,12.65,12.96,12.44,12.44,45100
2010-11-10,12.33,12.65,12.28,12.44,32100
2010-11-11,11.97,11.97,11.61,11.61,64700
2010-11-12,11.04,11.4,10.94,10.99,53800
2010-11-15,10.21,11.19,10.21,10.21,55200
2010-11-16,9.69,9.95,9.64,9.8,50700
2010-11-17,10.05,10.16,9.74,9.95,71900
2010-11-18,10.37,10.68,10.37,10.68,93900
2010-11-19,11.14,11.14,10.05,10.05,41200
2010-11-22,10.31,10.31,9.8,10.11,39700
2010-11-23,10.31,10.62,10.0,10.37,60200
2010-11-24,9.95,11.09,9.95,11.09,164800
2010-11-25,11.51,11.71,11.51,11.71,17900
2010-11-26,12.49,12.49,12.49,12.49,31200
2010-11-29,13.32,13.32,13.32,13.32,21300
2010-11-30,14.2,14.2,14.2,14.2,1700
2010-12-01,15.19,15.19,13.99,15.19,337200
2010-12-02,15.19,16.22,15.08,16.22,211800
2010-12-03,17.05,17.05,16.84,17.05,130400
2010-12-06,17.62,18.14,16.58,16.58,120300
2010-12-07,16.27,16.58,16.22,16.22,276600
2010-12-08,15.24,15.86,15.13,15.13,113800
2010-12-09,14.25,15.76,14.2,15.5,111000
2010-12-10,15.6,15.7,15.29,15.7,60300
2010-12-13,16.74,16.74,16.69,16.74,97900
2010-12-14,16.58,16.84,15.6,15.6,123000
2010-12-15,15.86,15.91,14.87,14.87,110900
2010-12-16,14.15,14.3,14.05,14.05,95400
2010-12-17,15.08,15.08,14.1,15.08,71200
2010-12-20,15.86,15.86,14.77,14.82,29300
2010-12-21,14.51,15.03,14.2,14.25,43700
2010-12-22,14.72,14.77,13.53,13.53,28100
2010-12-23,14.25,14.25,13.42,13.47,55200
2010-12-24,13.99,14.05,13.84,13.99,36800
2010-12-27,14.72,14.72,13.99,14.15,34300
2010-12-28,14.51,15.24,14.3,15.13,100800
2010-12-29,14.98,15.55,13.89,13.99,31100
2010-12-30,13.89,14.36,13.58,13.89,14900
2010-12-31,14.36,14.36,13.99,14.36,39500
2011-01-04,14.77,14.77,14.2,14.25,13500
2011-01-05,14.51,14.51,13.89,13.89,11500
2011-01-06,14.41,14.41,13.73,13.99,11300
2011-01-07,14.2,14.25,13.63,14.25,9800
2011-01-10,14.2,14.2,13.63,13.68,16700
2011-01-11,13.73,13.73,12.96,12.96,31900
2011-01-12,13.06,13.32,12.7,13.06,12400
2011-01-13,13.22,13.42,12.85,13.16,20000
2011-01-14,13.94,13.94,13.27,13.27,6100
2011-01-17,13.94,13.94,13.63,13.63,9100
2011-01-18,13.47,13.47,13.01,13.01,14400
2011-01-19,13.47,13.47,12.96,12.96,5000
2011-01-20,13.42,13.58,13.22,13.27,10700
2011-01-21,13.99,13.99,12.96,13.37,5800
2011-01-24,13.37,13.37,12.39,12.39,18900
2011-01-25,12.96,12.96,11.87,12.18,3200
2011-01-26,12.65,12.7,12.33,12.33,5700
2011-01-27,12.96,12.96,12.33,12.33,4500
2011-01-28,12.85,13.22,12.65,13.22,33500
2011-02-08,13.94,13.94,13.06,13.63,18900
2011-02-09,13.63,14.1,13.63,13.68,42800
2011-02-10,13.68,13.79,12.85,13.32,44400
2011-02-11,14.28,14.28,14.14,14.28,68900
2011-02-14,15.07,15.21,13.56,13.7,48600
2011-02-15,13.85,14.42,13.78,14.28,11400
2011-02-16,14.21,14.21,13.63,13.78,4500
2011-02-17,13.92,13.92,13.06,13.06,13500
2011-02-18,13.06,13.06,12.2,12.2,32900
2011-02-21,11.62,11.62,11.55,11.55,20600
2011-02-22,10.76,10.91,10.76,10.76,40500
2011-02-23,10.76,11.12,10.48,10.91,59700
2011-02-24,10.48,10.48,10.19,10.19,34100
2011-02-25,10.48,10.83,10.48,10.83,34200
2011-02-28,11.34,11.48,10.76,11.41,49300
2011-03-01,11.41,11.48,11.12,11.48,23100
2011-03-02,11.34,11.34,10.55,10.55,33400
2011-03-03,10.12,10.98,10.12,10.98,59500
2011-03-04,11.05,11.12,10.76,10.98,34000
2011-03-07,11.12,11.12,10.55,10.55,17700
2011-03-08,11.34,11.34,10.62,10.62,25900
2011-03-09,11.12,11.34,10.62,10.83,18700
2011-03-10,10.76,11.91,10.76,11.91,69700
2011-03-11,12.2,12.34,11.55,11.62,38800
2011-03-14,11.34,11.34,11.27,11.27,14400
2011-03-15,10.55,10.76,10.55,10.55,35500
2011-03-16,9.83,10.55,9.83,10.12,47600
2011-03-17,10.33,10.62,10.26,10.55,27100
2011-03-18,10.83,10.91,10.62,10.83,51700
2011-03-21,10.91,11.34,10.33,10.4,16100
2011-03-22,10.4,10.69,10.05,10.26,31300
2011-03-23,10.4,10.69,10.33,10.55,14700
2011-03-24,10.05,10.55,10.05,10.19,31100
2011-03-25,10.05,10.19,9.9,10.12,22400
2011-03-28,10.05,10.05,9.76,9.9,32100
2011-03-29,9.76,9.9,9.61,9.69,16500
2011-03-30,9.47,9.54,9.26,9.4,44200
2011-03-31,8.68,9.97,8.68,9.9,127000
2011-04-01,10.48,10.62,10.48,10.62,83500
2011-04-04,10.76,10.83,10.12,10.33,39800
2011-04-05,9.97,10.48,9.9,9.97,19000
2011-04-06,10.12,10.12,9.83,9.97,24400
2011-04-07,10.05,10.33,9.97,10.19,41600
2011-04-08,10.26,10.26,9.83,10.05,18400
2011-04-13,9.97,10.05,9.33,9.69,42800
2011-04-14,9.47,9.47,9.26,9.33,12500
2011-04-15,9.11,9.11,8.75,8.75,24400
2011-04-18,8.61,8.61,8.4,8.4,26900
2011-04-19,8.4,8.47,8.32,8.32,30500
2011-04-20,8.32,8.4,7.82,7.89,34000
2011-04-21,7.89,7.89,7.68,7.75,55800
2011-04-22,8.04,8.04,7.25,7.25,18300
2011-04-25,7.75,7.82,7.75,7.82,31800
2011-04-26,7.89,7.89,7.32,7.46,33000
2011-04-27,7.46,7.53,7.18,7.32,8800
2011-04-28,7.68,7.82,7.46,7.82,24800
2011-04-29,7.82,8.25,7.82,8.18,31900
2011-05-04,8.42,8.42,8.18,8.18,7000
2011-05-05,8.49,8.49,7.94,8.02,5700
2011-05-06,8.02,8.34,7.94,8.34,7100
2011-05-09,8.65,8.73,8.26,8.42,7100
2011-05-10,8.49,8.49,8.02,8.1,27300
2011-05-11,7.86,8.1,7.86,8.1,2800
2011-05-12,7.71,7.86,7.63,7.63,14800
2011-05-13,7.94,7.94,7.63,7.63,6700
2011-05-16,7.86,7.86,7.47,7.71,6700
2011-05-17,7.63,7.63,7.16,7.24,12600
2011-05-18,7.31,7.31,6.92,7.31,17000
2011-05-19,6.92,7.24,6.92,7.24,1500
2011-05-20,6.92,6.92,6.53,6.76,42600
2011-05-23,6.37,6.45,6.29,6.29,31100
2011-05-24,5.98,5.98,5.9,5.9,24500
2011-05-25,5.51,5.51,5.51,5.51,9100
2011-05-26,5.19,5.82,5.19,5.43,124300
2011-05-27,5.58,5.58,5.51,5.58,34000
2011-05-30,5.9,5.9,5.27,5.27,66400
2011-05-31,5.66,5.66,5.43,5.51,24300
2011-06-01,5.51,5.82,5.51,5.82,33500
2011-06-02,6.13,6.13,6.13,6.13,18300
2011-06-03,6.53,6.53,6.13,6.21,101900
2011-06-06,6.45,6.45,6.06,6.29,27200
2011-06-07,6.45,6.61,6.45,6.61,25200
2011-06-08,6.61,6.61,6.21,6.21,35400
2011-06-09,6.21,6.45,6.13,6.45,20400
2011-06-10,6.61,6.76,6.61,6.76,66800
2011-06-13,7.0,7.24,7.0,7.24,43200
2011-06-14,7.63,7.63,7.16,7.24,82400
2011-06-15,7.39,7.39,7.08,7.08,19600
2011-06-16,6.61,6.92,6.61,6.61,65800
2011-06-17,6.37,6.37,6.29,6.29,36100
2011-06-20,6.21,6.21,5.9,6.06,10700
2011-06-21,6.13,6.45,6.06,6.29,15500
2011-06-22,6.53,6.53,6.06,6.13,10300
2011-06-23,5.98,5.98,5.9,5.98,7700
2011-06-24,5.9,6.21,5.9,5.98,9200
2011-06-27,5.98,6.13,5.9,5.9,8600
2011-06-28,5.9,5.9,5.74,5.74,6500
2011-06-29,5.74,5.9,5.74,5.9,4300
2011-06-30,5.9,5.9,5.66,5.74,8500
2011-07-01,5.51,5.58,5.51,5.51,7800
2011-07-04,5.27,5.74,5.27,5.74,700
2011-07-05,5.9,5.9,5.9,5.9,13900
2011-07-06,5.9,5.9,5.74,5.74,12200
2011-07-07,5.74,5.74,5.66,5.74,7700
2011-07-08,5.74,5.74,5.35,5.35,40800
2011-07-11,5.19,5.58,5.19,5.43,28100
2011-07-12,5.11,5.51,5.11,5.51,18200
2011-07-13,5.43,5.51,5.35,5.35,9900
2011-07-14,5.27,5.35,5.19,5.19,13300
2011-07-15,5.27,5.27,5.27,5.27,6400
2011-07-18,5.11,5.19,5.11,5.19,10300
2011-07-19,4.88,5.19,4.88,5.11,14600
2011-07-20,5.11,5.27,5.03,5.19,8500
2011-07-21,5.19,5.43,5.19,5.43,21600
2011-07-22,5.35,5.51,5.27,5.51,28600
2011-07-25,5.27,5.35,5.11,5.11,43300
2011-07-26,5.19,5.19,5.11,5.19,5200
2011-07-27,5.27,5.27,5.27,5.27,2100
2011-07-28,5.27,5.43,5.11,5.11,5700
2011-07-29,4.95,5.11,4.95,5.03,6200
2011-08-01,5.03,5.03,4.88,5.03,8100
2011-08-02,4.88,4.88,4.72,4.8,37100
2011-08-03,4.64,4.64,4.48,4.64,14800
2011-08-04,4.72,4.72,4.72,4.72,11500
2011-08-05,4.95,5.03,4.95,5.03,38100
2011-08-08,5.11,5.11,5.03,5.03,29900
2011-08-09,4.8,4.8,4.8,4.8,30900
2011-08-10,5.11,5.11,5.11,5.11,30000
2011-08-11,4.8,5.11,4.8,4.88,28700
2011-08-12,5.03,5.03,5.03,5.03,45000
2011-08-15,5.27,5.27,4.95,4.95,2500
2011-08-16,5.19,5.19,5.03,5.11,9100
2011-08-17,5.27,5.27,5.11,5.11,29300
2011-08-18,5.51,5.51,5.11,5.11,15000
2011-08-19,5.27,5.27,4.95,5.03,14500
2011-08-22,5.03,5.35,5.03,5.35,44400
2011-08-23,5.27,5.43,5.19,5.27,40000
2011-08-24,5.35,5.35,4.95,4.95,16500
2011-08-25,5.11,5.27,5.03,5.27,12500
2011-08-26,5.19,5.19,4.95,5.03,4800
2011-08-29,5.11,5.35,5.11,5.35,12000
2011-08-30,5.58,5.58,5.35,5.43,36400
2011-08-31,5.51,5.66,5.35,5.58,27400
2011-09-01,5.58,5.82,5.58,5.82,31000
2011-09-05,5.82,5.9,5.43,5.43,18800
2011-09-06,5.58,5.66,5.27,5.43,21900
2011-09-07,5.66,5.74,5.58,5.74,19500
2011-09-08,6.13,6.13,5.98,5.98,56300
2011-09-09,5.9,6.53,5.82,6.53,82700
2011-09-12,6.76,6.76,6.76,6.76,3700
2011-09-13,7.24,7.24,7.24,7.24,1100
2011-09-14,7.71,7.71,7.63,7.71,209500
2011-09-15,7.31,8.18,7.31,8.18,135600
2011-09-16,8.42,8.42,7.86,8.42,140900
2011-09-19,8.42,8.89,7.94,8.65,37700
2011-09-20,8.65,8.65,8.1,8.1,41500
2011-09-21,7.71,8.26,7.71,7.71,127000
2011-09-22,7.24,7.63,7.24,7.31,148500
2011-09-23,7.31,7.79,7.08,7.79,59600
2011-09-26,7.94,7.94,7.39,7.39,31900
2011-09-27,7.55,7.71,7.16,7.24,31100
2011-09-28,7.55,7.55,7.08,7.24,18200
2011-09-29,7.0,7.16,6.84,6.92,47500
2011-09-30,7.24,7.24,6.45,6.45,34700
2011-10-03,6.45,6.69,6.06,6.06,36800
2011-10-04,6.29,6.37,5.82,6.13,50900
2011-10-05,6.21,6.37,5.98,6.29,41700
2011-10-06,6.37,6.53,6.37,6.53,34600
2011-10-07,6.61,6.61,6.29,6.29,28600
2011-10-10,6.37,6.37,6.13,6.13,9800
2011-10-11,6.29,6.29,6.21,6.21,14500
2011-10-12,5.9,5.9,5.82,5.82,63300
2011-10-13,5.51,5.74,5.43,5.82,12500
2011-10-14,5.74,5.82,5.74,5.82,7700
2011-10-17,5.74,5.74,5.35,5.35,3400
2011-10-18,5.35,5.35,5.35,5.35,4400
2011-10-19,5.43,5.58,5.27,5.58,13300
2011-10-20,5.58,5.82,5.58,5.74,25300
2011-10-21,5.82,6.13,5.82,6.13,18400
2011-10-24,6.29,6.29,5.9,5.9,16600
2011-10-25,6.29,6.29,5.66,5.66,19100
2011-10-26,5.35,5.74,5.35,5.66,10200
2011-10-27,5.74,5.82,5.58,5.66,18900
2011-10-28,5.98,6.13,5.98,6.13,17600
2011-10-31,6.53,6.53,6.29,6.37,47900
2011-11-01,6.53,6.53,6.13,6.13,15400
2011-11-02,5.82,5.98,5.74,5.74,47600
2011-11-03,5.66,5.82,5.58,5.58,22100
2011-11-04,5.58,5.66,5.51,5.66,15700
2011-11-07,5.51,5.51,5.51,5.51,11100
2011-11-08,5.51,5.58,5.51,5.51,10000
2011-11-09,5.82,5.82,5.51,5.58,7500
2011-11-10,5.51,5.51,5.35,5.35,24400
2011-11-11,5.58,5.58,5.35,5.35,5100
2011-11-14,5.35,5.35,5.11,5.27,9100
2011-11-15,5.19,5.43,5.19,5.35,3700
2011-11-16,5.35,5.58,5.35,5.58,10900
2011-11-17,5.43,5.43,5.11,5.11,8200
2011-11-18,4.95,5.03,4.88,4.88,31500
2011-11-21,4.72,4.8,4.64,4.64,8200
2011-11-22,4.72,4.72,4.4,4.4,28500
2011-11-23,4.64,4.72,4.56,4.72,9500
2011-11-24,4.8,4.95,4.72,4.72,17400
2011-11-25,4.72,4.8,4.64,4.8,8400
2011-11-28,4.88,5.03,4.88,5.03,14700
2011-11-29,4.88,4.88,4.8,4.88,4100
2011-11-30,4.95,4.95,4.8,4.8,2300
2011-12-01,5.19,5.19,4.64,4.72,1700
2011-12-02,4.88,4.95,4.8,4.88,4700
2011-12-05,5.03,5.19,5.03,5.19,1800
2011-12-06,5.51,5.51,5.27,5.35,19000
2011-12-07,5.19,5.27,5.11,5.11,19400
2011-12-08,4.8,5.03,4.8,4.88,9500
2011-12-09,4.88,4.88,4.8,4.8,500
2011-12-12,4.72,4.8,4.56,4.56,13900
2011-12-13,4.4,4.64,4.4,4.64,7400
2011-12-14,4.4,4.56,4.33,4.4,18400
2011-12-15,4.25,4.33,4.17,4.33,15300
2011-12-16,4.33,4.4,4.33,4.4,3500
2011-12-19,4.48,4.48,4.4,4.48,1900
2011-12-20,4.33,4.4,4.25,4.25,16200
2011-12-21,4.33,4.33,4.33,4.33,500
2011-12-22,4.25,4.25,4.17,4.17,17200
2011-12-23,4.09,4.25,4.09,4.25,14300
2011-12-26,4.01,4.09,3.93,3.93,17300
2011-12-27,3.78,3.78,3.78,3.78,13800
2011-12-28,3.54,4.01,3.54,4.01,19000
2011-12-29,4.17,4.17,3.93,4.17,22300
2011-12-30,4.09,4.33,4.09,4.33,27000
2012-01-03,4.48,4.48,4.09,4.09,7700
2012-01-04,4.33,4.33,4.25,4.25,7000
2012-01-05,4.33,4.33,4.33,4.33,5700
2012-01-06,4.33,4.33,4.17,4.17,4200
2012-01-09,4.25,4.25,4.17,4.17,3200
2012-01-10,4.4,4.48,4.25,4.25,3000
2012-01-11,4.33,4.33,4.25,4.25,2700
2012-01-12,4.33,4.33,4.25,4.25,1900
2012-01-13,4.25,4.33,4.17,4.17,8100
2012-01-16,4.25,4.33,4.17,4.33,8200
2012-01-17,4.25,4.25,4.09,4.09,3300
2012-01-18,4.33,4.33,4.33,4.33,200
2012-01-19,4.48,4.56,4.09,4.56,8300
2012-01-20,4.4,4.56,4.4,4.56,2500
2012-01-30,4.64,4.64,4.64,4.64,700
2012-01-31,4.8,4.95,4.64,4.64,8300
2012-02-01,4.56,4.72,4.56,4.56,5000
2012-02-02,4.64,4.88,4.64,4.88,18400
2012-02-03,5.19,5.19,4.72,4.72,7000
2012-02-06,4.64,4.64,4.64,4.64,8500
2012-02-07,4.33,4.56,4.33,4.33,11900
2012-02-08,4.4,4.48,4.33,4.48,8200
2012-02-09,4.33,4.56,4.33,4.4,3700
2012-02-10,4.4,4.4,4.25,4.25,6000
2012-02-13,4.01,4.25,4.01,4.01,7800
2012-02-14,4.01,4.09,3.85,4.09,7000
2012-02-15,3.93,4.01,3.78,3.78,3300
2012-02-16,3.78,3.93,3.78,3.93,9900
2012-02-17,3.78,4.09,3.78,4.09,4200
2012-02-20,4.25,4.25,4.25,4.25,15400
2012-02-21,4.48,4.48,4.33,4.33,7900
2012-02-22,4.4,4.56,4.4,4.48,10300
2012-02-23,4.48,4.72,4.33,4.72,73200
2012-02-24,4.88,4.88,4.8,4.88,51700
2012-02-27,5.11,5.19,4.88,5.19,44400
2012-02-28,5.11,5.19,4.8,4.8,24700
2012-02-29,4.95,4.95,4.72,4.72,22500
2012-03-01,4.48,4.64,4.4,4.64,29500
2012-03-02,4.56,4.72,4.25,4.72,49200
2012-03-05,4.95,4.95,4.8,4.95,17800
2012-03-06,5.27,5.27,4.95,5.27,80000
2012-03-07,5.51,5.51,5.11,5.51,46100
2012-03-08,5.27,5.43,5.11,5.11,48700
2012-03-09,5.35,5.51,4.88,5.27,16100
2012-03-12,4.72,4.72,4.64,4.64,44700
2012-03-13,4.72,4.88,4.64,4.72,18500
2012-03-14,4.95,4.95,4.56,4.56,34600
2012-03-15,4.72,5.03,4.72,4.95,36400
2012-03-16,5.11,5.11,4.88,5.03,41300
2012-03-19,4.95,5.27,4.95,5.27,89100
2012-03-20,5.51,5.58,5.35,5.58,66200
2012-03-21,5.74,5.82,5.74,5.82,43900
2012-03-22,6.13,6.13,5.82,5.98,52700
2012-03-23,5.98,6.06,5.58,5.66,89000
2012-03-26,5.66,6.06,5.66,6.06,69600
2012-03-27,5.82,6.06,5.66,5.66,72500
2012-03-28,5.27,5.9,5.27,5.82,40400
2012-03-29,5.43,5.82,5.43,5.82,33600
2012-03-30,5.35,5.58,5.35,5.35,28600
2012-04-03,5.27,5.51,5.27,5.51,19700
2012-04-04,5.43,5.43,5.19,5.19,16200
2012-04-05,4.88,5.51,4.88,5.51,31000
2012-04-06,5.27,5.43,5.19,5.19,29100
2012-04-09,5.58,5.58,5.43,5.58,23500
2012-04-10,5.35,5.51,5.35,5.35,7300
2012-04-11,5.51,5.66,5.43,5.51,42100
2012-04-12,5.51,5.66,5.51,5.66,23900
2012-04-13,5.58,5.58,5.27,5.51,46900
2012-04-16,5.51,5.58,5.35,5.58,26600
2012-04-17,5.35,5.74,5.27,5.51,72000
2012-04-18,5.27,5.51,5.27,5.35,40600
2012-04-19,5.43,5.43,5.11,5.11,17900
2012-04-20,5.19,5.19,5.03,5.11,18800
2012-04-23,5.19,5.19,5.03,5.11,7100
2012-04-24,4.95,5.19,4.88,5.03,26900
2012-04-25,5.19,5.35,5.19,5.27,19100
2012-04-26,5.27,5.35,5.19,5.35,20400
2012-04-27,5.27,5.58,5.27,5.58,56800
2012-05-02,5.9,5.9,5.9,5.9,86300
2012-05-03,6.29,6.29,5.66,6.06,48800
2012-05-04,5.74,6.13,5.74,6.06,13100
2012-05-07,5.98,6.45,5.98,6.45,60100
2012-05-08,6.61,6.76,6.21,6.21,56300
2012-05-09,6.06,6.21,5.98,6.06,25200
2012-05-10,5.9,6.06,5.74,6.06,57200
2012-05-11,6.06,6.45,5.74,6.37,199500
2012-05-14,6.84,6.84,6.53,6.84,132300
2012-05-15,6.69,7.31,6.37,6.61,51200
2012-05-16,6.61,6.61,6.21,6.45,44200
2012-05-17,6.29,6.29,5.9,5.9,51200
2012-05-18,5.51,5.82,5.51,5.51,25300
2012-05-21,5.51,5.82,5.19,5.74,100400
2012-05-22,5.51,5.58,5.35,5.58,20000
2012-05-23,5.35,5.35,5.27,5.27,18400
2012-05-24,5.27,5.43,4.95,5.03,21100
2012-05-25,5.35,5.35,5.11,5.35,31800
2012-05-28,5.35,5.51,5.19,5.43,13500
2012-05-29,5.19,5.35,5.11,5.19,14600
2012-05-30,5.19,5.35,4.88,5.27,16000
2012-05-31,5.11,5.19,4.95,5.11,18400
2012-06-01,5.35,5.35,4.95,5.11,3700
2012-06-04,5.43,5.43,4.8,4.88,26300
2012-06-05,5.03,5.19,4.95,5.19,2600
2012-06-06,5.03,5.35,5.03,5.35,13000
2012-06-07,5.58,5.58,5.27,5.58,7700
2012-06-08,5.27,5.74,5.27,5.27,17000
2012-06-11,5.03,5.35,4.95,5.27,24600
2012-06-12,5.19,5.19,4.95,4.95,15400
2012-06-13,4.95,5.03,4.8,5.03,7200
2012-06-14,4.95,5.19,4.95,5.19,1700
2012-06-15,5.03,5.11,5.03,5.11,12400
2012-06-18,5.03,5.27,4.95,5.11,4400
2012-06-19,4.95,4.95,4.88,4.95,5900
2012-06-20,4.8,5.03,4.8,5.03,2900
2012-06-21,5.03,5.03,4.88,4.88,3000
2012-06-22,5.03,5.03,4.8,4.8,7200
2012-06-25,5.03,5.03,4.88,4.88,200
2012-06-26,5.19,5.19,4.64,4.8,1500
2012-06-27,5.11,5.11,4.72,5.03,4000
2012-06-28,4.72,4.95,4.72,4.95,7100
2012-06-29,4.72,4.95,4.72,4.95,5800
2012-07-02,4.95,5.11,4.64,5.11,1900
2012-07-03,4.72,4.88,4.72,4.88,3900
2012-07-04,4.4,4.72,4.4,4.4,4100
2012-07-05,4.33,4.56,4.25,4.56,5400
2012-07-06,4.64,4.72,4.64,4.72,900
2012-07-09,4.4,4.64,4.4,4.48,1400
2012-07-10,4.64,4.64,4.64,4.64,100
2012-07-11,4.48,4.56,4.48,4.56,5400
2012-07-12,4.33,4.48,4.25,4.48,5300
2012-07-13,4.25,4.72,4.25,4.72,3200
2012-07-16,4.72,4.72,4.72,4.72,100
2012-07-17,4.4,4.72,4.4,4.72,1900
2012-07-18,4.64,4.64,4.56,4.64,6100
2012-07-19,4.56,4.95,4.48,4.95,12600
2012-07-20,4.88,4.88,4.72,4.72,12900
2012-07-23,5.03,5.03,4.56,4.56,1400
2012-07-24,4.25,4.33,4.25,4.33,18600
2012-07-25,4.33,4.33,4.33,4.33,1000
2012-07-26,4.56,4.56,4.56,4.56,100
2012-07-27,4.56,4.56,4.56,4.56,0
2012-07-30,4.33,4.4,4.33,4.4,5100
2012-07-31,4.33,4.48,4.33,4.48,5200
2012-08-01,4.72,4.72,4.72,4.72,100
2012-08-02,4.88,4.88,4.56,4.64,1100
2012-08-03,4.56,4.56,4.56,4.56,2000
2012-08-06,4.88,4.88,4.56,4.56,1300
2012-08-07,4.88,4.88,4.25,4.48,5300
2012-08-08,4.72,4.72,4.33,4.48,800
2012-08-09,4.33,4.4,4.25,4.25,24700
2012-08-10,4.4,4.4,4.4,4.4,100
2012-08-13,4.17,4.33,4.17,4.33,2300
2012-08-14,4.33,4.33,4.17,4.17,2700
2012-08-15,4.25,4.25,4.01,4.01,1100
2012-08-16,4.01,4.25,4.01,4.25,10400
2012-08-17,4.25,4.25,4.25,4.25,800
2012-08-20,4.33,4.33,4.01,4.09,5700
2012-08-21,4.33,4.33,3.85,3.85,1400
2012-08-22,3.62,3.85,3.62,3.85,6900
2012-08-23,3.62,3.62,3.62,3.62,11000
2012-08-24,3.38,3.78,3.38,3.54,12500
2012-08-27,3.54,3.54,3.38,3.38,18100
2012-08-28,3.22,3.62,3.15,3.62,9700
2012-08-29,3.3,3.46,3.3,3.46,6500
2012-08-30,3.54,3.54,3.54,3.54,2000
2012-08-31,3.54,3.78,3.46,3.78,7200
2012-09-04,3.78,3.78,3.78,3.78,1400
2012-09-05,3.54,3.78,3.54,3.78,25600
2012-09-06,3.54,3.54,3.54,3.54,26800
2012-09-07,3.46,3.46,3.38,3.38,10200
2012-09-10,3.15,3.22,3.15,3.15,28200
2012-09-11,3.15,3.15,3.07,3.07,15600
2012-09-12,3.07,3.07,3.07,3.07,100
2012-09-13,2.99,2.99,2.99,2.99,7200
2012-09-14,3.15,3.15,3.15,3.15,200
2012-09-17,3.07,3.3,3.07,3.3,2800
2012-09-18,3.3,3.3,3.22,3.3,3300
2012-09-19,3.3,3.46,3.22,3.22,17100
2012-09-20,3.07,3.38,3.07,3.38,500
2012-09-21,3.46,3.62,3.46,3.46,3200
2012-09-24,3.22,3.46,3.22,3.46,3600
2012-09-25,3.22,3.54,3.22,3.46,5400
2012-09-26,3.46,3.62,3.38,3.62,2600
2012-09-27,3.38,3.7,3.38,3.7,2800
2012-09-28,3.38,3.62,3.3,3.3,2000
2012-10-01,3.3,3.46,3.3,3.46,200
2012-10-02,3.46,3.46,3.46,3.46,100
2012-10-03,3.62,3.62,3.22,3.22,200
2012-10-04,3.38,3.38,3.38,3.38,100
2012-10-05,3.15,3.46,3.15,3.46,200
2012-10-08,3.46,3.46,3.46,3.46,0
2012-10-09,3.62,3.62,3.3,3.3,3000
2012-10-10,3.22,3.38,3.22,3.38,700
2012-10-11,3.54,3.54,3.54,3.54,100
2012-10-12,3.38,3.62,3.38,3.62,1600
2012-10-15,3.85,3.85,3.85,3.85,100
2012-10-16,3.93,3.93,3.93,3.93,100
2012-10-17,3.7,3.7,3.7,3.7,2500
2012-10-18,3.93,3.93,3.46,3.46,3100
2012-10-19,3.62,3.62,3.62,3.62,100
2012-10-22,3.62,3.62,3.62,3.62,0
2012-10-23,3.62,3.62,3.62,3.62,0
2012-10-24,3.62,3.62,3.54,3.54,200
2012-10-25,3.54,3.54,3.54,3.54,0
2012-10-26,3.54,3.54,3.54,3.54,100
2012-10-29,3.54,3.54,3.54,3.54,0
2012-10-30,3.54,3.54,3.54,3.54,0
2012-10-31,3.54,3.54,3.54,3.54,0
2012-11-01,3.54,3.54,3.54,3.54,0
2012-11-02,3.7,3.7,3.7,3.7,100
2012-11-05,3.7,3.7,3.7,3.7,0
2012-11-06,3.7,3.7,3.7,3.7,0
2012-11-07,3.7,3.7,3.7,3.7,0
2012-11-08,3.7,3.7,3.7,3.7,0
2012-11-09,3.46,3.46,3.46,3.46,12300
2012-11-12,3.3,3.3,3.22,3.22,6500
2012-11-13,3.22,3.38,3.22,3.38,8700
2012-11-14,3.46,3.62,3.46,3.62,6900
2012-11-15,3.7,3.7,3.54,3.54,1100
2012-11-16,3.62,3.62,3.62,3.62,100
2012-11-19,3.62,3.62,3.62,3.62,0
2012-11-20,3.62,3.7,3.62,3.7,8800
2012-11-21,3.78,3.78,3.78,3.78,19000
2012-11-22,3.85,3.85,3.78,3.78,18100
2012-11-23,3.54,3.54,3.54,3.54,10300
2012-11-26,3.54,3.54,3.54,3.54,0
2012-11-27,3.54,3.54,3.54,3.54,100
2012-11-28,3.54,3.54,3.54,3.54,0
2012-11-29,3.54,3.54,3.54,3.54,14900
2012-11-30,3.54,3.54,3.54,3.54,0
2012-12-03,3.54,3.54,3.54,3.54,0
2012-12-04,3.54,3.54,3.54,3.54,0
2012-12-05,3.54,3.54,3.54,3.54,1500
2012-12-06,3.54,3.54,3.54,3.54,4400
2012-12-07,3.62,3.7,3.3,3.7,5200
2012-12-10,3.46,3.62,3.46,3.62,3800
2012-12-11,3.54,3.54,3.46,3.46,1800
2012-12-12,3.46,3.46,3.46,3.46,0
2012-12-13,3.38,3.38,3.38,3.38,600
2012-12-14,3.54,3.54,3.54,3.54,400
2012-12-17,3.54,3.54,3.54,3.54,0
2012-12-18,3.46,3.7,3.38,3.7,1900
2012-12-19,3.7,3.7,3.7,3.7,0
2012-12-20,3.7,3.7,3.46,3.46,2100
2012-12-21,3.46,3.46,3.46,3.46,0
2012-12-24,3.54,3.54,3.54,3.54,1000
2012-12-25,3.54,3.54,3.3,3.3,3900
2012-12-26,3.46,3.46,3.46,3.46,2400
2012-12-27,3.38,3.62,3.38,3.62,5100
2012-12-28,3.78,3.78,3.46,3.62,1400
2013-01-02,3.7,3.85,3.62,3.85,11700
2013-01-03,3.7,3.78,3.62,3.78,2800
2013-01-04,3.78,3.85,3.78,3.78,9700
2013-01-07,3.85,3.85,3.62,3.78,6000
2013-01-08,3.7,4.01,3.7,4.01,36000
2013-01-09,4.09,4.17,3.93,4.09,36000
2013-01-10,4.17,4.17,4.17,4.17,100
2013-01-11,3.93,4.17,3.93,4.17,1200
2013-01-14,3.93,4.09,3.93,4.09,1800
2013-01-15,3.78,4.17,3.78,4.17,3000
2013-01-16,4.25,4.25,4.17,4.17,1500
2013-01-17,4.25,4.25,4.25,4.25,100
2013-01-18,4.25,4.25,4.25,4.25,0
2013-01-21,4.25,4.25,4.25,4.25,0
2013-01-22,4.25,4.25,4.25,4.25,0
2013-01-23,4.25,4.25,4.25,4.25,0
2013-01-24,4.09,4.09,4.09,4.09,200
2013-01-25,4.09,4.4,4.09,4.4,1400
2013-01-28,4.01,4.25,4.01,4.25,4400
2013-01-29,4.4,4.4,3.7,3.7,1600
2013-01-30,4.01,4.01,3.93,3.93,900
2013-01-31,3.93,3.93,3.93,3.93,0
2013-02-01,3.85,3.93,3.85,3.93,2700
2013-02-04,3.93,3.93,3.93,3.93,0
2013-02-05,3.62,4.01,3.62,4.01,200
2013-02-06,4.17,4.17,4.17,4.17,100
2013-02-07,4.01,4.17,3.78,4.09,1500
2013-02-08,4.17,4.17,4.17,4.17,100
2013-02-18,4.17,4.17,4.17,4.17,100
2013-02-19,3.78,4.01,3.78,4.01,2600
2013-02-20,3.7,3.93,3.7,3.93,2400
2013-02-21,3.93,3.93,3.85,3.85,7500
2013-02-22,3.85,4.09,3.85,4.09,11700
2013-02-25,4.09,4.09,3.93,3.93,3200
2013-02-26,3.93,3.93,3.62,3.93,4700
2013-02-27,3.93,3.93,3.93,3.93,1500
2013-02-28,3.93,4.01,3.78,3.78,5100
2013-03-01,3.85,3.85,3.78,3.78,1000
2013-03-04,3.85,3.85,3.54,3.85,10400
2013-03-05,3.85,3.85,3.85,3.85,0
2013-03-06,3.78,3.78,3.78,3.78,2000
2013-03-07,3.46,3.62,3.46,3.46,2500
2013-03-08,3.46,3.85,3.46,3.85,4100
2013-03-11,3.85,3.85,3.85,3.85,1000
2013-03-12,3.54,3.54,3.54,3.54,200
2013-03-13,3.54,3.85,3.54,3.85,400
2013-03-14,3.62,3.62,3.62,3.62,1000
2013-03-15,3.7,3.7,3.7,3.7,100
2013-03-18,3.62,3.62,3.62,3.62,2700
2013-03-19,3.62,3.62,3.62,3.62,800
2013-03-20,3.54,3.62,3.54,3.62,1500
2013-03-21,3.62,3.62,3.62,3.62,1000
2013-03-22,3.54,3.54,3.3,3.3,2300
2013-03-25,3.62,3.62,3.54,3.54,3000
2013-03-26,3.54,3.54,3.54,3.54,0
2013-03-27,3.62,3.62,3.46,3.46,1200
2013-03-28,3.78,3.78,3.78,3.78,400
2013-03-29,4.09,4.09,3.93,4.09,28900
2013-04-01,4.33,4.48,4.33,4.48,48300
2013-04-02,4.72,4.8,4.64,4.64,42000
2013-04-03,4.56,4.64,4.33,4.56,48900
2013-04-04,4.48,4.48,4.33,4.48,1100
2013-04-05,4.48,4.48,4.48,4.48,10400
2013-04-08,4.39,4.39,4.3,4.3,7800
2013-04-09,4.3,4.57,4.3,4.57,11000
2013-04-10,4.48,4.48,4.48,4.48,300
2013-04-11,4.48,4.48,4.48,4.48,0
2013-04-12,4.3,4.3,4.03,4.3,15200
2013-04-15,4.03,4.48,3.95,4.48,900
2013-04-16,4.03,4.3,4.03,4.3,9200
2013-04-17,4.39,4.39,4.39,4.39,100
2013-04-18,4.21,4.48,4.21,4.48,400
2013-04-22,4.03,4.48,4.03,4.39,1200
2013-04-23,4.48,4.48,4.48,4.48,100
2013-04-24,4.3,4.48,4.3,4.48,5100
2013-04-25,4.3,4.3,4.3,4.3,13700
2013-04-26,4.39,4.39,4.12,4.12,7600
2013-05-02,4.3,4.3,4.3,4.3,200
2013-05-03,4.12,4.39,4.12,4.39,4300
2013-05-06,4.21,4.57,4.21,4.57,2900
2013-05-07,4.3,4.48,4.21,4.48,2100
2013-05-08,4.21,4.39,4.21,4.21,10000
2013-05-09,4.21,4.48,4.21,4.48,2200
2013-05-10,4.39,4.39,4.21,4.39,4100
2013-05-13,4.39,4.39,4.3,4.3,7000
2013-05-14,4.3,4.3,4.3,4.3,3500
2013-05-15,4.39,4.39,4.39,4.39,1400
2013-05-16,4.12,4.3,4.03,4.3,14100
2013-05-17,4.12,4.12,4.12,4.12,1100
2013-05-20,3.95,4.3,3.95,4.3,3200
2013-05-21,4.3,4.3,4.21,4.3,5500
2013-05-22,4.21,4.3,4.21,4.3,3700
2013-05-23,4.3,4.3,4.3,4.3,0
2013-05-24,4.12,4.12,4.12,4.3,1500
2013-05-27,4.48,4.57,4.3,4.3,9300
2013-05-28,4.48,4.48,4.3,4.3,1300
2013-05-29,4.3,4.66,4.3,4.57,30100
2013-05-30,4.57,4.66,4.48,4.66,15200
2013-05-31,4.75,5.11,4.66,5.11,57200
2013-06-03,4.66,5.11,4.66,4.84,1600
2013-06-04,4.75,4.93,4.75,4.93,19100
2013-06-05,5.2,5.2,4.93,5.11,1400
2013-06-06,5.02,5.29,4.93,4.93,2800
2013-06-07,5.2,5.38,5.2,5.38,43900
2013-06-10,5.11,5.11,5.11,5.11,3300
2013-06-11,5.38,5.38,5.11,5.11,3300
2013-06-12,5.2,5.2,5.2,5.2,600
2013-06-13,5.2,5.2,5.02,5.2,5800
2013-06-14,5.47,5.47,5.11,5.11,22200
2013-06-17,5.2,5.29,5.02,5.29,16700
2013-06-18,4.84,5.47,4.84,5.47,4900
2013-06-19,5.38,5.47,5.38,5.38,12900
2013-06-20,5.38,5.38,5.38,5.38,0
2013-06-21,5.38,5.38,5.38,5.38,0
2013-06-24,5.47,5.47,5.29,5.29,21500
2013-06-25,5.29,5.29,5.2,5.2,18000
2013-06-26,5.29,5.29,5.2,5.2,2700
2013-06-27,5.11,5.29,5.11,5.29,17300
2013-06-28,5.11,5.11,5.02,5.11,1000
2013-07-01,5.11,5.29,5.11,5.29,7400
2013-07-02,5.29,5.29,5.29,5.29,8500
2013-07-03,5.29,5.47,5.29,5.47,21300
2013-07-04,5.47,5.47,5.47,5.47,100
2013-07-05,5.56,5.65,5.56,5.65,3000
2013-07-08,5.47,5.47,5.47,5.47,10000
2013-07-09,5.38,5.38,5.38,5.38,200
2013-07-10,5.47,5.47,5.38,5.47,3500
2013-07-11,5.47,5.47,5.47,5.47,10400
2013-07-12,5.47,5.47,5.47,5.47,0
2013-07-15,5.47,5.47,5.47,5.47,5000
2013-07-16,5.47,5.47,5.38,5.38,14800
2013-07-17,5.38,5.38,5.38,5.38,5000
2013-07-18,5.38,5.38,5.38,5.38,1000
2013-07-19,5.38,5.38,5.38,5.38,50100
2013-07-22,5.29,5.56,5.29,5.56,500
2013-07-23,5.29,5.29,5.29,5.29,2900
2013-07-24,5.29,5.29,5.29,5.29,4200
2013-07-25,5.29,5.29,5.29,5.29,0
2013-07-26,5.47,5.47,5.11,5.11,5700
2013-07-29,5.11,5.11,5.11,5.11,0
2013-07-30,5.11,5.11,5.11,5.11,0
2013-07-31,5.11,5.11,5.11,5.11,0
2013-08-01,5.47,5.47,5.47,5.47,100
2013-08-02,5.47,5.47,5.47,5.47,0
2013-08-05,5.38,5.38,5.29,5.29,800
2013-08-06,5.29,5.29,5.29,5.29,100
2013-08-07,5.29,5.29,5.29,5.29,3800
2013-08-08,5.29,5.29,5.29,5.29,0
2013-08-09,5.29,5.29,5.29,5.29,0
2013-08-12,5.29,5.29,5.29,5.29,200
2013-08-13,5.29,5.29,5.29,5.29,0
2013-08-14,5.29,5.29,5.29,5.29,0
2013-08-15,5.38,5.38,5.2,5.2,3500
2013-08-16,5.2,5.29,5.2,5.2,2300
2013-08-19,5.2,5.38,5.11,5.38,8500
2013-08-20,5.38,5.38,5.38,5.38,0
2013-08-21,5.11,5.38,5.11,5.11,5300
2013-08-22,5.47,5.47,5.2,5.29,4500
2013-08-23,5.38,5.47,5.38,5.47,300
2013-08-26,5.47,5.47,5.47,5.47,0
2013-08-27,5.11,5.38,4.93,4.93,21900
2013-08-28,5.38,5.38,5.02,5.02,900
2013-08-29,5.47,5.47,5.02,5.02,500
2013-08-30,5.29,5.29,5.29,5.29,100
2013-09-03,5.29,5.29,5.29,5.29,0
2013-09-04,5.29,5.29,5.02,5.02,1800
2013-09-05,5.02,5.02,5.02,5.02,0
2013-09-06,4.84,4.84,4.84,4.84,300
2013-09-09,5.29,5.29,5.29,5.29,100
2013-09-10,5.29,5.29,5.29,5.29,0
2013-09-11,5.47,5.47,5.11,5.47,1000
2013-09-12,5.83,5.83,5.83,5.83,300
2013-09-13,5.83,5.83,5.83,5.83,0
2013-09-16,6.19,6.19,6.19,6.19,200
2013-09-17,6.19,6.19,6.19,6.19,0
2013-09-18,6.19,6.19,6.19,6.19,0
2013-09-19,6.72,6.72,6.72,6.72,100
2013-09-20,6.1,6.1,6.1,6.1,100
2013-09-23,6.63,6.63,6.63,6.63,100
2013-09-24,6.01,6.01,6.01,6.01,100
2013-09-25,5.47,5.65,5.47,5.65,61500
2013-09-26,5.74,5.74,5.47,5.74,6400
2013-09-27,6.28,6.28,5.47,5.56,28600
2013-09-30,5.92,5.92,5.74,5.74,200
2013-10-01,5.74,5.74,5.74,5.74,0
2013-10-02,5.56,5.83,5.38,5.83,8400
2013-10-03,6.1,6.1,6.1,6.1,300
2013-10-04,6.37,6.37,5.56,6.01,1500
2013-10-07,5.65,6.28,5.47,6.28,700
2013-10-08,6.28,6.28,6.28,6.28,0
2013-10-09,6.28,6.28,6.28,6.28,0
2013-10-10,5.65,5.65,5.65,5.65,100
2013-10-11,5.2,5.2,5.2,5.2,100
2013-10-14,5.56,5.65,5.56,5.65,500
2013-10-15,5.65,5.65,5.65,5.65,0
2013-10-16,5.65,5.65,5.65,5.65,1000
2013-10-17,5.65,5.65,5.65,5.65,0
2013-10-18,5.2,5.2,5.11,5.11,8000
2013-10-21,5.38,5.38,5.38,5.38,200
2013-10-22,5.38,5.38,5.38,5.38,0
2013-10-23,5.38,5.65,5.2,5.65,700
2013-10-24,5.56,5.56,5.2,5.2,300
2013-10-25,5.29,5.29,5.29,5.29,5100
2013-10-28,5.38,5.47,5.2,5.29,5300
2013-10-29,5.2,5.2,5.02,5.2,6900
2013-10-30,5.38,5.38,5.2,5.2,1400
2013-10-31,5.2,5.2,5.2,5.2,100
2013-11-01,5.2,5.2,5.2,5.2,300
2013-11-04,5.2,5.29,5.2,5.29,15800
2013-11-05,5.29,5.74,5.2,5.38,37300
2013-11-06,5.65,5.74,5.47,5.74,6000
2013-11-07,5.74,6.28,5.38,6.28,9800
2013-11-08,5.65,6.46,5.65,5.65,26100
2013-11-11,5.65,5.74,5.56,5.56,1600
2013-11-12,5.56,5.56,5.47,5.56,29800
2013-11-13,5.56,5.56,5.38,5.38,6800
2013-11-14,5.38,5.65,5.38,5.56,29200
2013-11-15,5.56,5.65,5.47,5.65,7900
2013-11-18,5.65,5.83,5.65,5.83,18100
2013-11-19,5.74,6.1,5.74,6.1,112670
2013-11-20,5.92,6.63,5.92,6.63,86300
2013-11-21,6.46,6.72,6.37,6.63,17400
2013-11-22,6.46,7.17,6.37,6.63,51700
2013-11-25,7.08,7.17,6.46,6.55,21200
2013-11-26,6.46,6.99,6.46,6.81,10300
2013-11-27,6.55,6.81,6.46,6.72,13500
2013-11-28,6.63,6.72,6.37,6.55,5300
2013-11-29,6.28,6.46,6.19,6.46,3500
2013-12-02,6.46,6.46,6.19,6.46,9700
2013-12-03,6.28,6.28,6.1,6.19,2100
2013-12-04,6.1,6.19,6.01,6.01,12100
2013-12-05,6.1,6.55,5.92,5.92,17300
2013-12-06,5.92,6.1,5.83,6.1,20200
2013-12-09,5.92,6.01,5.92,5.92,7300
2013-12-10,6.01,6.01,5.83,5.92,47100
2013-12-11,5.83,5.92,5.74,5.92,13900
2013-12-12,5.74,5.92,5.74,5.92,5000
2013-12-13,5.83,5.92,5.74,5.83,14900
2013-12-16,5.83,5.83,5.83,5.83,100
2013-12-17,5.83,5.92,5.83,5.92,10800
2013-12-18,5.92,6.1,5.92,6.01,24000
2013-12-19,6.01,6.19,6.01,6.19,24100
2013-12-20,6.1,6.28,6.1,6.28,3300
2013-12-23,6.19,6.28,6.19,6.28,22900
2013-12-24,6.28,6.28,5.83,6.28,25300
2013-12-25,6.28,6.28,6.28,6.28,0
2013-12-26,6.19,6.19,6.1,6.19,5400
2013-12-27,5.92,6.19,5.83,6.19,2320
2013-12-30,6.1,6.1,5.92,6.01,3700
2013-12-31,5.83,6.01,5.83,6.01,5400
2014-01-02,5.83,6.01,5.83,6.01,8500
2014-01-03,6.01,6.19,6.01,6.19,17000
2014-01-06,6.1,6.1,6.1,6.1,14600
2014-01-07,6.1,6.28,6.1,6.28,20400
2014-01-08,6.28,6.28,6.28,6.28,28
2014-01-09,6.1,6.28,6.1,6.28,2800
2014-01-10,6.19,6.19,6.19,6.19,1900
2014-01-13,6.1,6.19,6.1,6.19,6300
2014-01-14,6.1,6.1,5.92,6.1,46900
2014-01-15,6.1,6.1,6.01,6.1,37074
2014-01-16,6.1,6.1,6.1,6.1,0
2014-01-17,6.1,6.1,6.1,6.1,18620
2014-01-20,6.28,6.28,6.28,6.28,206
2014-01-21,5.83,6.19,5.83,6.19,200
2014-01-22,6.19,6.19,6.19,6.19,0
2014-01-23,5.83,6.19,5.83,6.19,5200
2014-01-24,6.1,6.1,6.1,6.1,500
2014-01-27,5.92,6.1,5.83,6.1,10900
2014-02-06,6.28,6.28,6.28,6.28,100
2014-02-07,6.1,6.19,6.1,6.19,5300
2014-02-10,6.28,6.72,6.19,6.37,17200
2014-02-11,6.46,6.72,6.28,6.72,10400
2014-02-12,6.1,6.63,6.1,6.37,8400
2014-02-13,6.19,6.55,6.19,6.55,16600
2014-02-14,6.55,7.17,6.55,7.17,7300
2014-02-17,7.62,7.62,6.81,7.17,25900
2014-02-18,6.9,7.62,6.81,7.62,20100
2014-02-19,7.89,8.07,7.62,8.07,21200
2014-02-20,8.25,8.79,7.35,7.35,87800
2014-02-21,7.62,7.71,7.08,7.35,8200
2014-02-24,7.35,7.53,7.17,7.53,14600
2014-02-25,7.53,7.89,7.53,7.71,27600
2014-02-26,7.89,8.43,7.8,8.43,104560
2014-02-27,8.97,9.23,8.79,9.23,120820
2014-02-28,10.04,10.04,9.23,9.59,39120
2014-03-03,9.23,9.5,8.79,8.97,62700
2014-03-04,8.61,8.97,8.52,8.97,35900
2014-03-05,8.97,9.15,8.7,9.15,17600
2014-03-06,8.97,9.23,8.97,9.23,25300
2014-03-07,9.23,9.23,9.06,9.15,14430
2014-03-10,8.97,9.06,8.88,9.06,47900
2014-03-11,8.97,8.97,8.79,8.97,54800
2014-03-12,8.97,8.97,8.88,8.88,34500
2014-03-13,8.88,9.15,8.88,8.97,11300
2014-03-14,8.97,8.97,8.79,8.88,25900
2014-03-17,9.15,9.15,8.88,8.88,15100
2014-03-18,8.88,9.15,8.88,8.97,26000
2014-03-19,8.97,9.23,8.97,9.15,26200
2014-03-20,9.41,10.04,9.41,10.04,132000
2014-03-21,10.22,10.31,10.13,10.13,46500
2014-03-24,11.12,11.12,10.76,11.12,329516
2014-03-25,11.12,11.3,11.12,11.3,103556
2014-03-26,11.3,11.3,10.58,10.67,69844
2014-03-27,10.67,10.94,10.58,10.94,122100
2014-03-28,10.94,11.12,10.76,11.03,65200
2014-03-31,11.03,11.03,10.76,10.76,54900
2014-04-01,10.85,10.85,10.4,10.4,55778
2014-04-02,11.4,11.4,9.8,9.9,24700
2014-04-03,10.5,10.5,10.0,10.2,16100
2014-04-04,9.7,10.3,9.7,9.9,10230
2014-04-07,10.0,10.2,9.6,9.9,32800
2014-04-08,10.0,10.4,10.0,10.3,126500
2014-04-10,10.7,10.8,10.2,10.3,30320
2014-04-11,10.4,10.6,10.1,10.4,14300
2014-04-14,10.1,10.3,10.0,10.2,25000
2014-04-15,9.9,9.9,9.7,9.7,23000
2014-04-16,9.7,9.7,9.0,9.5,77600
2014-04-17,9.6,9.8,9.6,9.8,52100
2014-04-18,9.5,9.5,9.3,9.3,14400
2014-04-21,8.7,8.7,8.7,8.7,4000
2014-04-22,8.9,9.2,8.8,9.2,14200
2014-04-23,10.0,10.0,9.6,9.6,386
2014-04-24,9.6,9.6,9.6,9.6,0
2014-04-25,9.2,9.6,9.0,9.4,17900
2014-04-28,9.2,9.4,9.2,9.4,10300
2014-04-29,9.1,9.6,9.1,9.6,5100
2014-05-05,9.7,10.0,9.2,9.2,16100
2014-05-06,8.8,9.2,8.8,9.0,49700
2014-05-07,9.0,9.0,8.7,8.7,4000
2014-05-08,8.8,8.8,7.9,8.5,42600
2014-05-09,8.5,8.9,7.8,8.9,6300
2014-05-12,8.2,8.2,8.1,8.1,10300
2014-05-13,7.8,7.9,7.6,7.6,31100
2014-05-14,8.0,8.1,7.9,8.1,23500
2014-05-15,8.2,8.2,7.5,8.0,7100
2014-05-16,7.5,8.0,7.5,8.0,10600
2014-05-19,8.0,8.3,8.0,8.3,11700
2014-05-20,8.0,8.3,8.0,8.3,37700
2014-05-21,8.3,8.8,8.3,8.4,20900
2014-05-22,8.5,9.0,8.5,8.6,305400
2014-05-23,8.6,8.6,8.6,8.6,100
2014-05-26,8.6,8.6,8.6,8.6,0
2014-05-27,8.4,8.6,8.2,8.5,23300
2014-05-28,8.5,8.5,8.4,8.4,23200
2014-05-29,8.7,9.2,8.6,9.2,25600
2014-05-30,9.0,9.0,8.5,8.7,10200
2014-06-02,8.7,8.7,8.7,8.7,0
2014-06-03,8.7,8.7,8.7,8.7,500
2014-06-04,8.2,8.2,8.2,8.2,3000
2014-06-05,8.5,8.5,8.5,8.5,100
2014-06-06,8.4,8.8,8.4,8.8,5200
2014-06-09,8.5,8.5,8.5,8.5,1200
2014-06-10,8.7,8.7,8.7,8.7,100
2014-06-11,8.7,8.7,8.2,8.2,800
2014-06-12,8.0,8.3,8.0,8.3,6500
2014-06-13,8.8,8.8,8.8,8.8,100
2014-06-16,8.1,8.7,8.1,8.7,2500
2014-06-17,8.4,8.7,8.4,8.7,1500
2014-06-18,8.2,8.5,8.2,8.5,2800
2014-06-19,8.5,8.5,8.5,8.5,0
2014-06-20,8.4,8.4,8.4,8.4,2100
2014-06-23,8.3,8.3,8.3,8.3,3300
2014-06-24,8.2,8.4,8.1,8.4,9900
2014-06-25,8.4,8.4,8.4,8.4,0
2014-06-26,8.5,8.5,8.5,8.5,200
2014-06-27,8.5,8.5,8.5,8.5,0
2014-06-30,8.0,8.4,8.0,8.4,600
2014-07-01,8.4,8.4,8.4,8.4,0
2014-07-02,8.3,8.3,8.2,8.3,5100
2014-07-03,8.2,8.5,8.1,8.5,4300
2014-07-04,8.5,8.5,8.5,8.5,0
2014-07-07,8.5,8.5,8.5,8.5,0
2014-07-08,8.2,8.3,8.2,8.3,1900
2014-07-09,8.2,8.6,8.2,8.6,1800
2014-07-10,8.8,8.8,8.8,8.8,110
2014-07-11,8.8,8.8,8.8,8.8,0
2014-07-14,8.8,8.8,8.8,8.8,10
2014-07-15,8.2,8.8,8.1,8.7,3200
2014-07-16,8.7,8.7,8.7,8.7,46
2014-07-17,8.3,8.5,8.3,8.3,500
2014-07-18,8.3,8.6,8.3,8.6,9166
2014-07-21,8.6,8.8,8.4,8.8,14100
2014-07-22,8.8,9.5,8.8,9.5,2000
2014-07-23,8.8,8.9,8.6,8.9,19100
2014-07-24,8.9,9.5,8.5,8.5,2200
2014-07-25,8.4,8.8,8.3,8.8,2600
2014-07-28,8.5,8.5,8.2,8.2,7000
2014-07-29,8.0,8.9,8.0,8.9,7200
2014-07-30,8.9,8.9,8.9,8.9,0
2014-07-31,8.8,9.0,8.8,9.0,3380
2014-08-01,9.0,9.0,9.0,9.0,20
2014-08-04,8.8,9.0,8.8,9.0,4300
2014-08-05,9.0,9.0,9.0,9.0,0
2014-08-06,9.0,9.0,9.0,9.0,0
2014-08-07,9.0,9.0,9.0,9.0,0
2014-08-08,9.4,9.9,8.2,8.3,1800
2014-08-11,8.9,8.9,8.8,8.8,2160
2014-08-12,9.0,9.3,9.0,9.3,1034
2014-08-13,8.8,8.8,8.4,8.6,15766
2014-08-14,8.9,8.9,8.1,8.6,10800
2014-08-15,8.6,8.6,8.4,8.6,4900
2014-08-18,8.6,9.0,8.5,8.8,42240
2014-08-19,8.8,8.8,8.4,8.7,10600
2014-08-20,8.7,8.7,8.6,8.6,14300
2014-08-21,8.6,8.8,8.6,8.6,28900
2014-08-22,8.7,8.7,8.2,8.5,44750
2014-08-25,8.5,8.8,8.5,8.7,38200
2014-08-26,8.7,9.3,8.7,8.9,41600
2014-08-27,8.8,9.0,8.8,8.8,31000
2014-08-28,8.8,8.8,8.6,8.7,42000
2014-08-29,8.9,9.0,8.4,8.9,114700
2014-09-03,9.1,9.1,8.7,9.0,91000
2014-09-04,9.0,9.3,8.8,9.2,52000
2014-09-05,9.0,9.5,8.8,9.1,42700
2014-09-08,8.9,9.0,8.5,8.9,62800
2014-09-09,8.9,9.0,8.6,8.9,15600
2014-09-10,8.6,8.9,8.6,8.9,24900
2014-09-11,8.9,8.9,8.6,8.8,27240
2014-09-12,8.6,8.8,8.6,8.8,16500
2014-09-15,8.7,8.8,8.7,8.8,19400
2014-09-16,8.5,8.7,8.4,8.7,31000
2014-09-17,8.7,8.7,8.4,8.4,23056
2014-09-18,8.7,8.7,8.5,8.6,14964
2014-09-19,8.6,8.6,8.4,8.6,26400
2014-09-22,8.6,8.6,8.4,8.6,23800
2014-09-23,8.4,8.6,8.4,8.6,20194
2014-09-24,8.6,8.6,8.4,8.6,10500
2014-09-25,8.4,9.2,8.4,9.0,60800
2014-09-26,8.7,8.9,8.6,8.7,18200
2014-09-29,8.7,8.7,8.4,8.7,3900
2014-09-30,8.7,8.9,8.4,8.7,42600
2014-10-01,8.7,8.7,8.4,8.7,58100
2014-10-02,8.7,8.7,8.5,8.7,65100
2014-10-03,8.7,8.7,8.5,8.7,31300
2014-10-06,8.7,9.5,8.4,9.2,304200
2014-10-07,9.4,10.1,9.4,10.0,243400
2014-10-08,10.1,10.1,9.7,10.0,62900
2014-10-09,9.7,9.9,9.4,9.4,153900
2014-10-10,9.3,9.5,9.2,9.5,49300
2014-10-13,9.5,9.5,9.0,9.3,63900
2014-10-14,9.2,9.2,8.9,8.9,99984
2014-10-15,8.9,8.9,8.6,8.7,67501
2014-10-16,8.7,9.0,8.5,8.5,48300
2014-10-17,8.5,8.9,8.4,8.8,17000
2014-10-20,8.6,8.8,8.4,8.8,20500
2014-10-21,8.9,9.1,8.9,9.1,600
2014-10-22,8.6,9.0,8.6,8.8,12200
2014-10-23,8.7,8.7,8.6,8.7,7300
2014-10-24,8.5,8.9,8.5,8.8,41700
2014-10-27,8.4,8.7,8.4,8.7,6100
2014-10-28,8.2,8.7,8.2,8.7,21300
2014-10-29,8.4,8.6,8.4,8.6,4100
2014-10-30,8.5,8.5,8.3,8.5,12100
2014-10-31,8.5,8.6,8.4,8.6,7500
2014-11-03,8.6,8.9,8.6,8.9,1400
2014-11-04,8.5,8.6,8.5,8.6,4800
2014-11-05,8.9,8.9,8.3,8.6,11900
2014-11-06,8.4,8.6,8.4,8.6,633
2014-11-07,8.6,8.6,8.6,8.6,0
2014-11-10,8.5,8.6,8.5,8.6,5160
2014-11-11,8.6,8.6,8.6,8.6,4500
2014-11-12,8.5,8.6,8.4,8.6,25000
2014-11-13,8.6,8.6,8.5,8.5,12100
2014-11-14,8.4,8.6,8.4,8.6,20100
2014-11-17,8.4,8.9,8.3,8.7,37030
2014-11-18,8.6,8.7,8.6,8.7,5050
2014-11-19,8.5,8.6,8.3,8.6,27200
2014-11-20,8.5,8.5,8.4,8.5,24600
2014-11-21,8.4,8.5,8.4,8.5,9000
2014-11-24,8.4,8.4,8.0,8.3,110900
2014-11-25,8.3,8.3,7.6,7.6,165300
2014-11-26,7.6,7.6,7.0,7.5,37540
2014-11-27,7.1,7.4,6.8,7.4,17000
2014-11-28,7.1,7.3,7.1,7.3,9400
2014-12-01,7.3,7.6,7.3,7.6,22800
2014-12-02,7.7,7.9,6.9,7.5,22300
2014-12-03,7.2,7.3,6.8,7.3,38010
2014-12-04,7.0,7.2,6.8,7.0,15000
2014-12-05,7.1,7.2,7.0,7.2,37320
2014-12-08,7.2,7.3,7.2,7.2,1800
2014-12-09,7.2,7.2,7.2,7.2,3000
2014-12-10,6.8,6.9,6.8,6.9,18000
2014-12-11,7.0,7.0,6.9,6.9,3800
2014-12-12,7.0,7.0,7.0,7.0,4200
2014-12-15,6.9,7.0,6.9,7.0,2300
2014-12-16,7.0,7.0,7.0,7.0,48
2014-12-17,6.8,6.8,6.7,6.7,11300
2014-12-18,6.8,6.9,6.8,6.9,352
2014-12-19,6.9,6.9,6.9,6.9,20220
2014-12-22,6.9,7.1,6.9,7.1,20700
2014-12-23,6.7,7.0,6.7,7.0,4500
2014-12-24,7.0,7.1,7.0,7.1,25200
2014-12-25,7.1,7.1,7.1,7.1,100
2014-12-26,7.1,7.1,7.1,7.1,0
2014-12-29,7.1,7.1,7.1,7.1,64
2014-12-30,7.0,7.2,7.0,7.1,14000
2014-12-31,7.1,7.1,7.1,7.1,100
2015-01-05,7.1,7.1,7.1,7.1,0
2015-01-06,6.7,6.9,6.7,6.9,837
2015-01-07,7.0,7.0,6.7,6.9,12651
2015-01-08,6.8,6.9,6.7,6.9,1700
2015-01-09,7.0,7.0,7.0,7.0,1100
2015-01-12,7.0,7.0,6.9,6.9,4672
2015-01-13,6.9,7.0,6.9,7.0,6424
2015-01-14,6.9,6.9,6.9,6.9,200
2015-01-15,7.0,7.0,6.9,7.0,71100
2015-01-16,6.9,7.1,6.9,7.0,14560
2015-01-19,7.0,7.0,6.9,6.9,16000
2015-01-20,6.9,7.0,6.9,7.0,25900
2015-01-21,7.0,7.0,7.0,7.0,30000
2015-01-22,7.0,7.0,7.0,7.0,0
2015-01-23,7.2,7.2,7.1,7.1,61400
2015-01-26,7.1,7.2,7.1,7.1,44400
2015-01-27,7.1,7.3,7.1,7.1,46936
2015-01-28,7.1,7.1,7.1,7.1,10000
2015-01-29,7.1,7.1,7.0,7.0,7300
2015-01-30,7.0,7.0,7.0,7.0,0
2015-02-02,7.0,7.0,7.0,7.0,0
2015-02-03,6.8,6.8,6.8,6.8,3200
2015-02-04,6.7,6.7,6.7,6.7,5020
2015-02-05,6.7,6.7,6.7,6.7,0
2015-02-06,6.8,7.0,6.8,7.0,305
2015-02-09,7.0,7.0,7.0,7.0,100
2015-02-10,6.6,6.9,6.6,6.6,300
2015-02-11,6.6,6.6,6.6,6.6,0
2015-02-12,6.6,7.0,6.5,7.0,2900
2015-02-13,7.0,7.0,7.0,7.0,0
2015-02-24,7.0,7.0,7.0,7.0,0
2015-02-25,6.5,6.5,6.5,6.5,100
2015-02-26,7.0,7.0,7.0,7.0,700
2015-02-27,7.1,7.1,7.1,7.1,100
2015-03-02,6.8,7.0,6.8,7.0,931
2015-03-03,7.0,7.0,7.0,7.0,300
2015-03-04,7.0,7.0,7.0,7.0,76300
2015-03-05,6.9,7.0,6.9,7.0,39000
2015-03-06,7.3,7.4,6.8,6.8,7200
2015-03-09,7.0,7.2,7.0,7.0,32200
2015-03-10,7.0,7.0,7.0,7.0,27510
2015-03-11,7.0,7.0,7.0,7.0,57900
2015-03-12,7.0,7.0,7.0,7.0,75000
2015-03-13,7.0,7.0,7.0,7.0,0
2015-03-16,6.9,6.9,6.8,6.8,4100
2015-03-17,6.8,7.0,6.8,6.8,7500
2015-03-18,6.8,6.8,6.8,6.8,2100
2015-03-19,6.8,6.9,6.8,6.8,15800
2015-03-20,6.8,6.9,6.8,6.9,11400
2015-03-23,7.0,7.0,6.9,6.9,2672
2015-03-24,6.6,6.9,6.6,6.9,200
2015-03-25,6.9,6.9,6.9,6.9,0
2015-03-26,6.9,6.9,6.9,6.9,0
2015-03-27,7.1,7.1,6.7,6.7,700
2015-03-30,6.5,6.5,6.5,6.5,7400
2015-03-31,6.5,7.0,6.5,6.9,11100
2015-04-01,6.9,6.9,6.9,6.9,0
2015-04-02,6.4,6.9,6.4,6.9,2200
2015-04-03,6.9,6.9,6.9,6.9,0
2015-04-06,6.9,6.9,6.9,6.9,0
2015-04-07,6.9,6.9,6.9,6.9,0
2015-04-08,6.9,6.9,6.9,6.9,0
2015-04-09,6.6,6.9,6.6,6.9,2100
2015-04-10,7.0,7.0,7.0,7.0,100
2015-04-13,6.9,6.9,6.7,6.7,5300
2015-04-14,6.7,6.7,6.7,6.7,238
2015-04-15,6.6,6.7,6.4,6.4,19000
2015-04-16,6.9,6.9,6.9,6.9,100
2015-04-17,6.7,6.9,6.7,6.9,5000
2015-04-20,6.9,6.9,6.9,6.9,0
2015-04-21,6.6,6.6,6.5,6.6,1200
2015-04-22,6.9,6.9,6.2,6.4,2700
2015-04-23,6.9,7.0,6.9,7.0,260
2015-04-24,7.0,7.0,6.3,6.3,6600
2015-04-27,6.9,6.9,6.9,6.9,100
2015-05-04,7.5,7.5,6.3,6.3,1100
2015-05-05,6.3,6.3,6.3,6.3,0
2015-05-06,6.9,6.9,6.9,6.9,100
2015-05-07,6.9,6.9,6.9,6.9,0
2015-05-08,6.9,6.9,6.9,6.9,0
2015-05-11,6.9,6.9,6.9,6.9,0
2015-05-12,6.9,6.9,6.9,6.9,0
2015-05-13,6.9,6.9,6.9,6.9,0
2015-05-14,6.9,6.9,6.9,6.9,0
2015-05-15,6.9,6.9,6.9,6.9,0
2015-05-18,6.9,6.9,6.9,6.9,0
2015-05-19,6.3,6.9,6.3,6.7,25900
2015-05-20,6.3,6.3,6.3,6.3,300
2015-05-21,6.5,6.5,5.7,5.7,15116
2015-05-22,5.4,5.4,5.2,5.3,16000
2015-05-25,5.3,5.3,5.3,5.3,200
2015-05-26,5.5,5.6,5.5,5.6,4200
2015-05-27,5.3,5.5,5.3,5.5,1200
2015-05-28,5.6,5.9,5.6,5.9,3138
2015-05-29,6.1,6.1,5.8,5.8,2300
2015-06-01,6.0,6.0,6.0,6.0,100
2015-06-02,5.8,5.8,5.5,5.8,6200
2015-06-03,5.5,5.8,5.3,5.8,9700
2015-06-04,5.8,5.8,5.8,5.8,0
2015-06-05,5.5,5.5,5.5,5.5,2200
2015-06-08,5.6,5.6,5.4,5.4,7940
2015-06-09,5.1,5.3,5.1,5.3,3600
2015-06-10,5.3,5.3,5.2,5.3,19000
2015-06-11,5.3,5.3,5.2,5.3,10400
2015-06-12,5.3,5.3,5.3,5.3,40
2015-06-15,5.3,5.8,5.3,5.7,18740
2015-06-16,5.8,6.1,5.8,6.1,1000
2015-06-17,5.8,5.8,5.7,5.7,5600
2015-06-18,5.6,6.0,5.5,5.5,27500
2015-06-19,5.7,5.7,5.7,5.7,7200
2015-06-22,5.9,6.0,5.5,5.5,3600
2015-06-23,5.7,5.7,5.7,5.7,100
2015-06-24,5.7,5.7,5.7,5.7,0
2015-06-25,6.2,6.2,6.2,6.2,100
2015-06-26,6.0,6.0,6.0,6.0,400
2015-06-29,5.8,5.8,5.8,5.8,1000
2015-06-30,5.8,5.8,5.8,5.8,0
2015-07-01,5.3,5.3,5.3,5.3,240
2015-07-02,5.4,5.7,5.2,5.2,11100
2015-07-03,5.2,5.2,5.2,5.2,1000
2015-07-06,5.6,5.6,5.6,5.6,100
2015-07-07,5.2,5.6,5.2,5.6,2200
2015-07-08,5.6,5.6,5.6,5.6,0
2015-07-09,5.6,5.6,5.6,5.6,0
2015-07-10,5.1,5.3,5.1,5.3,300
2015-07-13,5.7,5.8,5.7,5.8,4000
2015-07-14,5.6,5.6,5.6,5.6,4000
2015-07-15,5.6,5.6,5.6,5.6,0
2015-07-16,5.3,5.3,5.3,5.3,1100
2015-07-17,5.7,5.7,5.3,5.3,10906
2015-07-20,5.3,5.3,5.3,5.3,0
2015-07-21,5.5,5.5,5.3,5.5,22700
2015-07-22,5.2,5.6,5.2,5.6,3200
2015-07-23,5.6,5.6,5.4,5.4,1000
2015-07-24,5.4,5.4,5.4,5.4,0
2015-07-27,5.6,5.7,5.5,5.5,14700
2015-07-28,5.6,5.6,5.6,5.6,1000
2015-07-29,5.2,5.6,5.2,5.6,1400
2015-07-30,5.6,5.6,5.6,5.6,0
2015-07-31,5.6,5.6,5.6,5.6,0
2015-08-03,5.2,5.2,5.2,5.2,2000
2015-08-04,5.2,5.2,5.2,5.2,0
2015-08-05,5.3,5.3,5.3,5.3,100
2015-08-06,5.0,5.3,5.0,5.3,3100
2015-08-07,5.4,5.4,5.2,5.2,10400
2015-08-10,5.4,5.4,5.4,5.4,101
2015-08-11,5.4,5.4,5.4,5.4,4000
2015-08-12,5.4,5.4,5.4,5.4,0
2015-08-13,5.3,5.3,4.9,5.3,7400
2015-08-14,5.5,5.5,5.5,5.5,100
2015-08-17,5.5,5.5,5.5,5.5,0
2015-08-18,5.5,5.5,5.5,5.5,0
2015-08-19,5.5,5.5,5.5,5.5,0
2015-08-20,5.5,5.5,5.5,5.5,0
2015-08-21,5.0,5.0,5.0,5.0,3800
2015-08-24,4.5,4.9,4.5,4.9,8200
2015-08-25,5.0,5.0,5.0,5.0,100
2015-08-26,5.0,5.0,5.0,5.0,0
2015-08-27,5.0,5.0,5.0,5.0,0
2015-08-28,5.0,5.0,5.0,5.0,0
2015-08-31,5.1,5.1,5.1,5.1,200
2015-09-01,4.8,4.8,4.8,4.8,1200
2015-09-03,4.9,4.9,4.8,4.8,4900
2015-09-04,4.9,4.9,4.8,4.8,1200
2015-09-07,4.8,4.8,4.8,4.8,0
2015-09-08,4.8,4.8,4.8,4.8,700
2015-09-09,4.8,4.8,4.8,4.8,100
2015-09-10,5.0,5.0,5.0,5.0,100
2015-09-11,5.0,5.0,5.0,5.0,0
2015-09-14,5.0,5.0,5.0,5.0,21
2015-09-15,5.0,5.0,5.0,5.0,0
2015-09-16,5.0,5.0,5.0,5.0,0
2015-09-17,5.0,5.0,5.0,5.0,0
2015-09-18,5.0,5.0,5.0,5.0,0
2015-09-21,5.0,5.0,5.0,5.0,0
2015-09-22,4.5,5.0,4.5,5.0,560
2015-09-23,4.8,4.8,4.8,4.8,500
2015-09-24,5.0,5.0,5.0,5.0,100
2015-09-25,5.0,5.0,5.0,5.0,3000
2015-09-28,5.0,5.0,5.0,5.0,0
2015-09-29,5.0,5.0,5.0,5.0,0
2015-09-30,5.0,5.0,5.0,5.0,0
2015-10-01,5.0,5.0,5.0,5.0,0
2015-10-02,5.0,5.0,5.0,5.0,0
2015-10-05,5.0,5.5,5.0,5.0,8500
2015-10-06,5.0,5.0,5.0,5.0,0
2015-10-07,4.5,4.5,4.5,4.5,3100
2015-10-08,4.5,4.5,4.5,4.5,0
2015-10-09,4.5,4.5,4.5,4.5,0
2015-10-12,4.4,4.5,4.3,4.3,2500
2015-10-13,4.6,4.6,4.3,4.3,1100
2015-10-14,4.4,4.4,4.3,4.3,12500
2015-10-15,4.3,4.3,4.3,4.3,0
2015-10-16,4.7,4.7,4.7,4.7,100
2015-10-19,4.7,4.7,4.7,4.7,0
2015-10-20,4.7,4.7,4.7,4.7,0
2015-10-21,4.7,4.7,4.7,4.7,0
2015-10-22,4.7,4.7,4.7,4.7,0
2015-10-23,4.3,4.3,4.3,4.3,100
2015-10-26,4.7,4.7,4.7,4.7,3000
2015-10-27,4.7,4.7,4.7,4.7,0
2015-10-28,4.7,4.7,4.7,4.7,0
2015-10-29,4.7,4.7,4.7,4.7,0
2015-10-30,4.6,4.6,4.6,4.6,300
2015-11-02,4.6,4.6,4.6,4.6,0
2015-11-03,4.6,4.6,4.6,4.6,0
2015-11-04,4.6,4.6,4.6,4.6,0
2015-11-05,4.9,4.9,4.9,4.9,100
2015-11-06,4.9,4.9,4.9,4.9,0
2015-11-09,4.5,4.5,4.5,4.5,2200
2015-11-10,4.3,4.5,4.3,4.5,1800
2015-11-11,4.5,4.5,4.5,4.5,0
2015-11-12,4.8,4.8,4.8,4.8,2500
2015-11-13,4.4,4.4,4.4,4.4,3700
2015-11-16,4.4,4.4,4.4,4.4,0
2015-11-17,4.4,4.4,4.4,4.4,0
2015-11-18,4.8,4.8,4.8,4.8,100
2015-11-19,4.8,4.8,4.8,4.8,0
2015-11-20,4.8,4.8,4.8,4.8,0
2015-11-23,4.8,4.8,4.8,4.8,0
2015-11-24,4.6,4.6,4.6,4.6,500
2015-11-25,4.6,4.6,4.6,4.6,0
2015-11-26,4.6,4.6,4.6,4.6,0
2015-11-27,4.3,4.3,4.2,4.2,14100
2015-11-30,4.0,4.0,4.0,4.0,1600
2015-12-01,4.0,4.0,4.0,4.0,0
2015-12-02,4.4,4.4,4.4,4.4,100
2015-12-03,4.4,4.4,4.4,4.4,0
2015-12-04,4.0,4.0,4.0,4.0,1100
2015-12-07,4.0,4.0,4.0,4.0,0
2015-12-08,4.3,4.3,4.3,4.3,1400
2015-12-09,4.5,4.5,4.5,4.5,100
2015-12-10,4.5,4.5,4.5,4.5,0
2015-12-11,4.1,4.2,4.1,4.1,3700
2015-12-14,4.0,4.2,4.0,4.2,2600
2015-12-15,4.2,4.2,4.2,4.2,0
2015-12-16,4.2,4.2,4.2,4.2,0
2015-12-17,4.2,4.2,4.1,4.1,3600
2015-12-18,4.1,4.1,4.1,4.1,5019
2015-12-21,3.8,3.8,3.8,3.8,2500
2015-12-22,4.1,4.1,4.1,4.1,100
2015-12-23,4.0,4.0,4.0,4.0,8100
2015-12-24,3.8,3.8,3.8,3.8,3000
2015-12-25,4.1,4.1,4.1,4.1,100
2015-12-28,4.1,4.1,4.1,4.1,29040
2015-12-29,4.1,4.1,3.8,3.8,15200
2015-12-30,4.1,4.1,4.1,4.1,100
2015-12-31,4.1,4.1,4.1,4.1,0
2016-01-04,4.2,4.2,4.1,4.1,600
2016-01-05,4.3,4.3,4.3,4.3,100
2016-01-06,4.1,4.1,4.1,4.1,2000
2016-01-07,4.2,4.2,3.7,3.7,2600
2016-01-08,3.8,4.0,3.7,4.0,900
2016-01-11,4.0,4.0,4.0,4.0,0
2016-01-12,4.1,4.1,4.1,4.1,100
2016-01-13,4.1,4.1,4.1,4.1,0
2016-01-14,4.1,4.1,4.1,4.1,0
2016-01-15,4.4,4.5,3.9,3.9,13200
2016-01-18,4.2,4.2,4.2,4.2,100
2016-01-19,4.2,4.2,4.2,4.2,400
2016-01-20,4.0,4.3,4.0,4.0,800
2016-01-21,4.0,4.0,3.7,3.7,14300
2016-01-22,3.7,3.7,3.7,3.7,3000
2016-01-25,4.0,4.0,4.0,4.0,2000
2016-01-26,4.1,4.1,3.6,3.9,23600
2016-01-27,3.9,3.9,3.9,3.9,0
2016-01-28,3.9,3.9,3.9,3.9,0
2016-01-29,3.6,3.6,3.6,3.6,500
2016-02-01,3.7,3.7,3.7,3.7,100
2016-02-02,3.9,3.9,3.9,3.9,5400
2016-02-03,3.9,3.9,3.9,3.9,300
2016-02-04,3.8,3.8,3.8,3.8,4000
2016-02-05,3.8,3.8,3.8,3.8,0
2016-02-15,3.9,3.9,3.9,3.9,200
2016-02-16,4.1,4.1,3.6,3.6,4100
2016-02-17,3.7,3.9,3.7,3.9,700
2016-02-18,3.7,3.7,3.7,3.7,200
2016-02-19,3.5,3.8,3.5,3.8,5200
2016-02-22,3.9,3.9,3.9,3.9,100
2016-02-23,3.8,3.9,3.8,3.8,2100
2016-02-24,3.8,3.8,3.8,3.8,0
2016-02-25,3.9,3.9,3.9,3.9,1000
2016-02-26,3.8,3.8,3.8,3.8,1000
2016-02-29,3.9,4.1,3.9,4.1,15800
2016-03-01,4.5,4.5,4.3,4.5,9400
2016-03-02,4.5,4.5,4.5,4.5,0
2016-03-03,4.1,4.9,4.1,4.2,24600
2016-03-04,4.0,4.3,4.0,4.3,21200
2016-03-07,4.0,4.4,4.0,4.4,1900
2016-03-08,4.1,4.3,4.1,4.3,1000
2016-03-09,4.3,4.3,4.3,4.3,0
2016-03-10,4.3,4.3,4.3,4.3,0
2016-03-11,4.0,4.2,4.0,4.2,5500
2016-03-14,4.1,4.1,4.1,4.1,3000
2016-03-15,4.1,4.5,4.1,4.5,34000
2016-03-16,4.8,4.9,4.8,4.9,44300
2016-03-17,5.1,5.3,5.1,5.3,57500
2016-03-18,5.7,5.8,5.1,5.1,2800
2016-03-21,5.1,5.6,5.0,5.5,4400
2016-03-22,5.9,5.9,5.0,5.0,2000
2016-03-23,5.3,5.3,5.3,5.3,500
2016-03-24,4.8,5.6,4.8,5.5,2800
2016-03-25,5.0,5.0,5.0,5.0,3000
2016-03-28,5.2,5.2,5.2,5.2,100
2016-03-29,5.2,5.2,5.2,5.2,0
2016-03-30,4.8,5.1,4.7,5.1,1300
2016-03-31,5.1,5.1,5.1,5.1,0
2016-04-01,4.6,4.6,4.6,4.6,2000
2016-04-04,4.9,4.9,4.9,4.9,100
2016-04-05,4.9,4.9,4.9,4.9,0
2016-04-06,4.7,4.7,4.7,4.7,1800
2016-04-07,5.1,5.1,5.1,5.1,200
2016-04-08,4.6,4.7,4.6,4.7,3400
2016-04-11,5.0,5.0,4.6,4.7,3344
2016-04-12,4.7,4.7,4.7,4.7,500
2016-04-13,4.7,4.7,4.7,4.7,900
2016-04-14,4.7,5.1,4.7,5.1,42800
2016-04-15,5.3,5.4,5.3,5.4,2500
2016-04-19,5.2,5.2,5.0,5.0,2100
2016-04-20,5.3,5.5,5.1,5.5,117700
2016-04-21,5.7,5.7,5.3,5.4,11000
2016-04-22,5.2,5.3,5.2,5.3,9700
2016-04-25,5.5,5.6,5.2,5.4,18300
2016-04-26,5.2,5.2,5.2,5.2,5000
2016-04-27,5.2,5.3,5.2,5.3,59736
2016-04-28,5.3,5.5,5.3,5.3,81610
2016-04-29,5.3,5.5,5.3,5.4,90690
2016-05-04,5.4,5.4,5.4,5.4,100
2016-05-05,5.3,5.8,5.3,5.5,143300
2016-05-06,5.5,5.6,5.5,5.5,75100
2016-05-09,5.5,5.6,5.5,5.6,21500
2016-05-10,5.4,5.6,5.4,5.5,71400
2016-05-11,5.7,5.7,5.5,5.7,900
2016-05-12,5.6,5.6,5.6,5.6,6000
2016-05-13,5.4,5.9,5.4,5.4,18530
2016-05-16,5.4,5.6,5.4,5.4,11300
2016-05-17,5.5,5.5,5.5,5.5,6600
2016-05-18,5.5,5.6,5.4,5.4,17300
2016-05-19,5.7,5.8,5.5,5.5,154600
2016-05-20,5.6,5.6,5.6,5.6,1600
2016-05-23,5.6,5.7,5.6,5.7,9000
2016-05-24,5.7,6.0,5.7,5.8,54400
2016-05-25,5.4,5.8,5.4,5.7,162900
2016-05-26,5.7,5.7,5.7,5.7,300
2016-05-27,5.7,5.7,5.7,5.7,5000
2016-05-30,5.8,5.8,5.6,5.8,2900
2016-05-31,5.6,5.6,5.6,5.6,12000
2016-06-01,5.6,5.7,5.6,5.6,7900
2016-06-02,5.8,5.8,5.8,5.8,6300
2016-06-03,5.8,5.9,5.8,5.8,11460
2016-06-06,5.7,6.1,5.6,5.9,39300
2016-06-07,6.0,6.0,6.0,6.0,100
2016-06-08,6.0,6.0,6.0,6.0,20
2016-06-09,5.5,6.0,5.5,6.0,6100
2016-06-10,6.0,6.0,6.0,6.0,0
2016-06-13,5.5,5.9,5.5,5.9,800
2016-06-14,5.6,5.6,5.6,5.6,23200
2016-06-15,5.6,5.8,5.6,5.8,2200
2016-06-16,5.9,6.1,5.8,6.0,45000
2016-06-17,6.0,6.1,6.0,6.0,23900
2016-06-20,6.0,6.5,6.0,6.5,75800
2016-06-21,6.0,6.6,6.0,6.6,7200
2016-06-22,6.2,6.3,6.0,6.3,8900
2016-06-23,6.4,6.6,6.3,6.6,64200
2016-06-24,6.3,6.3,6.0,6.3,65400
2016-06-27,6.5,6.5,6.5,6.5,100
2016-06-28,6.4,6.4,6.1,6.2,19500
2016-06-29,6.2,6.3,6.2,6.3,6100
2016-06-30,6.3,6.4,6.2,6.4,8600
2016-07-01,6.4,6.4,6.4,6.4,0
2016-07-04,6.0,6.0,6.0,6.0,1000
2016-07-05,6.0,6.1,5.9,6.1,5700
2016-07-06,6.1,6.1,6.1,6.1,2500
2016-07-07,6.0,6.1,6.0,6.1,4600
2016-07-08,5.7,6.0,5.7,5.9,2700
2016-07-11,6.0,6.0,5.6,5.9,2700
2016-07-12,5.9,5.9,5.9,5.9,0
2016-07-13,5.9,6.0,5.8,6.0,6300
2016-07-14,6.0,6.0,5.8,5.9,6672
2016-07-15,5.7,6.0,5.4,6.0,37400
2016-07-18,6.0,6.0,5.8,6.0,6300
2016-07-19,5.7,5.7,5.7,5.7,500
2016-07-20,5.7,5.7,5.5,5.5,11400
2016-07-21,5.6,5.6,5.6,5.6,4628
2016-07-22,5.6,5.6,5.6,5.6,0
2016-07-25,5.5,5.6,5.3,5.6,12100
2016-07-26,5.7,5.7,5.7,5.7,200
2016-07-27,5.6,5.6,5.4,5.4,1100
2016-07-28,5.4,5.6,5.4,5.6,1000
2016-07-29,5.6,5.6,5.6,5.6,0
2016-08-01,5.6,5.6,5.6,5.6,0
2016-08-02,5.2,5.2,5.1,5.1,8300
2016-08-03,5.0,5.1,5.0,5.1,3600
2016-08-04,5.6,5.6,5.6,5.6,100
2016-08-05,5.6,5.6,5.6,5.6,0
2016-08-08,5.6,5.6,5.6,5.6,0
2016-08-09,5.1,5.5,5.1,5.5,8300
2016-08-10,5.0,5.8,5.0,5.8,20700
2016-08-11,5.3,5.6,5.3,5.5,9500
2016-08-12,5.5,5.5,5.5,5.5,0
2016-08-15,5.5,5.5,5.5,5.5,0
2016-08-16,5.4,6.0,5.3,6.0,55500
2016-08-17,6.1,6.6,6.1,6.6,29700
2016-08-18,6.9,7.1,6.2,7.0,1100
2016-08-19,6.9,7.0,6.9,7.0,9200
2016-08-22,6.6,6.8,6.6,6.8,2700
2016-08-23,7.0,7.2,7.0,7.2,10000
2016-08-24,7.0,7.0,6.5,6.7,7600
2016-08-25,6.9,6.9,6.1,6.1,21700
2016-08-26,5.6,6.2,5.6,6.2,400
2016-08-29,6.1,6.4,6.1,6.4,1100
2016-08-30,5.9,5.9,5.9,5.9,400
2016-08-31,6.2,6.2,5.9,5.9,256
2016-09-01,5.9,5.9,5.9,5.9,0
2016-09-05,6.3,6.3,6.3,6.3,100
2016-09-06,6.4,6.7,6.0,6.0,2832
2016-09-07,5.5,5.5,5.4,5.4,8300
2016-09-08,5.5,5.5,5.5,5.5,1000
2016-09-09,5.5,5.5,5.5,5.5,0
2016-09-12,5.1,5.1,5.1,5.1,100
2016-09-13,5.1,5.1,5.1,5.1,0
2016-09-14,5.2,5.2,5.2,5.2,1500
2016-09-15,5.2,5.2,5.2,5.2,1412
2016-09-16,5.2,5.2,5.2,5.2,100
2016-09-19,5.2,5.4,5.2,5.4,4100
2016-09-20,5.6,5.6,5.6,5.6,300
2016-09-21,5.6,5.6,5.6,5.6,0
2016-09-22,5.6,5.8,5.6,5.8,300
2016-09-23,5.3,5.3,5.3,5.3,700
2016-09-26,5.3,5.3,5.3,5.3,200
2016-09-27,5.3,5.3,5.3,5.3,0
2016-09-28,5.3,5.3,5.3,5.3,0
2016-09-29,5.5,5.7,5.5,5.7,12308
2016-09-30,5.7,5.7,5.7,5.7,0
2016-10-03,5.7,5.7,5.7,5.7,0
2016-10-04,5.7,5.7,5.7,5.7,0
2016-10-05,5.2,5.8,5.2,5.8,700
2016-10-06,5.3,5.7,5.3,5.7,12400
2016-10-07,5.7,5.7,5.7,5.7,0
2016-10-10,5.8,6.2,5.8,6.2,11300
2016-10-11,6.1,6.1,6.1,6.1,11000
2016-10-12,6.1,6.1,6.1,6.1,0
2016-10-13,6.7,6.7,5.5,5.5,1100
2016-10-14,5.2,5.2,5.2,5.2,11000
2016-10-17,5.2,5.2,5.2,5.2,0
2016-10-18,5.2,5.2,5.2,5.2,0
2016-10-19,5.6,5.6,5.6,5.6,100
2016-10-20,5.6,5.6,5.6,5.6,0
2016-10-21,5.8,5.8,5.2,5.2,200
2016-10-24,5.0,5.0,5.0,5.0,2000
2016-10-25,5.5,5.5,5.5,5.5,5000
2016-10-26,5.5,5.5,5.5,5.5,0
2016-10-27,5.5,5.5,5.5,5.5,0
2016-10-28,5.5,5.5,5.5,5.5,0
2016-10-31,5.5,5.5,5.5,5.5,0
2016-11-01,5.7,5.7,5.7,5.7,6000
2016-11-02,5.7,5.7,5.7,5.7,0
2016-11-03,5.7,5.7,5.7,5.7,0
2016-11-04,5.2,5.2,5.2,5.2,300
2016-11-07,4.8,5.6,4.8,5.6,10700
2016-11-08,5.6,5.6,5.6,5.6,0
2016-11-09,5.1,5.1,5.1,5.1,200
2016-11-10,5.2,5.3,5.2,5.3,1500
2016-11-11,5.3,5.3,5.3,5.3,0
2016-11-14,5.8,5.8,5.3,5.3,10000
2016-11-15,4.8,4.8,4.8,4.8,17400
2016-11-16,5.1,5.1,4.8,4.8,200
2016-11-17,4.8,5.1,4.8,5.1,11100
2016-11-18,5.1,5.1,5.1,5.1,0
2016-11-21,4.9,4.9,4.9,4.9,100
2016-11-22,4.8,4.9,4.5,4.9,1100
2016-11-23,4.9,4.9,4.9,4.9,0
2016-11-24,4.7,5.0,4.5,5.0,2000
2016-11-25,5.0,5.0,5.0,5.0,0
2016-11-28,4.6,5.0,4.5,5.0,3100
2016-11-29,4.6,4.6,4.6,4.6,100
2016-11-30,4.7,4.7,4.7,4.7,1000
2016-12-01,4.7,4.7,4.7,4.7,0
2016-12-02,5.1,5.1,5.1,5.1,2900
2016-12-05,4.7,4.7,4.7,4.7,300
2016-12-06,4.7,4.7,4.7,4.7,0
2016-12-07,4.7,4.7,4.7,4.7,0
2016-12-08,4.7,4.7,4.7,4.7,0
2016-12-09,4.7,4.7,4.7,4.7,0
2016-12-12,4.7,4.7,4.7,4.7,0
2016-12-13,4.7,4.7,4.7,4.7,0
2016-12-14,4.7,4.7,4.7,4.7,0
2016-12-15,4.7,4.7,4.7,4.7,3000
2016-12-16,4.7,4.7,4.7,4.7,2000
2016-12-19,4.7,4.7,4.7,4.7,0
2016-12-20,4.5,4.9,4.5,4.9,300
2016-12-21,4.9,4.9,4.9,4.9,0
2016-12-22,4.6,4.6,4.6,4.6,500
2016-12-23,4.6,4.6,4.6,4.6,0
2016-12-26,4.6,4.6,4.6,4.6,0
2016-12-27,5.0,5.0,5.0,5.0,220
2016-12-28,5.0,5.0,5.0,5.0,0
2016-12-29,5.0,5.0,5.0,5.0,100
2016-12-30,5.2,5.2,5.2,5.2,100
2017-01-03,5.4,5.4,5.4,5.4,500
2017-01-04,5.4,5.4,5.4,5.4,0
2017-01-05,5.0,5.0,5.0,5.0,100
2017-01-06,5.0,5.0,5.0,5.0,0
2017-01-09,5.0,5.0,5.0,5.0,0
2017-01-10,5.0,5.0,5.0,5.0,0
2017-01-11,5.0,5.2,5.0,5.2,4500
2017-01-12,5.2,5.2,5.2,5.2,0
2017-01-13,5.3,5.3,5.3,5.3,2100
2017-01-16,5.3,5.3,5.3,5.3,0
2017-01-17,5.3,5.3,5.3,5.3,100
2017-01-18,5.2,5.2,4.8,4.8,3700
2017-01-19,4.8,4.8,4.8,4.8,0
2017-01-20,4.8,4.8,4.8,4.8,0
2017-01-23,4.8,4.8,4.8,4.8,0
2017-01-24,4.4,4.8,4.4,4.8,10100
2017-01-25,4.8,4.8,4.8,4.8,0
2017-02-02,4.8,4.8,4.8,4.8,0
2017-02-03,4.8,4.8,4.8,4.8,0
2017-02-06,4.8,4.8,4.8,4.8,0
2017-02-07,4.8,4.8,4.8,4.8,0
2017-02-08,4.8,4.8,4.8,4.8,0
2017-02-09,4.8,4.8,4.8,4.8,0
2017-02-10,4.8,4.8,4.8,4.8,0
2017-02-13,5.0,5.0,5.0,5.0,100
2017-02-14,5.0,5.0,5.0,5.0,0
2017-02-15,5.1,5.1,5.1,5.1,100
2017-02-16,5.1,5.1,5.1,5.1,0
2017-02-17,5.1,5.1,5.1,5.1,0
2017-02-20,5.1,5.1,5.1,5.1,0
2017-02-21,5.5,5.5,5.5,5.5,100
2017-02-22,5.5,5.5,5.5,5.5,0
2017-02-23,5.0,5.0,5.0,5.0,100
2017-02-24,4.6,5.0,4.6,5.0,200
2017-02-27,5.3,5.3,5.3,5.3,100
2017-02-28,5.4,5.7,5.4,5.7,500
2017-03-01,5.7,5.7,5.7,5.7,0
2017-03-02,5.7,5.7,5.7,5.7,0
2017-03-03,5.2,5.9,5.2,5.9,6800
2017-03-06,5.9,5.9,5.9,5.9,0
2017-03-07,5.9,5.9,5.9,5.9,0
2017-03-08,5.8,5.8,5.8,5.8,3000
2017-03-09,5.3,5.3,5.3,5.3,100
2017-03-10,4.9,4.9,4.9,4.9,100
2017-03-13,4.6,4.6,4.6,4.6,200
2017-03-14,4.6,4.6,4.2,4.2,4300
2017-03-15,4.2,4.4,4.2,4.4,11500
2017-03-16,4.5,4.5,4.5,4.5,100
2017-03-17,4.5,4.5,4.5,4.5,0
2017-03-20,4.6,4.8,4.3,4.3,4400
2017-03-21,4.3,4.3,4.3,4.3,0
2017-03-22,4.3,4.3,4.3,4.3,0
2017-03-23,4.3,4.3,4.3,4.3,0
2017-03-24,4.3,4.3,4.3,4.3,0
2017-03-27,4.1,4.1,4.0,4.0,1400
2017-03-28,4.0,4.1,4.0,4.1,600
2017-03-29,4.4,4.4,3.9,3.9,600
2017-03-30,3.9,3.9,3.9,3.9,0
2017-03-31,3.9,3.9,3.9,3.9,0
2017-04-03,3.7,3.7,3.7,3.7,3700
2017-04-04,3.6,4.0,3.5,4.0,700
2017-04-05,4.1,4.1,4.1,4.1,100
2017-04-07,4.1,4.1,4.1,4.1,0
2017-04-10,4.1,4.1,4.1,4.1,0
2017-04-11,3.8,3.8,3.8,3.8,2600
2017-04-12,3.8,3.8,3.8,3.8,0
2017-04-13,3.7,3.9,3.5,3.9,3600
2017-04-14,3.9,3.9,3.9,3.9,0
2017-04-17,3.9,3.9,3.9,3.9,0
2017-04-18,3.9,3.9,3.9,3.9,0
2017-04-19,3.6,3.6,3.6,3.6,15100
2017-04-20,3.8,3.8,3.8,3.8,100
2017-04-21,3.7,3.7,3.7,3.7,1000
2017-04-24,3.7,3.8,3.7,3.8,1900
2017-04-25,3.7,3.7,3.6,3.6,2000
2017-04-26,3.4,3.5,3.3,3.5,6500
2017-04-27,3.4,3.4,3.2,3.3,26400
2017-04-28,3.1,3.1,3.0,3.0,8100
2017-05-03,3.0,3.0,3.0,3.0,200
2017-05-04,3.0,3.0,3.0,3.0,3400
2017-05-05,3.1,3.1,3.0,3.1,8000
2017-05-08,3.0,3.0,3.0,3.0,4000
2017-05-09,3.0,3.0,3.0,3.0,7700
2017-05-10,3.2,3.2,3.2,3.2,12700
2017-05-11,3.2,3.2,3.0,3.0,3300
2017-05-12,3.0,3.1,3.0,3.1,10400
2017-05-15,3.1,3.3,3.1,3.3,10600
2017-05-16,3.3,3.3,3.3,3.3,6300
2017-05-17,3.2,3.3,3.2,3.3,1800
2017-05-18,3.4,3.4,3.4,3.4,100
2017-05-19,3.4,3.5,3.4,3.5,2000
2017-05-22,3.5,3.6,3.5,3.6,10700
2017-05-23,3.5,3.6,3.5,3.5,3800
2017-05-24,3.5,3.5,3.5,3.5,2700
2017-05-25,3.5,3.5,3.3,3.4,16300
2017-05-26,3.4,3.6,3.4,3.6,1900
2017-05-29,3.5,3.5,3.5,3.5,5000
2017-05-30,3.5,3.5,3.5,3.5,6700
2017-05-31,3.5,3.5,3.5,3.5,0
2017-06-01,3.5,3.5,3.5,3.5,0
2017-06-02,3.6,3.6,3.6,3.6,3100
2017-06-05,3.5,3.5,3.5,3.5,600
2017-06-06,3.5,3.5,3.5,3.5,0
2017-06-07,3.5,3.5,3.5,3.5,7800
2017-06-08,3.5,3.5,3.5,3.5,7000
2017-06-09,3.5,3.5,3.5,3.5,2100
2017-06-12,3.5,3.5,3.5,3.5,300
2017-06-13,3.5,3.5,3.5,3.5,0
2017-06-14,3.4,3.4,3.4,3.4,2000
2017-06-15,3.4,3.4,3.4,3.4,0
2017-06-16,3.4,3.4,3.4,3.4,0
2017-06-19,3.4,3.4,3.4,3.4,0
2017-06-20,3.4,3.4,3.4,3.4,0
2017-06-21,3.4,3.4,3.4,3.4,0
2017-06-22,3.5,3.5,3.5,3.5,100
2017-06-23,3.5,3.5,3.5,3.5,400
2017-06-26,3.2,3.2,3.2,3.2,300
2017-06-27,3.2,3.2,3.2,3.2,0
2017-06-28,3.4,3.4,3.4,3.4,100
2017-06-29,3.5,3.5,3.5,3.5,3000
2017-06-30,3.3,3.3,3.3,3.3,1000
2017-07-03,3.3,3.3,3.3,3.3,0
2017-07-04,3.6,3.6,3.6,3.6,6000
2017-07-05,3.6,3.6,3.6,3.6,400
2017-07-06,3.6,3.6,3.5,3.5,3100
2017-07-07,3.5,3.6,3.5,3.6,6200
2017-07-10,3.6,3.6,3.6,3.6,3000
2017-07-11,3.7,3.7,3.7,3.7,2000
2017-07-12,3.7,3.7,3.7,3.7,0
2017-07-13,3.7,3.7,3.7,3.7,0
2017-07-14,3.6,3.6,3.6,3.6,1000
2017-07-17,3.6,3.6,3.6,3.6,0
2017-07-18,3.6,3.6,3.6,3.6,100
2017-07-19,3.5,3.5,3.5,3.5,208
2017-07-20,3.5,3.5,3.5,3.5,0
2017-07-21,3.5,3.5,3.5,3.5,1500
2017-07-24,3.5,3.5,3.5,3.5,0
2017-07-25,3.6,3.8,3.6,3.8,12000
2017-07-26,3.9,3.9,3.9,3.9,200
2017-07-27,3.9,3.9,3.9,3.9,8
2017-07-28,3.6,3.8,3.6,3.8,400
2017-07-31,3.8,3.8,3.8,3.8,0
2017-08-01,4.1,4.1,4.1,4.1,100
2017-08-02,4.1,4.1,4.1,4.1,0
2017-08-03,3.7,3.7,3.7,3.7,100
2017-08-04,3.7,3.7,3.7,3.7,1000
2017-08-07,3.7,3.7,3.7,3.7,0
2017-08-08,3.7,4.0,3.7,4.0,12600
2017-08-09,3.9,3.9,3.9,3.9,100
2017-08-10,3.6,3.6,3.6,3.6,5300
2017-08-11,3.6,3.6,3.6,3.6,0
2017-08-14,3.5,3.8,3.5,3.8,5200
2017-08-15,3.8,3.8,3.8,3.8,0
2017-08-16,3.8,3.8,3.8,3.8,0
2017-08-17,3.8,3.8,3.8,3.8,0
2017-08-18,3.5,3.5,3.5,3.5,100
2017-08-21,3.5,3.5,3.5,3.5,100
2017-08-22,3.5,3.5,3.5,3.5,0
2017-08-23,3.5,3.5,3.5,3.5,0
2017-08-24,3.5,3.5,3.5,3.5,0
2017-08-25,3.5,3.5,3.5,3.5,32
2017-08-28,3.5,3.5,3.5,3.5,0
2017-08-29,3.5,3.5,3.5,3.5,0
2017-08-30,3.5,3.5,3.5,3.5,0
2017-08-31,3.5,3.5,3.5,3.5,0
2017-09-01,3.5,3.5,3.5,3.5,0
2017-09-05,3.5,3.5,3.5,3.5,0
2017-09-06,3.5,3.5,3.5,3.5,0
2017-09-07,3.5,3.5,3.5,3.5,0
2017-09-08,3.5,3.5,3.5,3.5,0
2017-09-11,3.5,3.5,3.5,3.5,104
2017-09-12,3.5,3.5,3.5,3.5,0
2017-09-13,3.5,3.5,3.5,3.5,60
2017-09-14,3.5,3.5,3.5,3.5,0
2017-09-15,3.5,3.5,3.5,3.5,0
2017-09-18,3.5,3.5,3.5,3.5,0
2017-09-19,3.6,3.6,3.6,3.6,100
2017-09-20,3.6,3.6,3.6,3.6,0
2017-09-21,3.6,3.6,3.6,3.6,0
2017-09-22,3.4,3.4,3.3,3.3,300
2017-09-25,3.5,3.6,3.5,3.6,5800
2017-09-26,3.6,3.6,3.6,3.6,0
2017-09-27,3.6,3.6,3.6,3.6,0
2017-09-28,3.6,3.6,3.6,3.6,0
2017-09-29,3.6,3.6,3.6,3.6,0
2017-10-02,3.3,3.7,3.3,3.3,9500
2017-10-03,3.3,3.3,3.3,3.3,400
2017-10-04,3.3,3.3,3.3,3.3,0
2017-10-05,3.3,3.6,3.0,3.6,22300
2017-10-06,3.6,3.6,3.6,3.6,0
2017-10-09,3.6,3.6,3.6,3.6,0
2017-10-10,3.6,3.6,3.6,3.6,0
2017-10-11,3.6,3.6,3.6,3.6,0
2017-10-12,3.5,3.5,3.5,3.5,1000
2017-10-13,3.8,3.8,3.8,3.8,100
2017-10-16,3.8,3.8,3.8,3.8,0
2017-10-17,3.5,3.6,3.5,3.5,25900
2017-10-18,3.5,3.5,3.4,3.5,4000
2017-10-19,3.5,3.5,3.5,3.5,0
2017-10-20,3.5,3.5,3.5,3.5,22400
2017-10-23,3.5,3.5,3.5,3.5,2200
2017-10-24,3.5,3.5,3.2,3.4,22300
2017-10-25,3.4,3.4,3.2,3.2,2400
2017-10-26,3.4,3.4,3.2,3.2,13700
2017-10-27,3.4,3.4,3.0,3.0,6600
2017-10-30,3.0,3.0,3.0,3.0,0
2017-10-31,3.0,3.0,3.0,3.0,0
2017-11-01,3.0,3.0,3.0,3.0,0
2017-11-02,3.0,3.0,3.0,3.0,0
2017-11-03,3.2,3.2,2.9,2.9,34504
2017-11-06,2.9,2.9,2.9,2.9,0
2017-11-07,2.9,2.9,2.9,2.9,0
2017-11-08,2.9,2.9,2.9,2.9,0
2017-11-09,2.9,2.9,2.9,2.9,0
2017-11-10,3.0,3.1,2.7,2.7,42501
2017-11-13,2.7,2.7,2.7,2.7,0
2017-11-14,2.7,2.7,2.7,2.7,0
2017-11-15,2.7,2.7,2.7,2.7,0
2017-11-16,2.7,2.7,2.7,2.7,0
2017-11-17,2.9,2.9,2.9,2.9,543
2017-11-20,2.9,2.9,2.9,2.9,0
2017-11-21,2.9,2.9,2.9,2.9,0
2017-11-22,2.9,2.9,2.9,2.9,0
2017-11-23,2.9,2.9,2.9,2.9,0
2017-11-24,3.1,3.1,3.1,3.1,4500
2017-11-27,3.1,3.1,3.1,3.1,0
2017-11-28,3.1,3.1,3.1,3.1,0
2017-11-29,3.1,3.1,3.1,3.1,0
2017-11-30,3.1,3.1,3.1,3.1,0
2017-12-01,3.4,3.4,3.1,3.1,15140
2017-12-04,3.1,3.1,3.1,3.1,0
2017-12-05,3.1,3.1,3.1,3.1,0
2017-12-06,3.1,3.1,3.1,3.1,0
2017-12-07,3.1,3.1,3.1,3.1,0
2017-12-08,3.3,3.4,2.8,2.8,19273
2017-12-11,2.8,2.8,2.8,2.8,0
2017-12-12,2.8,2.8,2.8,2.8,0
2017-12-13,2.8,2.8,2.8,2.8,0
2017-12-14,2.8,2.8,2.8,2.8,0
2017-12-15,3.0,3.0,3.0,3.0,3900
2017-12-18,3.0,3.0,3.0,3.0,0
2017-12-19,3.0,3.0,3.0,3.0,0
2017-12-20,3.0,3.0,3.0,3.0,0
2017-12-21,3.0,3.0,3.0,3.0,0
2017-12-22,3.3,3.3,3.3,3.3,6400
2017-12-25,3.3,3.3,3.3,3.3,0
2017-12-26,3.3,3.3,3.3,3.3,0
2017-12-27,3.3,3.3,3.3,3.3,0
2017-12-28,3.3,3.3,3.3,3.3,0
2017-12-29,3.5,3.6,3.3,3.3,14000
2018-01-02,3.3,3.3,3.3,3.3,0
2018-01-03,3.3,3.3,3.3,3.3,0
2018-01-04,3.3,3.3,3.3,3.3,0
2018-01-05,3.6,3.6,3.3,3.6,26204
2018-01-08,3.6,3.6,3.6,3.6,0
2018-01-09,3.6,3.6,3.6,3.6,0
2018-01-10,3.6,3.6,3.6,3.6,0
2018-01-11,3.6,3.6,3.6,3.6,0
2018-01-12,3.5,3.5,3.4,3.4,6700
2018-01-15,3.4,3.4,3.4,3.4,0
2018-01-16,3.4,3.4,3.4,3.4,0
2018-01-17,3.4,3.4,3.4,3.4,0
2018-01-18,3.4,3.4,3.4,3.4,0
2018-01-19,3.6,3.7,3.4,3.4,34200
2018-01-22,3.4,3.4,3.4,3.4,0
2018-01-23,3.4,3.4,3.4,3.4,0
2018-01-24,3.4,3.4,3.4,3.4,0
2018-01-25,3.4,3.4,3.4,3.4,0
2018-01-26,3.6,3.7,3.4,3.4,34400
2018-01-29,3.4,3.4,3.4,3.4,0
2018-01-30,3.4,3.4,3.4,3.4,0
2018-01-31,3.4,3.4,3.4,3.4,0
2018-02-01,3.4,3.4,3.4,3.4,0
2018-02-02,3.6,3.7,3.6,3.7,14000
2018-02-05,3.7,3.7,3.7,3.7,0
2018-02-06,3.7,3.7,3.7,3.7,0
2018-02-07,3.7,3.7,3.7,3.7,0
2018-02-08,3.7,3.7,3.7,3.7,0
2018-02-09,3.5,4.0,3.5,4.0,300
2018-02-12,4.0,4.0,4.0,4.0,0
2018-02-13,4.0,4.0,4.0,4.0,0
2018-02-21,4.0,4.0,4.0,4.0,0
2018-02-22,4.0,4.0,4.0,4.0,0
2018-02-23,3.7,3.7,3.6,3.6,1800
2018-02-26,3.6,3.6,3.6,3.6,0
2018-02-27,3.6,3.6,3.6,3.6,0
2018-02-28,3.6,3.6,3.6,3.6,0
2018-03-01,3.6,3.6,3.6,3.6,0
2018-03-02,3.8,3.8,3.5,3.5,4500
2018-03-05,3.5,3.5,3.5,3.5,0
2018-03-06,3.5,3.5,3.5,3.5,0
2018-03-07,3.5,3.5,3.5,3.5,0
2018-03-08,3.5,3.5,3.5,3.5,0
2018-03-09,3.6,3.6,3.3,3.3,8600
2018-03-12,3.3,3.3,3.3,3.3,0
2018-03-13,3.3,3.3,3.3,3.3,0
2018-03-14,3.3,3.3,3.3,3.3,0
2018-03-15,3.3,3.3,3.3,3.3,0
2018-03-16,3.3,3.3,3.3,3.3,2000
2018-03-19,3.3,3.3,3.3,3.3,0
2018-03-20,3.3,3.3,3.3,3.3,0
2018-03-21,3.3,3.3,3.3,3.3,0
2018-03-22,3.3,3.3,3.3,3.3,0
2018-03-23,3.3,3.3,3.3,3.3,0
2018-03-26,3.3,3.3,3.3,3.3,0
2018-03-27,3.3,3.3,3.3,3.3,0
2018-03-28,3.3,3.3,3.3,3.3,0
2018-03-29,3.3,3.3,3.3,3.3,0
2018-03-30,3.6,3.6,3.2,3.6,5300
2018-04-02,3.6,3.6,3.6,3.6,0
2018-04-03,3.6,3.6,3.6,3.6,0
2018-04-04,3.6,3.6,3.6,3.6,0
2018-04-05,3.6,3.6,3.6,3.6,0
2018-04-06,3.9,3.9,3.8,3.8,6600
2018-04-09,3.8,3.8,3.8,3.8,0
2018-04-10,3.8,3.8,3.8,3.8,0
2018-04-11,3.8,3.8,3.8,3.8,0
2018-04-12,3.8,3.8,3.8,3.8,0
2018-04-13,3.8,4.1,3.8,3.8,10800
2018-04-16,3.8,3.8,3.8,3.8,0
2018-04-17,3.8,3.8,3.8,3.8,0
2018-04-18,3.8,3.8,3.8,3.8,0
2018-04-19,3.8,3.8,3.8,3.8,0
2018-04-20,4.1,4.1,4.1,4.1,11500
2018-04-23,4.1,4.1,4.1,4.1,0
2018-04-24,4.1,4.1,4.1,4.1,0
2018-04-26,4.1,4.1,4.1,4.1,0
2018-04-27,4.3,4.3,3.9,3.9,1300
2018-05-02,3.9,3.9,3.9,3.9,0
2018-05-03,3.9,3.9,3.9,3.9,0
2018-05-04,4.0,4.0,4.0,4.0,3000
2018-05-07,4.0,4.0,4.0,4.0,0
2018-05-08,4.0,4.0,4.0,4.0,0
2018-05-09,4.0,4.0,4.0,4.0,0
2018-05-10,4.0,4.0,4.0,4.0,0
2018-05-11,4.4,4.4,4.4,4.4,5800
2018-05-14,4.4,4.4,4.4,4.4,0
2018-05-15,4.4,4.4,4.4,4.4,0
2018-05-16,4.4,4.4,4.4,4.4,0
2018-05-17,4.4,4.4,4.4,4.4,0
2018-05-18,4.0,4.4,4.0,4.4,200
2018-05-21,4.4,4.4,4.4,4.4,0
2018-05-22,4.4,4.4,4.4,4.4,0
2018-05-23,4.4,4.4,4.4,4.4,0
2018-05-24,4.4,4.4,4.4,4.4,0
2018-05-25,4.0,4.4,4.0,4.4,500
2018-05-28,4.4,4.4,4.4,4.4,0
2018-05-29,4.4,4.4,4.4,4.4,0
2018-05-30,4.4,4.4,4.4,4.4,0
2018-05-31,4.4,4.4,4.4,4.4,0
2018-06-01,4.0,4.0,4.0,4.0,500
2018-06-04,4.0,4.0,4.0,4.0,0
2018-06-05,4.0,4.0,4.0,4.0,0
2018-06-06,4.0,4.0,4.0,4.0,0
2018-06-07,4.0,4.0,4.0,4.0,0
2018-06-08,3.6,3.6,3.6,3.6,200
2018-06-11,3.6,3.6,3.6,3.6,0
2018-06-12,3.6,3.6,3.6,3.6,0
2018-06-13,3.6,3.6,3.6,3.6,0
2018-06-14,3.6,3.6,3.6,3.6,0
2018-06-15,3.9,3.9,3.5,3.5,1300
2018-06-18,3.5,3.5,3.5,3.5,0
2018-06-19,3.5,3.5,3.5,3.5,0
2018-06-20,3.5,3.5,3.5,3.5,0
2018-06-21,3.5,3.5,3.5,3.5,0
2018-06-22,3.8,3.8,3.6,3.6,3300
2018-06-25,3.6,3.6,3.6,3.6,0
2018-06-26,3.6,3.6,3.6,3.6,0
2018-06-27,3.6,3.6,3.6,3.6,0
2018-06-28,3.6,3.6,3.6,3.6,0
2018-06-29,3.3,3.3,3.3,3.3,100
2018-07-02,3.3,3.3,3.3,3.3,0
2018-07-03,3.3,3.3,3.3,3.3,0
2018-07-04,3.3,3.3,3.3,3.3,0
2018-07-05,3.3,3.3,3.3,3.3,0
2018-07-06,3.3,3.3,3.3,3.3,0
2018-07-09,3.3,3.3,3.3,3.3,0
2018-07-10,3.3,3.3,3.3,3.3,0
2018-07-11,3.3,3.3,3.3,3.3,0
2018-07-12,3.3,3.3,3.3,3.3,0
2018-07-13,3.6,3.6,3.3,3.3,14100
2018-07-16,3.3,3.3,3.3,3.3,0
2018-07-17,3.3,3.3,3.3,3.3,0
2018-07-18,3.3,3.3,3.3,3.3,0
2018-07-19,3.3,3.3,3.3,3.3,0
2018-07-20,3.6,3.6,3.4,3.4,200
2018-07-23,3.7,3.7,3.4,3.4,200
2018-07-24,3.7,3.7,3.5,3.7,15700
2018-07-25,3.4,3.4,3.4,3.4,100
2018-07-26,3.7,3.7,3.5,3.7,49200
2018-07-27,3.7,3.7,3.4,3.4,16300
2018-07-30,3.4,3.4,3.4,3.4,0
2018-07-31,3.7,3.7,3.5,3.5,3100
2018-08-01,3.3,3.3,3.3,3.3,100
2018-08-02,3.3,3.3,3.3,3.3,0
2018-08-03,3.3,3.3,3.3,3.3,0
2018-08-06,3.3,3.3,3.3,3.3,0
2018-08-07,3.3,3.3,3.3,3.3,0
2018-08-08,3.6,3.6,3.6,3.6,100
2018-08-09,3.6,3.6,3.6,3.6,0
2018-08-10,3.6,3.6,3.6,3.6,19200
2018-08-13,3.6,3.6,3.6,3.6,0
2018-08-14,3.9,3.9,3.5,3.5,400
2018-08-15,3.5,3.5,3.5,3.5,0
2018-08-16,3.5,3.5,3.5,3.5,0
2018-08-17,3.5,3.5,3.5,3.5,0
2018-08-20,3.5,3.5,3.5,3.5,0
2018-08-21,3.5,3.5,3.5,3.5,0
2018-08-22,3.5,3.5,3.5,3.5,0
2018-08-23,3.5,3.5,3.5,3.5,0
2018-08-24,3.5,3.5,3.5,3.5,0
2018-08-27,3.5,3.5,3.5,3.5,0
2018-08-28,3.5,3.5,3.5,3.5,0
2018-08-29,3.5,3.5,3.5,3.5,0
2018-08-30,3.5,3.5,3.5,3.5,0
2018-08-31,3.5,3.5,3.5,3.5,0
2018-09-04,3.5,3.5,3.5,3.5,0
2018-09-05,3.5,3.5,3.5,3.5,0
2018-09-06,3.5,3.5,3.5,3.5,0
2018-09-07,3.5,3.5,3.5,3.5,0
2018-09-10,3.5,3.5,3.5,3.5,700
2018-09-11,3.5,3.5,3.5,3.5,0
2018-09-12,3.5,3.5,3.5,3.5,0
2018-09-13,3.5,3.5,3.5,3.5,0
2018-09-14,3.5,3.5,3.5,3.5,0
2018-09-17,3.5,3.5,3.5,3.5,0
2018-09-18,3.5,3.5,3.5,3.5,0
2018-09-19,3.4,3.4,3.4,3.4,500
2018-09-20,3.4,3.4,3.4,3.4,0
2018-09-21,3.4,3.4,3.4,3.4,1200
2018-09-24,3.5,3.5,3.5,3.5,500
2018-09-25,3.8,3.8,3.8,3.8,600
2018-09-26,3.8,3.8,3.5,3.8,6300
2018-09-27,3.6,3.6,3.6,3.6,900
2018-09-28,3.7,3.9,3.7,3.9,5200
2018-10-01,3.9,3.9,3.9,3.9,0
2018-10-02,3.9,3.9,3.9,3.9,0
2018-10-03,3.7,3.7,3.6,3.6,900
2018-10-04,3.9,3.9,3.7,3.9,7000
2018-10-05,3.6,3.6,3.6,3.6,100
2018-10-08,3.6,3.6,3.6,3.6,1500
2018-10-09,3.8,3.9,3.5,3.9,3400
2018-10-10,3.6,3.6,3.6,3.6,500
2018-10-11,3.5,3.5,3.4,3.4,200
2018-10-12,3.7,3.7,3.7,3.7,100
2018-10-15,4.0,4.0,4.0,4.0,3900
2018-10-16,4.0,4.0,4.0,4.0,0
2018-10-17,3.7,3.7,3.7,3.7,300
2018-10-18,3.6,3.6,3.6,3.6,300
2018-10-19,3.9,3.9,3.5,3.5,1500
2018-10-22,3.5,3.5,3.5,3.5,0
2018-10-23,3.5,3.5,3.5,3.5,0
2018-10-24,3.8,3.8,3.6,3.6,2500
2018-10-25,3.4,3.4,3.4,3.4,1000
2018-10-26,3.3,3.3,3.2,3.2,1100
2018-10-29,3.2,3.2,3.2,3.2,0
2018-10-30,3.1,3.2,3.0,3.2,3500
2018-10-31,3.3,3.3,3.3,3.3,2400
2018-11-01,3.3,3.3,3.3,3.3,2400
2018-11-02,3.3,3.3,3.3,3.3,80
2018-11-05,3.3,3.3,3.3,3.3,0
2018-11-06,3.3,3.3,3.3,3.3,0
2018-11-07,3.3,3.3,3.3,3.3,0
2018-11-08,3.6,3.6,3.2,3.2,1200
2018-11-09,3.2,3.2,3.2,3.2,0
2018-11-12,3.2,3.2,3.2,3.2,0
2018-11-13,3.2,3.2,3.2,3.2,0
2018-11-14,3.2,3.2,3.2,3.2,0
2018-11-15,3.2,3.2,3.2,3.2,0
2018-11-16,3.2,3.2,3.2,3.2,0
2018-11-19,3.2,3.2,3.2,3.2,0
2018-11-20,3.2,3.2,3.2,3.2,0
2018-11-21,3.2,3.2,3.2,3.2,0
2018-11-22,3.2,3.2,3.2,3.2,0
2018-11-23,3.2,3.2,3.2,3.2,0
2018-11-26,3.2,3.2,3.2,3.2,0
2018-11-27,3.2,3.2,3.2,3.2,2000
2018-11-28,3.2,3.2,3.2,3.2,0
2018-11-29,3.2,3.2,3.2,3.2,0
2018-11-30,3.2,3.2,3.2,3.2,20
2018-12-03,3.2,3.2,3.2,3.2,0
2018-12-04,3.3,3.5,3.3,3.5,5900
2018-12-05,3.7,3.8,3.7,3.8,2000
2018-12-06,3.8,3.8,3.8,3.8,0
2018-12-07,3.5,3.5,3.5,3.5,500
2018-12-10,3.5,3.5,3.5,3.5,0
2018-12-11,3.2,3.2,3.2,3.2,6000
2018-12-12,2.9,2.9,2.9,2.9,23800
2018-12-13,2.9,2.9,2.9,2.9,0
2018-12-14,3.1,3.1,3.1,3.1,400
2018-12-17,3.2,3.4,2.9,3.4,5200
2018-12-18,3.4,3.4,3.4,3.4,0
2018-12-19,3.6,3.6,3.4,3.4,2500
2018-12-20,3.6,3.7,3.4,3.6,17100
2018-12-21,3.4,3.4,3.4,3.4,2000
2018-12-24,3.4,3.4,3.4,3.4,1000
2018-12-25,3.4,3.4,3.4,3.4,0
2018-12-26,3.1,3.1,3.1,3.1,1000
2018-12-27,3.2,3.4,3.2,3.4,6000
2018-12-28,3.4,3.5,3.2,3.5,7500
2019-01-02,3.5,3.5,3.5,3.5,1000
2019-01-03,3.4,3.4,3.4,3.4,5200
2019-01-04,3.4,3.4,3.4,3.4,900
2019-01-07,3.4,3.4,3.4,3.4,0
2019-01-08,3.1,3.4,3.1,3.4,6100
2019-01-09,3.1,3.1,3.1,3.1,3100
2019-01-10,3.1,3.1,3.1,3.1,6000
2019-01-11,3.1,3.1,3.1,3.1,1300
2019-01-14,3.2,3.3,3.2,3.3,2700
2019-01-15,3.3,3.3,3.3,3.3,0
2019-01-16,3.3,3.3,3.3,3.3,0
2019-01-17,3.3,3.3,3.3,3.3,0
2019-01-18,3.0,3.0,3.0,3.0,3500
2019-01-21,3.0,3.0,3.0,3.0,2100
2019-01-22,3.0,3.0,3.0,3.0,0
2019-01-23,3.0,3.0,3.0,3.0,0
2019-01-24,3.0,3.0,3.0,3.0,0
2019-01-25,3.0,3.0,3.0,3.0,0
2019-01-28,3.0,3.0,3.0,3.0,0
2019-01-29,3.0,3.0,3.0,3.0,0
2019-01-30,3.0,3.0,3.0,3.0,0
2019-01-31,2.9,2.9,2.9,2.9,2000
2019-02-01,2.9,2.9,2.9,2.9,0
2019-02-11,2.9,2.9,2.9,2.9,0
2019-02-12,2.9,2.9,2.9,2.9,0
2019-02-13,2.9,2.9,2.9,2.9,72
2019-02-14,2.9,3.1,2.9,3.1,2700
2019-02-15,3.1,3.1,3.1,3.1,0
2019-02-18,3.1,3.1,3.1,3.1,0
2019-02-19,3.1,3.1,3.1,3.1,0
2019-02-20,3.1,3.1,3.1,3.1,0
2019-02-21,3.1,3.1,3.1,3.1,0
2019-02-22,3.1,3.1,3.1,3.1,0
2019-02-25,3.1,3.1,3.1,3.1,0
2019-02-26,3.1,3.1,3.1,3.1,0
2019-02-27,3.1,3.1,3.1,3.1,0
2019-02-28,3.1,3.1,3.1,3.1,0
2019-03-01,3.1,3.1,3.1,3.1,0
2019-03-04,3.1,3.1,3.1,3.1,500
2019-03-05,3.1,3.1,3.1,3.1,20
2019-03-06,3.1,3.1,3.1,3.1,1000
2019-03-07,3.1,3.1,3.1,3.1,0
2019-03-08,3.1,3.1,3.1,3.1,0
2019-03-11,3.1,3.1,3.1,3.1,0
2019-03-12,3.1,3.1,3.1,3.1,0
2019-03-13,3.1,3.1,3.1,3.1,0
2019-03-14,3.1,3.1,3.1,3.1,0
2019-03-15,3.1,3.1,3.1,3.1,0
2019-03-18,3.1,3.1,3.1,3.1,0
2019-03-19,3.1,3.1,3.1,3.1,0
2019-03-20,3.1,3.1,3.1,3.1,560
2019-03-21,3.2,3.2,3.2,3.2,300
2019-03-22,3.4,3.4,3.4,3.4,1500
2019-03-25,3.4,3.4,3.4,3.4,0
2019-03-26,3.4,3.4,3.4,3.4,0
2019-03-27,3.4,3.4,3.4,3.4,0
2019-03-28,3.4,3.4,3.4,3.4,0
2019-03-29,3.4,3.4,3.4,3.4,0
2019-04-01,3.4,3.4,3.4,3.4,0
2019-04-02,3.4,3.4,3.4,3.4,0
2019-04-03,3.4,3.4,3.4,3.4,0
2019-04-04,3.4,3.4,3.4,3.4,0
2019-04-05,3.4,3.4,3.4,3.4,0
2019-04-08,3.4,3.4,3.4,3.4,0
2019-04-09,3.4,3.4,3.4,3.4,0
2019-04-10,3.4,3.4,3.4,3.4,0
2019-04-11,3.4,3.4,3.4,3.4,0
2019-04-12,3.4,3.4,3.4,3.4,0
2019-04-16,3.1,3.1,3.1,3.1,800
2019-04-17,3.1,3.1,3.1,3.1,0
2019-04-18,3.0,3.0,2.8,2.8,1592
2019-04-19,2.8,2.8,2.6,2.8,2700
2019-04-22,2.6,2.6,2.6,2.6,1300
2019-04-23,2.4,2.5,2.4,2.5,2200
2019-04-24,2.7,2.7,2.7,2.7,1200
2019-04-25,2.5,2.5,2.5,2.5,100
2019-04-26,2.3,2.5,2.3,2.3,5400
2019-05-02,2.1,2.2,2.1,2.2,800
2019-05-03,2.2,2.4,2.2,2.4,1200
2019-05-06,2.4,2.4,2.4,2.4,0
2019-05-07,2.4,2.4,2.4,2.4,0
2019-05-08,2.4,2.4,2.4,2.4,0
2019-05-09,2.2,2.2,2.2,2.2,1000
2019-05-10,2.1,2.1,2.1,2.1,100
2019-05-13,2.1,2.1,2.1,2.1,0
2019-05-14,2.1,2.1,2.1,2.1,0
2019-05-15,2.1,2.1,2.1,2.1,300
2019-05-16,2.1,2.1,2.1,2.1,0
2019-05-17,2.0,2.2,1.9,2.0,2500
2019-05-20,2.0,2.2,2.0,2.2,1100
2019-05-21,2.0,2.0,2.0,2.0,100
2019-05-22,2.0,2.0,2.0,2.0,0
2019-05-23,2.0,2.0,2.0,2.0,0
2019-05-24,2.0,2.0,2.0,2.0,0
2019-05-27,2.0,2.0,2.0,2.0,0
2019-05-28,2.0,2.0,2.0,2.0,0
2019-05-29,2.0,2.0,2.0,2.0,0
2019-05-30,2.0,2.0,2.0,2.0,56
2019-05-31,1.9,2.0,1.9,2.0,1100
2019-06-03,2.1,2.1,2.1,2.1,200
2019-06-04,1.9,1.9,1.9,1.9,559
2019-06-05,1.9,2.0,1.9,2.0,2100
2019-06-06,1.9,2.0,1.8,2.0,5610
2019-06-07,2.0,2.0,2.0,2.0,600
2019-06-10,2.2,2.2,2.2,2.2,2000
2019-06-11,2.2,2.2,2.2,2.2,0
2019-06-12,2.0,2.1,2.0,2.0,4250
2019-06-13,2.0,2.0,2.0,2.0,1076
2019-06-14,2.0,2.0,2.0,2.0,0
2019-06-17,2.0,2.0,2.0,2.0,1900
2019-06-18,2.0,2.0,2.0,2.0,0
2019-06-19,2.0,2.0,2.0,2.0,0
2019-06-20,2.2,2.2,2.2,2.2,4700
2019-06-21,2.0,2.0,2.0,2.0,184
2019-06-24,2.0,2.0,2.0,2.0,0
2019-06-25,2.0,2.1,1.9,2.0,2200
2019-06-26,2.0,2.0,2.0,2.0,0
2019-07-05,2.5,2.8,2.5,2.8,2300
2019-07-08,2.8,2.8,2.8,2.8,0
2019-07-09,2.8,2.8,2.8,2.8,0
2019-07-10,2.8,2.8,2.8,2.8,0
2019-07-11,2.8,2.8,2.8,2.8,0
2019-07-12,2.8,2.8,2.8,2.8,0
2019-07-15,2.8,2.8,2.8,2.8,0
2019-07-16,2.8,2.8,2.8,2.8,0
2019-07-17,2.8,2.8,2.8,2.8,0
2019-07-18,2.8,2.8,2.8,2.8,0
2019-07-19,2.8,2.8,2.8,2.8,1100
2019-07-22,2.8,2.8,2.8,2.8,0
2019-07-23,2.8,2.8,2.8,2.8,0
2019-07-24,2.8,2.8,2.8,2.8,0
2019-07-25,2.8,2.8,2.8,2.8,0
2019-07-26,2.8,2.8,2.8,2.8,1000
2019-07-29,2.8,2.8,2.8,2.8,0
2019-07-30,2.8,2.8,2.8,2.8,0
2019-07-31,2.8,2.8,2.8,2.8,0
2019-08-01,2.8,2.8,2.8,2.8,0
2019-08-02,2.8,2.8,2.8,2.8,0
2019-08-05,2.8,2.8,2.8,2.8,0
2019-08-06,2.8,2.8,2.8,2.8,0
2019-08-07,2.8,2.8,2.8,2.8,0
2019-08-08,2.8,2.8,2.8,2.8,0
2019-08-09,3.2,3.2,2.8,2.8,2200
2019-08-12,3.1,2.8,2.8,2.8,0
2019-08-13,3.1,2.8,2.8,2.8,0
2019-08-14,3.1,2.8,2.8,2.8,0
2019-08-15,3.1,2.8,2.8,2.8,0
2019-08-16,3.1,2.8,2.8,2.8,0
2019-08-19,3.1,2.8,2.8,2.8,0
2019-08-20,3.1,2.8,2.8,2.8,0
2019-08-21,3.1,2.8,2.8,2.8,0
2019-08-22,3.1,2.8,2.8,2.8,0
2019-08-23,3.1,2.8,2.8,2.8,0
2019-08-26,3.1,2.8,2.8,2.8,0
2019-08-27,3.1,2.8,2.8,2.8,0
2019-08-28,3.1,2.8,2.8,2.8,0
2019-08-29,3.1,2.8,2.8,2.8,0
2019-08-30,3.5,3.5,2.7,3.5,4200
2019-09-03,3.2,3.5,3.5,3.5,0
2019-09-04,3.2,3.5,3.5,3.5,0
2019-09-05,3.2,3.5,3.5,3.5,0
2019-09-06,3.6,3.6,3.6,3.6,100
2019-09-09,3.6,3.6,3.6,3.6,0
2019-09-10,3.6,3.6,3.6,3.6,0
2019-09-11,3.6,3.6,3.6,3.6,0
2019-09-12,3.6,3.6,3.6,3.6,0
2019-09-13,3.7,3.7,3.7,3.7,200
2019-09-16,3.7,3.7,3.7,3.7,0
2019-09-17,3.7,3.7,3.7,3.7,0
2019-09-18,3.7,3.7,3.7,3.7,0
2019-09-19,3.7,3.7,3.7,3.7,0
2019-09-20,3.2,3.2,3.2,3.2,100
2019-09-23,3.2,3.2,3.2,3.2,0
2019-09-24,3.2,3.2,3.2,3.2,0
2019-09-25,3.2,3.2,3.2,3.2,0
2019-09-26,3.2,3.2,3.2,3.2,0
2019-09-27,3.5,3.5,3.4,3.4,5630
2019-09-30,3.4,3.4,3.4,3.4,0
2019-10-01,3.4,3.4,3.4,3.4,0
2019-10-02,3.4,3.4,3.4,3.4,0
2019-10-03,3.4,3.4,3.4,3.4,0
2019-10-04,3.4,3.4,3.4,3.4,10
2019-10-07,3.4,3.4,3.4,3.4,0
2019-10-08,3.4,3.4,3.4,3.4,0
2019-10-09,3.4,3.4,3.4,3.4,0
2019-10-10,3.4,3.4,3.4,3.4,0
2019-10-11,2.9,3.2,2.9,3.2,400
2019-10-14,3.0,3.2,3.2,3.2,0
2019-10-15,3.0,3.0,3.0,3.0,0
2019-10-16,3.0,3.2,3.2,3.2,0
2019-10-17,3.0,3.2,3.2,3.2,0
2019-10-18,3.0,3.0,3.0,3.0,1000
2019-10-21,3.0,3.0,3.0,3.0,0
2019-10-22,3.0,3.0,3.0,3.0,0
2019-10-23,3.0,3.0,3.0,3.0,0
2019-10-24,3.0,3.0,3.0,3.0,0
2019-10-25,3.4,3.4,2.6,3.0,36100
2019-10-28,2.9,3.0,3.0,3.0,0
2019-10-29,2.9,3.0,3.0,3.0,0
2019-10-30,2.9,3.0,3.0,3.0,0
2019-10-31,2.9,2.9,2.9,2.9,0
2019-11-01,3.2,3.3,3.1,3.1,19700
2019-11-04,3.2,3.1,3.1,3.1,0
2019-11-05,3.2,3.1,3.1,3.1,0
2019-11-06,3.2,3.1,3.1,3.1,0
2019-11-07,3.2,3.1,3.1,3.1,0
2019-11-08,3.2,3.4,3.2,3.4,44200
2019-11-11,3.4,3.4,3.4,3.4,0
2019-11-12,3.4,3.4,3.4,3.4,0
2019-11-13,3.4,3.4,3.4,3.4,0
2019-11-14,3.4,3.4,3.4,3.4,0
2019-11-15,3.5,3.5,3.5,3.5,114600
2019-11-18,3.5,3.5,3.5,3.5,0
2019-11-19,3.5,3.5,3.5,3.5,0
2019-11-20,3.5,3.5,3.5,3.5,0
2019-11-21,3.5,3.5,3.5,3.5,0
2019-11-22,3.4,3.7,3.4,3.4,137700
2019-11-25,3.7,3.4,3.4,3.4,0
2019-11-26,3.7,3.4,3.4,3.4,0
2019-11-27,3.7,3.4,3.4,3.4,0
2019-11-28,3.7,3.4,3.4,3.4,0
2019-11-29,3.7,3.4,3.4,3.4,0
2019-12-02,3.7,3.7,3.7,3.7,0
2019-12-03,3.7,3.4,3.4,3.4,0
2019-12-04,3.7,3.4,3.4,3.4,0
2019-12-05,3.7,3.4,3.4,3.4,0
2019-12-06,3.7,3.4,3.4,3.4,0
2019-12-09,3.7,3.4,3.4,3.4,0
2019-12-10,3.7,3.4,3.4,3.4,0
2019-12-11,3.7,3.4,3.4,3.4,0
2019-12-12,3.7,3.4,3.4,3.4,0
2019-12-13,3.7,3.4,3.4,3.4,0
2019-12-16,3.7,3.4,3.4,3.4,0
2019-12-17,3.7,3.4,3.4,3.4,0
2019-12-18,3.7,3.4,3.4,3.4,0
2019-12-19,3.7,3.4,3.4,3.4,0
2019-12-20,3.7,3.4,3.4,3.4,0
2019-12-23,3.7,3.4,3.4,3.4,0
2019-12-24,3.7,3.4,3.4,3.4,0
2019-12-25,3.7,3.4,3.4,3.4,0
2019-12-26,3.7,3.4,3.4,3.4,0
2019-12-27,3.2,3.2,3.2,3.2,1000
2019-12-30,3.2,3.2,3.2,3.2,0
2019-12-31,3.2,3.2,3.2,3.2,0
2020-01-02,3.2,3.2,3.2,3.2,0
2020-01-03,3.2,3.2,3.2,3.2,0
2020-01-06,3.2,3.2,3.2,3.2,0
2020-01-07,3.2,3.2,3.2,3.2,0
2020-01-08,3.2,3.2,3.2,3.2,0
2020-01-09,3.2,3.2,3.2,3.2,0
2020-01-10,3.2,3.2,3.2,3.2,0
2020-01-13,3.2,3.2,3.2,3.2,0
2020-01-14,3.2,3.2,3.2,3.2,0
2020-01-15,3.2,3.2,3.2,3.2,0
2020-01-16,3.2,3.2,3.2,3.2,0
2020-01-17,2.8,2.8,2.8,2.8,1000
2020-01-20,2.8,2.8,2.8,2.8,0
2020-01-21,2.8,2.8,2.8,2.8,0
2020-01-22,2.8,2.8,2.8,2.8,0
2020-01-30,2.8,2.8,2.8,2.8,0
2020-01-31,2.8,2.8,2.8,2.8,0
2020-02-03,2.8,2.8,2.8,2.8,0
2020-02-04,2.8,2.8,2.8,2.8,0
2020-02-05,2.8,2.8,2.8,2.8,0
2020-02-06,2.8,2.8,2.8,2.8,0
2020-02-07,2.8,2.8,2.8,2.8,0
2020-02-10,2.8,2.8,2.8,2.8,0
2020-02-11,2.8,2.8,2.8,2.8,0
2020-02-12,2.8,2.8,2.8,2.8,0
2020-02-13,2.8,2.8,2.8,2.8,0
2020-02-14,2.8,2.8,2.8,2.8,0
2020-02-17,2.8,2.8,2.8,2.8,0
2020-02-18,2.8,2.8,2.8,2.8,0
2020-02-19,2.8,2.8,2.8,2.8,0
2020-02-20,2.8,2.8,2.8,2.8,0
2020-02-21,2.8,2.8,2.8,2.8,0
2020-02-24,2.8,2.8,2.8,2.8,0
2020-02-25,2.8,2.8,2.8,2.8,0
2020-02-26,2.8,2.8,2.8,2.8,0
2020-02-27,2.8,2.8,2.8,2.8,0
2020-02-28,3.2,3.2,3.2,3.2,2000
2020-03-02,3.2,3.2,3.2,3.2,0
2020-03-03,3.2,3.2,3.2,3.2,0
2020-03-04,3.2,3.2,3.2,3.2,0
2020-03-05,3.2,3.2,3.2,3.2,0
2020-03-06,3.2,3.2,3.2,3.2,0
2020-03-09,3.2,3.2,3.2,3.2,0
2020-03-10,3.2,3.2,3.2,3.2,0
2020-03-11,3.2,3.2,3.2,3.2,0
2020-03-12,3.2,3.2,3.2,3.2,0
2020-03-13,3.2,3.2,3.2,3.2,0
2020-03-16,3.2,3.2,3.2,3.2,0
2020-03-17,3.2,3.2,3.2,3.2,0
2020-03-18,3.2,3.2,3.2,3.2,0
2020-03-19,3.2,3.2,3.2,3.2,0
2020-03-20,3.2,3.2,3.2,3.2,0
2020-03-23,3.2,3.2,3.2,3.2,0
2020-03-24,3.2,3.2,3.2,3.2,0
2020-03-25,3.2,3.2,3.2,3.2,0
2020-03-26,3.2,3.2,3.2,3.2,0
2020-03-27,3.2,3.2,3.2,3.2,0
2020-03-30,3.2,3.2,3.2,3.2,0
2020-03-31,3.2,3.2,3.2,3.2,0
2020-04-01,3.2,3.2,3.2,3.2,0
2020-04-03,3.2,3.2,3.2,3.2,0
2020-04-06,3.2,3.2,3.2,3.2,0
2020-04-07,3.2,3.2,3.2,3.2,0
2020-04-08,3.2,3.2,3.2,3.2,0
2020-04-09,3.2,3.2,3.2,3.2,0
2020-04-10,3.2,3.2,3.2,3.2,0
2020-04-13,3.2,3.2,3.2,3.2,0
2020-04-14,3.2,3.2,3.2,3.2,0
2020-04-15,3.2,3.2,3.2,3.2,0
2020-04-16,3.2,3.2,3.2,3.2,0
2020-04-17,3.2,3.2,3.2,3.2,0
2020-04-20,3.2,3.2,3.2,3.2,0
2020-04-21,3.2,3.2,3.2,3.2,0
2020-04-22,3.2,3.2,3.2,3.2,0
2020-04-23,3.2,3.2,3.2,3.2,0
2020-04-24,2.8,2.8,2.8,2.8,100
2020-04-27,2.8,2.8,2.8,2.8,0
2020-04-28,2.8,2.8,2.8,2.8,0
2020-04-29,2.8,2.8,2.8,2.8,0
2020-05-04,2.8,2.8,2.8,2.8,0
2020-05-05,2.8,2.8,2.8,2.8,0
2020-05-06,2.8,2.8,2.8,2.8,0
2020-05-07,2.8,2.8,2.8,2.8,0
2020-05-08,2.8,2.8,2.8,2.8,0
2020-05-11,2.8,2.8,2.8,2.8,0
2020-05-12,2.8,2.8,2.8,2.8,0
2020-05-13,2.8,2.8,2.8,2.8,0
2020-05-14,2.8,2.8,2.8,2.8,0
2020-05-15,2.8,2.8,2.8,2.8,0
2020-05-18,2.8,2.8,2.8,2.8,0
2020-05-19,2.8,2.8,2.8,2.8,0
2020-05-20,2.8,2.8,2.8,2.8,0
2020-05-21,2.8,2.8,2.8,2.8,0
2020-05-22,2.8,2.8,2.8,2.8,0
2020-05-25,2.8,2.8,2.8,2.8,0
2020-05-26,2.8,2.8,2.8,2.8,0
2020-05-27,2.8,2.8,2.8,2.8,0
2020-05-28,2.8,2.8,2.8,2.8,0
2020-05-29,2.8,2.8,2.8,2.8,0
2020-06-01,2.8,2.8,2.8,2.8,0
2020-06-02,2.8,2.8,2.8,2.8,0
2020-06-03,2.8,2.8,2.8,2.8,0
2020-06-04,2.8,2.8,2.8,2.8,0
2020-06-05,2.8,2.8,2.8,2.8,0
2020-06-08,2.8,2.8,2.8,2.8,0
2020-06-09,2.8,2.8,2.8,2.8,0
2020-06-10,2.8,2.8,2.8,2.8,0
2020-06-11,2.8,2.8,2.8,2.8,0
2020-06-12,2.8,2.8,2.8,2.8,0
2020-06-15,2.8,2.8,2.8,2.8,0
2020-06-16,2.8,2.8,2.8,2.8,0
2020-06-17,2.8,2.8,2.8,2.8,0
2020-06-18,2.8,2.8,2.8,2.8,0
2020-06-19,2.8,2.8,2.8,2.8,0
2020-06-22,2.8,2.8,2.8,2.8,0
2020-06-23,2.8,2.8,2.8,2.8,0
2020-06-24,2.8,2.8,2.8,2.8,0
2020-06-25,2.8,2.8,2.8,2.8,0
2020-06-26,2.8,2.8,2.8,2.8,0
2020-06-29,2.8,2.8,2.8,2.8,0
2020-06-30,2.8,2.8,2.8,2.8,0
2020-07-01,2.8,2.8,2.8,2.8,0
2020-07-02,2.8,2.8,2.8,2.8,0
2020-07-03,2.4,2.4,2.4,2.4,632
2020-07-06,2.4,2.4,2.4,2.4,0
2020-07-07,2.4,2.4,2.4,2.4,0
2020-07-08,2.4,2.4,2.4,2.4,0
2020-07-09,2.4,2.4,2.4,2.4,0
2020-07-10,2.1,2.1,2.1,2.1,400
2020-07-13,2.1,2.1,2.1,2.1,0
2020-07-14,2.1,2.1,2.1,2.1,0
2020-07-15,2.1,2.1,2.1,2.1,0
2020-07-16,2.1,2.1,2.1,2.1,0
2020-07-17,2.1,2.1,2.1,2.1,0
2020-07-20,2.1,2.1,2.1,2.1,0
2020-07-21,2.1,2.1,2.1,2.1,0
2020-07-22,2.1,2.1,2.1,2.1,0
2020-07-23,2.1,2.1,2.1,2.1,0
2020-07-24,2.1,2.1,2.1,2.1,0
2020-07-27,2.1,2.1,2.1,2.1,0
2020-07-28,2.1,2.1,2.1,2.1,0
2020-07-29,2.1,2.1,2.1,2.1,0
2020-07-30,2.1,2.1,2.1,2.1,0
2020-07-31,2.1,2.1,2.1,2.1,0
2020-08-03,2.1,2.1,2.1,2.1,0
2020-08-04,2.1,2.1,2.1,2.1,0
2020-08-05,2.1,2.1,2.1,2.1,0
2020-08-06,2.1,2.1,2.1,2.1,0
2020-08-07,2.0,2.0,1.8,1.8,700
2020-08-10,1.9,1.8,1.8,1.8,0
2020-08-11,1.9,1.8,1.8,1.8,0
2020-08-12,1.9,1.8,1.8,1.8,0
2020-08-13,1.9,1.8,1.8,1.8,0
2020-08-14,1.9,1.9,1.9,1.8,28
2020-08-17,1.9,1.8,1.8,1.8,0
2020-08-18,1.9,1.8,1.8,1.8,0
2020-08-19,1.9,1.8,1.8,1.8,0
2020-08-20,1.9,1.8,1.8,1.8,0
2020-08-21,1.9,1.9,1.9,1.9,100
2020-08-24,1.9,1.9,1.9,1.9,0
2020-08-25,1.9,1.9,1.9,1.9,0
2020-08-26,1.9,1.9,1.9,1.9,0
2020-08-27,1.9,1.9,1.9,1.9,0
2020-08-28,1.9,1.9,1.9,1.9,0
2020-08-31,1.9,1.9,1.9,1.9,0
2020-09-01,1.9,1.9,1.9,1.9,0
2020-09-03,1.9,1.9,1.9,1.9,0
2020-09-04,1.9,1.9,1.9,1.9,1
2020-09-07,1.9,1.9,1.9,1.9,0
2020-09-08,1.9,1.9,1.9,1.9,0
2020-09-09,1.9,1.9,1.9,1.9,0
2020-09-10,1.9,1.9,1.9,1.9,0
2020-09-11,2.0,2.0,2.0,2.0,900
2020-09-14,2.0,2.0,2.0,2.0,0
2020-09-15,2.0,2.0,2.0,2.0,0
2020-09-16,2.0,2.0,2.0,2.0,0
2020-09-17,2.0,2.0,2.0,2.0,0
2020-09-18,2.0,2.0,2.0,2.0,0
2020-09-21,2.0,2.0,2.0,2.0,0
2020-09-22,2.0,2.0,2.0,2.0,0
2020-09-23,2.0,2.0,2.0,2.0,0
2020-09-24,2.0,2.0,2.0,2.0,0
2020-09-25,1.7,2.2,1.7,2.2,4200
2020-09-28,2.0,2.2,2.2,2.2,0
2020-09-29,2.0,2.2,2.2,2.2,0
2020-09-30,2.0,2.2,2.2,2.2,0
2020-10-01,2.0,2.2,2.2,2.2,0
2020-10-02,2.3,2.3,2.3,2.3,2100
2020-10-05,2.3,2.3,2.3,2.3,0
2020-10-06,2.3,2.3,2.3,2.3,0
2020-10-07,2.3,2.3,2.3,2.3,0
2020-10-08,2.3,2.3,2.3,2.3,0
2020-10-09,2.6,2.6,2.6,2.6,2000
2020-10-12,2.6,2.6,2.6,2.6,0
2020-10-13,2.6,2.6,2.6,2.6,0
2020-10-14,2.6,2.6,2.6,2.6,0
2020-10-15,2.6,2.6,2.6,2.6,0
2020-10-16,2.9,2.9,2.9,2.9,100
2020-10-19,2.9,2.9,2.9,2.9,0
2020-10-20,2.9,2.9,2.9,2.9,0
2020-10-21,2.9,2.9,2.9,2.9,0
2020-10-22,2.9,2.9,2.9,2.9,0
2020-10-23,3.0,3.0,3.0,3.0,500
2020-10-26,3.0,3.0,3.0,3.0,0
2020-10-27,3.0,3.0,3.0,3.0,0
2020-10-28,3.0,3.0,3.0,3.0,0
2020-10-29,3.0,3.0,3.0,3.0,0
2020-10-30,3.1,3.1,3.1,3.1,200
2020-11-02,3.1,3.1,3.1,3.1,0
2020-11-03,3.1,3.1,3.1,3.1,0
2020-11-04,3.1,3.1,3.1,3.1,0
2020-11-05,3.1,3.1,3.1,3.1,0
2020-11-06,3.4,3.4,3.4,3.4,100
2020-11-09,3.4,3.4,3.4,3.4,0
2020-11-10,3.4,3.4,3.4,3.4,0
2020-11-11,3.4,3.4,3.4,3.4,0
2020-11-12,3.4,3.4,3.4,3.4,0
2020-11-13,3.4,3.4,3.4,3.4,0
2020-11-16,3.4,3.4,3.4,3.4,0
2020-11-17,3.4,3.4,3.4,3.4,0
2020-11-18,3.4,3.4,3.4,3.4,0
2020-11-19,3.4,3.4,3.4,3.4,0
2020-11-20,3.5,3.5,3.5,3.5,100
2020-11-23,3.5,3.5,3.5,3.5,0
2020-11-24,3.5,3.5,3.5,3.5,0
2020-11-25,3.5,3.5,3.5,3.5,0
2020-11-26,3.5,3.5,3.5,3.5,0
2020-11-27,3.0,4.0,3.0,4.0,7600
2020-11-30,3.0,4.0,4.0,4.0,0
2020-12-01,3.0,4.0,4.0,4.0,0
2020-12-02,3.0,4.0,4.0,4.0,0
2020-12-03,3.0,4.0,4.0,4.0,0
2020-12-04,3.4,3.4,2.6,2.6,9500
2020-12-07,2.6,2.6,2.6,2.6,0
2020-12-08,2.6,2.6,2.6,2.6,0
2020-12-09,2.6,2.6,2.6,2.6,0
2020-12-10,2.6,2.6,2.6,2.6,0
2020-12-11,2.6,2.6,2.6,2.6,5000
2020-12-14,2.6,2.6,2.6,2.6,0
2020-12-15,2.6,2.6,2.6,2.6,0
2020-12-16,2.6,2.6,2.6,2.6,0
2020-12-17,2.6,2.6,2.6,2.6,0
2020-12-18,2.9,2.9,2.9,2.9,100
2020-12-21,2.9,2.9,2.9,2.9,0
2020-12-22,2.9,2.9,2.9,2.9,0
2020-12-23,2.9,2.9,2.9,2.9,0
2020-12-24,2.9,2.9,2.9,2.9,0
2020-12-25,3.2,3.2,3.2,3.2,100
2020-12-28,3.2,3.2,3.2,3.2,0
2020-12-29,3.2,3.2,3.2,3.2,0
2020-12-30,3.2,3.2,3.2,3.2,0
2020-12-31,3.2,3.2,3.2,3.2,0
2021-01-04,3.2,3.2,3.2,3.2,0
2021-01-05,3.2,3.2,3.2,3.2,0
2021-01-06,3.2,3.2,3.2,3.2,0
2021-01-07,3.2,3.2,3.2,3.2,0
2021-01-08,3.2,3.2,3.2,3.2,0
2021-01-11,3.2,3.2,3.2,3.2,0
2021-01-12,3.2,3.2,3.2,3.2,0
2021-01-13,3.2,3.2,3.2,3.2,0
2021-01-14,3.2,3.2,3.2,3.2,0
2021-01-15,3.2,3.2,3.2,3.2,0
2021-01-18,3.2,3.2,3.2,3.2,0
2021-01-19,3.2,3.2,3.2,3.2,0
2021-01-20,3.2,3.2,3.2,3.2,0
2021-01-21,3.2,3.2,3.2,3.2,0
2021-01-22,3.5,3.5,3.5,3.5,100
2021-01-25,3.5,3.5,3.5,3.5,0
2021-01-26,3.5,3.5,3.5,3.5,0
2021-01-27,3.5,3.5,3.5,3.5,0
2021-01-28,3.5,3.5,3.5,3.5,0
2021-01-29,3.5,3.5,3.5,3.5,0
2021-02-01,3.5,3.5,3.5,3.5,0
2021-02-02,3.5,3.5,3.5,3.5,0
2021-02-03,3.5,3.5,3.5,3.5,0
2021-02-04,3.5,3.5,3.5,3.5,0
2021-02-05,3.5,3.5,3.5,3.5,0
2021-02-08,3.5,3.5,3.5,3.5,0
2021-02-09,3.5,3.5,3.5,3.5,0
2021-02-17,3.5,3.5,3.5,3.5,0
2021-02-18,3.5,3.5,3.5,3.5,0
2021-02-19,3.0,3.0,3.0,3.0,500
2021-02-22,3.0,3.0,3.0,3.0,0
2021-02-23,3.0,3.0,3.0,3.0,0
2021-02-24,3.0,3.0,3.0,3.0,0
2021-02-25,3.0,3.0,3.0,3.0,0
2021-02-26,2.6,2.6,2.6,2.6,5800
2021-03-01,2.6,2.6,2.6,2.6,0
2021-03-02,2.6,2.6,2.6,2.6,0
2021-03-03,2.6,2.6,2.6,2.6,0
2021-03-04,2.6,2.6,2.6,2.6,0
2021-03-05,2.4,2.4,2.3,2.3,48900
2021-03-08,2.3,2.3,2.3,2.3,0
2021-03-09,2.3,2.3,2.3,2.3,0
2021-03-10,2.3,2.3,2.3,2.3,0
2021-03-11,2.3,2.3,2.3,2.3,0
2021-03-12,2.0,2.6,2.0,2.6,3600
2021-03-15,2.3,2.6,2.6,2.6,0
2021-03-16,2.3,2.6,2.6,2.6,0
2021-03-17,2.3,2.6,2.6,2.6,0
2021-03-18,2.3,2.6,2.6,2.6,0
2021-03-19,2.1,2.6,2.1,2.6,2421
2021-03-22,2.4,2.6,2.6,2.6,0
2021-03-23,2.4,2.6,2.6,2.6,0
2021-03-24,2.4,2.6,2.6,2.6,0
2021-03-25,2.4,2.6,2.6,2.6,0
2021-03-26,2.2,2.2,2.2,2.2,138
2021-03-29,2.2,2.2,2.2,2.2,0
2021-03-30,2.2,2.2,2.2,2.2,0
2021-03-31,2.2,2.2,2.2,2.2,0
2021-04-01,2.2,2.2,2.2,2.2,0
2021-04-02,2.0,2.1,2.0,2.1,900
2021-04-05,2.1,2.1,2.1,2.1,0
2021-04-06,2.1,2.1,2.1,2.1,0
2021-04-07,2.1,2.1,2.1,2.1,0
2021-04-08,2.1,2.1,2.1,2.1,0
2021-04-09,2.3,2.4,2.2,2.4,9810
2021-04-12,2.3,2.4,2.4,2.4,0
2021-04-13,2.3,2.4,2.4,2.4,0
2021-04-14,2.3,2.4,2.4,2.4,0
2021-04-15,2.3,2.4,2.4,2.4,0
2021-04-16,2.5,2.6,2.4,2.6,14449
2021-04-19,2.5,2.6,2.6,2.6,0
2021-04-20,2.5,2.6,2.6,2.6,0
2021-04-22,2.5,2.6,2.6,2.6,0
2021-04-23,2.2,2.2,2.2,2.2,3000
2021-04-26,2.2,2.2,2.2,2.2,0
2021-04-27,2.2,2.2,2.2,2.2,0
2021-04-28,2.2,2.2,2.2,2.2,0
2021-04-29,2.2,2.2,2.2,2.2,0
2021-05-04,2.2,2.2,2.2,2.2,0
2021-05-05,2.2,2.2,2.2,2.2,0
2021-05-06,2.2,2.2,2.2,2.2,0
2021-05-07,2.2,2.2,2.0,2.1,13100
2021-05-10,2.2,2.1,2.1,2.1,0
2021-05-11,2.2,2.1,2.1,2.1,0
2021-05-12,2.2,2.1,2.1,2.1,0
2021-05-13,2.2,2.1,2.1,2.1,0
2021-05-14,1.9,2.3,1.9,2.0,11049
2021-05-17,1.9,2.0,2.0,2.0,0
2021-05-18,1.9,2.0,2.0,2.0,0
2021-05-19,1.9,2.0,2.0,2.0,0
2021-05-20,1.9,2.0,2.0,2.0,0
2021-05-21,1.7,1.9,1.7,1.9,9600
2021-05-24,1.7,1.9,1.9,1.9,0
2021-05-25,1.7,1.9,1.9,1.9,0
2021-05-26,1.7,1.9,1.9,1.9,0
2021-05-27,1.7,1.9,1.9,1.9,0
2021-05-28,1.5,1.9,1.5,1.9,234300
2021-05-31,1.9,1.9,1.9,1.9,0
2021-06-01,1.9,1.9,1.9,1.9,0
2021-06-02,1.9,1.9,1.9,1.9,0
2021-06-03,1.9,1.9,1.9,1.9,0
2021-06-04,1.9,2.1,1.9,2.0,4219
2021-06-07,2.0,2.0,2.0,2.0,0
2021-06-08,2.0,2.0,2.0,2.0,0
2021-06-09,2.0,2.0,2.0,2.0,0
2021-06-10,2.0,2.0,2.0,2.0,0
2021-06-11,2.1,2.1,2.1,2.1,5200
2021-06-14,2.1,2.1,2.1,2.1,0
2021-06-15,2.1,2.1,2.1,2.1,0
2021-06-16,2.1,2.1,2.1,2.1,0
2021-06-17,2.1,2.1,2.1,2.1,0
2021-06-18,1.8,2.3,1.8,2.0,1900
2021-06-21,2.1,2.0,2.0,2.0,0
2021-06-22,2.1,2.0,2.0,2.0,0
2021-06-23,2.1,2.0,2.0,2.0,0
2021-06-24,2.1,2.0,2.0,2.0,0
2021-06-25,1.9,1.9,1.9,1.9,100
2021-06-28,1.9,1.9,1.9,1.9,0
2021-06-29,1.9,1.9,1.9,1.9,0
2021-06-30,1.9,1.9,1.9,1.9,0
2021-07-01,1.9,1.9,1.9,1.9,0
2021-07-02,1.9,2.0,1.9,2.0,1418
2021-07-05,1.9,2.0,2.0,2.0,0
2021-07-06,1.9,2.0,2.0,2.0,0
2021-07-07,1.9,2.0,2.0,2.0,0
2021-07-08,1.9,2.0,2.0,2.0,0
2021-07-09,2.1,2.1,2.0,2.1,12700
2021-07-12,2.1,2.1,2.1,2.1,0
2021-07-13,2.1,2.1,2.1,2.1,0
2021-07-14,2.1,2.1,2.1,2.1,0
2021-07-15,2.1,2.1,2.1,2.1,0
2021-07-16,2.2,2.2,1.9,1.9,200
2021-07-19,2.1,1.9,1.9,1.9,0
2021-07-20,2.1,1.9,1.9,1.9,0
2021-07-21,2.1,1.9,1.9,1.9,0
2021-07-22,2.1,1.9,1.9,1.9,0
2021-07-23,2.0,2.0,1.9,1.9,601
2021-07-26,1.9,1.9,1.9,1.9,0
2021-07-27,1.9,1.9,1.9,1.9,0
2021-07-28,1.9,1.9,1.9,1.9,0
2021-07-29,1.9,1.9,1.9,1.9,0
2021-07-30,1.8,2.1,1.7,2.1,5400
2021-08-02,1.8,1.8,1.8,1.8,0
2021-08-03,1.8,2.1,2.1,2.1,0
2021-08-04,1.8,2.1,2.1,2.1,0
2021-08-05,1.8,2.1,2.1,2.1,0
2021-08-06,2.0,2.0,1.7,1.7,18900
2021-08-09,2.0,1.7,1.7,1.7,0
2021-08-10,2.0,1.7,1.7,1.7,0
2021-08-11,2.0,1.7,1.7,1.7,0
2021-08-12,2.0,1.7,1.7,1.7,0
2021-08-13,1.9,2.0,1.9,2.0,817
2021-08-16,2.0,2.0,2.0,2.0,0
2021-08-17,2.0,2.0,2.0,2.0,0
2021-08-18,2.0,2.0,2.0,2.0,0
2021-08-19,2.0,2.0,2.0,2.0,0
2021-08-20,1.7,1.7,1.7,1.7,117
2021-08-23,1.7,1.7,1.7,1.7,0
2021-08-24,1.7,1.7,1.7,1.7,0
2021-08-25,1.7,1.7,1.7,1.7,0
2021-08-26,1.7,1.7,1.7,1.7,0
2021-08-27,1.8,1.8,1.8,1.8,1000
2021-08-30,1.8,1.8,1.8,1.8,0
2021-08-31,1.8,1.8,1.8,1.8,0
2021-09-01,1.8,1.8,1.8,1.8,0
2021-09-06,1.8,1.8,1.8,1.8,0
2021-09-07,1.8,1.8,1.8,1.8,0
2021-09-08,1.8,1.8,1.8,1.8,0
2021-09-09,1.8,1.8,1.8,1.8,0
2021-09-10,1.8,2.0,1.8,2.0,1900
2021-09-13,2.0,2.0,2.0,2.0,0
2021-09-14,2.0,2.0,2.0,2.0,0
2021-09-15,2.0,2.0,2.0,2.0,0
2021-09-16,2.0,2.0,2.0,2.0,0
2021-09-17,2.1,2.3,2.1,2.3,8305
2021-09-20,2.3,2.3,2.3,2.3,0
2021-09-21,2.3,2.3,2.3,2.3,0
2021-09-22,2.3,2.3,2.3,2.3,0
2021-09-23,2.3,2.3,2.3,2.3,0
2021-09-24,2.6,2.6,2.6,2.6,27700
2021-09-27,2.6,2.6,2.6,2.6,0
2021-09-28,2.6,2.6,2.6,2.6,0
2021-09-29,2.6,2.6,2.6,2.6,0
2021-09-30,2.6,2.6,2.6,2.6,0
2021-10-01,2.9,2.9,2.9,2.9,48522
2021-10-04,2.9,2.9,2.9,2.9,0
2021-10-05,2.9,2.9,2.9,2.9,0
2021-10-06,2.9,2.9,2.9,2.9,0
2021-10-07,2.9,2.9,2.9,2.9,0
2021-10-08,3.0,3.3,3.0,3.3,33800
2021-10-11,3.3,3.3,3.3,3.3,0
2021-10-12,3.3,3.3,3.3,3.3,0
2021-10-13,3.3,3.3,3.3,3.3,0
2021-10-14,3.3,3.3,3.3,3.3,0
2021-10-15,3.6,3.7,3.3,3.7,59400
2021-10-18,3.7,3.7,3.7,3.7,0
2021-10-19,3.7,3.7,3.7,3.7,0
2021-10-20,3.7,3.7,3.7,3.7,0
2021-10-21,3.7,3.7,3.7,3.7,0
2021-10-22,3.5,3.6,3.2,3.4,55300
2021-10-25,3.3,3.3,3.3,3.3,0
2021-10-26,3.3,3.3,3.3,3.3,0
2021-10-27,3.3,3.3,3.3,3.3,0
2021-10-28,3.3,3.3,3.3,3.3,0
2021-10-29,3.2,3.6,3.2,3.3,28550
2021-11-01,3.4,3.4,3.4,3.4,0
2021-11-02,3.4,3.4,3.4,3.4,0
2021-11-03,3.4,3.4,3.4,3.4,0
2021-11-04,3.4,3.4,3.4,3.4,0
2021-11-05,3.4,3.9,3.4,3.9,102130
2021-11-08,3.9,3.9,3.9,3.9,0
2021-11-09,3.9,3.9,3.9,3.9,0
2021-11-10,3.9,3.9,3.9,3.9,0
2021-11-11,3.9,3.9,3.9,3.9,0
2021-11-12,4.4,4.4,4.1,4.4,140950
2021-11-15,4.4,4.4,4.4,4.4,0
2021-11-16,4.4,4.4,4.4,4.4,0
2021-11-17,4.4,4.4,4.4,4.4,0
2021-11-18,4.4,4.4,4.4,4.4,0
2021-11-19,5.0,5.0,4.9,5.0,31360
2021-11-22,5.0,5.0,5.0,5.0,0
2021-11-23,5.0,5.0,5.0,5.0,0
2021-11-24,5.0,5.0,5.0,5.0,0
2021-11-25,5.0,5.0,5.0,5.0,0
2021-11-26,5.7,5.7,5.1,5.7,43400
2021-11-29,5.6,5.6,5.6,5.6,0
2021-11-30,5.6,5.6,5.6,5.6,0
2021-12-01,5.6,5.6,5.6,5.6,0
2021-12-02,5.6,5.6,5.6,5.6,0
2021-12-03,6.4,6.4,6.0,6.0,24960
2021-12-06,6.3,6.3,6.3,6.3,0
2021-12-07,6.3,6.3,6.3,6.3,0
2021-12-08,6.3,6.3,6.3,6.3,0
2021-12-09,6.3,6.3,6.3,6.3,0
2021-12-10,6.0,6.2,5.5,5.5,73100
2021-12-13,6.0,6.0,6.0,6.0,0
2021-12-14,6.0,6.0,6.0,6.0,0
2021-12-15,6.0,6.0,6.0,6.0,0
2021-12-16,6.0,6.0,6.0,6.0,0
2021-12-17,5.9,5.9,5.1,5.1,3800
2021-12-20,5.3,5.3,5.3,5.3,0
2021-12-21,5.3,5.3,5.3,5.3,0
2021-12-22,5.3,5.3,5.3,5.3,0
2021-12-23,5.3,5.3,5.3,5.3,0
2021-12-24,4.6,5.9,4.6,5.6,52000
2021-12-27,5.8,5.8,5.8,5.8,0
2021-12-28,5.8,5.8,5.8,5.8,0
2021-12-29,5.8,5.8,5.8,5.8,0
2021-12-30,5.8,5.8,5.8,5.8,0
2021-12-31,5.5,5.8,5.0,5.0,22856
2022-01-04,5.1,5.1,5.1,5.1,0
2022-01-05,5.1,5.1,5.1,5.1,0
2022-01-06,5.1,5.1,5.1,5.1,0
2022-01-07,5.1,5.8,5.0,5.7,60958
2022-01-10,5.7,5.7,5.7,5.7,0
2022-01-11,5.7,5.7,5.7,5.7,0
2022-01-12,5.7,5.7,5.7,5.7,0
2022-01-13,5.7,5.7,5.7,5.7,0
2022-01-14,4.9,4.9,4.9,4.9,32140
2022-01-17,4.9,4.9,4.9,4.9,0
2022-01-18,4.9,4.9,4.9,4.9,0
2022-01-19,4.9,4.9,4.9,4.9,0
2022-01-20,4.9,4.9,4.9,4.9,0
2022-01-21,4.3,4.8,4.2,4.8,132374
2022-01-24,4.3,4.3,4.3,4.3,0
2022-01-25,4.3,4.3,4.3,4.3,0
2022-01-26,4.3,4.3,4.3,4.3,0
2022-01-27,4.3,4.3,4.3,4.3,0
2022-01-28,3.8,4.0,3.8,4.0,2300
2022-02-07,3.9,3.9,3.9,3.9,0
2022-02-08,3.9,3.9,3.9,3.9,0
2022-02-09,3.9,3.9,3.9,3.9,0
2022-02-10,3.9,3.9,3.9,3.9,0
2022-02-11,4.0,4.2,4.0,4.0,3100
2022-02-14,4.1,4.1,4.1,4.1,0
2022-02-15,4.1,4.1,4.1,4.1,0
2022-02-16,4.1,4.1,4.1,4.1,0
2022-02-17,4.1,4.1,4.1,4.1,0
2022-02-18,4.5,4.5,4.4,4.4,2272
2022-02-21,4.4,4.4,4.4,4.4,0
2022-02-22,4.4,4.4,4.4,4.4,0
2022-02-23,4.4,4.4,4.4,4.4,0
2022-02-24,4.4,4.4,4.4,4.4,0
2022-02-25,4.5,4.5,3.9,4.0,2600
2022-02-28,4.0,4.0,4.0,4.0,0
2022-03-01,4.0,4.0,4.0,4.0,0
2022-03-02,4.0,4.0,4.0,4.0,0
2022-03-03,4.0,4.0,4.0,4.0,0
2022-03-04,4.3,4.3,4.0,4.0,8412
2022-03-07,4.1,4.1,4.1,4.1,0
2022-03-08,4.1,4.1,4.1,4.1,0
2022-03-09,4.1,4.1,4.1,4.1,0
2022-03-10,4.1,4.1,4.1,4.1,0
2022-03-11,4.0,4.3,3.6,4.0,4400
2022-03-14,3.9,3.9,3.9,3.9,0
2022-03-15,3.9,3.9,3.9,3.9,0
2022-03-16,3.9,3.9,3.9,3.9,0
2022-03-17,3.9,3.9,3.9,3.9,0
2022-03-18,3.7,4.0,3.6,3.9,2300
2022-03-21,3.9,3.9,3.9,3.9,0
2022-03-22,3.9,3.9,3.9,3.9,0
2022-03-23,3.9,3.9,3.9,3.9,0
2022-03-24,3.9,3.9,3.9,3.9,0
2022-03-25,3.8,4.0,3.7,3.9,14400
2022-03-28,3.8,3.8,3.8,3.8,0
2022-03-29,3.8,3.8,3.8,3.8,0
2022-03-30,3.8,3.8,3.8,3.8,0
2022-03-31,3.8,3.8,3.8,3.8,0
2022-04-01,4.0,4.0,3.7,3.9,1500
2022-04-04,3.9,3.9,3.9,3.9,0
2022-04-05,3.9,3.9,3.9,3.9,0
2022-04-06,3.9,3.9,3.9,3.9,0
2022-04-07,3.9,3.9,3.9,3.9,0
2022-04-08,4.1,4.1,4.0,4.0,641
2022-04-12,4.0,4.0,4.0,4.0,0
2022-04-13,4.0,4.0,4.0,4.0,0
2022-04-14,4.0,4.0,4.0,4.0,0
2022-04-15,4.0,4.0,4.0,4.0,0
2022-04-18,4.0,4.0,4.0,4.0,0
2022-04-19,4.0,4.0,4.0,4.0,0
2022-04-20,4.0,4.0,4.0,4.0,0
2022-04-21,4.0,4.0,4.0,4.0,0
2022-04-22,3.5,3.5,3.4,3.4,3500
2022-04-25,3.4,3.4,3.4,3.4,0
2022-04-26,3.4,3.4,3.4,3.4,0
2022-04-27,3.4,3.4,3.4,3.4,0
2022-04-28,3.4,3.4,3.4,3.4,0
2022-04-29,3.4,3.4,3.4,3.4,500
2022-05-04,3.4,3.4,3.4,3.4,0
2022-05-05,3.4,3.4,3.4,3.4,0
2022-05-06,3.6,3.9,3.6,3.6,4400
2022-05-09,3.9,3.9,3.9,3.9,0
2022-05-10,3.9,3.9,3.9,3.9,0
2022-05-11,3.9,3.9,3.9,3.9,0
2022-05-12,3.9,3.9,3.9,3.9,0
2022-05-13,3.5,3.5,3.4,3.4,800
2022-05-16,3.5,3.5,3.5,3.5,0
2022-05-17,3.5,3.5,3.5,3.5,0
2022-05-18,3.5,3.5,3.5,3.5,0
2022-05-19,3.5,3.5,3.5,3.5,0
2022-05-20,3.4,3.4,3.4,3.4,100
2022-05-23,3.4,3.4,3.4,3.4,0
2022-05-24,3.4,3.4,3.4,3.4,0
2022-05-25,3.4,3.4,3.4,3.4,0
2022-05-26,3.4,3.4,3.4,3.4,0
2022-05-27,2.9,2.9,2.9,2.9,3700
2022-05-30,2.9,2.9,2.9,2.9,0
2022-05-31,2.9,2.9,2.9,2.9,0
2022-06-01,2.9,2.9,2.9,2.9,0
2022-06-02,2.9,2.9,2.9,2.9,0
2022-06-03,2.6,2.6,2.5,2.5,7000
2022-06-06,2.5,2.5,2.5,2.5,0
2022-06-07,2.5,2.5,2.5,2.5,0
2022-06-08,2.5,2.5,2.5,2.5,0
2022-06-09,2.5,2.5,2.5,2.5,0
2022-06-10,2.2,2.5,2.2,2.5,7700
2022-06-13,2.2,2.2,2.2,2.2,0
2022-06-14,2.2,2.2,2.2,2.2,0
2022-06-15,2.2,2.2,2.2,2.2,0
2022-06-16,2.2,2.2,2.2,2.2,0
2022-06-17,1.9,2.1,1.9,1.9,5900
2022-06-20,2.1,2.1,2.1,2.1,0
2022-06-21,2.1,2.1,2.1,2.1,0
2022-06-22,2.1,2.1,2.1,2.1,0
2022-06-23,2.1,2.1,2.1,2.1,0
2022-06-24,1.8,2.4,1.8,2.4,7900
2022-06-27,1.8,1.8,1.8,1.8,0
2022-06-28,1.8,1.8,1.8,1.8,0
2022-06-29,1.8,1.8,1.8,1.8,0
2022-06-30,1.8,1.8,1.8,1.8,0
2022-07-01,1.6,2.0,1.6,1.7,7120
2022-07-04,1.9,1.9,1.9,1.9,0
2022-07-05,1.9,1.9,1.9,1.9,0
2022-07-06,1.9,1.9,1.9,1.9,0
2022-07-07,1.9,1.9,1.9,1.9,0
2022-07-08,1.7,2.0,1.7,2.0,46520
2022-07-11,1.7,1.7,1.7,1.7,0
2022-07-12,1.7,1.7,1.7,1.7,0
2022-07-13,1.7,1.7,1.7,1.7,0
2022-07-14,1.7,1.7,1.7,1.7,0
2022-07-15,1.9,1.9,1.9,1.9,30192
2022-07-18,1.9,1.9,1.9,1.9,0
2022-07-19,1.9,1.9,1.9,1.9,0
2022-07-20,1.9,1.9,1.9,1.9,0
2022-07-21,1.9,1.9,1.9,1.9,0
2022-07-22,2.0,2.1,1.9,2.0,25500
2022-07-25,2.0,2.0,2.0,2.0,0
2022-07-26,2.0,2.0,2.0,2.0,0
2022-07-27,2.0,2.0,2.0,2.0,0
2022-07-28,2.0,2.0,2.0,2.0,0
2022-07-29,2.2,2.2,1.9,1.9,600
2022-08-01,2.1,2.1,2.1,2.1,0
2022-08-02,2.1,2.1,2.1,2.1,0
2022-08-03,2.1,2.1,2.1,2.1,0
2022-08-04,2.1,2.1,2.1,2.1,0
2022-08-05,2.1,2.1,2.0,2.0,6800
2022-08-08,2.1,2.1,2.1,2.1,0
2022-08-09,2.1,2.1,2.1,2.1,0
2022-08-10,2.1,2.1,2.1,2.1,0
2022-08-11,2.1,2.1,2.1,2.1,0
2022-08-12,1.9,2.0,1.9,1.9,16900
2022-08-15,1.9,1.9,1.9,1.9,0
2022-08-16,1.9,1.9,1.9,1.9,0
2022-08-17,1.9,1.9,1.9,1.9,0
2022-08-18,1.9,1.9,1.9,1.9,0
2022-08-19,1.9,2.1,1.8,2.1,24700
2022-08-22,1.9,1.9,1.9,1.9,0
2022-08-23,1.9,1.9,1.9,1.9,0
2022-08-24,1.9,1.9,1.9,1.9,0
2022-08-25,1.9,1.9,1.9,1.9,0
2022-08-26,2.1,2.1,1.7,2.1,20200
2022-08-29,1.9,1.9,1.9,1.9,0
2022-08-30,1.9,1.9,1.9,1.9,0
2022-08-31,1.9,1.9,1.9,1.9,0
2022-09-05,1.9,1.9,1.9,1.9,0
2022-09-06,1.9,1.9,1.9,1.9,0
2022-09-07,1.9,1.9,1.9,1.9,0
2022-09-08,1.9,1.9,1.9,1.9,0
2022-09-09,1.8,1.9,1.7,1.7,5800
2022-09-12,1.8,1.8,1.8,1.8,0
2022-09-13,1.8,1.8,1.8,1.8,0
2022-09-14,1.8,1.8,1.8,1.8,0
2022-09-15,1.8,1.8,1.8,1.8,0
2022-09-16,1.6,1.8,1.6,1.8,8468
2022-09-19,1.7,1.7,1.7,1.7,0
2022-09-20,1.7,1.7,1.7,1.7,0
2022-09-21,1.7,1.7,1.7,1.7,0
2022-09-22,1.7,1.7,1.7,1.7,0
2022-09-23,1.6,1.7,1.5,1.5,19654
2022-09-26,1.6,1.6,1.6,1.6,0
2022-09-27,1.6,1.6,1.6,1.6,0
2022-09-28,1.6,1.6,1.6,1.6,0
2022-09-29,1.6,1.6,1.6,1.6,0
2022-09-30,1.7,1.8,1.6,1.6,15300
2022-10-03,1.6,1.6,1.6,1.6,0
2022-10-04,1.6,1.6,1.6,1.6,0
2022-10-05,1.6,1.6,1.6,1.6,0
2022-10-06,1.6,1.6,1.6,1.6,0
2022-10-07,1.5,1.5,1.4,1.4,3115
2022-10-10,1.4,1.4,1.4,1.4,0
2022-10-11,1.4,1.4,1.4,1.4,0
2022-10-12,1.4,1.4,1.4,1.4,0
2022-10-13,1.4,1.4,1.4,1.4,0
2022-10-14,1.4,1.5,1.3,1.3,4401
2022-10-17,1.4,1.4,1.4,1.4,0
2022-10-18,1.4,1.4,1.4,1.4,0
2022-10-19,1.4,1.4,1.4,1.4,0
2022-10-20,1.4,1.4,1.4,1.4,0
2022-10-21,1.4,1.4,1.2,1.3,45100
2022-10-24,1.3,1.3,1.3,1.3,0
2022-10-25,1.3,1.3,1.3,1.3,0
2022-10-26,1.3,1.3,1.3,1.3,0
2022-10-27,1.3,1.3,1.3,1.3,0
2022-10-28,1.3,1.4,1.3,1.3,4922
2022-10-31,1.3,1.3,1.3,1.3,0
2022-11-01,1.3,1.3,1.3,1.3,0
2022-11-02,1.3,1.3,1.3,1.3,0
2022-11-03,1.3,1.3,1.3,1.3,0
2022-11-04,1.2,1.2,1.2,1.2,75700
2022-11-07,1.2,1.2,1.2,1.2,0
2022-11-08,1.2,1.2,1.2,1.2,0
2022-11-09,1.2,1.2,1.2,1.2,0
2022-11-10,1.2,1.2,1.2,1.2,0
2022-11-11,1.2,1.2,1.1,1.1,400
2022-11-14,1.1,1.1,1.1,1.1,0
2022-11-15,1.1,1.1,1.1,1.1,0
2022-11-16,1.1,1.1,1.1,1.1,0
2022-11-17,1.1,1.1,1.1,1.1,0
2022-11-18,1.1,1.2,1.1,1.2,6400
2022-11-21,1.1,1.1,1.1,1.1,0
2022-11-22,1.1,1.1,1.1,1.1,0
2022-11-23,1.1,1.1,1.1,1.1,0
2022-11-24,1.1,1.1,1.1,1.1,0
2022-11-25,1.2,1.2,1.2,1.2,1520
2022-11-28,1.2,1.2,1.2,1.2,0
2022-11-29,1.2,1.2,1.2,1.2,0
2022-11-30,1.2,1.2,1.2,1.2,0
2022-12-01,1.2,1.2,1.2,1.2,0
2022-12-02,1.3,1.3,1.1,1.1,6933
2022-12-05,1.2,1.2,1.2,1.2,0
2022-12-06,1.2,1.2,1.2,1.2,0
2022-12-07,1.2,1.2,1.2,1.2,0
2022-12-08,1.2,1.2,1.2,1.2,0
2022-12-09,1.2,1.2,1.1,1.2,7266
2022-12-12,1.2,1.2,1.2,1.2,0
2022-12-13,1.2,1.2,1.2,1.2,0
2022-12-14,1.2,1.2,1.2,1.2,0
2022-12-15,1.2,1.2,1.2,1.2,0
2022-12-16,1.2,1.2,1.2,1.2,3500
2022-12-19,1.2,1.2,1.2,1.2,0
2022-12-20,1.2,1.2,1.2,1.2,0
2022-12-21,1.2,1.2,1.2,1.2,0
2022-12-22,1.2,1.2,1.2,1.2,0
2022-12-23,1.2,1.2,1.1,1.2,5610
2022-12-26,1.2,1.2,1.2,1.2,0
2022-12-27,1.2,1.2,1.2,1.2,0
2022-12-28,1.2,1.2,1.2,1.2,0
2022-12-29,1.2,1.2,1.2,1.2,0
2022-12-30,1.2,1.2,1.2,1.2,1900
2023-01-03,1.2,1.2,1.2,1.2,0
2023-01-04,1.2,1.2,1.2,1.2,0
2023-01-05,1.2,1.2,1.2,1.2,0
2023-01-06,1.1,1.1,1.1,1.1,32200
2023-01-09,1.1,1.1,1.1,1.1,0
2023-01-10,1.1,1.1,1.1,1.1,0
2023-01-11,1.1,1.1,1.1,1.1,0
2023-01-12,1.1,1.1,1.1,1.1,0
2023-01-13,1.1,1.1,1.1,1.1,210
2023-01-16,1.1,1.1,1.1,1.1,0
2023-01-17,1.1,1.1,1.1,1.1,0
2023-01-18,1.1,1.1,1.1,1.1,0
2023-01-19,1.1,1.1,1.1,1.1,0
2023-01-27,1.2,1.2,1.1,1.1,6240
2023-01-30,1.1,1.1,1.1,1.1,0
2023-01-31,1.1,1.1,1.1,1.1,0
2023-02-01,1.1,1.1,1.1,1.1,0
2023-02-02,1.1,1.1,1.1,1.1,0
2023-02-03,1.1,1.2,1.1,1.1,17100
2023-02-06,1.1,1.1,1.1,1.1,0
2023-02-07,1.1,1.1,1.1,1.1,0
2023-02-08,1.1,1.1,1.1,1.1,0
2023-02-09,1.1,1.1,1.1,1.1,0
2023-02-10,1.1,1.1,1.1,1.1,200
2023-02-13,1.1,1.1,1.1,1.1,0
2023-02-14,1.1,1.1,1.1,1.1,0
2023-02-15,1.1,1.1,1.1,1.1,0
2023-02-16,1.1,1.1,1.1,1.1,0
2023-02-17,1.1,1.1,1.1,1.1,6000
2023-02-20,1.1,1.1,1.1,1.1,0
2023-02-21,1.1,1.1,1.1,1.1,0
2023-02-22,1.1,1.1,1.1,1.1,0
2023-02-23,1.1,1.1,1.1,1.1,0
2023-02-24,1.2,1.2,1.2,1.2,1100
2023-02-27,1.2,1.2,1.2,1.2,0
2023-02-28,1.2,1.2,1.2,1.2,0
2023-03-01,1.2,1.2,1.2,1.2,0
2023-03-02,1.2,1.2,1.2,1.2,0
2023-03-03,1.3,1.3,1.3,1.3,1500
2023-03-06,1.3,1.3,1.3,1.3,0
2023-03-07,1.3,1.3,1.3,1.3,0
2023-03-08,1.3,1.3,1.3,1.3,0
2023-03-09,1.3,1.3,1.3,1.3,0
2023-03-10,1.4,1.4,1.2,1.2,1300
2023-03-13,1.2,1.2,1.2,1.2,0
2023-03-14,1.2,1.2,1.2,1.2,0
2023-03-15,1.2,1.2,1.2,1.2,0
2023-03-16,1.2,1.2,1.2,1.2,0
2023-03-17,1.1,1.2,1.1,1.1,3700
2023-03-20,1.1,1.1,1.1,1.1,0
2023-03-21,1.1,1.1,1.1,1.1,0
2023-03-22,1.1,1.1,1.1,1.1,0
2023-03-23,1.1,1.1,1.1,1.1,0
2023-03-24,1.0,1.0,1.0,1.0,1150
2023-03-27,1.0,1.0,1.0,1.0,0
2023-03-28,1.0,1.0,1.0,1.0,0
2023-03-29,1.0,1.0,1.0,1.0,0
2023-03-30,1.0,1.0,1.0,1.0,0
2023-03-31,1.1,1.1,1.1,1.1,1000
2023-04-03,1.1,1.1,1.1,1.1,0
2023-04-04,1.1,1.1,1.1,1.1,0
2023-04-05,1.1,1.1,1.1,1.1,0
2023-04-06,1.1,1.1,1.1,1.1,0
2023-04-07,1.1,1.1,1.1,1.1,81
2023-04-10,1.1,1.1,1.1,1.1,0
2023-04-11,1.1,1.1,1.1,1.1,0
2023-04-12,1.1,1.1,1.1,1.1,0
2023-04-13,1.1,1.1,1.1,1.1,0
2023-04-14,1.1,1.1,1.1,1.1,0
2023-04-17,1.1,1.1,1.1,1.1,0
2023-04-18,1.1,1.1,1.1,1.1,0
2023-04-19,1.1,1.1,1.1,1.1,0
2023-04-20,1.1,1.1,1.1,1.1,0
2023-04-21,1.2,1.2,1.2,1.2,9840
2023-04-24,1.2,1.2,1.2,1.2,0
2023-04-25,1.2,1.2,1.2,1.2,0
2023-04-26,1.2,1.2,1.2,1.2,0
2023-04-27,1.2,1.2,1.2,1.2,0
2023-04-28,1.2,1.2,1.2,1.2,900
2023-05-04,1.2,1.2,1.2,1.2,0
2023-05-05,1.2,1.2,1.1,1.1,2400
2023-05-08,1.1,1.1,1.1,1.1,0
2023-05-09,1.1,1.1,1.1,1.1,0
2023-05-10,1.1,1.1,1.1,1.1,0
2023-05-11,1.1,1.1,1.1,1.1,0
2023-05-12,1.0,1.2,1.0,1.2,8101
2023-05-15,1.1,1.1,1.1,1.1,0
2023-05-16,1.1,1.1,1.1,1.1,0
2023-05-17,1.1,1.1,1.1,1.1,0
2023-05-18,1.1,1.1,1.1,1.1,0
2023-05-19,1.2,1.2,1.2,1.2,100
2023-05-22,1.2,1.2,1.2,1.2,0
2023-05-23,1.2,1.2,1.2,1.2,0
2023-05-24,1.2,1.2,1.2,1.2,0
2023-05-25,1.2,1.2,1.2,1.2,0
2023-05-26,1.2,1.2,1.1,1.1,600
2023-05-29,1.1,1.1,1.1,1.1,0
2023-05-30,1.1,1.1,1.1,1.1,0
2023-05-31,1.1,1.1,1.1,1.1,0
2023-06-01,1.1,1.1,1.1,1.1,0
2023-06-02,1.2,1.2,1.2,1.2,5461
2023-06-05,1.2,1.2,1.2,1.2,0
2023-06-06,1.2,1.2,1.2,1.2,0
2023-06-07,1.2,1.2,1.2,1.2,0
2023-06-08,1.2,1.2,1.2,1.2,0
2023-06-09,1.3,1.3,1.3,1.3,15830
2023-06-12,1.3,1.3,1.3,1.3,0
2023-06-13,1.3,1.3,1.3,1.3,0
2023-06-14,1.3,1.3,1.3,1.3,0
2023-06-15,1.3,1.3,1.3,1.3,0
2023-06-16,1.2,1.4,1.2,1.2,1160
2023-06-19,1.2,1.2,1.2,1.2,0
2023-06-20,1.2,1.2,1.2,1.2,0
2023-06-21,1.2,1.2,1.2,1.2,0
2023-06-22,1.2,1.2,1.2,1.2,0
2023-06-23,1.2,1.3,1.2,1.2,4200
2023-06-26,1.2,1.2,1.2,1.2,0
2023-06-27,1.2,1.2,1.2,1.2,0
2023-06-28,1.2,1.2,1.2,1.2,0
2023-06-29,1.2,1.2,1.2,1.2,0
2023-06-30,1.1,1.3,1.1,1.3,300
2023-07-03,1.2,1.2,1.2,1.2,0
2023-07-04,1.2,1.2,1.2,1.2,0
2023-07-05,1.2,1.2,1.2,1.2,0
2023-07-06,1.2,1.2,1.2,1.2,0
2023-07-07,1.2,1.2,1.2,1.2,100
2023-07-10,1.2,1.2,1.2,1.2,0
2023-07-11,1.2,1.2,1.2,1.2,0
2023-07-12,1.2,1.2,1.2,1.2,0
2023-07-13,1.2,1.2,1.2,1.2,0
2023-07-14,1.3,1.3,1.3,1.3,11300
2023-07-17,1.3,1.3,1.3,1.3,0
2023-07-18,1.3,1.3,1.3,1.3,0
2023-07-19,1.3,1.3,1.3,1.3,0
2023-07-20,1.3,1.3,1.3,1.3,0
2023-07-21,1.4,1.4,1.2,1.4,24110
2023-07-24,1.3,1.3,1.3,1.3,0
2023-07-25,1.3,1.3,1.3,1.3,0
2023-07-26,1.3,1.3,1.3,1.3,0
2023-07-27,1.3,1.3,1.3,1.3,0
2023-07-28,1.3,1.3,1.3,1.3,236
2023-07-31,1.3,1.3,1.3,1.3,0
2023-08-01,1.3,1.3,1.3,1.3,0
2023-08-02,1.3,1.3,1.3,1.3,0
2023-08-03,1.3,1.3,1.3,1.3,0
2023-08-04,1.3,1.4,1.2,1.2,3900
2023-08-07,1.3,1.3,1.3,1.3,0
2023-08-08,1.3,1.3,1.3,1.3,0
2023-08-09,1.3,1.3,1.3,1.3,0
2023-08-10,1.3,1.3,1.3,1.3,0
2023-08-11,1.3,1.3,1.2,1.2,16900
2023-08-14,1.2,1.2,1.2,1.2,0
2023-08-15,1.2,1.2,1.2,1.2,0
2023-08-16,1.2,1.2,1.2,1.2,0
2023-08-17,1.2,1.2,1.2,1.2,0
2023-08-18,1.3,1.3,1.2,1.3,14500
2023-08-21,1.3,1.3,1.3,1.3,0
2023-08-22,1.3,1.3,1.3,1.3,0
2023-08-23,1.3,1.3,1.3,1.3,0
2023-08-24,1.3,1.3,1.3,1.3,0
2023-08-25,1.4,1.4,1.4,1.4,8300
2023-08-28,1.4,1.4,1.4,1.4,0
2023-08-29,1.4,1.4,1.4,1.4,0
2023-08-30,1.4,1.4,1.4,1.4,0
2023-08-31,1.4,1.4,1.4,1.4,0
2023-09-05,1.4,1.4,1.4,1.4,0
2023-09-06,1.4,1.4,1.4,1.4,0
2023-09-07,1.4,1.4,1.4,1.4,0
2023-09-08,1.5,1.6,1.5,1.6,22756
2023-09-11,1.6,1.6,1.6,1.6,0
2023-09-12,1.6,1.6,1.6,1.6,0
2023-09-13,1.6,1.6,1.6,1.6,0
2023-09-14,1.6,1.6,1.6,1.6,0
2023-09-15,1.4,1.8,1.4,1.8,21428
2023-09-18,1.8,1.8,1.8,1.8,0
2023-09-19,1.8,1.8,1.8,1.8,0
2023-09-20,1.8,1.8,1.8,1.8,0
2023-09-21,1.8,1.8,1.8,1.8,0
2023-09-22,2.0,2.0,1.6,2.0,151429
2023-09-25,2.0,2.0,2.0,2.0,0
2023-09-26,2.0,2.0,2.0,2.0,0
2023-09-27,2.0,2.0,2.0,2.0,0
2023-09-28,2.0,2.0,2.0,2.0,0
2023-09-29,2.3,2.3,2.3,2.3,52800
2023-10-02,2.3,2.3,2.3,2.3,0
2023-10-03,2.3,2.3,2.3,2.3,0
2023-10-04,2.3,2.3,2.3,2.3,0
2023-10-05,2.3,2.3,2.3,2.3,0
2023-10-06,2.6,2.6,2.6,2.6,67900
2023-10-09,2.6,2.6,2.6,2.6,0
2023-10-10,2.6,2.6,2.6,2.6,0
2023-10-11,2.6,2.6,2.6,2.6,0
2023-10-12,2.6,2.6,2.6,2.6,0
2023-10-13,2.9,2.9,2.9,2.9,116870
2023-10-16,2.9,2.9,2.9,2.9,0
2023-10-17,2.9,2.9,2.9,2.9,0
2023-10-18,2.9,2.9,2.9,2.9,0
2023-10-19,2.9,2.9,2.9,2.9,0
2023-10-20,3.2,3.3,3.0,3.3,77000
2023-10-23,3.3,3.3,3.3,3.3,0
2023-10-24,3.3,3.3,3.3,3.3,0
2023-10-25,3.3,3.3,3.3,3.3,0
2023-10-26,3.3,3.3,3.3,3.3,0
2023-10-27,3.6,3.7,3.5,3.6,52217
2023-10-30,3.7,3.7,3.7,3.7,0
2023-10-31,3.7,3.7,3.7,3.7,0
2023-11-01,3.7,3.7,3.7,3.7,0
2023-11-02,3.7,3.7,3.7,3.7,0
2023-11-03,4.1,4.1,3.2,3.8,11100
2023-11-06,3.6,3.6,3.6,3.6,0
2023-11-07,3.6,3.6,3.6,3.6,0
2023-11-08,3.6,3.6,3.6,3.6,0
2023-11-09,3.6,3.6,3.6,3.6,0
2023-11-10,3.5,3.6,3.5,3.6,7739
2023-11-13,3.6,3.6,3.6,3.6,0
2023-11-14,3.6,3.6,3.6,3.6,0
2023-11-15,3.6,3.6,3.6,3.6,0
2023-11-16,3.6,3.6,3.6,3.6,0
2023-11-17,4.1,4.1,4.0,4.0,800
2023-11-20,4.0,4.0,4.0,4.0,0
2023-11-21,4.0,4.0,4.0,4.0,0
2023-11-22,4.0,4.0,4.0,4.0,0
2023-11-23,4.0,4.0,4.0,4.0,0
2023-11-24,4.0,4.2,4.0,4.2,2000
2023-11-27,4.1,4.1,4.1,4.1,0
2023-11-28,4.1,4.1,4.1,4.1,0
2023-11-29,4.1,4.1,4.1,4.1,0
2023-11-30,4.1,4.1,4.1,4.1,0
2023-12-01,4.5,4.5,3.5,3.5,2600
2023-12-04,3.6,3.6,3.6,3.6,0
2023-12-05,3.6,3.6,3.6,3.6,0
2023-12-06,3.6,3.6,3.6,3.6,0
2023-12-07,3.6,3.6,3.6,3.6,0
2023-12-08,4.1,4.1,3.6,3.6,3172
2023-12-11,4.0,4.0,4.0,4.0,0
2023-12-12,4.0,4.0,4.0,4.0,0
2023-12-13,4.0,4.0,4.0,4.0,0
2023-12-14,4.0,4.0,4.0,4.0,0
2023-12-15,4.2,4.2,4.0,4.0,359
2023-12-18,4.1,4.1,4.1,4.1,0
2023-12-19,4.1,4.1,4.1,4.1,0
2023-12-20,4.1,4.1,4.1,4.1,0
2023-12-21,4.1,4.1,4.1,4.1,0
2023-12-22,4.2,4.2,3.5,3.5,5200
2023-12-25,4.1,4.1,4.1,4.1,0
2023-12-26,4.1,4.1,4.1,4.1,0
2023-12-27,4.1,4.1,4.1,4.1,0
2023-12-28,4.1,4.1,4.1,4.1,0
2023-12-29,4.1,4.7,4.1,4.7,500
2024-01-02,4.5,4.5,4.5,4.5,0
2024-01-03,4.5,4.5,4.5,4.5,0
2024-01-04,4.5,4.5,4.5,4.5,0
2024-01-05,5.0,5.0,4.0,4.9,8549
2024-01-08,4.3,4.3,4.3,4.3,0
2024-01-09,4.3,4.3,4.3,4.3,0
2024-01-10,4.3,4.3,4.3,4.3,0
2024-01-11,4.3,4.3,4.3,4.3,0
2024-01-12,4.0,4.8,3.7,4.8,8365
2024-01-15,3.9,3.9,3.9,3.9,0
2024-01-16,3.9,3.9,3.9,3.9,0
2024-01-17,3.9,3.9,3.9,3.9,0
2024-01-18,3.9,3.9,3.9,3.9,0
2024-01-19,3.4,3.9,3.4,3.9,302
2024-01-22,3.6,3.6,3.6,3.6,0
2024-01-23,3.6,3.6,3.6,3.6,0
2024-01-24,3.6,3.6,3.6,3.6,0
2024-01-25,3.6,3.6,3.6,3.6,0
2024-01-26,3.6,4.0,3.6,4.0,300
2024-01-29,3.8,3.8,3.8,3.8,0
2024-01-30,3.8,3.8,3.8,3.8,0
2024-01-31,3.8,3.8,3.8,3.8,0
2024-02-01,3.8,3.8,3.8,3.8,0
2024-02-02,4.0,4.0,4.0,4.0,100
2024-02-05,4.0,4.0,4.0,4.0,0
2024-02-06,4.0,4.0,4.0,4.0,0
2024-02-07,4.0,4.0,4.0,4.0,0
2024-02-15,4.0,4.0,4.0,4.0,0
2024-02-16,4.4,4.4,3.9,3.9,617
2024-02-19,4.0,4.0,4.0,4.0,0
2024-02-20,4.0,4.0,4.0,4.0,0
2024-02-21,4.0,4.0,4.0,4.0,0
2024-02-22,4.0,4.0,4.0,4.0,0
2024-02-23,4.4,4.4,3.4,4.4,10205
2024-02-26,4.1,4.1,4.1,4.1,0
2024-02-27,4.1,4.1,4.1,4.1,0
2024-02-28,4.1,4.1,4.1,4.1,0
2024-02-29,4.1,4.1,4.1,4.1,0
2024-03-01,4.0,4.5,4.0,4.0,9500
2024-03-04,4.0,4.0,4.0,4.0,0
2024-03-05,4.0,4.0,4.0,4.0,0
2024-03-06,4.0,4.0,4.0,4.0,0
2024-03-07,4.0,4.0,4.0,4.0,0
2024-03-08,4.0,4.0,4.0,4.0,900
2024-03-11,4.0,4.0,4.0,4.0,0
2024-03-12,4.0,4.0,4.0,4.0,0
2024-03-13,4.0,4.0,4.0,4.0,0
2024-03-14,4.0,4.0,4.0,4.0,0
2024-03-15,3.7,4.5,3.6,4.5,19900
2024-03-18,3.9,3.9,3.9,3.9,0
2024-03-19,3.9,3.9,3.9,3.9,0
2024-03-20,3.9,3.9,3.9,3.9,0
2024-03-21,3.9,3.9,3.9,3.9,0
2024-03-22,4.0,4.3,4.0,4.0,7900
2024-03-25,4.1,4.1,4.1,4.1,0
2024-03-26,4.1,4.1,4.1,4.1,0
2024-03-27,4.1,4.1,4.1,4.1,0
2024-03-28,4.1,4.1,4.1,4.1,0
2024-03-29,4.2,4.2,3.5,4.0,6350
2024-04-01,3.7,3.7,3.7,3.7,0
2024-04-02,3.7,3.7,3.7,3.7,0
2024-04-03,3.7,3.7,3.7,3.7,0
2024-04-04,3.7,3.7,3.7,3.7,0
2024-04-05,4.1,4.1,3.2,3.9,7100
2024-04-08,3.4,3.4,3.4,3.4,0
2024-04-09,3.4,3.4,3.4,3.4,0
2024-04-10,3.4,3.4,3.4,3.4,0
2024-04-11,3.4,3.4,3.4,3.4,0
2024-04-12,3.6,3.6,3.6,3.6,300
2024-04-15,3.6,3.6,3.6,3.6,0
2024-04-16,3.6,3.6,3.6,3.6,0
2024-04-17,3.6,3.6,3.6,3.6,0
2024-04-19,3.6,4.0,3.6,4.0,400
2024-04-22,3.7,3.7,3.7,3.7,0
2024-04-23,3.7,3.7,3.7,3.7,0
2024-04-24,3.7,3.7,3.7,3.7,0
2024-04-25,3.7,3.7,3.7,3.7,0
2024-04-26,4.1,4.1,4.1,4.1,105
2024-05-02,4.1,4.1,4.1,4.1,0
2024-05-03,4.6,4.6,4.3,4.3,400
2024-05-06,4.4,4.4,4.4,4.4,0
2024-05-07,4.4,4.4,4.4,4.4,0
2024-05-08,4.4,4.4,4.4,4.4,0
2024-05-09,4.4,4.4,4.4,4.4,0
2024-05-10,4.5,4.5,4.5,4.5,210
2024-05-13,4.5,4.5,4.5,4.5,0
2024-05-14,4.5,4.5,4.5,4.5,0
2024-05-15,4.5,4.5,4.5,4.5,0
2024-05-16,4.5,4.5,4.5,4.5,0
2024-05-17,4.9,4.9,4.0,4.0,200
2024-05-20,4.5,4.5,4.5,4.5,0
2024-05-21,4.5,4.5,4.5,4.5,0
2024-05-22,4.5,4.5,4.5,4.5,0
2024-05-23,4.5,4.5,4.5,4.5,0
2024-05-24,4.9,4.9,4.9,4.9,103
2024-05-27,4.9,4.9,4.9,4.9,0
2024-05-28,4.9,4.9,4.9,4.9,0
2024-05-29,4.9,4.9,4.9,4.9,0
2024-05-30,4.9,4.9,4.9,4.9,0
2024-05-31,4.9,5.6,4.9,5.6,105319
2024-06-03,5.4,5.4,5.4,5.4,0
2024-06-04,5.4,5.4,5.4,5.4,0
2024-06-05,5.4,5.4,5.4,5.4,0
2024-06-06,5.4,5.4,5.4,5.4,0
2024-06-07,5.6,6.2,5.0,6.1,16600
2024-06-10,5.4,5.4,5.4,5.4,0
2024-06-11,5.4,5.4,5.4,5.4,0
2024-06-12,5.4,5.4,5.4,5.4,0
2024-06-13,5.4,5.4,5.4,5.4,0
2024-06-14,5.4,6.2,5.4,6.2,127805
2024-06-17,6.2,6.2,6.2,6.2,0
2024-06-18,6.2,6.2,6.2,6.2,0
2024-06-19,6.2,6.2,6.2,6.2,0
2024-06-20,6.2,6.2,6.2,6.2,0
2024-06-21,7.1,7.1,6.2,6.4,23250
2024-06-24,6.6,6.6,6.6,6.6,0
2024-06-25,6.6,6.6,6.6,6.6,0
2024-06-26,6.6,6.6,6.6,6.6,0
2024-06-27,6.6,6.6,6.6,6.6,0
2024-06-28,7.5,7.5,6.0,6.4,33501
2024-07-01,7.0,7.0,7.0,7.0,0
2024-07-02,7.0,7.0,7.0,7.0,0
2024-07-03,7.0,7.0,7.0,7.0,0
2024-07-04,7.0,7.0,7.0,7.0,0
2024-07-05,7.0,7.0,7.0,7.0,0
2024-07-08,7.0,7.0,7.0,7.0,0
2024-07-09,7.0,7.0,7.0,7.0,0
2024-07-10,7.0,7.0,7.0,7.0,0
2024-07-11,7.0,7.0,7.0,7.0,0
2024-07-12,8.0,8.0,7.4,7.4,705
2024-07-15,7.6,7.6,7.6,7.6,0
2024-07-16,7.6,7.6,7.6,7.6,0
2024-07-17,7.6,7.6,7.6,7.6,0
2024-07-18,7.6,7.6,7.6,7.6,0
2024-07-19,8.7,8.7,6.8,6.8,537
2024-07-22,7.7,7.7,7.7,7.7,0
2024-07-23,7.7,7.7,7.7,7.7,0
2024-07-24,7.7,7.7,7.7,7.7,0
2024-07-25,7.7,7.7,7.7,7.7,0
2024-07-26,7.7,7.7,7.7,7.7,200
2024-09-06,8.8,8.8,6.6,6.6,700
2024-09-13,5.9,5.9,5.9,5.9,100
2024-09-20,5.1,5.1,5.1,5.1,600
2024-09-27,4.4,4.4,4.4,4.4,1200
2024-10-04,3.8,3.8,3.8,3.8,24900
2024-10-11,3.3,3.3,3.3,3.3,7400
2024-10-18,2.9,2.9,2.9,2.9,5200
2024-10-25,2.5,2.5,2.5,2.5,28300
2024-11-01,2.2,2.2,2.2,2.2,700
2024-11-08,1.9,2.5,1.9,1.9,104400
2024-11-15,2.0,2.0,1.9,1.9,6300
2024-11-22,1.7,1.7,1.7,1.7,9700
2024-11-29,1.5,1.5,1.5,1.5,98900
2024-12-06,1.3,1.7,1.3,1.4,23000
2024-12-13,1.7,1.8,1.6,1.8,26900
2024-12-20,1.9,1.9,1.8,1.9,21200
2024-12-27,1.9,2.1,1.8,2.1,11900
2025-01-03,2.0,2.1,1.8,2.1,4000
2025-01-10,2.1,2.3,2.1,2.2,43900
2025-01-17,2.0,2.2,1.9,2.2,5400
2025-01-24,2.0,2.3,2.0,2.2,13700
2025-02-07,1.9,2.1,1.9,2.1,16200
2025-02-14,1.9,2.1,1.9,2.1,1000
2025-02-21,2.4,2.4,2.0,2.2,5200
2025-02-28,2.4,2.4,2.2,2.2,300
2025-03-07,2.3,2.3,2.2,2.2,4200
2025-03-14,2.2,2.3,2.0,2.3,15600
2025-03-21,1.8,2.3,1.8,2.2,2900
2025-03-28,2.2,2.4,2.2,2.3,18200
2025-04-04,1.9,2.2,1.9,2.2,700
2025-04-11,2.3,2.4,2.1,2.2,10200
2025-04-18,2.5,2.5,2.2,2.3,1600
2025-04-25,2.2,2.3,2.2,2.3,2300
2025-05-09,2.1,2.3,2.0,2.3,19300
2025-05-16,2.1,2.3,2.0,2.2,6500
2025-05-23,2.0,2.4,2.0,2.3,15800
2025-05-30,2.4,2.4,1.8,2.2,80000
2025-06-06,1.8,2.1,1.7,2.0,8000
2025-06-13,1.7,2.0,1.6,1.9,24200
2025-06-20,1.8,1.9,1.8,1.9,1500
2025-06-27,2.0,2.0,2.0,2.0,100
2025-07-04,1.9,1.9,1.8,1.9,600
2025-07-11,1.9,2.0,1.9,2.0,16300
2025-07-18,1.9,2.0,1.8,1.9,1700
2025-07-25,2.0,2.1,2.0,2.1,132400
2025-08-01,2.4,2.4,2.4,2.4,58300
2025-08-08,2.3,2.7,2.3,2.7,14200
2025-08-15,3.1,3.1,2.7,3.1,59300
2025-08-22,3.0,3.2,2.7,2.9,7100
2025-08-29,2.6,2.6,2.6,2.6,2800
2025-09-05,2.4,2.4,2.3,2.3,50100
2025-09-12,2.1,2.1,2.0,2.0,8800
2025-09-19,1.8,1.9,1.7,1.7,4300
2025-09-26,1.7,1.7,1.7,1.7,1400
2025-10-03,1.8,1.8,1.6,1.6,1200
2025-10-10,1.8,1.8,1.8,1.8,3400
