time,open,high,low,close,volume
2010-04-26,11.9,13.02,11.2,11.2,5800
2010-04-27,12.27,12.65,11.53,11.72,6500
2010-04-28,11.72,11.9,11.34,11.34,4900
2010-04-29,11.72,11.72,11.53,11.72,12200
2010-05-04,11.64,11.64,11.16,11.57,1800
2010-05-05,11.46,11.9,11.46,11.87,8900
2010-05-06,11.9,11.9,11.9,11.9,12000
2010-05-07,11.16,11.9,11.16,11.9,1600
2010-05-10,11.34,11.68,11.34,11.68,5400
2010-05-11,11.64,11.64,11.16,11.16,18200
2010-05-12,11.34,11.42,11.34,11.34,24100
2010-05-13,10.97,10.97,10.97,10.97,200
2010-05-14,11.34,11.72,11.31,11.72,10100
2010-05-17,11.01,11.38,11.01,11.01,400
2010-05-18,11.23,11.23,11.23,11.23,100
2010-05-19,11.23,11.23,10.45,10.45,2500
2010-05-20,10.41,11.34,10.41,11.34,10700
2010-05-21,10.6,10.6,9.89,10.41,12100
2010-05-24,9.67,9.67,9.52,9.52,2400
2010-05-25,9.41,9.41,8.89,8.89,30400
2010-05-26,9.48,9.48,9.34,9.48,6000
2010-05-27,9.86,10.04,8.93,10.04,4400
2010-05-28,10.38,10.41,10.38,10.41,3900
2010-05-31,10.12,10.15,10.12,10.15,1300
2010-06-01,10.41,10.41,10.34,10.34,300
2010-06-02,10.38,10.38,10.08,10.38,2400
2010-06-03,10.71,10.71,10.71,10.71,100
2010-06-04,10.08,10.08,10.08,10.08,1000
2010-06-07,9.45,10.08,9.41,9.41,4700
2010-06-08,9.63,10.08,9.63,10.08,2000
2010-06-09,10.04,10.04,10.04,10.04,100
2010-06-10,10.01,10.01,10.01,10.01,1000
2010-06-11,9.37,9.37,9.37,9.37,100
2010-06-14,9.67,10.01,9.67,10.01,1300
2010-06-15,10.6,10.6,10.04,10.04,1200
2010-06-16,9.67,10.01,9.67,9.67,18700
2010-06-17,10.27,10.27,9.67,9.71,4900
2010-06-18,9.67,9.67,9.67,9.67,200
2010-06-21,9.71,9.71,9.67,9.67,800
2010-06-22,9.67,10.04,9.3,10.04,1300
2010-06-23,9.48,10.01,9.48,10.01,2700
2010-06-24,9.52,9.52,9.45,9.45,9200
2010-06-25,9.3,9.3,9.3,9.3,600
2010-06-28,9.93,9.93,9.3,9.3,1100
2010-06-29,9.86,9.86,9.67,9.67,1200
2010-06-30,9.3,9.3,9.11,9.3,2300
2010-07-01,9.3,9.3,9.04,9.04,4000
2010-07-02,9.11,9.26,9.0,9.0,4300
2010-07-05,9.6,9.71,9.04,9.04,2200
2010-07-06,9.19,9.19,8.93,8.93,4300
2010-07-07,9.67,9.67,9.67,9.67,100
2010-07-08,9.0,9.0,9.0,9.0,13000
2010-07-09,9.3,9.3,9.3,9.3,100
2010-07-12,9.71,9.71,8.93,9.0,6200
2010-07-13,9.6,9.6,9.0,9.0,4800
2010-07-14,9.3,9.3,8.93,9.0,6100
2010-07-15,9.19,9.19,8.93,8.93,300
2010-07-16,9.3,9.3,9.3,9.3,100
2010-07-19,9.0,9.0,8.93,9.0,3200
2010-07-20,8.96,9.11,8.93,9.11,5200
2010-07-21,9.26,9.26,9.0,9.0,1400
2010-07-22,9.08,9.08,8.93,8.93,4000
2010-07-23,9.3,9.3,9.3,9.3,100
2010-07-26,8.74,8.89,8.74,8.89,2200
2010-07-27,9.11,9.11,8.26,8.26,3100
2010-07-28,8.37,8.44,8.26,8.29,69900
2010-07-29,8.82,8.82,8.74,8.82,17500
2010-07-30,9.41,9.41,8.93,8.93,2300
2010-08-02,9.37,9.37,9.15,9.15,1200
2010-08-03,8.63,8.93,8.55,8.55,6900
2010-08-04,8.29,8.55,8.03,8.55,5000
2010-08-05,8.63,8.63,8.63,8.63,100
2010-08-06,8.93,8.93,8.93,8.93,100
2010-08-09,8.96,8.96,8.33,8.33,9200
2010-08-10,7.85,7.85,7.85,7.85,4700
2010-08-11,8.15,8.15,8.15,8.15,100
2010-08-12,8.15,8.15,8.15,8.15,0
2010-08-13,8.15,8.15,8.15,8.15,2000
2010-08-16,8.7,8.7,8.7,8.7,1500
2010-08-17,9.11,9.11,9.04,9.04,10600
2010-08-18,8.41,8.41,8.41,8.41,3200
2010-08-19,8.55,8.63,8.41,8.63,28500
2010-08-20,8.63,8.63,8.63,8.63,0
2010-08-23,8.37,8.37,8.37,8.37,2500
2010-08-24,7.85,8.55,7.85,8.55,2900
2010-08-25,8.29,8.49,8.29,8.49,7000
2010-08-26,8.49,8.49,8.49,8.49,2000
2010-08-27,8.49,8.68,7.91,8.68,9900
2010-08-30,8.53,8.56,8.53,8.53,5500
2010-08-31,8.49,8.49,8.49,8.49,2200
2010-09-01,8.49,8.56,8.49,8.53,7600
2010-09-06,9.03,9.07,9.03,9.07,1700
2010-09-07,9.26,9.61,9.07,9.45,5700
2010-09-08,9.26,9.26,9.26,9.26,6500
2010-09-09,9.61,9.61,9.45,9.45,5800
2010-09-10,9.45,9.45,9.45,9.45,5000
2010-09-13,9.64,9.64,9.49,9.49,800
2010-09-14,9.64,9.64,9.64,9.64,3000
2010-09-15,9.64,9.64,9.64,9.64,0
2010-09-16,9.64,9.64,9.64,9.64,0
2010-09-17,9.64,9.64,9.64,9.64,800
2010-09-20,9.64,9.72,9.64,9.72,2400
2010-09-21,9.64,9.64,9.64,9.64,6000
2010-09-22,10.03,10.03,9.45,9.45,12900
2010-09-23,9.64,9.64,9.64,9.64,10000
2010-09-24,9.64,9.64,9.64,9.64,8000
2010-09-27,9.64,9.64,9.64,9.64,2000
2010-09-28,9.64,9.68,9.64,9.68,12000
2010-09-29,9.68,9.68,9.68,9.68,0
2010-09-30,9.45,9.45,9.26,9.26,10000
2010-10-01,9.64,9.64,9.64,9.64,100
2010-10-04,9.64,9.64,9.64,9.64,1200
2010-10-05,9.64,9.64,9.64,9.64,0
2010-10-06,9.64,9.64,9.64,9.64,0
2010-10-07,9.26,9.45,9.26,9.45,2100
2010-10-08,9.37,9.37,9.37,9.37,6000
2010-10-11,9.37,9.37,9.26,9.26,5900
2010-10-12,9.37,9.37,9.26,9.26,3900
2010-10-13,9.26,9.26,9.26,9.26,0
2010-10-14,9.26,9.26,9.26,9.26,2000
2010-10-15,9.45,9.45,9.45,9.45,100
2010-10-18,9.26,9.26,9.26,9.26,5000
2010-10-19,9.26,9.26,9.26,9.26,400
2010-10-20,9.26,9.26,9.26,9.26,0
2010-10-21,9.26,9.26,9.26,9.26,1000
2010-10-22,9.26,9.26,9.26,9.26,0
2010-10-25,9.26,9.26,9.26,9.26,0
2010-10-26,9.26,9.88,9.26,9.84,12100
2010-10-27,9.26,9.26,9.26,9.26,5000
2010-10-28,9.26,9.26,9.26,9.26,1000
2010-10-29,9.61,9.61,9.26,9.26,3000
2010-11-01,9.26,9.26,9.26,9.26,0
2010-11-02,9.26,9.26,9.26,9.26,0
2010-11-03,9.26,9.26,9.26,9.26,0
2010-11-04,10.03,10.03,9.64,9.84,11000
2010-11-05,9.64,9.64,9.64,9.64,5000
2010-11-08,9.64,9.64,9.64,9.64,0
2010-11-09,9.26,9.26,9.26,9.26,4000
2010-11-10,9.26,9.26,9.26,9.26,0
2010-11-11,9.26,9.26,9.07,9.07,4100
2010-11-12,9.57,9.57,9.57,9.57,100
2010-11-15,9.57,9.57,9.57,9.57,0
2010-11-16,9.64,9.64,9.61,9.61,13000
2010-11-17,9.61,9.61,9.61,9.61,0
2010-11-18,9.64,9.64,9.64,9.64,21000
2010-11-19,9.68,9.72,9.68,9.72,16000
2010-11-22,9.61,9.61,9.61,9.61,18000
2010-11-23,9.61,9.61,9.61,9.61,0
2010-11-24,9.57,9.57,9.26,9.26,34000
2010-11-25,9.57,9.57,9.57,9.57,21000
2010-11-26,9.61,9.61,9.61,9.61,20000
2010-11-29,9.64,9.64,9.64,9.64,17000
2010-11-30,9.64,9.64,9.64,9.64,1000
2010-12-01,9.26,9.26,9.26,9.26,2000
2010-12-02,9.26,9.26,9.26,9.26,200
2010-12-03,9.26,9.26,9.26,9.26,0
2010-12-06,8.64,8.68,8.64,8.64,700
2010-12-07,9.22,9.22,9.22,9.22,100
2010-12-08,9.22,9.22,9.22,9.22,0
2010-12-09,9.22,9.22,9.22,9.22,0
2010-12-10,9.22,9.22,9.22,9.22,0
2010-12-13,9.26,9.26,9.26,9.26,200
2010-12-14,9.45,9.45,9.45,9.45,3000
2010-12-15,9.45,9.45,9.45,9.45,0
2010-12-16,9.45,9.45,9.45,9.45,0
2010-12-17,9.45,9.45,9.45,9.45,0
2010-12-20,9.45,9.45,9.45,9.45,0
2010-12-21,9.45,9.45,9.45,9.45,0
2010-12-22,9.37,9.37,9.37,9.37,2000
2010-12-23,9.41,9.41,9.26,9.26,2000
2010-12-24,9.61,9.61,9.61,9.61,500
2010-12-27,9.61,9.61,9.61,9.61,0
2010-12-28,9.61,9.61,9.61,9.61,0
2010-12-29,9.61,9.61,9.61,9.61,0
2010-12-30,9.99,9.99,9.99,9.99,100
2010-12-31,9.99,9.99,9.99,9.99,0
2011-01-04,9.3,9.64,9.3,9.64,22000
2011-01-05,9.64,9.64,9.64,9.64,0
2011-01-06,9.64,9.64,9.64,9.64,0
2011-01-07,9.64,9.64,9.64,9.64,0
2011-01-10,9.64,9.64,9.64,9.64,0
2011-01-11,9.64,9.64,9.64,9.64,0
2011-01-12,9.61,9.61,9.61,9.61,48000
2011-01-13,9.61,9.61,9.61,9.61,0
2011-01-14,9.61,9.61,9.61,9.61,20000
2011-01-17,9.61,9.61,9.61,9.61,0
2011-01-18,9.57,9.57,9.57,9.57,24000
2011-01-19,9.57,9.57,9.57,9.57,0
2011-01-20,9.57,9.57,9.57,9.57,3000
2011-01-21,9.53,9.53,9.26,9.26,5600
2011-01-24,9.26,9.26,9.26,9.26,0
2011-01-25,9.26,9.26,9.26,9.26,0
2011-01-26,9.26,9.26,9.26,9.26,0
2011-01-27,8.87,8.87,8.87,8.87,2000
2011-01-28,8.87,8.87,8.87,8.87,0
2011-02-08,9.45,9.45,9.45,9.45,100
2011-02-09,9.45,9.45,9.45,9.45,0
2011-02-10,9.45,9.45,9.45,9.45,0
2011-02-11,9.45,9.45,9.45,9.45,0
2011-02-14,9.45,9.45,9.45,9.45,0
2011-02-15,9.45,9.45,9.45,9.45,0
2011-02-16,9.45,9.45,9.45,9.45,0
2011-02-17,9.49,9.49,9.49,9.49,800
2011-02-18,9.49,9.49,9.49,9.49,0
2011-02-21,9.49,9.49,9.49,9.49,0
2011-02-22,9.49,9.49,9.49,9.49,0
2011-02-23,9.49,9.49,9.49,9.49,0
2011-02-24,9.49,9.49,9.49,9.49,0
2011-02-25,9.49,9.49,9.49,9.49,0
2011-02-28,9.45,9.45,9.45,9.45,4400
2011-03-01,9.45,9.45,9.45,9.45,0
2011-03-02,9.85,9.85,9.85,9.85,0
2011-03-03,9.25,9.25,9.25,9.25,100
2011-03-04,9.25,9.25,9.25,9.25,0
2011-03-07,9.25,9.25,9.25,9.25,0
2011-03-08,9.25,9.25,9.25,9.25,0
2011-03-09,8.61,8.61,8.61,8.61,3000
2011-03-10,8.61,8.61,8.61,8.61,0
2011-03-11,8.65,8.65,8.65,8.65,1000
2011-03-14,8.65,8.65,8.65,8.65,0
2011-03-15,8.85,8.85,8.85,8.85,100
2011-03-16,8.85,8.85,8.85,8.85,0
2011-03-17,8.85,8.85,8.85,8.85,0
2011-03-18,8.25,8.29,8.25,8.25,5200
2011-03-21,8.25,8.25,8.25,8.25,0
2011-03-22,8.25,8.25,8.25,8.25,0
2011-03-23,8.25,8.25,8.25,8.25,0
2011-03-24,8.04,8.04,8.04,8.04,100
2011-03-25,8.04,8.04,8.04,8.04,0
2011-03-28,8.04,8.04,8.04,8.04,0
2011-03-29,8.04,8.04,8.04,8.04,0
2011-03-30,8.04,8.04,8.04,8.04,0
2011-03-31,8.04,8.04,8.04,8.04,0
2011-04-01,8.04,8.04,8.04,8.04,0
2011-04-04,8.04,8.04,8.04,8.04,0
2011-04-05,8.04,8.04,8.04,8.04,0
2011-04-06,8.04,8.04,8.04,8.04,0
2011-04-07,8.04,8.04,8.04,8.04,0
2011-04-08,8.04,8.04,8.04,8.04,0
2011-04-13,8.04,8.04,8.04,8.04,0
2011-04-14,8.04,8.04,8.04,8.04,0
2011-04-15,8.04,8.04,8.04,8.04,0
2011-04-18,8.04,8.04,8.04,8.04,0
2011-04-19,8.04,8.04,8.04,8.04,0
2011-04-20,8.04,8.04,8.04,8.04,0
2011-04-21,8.04,8.04,8.04,8.04,0
2011-04-22,8.04,8.04,8.04,8.04,0
2011-04-25,8.04,8.04,8.04,8.04,0
2011-04-26,8.04,8.04,8.04,8.04,0
2011-04-27,8.04,8.04,8.04,8.04,0
2011-04-28,8.04,8.04,8.04,8.04,0
2011-04-29,8.04,8.04,8.04,8.04,0
2011-05-04,8.04,8.04,8.04,8.04,0
2011-05-05,8.04,8.04,8.04,8.04,0
2011-05-06,8.04,8.04,8.04,8.04,0
2011-05-09,8.04,8.04,8.04,8.04,0
2011-05-10,8.04,8.04,8.04,8.04,0
2011-05-11,8.04,8.04,8.04,8.04,0
2011-05-12,8.04,8.04,8.04,8.04,0
2011-05-13,8.04,8.04,8.04,8.04,0
2011-05-16,8.04,8.04,8.04,8.04,0
2011-05-17,8.04,8.04,8.04,8.04,0
2011-05-18,8.04,8.04,8.04,8.04,0
2011-05-19,8.04,8.04,8.04,8.04,0
2011-05-20,8.04,8.04,8.04,8.04,0
2011-05-23,8.04,8.04,8.04,8.04,0
2011-05-24,8.04,8.04,8.04,8.04,0
2011-05-25,8.04,8.04,8.04,8.04,0
2011-05-26,8.04,8.04,8.04,8.04,0
2011-05-27,8.04,8.04,8.04,8.04,0
2011-05-30,8.04,8.04,8.04,8.04,0
2011-05-31,8.04,8.04,8.04,8.04,0
2011-06-01,8.04,8.04,8.04,8.04,0
2011-06-02,8.04,8.04,8.04,8.04,0
2011-06-03,7.48,7.64,7.48,7.52,400
2011-06-06,7.52,7.52,7.52,7.52,0
2011-06-07,7.56,7.56,7.56,7.56,200
2011-06-08,7.56,7.56,7.56,7.56,100
2011-06-09,7.44,7.44,7.2,7.24,1600
2011-06-10,7.76,7.76,6.96,6.96,500
2011-06-13,7.4,7.4,7.4,7.4,200
2011-06-14,7.88,7.88,7.44,7.84,1700
2011-06-15,7.84,7.84,7.84,7.84,300
2011-06-16,8.29,8.29,8.29,8.29,100
2011-06-17,8.81,8.81,8.81,8.81,100
2011-06-20,8.81,8.81,8.81,8.81,200
2011-06-21,8.85,8.85,8.29,8.29,300
2011-06-22,8.65,9.21,8.45,8.45,400
2011-06-23,8.45,8.45,8.45,8.45,0
2011-06-24,8.45,8.45,8.45,8.45,0
2011-06-27,8.45,8.45,8.45,8.45,0
2011-06-28,8.45,8.45,8.45,8.45,0
2011-06-29,8.45,8.45,8.45,8.45,0
2011-06-30,8.45,8.45,8.45,8.45,0
2011-07-01,8.45,8.45,8.45,8.45,0
2011-07-04,8.29,8.29,8.29,8.29,100
2011-07-05,7.72,7.72,7.72,7.72,100
2011-07-06,7.2,7.2,7.2,7.2,100
2011-07-07,6.72,6.72,6.72,6.72,100
2011-07-08,6.27,6.27,6.27,6.27,400
2011-07-11,5.87,5.87,5.87,5.87,100
2011-07-12,5.47,5.47,5.47,5.47,9400
2011-07-13,5.11,5.11,5.11,5.11,23100
2011-07-14,4.79,4.79,4.79,4.79,12400
2011-07-15,4.79,4.79,4.46,4.46,20900
2011-07-18,4.79,4.79,4.79,4.79,400
2011-07-19,5.11,5.11,5.11,5.11,1600
2011-07-20,5.31,5.43,5.31,5.43,600
2011-07-21,5.79,5.79,5.75,5.79,4500
2011-07-22,6.15,6.15,6.15,6.15,300
2011-07-25,5.75,5.75,5.75,5.75,11200
2011-07-26,5.59,5.59,5.59,5.59,200
2011-07-27,5.27,5.59,5.27,5.59,1600
2011-07-28,5.59,5.59,5.59,5.59,0
2011-07-29,5.63,5.63,5.63,5.63,100
2011-08-01,5.63,5.63,5.63,5.63,0
2011-08-02,5.63,5.63,5.63,5.63,0
2011-08-03,5.95,5.95,5.95,5.95,100
2011-08-04,5.95,5.95,5.95,5.95,0
2011-08-05,5.95,5.95,5.95,5.95,0
2011-08-08,5.95,5.95,5.95,5.95,0
2011-08-09,5.59,5.59,5.59,5.59,2000
2011-08-10,5.23,5.23,5.23,5.23,2500
2011-08-11,5.23,5.23,5.23,5.23,0
2011-08-12,5.03,5.03,5.03,5.03,400
2011-08-15,5.23,5.31,5.23,5.31,600
2011-08-16,5.63,5.63,5.63,5.63,100
2011-08-17,5.83,5.99,5.83,5.99,10100
2011-08-18,6.03,6.03,6.03,6.03,200
2011-08-19,6.03,6.03,6.03,6.03,0
2011-08-22,6.03,6.03,6.03,6.03,0
2011-08-23,6.4,6.4,6.4,6.4,100
2011-08-24,6.4,6.4,6.4,6.4,0
2011-08-25,6.4,6.4,6.4,6.4,0
2011-08-26,6.4,6.4,6.4,6.4,0
2011-08-29,6.69,6.69,6.69,6.69,0
2011-08-30,6.1,6.1,6.1,6.1,500
2011-08-31,5.81,5.81,5.81,5.81,500
2011-09-01,5.81,5.81,5.81,5.81,0
2011-09-05,5.81,5.81,5.81,5.81,0
2011-09-06,5.47,5.47,5.47,5.47,200
2011-09-07,5.26,5.26,5.09,5.09,6800
2011-09-08,4.8,5.13,4.75,5.13,5200
2011-09-09,5.13,5.13,5.13,5.13,0
2011-09-12,5.13,5.13,5.13,5.13,0
2011-09-13,5.13,5.13,5.13,5.13,0
2011-09-14,5.22,5.22,5.22,5.22,100
2011-09-15,5.34,5.39,5.34,5.39,300
2011-09-16,5.39,5.39,5.39,5.39,0
2011-09-19,5.34,5.34,5.34,5.34,700
2011-09-20,5.34,5.34,5.34,5.34,0
2011-09-21,5.34,5.34,5.34,5.34,0
2011-09-22,5.55,5.55,5.55,5.55,100
2011-09-23,5.55,5.55,5.55,5.55,0
2011-09-26,5.68,5.68,5.68,5.68,3500
2011-09-27,5.68,5.68,5.68,5.68,600
2011-09-28,5.68,5.68,5.64,5.64,2000
2011-09-29,5.6,5.6,5.55,5.6,800
2011-09-30,5.6,5.6,5.6,5.6,0
2011-10-03,5.6,5.6,5.6,5.6,0
2011-10-04,5.3,5.3,5.3,5.3,1200
2011-10-05,5.3,5.3,5.3,5.3,0
2011-10-06,5.3,5.3,5.3,5.3,0
2011-10-07,5.3,5.3,5.3,5.3,0
2011-10-10,5.3,5.3,5.3,5.3,0
2011-10-11,5.51,5.51,5.51,5.51,100
2011-10-12,5.51,5.51,5.51,5.51,0
2011-10-13,5.51,5.51,5.51,5.51,0
2011-10-14,5.76,5.76,5.76,5.76,400
2011-10-17,5.47,5.47,5.47,5.47,500
2011-10-18,5.47,5.47,5.47,5.47,0
2011-10-19,5.47,5.47,5.47,5.47,0
2011-10-20,5.47,5.47,5.47,5.47,0
2011-10-21,5.64,5.64,5.64,5.64,100
2011-10-24,5.51,5.51,5.47,5.47,700
2011-10-25,5.39,5.39,5.39,5.39,1000
2011-10-26,5.39,5.39,5.39,5.39,0
2011-10-27,5.55,5.55,5.26,5.26,600
2011-10-28,5.05,5.43,5.05,5.43,900
2011-10-31,5.47,5.47,5.47,5.47,200
2011-11-01,5.47,5.47,5.47,5.47,0
2011-11-02,5.68,5.68,5.68,5.68,200
2011-11-03,5.68,5.68,5.68,5.68,0
2011-11-04,5.68,5.68,5.68,5.68,0
2011-11-07,5.68,5.68,5.68,5.68,700
2011-11-08,5.68,5.68,5.68,5.68,0
2011-11-09,5.68,5.68,5.68,5.68,0
2011-11-10,5.68,5.68,5.68,5.68,0
2011-11-11,5.68,5.68,5.68,5.68,0
2011-11-14,5.68,5.68,5.68,5.68,0
2011-11-15,5.68,5.68,5.68,5.68,0
2011-11-16,5.3,6.06,5.3,6.06,400
2011-11-17,6.06,6.06,6.06,6.06,0
2011-11-18,6.06,6.06,6.06,6.06,0
2011-11-21,6.06,6.06,6.06,6.06,100
2011-11-22,6.06,6.06,6.06,6.06,0
2011-11-23,6.06,6.06,6.06,6.06,0
2011-11-24,6.06,6.06,6.06,6.06,0
2011-11-25,6.06,6.06,6.06,6.06,0
2011-11-28,6.06,6.06,6.06,6.06,0
2011-11-29,6.06,6.06,6.06,6.06,0
2011-11-30,6.06,6.06,6.06,6.06,0
2011-12-01,6.06,6.06,6.06,6.06,0
2011-12-02,6.06,6.06,6.06,6.06,0
2011-12-05,6.06,6.06,6.06,6.06,0
2011-12-06,6.06,6.06,6.06,6.06,0
2011-12-07,6.06,6.06,6.06,6.06,0
2011-12-08,6.06,6.06,6.06,6.06,0
2011-12-09,6.06,6.06,6.06,6.06,0
2011-12-12,6.06,6.06,6.06,6.06,0
2011-12-13,6.06,6.06,6.06,6.06,1000
2011-12-14,5.93,5.93,5.93,5.93,500
2011-12-15,5.93,5.93,5.85,5.85,1800
2011-12-16,5.85,5.85,5.85,5.85,0
2011-12-19,5.93,5.93,5.93,5.93,500
2011-12-20,5.93,5.93,5.93,5.93,0
2011-12-21,5.93,5.93,5.93,5.93,0
2011-12-22,5.93,5.93,5.93,5.93,0
2011-12-23,5.93,5.93,5.93,5.93,0
2011-12-26,6.31,6.31,6.31,6.31,2000
2011-12-27,6.73,6.73,6.73,6.73,100
2011-12-28,7.07,7.07,7.07,7.07,1000
2011-12-29,7.32,7.32,7.32,7.32,1500
2011-12-30,7.57,7.57,7.57,7.57,1000
2012-01-03,7.57,7.57,7.57,7.57,0
2012-01-04,7.57,7.57,7.57,7.57,0
2012-01-05,7.57,7.57,7.57,7.57,0
2012-01-06,7.57,7.57,7.57,7.57,0
2012-01-09,7.57,7.57,7.57,7.57,0
2012-01-10,7.57,7.57,7.57,7.57,0
2012-01-11,7.57,7.57,7.57,7.57,0
2012-01-12,7.78,7.78,7.78,7.78,100
2012-01-13,7.99,7.99,7.32,7.32,200
2012-01-16,7.32,7.32,7.32,7.32,0
2012-01-17,7.32,7.32,7.32,7.32,0
2012-01-18,7.32,7.32,7.32,7.32,0
2012-01-19,7.32,7.32,7.32,7.32,0
2012-01-20,7.32,7.32,7.32,7.32,0
2012-01-30,7.32,7.32,7.32,7.32,0
2012-01-31,7.15,7.15,7.15,7.15,100
2012-02-01,7.15,7.15,7.15,7.15,0
2012-02-02,6.69,6.69,6.69,6.69,100
2012-02-03,6.23,6.23,6.23,6.23,100
2012-02-06,6.1,6.1,6.1,6.1,100
2012-02-07,6.1,6.1,6.1,6.1,0
2012-02-08,6.1,6.1,6.1,6.1,0
2012-02-09,6.1,6.1,6.1,6.1,0
2012-02-10,6.52,6.52,5.89,5.89,600
2012-02-13,5.89,5.89,5.89,5.89,0
2012-02-14,6.1,6.1,6.1,6.1,100
2012-02-15,6.1,6.1,6.1,6.1,0
2012-02-16,6.1,6.1,6.1,6.1,0
2012-02-17,6.1,6.1,6.1,6.1,0
2012-02-20,6.1,6.1,6.1,6.1,0
2012-02-21,6.1,6.1,6.1,6.1,0
2012-02-22,6.1,6.1,6.1,6.1,0
2012-02-23,6.1,6.1,6.1,6.1,0
2012-02-24,6.1,6.1,6.1,6.1,0
2012-02-27,6.1,6.1,6.1,6.1,0
2012-02-28,6.1,6.1,6.1,6.1,0
2012-02-29,6.1,6.1,6.1,6.1,0
2012-03-01,6.1,6.1,6.1,6.1,0
2012-03-02,5.89,5.89,5.89,5.89,100
2012-03-05,5.51,5.51,5.51,5.51,1000
2012-03-06,5.51,5.51,5.51,5.51,0
2012-03-07,5.89,5.89,5.89,5.89,100
2012-03-08,5.89,5.89,5.89,5.89,0
2012-03-09,5.89,5.89,5.89,5.89,0
2012-03-12,5.89,5.89,5.89,5.89,0
2012-03-13,5.89,5.89,5.89,5.89,0
2012-03-14,5.89,5.89,5.89,5.89,0
2012-03-15,5.89,5.89,5.89,5.89,0
2012-03-16,5.89,5.89,5.89,5.89,0
2012-03-19,5.89,5.89,5.89,5.89,0
2012-03-20,5.89,5.89,5.89,5.89,0
2012-03-21,5.89,5.89,5.89,5.89,0
2012-03-22,5.89,5.89,5.89,5.89,0
2012-03-23,5.51,5.51,5.51,5.51,100
2012-03-26,5.51,5.51,5.51,5.51,0
2012-03-27,5.13,5.13,5.13,5.13,1000
2012-03-28,4.84,5.13,4.84,4.84,700
2012-03-29,4.84,4.84,4.84,4.84,0
2012-03-30,4.84,4.84,4.84,4.84,0
2012-04-03,5.17,5.17,5.17,5.17,100
2012-04-04,5.17,5.17,5.17,5.17,0
2012-04-05,5.17,5.17,5.17,5.17,0
2012-04-06,5.17,5.17,5.17,5.17,0
2012-04-09,5.17,5.17,5.17,5.17,0
2012-04-10,5.17,5.17,5.17,5.17,0
2012-04-11,5.17,5.17,5.17,5.17,0
2012-04-12,5.51,5.51,5.51,5.51,100
2012-04-13,5.51,5.51,5.51,5.51,1100
2012-04-16,5.85,5.85,5.85,5.85,100
2012-04-17,5.93,5.93,5.93,5.93,100
2012-04-18,5.93,5.93,5.93,5.93,0
2012-04-19,5.93,5.93,5.93,5.93,0
2012-04-20,5.93,5.93,5.93,5.93,0
2012-04-23,5.93,5.93,5.93,5.93,0
2012-04-24,5.55,5.55,5.55,5.55,100
2012-04-25,5.91,5.91,5.91,5.91,0
2012-04-26,5.91,5.91,5.91,5.91,0
2012-04-27,5.91,5.91,5.91,5.91,0
2012-05-02,5.91,5.91,5.91,5.91,0
2012-05-03,5.91,5.91,5.91,5.91,100
2012-05-04,5.91,5.91,5.91,5.91,0
2012-05-07,5.82,5.82,5.82,5.82,700
2012-05-08,5.82,5.82,5.82,5.82,0
2012-05-09,5.82,5.82,5.82,5.82,0
2012-05-10,5.82,5.82,5.82,5.82,0
2012-05-11,5.82,5.82,5.82,5.82,0
2012-05-14,5.82,5.82,5.82,5.82,0
2012-05-15,5.82,5.82,5.82,5.82,0
2012-05-16,5.82,5.82,5.82,5.82,0
2012-05-17,5.82,5.82,5.82,5.82,0
2012-05-18,5.82,5.82,5.82,5.82,0
2012-05-21,5.82,5.82,5.82,5.82,0
2012-05-22,5.82,5.82,5.82,5.82,0
2012-05-23,5.82,5.82,5.82,5.82,0
2012-05-24,5.82,5.82,5.82,5.82,0
2012-05-25,5.82,5.82,5.82,5.82,0
2012-05-28,5.82,5.82,5.82,5.82,0
2012-05-29,5.42,5.42,5.42,5.42,1000
2012-05-30,5.42,5.42,5.42,5.42,0
2012-05-31,5.06,5.06,5.06,5.06,4200
2012-06-01,4.93,5.37,4.84,5.37,3200
2012-06-04,5.37,5.37,5.37,5.37,0
2012-06-05,5.02,5.02,5.02,5.02,1000
2012-06-06,4.75,4.75,4.7,4.7,1000
2012-06-07,4.75,4.93,4.75,4.93,200
2012-06-08,4.75,4.75,4.61,4.7,1800
2012-06-11,4.61,4.61,4.57,4.57,1500
2012-06-12,4.57,4.57,4.57,4.57,0
2012-06-13,4.52,4.52,4.52,4.52,7600
2012-06-14,4.52,4.52,4.52,4.52,0
2012-06-15,4.79,4.79,4.79,4.79,400
2012-06-18,4.79,4.93,4.79,4.93,500
2012-06-19,4.93,4.93,4.93,4.93,0
2012-06-20,4.93,5.15,4.93,5.15,1100
2012-06-21,5.2,5.2,5.15,5.15,1700
2012-06-22,5.28,5.28,5.28,5.28,100
2012-06-25,5.28,5.28,5.28,5.28,0
2012-06-26,5.28,5.28,5.15,5.15,200
2012-06-27,5.15,5.28,5.15,5.28,200
2012-06-28,4.93,5.24,4.93,5.24,1600
2012-06-29,4.93,5.28,4.93,5.28,1900
2012-07-02,4.93,5.33,4.93,5.33,4000
2012-07-03,5.37,5.37,4.97,4.97,3000
2012-07-04,5.24,5.24,5.24,5.24,100
2012-07-05,5.24,5.24,5.24,5.24,0
2012-07-06,5.24,5.24,5.24,5.24,0
2012-07-09,4.88,4.88,4.88,4.88,2600
2012-07-10,4.88,4.88,4.88,4.88,0
2012-07-11,4.88,4.88,4.88,4.88,0
2012-07-12,4.88,4.88,4.88,4.88,0
2012-07-13,4.97,5.2,4.97,5.2,200
2012-07-16,4.93,4.93,4.93,4.93,1300
2012-07-17,5.15,5.15,5.15,5.15,1000
2012-07-18,4.93,4.93,4.93,4.93,100
2012-07-19,5.06,5.06,4.93,4.93,2600
2012-07-20,5.2,5.2,5.2,5.2,2000
2012-07-23,5.33,5.33,5.15,5.15,2300
2012-07-24,5.15,5.15,5.15,5.15,1000
2012-07-25,5.51,5.51,5.46,5.46,1100
2012-07-26,5.46,5.46,5.46,5.46,0
2012-07-27,5.46,5.46,5.46,5.46,0
2012-07-30,5.46,5.46,5.46,5.46,0
2012-07-31,5.82,5.82,5.82,5.82,100
2012-08-01,6.18,6.18,6.18,6.18,100
2012-08-02,6.18,6.18,6.18,6.18,0
2012-08-03,6.49,6.49,6.49,6.49,2000
2012-08-06,6.05,6.4,6.05,6.4,600
2012-08-07,6.67,6.67,5.96,5.96,600
2012-08-08,5.96,5.96,5.96,5.96,0
2012-08-09,5.96,5.96,5.96,5.96,0
2012-08-10,5.55,5.55,5.55,5.55,1000
2012-08-13,5.2,5.2,5.2,5.2,1000
2012-08-14,4.97,4.97,4.93,4.93,2000
2012-08-15,5.02,5.02,5.02,5.02,2000
2012-08-16,4.84,4.93,4.84,4.93,200
2012-08-17,5.2,5.2,5.06,5.06,2100
2012-08-20,4.93,5.28,4.93,5.28,400
2012-08-21,5.28,5.28,5.28,5.28,0
2012-08-22,5.51,5.51,5.51,5.51,100
2012-08-23,5.82,5.82,5.82,5.82,500
2012-08-24,5.91,6.18,5.91,6.18,3500
2012-08-27,6.18,6.18,6.18,6.18,0
2012-08-28,5.78,6.14,5.78,6.14,300
2012-08-29,5.73,6.09,5.73,6.09,400
2012-08-30,6.09,6.09,6.09,6.09,0
2012-08-31,6.09,6.09,6.09,6.09,0
2012-09-04,6.09,6.09,6.09,6.09,0
2012-09-05,6.09,6.09,6.09,6.09,0
2012-09-06,6.09,6.09,6.09,6.09,0
2012-09-07,6.09,6.09,6.09,6.09,0
2012-09-10,6.09,6.09,6.09,6.09,0
2012-09-11,6.09,6.09,6.09,6.09,0
2012-09-12,6.09,6.09,6.09,6.09,0
2012-09-13,6.09,6.09,6.09,6.09,0
2012-09-14,5.69,5.69,5.69,5.69,100
2012-09-17,5.91,5.91,5.37,5.37,200
2012-09-18,5.37,5.37,5.37,5.37,0
2012-09-19,5.37,5.37,5.37,5.37,0
2012-09-20,5.37,5.37,5.37,5.37,0
2012-09-21,5.37,5.37,5.37,5.37,0
2012-09-24,5.37,5.37,5.37,5.37,0
2012-09-25,5.73,5.73,5.73,5.73,100
2012-09-26,5.73,5.73,5.73,5.73,0
2012-09-27,6.05,6.05,6.05,6.05,100
2012-09-28,6.36,6.36,6.36,6.36,100
2012-10-01,6.36,6.36,6.36,6.36,0
2012-10-02,6.36,6.36,6.36,6.36,0
2012-10-03,6.36,6.36,6.36,6.36,0
2012-10-04,6.36,6.36,6.36,6.36,0
2012-10-05,6.36,6.36,6.36,6.36,0
2012-10-08,6.36,6.36,6.36,6.36,0
2012-10-09,6.67,6.67,6.67,6.67,100
2012-10-10,6.67,6.67,6.67,6.67,0
2012-10-11,7.08,7.08,7.08,7.08,100
2012-10-12,7.08,7.08,7.08,7.08,0
2012-10-15,7.08,7.08,7.08,7.08,0
2012-10-16,7.08,7.08,7.08,7.08,0
2012-10-17,7.08,7.08,7.08,7.08,0
2012-10-18,7.08,7.08,7.08,7.08,0
2012-10-19,7.08,7.08,7.08,7.08,0
2012-10-22,7.08,7.08,7.08,7.08,0
2012-10-23,7.08,7.08,7.08,7.08,0
2012-10-24,7.08,7.08,7.08,7.08,0
2012-10-25,6.58,6.58,6.58,6.58,200
2012-10-26,6.58,6.58,6.58,6.58,0
2012-10-29,6.14,6.58,6.14,6.58,1900
2012-10-30,6.18,6.18,5.78,5.78,300
2012-10-31,5.6,5.6,5.37,5.37,2000
2012-11-01,5.42,5.42,5.42,5.42,200
2012-11-02,5.37,5.37,5.37,5.37,1100
2012-11-05,5.37,5.37,5.37,5.37,0
2012-11-06,5.15,5.15,5.15,5.15,300
2012-11-07,5.75,5.75,5.75,5.75,0
2012-11-08,5.75,5.75,5.75,5.75,0
2012-11-09,5.15,5.15,5.15,5.15,100
2012-11-12,5.15,5.15,5.15,5.15,0
2012-11-13,5.25,5.5,5.25,5.5,500
2012-11-14,5.5,5.5,5.5,5.5,0
2012-11-15,5.85,5.85,5.85,5.85,100
2012-11-16,5.85,5.85,5.85,5.85,0
2012-11-19,5.85,5.85,5.85,5.85,0
2012-11-20,5.85,5.85,5.85,5.85,0
2012-11-21,5.95,5.95,5.95,5.95,100
2012-11-22,5.95,5.95,5.95,5.95,0
2012-11-23,5.95,5.95,5.95,5.95,0
2012-11-26,5.95,5.95,5.95,5.95,0
2012-11-27,5.95,5.95,5.95,5.95,0
2012-11-28,5.95,5.95,5.95,5.95,0
2012-11-29,6.3,6.3,6.3,6.3,100
2012-11-30,6.3,6.3,6.3,6.3,0
2012-12-03,6.3,6.3,6.3,6.3,0
2012-12-04,6.3,6.3,6.3,6.3,0
2012-12-05,6.3,6.3,6.3,6.3,0
2012-12-06,6.3,6.3,6.3,6.3,0
2012-12-07,6.3,6.3,6.3,6.3,0
2012-12-10,6.3,6.3,6.3,6.3,0
2012-12-11,6.3,6.3,6.3,6.3,0
2012-12-12,6.3,6.3,6.3,6.3,0
2012-12-13,6.3,6.3,6.3,6.3,0
2012-12-14,6.3,6.3,6.3,6.3,0
2012-12-17,6.3,6.3,6.3,6.3,0
2012-12-18,6.3,6.3,6.3,6.3,0
2012-12-19,6.3,6.3,6.3,6.3,0
2012-12-20,6.3,6.3,6.3,6.3,0
2012-12-21,5.9,5.9,5.9,5.9,100
2012-12-24,6.25,6.25,6.25,6.25,1000
2012-12-25,6.25,6.25,6.25,6.25,0
2012-12-26,6.25,6.25,6.25,6.25,0
2012-12-27,6.25,6.25,6.25,6.25,0
2012-12-28,6.1,6.1,6.1,6.1,1000
2013-01-02,6.0,6.0,6.0,6.0,100
2013-01-03,6.0,6.0,6.0,6.0,0
2013-01-04,6.0,6.0,6.0,6.0,0
2013-01-07,6.0,6.0,6.0,6.0,0
2013-01-08,6.0,6.0,6.0,6.0,0
2013-01-09,6.0,6.0,6.0,6.0,0
2013-01-10,6.0,6.0,6.0,6.0,0
2013-01-11,5.6,5.6,5.6,5.6,300
2013-01-14,5.95,5.95,5.95,5.95,100
2013-01-15,5.95,5.95,5.95,5.95,0
2013-01-16,5.95,5.95,5.95,5.95,0
2013-01-17,6.5,6.5,6.5,6.5,200
2013-01-18,6.5,6.5,6.5,6.5,0
2013-01-21,6.5,6.5,6.5,6.5,0
2013-01-22,6.5,6.5,6.5,6.5,0
2013-01-23,6.5,6.5,6.5,6.5,0
2013-01-24,5.85,5.85,5.85,5.85,100
2013-01-25,5.85,5.85,5.85,5.85,0
2013-01-28,5.5,5.75,5.5,5.75,2100
2013-01-29,5.5,5.5,5.5,5.5,600
2013-01-30,5.5,5.5,5.5,5.5,0
2013-01-31,5.5,5.5,5.5,5.5,100
2013-02-01,5.25,5.75,5.25,5.75,6700
2013-02-04,5.75,5.75,5.75,5.75,0
2013-02-05,5.6,5.6,5.6,5.6,100
2013-02-06,5.6,5.6,5.6,5.6,1500
2013-02-07,5.6,5.6,5.6,5.6,0
2013-02-08,5.6,5.6,5.6,5.6,0
2013-02-18,6.0,6.0,6.0,6.0,100
2013-02-19,6.0,6.0,6.0,6.0,0
2013-02-20,6.0,6.0,6.0,6.0,0
2013-02-21,5.6,6.0,5.4,6.0,1400
2013-02-22,6.0,6.0,6.0,6.0,0
2013-02-25,6.0,6.0,6.0,6.0,0
2013-02-26,6.0,6.0,6.0,6.0,0
2013-02-27,4.95,5.5,4.95,5.5,200
2013-02-28,5.5,5.5,5.5,5.5,100
2013-03-01,5.5,5.5,5.5,5.5,0
2013-03-04,5.5,5.5,5.5,5.5,0
2013-03-05,5.5,5.5,5.5,5.5,200
2013-03-06,5.5,5.5,5.5,5.5,0
2013-03-07,5.5,5.5,5.5,5.5,0
2013-03-08,4.95,4.95,4.95,4.95,1000
2013-03-11,4.95,4.95,4.95,4.95,0
2013-03-12,5.25,5.25,4.75,4.75,400
2013-03-13,4.75,4.75,4.75,4.75,0
2013-03-14,4.75,4.75,4.75,4.75,0
2013-03-15,5.25,5.25,5.25,5.25,500
2013-03-18,5.25,5.25,5.25,5.25,0
2013-03-19,5.25,5.25,5.25,5.25,300
2013-03-20,5.25,5.25,5.25,5.25,400
2013-03-21,5.25,5.25,5.25,5.25,200
2013-03-22,5.25,5.25,5.25,5.25,300
2013-03-25,5.25,5.25,5.25,5.25,0
2013-03-26,5.25,5.25,5.25,5.25,0
2013-03-27,5.25,5.25,5.25,5.25,0
2013-03-28,4.75,4.75,4.75,4.75,100
2013-03-29,4.75,4.75,4.75,4.75,0
2013-04-01,5.0,5.0,5.0,5.0,200
2013-04-02,5.05,5.05,5.05,5.05,12800
2013-04-03,5.05,5.05,5.05,5.05,0
2013-04-04,5.05,5.05,5.05,5.05,0
2013-04-05,4.55,5.25,4.55,5.0,900
2013-04-08,5.0,5.0,5.0,5.0,0
2013-04-09,4.5,5.25,4.5,5.25,12000
2013-04-10,5.75,5.75,5.75,5.75,100
2013-04-11,5.75,5.75,5.75,5.75,0
2013-04-12,5.3,5.3,5.3,5.3,1600
2013-04-15,5.8,5.8,5.8,5.8,400
2013-04-16,5.8,5.8,5.8,5.8,0
2013-04-17,5.8,5.8,5.8,5.8,0
2013-04-18,5.8,5.8,5.8,5.8,0
2013-04-22,5.8,5.8,5.8,5.8,0
2013-04-23,5.3,5.3,5.3,5.3,100
2013-04-24,5.7,5.7,5.7,5.7,100
2013-04-25,5.7,5.7,5.7,5.7,0
2013-04-26,5.5,5.5,5.5,5.5,1000
2013-05-02,5.5,5.5,5.5,5.5,0
2013-05-03,5.5,5.5,5.5,5.5,0
2013-05-06,5.5,5.5,5.5,5.5,0
2013-05-07,5.5,5.5,5.5,5.5,0
2013-05-08,5.5,5.5,5.5,5.5,0
2013-05-09,5.5,5.5,5.5,5.5,0
2013-05-10,5.65,5.65,5.65,5.65,100
2013-05-13,5.8,5.8,5.8,5.8,100
2013-05-14,5.8,5.8,5.8,5.8,0
2013-05-15,5.8,5.8,5.8,5.8,100
2013-05-16,5.8,5.8,5.8,5.8,0
2013-05-17,5.8,5.8,5.8,5.8,200
2013-05-20,5.8,5.8,5.8,5.8,200
2013-05-21,5.95,5.95,5.95,5.95,100
2013-05-22,5.45,6.5,5.45,6.5,300
2013-05-23,6.7,6.7,6.7,6.7,200
2013-05-24,7.3,7.3,7.3,6.7,100
2013-05-27,7.45,7.45,7.45,7.45,100
2013-05-28,7.5,7.5,7.5,7.5,100
2013-05-29,7.5,7.5,7.5,7.5,0
2013-05-30,7.7,7.7,7.7,7.7,300
2013-05-31,7.7,7.7,7.7,7.7,0
2013-06-03,7.7,7.7,7.7,7.7,0
2013-06-04,7.7,7.7,7.7,7.7,0
2013-06-05,7.7,7.7,7.7,7.7,0
2013-06-06,7.7,7.7,7.7,7.7,0
2013-06-07,7.8,7.8,7.8,7.8,200
2013-06-10,7.8,7.8,7.8,7.8,100
2013-06-11,7.75,7.75,7.5,7.5,800
2013-06-12,7.5,7.5,7.5,7.5,0
2013-06-13,7.5,7.5,7.5,7.5,0
2013-06-14,7.5,7.5,7.5,7.5,0
2013-06-17,7.5,7.5,7.5,7.5,0
2013-06-18,7.5,7.5,7.5,7.5,0
2013-06-19,7.5,7.5,7.5,7.5,0
2013-06-20,7.95,7.95,7.95,7.95,500
2013-06-21,7.95,7.95,7.95,7.95,0
2013-06-24,7.95,7.95,7.95,7.95,0
2013-06-25,8.45,8.45,8.45,8.45,100
2013-06-26,8.45,8.45,8.45,8.45,0
2013-06-27,8.45,8.45,8.45,8.45,0
2013-06-28,8.45,8.45,8.45,8.45,0
2013-07-01,8.45,8.45,8.45,8.45,0
2013-07-02,8.45,8.45,8.45,8.45,0
2013-07-03,8.45,8.45,8.45,8.45,0
2013-07-04,8.45,8.45,8.45,8.45,0
2013-07-05,8.45,8.45,8.45,8.45,0
2013-07-08,8.45,8.45,8.45,8.45,0
2013-07-09,8.45,8.45,8.45,8.45,0
2013-07-10,7.65,9.0,7.65,9.0,200
2013-07-11,9.0,9.0,9.0,9.0,0
2013-07-12,9.5,9.5,9.5,9.5,100
2013-07-15,9.5,9.5,9.5,9.5,0
2013-07-16,9.5,9.5,9.5,9.5,0
2013-07-17,9.5,9.5,9.5,9.5,0
2013-07-18,9.5,9.5,9.5,9.5,0
2013-07-19,9.5,9.5,9.5,9.5,0
2013-07-22,9.5,9.5,9.5,9.5,0
2013-07-23,9.5,9.5,9.5,9.5,0
2013-07-24,9.5,9.5,9.5,9.5,0
2013-07-25,9.5,9.5,9.5,9.5,0
2013-07-26,9.5,9.5,9.5,9.5,0
2013-07-29,9.5,9.5,9.5,9.5,0
2013-07-30,9.5,9.5,9.5,9.5,0
2013-07-31,9.5,9.5,9.5,9.5,0
2013-08-01,9.5,9.5,9.5,9.5,0
2013-08-02,9.5,9.5,9.5,9.5,0
2013-08-05,9.5,9.5,9.5,9.5,0
2013-08-06,9.5,9.5,9.5,9.5,0
2013-08-07,9.5,9.5,9.5,9.5,0
2013-08-08,9.5,9.5,9.5,9.5,0
2013-08-09,9.5,9.5,9.5,9.5,0
2013-08-12,8.55,8.55,8.55,8.55,100
2013-08-13,7.7,8.5,7.7,8.5,200
2013-08-14,8.5,8.5,8.5,8.5,0
2013-08-15,8.5,8.5,8.5,8.5,0
2013-08-16,8.5,8.5,8.5,8.5,0
2013-08-19,8.5,8.5,8.5,8.5,0
2013-08-20,8.5,8.5,8.5,8.5,0
2013-08-21,8.5,8.5,8.5,8.5,0
2013-08-22,8.5,8.5,8.5,8.5,0
2013-08-23,8.5,8.5,8.5,8.5,0
2013-08-26,8.5,8.5,8.5,8.5,0
2013-08-27,8.5,8.5,8.5,8.5,0
2013-08-28,8.5,8.5,8.5,8.5,0
2013-08-29,8.5,8.5,8.5,8.5,0
2013-08-30,8.5,8.5,8.5,8.5,0
2013-09-03,8.5,8.5,8.5,8.5,0
2013-09-04,8.5,8.5,8.5,8.5,0
2013-09-05,8.5,8.5,8.5,8.5,0
2013-09-06,8.5,8.5,8.5,8.5,0
2013-09-09,8.5,8.5,8.5,8.5,0
2013-09-10,8.5,8.5,8.5,8.5,0
2013-09-11,8.5,8.5,8.5,8.5,0
2013-09-12,8.5,8.5,8.5,8.5,0
2013-09-13,8.5,8.5,8.5,8.5,0
2013-09-16,8.5,8.5,8.5,8.5,0
2013-09-17,8.5,8.5,8.5,8.5,0
2013-09-18,8.5,8.5,8.5,8.5,0
2013-09-19,8.5,8.5,8.5,8.5,0
2013-09-20,8.5,8.5,8.5,8.5,0
2013-09-23,8.5,8.5,8.5,8.5,0
2013-09-24,8.5,8.5,8.5,8.5,0
2013-09-25,8.5,8.5,8.5,8.5,0
2013-09-26,8.5,8.5,8.5,8.5,0
2013-09-27,8.5,8.5,8.5,8.5,0
2013-09-30,8.5,8.5,8.5,8.5,0
2013-10-01,8.5,8.5,8.5,8.5,0
2013-10-02,8.5,8.5,8.5,8.5,0
2013-10-03,8.5,8.5,8.5,8.5,0
2013-10-04,8.5,8.5,8.5,8.5,0
2013-10-07,8.39,8.39,8.39,8.39,100
2013-10-08,8.39,8.39,8.39,8.39,0
2013-10-09,8.39,8.39,8.39,8.39,0
2013-10-10,7.6,7.6,7.6,7.6,100
2013-10-11,7.6,7.6,7.6,7.6,0
2013-10-14,7.6,7.6,7.6,7.6,0
2013-10-15,7.6,7.6,7.6,7.6,0
2013-10-16,7.6,7.6,7.6,7.6,0
2013-10-17,7.6,7.6,7.6,7.6,0
2013-10-18,7.6,7.6,7.6,7.6,0
2013-10-21,7.6,7.6,7.6,7.6,0
2013-10-22,7.6,7.6,7.6,7.6,0
2013-10-23,7.6,7.6,7.6,7.6,0
2013-10-24,7.6,7.6,7.6,7.6,0
2013-10-25,7.6,7.6,7.6,7.6,0
2013-10-28,6.85,6.85,6.85,6.85,1000
2013-10-29,7.22,7.22,7.22,7.22,100
2013-10-30,7.22,7.22,7.22,7.22,0
2013-10-31,7.22,7.22,7.22,7.22,0
2013-11-01,7.22,7.22,7.22,7.22,0
2013-11-04,7.22,7.22,7.22,7.22,0
2013-11-05,7.22,7.22,7.22,7.22,0
2013-11-06,7.22,7.22,7.22,7.22,0
2013-11-07,7.22,7.22,7.22,7.22,0
2013-11-08,7.22,7.22,7.22,7.22,0
2013-11-11,7.22,7.22,7.22,7.22,0
2013-11-12,7.22,7.22,7.22,7.22,0
2013-11-13,7.86,7.86,7.86,7.86,200
2013-11-14,7.86,7.86,7.86,7.86,0
2013-11-15,7.86,7.86,7.86,7.86,0
2013-11-18,7.86,7.86,7.86,7.86,0
2013-11-19,7.86,7.86,7.86,7.86,0
2013-11-20,7.12,7.12,7.12,7.12,100
2013-11-21,6.43,6.43,6.43,6.43,3000
2013-11-22,6.48,6.48,6.48,6.43,100
2013-11-25,6.48,6.48,6.48,6.48,0
2013-11-26,6.48,6.48,6.48,6.48,0
2013-11-27,6.48,6.48,6.48,6.48,0
2013-11-28,6.48,6.48,6.48,6.48,0
2013-11-29,6.37,6.37,6.37,6.37,4900
2013-12-02,5.79,5.79,5.79,5.79,100
2013-12-03,5.79,5.79,5.79,5.79,0
2013-12-04,5.79,5.79,5.79,5.79,0
2013-12-05,5.79,5.79,5.79,5.79,0
2013-12-06,6.32,6.32,6.32,6.32,200
2013-12-09,6.32,6.32,6.32,6.32,0
2013-12-10,6.32,6.32,6.32,6.32,0
2013-12-11,6.32,6.32,6.32,6.32,0
2013-12-12,6.32,6.32,6.32,6.32,0
2013-12-13,6.32,6.32,6.32,6.32,0
2013-12-16,6.32,6.32,6.32,6.32,0
2013-12-17,6.32,6.32,6.32,6.32,0
2013-12-18,6.32,6.32,6.32,6.32,0
2013-12-19,6.32,6.32,6.32,6.32,0
2013-12-20,6.91,6.91,6.91,6.91,100
2013-12-23,7.6,7.6,7.6,7.6,100
2013-12-24,8.23,8.23,8.23,8.23,100
2013-12-25,8.23,8.23,8.23,8.23,0
2013-12-26,8.23,8.23,8.23,8.23,0
2013-12-27,8.23,8.23,8.23,8.23,0
2013-12-30,8.23,8.23,8.23,8.23,0
2013-12-31,8.23,8.23,8.23,8.23,0
2014-01-02,8.23,8.23,8.23,8.23,0
2014-01-03,8.23,8.23,8.23,8.23,0
2014-01-06,8.23,8.23,8.23,8.23,0
2014-01-07,8.23,8.23,8.23,8.23,0
2014-01-08,8.23,8.23,8.23,8.23,0
2014-01-09,8.23,8.23,8.23,8.23,0
2014-01-10,8.23,8.23,8.23,8.23,0
2014-01-13,8.23,8.23,8.23,8.23,0
2014-01-14,8.23,8.23,8.23,8.23,0
2014-01-15,8.23,8.23,8.23,8.23,0
2014-01-16,8.39,8.45,8.39,8.45,500
2014-01-17,8.45,8.45,8.45,8.45,0
2014-01-20,7.65,7.65,7.65,7.65,100
2014-01-21,6.91,6.91,6.91,6.91,100
2014-01-22,6.91,6.91,6.91,6.91,0
2014-01-23,6.91,6.91,6.91,6.91,0
2014-01-24,6.91,6.91,6.91,6.91,0
2014-01-27,6.91,6.91,6.91,6.91,1000
2014-02-06,6.91,6.91,6.91,6.91,0
2014-02-07,6.64,6.64,6.64,6.64,1000
2014-02-10,6.64,6.64,6.64,6.64,0
2014-02-11,6.64,6.64,6.64,6.64,0
2014-02-12,6.64,6.64,6.64,6.64,0
2014-02-13,6.64,6.64,6.64,6.64,500
2014-02-14,6.64,6.64,6.64,6.64,0
2014-02-17,6.69,6.91,6.69,6.91,600
2014-02-18,6.91,6.91,6.91,6.91,0
2014-02-19,6.91,6.91,6.91,6.91,0
2014-02-20,6.91,6.91,6.91,6.91,0
2014-02-21,6.91,6.91,6.91,6.91,0
2014-02-24,6.91,6.91,6.91,6.91,0
2014-02-25,6.91,6.91,6.91,6.91,0
2014-02-26,6.91,6.91,6.91,6.91,0
2014-02-27,6.91,6.91,6.91,6.91,0
2014-02-28,7.12,7.22,7.12,7.22,400
2014-03-03,7.22,7.22,7.22,7.22,0
2014-03-04,7.22,7.22,7.22,7.22,0
2014-03-05,7.22,7.22,7.22,7.22,0
2014-03-06,7.22,7.22,7.22,7.22,0
2014-03-07,7.22,7.22,7.22,7.22,0
2014-03-10,7.22,7.22,7.22,7.22,0
2014-03-11,7.22,7.22,7.22,7.22,90
2014-03-12,7.22,7.22,7.22,7.22,0
2014-03-13,7.22,7.22,7.22,7.22,0
2014-03-14,7.17,7.17,7.17,7.17,100
2014-03-17,7.17,7.17,7.17,7.17,0
2014-03-18,7.17,7.17,7.17,7.17,0
2014-03-19,7.17,7.17,7.17,7.17,0
2014-03-20,6.64,6.64,6.64,6.64,200
2014-03-21,6.64,6.64,6.64,6.64,0
2014-03-24,6.64,6.64,6.64,6.64,0
2014-03-25,6.91,6.91,6.64,6.64,900
2014-03-26,6.53,6.64,6.53,6.64,300
2014-03-27,6.37,6.37,6.37,6.37,1300
2014-03-28,6.43,6.43,6.43,6.43,100
2014-03-31,6.43,6.43,6.43,6.43,0
2014-04-01,6.48,6.48,6.48,6.48,100
2014-04-02,6.48,6.48,6.48,6.48,0
2014-04-03,6.64,6.64,6.64,6.64,1000
2014-04-04,6.64,6.64,6.64,6.64,200
2014-04-07,6.64,6.64,6.64,6.64,0
2014-04-08,6.64,6.64,6.64,6.64,500
2014-04-10,6.64,6.64,6.64,6.64,0
2014-04-11,6.64,6.64,6.64,6.64,2900
2014-04-14,7.28,7.28,6.64,6.91,10500
2014-04-15,6.91,6.91,6.91,6.91,0
2014-04-16,6.91,6.91,6.91,6.91,0
2014-04-17,6.91,6.91,6.91,6.91,0
2014-04-18,6.91,6.91,6.91,6.91,0
2014-04-21,7.17,7.17,7.17,7.17,1000
2014-04-22,7.17,7.17,7.17,7.17,0
2014-04-23,7.44,7.44,7.33,7.44,2500
2014-04-24,7.65,7.65,7.65,7.65,300
2014-04-25,7.44,7.44,7.44,7.44,2000
2014-04-28,7.86,7.86,7.86,7.86,200
2014-04-29,7.86,7.86,7.86,7.86,0
2014-05-05,7.86,7.86,7.86,7.86,0
2014-05-06,7.86,7.86,7.86,7.86,0
2014-05-07,7.54,7.54,7.54,7.54,1000
2014-05-08,6.8,6.8,6.8,6.8,100
2014-05-09,6.37,6.37,6.37,6.37,100
2014-05-12,6.37,6.37,6.37,6.37,0
2014-05-13,6.37,6.37,6.37,6.37,0
2014-05-14,6.37,6.37,6.37,6.37,0
2014-05-15,6.37,6.37,6.37,6.37,0
2014-05-16,6.91,6.91,5.84,5.84,1100
2014-05-19,5.84,5.84,5.84,5.84,0
2014-05-20,5.84,5.84,5.84,5.84,0
2014-05-21,6.43,6.43,6.43,6.43,100
2014-05-22,6.91,7.07,6.91,7.07,4100
2014-05-23,7.07,7.07,7.07,7.07,0
2014-05-26,7.07,7.07,7.07,7.07,0
2014-05-27,7.07,7.07,7.07,7.07,0
2014-05-28,7.47,7.47,7.47,7.47,500
2014-05-29,7.47,7.47,7.47,7.47,0
2014-05-30,7.47,7.64,7.47,7.64,500
2014-06-02,7.64,7.64,7.64,7.64,0
2014-06-03,7.64,7.64,7.64,7.64,0
2014-06-04,7.64,7.64,7.64,7.64,0
2014-06-05,7.64,7.64,7.64,7.64,0
2014-06-06,7.64,7.64,7.64,7.64,0
2014-06-09,7.64,7.64,7.64,7.64,0
2014-06-10,7.64,7.64,7.64,7.64,2200
2014-06-11,7.64,7.64,7.64,7.64,0
2014-06-12,7.64,7.64,7.64,7.64,0
2014-06-13,7.7,7.81,7.7,7.81,800
2014-06-16,7.81,7.81,7.81,7.81,0
2014-06-17,7.12,7.12,7.12,7.12,100
2014-06-18,7.12,7.12,7.12,7.12,0
2014-06-19,7.12,7.12,7.12,7.12,0
2014-06-20,7.12,7.12,7.12,7.12,0
2014-06-23,7.81,7.81,7.81,7.81,100
2014-06-24,8.04,8.04,8.04,8.04,100
2014-06-25,7.64,7.64,7.64,7.64,1000
2014-06-26,7.64,7.64,7.64,7.64,1000
2014-06-27,7.64,7.64,7.64,7.64,1000
2014-06-30,7.64,7.64,7.64,7.64,0
2014-07-01,7.64,7.64,7.64,7.64,0
2014-07-02,7.64,7.64,7.64,7.64,0
2014-07-03,7.41,7.41,7.41,7.41,1800
2014-07-04,7.41,7.41,7.41,7.41,0
2014-07-07,8.1,8.1,8.1,8.1,100
2014-07-08,7.47,7.47,7.3,7.3,1300
2014-07-09,7.3,7.3,7.3,7.3,0
2014-07-10,7.98,7.98,7.76,7.76,3000
2014-07-11,7.76,7.76,7.76,7.76,0
2014-07-14,7.76,7.76,7.76,7.76,3800
2014-07-15,7.76,7.76,7.76,7.76,0
2014-07-16,7.93,7.93,7.93,7.93,3300
2014-07-17,7.93,7.93,7.93,7.93,0
2014-07-18,7.93,7.93,7.93,7.93,0
2014-07-21,7.93,7.93,7.93,7.93,0
2014-07-22,8.04,8.16,8.04,8.16,400
2014-07-23,8.16,8.16,8.16,8.16,0
2014-07-24,8.16,8.16,8.04,8.04,7900
2014-07-25,8.04,8.04,8.04,8.04,0
2014-07-28,8.04,8.04,8.04,8.04,0
2014-07-29,8.04,8.04,8.04,8.04,0
2014-07-30,8.04,8.04,8.04,8.04,0
2014-07-31,8.04,8.04,8.04,8.04,0
2014-08-01,8.04,8.04,8.04,8.04,0
2014-08-04,8.04,8.04,8.04,8.04,0
2014-08-05,8.04,8.04,8.04,8.04,0
2014-08-06,7.76,7.76,7.47,7.47,5400
2014-08-07,7.01,7.01,7.01,7.01,200
2014-08-08,7.7,7.7,7.7,7.7,100
2014-08-11,7.7,7.7,7.7,7.7,0
2014-08-12,7.7,7.7,7.7,7.7,0
2014-08-13,7.7,7.7,7.7,7.7,0
2014-08-14,8.04,8.33,8.04,8.33,28200
2014-08-15,7.98,8.04,7.98,8.04,23500
2014-08-18,8.16,8.33,7.47,8.33,30020
2014-08-19,8.33,8.33,8.04,8.21,36500
2014-08-20,8.33,8.33,8.04,8.27,26000
2014-08-21,8.39,8.62,8.04,8.62,21800
2014-08-22,8.62,8.62,8.33,8.5,10500
2014-08-25,8.5,8.5,8.33,8.5,19500
2014-08-26,8.33,8.33,8.33,8.33,9000
2014-08-27,8.33,8.33,8.33,8.33,7000
2014-08-28,8.27,8.27,8.27,8.27,10000
2014-08-29,8.33,8.33,8.33,8.33,10300
2014-09-03,8.21,8.21,8.21,8.21,6000
2014-09-04,8.21,8.21,8.21,8.21,0
2014-09-05,8.21,8.21,8.21,8.21,0
2014-09-08,8.21,8.21,7.93,7.93,10900
2014-09-09,7.18,7.18,7.18,7.18,100
2014-09-10,7.87,7.87,7.87,7.87,1700
2014-09-11,7.87,7.87,7.87,7.87,0
2014-09-12,7.18,7.18,7.18,7.18,100
2014-09-15,7.18,7.18,7.18,7.18,0
2014-09-16,7.18,7.18,7.18,7.18,0
2014-09-17,7.18,7.18,7.18,7.18,0
2014-09-18,7.18,7.18,7.18,7.18,0
2014-09-19,7.18,7.18,7.18,7.18,0
2014-09-22,7.53,7.53,7.53,7.53,100
2014-09-23,7.53,7.53,7.53,7.53,0
2014-09-24,8.16,8.16,7.3,7.3,2100
2014-09-25,7.3,7.3,7.3,7.3,0
2014-09-26,7.3,7.3,7.3,7.3,100
2014-09-29,7.93,7.93,7.07,7.07,200
2014-09-30,7.18,7.18,7.18,7.18,100
2014-10-01,7.87,7.87,7.87,7.87,200
2014-10-02,7.87,7.87,7.87,7.87,0
2014-10-03,7.87,7.87,7.87,7.87,0
2014-10-06,8.39,8.39,8.39,8.39,200
2014-10-07,8.39,8.39,8.39,8.39,100
2014-10-08,8.39,8.39,8.39,8.39,0
2014-10-09,8.39,8.39,8.39,8.39,0
2014-10-10,8.39,8.39,8.39,8.39,0
2014-10-13,8.39,8.39,8.39,8.39,0
2014-10-14,8.39,8.39,8.39,8.39,0
2014-10-15,8.39,8.39,8.39,8.39,0
2014-10-16,8.39,8.39,8.39,8.39,0
2014-10-17,8.39,8.39,8.39,8.39,0
2014-10-20,8.39,8.39,8.39,8.39,0
2014-10-21,7.58,7.58,7.58,7.58,200
2014-10-22,7.58,7.58,7.58,7.58,0
2014-10-23,8.04,8.04,8.04,8.04,5000
2014-10-24,8.04,8.04,8.04,8.04,200
2014-10-27,8.04,8.04,8.04,8.04,1500
2014-10-28,8.04,8.04,8.04,8.04,0
2014-10-29,8.04,8.04,8.04,8.04,100
2014-10-30,8.04,8.04,8.04,8.04,0
2014-10-31,8.04,8.04,8.04,8.04,0
2014-11-03,8.04,8.04,8.04,8.04,0
2014-11-04,8.1,8.1,8.1,8.1,2500
2014-11-05,7.31,7.31,7.31,7.31,200
2014-11-06,7.31,7.31,7.31,7.31,0
2014-11-07,8.04,8.04,8.04,8.04,1100
2014-11-10,8.04,8.04,8.04,8.04,0
2014-11-11,8.04,8.04,8.04,8.04,0
2014-11-12,7.25,7.86,7.25,7.86,300
2014-11-13,7.86,7.86,7.86,7.86,0
2014-11-14,7.86,7.86,7.86,7.86,0
2014-11-17,7.86,7.86,7.86,7.86,100
2014-11-18,7.86,7.86,7.86,7.86,0
2014-11-19,7.86,7.86,7.86,7.86,100
2014-11-20,7.86,7.86,7.86,7.86,400
2014-11-21,8.46,8.46,7.98,7.98,2300
2014-11-24,7.98,7.98,7.98,7.98,0
2014-11-25,8.16,8.46,8.16,8.46,3100
2014-11-26,8.46,8.46,8.46,8.46,6000
2014-11-27,8.46,8.46,8.46,8.46,0
2014-11-28,8.16,8.16,8.16,8.16,3300
2014-12-01,8.16,8.46,8.16,8.46,9100
2014-12-02,8.46,8.46,8.46,8.46,0
2014-12-03,8.82,9.07,8.82,9.07,600
2014-12-04,8.46,8.46,8.16,8.16,200
2014-12-05,8.16,8.16,8.16,8.16,0
2014-12-08,7.86,8.16,7.86,8.16,9500
2014-12-09,8.16,8.16,8.16,8.16,0
2014-12-10,8.22,8.22,8.22,8.22,200
2014-12-11,7.98,8.46,7.98,8.22,4000
2014-12-12,7.86,7.92,7.86,7.92,4700
2014-12-15,7.98,7.98,7.98,7.98,200
2014-12-16,8.16,8.16,8.16,8.16,800
2014-12-17,8.46,8.46,8.46,8.46,100
2014-12-18,8.46,8.46,8.46,8.46,1500
2014-12-19,8.4,8.4,8.16,8.16,1100
2014-12-22,8.16,8.16,8.16,8.16,0
2014-12-23,8.16,8.16,8.16,8.16,0
2014-12-24,8.16,8.16,8.16,8.16,2900
2014-12-25,7.86,7.86,7.86,7.86,3000
2014-12-26,8.16,8.16,7.86,7.86,200
2014-12-29,8.22,8.22,8.22,8.22,100
2014-12-30,8.22,8.22,8.22,8.22,0
2014-12-31,8.82,8.82,7.43,7.43,300
2015-01-05,8.1,8.1,8.1,8.1,100
2015-01-06,7.86,8.22,7.86,7.86,1500
2015-01-07,7.86,7.86,7.86,7.86,0
2015-01-08,7.86,7.86,7.86,7.86,0
2015-01-09,8.58,8.58,8.58,8.58,100
2015-01-12,7.86,7.86,7.8,7.8,7200
2015-01-13,7.13,7.13,7.13,7.13,100
2015-01-14,7.13,7.13,7.13,7.13,0
2015-01-15,7.8,7.8,7.8,7.8,700
2015-01-16,8.46,8.46,8.46,8.46,200
2015-01-19,8.46,8.46,7.86,7.86,200
2015-01-20,8.22,8.22,8.22,8.22,100
2015-01-21,8.4,8.7,8.04,8.7,13300
2015-01-22,8.95,8.95,7.86,7.86,3100
2015-01-23,7.86,7.86,7.86,7.86,0
2015-01-26,8.16,8.46,8.16,8.46,11600
2015-01-27,8.46,8.58,8.16,8.16,20900
2015-01-28,8.4,8.46,8.4,8.46,2000
2015-01-29,8.46,8.46,8.46,8.46,0
2015-01-30,8.22,8.34,8.22,8.34,3700
2015-02-02,8.58,8.58,8.58,8.58,500
2015-02-03,8.58,8.58,8.58,8.58,0
2015-02-04,8.58,8.58,8.58,8.58,0
2015-02-05,8.16,8.16,8.16,8.16,10000
2015-02-06,8.16,8.16,8.16,8.16,9700
2015-02-09,8.22,8.22,8.22,8.22,500
2015-02-10,8.28,8.28,8.28,8.28,1000
2015-02-11,8.28,8.28,8.28,8.28,0
2015-02-12,8.28,8.28,8.28,8.28,0
2015-02-13,8.28,8.28,8.28,8.28,0
2015-02-24,8.28,8.28,8.28,8.28,0
2015-02-25,8.16,8.16,8.16,8.16,1100
2015-02-26,8.16,8.16,8.16,8.16,0
2015-02-27,8.16,8.16,8.16,8.16,11400
2015-03-02,8.16,8.46,8.16,8.46,2300
2015-03-03,8.58,9.31,8.58,9.31,1300
2015-03-04,9.19,9.61,9.19,9.55,4100
2015-03-05,8.7,9.37,8.7,9.37,1100
2015-03-06,9.91,9.91,9.91,9.91,100
2015-03-09,9.91,9.91,9.91,9.91,0
2015-03-10,9.91,9.91,9.91,9.91,0
2015-03-11,9.91,9.91,9.91,9.91,0
2015-03-12,10.88,10.88,10.88,10.88,100
2015-03-13,10.88,10.88,10.88,10.88,0
2015-03-16,10.88,10.88,10.88,10.88,0
2015-03-17,9.79,9.79,9.79,9.79,100
2015-03-18,10.76,10.76,10.76,10.76,100
2015-03-19,11.48,11.48,9.73,9.73,200
2015-03-20,8.76,8.76,8.76,8.76,100
2015-03-23,7.92,7.92,7.92,7.92,100
2015-03-24,7.56,7.62,7.56,7.62,17400
2015-03-25,8.34,8.34,8.34,8.34,200
2015-03-26,8.34,9.07,8.34,9.07,400
2015-03-27,8.16,8.16,8.16,8.16,1000
2015-03-30,8.16,8.16,8.16,8.16,0
2015-03-31,8.16,8.16,8.16,8.16,0
2015-04-01,8.16,8.16,8.16,8.16,0
2015-04-02,8.16,8.16,8.16,8.16,0
2015-04-03,7.68,7.68,7.68,7.68,100
2015-04-06,7.68,7.68,7.68,7.68,0
2015-04-07,8.28,8.28,8.28,8.28,100
2015-04-08,8.16,9.01,8.16,9.01,11300
2015-04-09,9.01,9.01,9.01,9.01,0
2015-04-10,9.01,9.01,9.01,9.01,0
2015-04-13,9.01,9.01,9.01,9.01,20
2015-04-14,9.01,9.01,9.01,9.01,0
2015-04-15,8.34,9.85,8.34,9.85,1300
2015-04-16,9.85,9.85,9.85,9.85,0
2015-04-17,10.82,10.82,10.82,10.82,100
2015-04-20,11.73,11.73,9.79,9.79,1100
2015-04-21,9.79,9.79,9.79,9.79,0
2015-04-22,9.79,9.79,9.79,9.79,0
2015-04-23,9.79,9.79,9.79,9.79,0
2015-04-24,8.82,8.82,8.82,8.82,100
2015-04-27,8.82,8.82,8.82,8.82,0
2015-05-04,8.82,8.82,8.82,8.82,0
2015-05-05,8.82,8.82,8.82,8.82,0
2015-05-06,8.82,8.82,8.82,8.82,0
2015-05-07,8.82,8.82,8.82,8.82,0
2015-05-08,8.82,8.82,8.82,8.82,0
2015-05-11,8.38,9.01,8.25,9.01,1500
2015-05-12,8.44,8.44,8.44,8.44,33000
2015-05-13,8.44,8.44,8.44,8.44,0
2015-05-14,8.7,8.7,8.7,8.7,100
2015-05-15,8.7,8.7,8.7,8.7,0
2015-05-18,8.7,8.7,8.7,8.7,0
2015-05-19,9.52,9.52,9.52,9.52,100
2015-05-20,10.47,10.47,10.47,10.47,100
2015-05-21,10.47,10.47,10.47,10.47,0
2015-05-22,11.49,11.49,11.49,11.49,100
2015-05-25,11.49,11.49,11.49,11.49,0
2015-05-26,12.38,12.38,10.35,10.35,200
2015-05-27,10.35,10.35,10.35,10.35,0
2015-05-28,10.67,10.67,10.67,10.67,100
2015-05-29,10.67,10.67,10.67,10.67,0
2015-06-01,10.67,10.67,10.67,10.67,0
2015-06-02,10.67,10.67,10.67,10.67,0
2015-06-03,10.67,10.67,10.67,10.67,0
2015-06-04,10.67,10.67,10.67,10.67,0
2015-06-05,9.65,9.65,9.65,9.65,1200
2015-06-08,8.89,10.54,8.7,10.54,600
2015-06-09,9.52,9.52,9.52,9.52,700
2015-06-10,8.57,8.76,8.57,8.57,4900
2015-06-11,8.0,8.0,8.0,8.0,100
2015-06-12,7.55,7.55,7.55,7.55,100
2015-06-15,8.25,8.25,8.25,8.25,700
2015-06-16,9.08,9.08,9.08,9.08,200
2015-06-17,8.32,8.51,8.32,8.51,2100
2015-06-18,9.08,9.08,9.08,9.08,200
2015-06-19,9.08,9.08,9.08,9.08,0
2015-06-22,9.27,9.27,9.27,9.27,100
2015-06-23,9.27,9.27,9.27,9.27,0
2015-06-24,8.63,8.63,8.63,8.63,5400
2015-06-25,8.38,9.21,8.38,9.21,600
2015-06-26,9.21,9.21,9.21,9.21,0
2015-06-29,9.21,9.21,9.21,9.21,0
2015-06-30,9.21,9.21,9.21,9.21,100
2015-07-01,9.21,9.21,9.21,9.21,0
2015-07-02,9.21,9.21,9.21,9.21,0
2015-07-03,9.21,9.21,9.21,9.21,0
2015-07-06,9.21,9.21,9.21,9.21,0
2015-07-07,8.89,8.89,8.57,8.57,3200
2015-07-08,8.57,8.57,8.57,8.57,0
2015-07-09,8.57,8.57,8.57,8.57,0
2015-07-10,8.57,8.57,8.57,8.57,0
2015-07-13,8.57,8.57,8.57,8.57,100
2015-07-14,8.44,8.44,8.44,8.44,400
2015-07-15,8.19,8.19,8.19,8.19,500
2015-07-16,8.19,8.19,8.19,8.19,0
2015-07-17,8.7,8.7,8.25,8.25,1400
2015-07-20,8.25,8.25,8.25,8.25,0
2015-07-21,8.89,8.89,8.44,8.44,400
2015-07-22,8.44,8.44,8.44,8.44,0
2015-07-23,8.44,8.44,8.44,8.44,0
2015-07-24,8.44,8.44,8.44,8.44,0
2015-07-27,8.89,8.89,8.89,8.89,1200
2015-07-28,8.89,8.89,8.89,8.89,0
2015-07-29,8.89,8.89,8.89,8.89,0
2015-07-30,8.89,8.89,8.89,8.89,0
2015-07-31,9.01,9.21,9.01,9.21,5000
2015-08-03,9.21,9.21,9.21,9.21,0
2015-08-04,9.21,9.21,9.21,9.21,200
2015-08-05,9.21,9.21,9.21,9.21,0
2015-08-06,9.21,9.21,9.21,9.21,300
2015-08-07,9.21,9.21,9.21,9.21,0
2015-08-10,9.21,9.21,9.21,9.21,0
2015-08-11,9.46,9.46,9.46,9.46,200
2015-08-12,9.46,9.46,9.46,9.46,0
2015-08-13,9.46,9.46,9.46,9.46,0
2015-08-14,8.89,8.89,8.89,8.89,5000
2015-08-17,8.89,8.89,8.89,8.89,0
2015-08-18,8.89,8.89,8.89,8.89,0
2015-08-19,8.89,8.89,8.89,8.89,0
2015-08-20,8.89,8.89,8.89,8.89,0
2015-08-21,8.76,8.76,8.76,8.76,4700
2015-08-24,8.76,8.76,8.76,8.76,0
2015-08-25,8.76,8.76,8.76,8.76,0
2015-08-26,8.76,8.76,8.76,8.76,0
2015-08-27,8.76,8.76,8.76,8.76,0
2015-08-28,8.76,8.76,8.76,8.76,0
2015-08-31,8.76,8.76,8.76,8.76,0
2015-09-01,8.76,8.76,8.76,8.76,0
2015-09-03,8.76,8.76,8.76,8.76,0
2015-09-04,8.76,8.76,8.76,8.76,0
2015-09-07,8.76,8.76,8.76,8.76,0
2015-09-08,8.76,8.76,8.76,8.76,0
2015-09-09,8.76,8.76,8.76,8.76,0
2015-09-10,8.76,8.76,8.76,8.76,0
2015-09-11,8.76,8.76,8.76,8.76,0
2015-09-14,8.76,8.76,8.76,8.76,0
2015-09-15,8.76,8.76,8.76,8.76,0
2015-09-16,8.76,8.76,8.76,8.76,0
2015-09-17,8.76,8.76,8.76,8.76,0
2015-09-18,8.76,8.76,8.76,8.76,0
2015-09-21,8.76,8.76,8.76,8.76,0
2015-09-22,8.76,8.76,8.76,8.76,0
2015-09-23,8.82,8.82,8.82,8.82,100
2015-09-24,8.82,8.82,8.82,8.82,0
2015-09-25,8.82,8.82,8.82,8.82,0
2015-09-28,8.82,8.82,8.82,8.82,0
2015-09-29,9.4,9.4,9.4,9.4,100
2015-09-30,9.4,9.4,9.4,9.4,20
2015-10-01,9.4,9.4,9.4,9.4,0
2015-10-02,9.4,9.4,9.4,9.4,0
2015-10-05,9.4,9.4,9.4,9.4,0
2015-10-06,9.4,9.4,9.4,9.4,0
2015-10-07,9.4,9.4,9.4,9.4,0
2015-10-08,9.4,9.4,9.4,9.4,0
2015-10-09,9.4,9.4,9.4,9.4,0
2015-10-12,9.4,9.4,9.4,9.4,0
2015-10-13,9.4,9.4,9.4,9.4,0
2015-10-14,9.4,9.4,9.4,9.4,0
2015-10-15,9.4,9.4,9.4,9.4,0
2015-10-16,9.4,9.4,9.4,9.4,0
2015-10-19,9.4,9.4,9.4,9.4,0
2015-10-20,9.4,9.4,9.4,9.4,2000
2015-10-21,9.4,9.4,9.4,9.4,100
2015-10-22,9.4,9.4,9.4,9.4,500
2015-10-23,8.51,10.03,8.51,10.03,200
2015-10-26,10.03,10.03,10.03,10.03,0
2015-10-27,9.46,9.46,9.46,9.46,100
2015-10-28,9.46,9.46,9.46,9.46,0
2015-10-29,9.46,9.46,9.46,9.46,0
2015-10-30,9.01,9.01,9.01,9.01,100
2015-11-02,9.01,9.01,9.01,9.01,0
2015-11-03,9.01,9.01,9.01,9.01,0
2015-11-04,9.01,9.01,9.01,9.01,0
2015-11-05,9.78,9.78,9.78,9.78,100
2015-11-06,9.78,9.78,9.78,9.78,0
2015-11-09,10.54,10.54,10.54,10.54,100
2015-11-10,10.54,10.54,10.54,10.54,0
2015-11-11,10.54,10.54,10.54,10.54,0
2015-11-12,10.54,10.54,10.54,10.54,0
2015-11-13,10.54,10.54,10.54,10.54,0
2015-11-16,11.55,11.55,11.55,11.55,100
2015-11-17,12.38,12.38,12.38,12.38,100
2015-11-18,13.52,13.52,13.52,13.52,100
2015-11-19,13.52,13.52,13.52,13.52,0
2015-11-20,13.52,13.52,13.52,13.52,0
2015-11-23,12.19,12.19,12.19,12.19,100
2015-11-24,10.98,10.98,10.98,10.98,1100
2015-11-25,9.9,11.36,9.9,11.36,200
2015-11-26,12.38,12.38,10.28,10.28,200
2015-11-27,10.28,10.28,10.28,10.28,0
2015-11-30,9.27,9.27,9.27,9.27,100
2015-12-01,10.16,10.16,8.38,8.38,500
2015-12-02,8.38,8.38,8.38,8.38,0
2015-12-03,9.14,9.14,8.25,8.25,200
2015-12-04,8.25,8.25,8.25,8.25,100
2015-12-07,8.25,8.25,8.25,8.25,0
2015-12-08,9.08,9.08,7.87,7.87,200
2015-12-09,8.63,8.63,8.19,8.19,200
2015-12-10,8.19,8.19,8.19,8.19,0
2015-12-11,7.68,7.68,7.68,7.68,100
2015-12-14,8.44,8.44,8.44,8.44,100
2015-12-15,7.87,8.25,7.87,8.25,700
2015-12-16,7.68,8.25,7.68,8.0,1500
2015-12-17,8.06,8.06,7.36,7.36,200
2015-12-18,8.06,8.06,6.98,6.98,200
2015-12-21,7.68,7.68,7.11,7.62,700
2015-12-22,7.62,7.62,7.62,7.62,0
2015-12-23,7.62,7.62,7.62,7.62,100
2015-12-24,7.62,7.62,7.62,7.62,0
2015-12-25,8.25,8.25,8.25,8.25,100
2015-12-28,9.01,9.01,9.01,9.01,100
2015-12-29,9.78,9.78,8.19,8.19,200
2015-12-30,8.89,8.89,8.89,8.89,100
2015-12-31,8.95,9.52,8.13,8.13,600
2016-01-04,8.13,8.13,8.13,8.13,0
2016-01-05,8.13,8.13,8.13,8.13,0
2016-01-06,7.74,7.74,7.74,7.74,100
2016-01-07,7.74,7.74,7.74,7.74,0
2016-01-08,8.44,8.44,7.74,7.74,300
2016-01-11,7.74,7.74,7.74,7.74,0
2016-01-12,7.74,7.74,7.74,7.74,0
2016-01-13,7.81,7.81,7.81,7.81,300
2016-01-14,8.57,8.57,8.57,8.57,100
2016-01-15,8.57,8.57,8.57,8.57,0
2016-01-18,7.74,7.74,7.74,7.74,100
2016-01-19,7.74,7.74,7.74,7.74,0
2016-01-20,7.74,7.74,7.74,7.74,0
2016-01-21,7.74,7.74,7.74,7.74,0
2016-01-22,7.74,7.74,7.74,7.74,0
2016-01-25,8.25,8.51,7.94,8.51,600
2016-01-26,9.33,9.33,7.74,7.74,300
2016-01-27,7.74,7.74,7.74,7.74,0
2016-01-28,7.74,7.74,7.74,7.74,0
2016-01-29,7.74,7.74,7.74,7.74,0
2016-02-01,8.51,8.51,8.51,8.51,400
2016-02-02,8.51,8.51,8.51,8.51,0
2016-02-03,8.51,8.51,8.51,8.51,0
2016-02-04,8.51,8.51,8.51,8.51,0
2016-02-05,9.33,9.33,9.33,9.33,100
2016-02-15,9.33,9.33,9.33,9.33,0
2016-02-16,8.7,8.7,8.7,8.7,100
2016-02-17,9.52,9.52,7.87,7.87,600
2016-02-18,7.87,7.87,7.87,7.87,100
2016-02-19,7.94,8.63,7.94,8.63,200
2016-02-22,9.46,9.46,9.46,9.46,500
2016-02-23,9.84,10.35,8.95,8.95,300
2016-02-24,9.84,9.84,9.84,9.84,100
2016-02-25,9.84,9.84,9.84,9.84,0
2016-02-26,10.54,10.73,8.89,8.89,300
2016-02-29,8.89,8.89,8.89,8.89,0
2016-03-01,8.89,8.89,8.89,8.89,0
2016-03-02,8.89,8.89,8.89,8.89,0
2016-03-03,8.89,8.89,8.89,8.89,0
2016-03-04,8.89,8.89,8.89,8.89,0
2016-03-07,8.89,8.89,8.89,8.89,0
2016-03-08,9.78,9.78,9.78,9.78,600
2016-03-09,10.68,10.68,10.68,10.68,100
2016-03-10,11.68,11.68,11.68,11.68,100
2016-03-11,11.68,11.68,11.68,11.68,0
2016-03-14,11.68,11.68,11.68,11.68,0
2016-03-15,10.54,11.68,10.54,11.68,300
2016-03-16,12.68,12.68,12.68,12.68,100
2016-03-17,13.28,13.28,13.28,13.28,100
2016-03-18,13.28,13.28,13.28,13.28,0
2016-03-21,12.01,12.01,12.01,12.01,200
2016-03-22,10.81,10.81,10.81,10.81,200
2016-03-23,9.74,9.74,9.74,9.74,5000
2016-03-24,9.74,9.74,9.74,9.74,0
2016-03-25,9.74,9.74,9.74,9.74,0
2016-03-28,9.74,9.74,9.74,9.74,0
2016-03-29,8.81,8.81,8.81,8.81,100
2016-03-30,8.81,8.81,8.81,8.81,0
2016-03-31,8.81,8.81,8.81,8.81,0
2016-04-01,8.81,8.81,8.81,8.81,0
2016-04-04,8.21,8.21,8.21,8.21,1000
2016-04-05,8.68,9.01,8.68,9.01,8000
2016-04-06,9.28,9.28,8.88,8.88,2600
2016-04-07,8.48,8.48,8.34,8.34,2500
2016-04-08,8.34,8.34,8.34,8.34,0
2016-04-11,9.14,9.14,9.14,9.14,1300
2016-04-12,9.34,9.34,9.34,9.34,11100
2016-04-13,8.41,10.21,8.41,10.21,10400
2016-04-14,10.01,10.01,9.48,9.48,7100
2016-04-15,9.48,9.48,9.48,9.48,300
2016-04-19,9.54,9.68,9.34,9.41,10000
2016-04-20,10.28,10.28,9.34,9.48,4800
2016-04-21,10.34,10.34,9.48,9.54,7600
2016-04-22,9.54,9.68,9.54,9.54,17700
2016-04-25,9.54,9.54,9.54,9.54,1050
2016-04-26,9.54,9.54,9.54,9.54,500
2016-04-27,9.54,9.61,9.54,9.61,2100
2016-04-28,9.94,9.94,9.61,9.61,32500
2016-04-29,9.88,10.08,9.74,10.08,10400
2016-05-04,10.34,11.08,9.94,11.08,48600
2016-05-05,11.68,12.15,11.68,12.15,110900
2016-05-06,12.61,13.01,12.28,12.48,31450
2016-05-09,12.55,13.01,12.21,12.48,22400
2016-05-10,12.41,12.41,11.95,12.01,40700
2016-05-11,12.15,12.15,12.08,12.08,14600
2016-05-12,12.08,12.08,10.94,10.94,7940
2016-05-13,11.54,11.68,11.41,11.54,22500
2016-05-16,11.54,11.68,11.41,11.68,8660
2016-05-17,11.81,12.01,11.81,11.81,4000
2016-05-18,11.81,11.81,11.14,11.75,6510
2016-05-19,11.34,11.48,11.14,11.48,9000
2016-05-20,11.21,11.21,10.81,10.81,29300
2016-05-23,11.75,11.75,10.81,10.81,5510
2016-05-24,10.81,11.01,10.81,10.94,13760
2016-05-25,11.01,11.01,10.94,10.94,35400
2016-05-26,10.94,11.34,10.94,11.34,500
2016-05-27,11.28,11.48,10.94,11.14,10000
2016-05-30,11.34,11.34,11.28,11.34,1600
2016-05-31,11.28,11.28,11.21,11.21,3100
2016-06-01,11.21,11.21,11.14,11.14,4300
2016-06-02,11.28,11.28,10.94,10.94,2500
2016-06-03,10.68,10.88,10.68,10.88,9200
2016-06-06,10.68,11.14,10.68,11.14,9300
2016-06-07,11.48,11.77,11.41,11.69,6300
2016-06-08,11.48,11.48,11.48,11.48,1800
2016-06-09,11.77,11.77,11.69,11.69,210
2016-06-10,11.69,11.69,11.69,11.69,100
2016-06-13,11.69,11.69,11.69,11.69,0
2016-06-14,11.05,11.12,11.05,11.12,2700
2016-06-15,11.26,11.26,10.26,10.26,500
2016-06-16,11.26,11.26,11.26,11.26,65300
2016-06-17,12.2,12.34,12.2,12.34,36800
2016-06-20,12.91,12.91,12.48,12.84,37100
2016-06-21,12.84,12.91,12.55,12.55,11100
2016-06-22,12.2,12.2,12.2,12.2,2700
2016-06-23,12.2,12.2,12.2,12.2,0
2016-06-24,11.26,12.55,10.98,12.55,4300
2016-06-27,11.41,12.2,11.34,12.2,2200
2016-06-28,11.55,11.98,11.48,11.98,2600
2016-06-29,11.48,12.2,11.48,12.2,5500
2016-06-30,11.62,11.62,11.62,11.62,200
2016-07-01,12.2,12.2,12.2,12.2,3000
2016-07-04,12.2,12.41,12.2,12.27,5200
2016-07-05,12.41,12.41,12.34,12.34,200
2016-07-06,12.34,12.34,12.34,12.34,0
2016-07-07,11.62,11.77,11.62,11.62,6200
2016-07-08,11.62,11.69,11.55,11.62,5800
2016-07-11,12.34,12.77,12.34,12.77,70700
2016-07-12,13.77,13.99,13.42,13.99,59300
2016-07-13,14.35,15.21,14.28,14.56,41125
2016-07-14,14.56,14.56,13.92,14.06,18700
2016-07-15,14.78,14.78,14.28,14.35,64400
2016-07-18,14.35,14.35,13.99,14.06,26900
2016-07-19,14.2,15.42,14.2,15.28,106100
2016-07-20,15.28,15.5,14.85,15.07,108803
2016-07-21,15.07,15.14,14.56,14.92,92200
2016-07-22,14.71,14.85,13.7,14.2,84800
2016-07-25,14.2,14.2,13.7,13.7,57800
2016-07-26,13.7,14.2,13.63,14.06,104810
2016-07-27,14.06,14.13,13.7,13.7,72300
2016-07-28,13.77,14.06,13.63,13.77,44800
2016-07-29,13.85,13.85,13.49,13.49,45800
2016-08-01,13.56,13.56,13.2,13.2,13900
2016-08-02,13.2,13.2,12.48,12.48,19300
2016-08-03,12.84,12.84,12.48,12.77,5500
2016-08-04,12.77,12.77,12.7,12.7,1810
2016-08-05,12.63,12.63,12.34,12.41,6900
2016-08-08,12.84,12.84,12.41,12.48,2600
2016-08-09,12.91,12.91,12.55,12.55,1500
2016-08-10,12.41,12.55,12.2,12.55,13930
2016-08-11,13.27,13.27,12.41,12.91,2391
2016-08-12,12.91,12.91,12.7,12.7,2300
2016-08-15,13.34,13.34,13.06,13.13,1122
2016-08-16,13.56,13.56,12.63,12.7,2700
2016-08-17,12.7,13.13,12.7,13.13,8900
2016-08-18,13.27,13.34,12.99,13.13,6322
2016-08-19,13.06,13.06,13.06,13.06,1000
2016-08-22,13.06,13.06,12.7,12.99,810
2016-08-23,12.99,13.2,12.99,13.2,364
2016-08-24,12.84,13.13,12.84,13.13,3600
2016-08-25,13.27,13.27,12.91,13.2,727
2016-08-26,13.2,13.27,13.2,13.27,1000
2016-08-29,12.99,12.99,12.91,12.91,6400
2016-08-30,12.91,12.91,12.55,12.91,1130
2016-08-31,12.91,12.91,12.7,12.84,2000
2016-09-01,12.84,12.84,12.84,12.84,2100
2016-09-05,12.77,12.77,12.7,12.77,2200
2016-09-06,12.77,12.77,12.55,12.55,3000
2016-09-07,12.55,12.55,12.2,12.55,7467
2016-09-08,12.27,12.34,12.2,12.2,14926
2016-09-09,12.2,12.63,12.2,12.63,15500
2016-09-12,12.34,12.41,12.2,12.34,8300
2016-09-13,12.27,12.55,12.2,12.55,700
2016-09-14,12.27,12.48,12.12,12.48,2700
2016-09-15,12.2,12.2,12.12,12.12,4600
2016-09-16,12.12,12.41,12.12,12.2,3200
2016-09-19,12.77,12.77,12.27,12.34,2905
2016-09-20,12.27,12.41,12.2,12.41,5471
2016-09-21,12.41,12.41,12.41,12.41,0
2016-09-22,12.41,12.41,12.27,12.27,3600
2016-09-23,12.27,12.27,12.12,12.2,1600
2016-09-26,12.2,12.34,12.2,12.34,15530
2016-09-27,12.34,12.34,12.2,12.2,6700
2016-09-28,12.34,13.42,12.27,13.42,36600
2016-09-29,13.49,13.49,12.55,13.06,11600
2016-09-30,12.77,12.91,12.77,12.91,5000
2016-10-03,12.77,12.91,12.77,12.91,10400
2016-10-04,12.91,12.91,12.55,12.84,9927
2016-10-05,12.7,12.7,12.55,12.63,2900
2016-10-06,12.63,13.27,12.63,13.27,23000
2016-10-07,12.77,12.91,12.77,12.91,200
2016-10-10,12.91,12.91,12.91,12.91,0
2016-10-11,12.63,12.63,12.63,12.63,4600
2016-10-12,12.48,12.48,12.48,12.48,2500
2016-10-13,12.77,12.77,12.34,12.41,12600
2016-10-14,12.34,12.34,12.2,12.2,22800
2016-10-17,12.2,12.2,12.2,12.2,3200
2016-10-18,12.2,12.2,12.2,12.2,1000
2016-10-19,12.34,12.34,12.2,12.27,7200
2016-10-20,12.77,12.91,12.2,12.2,25300
2016-10-21,12.2,12.2,12.12,12.2,1600
2016-10-24,12.2,12.2,12.2,12.2,100
2016-10-25,12.2,12.2,12.12,12.2,6700
2016-10-26,12.12,12.2,11.91,12.2,15100
2016-10-27,12.2,12.2,12.2,12.2,6100
2016-10-28,12.2,12.2,12.2,12.2,1130
2016-10-31,12.12,12.12,11.91,12.05,6900
2016-11-01,12.05,12.2,12.05,12.2,95000
2016-11-02,12.2,12.2,12.2,12.2,9700
2016-11-03,12.2,12.2,12.12,12.12,1200
2016-11-04,12.2,12.2,12.2,12.2,100
2016-11-07,12.2,12.2,11.91,12.05,4800
2016-11-08,11.98,12.05,11.91,12.05,2800
2016-11-09,11.91,12.05,11.91,12.05,400
2016-11-10,11.98,12.05,11.98,12.05,1100
2016-11-11,11.98,11.98,11.98,11.98,2500
2016-11-14,11.91,11.91,11.84,11.84,3050
2016-11-15,11.62,11.84,11.62,11.84,20800
2016-11-16,11.98,11.98,11.84,11.84,600
2016-11-17,11.84,11.84,11.84,11.84,0
2016-11-18,12.05,12.05,12.05,12.05,500
2016-11-21,11.62,12.05,11.62,11.69,3301
2016-11-22,11.69,11.69,11.69,11.69,0
2016-11-23,11.98,11.98,11.98,11.98,200
2016-11-24,11.98,11.98,11.98,11.98,0
2016-11-25,11.55,11.91,11.55,11.91,300
2016-11-28,11.55,11.69,11.55,11.69,1600
2016-11-29,11.77,11.77,11.77,11.77,100
2016-11-30,11.69,11.69,11.48,11.48,9200
2016-12-01,11.62,11.62,11.62,11.62,100
2016-12-02,11.62,11.62,11.62,11.62,0
2016-12-05,11.48,11.48,11.48,11.48,2000
2016-12-06,11.55,11.55,10.33,11.48,22200
2016-12-07,11.48,11.48,11.48,11.48,800
2016-12-08,11.48,11.48,11.48,11.48,0
2016-12-09,11.48,11.48,11.12,11.12,610
2016-12-12,11.12,11.12,11.12,11.12,1400
2016-12-13,11.12,11.12,10.98,10.98,6317
2016-12-14,11.12,11.12,10.83,10.98,13500
2016-12-15,11.12,11.12,11.12,11.12,1100
2016-12-16,10.83,11.41,10.76,11.41,3030
2016-12-19,11.26,11.26,11.26,11.26,1300
2016-12-20,11.26,11.26,11.26,11.26,1010
2016-12-21,11.12,11.84,11.12,11.84,1400
2016-12-22,11.84,11.84,11.84,11.84,0
2016-12-23,11.84,11.84,11.84,11.84,0
2016-12-26,11.84,11.84,11.84,11.84,0
2016-12-27,11.84,11.84,11.84,11.84,0
2016-12-28,11.84,11.84,11.84,11.84,0
2016-12-29,11.12,11.34,11.12,11.12,15400
2016-12-30,11.12,11.34,10.9,11.34,2200
2017-01-03,10.83,11.77,10.83,11.77,33800
2017-01-04,10.83,11.48,10.76,11.48,1500
2017-01-05,11.48,11.48,10.83,10.83,9600
2017-01-06,11.48,11.48,11.48,11.48,200
2017-01-09,11.12,11.19,11.12,11.19,7600
2017-01-10,11.34,11.34,11.34,11.34,500
2017-01-11,11.34,11.34,11.34,11.34,0
2017-01-12,11.41,11.41,11.41,11.41,100
2017-01-13,11.41,11.48,11.41,11.48,1700
2017-01-16,11.48,11.48,11.48,11.48,0
2017-01-17,11.41,11.41,11.26,11.26,4600
2017-01-18,11.26,11.26,11.26,11.26,0
2017-01-19,11.26,11.26,11.26,11.26,0
2017-01-20,10.83,10.83,10.76,10.76,1900
2017-01-23,10.76,10.76,10.76,10.76,100
2017-01-24,10.76,10.76,10.33,10.33,8100
2017-01-25,10.9,10.98,10.55,10.9,11300
2017-02-02,10.98,10.98,10.98,10.98,1200
2017-02-03,11.12,11.12,11.12,11.12,1000
2017-02-06,11.12,11.12,11.12,11.12,1700
2017-02-07,11.12,11.12,11.12,11.12,800
2017-02-08,11.41,11.48,10.98,10.98,6600
2017-02-09,11.12,11.12,10.98,10.98,2400
2017-02-10,10.98,10.98,10.98,10.98,500
2017-02-13,11.05,11.05,11.05,11.05,300
2017-02-14,11.12,11.12,10.98,10.98,2100
2017-02-15,11.05,11.05,10.98,10.98,1423
2017-02-16,11.19,11.19,10.98,10.98,600
2017-02-17,10.98,10.98,10.98,10.98,0
2017-02-20,11.12,11.12,10.98,10.98,2800
2017-02-21,11.05,11.05,11.05,11.05,10502
2017-02-22,11.19,11.19,11.19,11.19,200
2017-02-23,11.19,11.19,11.19,11.19,900
2017-02-24,11.34,11.34,11.34,11.34,17100
2017-02-27,11.34,11.34,11.34,11.34,1000
2017-02-28,11.34,11.34,11.12,11.12,4100
2017-03-01,11.19,11.19,11.19,11.19,15848
2017-03-02,11.19,11.34,11.19,11.34,512
2017-03-03,11.34,11.34,11.34,11.34,46
2017-03-06,11.84,11.84,11.84,11.84,100
2017-03-07,11.84,11.84,11.84,11.84,0
2017-03-08,11.48,11.48,11.48,11.48,100
2017-03-09,11.19,11.34,11.19,11.34,1300
2017-03-10,11.34,11.34,11.34,11.34,0
2017-03-13,11.12,11.12,11.12,11.12,2400
2017-03-14,11.12,11.12,10.98,10.98,2200
2017-03-15,10.98,10.98,10.76,10.76,1300
2017-03-16,10.76,10.76,10.76,10.76,900
2017-03-17,10.76,10.76,10.76,10.76,1
2017-03-20,10.76,10.98,10.76,10.98,200
2017-03-21,11.12,12.05,11.12,11.91,78512
2017-03-22,11.91,11.98,11.48,11.55,13463
2017-03-23,11.62,11.84,11.26,11.34,47400
2017-03-24,11.19,11.19,10.98,10.98,17800
2017-03-27,10.98,10.98,10.9,10.98,7023
2017-03-28,11.48,11.48,10.76,10.98,16422
2017-03-29,10.98,10.98,10.76,10.76,62313
2017-03-30,10.98,10.98,10.62,10.62,17700
2017-03-31,10.69,10.76,10.62,10.76,4000
2017-04-03,10.76,10.9,10.69,10.76,13221
2017-04-04,10.54,10.54,10.54,10.54,122
2017-04-05,10.54,10.61,10.54,10.61,600
2017-04-07,10.61,10.61,10.61,10.61,0
2017-04-10,10.61,10.61,10.61,10.61,22
2017-04-11,10.61,10.61,10.16,10.46,3200
2017-04-12,10.46,10.54,10.46,10.46,3340
2017-04-13,10.16,10.23,10.16,10.23,735
2017-04-14,10.23,10.46,9.48,10.46,11000
2017-04-17,10.46,10.46,10.46,10.46,75
2017-04-18,10.46,10.46,10.16,10.23,8500
2017-04-19,10.16,10.16,10.16,10.16,1200
2017-04-20,10.16,10.16,10.16,10.16,1020
2017-04-21,10.16,10.16,10.16,10.16,0
2017-04-24,9.78,10.16,9.78,10.16,5518
2017-04-25,10.16,10.16,10.16,10.16,75
2017-04-26,10.23,10.31,10.23,10.31,815
2017-04-27,10.31,10.31,10.31,10.31,400
2017-04-28,10.31,10.31,10.31,10.31,10
2017-05-03,10.31,10.31,10.31,10.31,1009
2017-05-04,9.78,10.16,9.78,10.16,789
2017-05-05,9.86,9.86,9.86,9.86,1300
2017-05-08,9.86,9.86,9.86,9.86,100
2017-05-09,9.86,9.86,9.86,9.86,1500
2017-05-10,9.93,10.23,9.93,10.23,3100
2017-05-11,9.86,10.16,9.86,10.16,2800
2017-05-12,9.93,10.16,9.93,10.16,600
2017-05-15,10.16,10.16,10.16,10.16,20
2017-05-16,10.16,10.16,10.16,10.16,300
2017-05-17,10.16,10.16,10.16,10.16,300
2017-05-18,9.93,9.93,9.86,9.86,6400
2017-05-19,10.31,10.31,9.86,9.86,33034
2017-05-22,10.16,10.16,9.86,9.86,8000
2017-05-23,9.86,9.86,9.86,9.86,10827
2017-05-24,9.86,9.86,9.86,9.86,600
2017-05-25,9.86,9.86,9.86,9.86,0
2017-05-26,9.41,9.86,9.41,9.86,250
2017-05-29,9.78,9.78,9.78,9.78,700
2017-05-30,10.16,10.16,10.16,10.16,550
2017-05-31,10.16,10.16,10.16,10.16,149
2017-06-01,10.16,10.16,10.16,10.16,0
2017-06-02,9.71,10.01,9.71,10.01,200
2017-06-05,9.86,9.93,9.86,9.93,500
2017-06-06,9.93,9.93,9.86,9.86,790
2017-06-07,9.86,9.86,9.86,9.86,0
2017-06-08,9.93,9.93,9.93,9.93,600
2017-06-09,9.86,9.93,9.78,9.93,7800
2017-06-12,9.86,9.93,9.78,9.86,4675
2017-06-13,9.93,10.16,9.93,10.16,1300
2017-06-14,10.01,10.01,10.01,10.01,200
2017-06-15,10.16,10.16,10.16,10.16,482
2017-06-16,10.16,10.16,10.16,10.16,0
2017-06-19,9.26,10.39,9.26,10.39,500
2017-06-20,10.39,10.39,10.39,10.39,600
2017-06-21,10.39,10.39,10.39,10.39,0
2017-06-22,10.46,10.46,10.39,10.39,4200
2017-06-23,10.39,10.46,9.86,9.86,3500
2017-06-26,10.31,10.31,10.31,10.31,100
2017-06-27,10.31,10.31,10.31,10.31,100
2017-06-28,10.31,10.31,10.31,10.31,0
2017-06-29,9.86,10.31,9.86,10.31,2100
2017-06-30,9.78,10.23,9.78,10.23,300
2017-07-03,10.54,10.84,10.16,10.31,3300
2017-07-04,10.23,10.84,10.23,10.46,19282
2017-07-05,10.54,10.54,10.54,10.54,2100
2017-07-06,10.54,10.61,10.39,10.39,42000
2017-07-07,10.54,10.54,10.23,10.54,29600
2017-07-10,10.54,10.54,10.23,10.23,22000
2017-07-11,10.31,10.31,10.31,10.31,3100
2017-07-12,10.31,10.31,10.31,10.31,0
2017-07-13,10.31,10.31,10.31,10.31,1700
2017-07-14,10.31,10.31,10.31,10.31,0
2017-07-17,10.31,10.31,10.31,10.31,900
2017-07-18,10.46,10.46,10.46,10.46,1000
2017-07-19,10.54,10.69,10.46,10.46,6800
2017-07-20,10.46,10.46,10.46,10.46,100
2017-07-21,10.16,10.46,9.56,9.56,9475
2017-07-24,9.78,10.31,9.78,10.31,1101
2017-07-25,10.31,10.31,10.31,10.31,101
2017-07-26,10.31,10.31,10.31,10.31,0
2017-07-27,10.23,10.23,10.23,10.23,900
2017-07-28,10.23,10.23,10.23,10.23,2000
2017-07-31,10.23,10.54,10.23,10.23,6000
2017-08-01,10.39,10.69,10.39,10.69,3800
2017-08-02,10.46,10.54,10.46,10.54,4600
2017-08-03,10.54,10.54,10.54,10.54,8000
2017-08-04,10.16,10.16,10.16,10.16,104
2017-08-07,10.46,10.46,10.46,10.46,10900
2017-08-08,10.46,10.54,10.46,10.54,1101
2017-08-09,10.46,10.61,10.46,10.61,7900
2017-08-10,10.69,10.69,10.16,10.69,14200
2017-08-11,10.69,10.69,10.69,10.69,0
2017-08-14,10.54,10.54,10.46,10.46,1500
2017-08-15,10.46,10.76,10.46,10.76,9000
2017-08-16,10.76,10.76,10.76,10.76,0
2017-08-17,10.46,10.46,10.46,10.46,500
2017-08-18,10.69,10.69,10.69,10.69,6800
2017-08-21,10.76,10.76,10.76,10.76,1300
2017-08-22,10.69,10.69,10.69,10.69,500
2017-08-23,10.69,10.69,10.69,10.69,0
2017-08-24,10.69,10.69,10.69,10.69,0
2017-08-25,10.69,10.69,10.69,10.69,0
2017-08-28,10.76,10.76,10.76,10.76,1800
2017-08-29,10.84,10.84,10.84,10.84,1305
2017-08-30,10.84,10.84,10.84,10.84,0
2017-08-31,10.16,10.84,10.16,10.84,2101
2017-09-01,10.84,10.84,10.84,10.84,0
2017-09-05,10.84,10.84,10.84,10.84,0
2017-09-06,10.69,10.69,10.69,10.69,1900
2017-09-07,10.69,10.69,10.69,10.69,0
2017-09-08,10.69,10.69,10.69,10.69,0
2017-09-11,10.54,10.69,10.54,10.69,4000
2017-09-12,10.54,10.54,10.54,10.54,205
2017-09-13,10.54,10.54,10.54,10.54,0
2017-09-14,10.54,10.54,10.54,10.54,0
2017-09-15,10.54,10.54,10.54,10.54,0
2017-09-18,10.54,10.54,10.54,10.54,187
2017-09-19,10.54,10.54,10.54,10.54,123
2017-09-20,10.54,10.54,10.54,10.54,3600
2017-09-21,10.54,10.54,10.54,10.54,0
2017-09-22,10.54,10.54,10.16,10.16,500
2017-09-25,10.46,10.46,10.46,10.46,910
2017-09-26,10.46,10.46,10.46,10.46,0
2017-09-27,10.46,10.46,10.46,10.46,0
2017-09-28,10.46,10.46,10.46,10.46,0
2017-09-29,10.46,10.46,10.46,10.46,0
2017-10-02,10.46,10.46,10.46,10.46,0
2017-10-03,10.46,10.46,10.46,10.46,0
2017-10-04,10.46,10.46,10.46,10.46,0
2017-10-05,10.46,10.46,10.46,10.46,0
2017-10-06,10.46,10.46,10.46,10.46,0
2017-10-09,10.16,10.54,10.16,10.54,200
2017-10-10,10.54,10.54,10.54,10.54,0
2017-10-11,10.54,10.54,10.54,10.54,0
2017-10-12,10.54,10.54,10.54,10.54,0
2017-10-13,10.54,10.54,10.54,10.54,0
2017-10-16,10.54,10.54,10.54,10.54,0
2017-10-17,10.54,10.54,10.54,10.54,0
2017-10-18,10.54,10.54,10.54,10.54,0
2017-10-19,10.54,10.54,10.54,10.54,100
2017-10-20,10.54,10.54,10.54,10.54,900
2017-10-23,10.54,10.54,10.16,10.39,6800
2017-10-24,10.39,10.39,10.39,10.39,200
2017-10-25,10.39,10.39,10.39,10.39,400
2017-10-26,10.39,10.39,10.39,10.39,4500
2017-10-27,10.39,10.39,10.39,10.39,1100
2017-10-30,10.39,10.46,10.39,10.46,4600
2017-10-31,10.46,10.46,10.46,10.46,1000
2017-11-01,10.46,10.46,10.46,10.46,2000
2017-11-02,9.78,10.46,9.78,10.46,16000
2017-11-03,10.08,10.54,10.08,10.54,4000
2017-11-06,10.54,10.54,10.54,10.54,0
2017-11-07,10.46,10.54,10.46,10.54,32200
2017-11-08,10.54,10.54,10.54,10.54,4700
2017-11-09,10.54,10.54,10.54,10.54,12
2017-11-10,10.54,10.54,10.54,10.54,0
2017-11-13,10.54,10.54,10.54,10.54,0
2017-11-14,10.54,10.54,10.54,10.54,0
2017-11-15,10.54,10.54,10.39,10.39,6300
2017-11-16,10.39,10.39,10.39,10.39,0
2017-11-17,10.39,10.39,10.39,10.39,0
2017-11-20,10.39,10.39,10.39,10.39,0
2017-11-21,10.39,10.39,10.39,10.39,100
2017-11-22,10.39,10.39,10.39,10.39,0
2017-11-23,10.54,10.54,10.54,10.54,3000
2017-11-24,10.46,10.46,9.78,10.46,16900
2017-11-27,10.46,10.46,10.46,10.46,0
2017-11-28,10.39,10.39,10.39,10.39,8000
2017-11-29,9.78,10.31,9.78,10.31,2200
2017-11-30,10.16,10.16,10.16,10.16,1500
2017-12-01,10.16,10.16,10.16,10.16,0
2017-12-04,10.16,10.16,10.16,10.16,0
2017-12-05,9.41,9.41,9.41,9.41,200
2017-12-06,10.31,10.31,9.41,9.41,400
2017-12-07,9.41,9.41,9.41,9.41,0
2017-12-08,9.41,9.41,9.41,9.41,0
2017-12-11,10.31,10.31,10.31,10.31,100
2017-12-12,10.31,10.31,10.31,10.31,0
2017-12-13,10.31,10.31,10.31,10.31,0
2017-12-14,10.31,10.31,10.31,10.31,0
2017-12-15,10.31,10.31,10.31,10.31,0
2017-12-18,10.31,10.31,10.31,10.31,0
2017-12-19,10.31,10.31,10.31,10.31,0
2017-12-20,9.78,9.78,9.78,9.78,1100
2017-12-21,9.78,9.78,9.78,9.78,0
2017-12-22,9.78,9.78,9.78,9.78,0
2017-12-25,9.78,9.78,9.78,9.78,0
2017-12-26,9.78,9.78,9.78,9.78,0
2017-12-27,10.31,10.46,10.31,10.46,2100
2017-12-28,10.46,10.46,10.46,10.46,0
2017-12-29,10.46,10.54,10.46,10.54,300
2018-01-02,10.54,10.54,10.54,10.54,0
2018-01-03,10.54,10.54,10.54,10.54,0
2018-01-04,9.48,10.31,9.48,10.31,200
2018-01-05,10.31,10.31,10.31,10.31,0
2018-01-08,9.93,10.01,9.93,9.93,2100
2018-01-09,9.93,9.93,9.93,9.93,0
2018-01-10,9.93,9.93,9.93,9.93,0
2018-01-11,9.93,9.93,9.93,9.93,0
2018-01-12,10.01,10.01,10.01,10.01,2100
2018-01-15,10.01,10.01,10.01,10.01,5075
2018-01-16,10.01,10.01,10.01,10.01,0
2018-01-17,10.01,10.01,10.01,10.01,25
2018-01-18,10.01,10.01,10.01,10.01,0
2018-01-19,10.01,10.01,10.01,10.01,0
2018-01-22,10.01,10.01,10.01,10.01,7670
2018-01-23,10.01,10.01,10.01,10.01,0
2018-01-24,10.01,10.01,10.01,10.01,0
2018-01-25,10.01,10.01,10.01,10.01,0
2018-01-26,10.01,10.01,10.01,10.01,50
2018-01-29,10.01,10.01,10.01,10.01,0
2018-01-30,10.01,10.01,10.01,10.01,0
2018-01-31,9.93,9.93,9.93,9.93,100
2018-02-01,9.93,9.93,9.93,9.93,0
2018-02-02,10.23,10.23,10.23,10.23,300
2018-02-05,9.78,9.78,9.78,9.78,4600
2018-02-06,9.78,9.78,9.78,9.78,0
2018-02-07,9.78,9.78,9.78,9.78,0
2018-02-08,9.78,9.78,9.78,9.78,0
2018-02-09,9.78,9.78,9.78,9.78,0
2018-02-12,9.78,9.78,9.78,9.78,0
2018-02-13,9.78,9.78,9.78,9.78,4700
2018-02-21,9.78,9.78,9.78,9.78,0
2018-02-22,9.78,9.78,9.78,9.78,7000
2018-02-23,9.78,9.78,9.78,9.78,0
2018-02-26,9.78,9.78,9.78,9.78,0
2018-02-27,9.78,9.78,9.78,9.78,0
2018-02-28,9.78,9.78,9.78,9.78,3000
2018-03-01,9.78,9.78,9.78,9.78,0
2018-03-02,9.78,9.78,9.78,9.78,0
2018-03-05,9.78,9.78,9.78,9.78,0
2018-03-06,9.78,9.78,9.78,9.78,0
2018-03-07,9.78,9.78,9.78,9.78,0
2018-03-08,9.78,10.16,9.78,10.16,7000
2018-03-09,10.16,10.31,10.16,10.31,1900
2018-03-12,10.39,10.39,10.39,10.39,11300
2018-03-13,10.54,10.54,10.39,10.39,9400
2018-03-14,10.39,10.39,10.39,10.39,0
2018-03-15,10.39,10.39,10.39,10.39,0
2018-03-16,10.39,10.39,10.39,10.39,1000
2018-03-19,10.39,10.39,10.39,10.39,100
2018-03-20,10.39,10.39,10.39,10.39,2
2018-03-21,10.39,10.39,10.39,10.39,0
2018-03-22,10.39,10.39,10.39,10.39,0
2018-03-23,9.78,9.78,9.78,9.78,3000
2018-03-26,9.78,9.78,9.78,9.78,0
2018-03-27,10.16,10.16,10.16,10.16,1000
2018-03-28,10.16,10.16,10.16,10.16,2700
2018-03-29,10.16,10.16,10.16,10.16,0
2018-03-30,10.16,10.16,10.16,10.16,0
2018-04-02,10.16,10.16,10.16,10.16,0
2018-04-03,10.23,10.46,10.23,10.46,3500
2018-04-04,10.46,10.46,10.46,10.46,0
2018-04-05,10.46,10.46,10.46,10.46,4400
2018-04-06,10.46,10.46,10.46,10.46,700
2018-04-09,10.46,10.46,10.46,10.46,0
2018-04-10,10.46,10.46,10.46,10.46,0
2018-04-11,10.46,10.46,10.46,10.46,0
2018-04-12,10.46,10.69,10.46,10.69,1600
2018-04-13,10.69,10.69,10.69,10.69,0
2018-04-16,10.69,10.69,10.69,10.69,0
2018-04-17,10.69,10.69,10.69,10.69,0
2018-04-18,10.69,10.69,10.69,10.69,0
2018-04-19,10.91,10.91,10.91,10.91,2045
2018-04-20,10.91,10.91,10.91,10.91,0
2018-04-23,10.91,10.91,10.91,10.91,0
2018-04-24,10.91,10.91,10.91,10.91,0
2018-04-26,10.91,10.91,10.91,10.91,0
2018-04-27,10.91,10.91,10.91,10.91,0
2018-05-02,10.91,10.91,10.91,10.91,0
2018-05-03,10.91,10.91,10.91,10.91,0
2018-05-04,10.91,10.91,10.91,10.91,0
2018-05-07,10.91,10.91,10.91,10.91,0
2018-05-08,10.91,10.91,10.91,10.91,0
2018-05-09,10.91,10.91,10.91,10.91,0
2018-05-10,10.91,10.91,10.91,10.91,0
2018-05-11,10.91,10.91,10.91,10.91,0
2018-05-14,10.91,10.91,10.91,10.91,0
2018-05-15,10.91,10.91,10.91,10.91,0
2018-05-16,10.91,10.91,10.91,10.91,0
2018-05-17,10.91,10.91,10.91,10.91,70
2018-05-18,10.91,10.91,10.91,10.91,0
2018-05-21,10.91,10.91,10.91,10.91,78
2018-05-22,10.91,10.91,10.91,10.91,0
2018-05-23,10.91,10.91,10.91,10.91,0
2018-05-24,10.91,10.91,10.91,10.91,0
2018-05-25,10.91,10.91,10.91,10.91,0
2018-05-28,10.91,10.91,10.91,10.91,0
2018-05-29,10.91,10.91,10.91,10.91,0
2018-05-30,10.91,10.91,10.91,10.91,0
2018-05-31,10.91,10.91,10.91,10.91,0
2018-06-01,10.91,10.91,10.91,10.91,0
2018-06-04,10.91,10.91,10.91,10.91,0
2018-06-05,10.91,10.91,10.91,10.91,0
2018-06-06,10.91,10.91,10.91,10.91,0
2018-06-07,10.91,10.91,10.91,10.91,0
2018-06-08,10.91,10.91,10.91,10.91,0
2018-06-11,10.91,10.91,10.91,10.91,300
2018-06-12,10.91,10.91,10.91,10.91,0
2018-06-13,10.91,10.91,10.91,10.91,0
2018-06-14,10.91,10.91,10.91,10.91,0
2018-06-15,10.91,10.91,10.91,10.91,0
2018-06-18,10.91,10.91,10.91,10.91,0
2018-06-19,10.91,10.91,10.91,10.91,0
2018-06-20,10.91,10.91,10.91,10.91,0
2018-06-21,10.91,10.91,10.91,10.91,0
2018-06-22,10.91,10.91,10.91,10.91,0
2018-06-25,10.91,10.91,10.91,10.91,0
2018-06-26,10.91,10.91,10.91,10.91,0
2018-06-27,10.91,10.91,10.91,10.91,0
2018-06-28,10.91,10.91,10.91,10.91,0
2018-06-29,10.91,10.91,10.91,10.91,0
2018-07-02,10.91,10.91,10.91,10.91,0
2018-07-03,10.91,10.91,10.91,10.91,0
2018-07-04,10.91,10.91,10.91,10.91,0
2018-07-05,10.91,10.91,10.91,10.91,0
2018-07-06,10.91,10.91,10.91,10.91,0
2018-07-09,10.91,10.91,10.91,10.91,0
2018-07-10,11.89,11.89,11.89,11.89,100
2018-07-11,11.89,11.89,11.89,11.89,0
2018-07-12,11.89,11.89,11.89,11.89,0
2018-07-13,10.76,10.76,10.76,10.76,100
2018-07-16,10.76,10.76,10.76,10.76,0
2018-07-17,10.76,10.76,10.76,10.76,0
2018-07-18,10.76,10.76,10.76,10.76,0
2018-07-19,10.76,10.76,10.76,10.76,0
2018-07-20,10.76,10.76,10.76,10.76,0
2018-07-23,10.76,10.76,10.76,10.76,0
2018-07-24,10.76,10.76,10.76,10.76,0
2018-07-25,10.76,10.76,10.76,10.76,0
2018-07-26,10.76,10.76,10.76,10.76,0
2018-07-27,10.76,10.76,10.76,10.76,0
2018-07-30,10.76,10.76,10.76,10.76,0
2018-07-31,10.76,10.76,10.76,10.76,0
2018-08-01,10.76,10.76,10.76,10.76,0
2018-08-02,10.76,10.76,10.76,10.76,0
2018-08-03,10.76,10.76,10.76,10.76,0
2018-08-06,10.76,10.76,10.76,10.76,0
2018-08-07,10.76,10.76,10.76,10.76,0
2018-08-08,10.76,10.76,10.76,10.76,0
2018-08-09,10.76,10.76,10.76,10.76,0
2018-08-10,10.16,10.16,10.16,10.16,1200
2018-08-13,10.16,10.16,10.16,10.16,10000
2018-08-14,10.16,10.16,10.16,10.16,700
2018-08-15,10.16,10.16,10.16,10.16,0
2018-08-16,10.16,10.16,10.16,10.16,0
2018-08-17,10.16,10.16,10.16,10.16,0
2018-08-20,10.16,10.16,10.16,10.16,0
2018-08-21,10.16,10.16,10.16,10.16,0
2018-08-22,10.16,10.16,10.16,10.16,0
2018-08-23,10.16,10.16,10.16,10.16,0
2018-08-24,10.16,10.16,10.16,10.16,0
2018-08-27,10.16,10.16,10.16,10.16,0
2018-08-28,10.16,10.16,10.16,10.16,100
2018-08-29,10.16,10.16,10.16,10.16,0
2018-08-30,10.16,10.16,10.16,10.16,0
2018-08-31,10.16,10.16,10.16,10.16,86
2018-09-04,10.16,10.16,10.16,10.16,0
2018-09-05,10.16,10.16,10.16,10.16,0
2018-09-06,10.16,10.16,10.16,10.16,0
2018-09-07,10.16,10.16,10.16,10.16,0
2018-09-10,10.16,10.16,10.16,10.16,0
2018-09-11,10.16,10.16,10.16,10.16,0
2018-09-12,10.16,10.16,10.16,10.16,0
2018-09-13,10.16,10.16,10.16,10.16,0
2018-09-14,10.16,10.16,10.16,10.16,0
2018-09-17,10.16,10.16,10.16,10.16,0
2018-09-18,10.32,10.32,10.32,10.32,500
2018-09-19,10.32,10.32,10.32,10.32,0
2018-09-20,10.32,10.32,10.32,10.32,0
2018-09-21,10.32,10.32,10.32,10.32,0
2018-09-24,10.32,10.32,10.32,10.32,0
2018-09-25,10.32,10.32,10.32,10.32,0
2018-09-26,9.52,9.52,9.52,9.52,100
2018-09-27,9.52,9.52,9.52,9.52,20
2018-09-28,10.32,10.32,10.32,10.32,113
2018-10-01,9.52,9.52,9.52,9.52,400
2018-10-02,9.52,9.52,9.52,9.52,0
2018-10-03,9.52,9.52,9.52,9.52,0
2018-10-04,9.52,9.52,9.52,9.52,0
2018-10-05,9.52,9.52,9.52,9.52,0
2018-10-08,9.52,9.52,9.52,9.52,20
2018-10-09,9.52,9.52,9.52,9.52,100
2018-10-10,9.52,9.52,9.52,9.52,0
2018-10-11,9.52,9.52,9.52,9.52,0
2018-10-12,8.73,8.73,8.73,8.73,300
2018-10-15,8.73,8.73,8.73,8.73,0
2018-10-16,8.73,8.73,8.73,8.73,0
2018-10-17,8.73,8.73,8.73,8.73,0
2018-10-18,8.73,8.73,8.73,8.73,0
2018-10-19,7.94,7.94,7.94,7.94,272
2018-10-22,7.94,7.94,7.94,7.94,0
2018-10-23,8.02,8.02,8.02,8.02,2000
2018-10-24,8.02,8.02,8.02,8.02,0
2018-10-25,8.02,8.02,8.02,8.02,0
2018-10-26,8.02,8.02,8.02,8.02,0
2018-10-29,8.81,8.81,8.81,8.81,100
2018-10-30,8.81,8.81,8.81,8.81,0
2018-10-31,8.81,8.81,8.81,8.81,0
2018-11-01,8.81,8.81,8.81,8.81,0
2018-11-02,8.81,8.81,8.81,8.81,0
2018-11-05,8.81,8.81,8.81,8.81,8
2018-11-06,9.6,9.6,9.6,9.6,100
2018-11-07,9.6,9.6,9.6,9.6,0
2018-11-08,10.24,10.24,10.24,10.24,100
2018-11-09,9.29,9.29,9.29,9.29,100
2018-11-12,9.29,9.29,9.29,9.29,0
2018-11-13,10.08,10.08,10.08,10.08,100
2018-11-14,10.08,10.08,10.08,10.08,0
2018-11-15,10.08,10.08,10.08,10.08,0
2018-11-16,10.08,10.08,10.08,10.08,0
2018-11-19,10.08,10.08,10.08,10.08,0
2018-11-20,10.08,10.08,10.08,10.08,0
2018-11-21,10.08,10.08,10.08,10.08,0
2018-11-22,10.08,10.08,10.08,10.08,0
2018-11-23,10.08,10.08,10.08,10.08,0
2018-11-26,10.08,10.08,10.08,10.08,0
2018-11-27,10.08,10.08,10.08,10.08,0
2018-11-28,10.08,10.08,10.08,10.08,0
2018-11-29,10.08,10.08,10.08,10.08,0
2018-11-30,10.08,10.08,10.08,10.08,0
2018-12-03,9.52,9.52,9.52,9.52,1300
2018-12-04,9.52,9.52,9.52,9.52,0
2018-12-05,9.52,9.52,9.52,9.52,0
2018-12-06,9.52,9.52,9.52,9.52,0
2018-12-07,9.52,9.52,9.52,9.52,0
2018-12-10,9.52,9.52,9.52,9.52,0
2018-12-11,9.52,9.52,9.52,9.52,0
2018-12-12,9.52,9.52,9.52,9.52,0
2018-12-13,9.52,9.52,9.52,9.52,0
2018-12-14,9.52,9.52,9.52,9.52,0
2018-12-17,9.52,9.52,9.52,9.52,0
2018-12-18,9.52,9.52,9.52,9.52,0
2018-12-19,9.52,9.52,9.52,9.52,0
2018-12-20,9.52,9.52,9.52,9.52,0
2018-12-21,9.52,9.52,9.52,9.52,0
2018-12-24,9.52,9.52,9.52,9.52,0
2018-12-25,9.52,9.52,9.52,9.52,0
2018-12-26,9.52,9.52,9.52,9.52,0
2018-12-27,9.52,9.52,9.52,9.52,0
2018-12-28,10.32,10.32,10.32,10.32,640
2019-01-02,10.32,10.32,10.32,10.32,0
2019-01-03,10.32,10.32,10.32,10.32,0
2019-01-04,10.32,10.32,10.32,10.32,0
2019-01-07,10.32,10.32,10.32,10.32,0
2019-01-08,10.32,10.32,10.32,10.32,0
2019-01-09,10.32,10.32,10.32,10.32,0
2019-01-10,10.32,10.32,10.32,10.32,0
2019-01-11,10.32,10.32,10.32,10.32,0
2019-01-14,10.32,10.32,10.32,10.32,0
2019-01-15,10.32,10.32,10.32,10.32,0
2019-01-16,10.32,10.32,10.32,10.32,0
2019-01-17,10.32,10.32,10.32,10.32,0
2019-01-18,10.32,10.32,10.32,10.32,0
2019-01-21,10.32,10.32,10.32,10.32,0
2019-01-22,10.32,10.32,10.32,10.32,0
2019-01-23,10.32,10.32,10.32,10.32,0
2019-01-24,10.32,10.32,10.32,10.32,0
2019-01-25,10.32,10.32,10.32,10.32,0
2019-01-28,10.32,10.32,10.32,10.32,0
2019-01-29,10.32,10.32,10.32,10.32,0
2019-01-30,10.32,10.32,10.32,10.32,0
2019-01-31,10.32,10.32,10.32,10.32,0
2019-02-01,10.32,10.32,10.32,10.32,0
2019-02-11,10.32,10.32,10.32,10.32,0
2019-02-12,10.32,10.32,10.32,10.32,0
2019-02-13,10.32,10.32,10.32,10.32,0
2019-02-14,10.32,10.32,10.32,10.32,0
2019-02-15,10.32,10.32,10.32,10.32,0
2019-02-18,10.32,10.32,10.32,10.32,0
2019-02-19,9.52,9.52,9.45,9.52,3100
2019-02-20,8.73,8.73,8.73,8.73,1000
2019-02-21,8.33,8.33,8.33,8.33,1000
2019-02-22,8.73,8.73,8.73,8.73,1800
2019-02-25,8.73,8.73,8.73,8.73,0
2019-02-26,8.73,8.73,8.73,8.73,0
2019-02-27,8.73,8.73,8.73,8.73,0
2019-02-28,8.73,8.73,8.73,8.73,0
2019-03-01,8.73,8.73,8.73,8.73,0
2019-03-04,8.73,8.73,8.73,8.73,0
2019-03-05,8.73,8.73,8.73,8.73,0
2019-03-06,8.73,8.73,8.73,8.73,0
2019-03-07,8.73,8.73,8.73,8.73,0
2019-03-08,8.73,8.73,8.73,8.73,0
2019-03-11,8.73,8.73,8.73,8.73,0
2019-03-12,8.73,8.73,8.73,8.73,6100
2019-03-13,8.73,8.73,8.73,8.73,700
2019-03-14,8.73,8.73,8.73,8.73,800
2019-03-15,8.73,8.73,8.73,8.73,0
2019-03-18,8.73,8.73,8.73,8.73,0
2019-03-19,8.73,8.73,8.73,8.73,0
2019-03-20,8.73,8.73,8.73,8.73,0
2019-03-21,8.73,8.73,8.73,8.73,0
2019-03-22,8.73,8.73,8.73,8.73,0
2019-03-25,8.73,8.73,8.73,8.73,0
2019-03-26,8.73,8.73,8.73,8.73,7
2019-03-27,8.73,8.73,8.73,8.73,0
2019-03-28,9.15,9.15,9.15,9.15,0
2019-03-29,9.15,9.15,9.15,9.15,0
2019-04-01,9.15,9.15,9.15,9.15,0
2019-04-02,8.73,8.73,8.73,8.73,2000
2019-04-03,8.73,8.73,8.73,8.73,0
2019-04-04,8.73,8.73,8.73,8.73,0
2019-04-05,8.73,8.73,8.73,8.73,0
2019-04-08,8.73,8.73,8.73,8.73,0
2019-04-09,8.73,8.73,8.73,8.73,0
2019-04-10,8.73,8.73,8.73,8.73,0
2019-04-11,8.73,8.73,8.73,8.73,7
2019-04-12,8.73,8.73,8.73,8.73,0
2019-04-16,8.73,8.73,8.73,8.73,0
2019-04-17,8.9,8.9,8.9,8.9,3000
2019-04-18,8.9,8.9,8.9,8.9,400
2019-04-19,8.9,8.9,8.9,8.9,0
2019-04-22,8.98,8.98,8.98,8.98,1800
2019-04-23,8.98,8.98,8.98,8.98,0
2019-04-24,8.98,8.98,8.98,8.98,0
2019-04-25,8.98,8.98,8.98,8.98,0
2019-04-26,8.98,8.98,8.98,8.98,0
2019-05-02,8.98,8.98,8.98,8.98,0
2019-05-03,8.98,8.98,8.98,8.98,0
2019-05-06,8.98,8.98,8.98,8.98,0
2019-05-07,8.98,8.98,8.98,8.98,0
2019-05-08,8.98,8.98,8.98,8.98,0
2019-05-09,8.98,8.98,8.98,8.98,0
2019-05-10,8.98,8.98,8.98,8.98,0
2019-05-13,8.98,8.98,8.98,8.98,0
2019-05-14,8.98,8.98,8.98,8.98,0
2019-05-15,8.98,8.98,8.98,8.98,0
2019-05-16,8.98,8.98,8.98,8.98,0
2019-05-17,8.98,8.98,8.98,8.98,0
2019-05-20,8.98,8.98,8.98,8.98,0
2019-05-21,8.98,8.98,8.98,8.98,0
2019-05-22,8.98,8.98,8.98,8.98,0
2019-05-23,8.98,8.98,8.98,8.98,0
2019-05-24,8.98,8.98,8.98,8.98,0
2019-05-27,8.98,8.98,8.98,8.98,0
2019-05-28,8.98,8.98,8.98,8.98,0
2019-05-29,9.15,9.15,9.15,9.15,1000
2019-05-30,9.15,9.15,9.15,9.15,0
2019-05-31,9.15,9.15,9.15,9.15,0
2019-06-03,9.56,9.56,9.56,9.56,1711
2019-06-04,9.56,9.56,9.56,9.56,0
2019-06-05,9.56,9.56,9.56,9.56,0
2019-06-06,9.56,9.56,9.56,9.56,0
2019-06-07,9.56,9.56,9.56,9.56,0
2019-06-10,9.56,9.56,9.56,9.56,0
2019-06-11,9.56,9.56,9.56,9.56,0
2019-06-12,9.56,9.56,9.56,9.56,0
2019-06-13,9.56,9.56,9.56,9.56,0
2019-06-14,9.56,9.56,9.56,9.56,0
2019-06-17,9.56,9.56,9.56,9.56,0
2019-06-18,9.56,9.56,9.56,9.56,0
2019-06-19,9.56,9.56,9.56,9.56,0
2019-06-20,9.56,9.56,9.56,9.56,0
2019-06-21,9.56,9.56,9.56,9.56,0
2019-06-24,9.56,9.56,9.56,9.56,0
2019-06-25,9.56,9.56,9.56,9.56,10
2019-06-26,9.56,9.56,9.56,9.56,0
2019-06-27,9.56,9.56,9.56,9.56,0
2019-06-28,9.56,9.56,9.56,9.56,0
2019-07-01,9.56,9.56,9.56,9.56,0
2019-07-02,9.56,9.56,9.56,9.56,0
2019-07-03,9.56,9.56,9.56,9.56,0
2019-07-04,9.56,9.56,9.56,9.56,0
2019-07-05,9.56,9.56,9.56,9.56,0
2019-07-08,9.56,9.56,9.56,9.56,10
2019-07-09,9.56,9.56,9.56,9.56,0
2019-07-10,9.56,9.56,9.56,9.56,0
2019-07-11,9.56,9.56,9.56,9.56,0
2019-07-12,9.56,9.56,9.56,9.56,0
2019-07-15,9.56,9.56,9.56,9.56,0
2019-07-16,9.56,9.56,9.56,9.56,0
2019-07-17,9.56,9.56,9.56,9.56,0
2019-07-18,9.56,9.56,9.56,9.56,0
2019-07-19,9.56,9.56,9.56,9.56,0
2019-07-22,9.56,9.56,9.56,9.56,0
2019-07-23,9.56,9.56,9.56,9.56,2100
2019-07-24,9.56,9.56,9.56,9.56,0
2019-07-25,9.56,9.56,9.56,9.56,0
2019-07-26,9.56,9.56,9.56,9.56,0
2019-07-29,8.73,8.73,8.73,8.73,1000
2019-07-30,8.73,8.73,8.73,8.73,6400
2019-07-31,8.81,8.81,8.81,8.81,2000
2019-08-01,8.81,8.81,8.81,8.81,0
2019-08-02,8.81,8.81,8.81,8.81,0
2019-08-05,8.81,8.81,8.81,8.81,0
2019-08-06,8.81,8.81,8.81,8.81,0
2019-08-07,8.81,8.81,8.81,8.81,0
2019-08-08,8.81,8.81,8.81,8.81,0
2019-08-09,8.81,8.81,8.81,8.81,0
2019-08-12,8.81,8.81,8.81,8.81,0
2019-08-13,8.81,8.81,8.81,8.81,0
2019-08-14,8.81,8.81,8.81,8.81,0
2019-08-15,8.81,8.81,8.81,8.81,0
2019-08-16,8.81,8.81,8.81,8.81,0
2019-08-19,8.81,8.81,8.81,8.81,0
2019-08-20,8.81,8.81,8.81,8.81,0
2019-08-21,8.81,8.81,8.81,8.81,0
2019-08-22,8.81,8.81,8.81,8.81,0
2019-08-23,8.81,8.81,8.81,8.81,0
2019-08-26,8.81,8.81,8.81,8.81,0
2019-08-27,8.81,8.81,8.81,8.81,0
2019-08-28,8.81,8.81,8.81,8.81,0
2019-08-29,8.81,8.81,8.81,8.81,0
2019-08-30,9.65,9.65,9.65,9.65,100
2019-09-03,9.65,9.65,9.65,9.65,0
2019-09-04,9.65,9.65,9.65,9.65,0
2019-09-05,9.65,9.65,9.65,9.65,0
2019-09-06,9.65,9.65,9.65,9.65,0
2019-09-09,9.65,9.65,9.65,9.65,0
2019-09-10,9.65,9.65,9.65,9.65,0
2019-09-11,9.56,9.56,9.56,9.56,100
2019-09-12,9.56,9.56,9.56,9.56,0
2019-09-13,9.56,9.56,9.56,9.56,0
2019-09-16,9.56,9.56,9.56,9.56,0
2019-09-17,9.56,9.56,9.56,9.56,0
2019-09-18,9.56,9.56,9.56,9.56,0
2019-09-19,9.56,9.56,9.56,9.56,0
2019-09-20,9.56,9.56,9.56,9.56,0
2019-09-23,9.91,9.91,9.91,9.91,100
2019-09-24,9.91,9.91,9.91,9.91,0
2019-09-25,9.91,9.91,9.91,9.91,0
2019-09-26,9.91,9.91,9.91,9.91,0
2019-09-27,10.08,10.08,10.08,10.08,800
2019-09-30,10.08,10.08,10.08,10.08,3
2019-10-01,10.08,10.08,10.08,10.08,0
2019-10-02,10.08,10.08,10.08,10.08,0
2019-10-03,10.08,10.08,10.08,10.08,0
2019-10-04,10.08,10.08,10.08,10.08,0
2019-10-07,10.08,10.08,10.08,10.08,0
2019-10-08,10.08,10.08,10.08,10.08,0
2019-10-09,10.08,10.08,10.08,10.08,0
2019-10-10,10.08,10.08,10.08,10.08,0
2019-10-11,10.08,10.08,10.08,10.08,0
2019-10-14,10.08,10.08,10.08,10.08,0
2019-10-15,10.08,10.08,10.08,10.08,0
2019-10-16,10.08,10.08,10.08,10.08,0
2019-10-17,10.08,10.08,10.08,10.08,0
2019-10-18,10.08,10.08,10.08,10.08,0
2019-10-21,10.08,10.08,10.08,10.08,0
2019-10-22,10.08,10.08,10.08,10.08,0
2019-10-23,10.08,10.08,10.08,10.08,0
2019-10-24,10.08,10.08,10.08,10.08,0
2019-10-25,10.08,10.08,10.08,10.08,0
2019-10-28,10.08,10.08,10.08,10.08,0
2019-10-29,10.08,10.08,10.08,10.08,0
2019-10-30,10.08,10.08,10.08,10.08,0
2019-10-31,10.08,10.08,10.08,10.08,0
2019-11-01,10.08,10.08,10.08,10.08,0
2019-11-04,10.08,10.08,10.08,10.08,0
2019-11-05,10.08,10.08,10.08,10.08,0
2019-11-06,10.08,10.08,10.08,10.08,0
2019-11-07,10.08,10.08,10.08,10.08,0
2019-11-08,10.08,10.08,10.08,10.08,0
2019-11-11,10.08,10.08,10.08,10.08,0
2019-11-12,10.08,10.08,10.08,10.08,0
2019-11-13,10.08,10.08,10.08,10.08,0
2019-11-14,10.08,10.08,10.08,10.08,0
2019-11-15,10.08,10.08,10.08,10.08,0
2019-11-18,10.08,10.08,10.08,10.08,0
2019-11-19,10.08,10.08,10.08,10.08,0
2019-11-20,10.08,10.08,10.08,10.08,0
2019-11-21,10.08,10.08,10.08,10.08,0
2019-11-22,10.08,10.08,10.08,10.08,0
2019-11-25,10.08,10.08,10.08,10.08,0
2019-11-26,10.08,10.08,10.08,10.08,0
2019-11-27,10.08,10.08,10.08,10.08,0
2019-11-28,10.08,10.08,10.08,10.08,0
2019-11-29,10.08,10.08,10.08,10.08,0
2019-12-02,10.08,10.08,10.08,10.08,0
2019-12-03,10.08,10.08,10.08,10.08,0
2019-12-04,10.08,10.08,10.08,10.08,0
2019-12-05,10.08,10.08,10.08,10.08,0
2019-12-06,10.08,10.08,10.08,10.08,0
2019-12-09,10.08,10.08,10.08,10.08,0
2019-12-10,10.08,10.08,10.08,10.08,0
2019-12-11,10.08,10.08,10.08,10.08,0
2019-12-12,10.08,10.08,10.08,10.08,0
2019-12-13,10.08,10.08,10.08,10.08,0
2019-12-16,10.08,10.08,10.08,10.08,0
2019-12-17,10.08,10.08,10.08,10.08,0
2019-12-18,10.08,10.08,10.08,10.08,0
2019-12-19,10.08,10.08,10.08,10.08,0
2019-12-20,10.08,10.08,10.08,10.08,0
2019-12-23,10.08,10.08,10.08,10.08,0
2019-12-24,10.08,10.08,10.08,10.08,0
2019-12-25,10.08,10.08,10.08,10.08,0
2019-12-26,10.08,10.08,10.08,10.08,0
2019-12-27,10.08,10.08,10.08,10.08,0
2019-12-30,10.08,10.08,10.08,10.08,0
2019-12-31,10.08,10.08,10.08,10.08,0
2020-01-02,10.08,10.08,10.08,10.08,0
2020-01-03,10.08,10.08,10.08,10.08,0
2020-01-06,10.08,10.08,10.08,10.08,0
2020-01-07,10.08,10.08,10.08,10.08,0
2020-01-08,10.08,10.08,10.08,10.08,0
2020-01-09,10.08,10.08,10.08,10.08,0
2020-01-10,10.08,10.08,10.08,10.08,0
2020-01-13,10.08,10.08,10.08,10.08,0
2020-01-14,10.08,10.08,10.08,10.08,0
2020-01-15,10.08,10.08,10.08,10.08,0
2020-01-16,10.08,10.08,10.08,10.08,0
2020-01-17,10.08,10.08,10.08,10.08,0
2020-01-20,10.08,10.08,10.08,10.08,0
2020-01-21,10.08,10.08,10.08,10.08,0
2020-01-22,10.08,10.08,10.08,10.08,0
2020-01-30,10.08,10.08,10.08,10.08,0
2020-01-31,10.08,10.08,10.08,10.08,0
2020-02-03,10.08,10.08,10.08,10.08,0
2020-02-04,10.08,10.08,10.08,10.08,0
2020-02-05,10.08,10.08,10.08,10.08,0
2020-02-06,10.08,10.08,10.08,10.08,0
2020-02-07,10.08,10.08,10.08,10.08,0
2020-02-10,10.08,10.08,10.08,10.08,0
2020-02-11,10.08,10.08,10.08,10.08,0
2020-02-12,10.08,10.08,10.08,10.08,0
2020-02-13,10.08,10.08,10.08,10.08,0
2020-02-14,10.08,10.08,10.08,10.08,0
2020-02-17,10.08,10.08,10.08,10.08,0
2020-02-18,10.08,10.08,10.08,10.08,0
2020-02-19,10.08,10.08,10.08,10.08,0
2020-02-20,10.08,10.08,10.08,10.08,0
2020-02-21,10.08,10.08,10.08,10.08,0
2020-02-24,10.08,10.08,10.08,10.08,0
2020-02-25,9.13,9.48,9.13,9.48,2100
2020-02-26,9.48,9.48,9.48,9.48,0
2020-02-27,9.48,9.48,9.48,9.48,0
2020-02-28,9.48,9.48,9.48,9.48,0
2020-03-02,9.48,9.48,9.48,9.48,0
2020-03-03,9.48,9.48,9.48,9.48,0
2020-03-04,9.48,9.48,9.48,9.48,0
2020-03-05,9.48,9.48,9.48,9.48,0
2020-03-06,9.48,9.48,9.48,9.48,0
2020-03-09,9.48,9.48,9.48,9.48,0
2020-03-10,9.48,9.48,9.48,9.48,0
2020-03-11,9.48,9.48,9.48,9.48,0
2020-03-12,9.48,9.48,9.48,9.48,4100
2020-03-13,9.48,9.48,9.48,9.48,0
2020-03-16,9.48,9.48,9.48,9.48,0
2020-03-17,9.48,9.48,9.48,9.48,4
2020-03-18,9.48,9.48,9.48,9.48,0
2020-03-19,9.48,9.48,9.48,9.48,0
2020-03-20,9.48,9.48,9.48,9.48,0
2020-03-23,9.91,9.91,9.91,9.91,100
2020-03-24,10.08,10.17,10.08,10.17,2300
2020-03-25,10.17,10.17,10.17,10.17,0
2020-03-26,10.17,10.17,10.17,10.17,2000
2020-03-27,10.17,10.17,9.22,9.22,8805
2020-03-30,9.22,9.22,9.22,9.22,0
2020-03-31,9.22,9.22,9.22,9.22,0
2020-04-01,9.22,9.22,9.22,9.22,0
2020-04-03,9.22,9.22,9.22,9.22,0
2020-04-06,9.22,9.22,9.22,9.22,0
2020-04-07,9.22,9.22,9.22,9.22,0
2020-04-08,8.36,8.36,8.36,8.36,100
2020-04-09,9.13,9.13,7.75,7.75,6400
2020-04-10,7.75,7.75,7.75,7.75,0
2020-04-13,7.75,7.75,7.75,7.75,0
2020-04-14,8.53,8.53,8.53,8.53,100
2020-04-15,8.53,8.53,8.53,8.53,0
2020-04-16,8.53,8.53,8.53,8.53,0
2020-04-17,8.53,8.53,8.53,8.53,0
2020-04-20,8.53,8.53,8.53,8.53,0
2020-04-21,8.53,8.53,8.53,8.53,0
2020-04-22,8.53,8.53,8.53,8.53,0
2020-04-23,9.3,9.3,9.3,9.3,100
2020-04-24,9.3,9.3,9.3,9.3,0
2020-04-27,9.3,9.3,9.3,9.3,0
2020-04-28,9.3,9.3,9.3,9.3,0
2020-04-29,9.3,9.3,9.3,9.3,0
2020-05-04,9.3,9.3,9.3,9.3,0
2020-05-05,9.91,9.91,9.91,9.91,100
2020-05-06,9.91,9.91,9.91,9.91,0
2020-05-07,9.91,9.91,9.91,9.91,300
2020-05-08,9.91,9.91,9.91,9.91,0
2020-05-11,9.91,9.91,9.91,9.91,0
2020-05-12,9.91,9.91,9.91,9.91,0
2020-05-13,9.91,9.91,9.91,9.91,0
2020-05-14,9.91,9.91,9.91,9.91,0
2020-05-15,9.91,9.91,9.91,9.91,0
2020-05-18,9.91,9.91,9.91,9.91,0
2020-05-19,9.91,9.91,9.91,9.91,0
2020-05-20,9.91,9.91,9.91,9.91,0
2020-05-21,9.91,9.91,9.91,9.91,0
2020-05-22,9.91,9.91,9.91,9.91,0
2020-05-25,9.99,9.99,9.99,9.99,4000
2020-05-26,9.99,9.99,9.99,9.99,1900
2020-05-27,9.99,9.99,9.99,9.99,0
2020-05-28,9.99,9.99,9.99,9.99,0
2020-05-29,9.99,9.99,9.99,9.99,1400
2020-06-01,9.99,9.99,9.99,9.99,0
2020-06-02,9.99,9.99,9.99,9.99,0
2020-06-03,10.17,10.17,10.17,10.17,4800
2020-06-04,10.17,10.17,10.17,10.17,0
2020-06-05,10.17,10.17,10.17,10.17,0
2020-06-08,10.17,10.17,10.17,10.17,0
2020-06-09,10.17,10.17,10.17,10.17,55
2020-06-10,11.11,11.11,9.48,9.48,643
2020-06-11,10.42,10.42,9.48,9.48,1100
2020-06-12,10.42,10.42,10.42,10.42,255
2020-06-15,11.46,11.46,11.46,11.46,4815
2020-06-16,11.46,11.72,10.34,11.63,29200
2020-06-17,11.46,11.54,10.51,10.51,12200
2020-06-18,11.46,11.46,10.51,10.51,5500
2020-06-19,11.46,11.54,10.51,10.51,1300
2020-06-22,10.51,10.51,10.51,10.51,0
2020-06-23,11.54,11.54,11.46,11.46,3200
2020-06-24,11.63,11.63,10.42,10.42,1500
2020-06-25,10.42,10.42,10.42,10.42,0
2020-06-26,11.46,11.46,11.46,11.46,100
2020-06-29,11.11,11.11,11.11,11.11,100
2020-06-30,12.15,12.15,10.77,10.77,1300
2020-07-01,10.77,10.77,10.77,10.77,0
2020-07-02,10.77,10.77,10.77,10.77,0
2020-07-03,11.8,11.8,11.8,11.8,100
2020-07-06,11.8,11.8,11.8,11.8,0
2020-07-07,10.86,10.86,10.86,10.86,100
2020-07-08,11.63,11.63,11.63,11.63,100
2020-07-09,12.67,12.67,12.67,12.67,100
2020-07-10,11.46,11.46,11.46,11.46,100
2020-07-13,11.46,11.46,11.46,11.46,0
2020-07-14,11.46,11.46,11.46,11.46,0
2020-07-15,11.46,11.46,11.46,11.46,0
2020-07-16,12.32,12.32,12.32,12.32,100
2020-07-17,12.32,12.32,12.32,12.32,0
2020-07-20,11.2,11.2,11.2,11.2,100
2020-07-21,11.2,11.2,11.2,11.2,0
2020-07-22,12.23,12.23,12.23,12.23,1500
2020-07-23,11.11,11.11,11.11,11.11,100
2020-07-24,12.15,12.15,12.15,12.15,100
2020-07-27,12.15,12.15,12.15,12.15,0
2020-07-28,10.94,10.94,10.94,10.94,100
2020-07-29,9.99,9.99,9.99,9.99,200
2020-07-30,10.94,10.94,10.94,10.94,5700
2020-07-31,11.89,11.89,11.89,11.89,200
2020-08-03,11.89,11.89,11.89,11.89,0
2020-08-04,11.89,11.89,11.89,11.89,0
2020-08-05,11.89,11.89,11.89,11.89,0
2020-08-06,11.89,11.89,11.89,11.89,0
2020-08-07,11.89,11.89,11.89,11.89,0
2020-08-10,11.89,11.89,11.89,11.89,20
2020-08-11,11.89,11.89,11.89,11.89,0
2020-08-12,11.89,11.89,10.86,10.86,42200
2020-08-13,11.8,11.8,11.8,11.8,100
2020-08-14,11.89,11.89,10.86,10.86,36900
2020-08-17,10.86,10.86,10.86,10.86,100
2020-08-18,11.89,11.89,11.89,11.89,70000
2020-08-19,11.89,11.89,11.89,11.89,66100
2020-08-20,11.89,11.89,11.89,11.89,0
2020-08-21,11.89,11.89,11.89,11.89,19100
2020-08-24,11.89,11.89,11.89,11.89,0
2020-08-25,11.89,11.89,11.89,11.89,301
2020-08-26,11.89,11.89,11.89,11.89,0
2020-08-27,11.89,11.89,11.89,11.89,0
2020-08-28,11.89,11.89,11.89,11.89,0
2020-08-31,11.89,11.89,11.89,11.89,0
2020-09-01,11.89,11.89,11.89,11.89,0
2020-09-03,11.89,11.89,11.89,11.89,0
2020-09-04,11.89,11.89,11.89,11.89,0
2020-09-07,11.89,11.89,11.89,11.89,0
2020-09-08,11.89,11.89,11.89,11.89,0
2020-09-09,11.89,11.89,11.89,11.89,0
2020-09-10,11.89,11.89,11.89,11.89,0
2020-09-11,11.89,11.89,11.89,11.89,0
2020-09-14,11.89,11.89,11.89,11.89,0
2020-09-15,11.89,11.89,11.89,11.89,0
2020-09-16,11.89,11.89,11.89,11.89,0
2020-09-17,12.43,12.43,12.43,12.43,0
2020-09-18,12.43,12.43,12.43,12.43,0
2020-09-21,12.43,12.43,12.43,12.43,0
2020-09-22,12.43,12.43,12.43,12.43,0
2020-09-23,12.43,12.43,12.43,12.43,0
2020-09-24,12.43,12.43,12.43,12.43,0
2020-09-25,12.43,12.43,12.43,12.43,0
2020-09-28,12.43,12.43,12.43,12.43,0
2020-09-29,10.72,10.72,10.72,10.72,100
2020-09-30,10.72,10.72,10.72,10.72,0
2020-10-01,10.72,10.72,10.72,10.72,0
2020-10-02,10.72,10.72,10.72,10.72,2
2020-10-05,10.72,10.72,10.72,10.72,0
2020-10-06,10.72,10.72,10.72,10.72,0
2020-10-07,10.72,10.72,10.72,10.72,0
2020-10-08,10.72,10.72,10.72,10.72,0
2020-10-09,10.72,10.72,10.72,10.72,0
2020-10-12,10.72,10.72,10.72,10.72,0
2020-10-13,10.72,10.72,10.72,10.72,0
2020-10-14,10.72,10.72,10.72,10.72,0
2020-10-15,10.72,10.72,10.72,10.72,0
2020-10-16,10.72,10.72,10.72,10.72,0
2020-10-19,10.72,10.72,10.72,10.72,0
2020-10-20,10.72,10.72,10.72,10.72,0
2020-10-21,10.72,10.72,10.72,10.72,0
2020-10-22,10.72,10.72,10.72,10.72,0
2020-10-23,10.72,10.72,10.72,10.72,0
2020-10-26,10.72,10.72,10.72,10.72,0
2020-10-27,10.72,10.72,10.72,10.72,0
2020-10-28,10.72,10.72,10.72,10.72,0
2020-10-29,10.72,10.72,10.72,10.72,0
2020-10-30,10.72,10.72,10.72,10.72,0
2020-11-02,10.72,10.72,10.72,10.72,0
2020-11-03,10.72,10.72,10.72,10.72,0
2020-11-04,10.72,10.72,10.72,10.72,0
2020-11-05,10.72,10.72,10.72,10.72,0
2020-11-06,10.72,10.72,10.72,10.72,0
2020-11-09,10.72,10.72,10.72,10.72,0
2020-11-10,10.72,10.72,10.72,10.72,0
2020-11-11,10.72,10.72,10.72,10.72,0
2020-11-12,10.72,10.72,10.72,10.72,0
2020-11-13,11.71,11.71,11.71,11.71,100
2020-11-16,11.71,11.71,11.71,11.71,0
2020-11-17,12.79,12.79,12.79,12.79,2000
2020-11-18,12.79,12.79,12.79,12.79,0
2020-11-19,13.33,13.33,13.33,13.33,100
2020-11-20,13.33,13.33,13.33,13.33,0
2020-11-23,13.33,13.33,13.33,13.33,0
2020-11-24,12.16,12.16,12.16,12.16,2000
2020-11-25,12.16,12.16,12.16,12.16,0
2020-11-26,12.16,12.16,12.16,12.16,0
2020-11-27,12.16,12.16,12.16,12.16,0
2020-11-30,12.16,12.16,12.16,12.16,0
2020-12-01,12.16,12.16,12.16,12.16,0
2020-12-02,11.71,11.71,11.71,11.71,5000
2020-12-03,11.71,11.71,11.71,11.71,0
2020-12-04,11.71,11.71,11.71,11.71,0
2020-12-07,11.71,11.71,11.71,11.71,0
2020-12-08,11.71,11.71,11.71,11.71,0
2020-12-09,11.71,11.71,11.71,11.71,0
2020-12-10,11.71,11.71,11.71,11.71,0
2020-12-11,11.71,11.71,11.71,11.71,0
2020-12-14,11.71,11.71,11.71,11.71,0
2020-12-15,11.71,11.71,11.71,11.71,0
2020-12-16,11.71,11.71,11.71,11.71,0
2020-12-17,11.71,11.71,11.71,11.71,0
2020-12-18,11.71,11.71,11.71,11.71,0
2020-12-21,11.71,11.71,11.71,11.71,0
2020-12-22,11.71,11.71,11.71,11.71,0
2020-12-23,11.71,11.71,11.71,11.71,0
2020-12-24,11.71,11.71,11.71,11.71,0
2020-12-25,11.71,11.71,11.71,11.71,0
2020-12-28,11.71,11.71,11.71,11.71,0
2020-12-29,11.71,11.71,11.71,11.71,0
2020-12-30,12.79,12.79,12.79,12.79,3000
2020-12-31,12.79,12.79,12.79,12.79,0
2021-01-04,12.79,12.79,12.79,12.79,0
2021-01-05,12.79,12.79,12.79,12.79,0
2021-01-06,12.79,12.79,12.79,12.79,0
2021-01-07,12.79,12.79,12.79,12.79,0
2021-01-08,12.79,12.79,12.79,12.79,0
2021-01-11,12.79,12.79,12.79,12.79,0
2021-01-12,12.79,12.79,12.79,12.79,0
2021-01-13,12.79,12.79,12.79,12.79,0
2021-01-14,12.79,12.79,12.79,12.79,0
2021-01-15,11.71,11.71,11.71,11.71,100
2021-01-18,11.71,11.71,11.71,11.71,0
2021-01-19,11.71,11.71,11.71,11.71,0
2021-01-20,11.71,11.71,11.71,11.71,0
2021-01-21,11.71,11.71,11.71,11.71,0
2021-01-22,11.71,11.71,11.71,11.71,0
2021-01-25,11.71,11.71,11.71,11.71,0
2021-01-26,11.71,11.71,11.71,11.71,0
2021-01-27,11.71,11.71,11.71,11.71,0
2021-01-28,11.71,11.71,11.71,11.71,0
2021-01-29,11.71,11.71,11.71,11.71,0
2021-02-01,11.71,11.71,11.71,11.71,0
2021-02-02,11.71,11.71,11.71,11.71,0
2021-02-03,11.71,11.71,11.71,11.71,0
2021-02-04,11.71,11.71,11.71,11.71,0
2021-02-05,11.71,11.71,11.71,11.71,0
2021-02-08,11.71,11.71,11.71,11.71,0
2021-02-09,11.71,11.71,11.71,11.71,0
2021-02-17,11.71,11.71,11.71,11.71,0
2021-02-18,11.71,11.71,11.71,11.71,0
2021-02-19,11.71,11.71,11.71,11.71,0
2021-02-22,11.71,11.71,11.71,11.71,0
2021-02-23,11.26,11.26,11.26,11.26,1000
2021-02-24,11.26,11.26,11.26,11.26,0
2021-02-25,11.26,11.26,11.26,11.26,0
2021-02-26,11.26,11.26,11.26,11.26,0
2021-03-01,11.26,11.26,11.26,11.26,0
2021-03-02,11.26,11.26,11.26,11.26,1000
2021-03-03,11.26,11.26,11.26,11.26,0
2021-03-04,11.26,11.26,11.26,11.26,0
2021-03-05,11.26,11.26,11.26,11.26,0
2021-03-08,11.26,11.26,11.26,11.26,0
2021-03-09,11.26,11.26,11.26,11.26,0
2021-03-10,11.26,11.26,11.26,11.26,0
2021-03-11,11.26,11.26,11.26,11.26,0
2021-03-12,11.26,11.26,11.26,11.26,0
2021-03-15,11.26,11.26,11.26,11.26,0
2021-03-16,11.26,11.26,11.26,11.26,0
2021-03-17,11.26,11.26,11.26,11.26,0
2021-03-18,11.26,11.26,11.26,11.26,0
2021-03-19,11.26,11.26,11.26,11.26,0
2021-03-22,11.26,11.26,11.26,11.26,0
2021-03-23,11.26,11.26,11.26,11.26,0
2021-03-24,11.26,11.26,11.26,11.26,0
2021-03-25,11.26,11.26,11.26,11.26,0
2021-03-26,11.26,11.26,11.26,11.26,0
2021-03-29,11.26,11.26,11.26,11.26,0
2021-03-30,11.26,11.26,11.26,11.26,0
2021-03-31,11.26,11.26,11.26,11.26,0
2021-04-01,11.26,11.26,11.26,11.26,0
2021-04-02,11.26,11.26,11.26,11.26,0
2021-04-05,11.26,11.26,11.26,11.26,0
2021-04-06,11.26,11.26,11.26,11.26,0
2021-04-07,11.26,11.26,11.26,11.26,0
2021-04-08,11.26,11.26,11.26,11.26,0
2021-04-09,11.26,11.26,11.26,11.26,0
2021-04-12,11.26,11.26,11.26,11.26,0
2021-04-13,11.26,11.26,11.26,11.26,0
2021-04-14,11.26,11.26,11.26,11.26,0
2021-04-15,11.26,11.26,11.26,11.26,0
2021-04-16,11.26,11.26,11.26,11.26,0
2021-04-19,11.26,11.26,11.26,11.26,0
2021-04-20,11.26,11.26,11.26,11.26,0
2021-04-22,11.26,11.26,11.26,11.26,0
2021-04-23,11.26,11.26,11.26,11.26,0
2021-04-26,11.26,11.26,11.26,11.26,0
2021-04-27,11.26,11.26,11.26,11.26,0
2021-04-28,11.26,11.26,11.26,11.26,0
2021-04-29,11.26,11.26,11.26,11.26,0
2021-05-04,11.26,11.26,11.26,11.26,0
2021-05-05,11.26,11.26,11.26,11.26,0
2021-05-06,11.26,11.26,11.26,11.26,0
2021-05-07,11.26,11.26,11.26,11.26,0
2021-05-10,11.26,11.26,11.26,11.26,0
2021-05-11,11.26,11.26,11.26,11.26,0
2021-05-12,12.34,12.34,12.34,12.34,100
2021-05-13,12.34,12.34,12.34,12.34,0
2021-05-14,12.34,12.34,12.34,12.34,0
2021-05-17,12.34,12.34,12.34,12.34,0
2021-05-18,12.34,12.34,12.34,12.34,0
2021-05-19,12.34,12.34,12.34,12.34,0
2021-05-20,12.34,12.34,12.34,12.34,0
2021-05-21,12.34,12.34,12.34,12.34,0
2021-05-24,12.34,12.34,12.34,12.34,0
2021-05-25,12.34,12.34,12.34,12.34,0
2021-05-26,12.34,12.34,12.34,12.34,0
2021-05-27,12.34,12.34,12.34,12.34,0
2021-05-28,12.34,12.34,12.34,12.34,0
2021-05-31,12.34,12.34,12.34,12.34,0
2021-06-01,12.34,12.34,12.34,12.34,0
2021-06-02,12.34,12.34,12.34,12.34,0
2021-06-03,12.34,12.34,12.34,12.34,0
2021-06-04,12.34,12.34,12.34,12.34,0
2021-06-07,12.34,12.34,12.34,12.34,0
2021-06-08,12.34,12.34,12.34,12.34,0
2021-06-09,12.34,12.34,12.34,12.34,0
2021-06-10,12.34,12.34,12.34,12.34,0
2021-06-11,12.34,12.34,12.34,12.34,0
2021-06-14,12.34,12.34,12.34,12.34,0
2021-06-15,12.34,12.34,12.34,12.34,0
2021-06-16,12.34,12.34,12.34,12.34,0
2021-06-17,12.34,12.34,12.34,12.34,0
2021-06-18,12.34,12.34,12.34,12.34,0
2021-06-21,12.34,12.34,12.34,12.34,0
2021-06-22,12.34,12.34,12.34,12.34,0
2021-06-23,12.34,12.34,12.34,12.34,0
2021-06-24,12.34,12.34,12.34,12.34,0
2021-06-25,12.34,12.34,12.34,12.34,0
2021-06-28,12.34,12.34,12.34,12.34,0
2021-06-29,11.17,11.17,11.17,11.17,101
2021-06-30,10.18,10.18,10.18,10.18,100
2021-07-01,10.18,10.18,10.18,10.18,0
2021-07-02,10.18,10.18,10.18,10.18,0
2021-07-05,10.18,10.18,10.18,10.18,0
2021-07-06,10.18,10.18,10.18,10.18,0
2021-07-07,10.18,10.18,10.18,10.18,0
2021-07-08,10.18,10.18,10.18,10.18,0
2021-07-09,10.18,10.18,10.18,10.18,0
2021-07-12,10.18,10.18,10.18,10.18,0
2021-07-13,10.18,10.18,10.18,10.18,0
2021-07-14,10.18,10.18,10.18,10.18,0
2021-07-15,10.18,10.18,10.18,10.18,0
2021-07-16,10.18,10.18,10.18,10.18,0
2021-07-19,10.18,10.18,10.18,10.18,0
2021-07-20,10.18,10.18,10.18,10.18,6
2021-07-21,10.18,10.18,10.18,10.18,0
2021-07-22,10.18,10.18,10.18,10.18,0
2021-07-23,10.18,10.18,10.18,10.18,0
2021-07-26,10.18,10.18,10.18,10.18,0
2021-07-27,10.18,10.18,10.18,10.18,0
2021-07-28,10.18,10.18,10.18,10.18,0
2021-07-29,10.18,10.18,10.18,10.18,0
2021-07-30,10.18,10.18,10.18,10.18,0
2021-08-02,10.18,10.18,10.18,10.18,0
2021-08-03,10.18,10.18,10.18,10.18,0
2021-08-04,10.18,10.18,10.18,10.18,300
2021-08-05,10.18,10.18,10.18,10.18,0
2021-08-06,10.18,10.18,10.18,10.18,0
2021-08-09,10.18,10.18,10.18,10.18,0
2021-08-10,10.18,10.18,10.18,10.18,0
2021-08-11,10.18,10.18,10.18,10.18,0
2021-08-12,10.18,10.18,10.18,10.18,0
2021-08-13,10.18,10.18,10.18,10.18,0
2021-08-16,10.18,10.18,10.18,10.18,0
2021-08-17,10.18,10.18,10.18,10.18,0
2021-08-18,10.18,10.18,10.18,10.18,0
2021-08-19,10.18,10.18,10.18,10.18,0
2021-08-20,10.18,10.18,10.18,10.18,0
2021-08-23,10.18,10.18,10.18,10.18,0
2021-08-24,10.18,10.18,10.18,10.18,0
2021-08-25,10.18,10.18,10.18,10.18,0
2021-08-26,10.18,10.18,10.18,10.18,0
2021-08-27,10.18,10.18,10.18,10.18,0
2021-08-30,10.18,10.18,10.18,10.18,0
2021-08-31,10.18,10.18,10.18,10.18,0
2021-09-01,10.18,10.18,10.18,10.18,0
2021-09-06,10.18,10.18,10.18,10.18,0
2021-09-07,10.18,10.18,10.18,10.18,0
2021-09-08,10.18,10.18,10.18,10.18,0
2021-09-09,10.18,10.18,10.18,10.18,0
2021-09-10,10.18,10.18,10.18,10.18,0
2021-09-13,10.18,10.18,10.18,10.18,0
2021-09-14,10.18,10.18,10.18,10.18,0
2021-09-15,10.18,10.18,10.18,10.18,0
2021-09-16,10.18,10.18,10.18,10.18,0
2021-09-17,10.18,10.18,10.18,10.18,0
2021-09-20,10.18,10.18,10.18,10.18,0
2021-09-21,10.18,10.18,10.18,10.18,0
2021-09-22,10.18,10.18,10.18,10.18,0
2021-09-23,10.18,10.18,10.18,10.18,0
2021-09-24,10.18,10.18,10.18,10.18,0
2021-09-27,10.18,10.18,10.18,10.18,0
2021-09-28,10.18,10.18,10.18,10.18,0
2021-09-29,10.18,10.18,10.18,10.18,0
2021-09-30,10.18,10.18,10.18,10.18,0
2021-10-01,10.18,10.18,10.18,10.18,0
2021-10-04,10.18,10.18,10.18,10.18,0
2021-10-05,10.18,10.18,10.18,10.18,0
2021-10-06,10.18,10.18,10.18,10.18,0
2021-10-07,10.18,10.18,10.18,10.18,0
2021-10-08,10.18,10.18,10.18,10.18,0
2021-10-11,10.18,10.18,10.18,10.18,0
2021-10-12,10.18,10.18,10.18,10.18,0
2021-10-13,10.18,10.18,10.18,10.18,0
2021-10-14,10.18,10.18,10.18,10.18,0
2021-10-15,10.18,10.18,10.18,10.18,0
2021-10-18,10.18,10.18,10.18,10.18,0
2021-10-19,10.18,10.18,10.18,10.18,0
2021-10-20,10.18,10.18,10.18,10.18,0
2021-10-21,10.18,10.18,10.18,10.18,0
2021-10-22,10.18,10.18,10.18,10.18,0
2021-10-25,10.18,10.18,10.18,10.18,0
2021-10-26,10.18,10.18,10.18,10.18,0
2021-10-27,10.18,10.18,10.18,10.18,0
2021-10-28,10.18,10.18,10.18,10.18,0
2021-10-29,10.18,10.18,10.18,10.18,0
2021-11-01,10.18,10.18,10.18,10.18,0
2021-11-02,10.18,10.18,10.18,10.18,0
2021-11-03,10.18,10.18,10.18,10.18,0
2021-11-04,10.18,10.18,10.18,10.18,0
2021-11-05,10.18,10.18,10.18,10.18,0
2021-11-08,10.18,10.18,10.18,10.18,0
2021-11-09,10.18,10.18,10.18,10.18,0
2021-11-10,10.18,10.18,10.18,10.18,0
2021-11-11,10.18,10.18,10.18,10.18,0
2021-11-12,10.18,10.18,10.18,10.18,0
2021-11-15,10.18,10.18,10.18,10.18,0
2021-11-16,10.18,10.18,10.18,10.18,0
2021-11-17,10.18,10.18,10.18,10.18,0
2021-11-18,10.18,10.18,10.18,10.18,0
2021-11-19,10.18,10.18,10.18,10.18,0
2021-11-22,10.18,10.18,10.18,10.18,0
2021-11-23,10.18,10.18,10.18,10.18,0
2021-11-24,10.18,10.18,10.18,10.18,0
2021-11-25,10.18,10.18,10.18,10.18,0
2021-11-26,10.18,10.18,10.18,10.18,0
2021-11-29,10.18,10.18,10.18,10.18,0
2021-11-30,10.18,10.18,10.18,10.18,0
2021-12-01,10.18,10.18,10.18,10.18,0
2021-12-02,10.18,10.18,10.18,10.18,0
2021-12-03,10.18,10.18,10.18,10.18,0
2021-12-06,10.18,10.18,10.18,10.18,0
2021-12-07,10.18,10.18,10.18,10.18,0
2021-12-08,10.18,10.18,10.18,10.18,0
2021-12-09,10.18,10.18,10.18,10.18,0
2021-12-10,10.18,10.18,10.18,10.18,0
2021-12-13,10.18,10.18,10.18,10.18,0
2021-12-14,10.18,10.18,10.18,10.18,0
2021-12-15,10.18,10.18,10.18,10.18,0
2021-12-16,10.18,10.18,10.18,10.18,0
2021-12-17,10.18,10.18,10.18,10.18,0
2021-12-20,10.18,10.18,10.18,10.18,0
2021-12-21,10.18,10.18,10.18,10.18,0
2021-12-22,10.18,10.18,10.18,10.18,0
2021-12-23,10.18,10.18,10.18,10.18,0
2021-12-24,10.18,10.18,10.18,10.18,0
2021-12-27,10.18,10.18,10.18,10.18,0
2021-12-28,10.18,10.18,10.18,10.18,0
2021-12-29,10.18,10.18,10.18,10.18,0
2021-12-30,10.18,10.18,10.18,10.18,0
2021-12-31,10.18,10.18,10.18,10.18,0
2022-01-04,10.18,10.18,10.18,10.18,0
2022-01-05,11.17,11.17,11.17,11.17,100
2022-01-06,11.17,11.17,11.17,11.17,0
2022-01-07,11.17,11.17,11.17,11.17,0
2022-01-10,11.71,11.71,11.71,11.71,100
2022-01-11,11.71,11.71,11.71,11.71,0
2022-01-12,11.71,11.71,11.71,11.71,0
2022-01-13,11.71,11.71,11.71,11.71,0
2022-01-14,11.71,11.71,11.71,11.71,0
2022-01-17,11.71,11.71,11.71,11.71,0
2022-01-18,11.71,11.71,11.71,11.71,0
2022-01-19,11.71,11.71,11.71,11.71,0
2022-01-20,11.71,11.71,11.71,11.71,0
2022-01-21,11.71,11.71,11.71,11.71,0
2022-01-24,11.71,11.71,11.71,11.71,0
2022-01-25,11.71,11.71,11.71,11.71,0
2022-01-26,11.71,11.71,11.71,11.71,0
2022-01-27,11.71,11.71,11.71,11.71,0
2022-01-28,11.71,11.71,11.71,11.71,0
2022-02-07,11.71,11.71,11.71,11.71,0
2022-02-08,11.71,11.71,11.71,11.71,0
2022-02-09,12.88,12.88,11.71,11.71,2200
2022-02-10,11.71,11.71,11.71,11.71,0
2022-02-11,11.71,11.71,11.71,11.71,0
2022-02-14,12.88,12.88,10.54,10.54,2800
2022-02-15,10.54,10.54,10.54,10.54,0
2022-02-16,10.54,10.54,10.54,10.54,0
2022-02-17,9.55,9.55,9.55,9.55,7700
2022-02-18,9.55,9.55,9.55,9.55,0
2022-02-21,9.55,9.55,9.55,9.55,0
2022-02-22,9.55,9.55,9.55,9.55,0
2022-02-23,9.55,9.55,9.55,9.55,0
2022-02-24,9.55,9.55,9.55,9.55,0
2022-02-25,9.55,9.55,9.55,9.55,0
2022-02-28,9.55,9.55,9.55,9.55,0
2022-03-01,9.55,9.55,9.55,9.55,0
2022-03-02,9.55,9.55,9.55,9.55,0
2022-03-03,9.55,9.55,9.55,9.55,0
2022-03-04,9.55,9.55,9.55,9.55,0
2022-03-07,9.55,9.55,9.55,9.55,0
2022-03-08,9.55,9.55,9.55,9.55,0
2022-03-09,9.55,9.55,9.55,9.55,0
2022-03-10,9.55,9.55,9.55,9.55,0
2022-03-11,9.55,9.55,9.55,9.55,0
2022-03-14,9.55,9.55,9.55,9.55,0
2022-03-15,9.55,9.55,9.55,9.55,0
2022-03-16,9.55,9.55,9.55,9.55,0
2022-03-17,9.55,9.55,9.55,9.55,0
2022-03-18,9.55,9.55,9.55,9.55,0
2022-03-21,9.55,9.55,9.55,9.55,0
2022-03-22,9.55,9.55,9.55,9.55,0
2022-03-23,9.55,9.55,9.55,9.55,0
2022-03-24,9.55,9.55,9.55,9.55,0
2022-03-25,9.46,9.46,9.46,9.46,100
2022-03-28,9.46,9.46,9.46,9.46,75
2022-03-29,9.46,9.46,9.46,9.46,0
2022-03-30,9.46,9.46,9.46,9.46,0
2022-03-31,9.46,9.46,9.46,9.46,0
2022-04-01,9.46,9.46,9.46,9.46,0
2022-04-04,9.46,9.46,9.46,9.46,0
2022-04-05,9.5,9.5,9.5,9.5,0
2022-04-06,9.5,9.5,9.5,9.5,0
2022-04-07,9.5,9.5,9.5,9.5,0
2022-04-08,9.5,9.5,9.5,9.5,0
2022-04-12,9.5,9.5,9.5,9.5,0
2022-04-13,9.5,9.5,9.5,9.5,0
2022-04-14,9.5,9.5,9.5,9.5,0
2022-04-15,9.5,9.5,9.5,9.5,0
2022-04-18,9.5,9.5,9.5,9.5,0
2022-04-19,9.5,9.5,9.5,9.5,0
2022-04-20,9.5,9.5,9.5,9.5,0
2022-04-21,9.5,9.5,9.5,9.5,0
2022-04-22,9.5,9.5,9.5,9.5,0
2022-04-25,9.5,9.5,9.5,9.5,0
2022-04-26,9.5,9.5,9.5,9.5,0
2022-04-27,9.5,9.5,9.5,9.5,0
2022-04-28,9.5,9.5,9.5,9.5,0
2022-04-29,9.5,9.5,9.5,9.5,0
2022-05-04,9.5,9.5,9.5,9.5,0
2022-05-05,9.5,9.5,9.5,9.5,0
2022-05-06,9.5,9.5,9.5,9.5,0
2022-05-09,9.5,9.5,9.5,9.5,0
2022-05-10,9.5,9.5,9.5,9.5,0
2022-05-11,9.5,9.5,9.5,9.5,0
2022-05-12,9.5,9.5,9.5,9.5,0
2022-05-13,9.5,9.5,9.5,9.5,0
2022-05-16,9.5,9.5,9.5,9.5,0
2022-05-17,9.5,9.5,9.5,9.5,0
2022-05-18,9.5,9.5,9.5,9.5,0
2022-05-19,9.5,9.5,9.5,9.5,0
2022-05-20,9.5,9.5,9.5,9.5,0
2022-05-23,9.5,9.5,9.5,9.5,0
2022-05-24,9.5,9.5,9.5,9.5,0
2022-05-25,9.5,9.5,9.5,9.5,0
2022-05-26,9.5,9.5,9.5,9.5,0
2022-05-27,9.5,9.5,9.5,9.5,0
2022-05-30,9.5,9.5,9.5,9.5,0
2022-05-31,9.5,9.5,9.5,9.5,0
2022-06-01,9.5,9.5,9.5,9.5,0
2022-06-02,9.5,9.5,9.5,9.5,0
2022-06-03,9.5,9.5,9.5,9.5,0
2022-06-06,9.5,9.5,9.5,9.5,0
2022-06-07,9.5,9.5,9.5,9.5,0
2022-06-08,9.5,9.5,9.5,9.5,0
2022-06-09,9.5,9.5,9.5,9.5,0
2022-06-10,9.5,9.5,9.5,9.5,0
2022-06-13,9.5,9.5,9.5,9.5,0
2022-06-14,9.5,9.5,9.5,9.5,0
2022-06-15,9.5,9.5,9.5,9.5,0
2022-06-16,9.5,9.5,9.5,9.5,0
2022-06-17,9.5,9.5,9.5,9.5,0
2022-06-20,9.5,9.5,9.5,9.5,0
2022-06-21,9.5,9.5,9.5,9.5,0
2022-06-22,9.5,9.5,9.5,9.5,0
2022-06-23,9.5,9.5,9.5,9.5,0
2022-06-24,9.5,9.5,9.5,9.5,0
2022-06-27,9.78,9.78,9.78,9.78,1
2022-06-28,9.78,9.78,9.78,9.78,0
2022-06-29,9.78,9.78,9.78,9.78,0
2022-06-30,9.78,9.78,9.78,9.78,0
2022-07-01,9.78,9.78,9.78,9.78,0
2022-07-04,9.78,9.78,9.78,9.78,0
2022-07-05,9.78,9.78,9.78,9.78,0
2022-07-06,9.78,9.78,9.78,9.78,0
2022-07-07,9.5,9.5,9.5,9.5,0
2022-07-08,9.5,9.5,9.5,9.5,0
2022-07-11,9.5,9.5,9.5,9.5,0
2022-07-12,9.5,9.5,9.5,9.5,0
2022-07-13,9.5,9.5,9.5,9.5,0
2022-07-14,9.5,9.5,9.5,9.5,0
2022-07-15,9.5,9.5,9.5,9.5,0
2022-07-18,9.5,9.5,9.5,9.5,0
2022-07-19,9.5,9.5,9.5,9.5,0
2022-07-20,9.5,9.5,9.5,9.5,0
2022-07-21,9.5,9.5,9.5,9.5,0
2022-07-22,9.5,9.5,9.5,9.5,0
2022-07-25,9.5,9.5,9.5,9.5,0
2022-07-26,9.5,9.5,9.5,9.5,0
2022-07-27,9.5,9.5,9.5,9.5,0
2022-07-28,9.5,9.5,9.5,9.5,0
2022-07-29,9.5,9.5,9.5,9.5,0
2022-08-01,9.5,9.5,9.5,9.5,0
2022-08-02,9.5,9.5,9.5,9.5,0
2022-08-03,9.5,9.5,9.5,9.5,0
2022-08-04,9.5,9.5,9.5,9.5,0
2022-08-05,9.5,9.5,9.5,9.5,0
2022-08-08,9.5,9.5,9.5,9.5,0
2022-08-09,9.5,9.5,9.5,9.5,0
2022-08-10,9.5,9.5,9.5,9.5,0
2022-08-11,9.5,9.5,9.5,9.5,0
2022-08-12,9.5,9.5,9.5,9.5,0
2022-08-15,9.5,9.5,9.5,9.5,0
2022-08-16,9.5,9.5,9.5,9.5,0
2022-08-17,9.5,9.5,9.5,9.5,0
2022-08-18,9.5,9.5,9.5,9.5,0
2022-08-19,9.5,9.5,9.5,9.5,0
2022-08-22,9.5,9.5,9.5,9.5,0
2022-08-23,9.5,9.5,9.5,9.5,0
2022-08-24,9.5,9.5,9.5,9.5,0
2022-08-25,9.5,9.5,9.5,9.5,0
2022-08-26,9.5,9.5,9.5,9.5,0
2022-08-29,9.5,9.5,9.5,9.5,0
2022-08-30,9.5,9.5,9.5,9.5,0
2022-08-31,9.5,9.5,9.5,9.5,0
2022-09-05,9.5,9.5,9.5,9.5,0
2022-09-06,9.5,9.5,9.5,9.5,0
2022-09-07,9.5,9.5,9.5,9.5,0
2022-09-08,9.5,9.5,9.5,9.5,0
2022-09-09,9.5,9.5,9.5,9.5,0
2022-09-12,9.5,9.5,9.5,9.5,0
2022-09-13,9.5,9.5,9.5,9.5,0
2022-09-14,9.78,9.78,9.78,9.78,45
2022-09-15,9.78,9.78,9.78,9.78,19
2022-09-16,9.78,9.78,9.78,9.78,81
2022-09-19,9.78,9.78,9.78,9.78,0
2022-09-20,9.5,9.5,9.5,9.5,0
2022-09-21,9.5,9.5,9.5,9.5,0
2022-09-22,9.5,9.5,9.5,9.5,0
2022-09-23,9.5,9.5,9.5,9.5,0
2022-09-26,9.5,9.5,9.5,9.5,100
2022-09-27,9.5,9.5,9.5,9.5,10
2022-09-28,9.5,9.5,9.5,9.5,0
2022-09-29,9.5,9.5,9.5,9.5,0
2022-09-30,9.5,9.5,9.5,9.5,0
2022-10-03,9.5,9.5,9.5,9.5,0
2022-10-04,9.5,9.5,9.5,9.5,0
2022-10-05,9.5,9.5,9.5,9.5,0
2022-10-06,9.5,9.5,9.5,9.5,0
2022-10-07,9.5,9.5,9.5,9.5,0
2022-10-10,9.5,9.5,9.5,9.5,0
2022-10-11,9.5,9.5,9.5,9.5,0
2022-10-12,9.5,9.5,9.5,9.5,0
2022-10-13,9.5,9.5,9.5,9.5,0
2022-10-14,9.5,9.5,9.5,9.5,0
2022-10-17,9.5,9.5,9.5,9.5,0
2022-10-18,9.5,9.5,9.5,9.5,0
2022-10-19,9.5,9.5,9.5,9.5,0
2022-10-20,9.5,9.5,9.5,9.5,0
2022-10-21,9.5,9.5,9.5,9.5,0
2022-10-24,9.5,9.5,9.5,9.5,1
2022-10-25,9.5,9.5,9.5,9.5,0
2022-10-26,9.5,9.5,9.5,9.5,0
2022-10-27,9.5,9.5,9.5,9.5,0
2022-10-28,9.5,9.5,9.5,9.5,0
2022-10-31,9.5,9.5,9.5,9.5,0
2022-11-01,9.5,9.5,9.5,9.5,0
2022-11-02,9.5,9.5,9.5,9.5,0
2022-11-03,9.5,9.5,9.5,9.5,0
2022-11-04,9.5,9.5,9.5,9.5,0
2022-11-07,9.5,9.5,9.5,9.5,0
2022-11-08,9.5,9.5,9.5,9.5,0
2022-11-09,9.5,9.5,9.5,9.5,0
2022-11-10,9.5,9.5,9.5,9.5,0
2022-11-11,9.5,9.5,9.5,9.5,10
2022-11-14,9.5,9.5,9.5,9.5,0
2022-11-15,9.5,9.5,9.5,9.5,0
2022-11-16,9.5,9.5,9.5,9.5,0
2022-11-17,9.5,9.5,9.5,9.5,0
2022-11-18,9.5,9.5,9.5,9.5,0
2022-11-21,9.5,9.5,9.5,9.5,0
2022-11-22,9.5,9.5,9.5,9.5,0
2022-11-23,9.5,9.5,9.5,9.5,0
2022-11-24,9.5,9.5,9.5,9.5,0
2022-11-25,9.5,9.5,9.5,9.5,1
2022-11-28,9.5,9.5,9.5,9.5,100
2022-11-29,9.5,9.5,9.5,9.5,0
2022-11-30,9.5,9.5,9.5,9.5,0
2022-12-01,9.5,9.5,9.5,9.5,0
2022-12-02,9.5,9.5,9.5,9.5,0
2022-12-05,9.5,9.5,9.5,9.5,0
2022-12-06,9.5,9.5,9.5,9.5,0
2022-12-07,9.5,9.5,9.5,9.5,0
2022-12-08,9.5,9.5,9.5,9.5,0
2022-12-09,9.5,9.5,9.5,9.5,0
2022-12-12,9.5,9.5,9.5,9.5,0
2022-12-13,9.5,9.5,9.5,9.5,0
2022-12-14,9.5,9.5,9.5,9.5,0
2022-12-15,9.5,9.5,9.5,9.5,0
2022-12-16,9.5,9.5,9.5,9.5,0
2022-12-19,9.5,9.5,9.5,9.5,0
2022-12-20,9.5,9.5,9.5,9.5,0
2022-12-21,9.5,9.5,9.5,9.5,0
2022-12-22,9.5,9.5,9.5,9.5,0
2022-12-23,9.5,9.5,9.5,9.5,0
2022-12-26,9.5,9.5,9.5,9.5,0
2022-12-27,9.5,9.5,9.5,9.5,0
2022-12-28,9.5,9.5,9.5,9.5,0
2022-12-29,9.5,9.5,9.5,9.5,0
2022-12-30,9.5,9.5,9.5,9.5,0
2023-01-03,9.5,9.5,9.5,9.5,0
2023-01-04,9.5,9.5,9.5,9.5,0
2023-01-05,9.5,9.5,9.5,9.5,0
2023-01-06,9.5,9.5,9.5,9.5,0
2023-01-09,9.5,9.5,9.5,9.5,0
2023-01-10,9.5,9.5,9.5,9.5,4001
2023-01-11,9.5,9.5,9.5,9.5,0
2023-01-12,9.5,9.5,9.5,9.5,0
2023-01-13,9.5,9.5,9.5,9.5,0
2023-01-16,9.5,9.5,9.5,9.5,0
2023-01-17,9.5,9.5,9.5,9.5,0
2023-01-18,9.5,9.5,9.5,9.5,0
2023-01-19,9.5,9.5,9.5,9.5,0
2023-01-27,9.5,9.5,9.5,9.5,0
2023-01-30,9.5,9.5,9.5,9.5,0
2023-01-31,9.5,9.5,9.5,9.5,0
2023-02-01,9.5,9.5,9.5,9.5,0
2023-02-02,9.5,9.5,9.5,9.5,0
2023-02-03,9.5,9.5,9.5,9.5,0
2023-02-06,9.5,9.5,9.5,9.5,0
2023-02-07,9.5,9.5,9.5,9.5,0
2023-02-08,9.5,9.5,9.5,9.5,0
2023-02-09,9.5,9.5,9.5,9.5,0
2023-02-10,9.5,9.5,9.5,9.5,0
2023-02-13,9.5,9.5,9.5,9.5,0
2023-02-14,9.5,9.5,9.5,9.5,0
2023-02-15,9.5,9.5,9.5,9.5,0
2023-02-16,9.5,9.5,9.5,9.5,0
2023-02-17,9.5,9.5,9.5,9.5,0
2023-02-20,9.5,9.5,9.5,9.5,0
2023-02-21,9.5,9.5,9.5,9.5,0
2023-02-22,9.5,9.5,9.5,9.5,0
2023-02-23,9.5,9.5,9.5,9.5,0
2023-02-24,9.5,9.5,9.5,9.5,0
2023-02-27,9.5,9.5,9.5,9.5,0
2023-02-28,9.5,9.5,9.5,9.5,0
2023-03-01,9.5,9.5,9.5,9.5,0
2023-03-02,9.5,9.5,9.5,9.5,59
2023-03-03,9.5,9.5,9.5,9.5,0
2023-03-06,9.5,9.5,9.5,9.5,0
2023-03-07,9.5,9.5,9.5,9.5,0
2023-03-08,9.5,9.5,9.5,9.5,0
2023-03-09,9.5,9.5,9.5,9.5,0
2023-03-10,9.5,9.5,9.5,9.5,0
2023-03-13,9.5,9.5,9.5,9.5,0
2023-03-14,9.5,9.5,9.5,9.5,0
2023-03-15,9.5,9.5,9.5,9.5,0
2023-03-16,9.5,9.5,9.5,9.5,0
2023-03-17,9.5,9.5,9.5,9.5,0
2023-03-20,9.5,9.5,9.5,9.5,0
2023-03-21,9.5,9.5,9.5,9.5,0
2023-03-22,9.5,9.5,9.5,9.5,0
2023-03-23,9.5,9.5,9.5,9.5,0
2023-03-24,9.5,9.5,9.5,9.5,0
2023-03-27,9.5,9.5,9.5,9.5,0
2023-03-28,9.5,9.5,9.5,9.5,0
2023-03-29,9.5,9.5,9.5,9.5,0
2023-03-30,9.5,9.5,9.5,9.5,0
2023-03-31,9.5,9.5,9.5,9.5,0
2023-04-03,9.5,9.5,9.5,9.5,0
2023-04-04,9.5,9.5,9.5,9.5,0
2023-04-05,9.5,9.5,9.5,9.5,0
2023-04-06,9.5,9.5,9.5,9.5,0
2023-04-07,9.5,9.5,9.5,9.5,0
2023-04-10,9.5,9.5,9.5,9.5,0
2023-04-11,9.5,9.5,9.5,9.5,0
2023-04-12,9.5,9.5,9.5,9.5,0
2023-04-13,9.5,9.5,9.5,9.5,0
2023-04-14,9.5,9.5,9.5,9.5,0
2023-04-17,9.5,9.5,9.5,9.5,0
2023-04-18,9.5,9.5,9.5,9.5,0
2023-04-19,9.5,9.5,9.5,9.5,0
2023-04-20,8.74,8.74,8.74,8.74,100
2023-04-21,8.74,8.74,8.74,8.74,0
2023-04-24,8.74,8.74,8.74,8.74,0
2023-04-25,8.74,8.74,8.74,8.74,0
2023-04-26,8.74,8.74,8.74,8.74,0
2023-04-27,8.74,8.74,8.74,8.74,0
2023-04-28,8.74,8.74,8.74,8.74,0
2023-05-04,8.74,8.74,8.74,8.74,0
2023-05-05,8.74,8.74,8.74,8.74,0
2023-05-08,8.74,8.74,8.74,8.74,0
2023-05-09,8.74,8.74,8.74,8.74,0
2023-05-10,8.74,8.74,8.74,8.74,0
2023-05-11,8.74,8.74,8.74,8.74,0
2023-05-12,8.74,8.74,8.74,8.74,0
2023-05-15,8.74,8.74,8.74,8.74,0
2023-05-16,8.74,8.74,8.74,8.74,0
2023-05-17,8.74,8.74,8.74,8.74,0
2023-05-18,8.74,8.74,8.74,8.74,0
2023-05-19,8.74,8.74,8.74,8.74,0
2023-05-22,8.74,8.74,8.74,8.74,0
2023-05-23,8.74,8.74,8.74,8.74,0
2023-05-24,8.74,8.74,8.74,8.74,0
2023-05-25,8.74,8.74,8.74,8.74,0
2023-05-26,8.74,8.74,8.74,8.74,0
2023-05-29,8.74,8.74,8.74,8.74,0
2023-05-30,8.74,8.74,8.74,8.74,0
2023-05-31,8.74,8.74,8.74,8.74,0
2023-06-01,8.74,8.74,8.74,8.74,0
2023-06-02,8.74,8.74,8.74,8.74,0
2023-06-05,8.74,8.74,8.74,8.74,0
2023-06-06,8.74,8.74,8.74,8.74,0
2023-06-07,8.74,8.74,8.74,8.74,0
2023-06-08,8.74,8.74,8.74,8.74,0
2023-06-09,8.74,8.74,8.74,8.74,0
2023-06-12,8.74,8.74,8.74,8.74,0
2023-06-13,8.74,8.74,8.74,8.74,0
2023-06-14,8.74,8.74,8.74,8.74,0
2023-06-15,8.74,8.74,8.74,8.74,0
2023-06-16,8.74,8.74,8.74,8.74,0
2023-06-19,8.74,8.74,8.74,8.74,0
2023-06-20,8.74,8.74,8.74,8.74,0
2023-06-21,8.74,8.74,8.74,8.74,0
2023-06-22,8.74,8.74,8.74,8.74,0
2023-06-23,8.74,8.74,8.74,8.74,0
2023-06-26,8.74,8.74,8.74,8.74,0
2023-06-27,8.74,8.74,8.74,8.74,0
2023-06-28,8.74,8.74,8.74,8.74,0
2023-06-29,8.74,8.74,8.74,8.74,0
2023-06-30,8.74,8.74,8.74,8.74,0
2023-07-03,8.74,8.74,8.74,8.74,0
2023-07-04,8.74,8.74,8.74,8.74,0
2023-07-05,8.74,8.74,8.74,8.74,0
2023-07-06,8.74,8.74,8.74,8.74,0
2023-07-07,8.74,8.74,8.74,8.74,0
2023-07-10,8.74,8.74,8.74,8.74,0
2023-07-11,8.74,8.74,8.74,8.74,0
2023-07-12,8.74,8.74,8.74,8.74,0
2023-07-13,8.74,8.74,8.74,8.74,0
2023-07-14,8.74,8.74,8.74,8.74,0
2023-07-17,8.74,8.74,8.74,8.74,0
2023-07-18,8.74,8.74,8.74,8.74,0
2023-07-19,8.74,8.74,8.74,8.74,0
2023-07-20,8.74,8.74,8.74,8.74,0
2023-07-21,8.74,8.74,8.74,8.74,0
2023-07-24,8.74,8.74,8.74,8.74,0
2023-07-25,8.74,8.74,8.74,8.74,0
2023-07-26,8.74,8.74,8.74,8.74,0
2023-07-27,8.74,8.74,8.74,8.74,0
2023-07-28,8.74,8.74,8.74,8.74,0
2023-07-31,9.6,9.6,9.6,9.6,100
2023-08-01,9.6,9.6,9.6,9.6,0
2023-08-02,9.6,9.6,9.6,9.6,0
2023-08-03,9.6,9.6,9.6,9.6,1000
2023-08-04,9.6,9.6,9.6,9.6,2000
2023-08-07,10.08,10.08,10.08,10.08,1004
2023-08-08,10.56,10.56,10.56,10.56,100
2023-08-09,10.56,10.56,10.56,10.56,0
2023-08-10,11.62,11.62,11.62,11.62,100
2023-08-11,11.62,11.62,11.62,11.62,0
2023-08-14,11.62,11.62,11.62,11.62,0
2023-08-15,11.62,11.62,11.62,11.62,0
2023-08-16,11.62,11.62,11.62,11.62,0
2023-08-17,11.62,11.62,11.62,11.62,0
2023-08-18,11.62,11.62,11.62,11.62,0
2023-08-21,11.62,11.62,11.62,11.62,0
2023-08-22,11.62,11.62,11.62,11.62,0
2023-08-23,11.62,11.62,11.62,11.62,0
2023-08-24,11.62,11.62,11.62,11.62,0
2023-08-25,11.62,11.62,11.62,11.62,0
2023-08-28,11.62,11.62,11.62,11.62,0
2023-08-29,11.62,11.62,11.62,11.62,0
2023-08-30,11.62,11.62,11.62,11.62,0
2023-08-31,11.62,11.62,11.62,11.62,0
2023-09-05,11.62,11.62,11.62,11.62,0
2023-09-06,11.62,11.62,11.62,11.62,0
2023-09-07,11.62,11.62,11.62,11.62,0
2023-09-08,11.62,11.62,11.62,11.62,0
2023-09-11,11.62,11.62,11.62,11.62,0
2023-09-12,11.62,11.62,11.62,11.62,0
2023-09-13,11.62,11.62,11.62,11.62,0
2023-09-14,11.62,11.62,11.62,11.62,0
2023-09-15,11.62,11.62,11.62,11.62,0
2023-09-18,11.62,11.62,11.62,11.62,0
2023-09-19,11.62,11.62,11.62,11.62,0
2023-09-20,11.62,11.62,11.62,11.62,0
2023-09-21,11.62,11.62,11.62,11.62,0
2023-09-22,11.62,11.62,11.62,11.62,0
2023-09-25,11.62,11.62,11.62,11.62,0
2023-09-26,11.62,11.62,11.62,11.62,0
2023-09-27,11.62,11.62,11.62,11.62,0
2023-09-28,11.62,11.62,11.62,11.62,0
2023-09-29,11.62,11.62,11.62,11.62,0
2023-10-02,11.62,11.62,11.62,11.62,0
2023-10-03,11.62,11.62,11.62,11.62,0
2023-10-04,11.62,11.62,11.62,11.62,0
2023-10-05,11.62,11.62,11.62,11.62,0
2023-10-06,11.62,11.62,11.62,11.62,0
2023-10-09,11.62,11.62,11.62,11.62,0
2023-10-10,11.62,11.62,11.62,11.62,0
2023-10-11,11.62,11.62,11.62,11.62,0
2023-10-12,11.62,11.62,11.62,11.62,0
2023-10-13,11.62,11.62,11.62,11.62,0
2023-10-16,11.62,11.62,11.62,11.62,0
2023-10-17,11.62,11.62,11.62,11.62,0
2023-10-18,11.62,11.62,11.62,11.62,0
2023-10-19,11.62,11.62,11.62,11.62,0
2023-10-20,11.62,11.62,11.62,11.62,0
2023-10-23,11.62,11.62,11.62,11.62,0
2023-10-24,11.62,11.62,11.62,11.62,0
2023-10-25,11.62,11.62,11.62,11.62,0
2023-10-26,11.62,11.62,11.62,11.62,0
2023-10-27,11.62,11.62,11.62,11.62,0
2023-10-30,11.62,11.62,11.62,11.62,0
2023-10-31,11.62,11.62,11.62,11.62,0
2023-11-01,11.62,11.62,11.62,11.62,0
2023-11-02,10.56,10.56,10.56,10.56,100
2023-11-03,10.56,10.56,10.56,10.56,0
2023-11-06,10.56,10.56,10.56,10.56,0
2023-11-07,10.56,10.56,10.56,10.56,0
2023-11-08,10.56,10.56,10.56,10.56,0
2023-11-09,10.56,10.56,10.56,10.56,0
2023-11-10,10.56,10.56,10.56,10.56,0
2023-11-13,10.56,10.56,10.56,10.56,0
2023-11-14,10.56,10.56,10.56,10.56,0
2023-11-15,10.56,10.56,10.56,10.56,0
2023-11-16,10.56,10.56,10.56,10.56,0
2023-11-17,10.56,10.56,10.56,10.56,0
2023-11-20,10.56,10.56,10.56,10.56,0
2023-11-21,10.56,10.56,10.56,10.56,0
2023-11-22,10.56,10.56,10.56,10.56,0
2023-11-23,10.56,10.56,10.56,10.56,0
2023-11-24,10.56,10.56,10.56,10.56,0
2023-11-27,10.56,10.56,10.56,10.56,0
2023-11-28,10.56,10.56,10.56,10.56,0
2023-11-29,10.56,10.56,10.56,10.56,0
2023-11-30,10.56,10.56,10.56,10.56,0
2023-12-01,10.56,10.56,10.56,10.56,0
2023-12-04,10.56,10.56,10.56,10.56,0
2023-12-05,10.56,10.56,10.56,10.56,0
2023-12-06,10.56,10.56,10.56,10.56,0
2023-12-07,10.56,10.56,10.56,10.56,0
2023-12-08,10.56,10.56,10.56,10.56,0
2023-12-11,10.56,10.56,10.56,10.56,0
2023-12-12,10.56,10.56,10.56,10.56,0
2023-12-13,10.56,10.56,10.56,10.56,0
2023-12-14,10.56,10.56,10.56,10.56,0
2023-12-15,10.56,10.56,10.56,10.56,0
2023-12-18,11.52,11.52,11.52,11.52,100
2023-12-19,11.52,11.52,11.52,11.52,0
2023-12-20,11.52,11.52,11.52,11.52,0
2023-12-21,11.52,11.52,11.52,11.52,0
2023-12-22,11.52,11.52,11.52,11.52,0
2023-12-25,11.52,11.52,11.52,11.52,0
2023-12-26,11.52,11.52,11.52,11.52,0
2023-12-27,11.52,11.52,11.52,11.52,0
2023-12-28,11.52,11.52,11.52,11.52,0
2023-12-29,11.52,11.52,11.52,11.52,0
2024-01-02,11.52,11.52,11.52,11.52,0
2024-01-03,11.52,11.52,11.52,11.52,0
2024-01-04,11.52,11.52,11.52,11.52,0
2024-01-05,11.52,11.52,11.52,11.52,0
2024-01-08,11.52,11.52,11.52,11.52,0
2024-01-09,11.52,11.52,11.52,11.52,0
2024-01-10,11.52,11.52,11.52,11.52,0
2024-01-11,11.52,11.52,11.52,11.52,0
2024-01-12,11.52,11.52,11.52,11.52,0
2024-01-15,11.52,11.52,11.52,11.52,0
2024-01-16,11.52,11.52,11.52,11.52,0
2024-01-17,11.52,11.52,11.52,11.52,0
2024-01-18,11.52,11.52,11.52,11.52,0
2024-01-19,11.52,11.52,11.52,11.52,0
2024-01-22,11.52,11.52,11.52,11.52,0
2024-01-23,11.52,11.52,11.52,11.52,0
2024-01-24,11.52,11.52,11.52,11.52,0
2024-01-25,11.52,11.52,11.52,11.52,0
2024-01-26,11.52,11.52,11.52,11.52,0
2024-01-29,11.52,11.52,11.52,11.52,0
2024-01-30,11.52,11.52,11.52,11.52,0
2024-01-31,11.52,11.52,11.52,11.52,0
2024-02-01,11.52,11.52,11.52,11.52,0
2024-02-02,11.52,11.52,11.52,11.52,0
2024-02-05,11.52,11.52,11.52,11.52,0
2024-02-06,11.52,11.52,11.52,11.52,0
2024-02-07,11.52,11.52,11.52,11.52,0
2024-02-15,11.52,11.52,11.52,11.52,0
2024-02-16,11.52,11.52,11.52,11.52,0
2024-02-19,11.52,11.52,11.52,11.52,0
2024-02-20,11.52,11.52,11.52,11.52,0
2024-02-21,11.52,11.52,11.52,11.52,0
2024-02-22,11.52,11.52,11.52,11.52,0
2024-02-23,11.52,11.52,11.52,11.52,0
2024-02-26,11.52,11.52,11.52,11.52,0
2024-02-27,11.52,11.52,11.52,11.52,0
2024-02-28,11.52,11.52,11.52,11.52,0
2024-02-29,11.52,11.52,11.52,11.52,0
2024-03-01,11.52,11.52,11.52,11.52,0
2024-03-04,11.52,11.52,11.52,11.52,0
2024-03-05,11.52,11.52,11.52,11.52,0
2024-03-06,11.52,11.52,11.52,11.52,0
2024-03-07,11.52,11.52,11.52,11.52,0
2024-03-08,11.52,11.52,11.52,11.52,0
2024-03-11,11.52,11.52,11.52,11.52,0
2024-03-12,11.52,11.52,11.52,11.52,0
2024-03-13,11.52,11.52,11.52,11.52,0
2024-03-14,11.52,11.52,11.52,11.52,0
2024-03-15,11.52,11.52,11.52,11.52,0
2024-03-18,11.52,11.52,11.52,11.52,0
2024-03-19,11.52,11.52,11.52,11.52,36
2024-03-20,11.52,11.52,11.52,11.52,15
2024-03-21,11.52,11.52,11.52,11.52,0
2024-03-22,11.52,11.52,11.52,11.52,100
2024-03-25,11.52,11.52,11.52,11.52,0
2024-03-26,11.52,11.52,11.52,11.52,0
2024-03-27,11.52,11.52,11.52,11.52,0
2024-03-28,11.52,11.52,11.52,11.52,0
2024-03-29,11.52,11.52,11.52,11.52,0
2024-04-01,11.52,11.52,11.52,11.52,0
2024-04-02,11.52,11.52,11.52,11.52,0
2024-04-03,11.52,11.52,11.52,11.52,0
2024-04-04,11.52,11.52,11.52,11.52,0
2024-04-05,11.52,11.52,11.52,11.52,0
2024-04-08,11.52,11.52,11.52,11.52,0
2024-04-09,11.52,11.52,11.52,11.52,0
2024-04-10,11.52,11.52,11.52,11.52,0
2024-04-11,11.52,11.52,11.52,11.52,0
2024-04-12,11.52,11.52,11.52,11.52,0
2024-04-15,11.52,11.52,11.52,11.52,0
2024-04-16,11.52,11.52,11.52,11.52,0
2024-04-17,11.52,11.52,11.52,11.52,0
2024-04-19,11.52,11.52,11.52,11.52,0
2024-04-22,11.52,11.52,11.52,11.52,0
2024-04-23,11.52,11.52,11.52,11.52,0
2024-04-24,11.52,11.52,11.52,11.52,0
2024-04-25,11.52,11.52,11.52,11.52,0
2024-04-26,11.52,11.52,11.52,11.52,0
2024-05-02,11.52,11.52,11.52,11.52,0
2024-05-03,11.52,11.52,11.52,11.52,0
2024-05-06,11.52,11.52,11.52,11.52,0
2024-05-07,11.52,11.52,11.52,11.52,0
2024-05-08,11.52,11.52,11.52,11.52,0
2024-05-09,11.52,11.52,11.52,11.52,0
2024-05-10,11.52,11.52,11.52,11.52,0
2024-05-13,11.52,11.52,11.52,11.52,0
2024-05-14,11.52,11.52,11.52,11.52,0
2024-05-15,11.52,11.52,11.52,11.52,0
2024-05-16,11.52,11.52,11.52,11.52,0
2024-05-17,11.52,11.52,11.52,11.52,0
2024-05-20,11.52,11.52,11.52,11.52,0
2024-05-21,11.52,11.52,11.52,11.52,0
2024-05-22,11.52,11.52,11.52,11.52,0
2024-05-23,11.52,11.52,11.52,11.52,0
2024-05-24,11.52,11.52,11.52,11.52,0
2024-05-27,11.52,11.52,11.52,11.52,0
2024-05-28,11.52,11.52,11.52,11.52,0
2024-05-29,11.52,11.52,11.52,11.52,0
2024-05-30,11.52,11.52,11.52,11.52,0
2024-05-31,11.52,11.52,11.52,11.52,0
2024-06-03,11.52,11.52,11.52,11.52,0
2024-06-04,11.52,11.52,11.52,11.52,0
2024-06-05,11.52,11.52,11.52,11.52,0
2024-06-06,11.52,11.52,11.52,11.52,0
2024-06-07,11.52,11.52,11.52,11.52,0
2024-06-10,11.52,11.52,11.52,11.52,0
2024-06-11,11.52,11.52,11.52,11.52,0
2024-06-12,11.52,11.52,11.52,11.52,0
2024-06-13,11.52,11.52,11.52,11.52,0
2024-06-14,11.52,11.52,11.52,11.52,0
2024-06-17,11.52,11.52,11.52,11.52,0
2024-06-18,11.52,11.52,11.52,11.52,0
2024-06-19,11.52,11.52,11.52,11.52,0
2024-06-20,11.52,11.52,11.52,11.52,0
2024-06-21,11.52,11.52,11.52,11.52,0
2024-06-24,11.52,11.52,11.52,11.52,0
2024-06-25,11.52,11.52,11.52,11.52,0
2024-06-26,11.52,11.52,11.52,11.52,0
2024-06-27,11.52,11.52,11.52,11.52,0
2024-06-28,11.52,11.52,11.52,11.52,0
2024-07-01,11.52,11.52,11.52,11.52,0
2024-07-02,11.52,11.52,11.52,11.52,0
2024-07-03,11.52,11.52,11.52,11.52,0
2024-07-04,11.52,11.52,11.52,11.52,0
2024-07-05,11.52,11.52,11.52,11.52,0
2024-07-08,11.52,11.52,11.52,11.52,0
2024-07-09,11.52,11.52,11.52,11.52,0
2024-07-10,11.52,11.52,11.52,11.52,0
2024-07-11,11.52,11.52,11.52,11.52,0
2024-07-12,11.52,11.52,11.52,11.52,0
2024-07-15,11.52,11.52,11.52,11.52,0
2024-07-16,11.52,11.52,11.52,11.52,0
2024-07-17,11.52,11.52,11.52,11.52,0
2024-07-18,11.52,11.52,11.52,11.52,0
2024-07-19,11.52,11.52,11.52,11.52,0
2024-07-22,11.52,11.52,11.52,11.52,0
2024-07-23,11.52,11.52,11.52,11.52,0
2024-07-24,11.52,11.52,11.52,11.52,0
2024-07-25,11.52,11.52,11.52,11.52,0
2024-07-26,11.52,11.52,11.52,11.52,0
2024-07-29,11.52,11.52,11.52,11.52,0
2024-07-30,11.52,11.52,11.52,11.52,0
2024-07-31,11.52,11.52,11.52,11.52,0
2024-08-01,11.52,11.52,11.52,11.52,0
2024-08-02,11.52,11.52,11.52,11.52,0
2024-08-05,11.52,11.52,11.52,11.52,0
2024-08-06,11.52,11.52,11.52,11.52,0
2024-08-07,11.52,11.52,11.52,11.52,0
2024-08-08,11.52,11.52,11.52,11.52,0
2024-08-09,11.52,11.52,11.52,11.52,0
2024-08-12,11.52,11.52,11.52,11.52,0
2024-08-13,11.52,11.52,11.52,11.52,0
2024-08-14,11.52,11.52,11.52,11.52,0
2024-08-15,11.52,11.52,11.52,11.52,0
2024-08-16,11.52,11.52,11.52,11.52,0
2024-08-19,11.52,11.52,11.52,11.52,0
2024-08-20,11.52,11.52,11.52,11.52,0
2024-08-21,11.52,11.52,11.52,11.52,0
2024-08-22,11.52,11.52,11.52,11.52,0
2024-08-23,11.52,11.52,11.52,11.52,0
2024-08-26,11.52,11.52,11.52,11.52,0
2024-08-27,11.52,11.52,11.52,11.52,0
2024-08-28,11.52,11.52,11.52,11.52,0
2024-08-29,11.52,11.52,11.52,11.52,0
2024-08-30,11.52,11.52,11.52,11.52,0
2024-09-04,11.52,11.52,11.52,11.52,0
2024-09-05,11.52,11.52,11.52,11.52,0
2024-09-06,11.52,11.52,11.52,11.52,1
2024-09-09,11.52,11.52,11.52,11.52,0
2024-09-10,11.52,11.52,11.52,11.52,0
2024-09-11,11.52,11.52,11.52,11.52,0
2024-09-12,11.52,11.52,11.52,11.52,0
2024-09-13,11.52,11.52,11.52,11.52,0
2024-09-16,11.52,11.52,11.52,11.52,0
2024-09-17,11.52,11.52,11.52,11.52,0
2024-09-18,11.52,11.52,11.52,11.52,0
2024-09-19,11.52,11.52,11.52,11.52,0
2024-09-20,11.52,11.52,11.52,11.52,0
2024-09-23,11.52,11.52,11.52,11.52,0
2024-09-24,11.52,11.52,11.52,11.52,0
2024-09-25,11.52,11.52,11.52,11.52,0
2024-09-26,11.52,11.52,11.52,11.52,0
2024-09-27,11.52,11.52,11.52,11.52,65
2024-09-30,11.52,11.52,11.52,11.52,0
2024-10-01,11.52,11.52,11.52,11.52,0
2024-10-02,11.52,11.52,11.52,11.52,0
2024-10-03,11.52,11.52,11.52,11.52,0
2024-10-04,11.52,11.52,11.52,11.52,0
2024-10-07,11.52,11.52,11.52,11.52,0
2024-10-08,11.52,11.52,11.52,11.52,0
2024-10-09,11.52,11.52,11.52,11.52,0
2024-10-10,11.52,11.52,11.52,11.52,0
2024-10-11,11.52,11.52,11.52,11.52,0
2024-10-14,11.52,11.52,11.52,11.52,0
2024-10-15,11.52,11.52,11.52,11.52,0
2024-10-16,11.52,11.52,11.52,11.52,0
2024-10-17,11.52,11.52,11.52,11.52,0
2024-10-18,11.52,11.52,11.52,11.52,0
2024-10-21,11.52,11.52,11.52,11.52,0
2024-10-22,11.52,11.52,11.52,11.52,0
2024-10-23,11.52,11.52,11.52,11.52,0
2024-10-24,11.52,11.52,11.52,11.52,0
2024-10-25,11.52,11.52,11.52,11.52,0
2024-10-28,11.52,11.52,11.52,11.52,0
2024-10-29,11.52,11.52,11.52,11.52,0
2024-10-30,11.52,11.52,11.52,11.52,1
2024-10-31,11.52,11.52,11.52,11.52,0
2024-11-01,11.52,11.52,11.52,11.52,0
2024-11-04,11.52,11.52,11.52,11.52,0
2024-11-05,11.52,11.52,11.52,11.52,0
2024-11-06,11.52,11.52,11.52,11.52,0
2024-11-07,11.52,11.52,11.52,11.52,0
2024-11-08,11.52,11.52,11.52,11.52,0
2024-11-11,11.52,11.52,11.52,11.52,0
2024-11-12,11.52,11.52,11.52,11.52,0
2024-11-13,11.52,11.52,11.52,11.52,0
2024-11-14,11.52,11.52,11.52,11.52,0
2024-11-15,11.52,11.52,11.52,11.52,0
2024-11-18,11.52,11.52,11.52,11.52,0
2024-11-19,11.52,11.52,11.52,11.52,0
2024-11-20,11.52,11.52,11.52,11.52,0
2024-11-21,11.52,11.52,11.52,11.52,0
2024-11-22,11.52,11.52,11.52,11.52,0
2024-11-25,11.52,11.52,11.52,11.52,0
2024-11-26,11.52,11.52,11.52,11.52,0
2024-11-27,11.52,11.52,11.52,11.52,0
2024-11-28,11.52,11.52,11.52,11.52,0
2024-11-29,11.52,11.52,11.52,11.52,7
2024-12-02,11.52,11.52,11.52,11.52,0
2024-12-03,11.52,11.52,11.52,11.52,0
2024-12-04,11.52,11.52,11.52,11.52,0
2024-12-05,11.52,11.52,11.52,11.52,0
2024-12-06,11.52,11.52,11.52,11.52,0
2024-12-09,11.5,11.5,11.5,11.5,0
2024-12-10,11.5,11.5,11.5,11.5,0
2024-12-11,11.5,11.5,11.5,11.5,0
2024-12-12,11.5,11.5,11.5,11.5,0
2024-12-13,11.5,11.5,11.5,11.5,0
2024-12-16,11.5,11.5,11.5,11.5,0
2024-12-17,11.5,11.5,11.5,11.5,0
2024-12-18,11.5,11.5,11.5,11.5,0
2024-12-19,11.5,11.5,11.5,11.5,0
2024-12-24,12.5,12.5,12.5,12.5,100
2025-06-19,12.5,12.5,12.5,12.5,200
2025-08-27,12.5,12.5,12.5,12.5,100
2025-09-30,13.7,13.7,13.7,13.7,100
