time,open,high,low,close,volume
2006-12-21,29.31,29.31,28.36,28.36,1200
2006-12-22,30.16,30.16,26.28,26.28,200
2006-12-25,25.53,25.53,25.53,25.53,200
2006-12-26,25.53,25.53,25.53,25.53,0
2006-12-27,25.53,25.53,25.53,25.53,0
2006-12-28,25.53,25.53,25.53,25.53,0
2006-12-29,25.53,25.53,25.53,25.53,0
2007-01-02,25.53,25.53,25.53,25.53,0
2007-01-03,23.64,23.64,23.64,23.64,1000
2007-01-04,23.64,23.64,23.64,23.64,0
2007-01-05,23.64,23.64,23.64,23.64,0
2007-01-08,23.64,23.64,23.64,23.64,0
2007-01-09,24.11,24.11,24.11,24.11,9600
2007-01-10,24.11,24.11,24.11,24.11,0
2007-01-11,24.11,24.11,24.11,24.11,0
2007-01-12,24.11,24.11,24.11,24.11,0
2007-01-15,24.11,24.11,24.11,24.11,0
2007-01-16,24.11,24.11,24.11,24.11,0
2007-01-17,24.11,24.11,24.11,24.11,0
2007-01-18,24.11,24.11,24.11,24.11,0
2007-01-19,24.11,24.11,24.11,24.11,200
2007-01-22,24.11,24.11,24.11,24.11,0
2007-01-23,24.11,24.11,24.11,24.11,0
2007-01-24,24.11,24.11,24.11,24.11,0
2007-01-25,24.11,24.11,24.11,24.11,0
2007-01-26,24.11,24.11,24.11,24.11,0
2007-01-29,24.11,24.11,24.11,24.11,0
2007-01-30,24.11,24.11,24.11,24.11,0
2007-01-31,25.15,25.15,25.15,25.15,100
2007-02-01,25.15,25.15,25.15,25.15,3000
2007-02-02,25.15,25.15,25.15,25.15,0
2007-02-05,25.15,25.15,25.15,25.15,0
2007-02-06,25.15,25.15,25.15,25.15,0
2007-02-07,27.61,27.61,27.61,27.61,200
2007-02-08,29.5,29.5,29.5,29.5,100
2007-02-09,32.43,32.43,32.43,32.43,100
2007-02-12,33.94,33.94,33.94,33.94,400
2007-02-13,35.45,35.45,35.45,35.45,500
2007-02-14,36.4,38.95,36.4,38.95,2900
2007-02-15,42.45,42.45,42.45,42.45,2300
2007-02-26,46.61,46.61,46.61,46.61,500
2007-02-27,51.24,51.24,51.24,51.24,4500
2007-02-28,56.35,56.35,55.78,55.78,2200
2007-03-01,61.64,61.64,61.64,61.64,1000
2007-03-02,67.79,67.79,67.79,61.64,900
2007-03-05,74.5,74.5,74.5,74.5,3500
2007-03-06,81.87,81.87,81.87,81.87,4000
2007-03-07,83.76,83.76,81.3,83.76,2400
2007-03-08,84.14,84.9,84.14,84.9,2700
2007-03-09,85.09,86.22,84.14,84.14,1500
2007-03-12,84.14,84.14,84.14,84.14,0
2007-03-13,76.77,76.77,76.77,76.77,100
2007-03-14,76.77,76.77,76.77,76.77,100
2007-03-15,76.77,76.77,76.77,76.77,0
2007-03-16,69.11,69.11,69.11,69.11,1400
2007-03-19,72.32,72.32,62.4,69.49,6500
2007-03-20,75.63,75.63,65.23,69.96,17500
2007-03-21,69.96,78.0,69.96,78.0,1300
2007-03-22,76.58,77.52,74.69,74.69,1200
2007-03-23,77.52,77.52,75.63,75.63,3000
2007-03-26,75.63,75.63,72.8,75.63,1900
2007-03-27,75.63,75.63,75.63,75.63,0
2007-03-28,66.37,66.37,66.37,66.37,100
2007-03-29,66.18,67.12,66.18,67.12,1300
2007-03-30,72.98,72.98,72.98,67.12,1000
2007-04-02,75.63,75.63,72.8,72.8,2300
2007-04-03,66.18,66.18,66.18,66.18,1000
2007-04-04,68.07,68.07,68.07,68.07,300
2007-04-05,71.85,72.8,71.85,72.7,500
2007-04-06,72.7,72.7,72.7,72.7,0
2007-04-09,71.85,73.74,71.85,72.61,800
2007-04-10,69.96,69.96,69.96,69.96,200
2007-04-11,69.96,69.96,69.96,69.96,0
2007-04-12,69.01,69.01,69.01,69.01,500
2007-04-13,69.01,69.01,69.01,69.01,200
2007-04-16,69.01,69.01,69.01,69.01,0
2007-04-17,64.29,64.29,63.34,63.34,400
2007-04-18,60.51,60.98,57.67,60.98,2800
2007-04-19,60.98,60.98,60.98,60.98,0
2007-04-20,56.72,59.47,56.72,57.29,2100
2007-04-23,59.56,60.69,57.67,60.69,1000
2007-04-24,59.56,59.56,58.61,58.61,1000
2007-04-25,59.56,60.51,59.56,60.51,700
2007-05-02,62.4,62.4,62.4,62.4,100
2007-05-03,62.4,62.4,62.4,62.4,0
2007-05-04,62.4,62.4,62.4,62.4,0
2007-05-07,64.29,64.29,64.29,64.29,100
2007-05-08,66.65,66.65,66.18,66.18,200
2007-05-09,66.18,66.18,66.18,66.18,0
2007-05-10,66.18,66.18,66.18,66.18,0
2007-05-11,66.18,66.18,66.18,66.18,0
2007-05-14,66.18,66.18,66.18,66.18,0
2007-05-15,66.18,66.18,66.18,66.18,0
2007-05-16,66.18,66.18,66.18,66.18,0
2007-05-17,66.18,66.18,66.18,66.18,0
2007-05-18,64.29,64.29,64.29,64.29,100
2007-05-21,64.29,64.29,64.29,64.29,0
2007-05-22,66.18,66.18,66.18,66.18,500
2007-05-23,66.18,66.18,66.18,66.18,0
2007-05-24,66.18,66.18,66.18,66.18,0
2007-05-25,66.18,66.18,66.18,66.18,0
2007-05-28,62.4,62.4,62.4,62.4,600
2007-05-29,56.72,56.72,56.72,56.72,600
2007-05-30,56.72,56.72,56.72,56.72,400
2007-05-31,57.48,57.48,57.48,57.48,600
2007-06-01,63.15,63.15,63.15,63.15,200
2007-06-04,69.39,69.39,69.39,69.39,1300
2007-06-05,76.1,76.29,75.82,76.29,9200
2007-06-06,83.76,83.76,76.58,76.58,4700
2007-06-07,76.1,77.52,75.63,76.58,5300
2007-06-08,70.9,70.9,70.9,70.9,100
2007-06-11,70.9,71.85,70.72,71.85,1300
2007-06-12,71.85,72.32,71.85,72.32,300
2007-06-13,72.32,72.8,72.32,72.8,2000
2007-06-14,68.07,72.61,68.07,72.61,700
2007-06-15,69.49,69.96,69.49,69.96,900
2007-06-18,66.65,66.65,66.18,66.18,400
2007-06-19,66.18,66.18,66.18,66.18,100
2007-06-20,66.18,66.18,66.18,66.18,1500
2007-06-21,66.18,66.18,66.18,66.18,2400
2007-06-22,67.12,67.12,66.18,66.65,2900
2007-06-25,66.18,66.18,66.18,66.18,600
2007-06-26,66.18,66.18,66.18,66.18,700
2007-06-27,42.54,42.54,42.54,66.37,2200
2007-06-28,66.18,66.18,66.18,66.18,700
2007-06-29,42.54,66.18,66.18,66.18,0
2007-07-02,42.54,42.54,42.54,66.18,100
2007-07-03,38.76,42.54,38.76,66.18,200
2007-07-04,42.54,44.43,40.65,69.01,2500
2007-07-05,43.49,66.56,66.56,66.56,0
2007-07-06,42.54,42.54,42.54,66.18,100
2007-07-09,42.54,42.54,42.54,65.23,2500
2007-07-10,42.54,65.42,65.42,65.42,0
2007-07-11,42.54,42.54,42.54,65.23,200
2007-07-12,45.38,45.38,45.38,69.87,100
2007-07-13,45.38,45.38,42.54,66.18,900
2007-07-16,43.49,67.88,67.88,67.88,0
2007-07-17,43.49,67.88,67.88,67.88,0
2007-07-18,43.49,67.88,67.88,67.88,0
2007-07-19,43.49,67.88,67.88,67.88,0
2007-07-20,46.32,46.32,46.32,71.85,100
2007-07-23,47.27,49.16,47.27,75.63,1000
2007-07-24,49.16,75.25,75.25,75.25,0
2007-07-25,45.38,45.38,45.38,69.96,500
2007-07-26,45.38,69.96,69.96,69.96,0
2007-07-27,45.38,69.96,69.96,69.96,0
2007-07-30,45.38,69.96,69.96,69.96,0
2007-07-31,45.38,69.96,69.96,69.96,0
2007-08-01,45.38,69.96,69.96,69.96,0
2007-08-02,45.38,69.96,69.96,69.96,0
2007-08-03,45.38,69.96,69.96,69.96,0
2007-08-06,40.65,40.65,40.65,63.34,100
2007-08-07,41.6,41.6,41.6,64.29,100
2007-08-08,45.38,45.38,45.38,70.62,100
2007-08-09,46.32,46.32,46.32,70.9,2000
2007-08-10,46.32,70.9,70.9,70.9,0
2007-08-13,42.54,42.54,42.54,66.18,100
2007-08-14,42.54,42.54,42.54,66.18,100
2007-08-15,42.54,42.54,42.54,66.08,500
2007-08-16,40.65,40.65,40.65,62.4,300
2007-08-17,39.71,40.65,39.71,61.45,2200
2007-08-20,34.98,34.51,34.51,34.51,0
2007-08-21,31.2,31.2,31.2,31.1,200
2007-08-22,34.03,34.03,34.03,34.13,100
2007-08-23,34.03,34.13,34.13,34.13,0
2007-08-24,37.82,37.82,35.93,37.53,4700
2007-08-27,38.76,38.76,38.76,38.76,1500
2007-08-28,38.76,38.76,38.76,38.76,0
2007-08-29,41.6,41.6,41.6,41.6,100
2007-08-30,39.71,39.71,39.71,39.71,1000
2007-08-31,39.71,39.71,39.71,39.23,1000
2007-09-04,39.71,39.23,39.23,39.23,0
2007-09-05,39.71,39.23,39.23,39.23,0
2007-09-06,39.71,39.23,39.23,39.23,0
2007-09-07,35.93,35.93,35.93,35.83,200
2007-09-10,34.89,34.89,34.89,34.89,800
2007-09-11,34.98,34.98,34.98,34.98,1000
2007-09-12,35.45,35.45,35.45,35.45,2600
2007-09-13,35.83,35.93,35.83,35.93,2200
2007-09-14,35.93,35.93,35.93,35.93,0
2007-09-17,32.33,32.33,32.33,32.33,700
2007-09-18,34.98,34.98,34.98,34.98,1000
2007-09-19,35.93,35.93,35.93,35.93,3000
2007-09-20,36.87,39.23,36.87,39.23,1600
2007-09-21,38.76,39.23,37.82,37.82,4300
2007-09-24,39.71,39.71,39.05,39.05,300
2007-09-25,39.05,39.05,39.05,39.05,0
2007-09-26,38.67,38.67,38.67,38.67,3000
2007-09-27,38.19,38.19,38.19,38.19,2000
2007-09-28,37.82,37.82,37.82,37.82,2100
2007-10-01,37.91,41.6,37.82,41.6,16000
2007-10-02,37.82,43.87,37.82,42.54,6900
2007-10-03,45.38,45.38,42.54,44.43,6100
2007-10-04,45.28,46.32,45.28,45.85,7600
2007-10-05,46.42,47.27,45.76,45.85,5400
2007-10-08,46.32,50.77,46.32,50.11,16000
2007-10-09,51.71,52.0,48.69,50.01,10600
2007-10-10,48.5,50.11,47.27,50.11,1800
2007-10-11,49.16,50.58,47.27,48.69,8100
2007-10-12,52.94,53.89,48.69,50.39,3700
2007-10-15,51.52,55.4,51.52,53.89,6400
2007-10-16,58.14,58.43,56.72,58.43,26700
2007-10-17,64.0,64.0,60.51,60.51,10900
2007-10-18,57.29,57.29,57.29,57.29,4200
2007-10-19,52.0,58.61,52.0,58.61,10000
2007-10-22,62.68,62.68,56.72,61.45,9100
2007-10-23,60.51,60.51,58.61,58.61,6200
2007-10-24,58.61,60.98,58.61,60.98,11000
2007-10-25,60.98,65.33,60.51,62.4,22400
2007-10-26,68.64,68.64,65.23,68.07,13600
2007-10-29,68.07,68.07,63.34,63.34,5700
2007-10-30,59.47,66.18,59.47,66.18,3300
2007-10-31,57.67,60.32,57.57,60.03,2000
2007-11-01,61.36,64.76,61.36,64.29,8000
2007-11-02,66.18,67.12,62.4,64.29,4800
2007-11-05,69.01,72.13,65.23,69.49,33300
2007-11-06,74.78,77.52,70.9,73.27,30200
2007-11-07,74.69,74.69,69.96,71.85,15000
2007-11-08,72.8,73.74,70.9,70.9,6500
2007-11-09,72.8,73.74,66.18,70.9,26400
2007-11-12,74.78,74.78,64.57,65.71,7900
2007-11-13,60.98,60.98,60.88,60.88,1500
2007-11-14,60.51,66.65,54.83,66.65,42200
2007-11-15,49.35,49.35,45.38,48.69,5900
2007-11-16,49.16,50.86,48.22,48.59,8200
2007-11-19,52.0,52.0,50.11,50.86,8000
2007-11-20,52.0,52.0,47.27,47.27,7200
2007-11-21,52.0,52.0,44.43,47.74,11600
2007-11-22,51.05,51.05,47.74,48.22,5500
2007-11-23,50.11,50.11,47.27,47.27,9800
2007-11-26,50.11,50.11,47.36,47.74,10600
2007-11-27,47.74,47.74,47.27,47.27,14400
2007-11-28,47.27,47.93,46.42,47.74,9700
2007-11-29,47.74,49.07,47.27,48.22,29500
2007-11-30,50.11,50.11,48.69,49.26,20100
2007-12-03,48.69,52.94,48.69,52.94,29300
2007-12-04,52.94,55.78,52.94,54.83,29800
2007-12-05,55.78,55.78,52.0,53.89,16200
2007-12-06,56.72,56.72,52.47,53.7,4300
2007-12-07,56.72,56.72,52.94,53.32,20500
2007-12-10,52.94,52.94,48.4,49.63,9200
2007-12-11,48.03,50.11,47.93,49.54,10900
2007-12-12,50.58,51.05,50.11,50.11,3000
2007-12-13,52.47,52.47,48.78,50.11,2700
2007-12-14,49.82,49.82,47.74,49.16,3200
2007-12-17,47.27,47.27,47.27,47.27,2200
2007-12-18,47.18,50.3,46.32,47.27,6900
2007-12-19,50.58,50.58,50.11,50.11,2400
2007-12-20,51.05,51.05,49.16,49.63,14000
2007-12-21,49.63,49.63,49.63,49.63,0
2007-12-24,51.05,51.05,49.16,49.16,1200
2007-12-25,49.16,50.58,49.16,49.16,4500
2007-12-26,48.22,49.16,48.22,49.16,1400
2007-12-27,48.22,48.22,47.74,48.22,800
2007-12-28,50.11,50.11,49.16,49.16,900
2008-01-02,52.28,52.28,48.22,48.22,300
2008-01-03,47.27,49.16,47.27,49.16,1100
2008-01-04,48.22,48.22,43.49,47.27,700
2008-01-07,48.22,48.22,45.38,45.38,7700
2008-01-08,52.0,52.0,45.57,45.57,2600
2008-01-09,51.52,51.52,45.38,47.27,7200
2008-01-10,47.74,47.74,43.3,46.23,10500
2008-01-11,47.27,47.27,43.49,44.43,9200
2008-01-14,48.22,48.22,40.65,42.54,4300
2008-01-15,46.8,46.8,39.42,41.12,3000
2008-01-16,42.54,44.81,42.54,44.81,20400
2008-01-17,48.22,48.22,44.24,44.43,17500
2008-01-18,49.63,49.63,44.91,45.38,4900
2008-01-21,49.16,49.16,46.04,46.04,1200
2008-01-22,49.63,49.63,44.43,44.43,1600
2008-01-23,45.38,45.38,41.12,43.39,26200
2008-01-24,46.8,46.8,42.54,43.39,48500
2008-01-25,43.39,46.32,42.16,42.16,400
2008-01-28,46.32,46.32,42.07,42.07,1600
2008-01-29,42.07,43.49,42.07,43.49,2400
2008-01-30,46.32,46.42,43.49,43.49,3100
2008-01-31,47.27,47.27,44.43,44.43,1800
2008-02-01,47.27,47.27,44.91,45.38,2100
2008-02-12,47.27,47.27,46.32,46.32,200
2008-02-13,46.8,46.8,46.8,46.8,100
2008-02-14,48.22,48.22,42.54,42.54,2600
2008-02-15,44.43,45.38,42.54,42.83,800
2008-02-18,46.32,46.32,39.14,39.14,2900
2008-02-19,43.02,43.02,40.18,41.6,1000
2008-02-20,44.43,44.43,42.64,42.64,400
2008-02-21,43.68,44.43,42.54,42.54,500
2008-02-22,43.02,43.02,39.42,39.71,3400
2008-02-25,41.6,41.6,39.23,39.23,3900
2008-02-26,42.54,42.54,35.74,39.23,2300
2008-02-27,38.76,38.76,36.49,38.76,700
2008-02-28,38.76,38.76,38.76,38.76,200
2008-02-29,39.71,40.65,39.71,40.65,400
2008-03-03,40.65,40.65,40.65,40.65,0
2008-03-04,37.34,37.34,37.34,37.34,100
2008-03-05,37.34,37.34,37.34,37.34,0
2008-03-06,33.66,41.03,33.66,41.03,28300
2008-03-07,42.54,43.87,41.6,43.87,39300
2008-03-10,47.65,47.65,44.91,44.91,900
2008-03-11,44.91,44.91,44.91,44.91,0
2008-03-12,42.26,42.54,42.26,42.26,3900
2008-03-13,38.19,38.19,38.19,38.19,5000
2008-03-14,34.98,34.98,34.41,34.7,7300
2008-03-17,31.39,31.39,31.1,31.1,2100
2008-03-18,28.08,28.08,28.08,28.08,1900
2008-03-19,25.34,25.53,25.34,25.34,11500
2008-03-20,26.47,26.47,23.07,23.26,2600
2008-03-21,26.47,26.47,22.6,22.6,5400
2008-03-24,20.42,20.42,20.42,20.42,900
2008-03-25,19.85,19.85,18.44,18.44,5500
2008-03-26,20.42,20.42,17.58,18.72,3000
2008-03-27,18.72,18.72,18.72,18.72,1500
2008-03-28,19.0,19.0,19.0,19.0,1500
2008-03-31,19.38,19.38,19.38,19.38,7000
2008-04-01,19.76,19.76,19.76,19.76,2000
2008-04-02,20.14,20.14,20.14,20.14,2000
2008-04-03,20.52,20.52,20.52,20.52,25000
2008-04-04,20.89,20.89,20.89,20.89,5600
2008-04-07,21.46,21.46,21.46,21.46,6000
2008-04-08,22.03,22.03,20.89,21.27,13300
2008-04-09,21.74,21.74,21.18,21.18,1900
2008-04-10,21.18,21.18,21.18,21.18,0
2008-04-11,21.27,21.27,21.27,21.27,100
2008-04-16,20.7,20.7,20.7,20.7,100
2008-04-17,20.14,20.8,20.14,20.8,11200
2008-04-18,20.23,20.23,19.66,19.66,7600
2008-04-21,19.66,19.66,19.66,19.66,500
2008-04-22,19.66,19.66,19.66,19.66,0
2008-04-23,19.1,19.1,19.1,19.1,2600
2008-04-24,18.53,18.53,18.53,18.53,200
2008-04-25,18.06,18.06,18.06,18.06,2700
2008-04-28,17.58,17.58,17.58,17.58,5700
2008-04-29,17.11,17.11,17.11,17.11,900
2008-05-05,16.83,16.83,16.64,16.64,1200
2008-05-06,16.17,16.17,16.17,16.17,500
2008-05-07,15.69,15.69,15.69,15.69,200
2008-05-08,15.32,15.32,15.32,15.32,500
2008-05-09,14.94,14.94,14.94,14.94,2400
2008-05-12,14.56,14.56,14.56,14.56,100
2008-05-13,14.18,14.18,14.18,14.18,200
2008-05-14,13.8,13.8,13.8,13.8,100
2008-05-15,13.42,13.42,13.42,13.42,100
2008-05-16,13.05,13.05,13.05,13.05,1100
2008-05-19,13.05,13.05,13.05,13.05,0
2008-05-20,12.67,12.67,12.67,12.67,100
2008-05-21,12.29,12.29,12.29,12.29,100
2008-05-22,12.01,12.01,12.01,12.01,1300
2008-05-23,11.72,11.72,11.72,11.72,200
2008-05-26,11.72,11.72,11.72,11.72,0
2008-05-27,11.72,11.72,11.72,11.72,0
2008-05-28,11.72,11.72,11.72,11.72,0
2008-05-29,11.44,11.44,11.44,11.44,200
2008-05-30,11.16,11.16,11.16,11.16,200
2008-06-02,11.16,11.16,11.16,11.16,0
2008-06-03,11.16,11.16,11.16,11.16,0
2008-06-04,11.16,11.16,11.16,11.16,0
2008-06-05,11.16,11.16,11.16,11.16,0
2008-06-06,10.87,10.87,10.87,10.87,20500
2008-06-09,10.59,10.59,10.59,10.59,2000
2008-06-10,10.3,10.3,10.3,10.3,600
2008-06-11,10.02,10.59,10.02,10.59,14900
2008-06-12,10.49,10.49,10.21,10.49,9500
2008-06-13,10.78,10.78,10.78,10.78,6700
2008-06-16,11.06,11.06,11.06,11.06,200
2008-06-17,11.34,11.34,11.34,11.34,200
2008-06-18,11.34,11.63,11.34,11.34,4400
2008-06-19,11.16,11.16,11.16,11.16,400
2008-06-20,10.78,10.78,10.78,10.78,600
2008-06-23,10.4,10.78,10.4,10.78,8300
2008-06-24,10.78,10.78,10.02,10.78,5300
2008-06-25,11.06,11.06,10.97,11.06,3200
2008-06-26,11.34,11.34,10.68,10.68,800
2008-06-27,10.49,10.49,10.4,10.4,3500
2008-06-30,10.4,10.4,10.02,10.02,7700
2008-07-01,10.02,10.49,10.02,10.49,9400
2008-07-02,10.68,10.68,10.49,10.68,16100
2008-07-03,11.06,11.06,11.06,11.06,300
2008-07-04,11.44,11.44,11.44,11.44,1200
2008-07-07,11.82,11.82,11.06,11.06,9500
2008-07-08,11.25,11.34,11.25,11.25,6100
2008-07-09,10.87,11.53,10.87,11.25,9500
2008-07-10,11.63,11.63,10.97,11.16,7200
2008-07-11,11.16,11.53,11.16,11.53,21400
2008-07-14,11.82,11.82,11.82,11.82,3400
2008-07-15,12.29,12.29,12.29,12.29,1400
2008-07-16,12.76,12.76,11.82,12.76,22000
2008-07-17,13.14,13.14,13.14,13.14,8600
2008-07-18,13.61,13.61,12.67,12.67,11700
2008-07-21,12.67,12.67,12.67,12.67,0
2008-07-22,12.38,12.38,12.38,12.38,100
2008-07-23,11.91,11.91,11.91,11.91,100
2008-07-24,11.44,11.44,11.44,11.44,6100
2008-07-25,11.06,11.06,11.06,11.06,1300
2008-07-28,10.68,10.68,10.68,10.68,5100
2008-07-29,10.68,11.06,10.4,11.06,3200
2008-07-30,10.49,10.49,10.49,10.49,19100
2008-07-31,10.87,10.87,10.12,10.59,9600
2008-08-01,10.12,10.4,10.12,10.12,9400
2008-08-04,9.83,10.4,9.83,9.83,8500
2008-08-05,9.74,10.49,9.74,10.49,5700
2008-08-06,10.78,10.78,10.78,10.78,5900
2008-08-07,11.16,11.16,10.59,10.59,9700
2008-08-08,10.59,10.68,10.4,10.68,4400
2008-08-11,10.68,10.87,10.68,10.87,4700
2008-08-12,11.25,11.25,10.87,10.87,6600
2008-08-13,10.87,11.34,10.87,11.25,3200
2008-08-14,11.16,11.53,11.16,11.53,11000
2008-08-15,11.82,11.82,11.82,11.82,14700
2008-08-18,11.34,12.2,11.34,12.2,7200
2008-08-19,11.53,11.53,10.97,11.25,5800
2008-08-20,10.97,10.97,10.68,10.68,4300
2008-08-21,10.21,11.34,10.12,10.78,19800
2008-08-22,10.87,11.25,10.87,11.25,26500
2008-08-25,12.01,12.01,12.01,12.01,10600
2008-08-26,12.76,12.76,12.76,12.76,1600
2008-08-27,13.52,13.61,13.52,13.61,31300
2008-08-28,14.56,14.56,12.67,12.67,6200
2008-08-29,14.94,14.94,13.05,13.71,16200
2008-09-03,13.99,13.99,13.99,13.99,2300
2008-09-04,14.94,14.94,14.18,14.94,25400
2008-09-05,15.79,15.79,15.79,15.79,4600
2008-09-08,16.83,16.83,14.75,16.83,34100
2008-09-09,17.02,17.58,17.02,17.58,31900
2008-09-10,18.44,18.44,16.36,16.54,37000
2008-09-11,15.98,16.07,15.88,15.88,8300
2008-09-12,14.94,14.94,14.94,14.94,3100
2008-09-15,13.9,15.98,13.9,14.28,13200
2008-09-16,13.52,13.52,13.52,13.52,6500
2008-09-17,12.57,12.57,12.57,12.57,100
2008-09-18,11.72,11.72,11.72,11.72,300
2008-09-19,11.34,12.48,10.97,12.48,14900
2008-09-22,12.38,12.38,12.38,12.38,2100
2008-09-23,12.76,13.14,12.67,13.14,11600
2008-09-24,12.95,12.95,12.1,12.1,1100
2008-09-25,12.29,12.86,12.29,12.86,2300
2008-09-26,12.86,12.86,12.76,12.76,6900
2008-09-29,12.01,12.01,12.01,12.01,1600
2008-09-30,11.25,11.25,11.25,11.25,600
2008-10-01,10.49,11.25,10.49,11.25,2000
2008-10-02,11.25,11.72,11.16,11.72,12200
2008-10-03,11.34,12.1,11.34,11.34,4000
2008-10-06,10.87,10.87,10.87,10.87,2400
2008-10-07,10.12,10.12,10.12,10.12,6600
2008-10-08,9.55,9.55,9.55,9.55,1100
2008-10-09,10.21,10.21,10.21,10.21,1900
2008-10-10,10.3,10.49,9.93,10.4,2900
2008-10-13,10.4,10.87,10.4,10.87,1100
2008-10-14,11.63,11.63,11.63,11.63,1000
2008-10-15,11.82,11.82,11.25,11.82,4200
2008-10-16,10.87,10.87,10.87,10.87,100
2008-10-17,11.06,11.34,11.06,11.34,1500
2008-10-20,10.49,10.49,10.4,10.4,1200
2008-10-21,10.87,10.97,10.4,10.4,900
2008-10-22,10.4,10.4,10.4,10.4,400
2008-10-23,9.74,9.74,9.74,9.74,6900
2008-10-24,10.12,10.12,9.26,9.45,2000
2008-10-27,9.08,9.08,8.79,8.79,1500
2008-10-28,8.41,9.17,8.41,9.08,5500
2008-10-29,9.55,9.55,9.55,9.55,6500
2008-10-30,9.45,9.45,9.45,9.45,1000
2008-10-31,9.74,10.02,9.74,10.02,1800
2008-11-03,9.45,9.45,9.45,9.45,500
2008-11-04,9.17,10.12,9.17,9.83,5400
2008-11-05,10.59,10.59,10.4,10.59,7600
2008-11-06,9.93,9.93,9.93,9.93,600
2008-11-07,9.26,9.36,9.26,9.36,2000
2008-11-10,9.45,9.45,9.45,9.45,1000
2008-11-11,8.98,9.45,8.98,9.45,1600
2008-11-12,8.98,8.98,8.98,8.98,1600
2008-11-13,8.98,9.45,8.98,9.45,1700
2008-11-14,9.74,9.74,9.64,9.64,3400
2008-11-17,9.64,9.64,9.64,9.64,0
2008-11-18,9.64,9.74,9.64,9.74,3100
2008-11-19,9.74,9.74,9.64,9.64,3900
2008-11-20,9.64,9.64,9.64,9.64,0
2008-11-21,9.55,9.74,9.45,9.64,5100
2008-11-24,9.26,9.45,9.17,9.17,3400
2008-11-25,9.08,9.08,8.7,8.7,3800
2008-11-26,9.36,9.36,8.98,8.98,1800
2008-11-27,8.6,8.6,8.51,8.51,1000
2008-11-28,9.08,9.08,9.08,9.08,100
2008-12-01,8.79,8.79,8.79,8.79,500
2008-12-02,8.79,8.79,8.51,8.51,200
2008-12-03,9.08,9.08,9.08,9.08,100
2008-12-04,9.17,9.17,9.08,9.08,1400
2008-12-05,8.7,8.98,8.7,8.98,3500
2008-12-08,8.41,8.51,8.41,8.51,500
2008-12-09,8.89,8.89,8.89,8.89,100
2008-12-10,8.89,8.89,8.89,8.89,0
2008-12-11,8.41,8.41,8.32,8.32,4300
2008-12-12,8.51,8.51,8.51,8.51,2400
2008-12-15,8.98,8.98,8.98,8.98,100
2008-12-16,8.51,8.51,8.41,8.51,900
2008-12-17,8.79,8.79,8.79,8.79,100
2008-12-18,8.79,8.79,8.79,8.79,0
2008-12-19,8.79,8.79,8.79,8.79,0
2008-12-22,8.79,8.79,8.32,8.32,1600
2008-12-23,8.22,8.32,8.22,8.32,1300
2008-12-24,8.7,8.79,8.7,8.79,9800
2008-12-25,9.36,9.36,8.51,9.17,8400
2008-12-26,9.17,9.17,8.89,9.17,1200
2008-12-29,9.17,9.17,8.98,9.17,6100
2008-12-30,8.51,9.26,8.51,9.26,7800
2008-12-31,9.36,9.55,8.79,9.45,11500
2009-01-02,9.64,9.64,8.89,8.89,2100
2009-01-05,8.79,8.79,8.6,8.6,3200
2009-01-06,8.7,8.79,8.7,8.7,400
2009-01-07,8.79,8.79,8.79,8.79,100
2009-01-08,8.51,8.51,8.22,8.32,1600
2009-01-09,8.98,8.98,8.98,8.98,100
2009-01-12,8.98,8.98,8.98,8.98,0
2009-01-13,8.98,8.98,8.98,8.98,0
2009-01-14,8.89,9.45,8.41,9.36,400
2009-01-15,9.36,9.36,9.36,9.36,0
2009-01-16,9.36,9.36,9.36,9.36,0
2009-01-19,9.36,9.36,9.36,9.36,0
2009-01-20,8.51,8.51,8.51,8.51,100
2009-01-21,9.08,9.08,8.7,8.7,1000
2009-01-22,8.7,8.7,8.7,8.7,0
2009-01-23,8.7,8.7,8.7,8.7,0
2009-02-02,8.7,8.7,8.7,8.7,0
2009-02-03,8.7,8.7,8.7,8.7,0
2009-02-04,8.7,8.7,8.7,8.7,0
2009-02-05,8.7,8.7,8.7,8.7,0
2009-02-06,8.7,8.7,8.7,8.7,0
2009-02-09,8.7,8.7,8.7,8.7,400
2009-02-10,8.7,8.7,8.7,8.7,0
2009-02-11,8.7,8.7,8.7,8.7,0
2009-02-12,8.13,8.13,8.13,8.13,100
2009-02-13,8.13,8.13,8.13,8.13,0
2009-02-16,8.13,8.13,8.13,8.13,0
2009-02-17,8.41,8.41,8.41,8.41,100
2009-02-18,8.41,8.41,8.41,8.41,0
2009-02-19,8.41,8.41,8.41,8.41,0
2009-02-20,8.41,8.41,8.41,8.41,0
2009-02-23,8.98,8.98,8.98,8.98,100
2009-02-24,8.98,8.98,8.98,8.98,0
2009-02-25,9.45,9.45,9.45,9.45,100
2009-02-26,9.45,9.45,9.45,9.45,0
2009-02-27,9.45,9.45,9.45,9.45,0
2009-03-02,9.17,9.17,9.17,9.17,100
2009-03-03,9.17,9.17,9.17,9.17,0
2009-03-04,8.6,8.6,8.6,8.6,300
2009-03-05,8.13,8.32,8.13,8.13,1000
2009-03-06,7.56,8.04,7.56,8.04,1500
2009-03-09,8.04,8.04,7.47,7.47,1100
2009-03-10,7.47,7.56,7.19,7.56,2600
2009-03-11,7.75,7.94,7.66,7.94,6400
2009-03-12,7.56,7.56,7.56,7.56,100
2009-03-13,7.56,7.66,7.56,7.66,3400
2009-03-16,7.66,7.66,7.66,7.66,0
2009-03-17,7.75,7.85,7.75,7.75,2600
2009-03-18,8.22,8.22,7.85,8.04,3200
2009-03-19,8.04,8.04,7.47,7.47,4100
2009-03-20,7.75,7.75,7.75,7.75,100
2009-03-23,7.28,7.28,7.28,7.28,400
2009-03-24,7.47,7.75,7.37,7.37,3000
2009-03-25,7.85,7.94,7.85,7.94,4300
2009-03-26,8.41,8.41,8.13,8.41,9900
2009-03-27,8.98,8.98,8.89,8.98,11800
2009-03-30,8.98,9.36,8.89,9.36,900
2009-03-31,8.98,8.98,8.98,8.98,200
2009-04-01,8.51,8.51,8.41,8.41,7100
2009-04-02,8.13,8.13,7.94,7.94,2000
2009-04-03,8.51,8.51,8.51,8.51,11000
2009-04-07,9.08,9.08,9.08,9.08,13500
2009-04-08,9.08,9.08,9.08,9.08,2000
2009-04-09,8.79,8.79,8.6,8.79,1600
2009-04-10,9.26,9.26,9.26,9.26,4900
2009-04-13,9.64,9.83,9.64,9.83,5800
2009-04-14,10.21,10.21,9.17,9.64,4900
2009-04-15,8.89,8.89,8.79,8.79,13600
2009-04-16,8.79,9.17,8.51,8.98,10500
2009-04-17,8.7,8.7,8.7,8.7,1100
2009-04-20,8.51,8.6,8.22,8.22,2100
2009-04-21,8.22,8.22,8.22,8.22,0
2009-04-22,8.6,8.6,8.6,8.6,100
2009-04-23,8.04,8.6,8.04,8.6,2300
2009-04-24,8.7,8.7,8.41,8.41,1100
2009-04-27,7.94,7.94,7.94,7.94,500
2009-04-28,7.94,7.94,7.85,7.85,1000
2009-04-29,8.04,8.04,8.04,8.04,700
2009-05-04,8.51,8.51,8.51,8.51,2800
2009-05-05,9.08,9.08,8.98,8.98,6600
2009-05-06,9.26,9.45,8.6,8.6,3000
2009-05-07,9.45,9.45,9.45,9.45,100
2009-05-08,10.12,10.12,8.89,8.89,7100
2009-05-11,8.89,8.89,8.7,8.7,11200
2009-05-12,8.32,8.51,8.32,8.32,500
2009-05-13,8.51,8.98,8.51,8.98,10000
2009-05-14,8.7,8.7,8.7,8.7,4000
2009-05-15,8.79,9.17,8.79,9.17,1800
2009-05-18,8.98,8.98,8.89,8.98,5800
2009-05-19,8.98,9.45,8.7,9.17,20700
2009-05-20,9.36,9.74,9.36,9.74,17900
2009-05-21,10.21,10.21,10.21,10.21,5900
2009-05-22,10.87,10.87,10.59,10.87,23800
2009-05-25,11.63,11.63,11.34,11.63,23300
2009-05-26,12.29,12.29,11.82,12.1,16400
2009-05-27,12.29,12.29,12.01,12.1,9900
2009-05-28,11.34,11.34,11.34,11.34,2300
2009-05-29,10.59,11.16,10.59,10.68,15500
2009-06-01,10.68,11.34,10.68,11.34,38600
2009-06-02,12.01,12.01,12.01,12.01,7600
2009-06-03,12.48,12.76,11.91,11.91,2300
2009-06-04,11.72,12.38,11.72,12.38,15200
2009-06-05,12.76,12.86,12.57,12.86,37400
2009-06-08,13.71,13.71,13.61,13.71,11900
2009-06-09,14.18,14.18,12.76,13.24,10700
2009-06-10,13.24,13.24,12.76,13.05,26100
2009-06-11,12.29,13.52,12.29,13.24,22000
2009-06-12,13.71,13.9,13.24,13.24,23000
2009-06-15,14.18,14.18,13.24,13.33,14400
2009-06-16,13.05,13.05,12.86,13.05,15300
2009-06-17,12.2,13.33,12.2,13.33,6200
2009-06-18,13.61,13.61,13.24,13.61,6200
2009-06-19,13.24,13.71,13.24,13.71,2000
2009-06-22,12.57,12.57,12.57,12.57,4100
2009-06-23,11.72,11.91,11.72,11.72,1200
2009-06-24,12.1,12.29,12.1,12.29,1300
2009-06-25,12.29,12.29,11.72,11.72,1000
2009-06-26,11.72,11.82,11.44,11.72,1600
2009-06-29,11.82,11.82,11.63,11.63,5000
2009-06-30,11.53,12.57,11.34,12.57,4800
2009-07-01,12.67,12.67,11.16,12.01,28000
2009-07-02,12.76,12.86,12.76,12.86,13200
2009-07-03,13.61,13.61,12.29,12.95,13700
2009-07-06,13.61,13.71,12.48,13.33,21700
2009-07-07,12.29,12.48,11.91,12.29,6600
2009-07-08,11.82,11.82,11.53,11.53,8500
2009-07-09,10.87,11.34,10.87,11.16,3400
2009-07-10,10.4,11.25,10.4,10.97,4400
2009-07-13,10.78,11.63,10.21,11.63,4300
2009-07-14,9.83,10.97,9.83,10.97,300
2009-07-15,11.06,11.06,10.59,10.59,2600
2009-07-16,11.72,11.72,11.53,11.72,2300
2009-07-17,11.34,11.34,11.06,11.06,3400
2009-07-20,10.97,10.97,10.59,10.59,2800
2009-07-21,10.21,10.3,10.21,10.3,5700
2009-07-22,10.59,10.87,10.21,10.21,7500
2009-07-23,9.93,10.4,9.93,10.4,700
2009-07-24,10.68,10.68,10.68,10.68,7200
2009-07-27,11.34,11.34,11.16,11.34,8300
2009-07-28,11.82,11.82,11.82,11.82,100
2009-07-29,12.29,12.29,11.34,11.34,3800
2009-07-30,11.25,11.25,11.25,11.25,1500
2009-07-31,11.34,11.34,11.16,11.16,3500
2009-08-03,11.16,11.16,10.87,10.87,2300
2009-08-04,10.4,11.34,10.4,11.34,1400
2009-08-05,10.68,10.87,10.68,10.87,1700
2009-08-06,10.87,11.16,10.87,10.97,2500
2009-08-07,11.06,11.06,11.06,11.06,100
2009-08-10,11.06,11.16,11.06,11.16,700
2009-08-11,10.59,11.16,10.59,11.06,4600
2009-08-12,11.06,11.06,10.87,11.06,6800
2009-08-13,11.25,11.25,10.68,10.68,4200
2009-08-14,10.97,10.97,10.59,10.87,3700
2009-08-17,10.97,10.97,10.4,10.4,800
2009-08-18,10.97,11.06,10.59,10.59,4100
2009-08-19,11.06,11.16,11.06,11.06,6400
2009-08-20,11.06,11.06,10.87,10.87,2000
2009-08-21,10.97,11.16,10.97,10.97,9800
2009-08-24,11.06,11.06,10.97,11.06,1700
2009-08-25,10.87,10.87,10.78,10.78,1300
2009-08-26,11.25,11.34,10.21,10.4,18100
2009-08-27,11.34,11.53,11.16,11.16,9600
2009-08-28,10.68,12.2,10.68,12.2,52000
2009-08-31,12.67,12.67,12.01,12.01,10700
2009-09-01,13.24,13.42,12.57,12.67,7000
2009-09-03,13.9,13.9,12.29,13.71,39700
2009-09-04,14.28,14.28,12.76,12.76,32300
2009-09-07,12.67,12.67,12.67,12.67,2200
2009-09-08,12.29,13.24,11.82,13.24,42900
2009-09-09,11.82,13.05,11.82,13.05,69400
2009-09-10,13.42,13.42,13.42,13.42,31000
2009-09-11,14.28,14.28,14.28,14.28,55800
2009-09-14,15.13,15.22,15.03,15.22,138900
2009-09-15,16.26,16.26,15.6,16.07,127400
2009-09-16,15.6,15.6,15.13,15.13,22100
2009-09-17,15.13,15.13,14.18,14.28,31600
2009-09-18,14.37,14.65,14.18,14.65,79600
2009-09-21,15.13,15.41,13.52,15.41,67700
2009-09-22,15.32,15.32,15.32,15.32,1200
2009-09-23,16.07,16.36,15.88,15.88,46000
2009-09-24,16.07,16.07,15.13,15.13,27700
2009-09-25,16.45,16.45,15.41,15.98,51400
2009-09-28,15.13,16.07,15.13,15.6,31400
2009-09-29,14.46,16.45,14.46,16.07,71200
2009-09-30,16.83,16.83,16.07,16.83,159900
2009-10-01,17.77,17.77,16.26,16.36,29800
2009-10-02,16.64,16.64,16.17,16.17,8100
2009-10-05,15.13,17.11,15.13,15.88,30600
2009-10-06,16.64,16.64,15.32,15.6,19400
2009-10-07,15.88,16.07,15.41,15.88,30200
2009-10-08,15.6,15.98,15.13,15.69,13900
2009-10-09,16.26,16.64,15.98,16.64,67800
2009-10-12,17.68,17.77,17.58,17.77,152300
2009-10-13,19.0,19.0,18.44,19.0,141000
2009-10-14,20.04,20.23,18.91,20.23,137800
2009-10-15,21.27,21.27,21.27,21.27,20800
2009-10-16,22.69,22.69,22.69,22.69,63600
2009-10-19,24.2,24.2,22.22,23.82,131700
2009-10-20,24.39,25.15,24.39,25.15,104200
2009-10-21,26.85,26.85,23.64,26.85,137200
2009-10-22,28.55,28.55,27.42,28.55,31200
2009-10-23,30.54,30.54,26.57,26.94,83900
2009-10-26,27.42,27.42,26.57,26.57,6200
2009-10-27,24.77,24.77,24.77,24.77,300
2009-10-28,23.07,23.64,23.07,23.07,50800
2009-10-29,21.74,21.74,21.46,21.46,9300
2009-10-30,20.8,22.88,20.8,22.6,54900
2009-11-02,22.12,22.12,20.23,20.23,9500
2009-11-03,19.19,19.19,19.1,19.1,91500
2009-11-04,17.77,20.42,17.77,20.23,51700
2009-11-05,20.23,20.61,20.04,20.61,60200
2009-11-06,22.03,22.03,20.61,20.8,53200
2009-11-09,20.14,20.8,20.14,20.8,42400
2009-11-10,20.8,20.8,18.81,19.0,40600
2009-11-11,18.15,20.52,18.15,20.52,82600
2009-11-12,21.84,21.84,21.46,21.84,105500
2009-11-13,22.97,23.26,20.23,22.03,71200
2009-11-16,23.26,23.26,21.74,22.5,28300
2009-11-17,23.82,23.82,21.74,21.74,75200
2009-11-18,24.58,24.67,21.65,22.69,54400
2009-11-19,24.11,24.58,22.41,22.69,39300
2009-11-20,22.12,22.31,22.03,22.03,23100
2009-11-23,22.12,22.12,20.61,22.03,6100
2009-11-24,20.33,20.8,19.66,20.7,10200
2009-11-25,18.91,18.91,18.91,18.91,5600
2009-11-26,17.58,17.58,17.58,17.58,1100
2009-11-27,16.36,18.81,16.36,17.58,32900
2009-11-30,18.44,18.72,17.3,18.72,4400
2009-12-01,17.02,19.48,17.02,19.48,14200
2009-12-02,18.44,18.44,18.06,18.06,1400
2009-12-03,17.02,17.11,17.02,17.02,23200
2009-12-04,17.02,17.02,16.92,17.02,1300
2009-12-07,17.68,17.68,17.68,17.68,100
2009-12-08,16.45,18.91,16.45,18.91,38800
2009-12-09,18.91,18.91,16.45,16.54,15500
2009-12-10,18.91,19.38,16.92,17.02,15900
2009-12-11,19.38,19.66,17.21,17.96,11800
2009-12-14,18.34,18.91,17.96,18.34,29800
2009-12-15,17.96,17.96,17.11,17.11,4000
2009-12-16,17.96,17.96,16.36,16.36,13700
2009-12-17,18.34,18.34,16.36,16.36,18700
2009-12-18,16.54,17.49,16.54,17.49,21000
2009-12-21,17.49,17.96,17.4,17.68,18600
2009-12-22,17.58,17.58,16.45,16.45,7600
2009-12-23,17.02,17.49,15.6,16.26,14600
2009-12-24,17.02,17.4,16.26,17.4,41800
2009-12-25,18.06,18.06,17.49,18.06,21200
2009-12-28,18.06,18.06,17.96,17.96,5600
2009-12-29,17.87,17.87,16.83,16.83,19000
2009-12-30,15.88,17.3,15.88,17.3,25600
2009-12-31,17.02,17.96,17.02,17.3,39100
2010-01-04,18.06,18.91,18.06,18.91,25000
2010-01-05,20.04,20.04,19.85,20.04,29300
2010-01-06,19.85,19.85,18.72,18.72,7600
2010-01-07,17.58,17.96,17.58,17.96,11400
2010-01-08,18.91,18.91,17.68,17.96,25800
2010-01-11,18.72,18.72,17.21,17.21,37600
2010-01-12,17.96,17.96,16.07,16.07,17800
2010-01-13,15.22,17.21,15.13,17.21,14600
2010-01-14,17.4,17.4,17.21,17.4,6200
2010-01-15,17.4,17.49,16.54,17.3,5300
2010-01-18,16.45,16.45,16.07,16.07,6800
2010-01-19,16.07,16.83,16.07,16.54,1300
2010-01-20,15.6,16.54,15.32,15.41,10300
2010-01-21,15.22,15.22,14.56,14.56,11300
2010-01-22,14.18,14.94,14.18,14.94,7800
2010-01-25,14.94,15.22,14.94,15.22,2800
2010-01-26,15.88,16.07,15.69,16.07,9400
2010-01-27,15.79,15.79,14.94,14.94,1500
2010-01-28,14.94,14.94,14.94,14.94,0
2010-01-29,15.13,15.13,14.65,14.65,800
2010-02-01,14.75,15.69,14.75,15.69,65900
2010-02-02,16.54,16.54,16.07,16.54,41900
2010-02-03,17.58,17.58,17.21,17.58,103200
2010-02-04,18.06,18.81,18.06,18.81,61500
2010-02-05,19.76,19.95,19.76,19.85,154300
2010-02-08,20.8,20.8,18.62,18.62,14300
2010-02-09,18.81,18.81,18.81,18.81,100
2010-02-10,17.58,18.81,17.58,17.58,78000
2010-02-11,18.91,18.91,16.54,16.73,11000
2010-02-12,18.06,18.06,17.96,17.96,400
2010-02-22,17.96,18.72,17.02,17.4,19800
2010-02-23,16.45,16.54,16.26,16.26,30700
2010-02-24,15.88,16.26,15.32,16.17,29400
2010-02-25,16.07,17.02,15.79,17.02,95100
2010-02-26,17.58,17.58,17.49,17.58,14400
2010-03-01,17.87,18.81,17.87,18.81,30200
2010-03-02,19.85,20.04,17.77,17.77,111400
2010-03-03,19.29,20.33,17.96,18.06,107000
2010-03-04,18.06,19.38,17.77,17.87,23800
2010-03-05,19.1,19.48,18.25,18.25,44900
2010-03-08,18.91,19.0,18.53,18.53,33600
2010-03-09,18.81,19.1,17.96,18.44,19100
2010-03-10,18.53,18.53,17.68,18.06,27800
2010-03-11,17.96,18.44,17.77,17.96,29700
2010-03-12,17.77,18.34,17.58,18.34,37800
2010-03-15,18.91,19.29,18.44,19.29,145000
2010-03-16,19.19,19.19,17.96,17.96,20200
2010-03-17,17.96,18.44,17.96,18.06,11800
2010-03-18,18.06,18.34,17.87,18.34,17200
2010-03-19,18.62,18.62,17.96,18.34,5300
2010-03-22,18.25,19.0,18.25,18.72,20500
2010-03-23,18.44,18.44,17.58,17.77,20200
2010-03-24,17.77,18.15,17.77,18.15,10300
2010-03-25,17.77,18.15,17.02,17.3,9200
2010-03-26,17.3,17.4,17.02,17.4,10600
2010-03-29,17.21,17.3,17.02,17.21,20900
2010-03-30,17.4,17.49,16.83,16.83,6600
2010-03-31,17.96,17.96,16.54,16.54,15400
2010-04-01,16.64,17.02,16.36,16.92,11400
2010-04-02,17.58,17.58,16.64,17.21,20400
2010-04-05,17.21,17.21,16.83,17.21,13600
2010-04-06,17.21,17.4,16.54,16.83,17200
2010-04-07,17.96,17.96,16.73,17.21,25100
2010-04-08,17.77,18.15,16.54,18.06,41900
2010-04-09,17.77,18.15,17.68,17.68,22300
2010-04-12,18.06,18.06,17.11,17.11,12200
2010-04-13,17.11,17.21,17.02,17.11,14000
2010-04-14,16.92,17.3,16.64,17.11,9600
2010-04-15,17.02,17.3,16.92,17.3,26800
2010-04-16,17.49,17.77,17.4,17.49,18700
2010-04-19,17.58,17.58,17.02,17.58,7800
2010-04-20,17.96,18.34,17.21,18.34,78500
2010-04-21,18.34,19.19,18.34,19.19,106000
2010-04-22,20.33,20.52,18.06,18.91,33700
2010-04-26,19.29,19.29,18.06,18.06,5900
2010-04-27,17.3,17.77,17.3,17.58,33600
2010-04-28,17.58,17.96,17.21,17.87,34000
2010-04-29,18.06,18.06,17.58,17.96,18100
2010-05-04,18.44,19.19,18.44,19.19,67300
2010-05-05,20.23,20.42,19.76,20.42,107900
2010-05-06,21.18,21.74,21.18,21.74,91200
2010-05-07,22.88,23.26,20.23,20.33,80700
2010-05-10,19.85,19.95,19.76,19.76,30100
2010-05-11,19.29,20.8,18.44,18.72,78700
2010-05-12,18.53,18.53,17.58,17.58,71900
2010-05-13,17.68,18.44,16.83,17.96,31600
2010-05-14,18.06,18.91,18.06,18.53,18000
2010-05-17,18.81,18.81,17.58,17.96,9400
2010-05-18,17.68,17.68,17.21,17.21,15700
2010-05-19,17.02,17.02,16.26,16.26,45100
2010-05-20,15.6,16.92,15.22,16.92,26900
2010-05-21,16.92,16.92,14.84,14.84,47900
2010-05-24,15.22,16.07,15.13,16.07,12900
2010-05-25,15.5,16.45,15.5,16.45,8000
2010-05-26,16.64,17.02,16.45,16.92,12600
2010-05-27,17.11,17.21,17.02,17.02,11400
2010-05-28,17.49,17.68,17.21,17.49,10900
2010-05-31,16.36,16.36,16.36,16.36,8900
2010-06-01,16.54,16.73,16.54,16.73,900
2010-06-02,16.64,16.83,16.07,16.64,31200
2010-06-03,17.02,17.02,16.36,16.54,12200
2010-06-04,16.73,16.73,16.26,16.64,9800
2010-06-07,16.45,16.83,15.6,16.07,12600
2010-06-08,15.98,16.26,15.69,16.26,11600
2010-06-09,16.07,16.07,15.88,15.88,5500
2010-06-10,16.45,16.73,16.07,16.73,8400
2010-06-11,17.21,17.58,17.11,17.11,9800
2010-06-14,17.58,17.87,16.73,16.73,7400
2010-06-15,17.02,17.11,16.83,17.02,11800
2010-06-16,17.02,17.58,17.02,17.3,22100
2010-06-17,18.0,18.0,17.4,17.5,6500
2010-06-18,17.6,17.7,17.0,17.0,8800
2010-06-21,17.5,17.7,17.0,17.7,24600
2010-06-22,17.5,18.5,17.5,18.5,49100
2010-06-23,18.3,18.5,17.7,17.9,9600
2010-06-24,18.0,18.0,17.7,17.9,7100
2010-06-25,17.9,17.9,17.9,17.9,1000
2010-06-28,17.3,17.9,17.0,17.5,8900
2010-06-29,17.7,17.8,17.3,17.3,9500
2010-06-30,17.0,17.2,17.0,17.2,19200
2010-07-01,17.1,17.5,17.0,17.5,15100
2010-07-02,17.4,17.8,17.4,17.8,18700
2010-07-05,18.0,18.2,18.0,18.2,18600
2010-07-06,18.0,18.0,17.3,17.5,12700
2010-07-07,17.7,18.1,17.0,17.7,18400
2010-07-08,18.0,18.0,17.6,17.7,4300
2010-07-09,17.6,17.6,17.4,17.5,3500
2010-07-12,17.4,18.0,17.4,17.9,6600
2010-07-13,18.1,18.1,17.6,17.9,16100
2010-07-14,18.2,18.2,17.2,17.2,7100
2010-07-15,17.3,17.8,17.1,17.5,7500
2010-07-16,17.5,18.0,17.5,17.9,10300
2010-07-19,18.0,18.5,17.7,18.4,38400
2010-07-20,18.5,19.3,18.5,19.3,70100
2010-07-21,20.5,20.5,19.5,20.5,123800
2010-07-22,21.4,21.5,19.0,19.2,18300
2010-07-23,18.9,19.5,18.5,18.6,7100
2010-07-26,18.8,19.9,18.7,18.7,15600
2010-07-27,18.3,18.5,17.9,17.9,19300
2010-07-28,17.0,19.2,17.0,18.6,31500
2010-07-29,17.6,17.6,17.6,17.6,100
2010-07-30,17.8,18.8,17.8,18.7,11900
2010-08-02,18.0,18.0,18.0,18.0,10100
2010-08-03,18.2,18.2,17.5,17.7,5000
2010-08-04,17.3,17.4,17.0,17.0,8300
2010-08-05,17.5,17.5,17.2,17.2,5500
2010-08-06,16.9,18.0,16.9,18.0,3600
2010-08-09,17.5,17.5,17.1,17.5,6100
2010-08-10,17.1,17.1,16.2,17.0,6300
2010-08-11,17.8,17.8,17.5,17.5,3100
2010-08-12,17.5,17.5,16.5,16.6,6500
2010-08-13,17.0,17.5,17.0,17.2,1300
2010-08-16,18.4,18.4,17.0,17.6,8600
2010-08-17,18.4,18.4,16.3,16.8,3900
2010-08-18,17.5,17.5,16.8,16.8,900
2010-08-19,16.8,17.0,16.8,17.0,4600
2010-08-20,16.2,16.9,16.2,16.9,4800
2010-08-23,17.2,17.2,16.5,16.8,8600
2010-08-24,17.0,17.0,16.8,16.8,600
2010-08-25,16.2,16.2,15.7,15.7,500
2010-08-26,16.9,17.0,14.8,16.6,2800
2010-08-27,16.0,16.0,15.5,16.0,4000
2010-08-30,16.5,16.9,16.0,16.5,16100
2010-08-31,16.2,16.5,16.0,16.5,4600
2010-09-01,17.0,17.0,15.5,16.0,16300
2010-09-06,16.0,16.6,16.0,16.5,24100
2010-09-07,16.0,16.4,15.8,15.8,5300
2010-09-08,16.0,16.0,16.0,16.0,2600
2010-09-09,15.9,16.0,15.8,16.0,4800
2010-09-10,15.5,15.5,15.3,15.5,8600
2010-09-13,15.0,15.0,14.6,14.6,3100
2010-09-14,14.9,15.5,14.9,15.5,5600
2010-09-15,16.0,16.0,14.9,14.9,2200
2010-09-16,14.5,15.5,14.1,15.5,2200
2010-09-17,15.5,15.5,15.4,15.4,2000
2010-09-20,16.3,16.3,15.2,15.2,4600
2010-09-21,14.8,15.0,14.8,15.0,5800
2010-09-22,14.9,15.0,14.3,14.3,15300
2010-09-23,14.5,14.5,14.4,14.4,3900
2010-09-24,14.4,14.5,14.4,14.5,4100
2010-09-27,14.5,14.5,14.5,14.5,400
2010-09-28,14.8,14.8,14.4,14.4,3900
2010-09-29,14.3,14.5,14.2,14.2,12000
2010-09-30,14.0,14.2,14.0,14.2,3000
2010-10-01,14.7,14.7,13.8,13.8,1500
2010-10-04,13.5,13.5,13.3,13.5,4600
2010-10-05,13.4,13.4,13.4,13.4,2200
2010-10-06,13.7,13.9,13.7,13.9,5900
2010-10-07,13.3,13.3,13.2,13.3,3000
2010-10-08,13.3,13.4,13.2,13.2,1900
2010-10-11,12.5,13.4,12.5,13.3,700
2010-10-12,12.9,12.9,12.3,12.3,6400
2010-10-13,13.0,13.0,13.0,13.0,800
2010-10-14,12.1,12.1,12.1,12.1,600
2010-10-15,12.4,12.4,11.8,11.8,1800
2010-10-18,12.3,12.3,12.3,12.3,1600
2010-10-19,12.3,12.3,12.3,12.3,0
2010-10-20,13.1,13.1,13.1,13.1,3000
2010-10-21,12.3,12.3,12.2,12.2,3700
2010-10-22,11.6,11.6,11.5,11.6,3400
2010-10-25,11.0,11.0,10.8,11.0,2500
2010-10-26,11.4,11.6,11.4,11.6,1700
2010-10-27,11.6,11.6,11.6,11.6,0
2010-10-28,11.2,11.2,11.0,11.0,700
2010-10-29,11.8,11.8,11.8,11.8,1500
2010-11-01,11.0,11.0,11.0,11.0,4000
2010-11-02,10.5,10.5,10.3,10.3,7000
2010-11-03,10.3,10.3,10.3,10.3,0
2010-11-04,9.9,9.9,9.9,9.9,1000
2010-11-05,10.0,10.5,10.0,10.5,1000
2010-11-08,11.0,11.0,10.0,10.0,1400
2010-11-09,9.6,9.6,9.6,9.6,1000
2010-11-10,9.3,9.3,9.3,9.3,1000
2010-11-11,9.0,9.5,9.0,9.0,5400
2010-11-12,9.6,9.6,8.9,9.6,500
2010-11-15,9.9,9.9,8.8,9.6,3200
2010-11-16,9.8,9.9,9.0,9.0,2800
2010-11-17,9.8,9.8,9.0,9.7,2500
2010-11-18,10.0,10.1,9.8,9.8,7000
2010-11-19,10.6,10.6,10.0,10.0,2400
2010-11-22,9.6,9.6,9.6,9.6,2000
2010-11-23,10.0,10.2,10.0,10.1,1100
2010-11-24,10.2,10.2,9.4,9.4,1100
2010-11-25,10.0,10.0,9.9,9.9,5600
2010-11-26,10.4,10.4,10.4,10.4,100
2010-11-29,10.0,10.4,10.0,10.1,6800
2010-11-30,10.5,10.7,10.3,10.5,15800
2010-12-01,10.5,10.9,10.0,10.0,3800
2010-12-02,9.8,11.1,9.8,11.0,4300
2010-12-03,11.5,11.6,11.4,11.6,18000
2010-12-06,11.5,11.6,10.8,11.1,14300
2010-12-07,11.0,11.3,10.6,10.6,8000
2010-12-08,10.6,10.6,10.6,10.6,0
2010-12-09,10.3,10.5,10.3,10.5,4300
2010-12-10,10.5,10.9,10.5,10.9,5400
2010-12-13,11.4,11.4,11.3,11.4,24300
2010-12-14,12.0,12.1,12.0,12.1,1900
2010-12-15,12.0,12.0,11.2,11.5,10300
2010-12-16,10.8,10.8,10.7,10.8,9000
2010-12-17,11.3,11.3,10.4,10.5,1200
2010-12-20,11.2,11.2,11.2,11.2,100
2010-12-21,11.8,11.8,10.6,10.7,3900
2010-12-22,11.6,11.6,10.5,10.6,5300
2010-12-23,10.3,10.3,10.3,10.3,1100
2010-12-24,10.5,10.5,10.2,10.3,5100
2010-12-27,11.1,11.1,11.1,11.1,100
2010-12-28,11.1,11.1,11.1,11.1,0
2010-12-29,10.4,10.4,10.4,10.4,1800
2010-12-30,10.4,10.4,10.4,10.4,0
2010-12-31,9.7,10.0,9.7,10.0,12000
2011-01-04,10.0,10.0,10.0,10.0,300
2011-01-05,10.0,10.0,10.0,10.0,0
2011-01-06,9.7,9.7,9.7,9.7,2000
2011-01-07,10.0,10.0,9.7,9.9,1100
2011-01-10,9.9,9.9,9.2,9.7,7400
2011-01-11,9.2,9.2,9.2,9.2,1100
2011-01-12,9.2,9.2,9.2,9.2,0
2011-01-13,9.7,9.7,9.7,9.7,400
2011-01-14,9.7,9.7,9.7,9.7,0
2011-01-17,9.5,9.6,9.5,9.5,1700
2011-01-18,9.5,9.5,9.5,9.5,0
2011-01-19,10.0,10.0,10.0,10.0,200
2011-01-20,10.4,10.4,10.4,10.4,100
2011-01-21,9.8,9.8,9.7,9.7,4300
2011-01-24,9.2,9.2,9.2,9.2,1800
2011-01-25,9.0,9.0,9.0,9.0,2600
2011-01-26,9.0,9.0,9.0,9.0,100
2011-01-27,9.3,9.3,9.3,9.3,100
2011-01-28,9.9,9.9,9.9,9.9,100
2011-02-08,9.9,9.9,9.9,9.9,100
2011-02-09,9.9,9.9,9.9,9.9,0
2011-02-10,9.9,9.9,9.9,9.9,0
2011-02-11,9.3,9.3,9.3,9.3,600
2011-02-14,9.8,9.9,9.6,9.6,5500
2011-02-15,10.0,10.0,9.8,9.8,2000
2011-02-16,9.9,10.4,9.3,9.5,1400
2011-02-17,10.2,10.2,10.2,10.2,600
2011-02-18,10.0,10.2,10.0,10.2,500
2011-02-21,10.9,10.9,10.9,10.9,500
2011-02-22,10.9,10.9,10.9,10.9,0
2011-02-23,10.2,11.6,10.2,10.2,5800
2011-02-24,11.0,11.8,10.5,10.5,6900
2011-02-25,10.5,10.5,10.5,10.5,0
2011-02-28,10.5,10.5,10.5,10.5,0
2011-03-01,10.5,10.5,10.5,10.5,0
2011-03-02,10.5,10.5,10.5,10.5,0
2011-03-03,11.6,11.7,10.5,10.5,1100
2011-03-04,10.5,10.5,10.5,10.5,0
2011-03-07,10.5,10.5,10.5,10.5,0
2011-03-08,10.7,10.7,10.7,10.7,100
2011-03-09,10.0,10.0,10.0,10.0,100
2011-03-10,9.3,10.5,9.3,9.4,3300
2011-03-11,9.4,9.4,9.0,9.0,1800
2011-03-14,9.0,9.0,8.8,8.8,400
2011-03-15,9.5,9.5,9.5,9.5,100
2011-03-16,9.5,9.5,9.5,9.5,0
2011-03-17,8.9,8.9,8.9,8.9,1300
2011-03-18,8.3,8.3,8.3,8.3,4400
2011-03-21,7.9,8.1,7.8,7.9,2700
2011-03-22,8.2,8.2,8.2,8.2,100
2011-03-23,7.7,7.7,7.7,7.7,200
2011-03-24,7.8,8.2,7.8,7.9,700
2011-03-25,8.0,8.0,8.0,8.0,700
2011-03-28,8.0,8.0,8.0,8.0,0
2011-03-29,7.8,7.8,7.5,7.5,2000
2011-03-30,7.2,7.2,7.2,7.2,2100
2011-03-31,7.0,7.0,6.7,6.7,7400
2011-04-01,7.1,7.1,7.1,7.1,100
2011-04-04,7.1,7.1,6.7,6.7,600
2011-04-05,6.8,6.8,6.8,6.8,2000
2011-04-06,6.7,6.7,6.7,6.7,200
2011-04-07,6.5,6.7,6.4,6.4,2400
2011-04-08,6.5,6.6,6.2,6.6,17500
2011-04-13,6.4,6.4,6.4,6.4,21000
2011-04-14,6.0,6.2,6.0,6.2,4800
2011-04-15,6.2,6.2,6.0,6.0,22500
2011-04-18,6.2,6.2,6.0,6.0,7200
2011-04-19,5.9,6.3,5.9,6.3,300
2011-04-20,6.1,6.2,5.8,6.2,3600
2011-04-21,5.8,5.8,5.8,5.8,2000
2011-04-22,5.6,5.6,5.6,5.6,900
2011-04-25,5.9,5.9,5.7,5.7,300
2011-04-26,5.8,5.8,5.5,5.5,1400
2011-04-27,5.5,5.5,5.5,5.5,200
2011-04-28,5.4,5.4,5.3,5.3,1500
2011-04-29,5.6,5.6,5.6,5.6,100
2011-05-04,5.8,5.8,5.8,5.8,100
2011-05-05,5.8,5.8,5.8,5.8,0
2011-05-06,5.7,5.7,5.5,5.5,2100
2011-05-09,5.4,5.4,5.4,5.4,400
2011-05-10,5.4,5.4,5.4,5.4,0
2011-05-11,5.2,5.2,5.2,5.2,2000
2011-05-12,5.0,5.0,5.0,5.0,3600
2011-05-13,4.8,4.8,4.8,4.8,400
2011-05-16,5.1,5.1,5.1,5.1,100
2011-05-17,5.1,5.1,5.1,5.1,0
2011-05-18,5.4,5.4,5.4,5.4,100
2011-05-19,5.4,5.4,5.4,5.4,100
2011-05-20,5.4,5.4,5.4,5.4,0
2011-05-23,5.3,5.3,5.3,5.3,600
2011-05-24,5.3,5.3,5.3,5.3,0
2011-05-25,5.0,5.0,5.0,5.0,100
2011-05-26,4.7,4.7,4.7,4.7,1100
2011-05-27,5.0,5.0,4.4,4.9,12800
2011-05-30,4.8,4.8,4.8,4.8,300
2011-05-31,4.8,4.8,4.8,4.8,0
2011-06-01,4.6,4.6,4.5,4.5,400
2011-06-02,4.3,4.7,4.3,4.6,1200
2011-06-03,4.8,4.8,4.6,4.8,3900
2011-06-06,4.5,4.5,4.5,4.5,1200
2011-06-07,4.8,4.8,4.8,4.8,1000
2011-06-08,4.6,4.7,4.5,4.6,11700
2011-06-09,4.9,4.9,4.4,4.8,2300
2011-06-10,5.0,5.0,4.4,4.7,2200
2011-06-13,4.8,4.9,4.8,4.9,9700
2011-06-14,5.2,5.2,5.0,5.0,8900
2011-06-15,5.0,5.0,5.0,5.0,0
2011-06-16,5.4,5.5,5.4,5.5,200
2011-06-17,5.2,5.2,5.2,5.2,10700
2011-06-20,5.0,5.0,4.9,4.9,5500
2011-06-21,5.2,5.2,5.2,5.2,100
2011-06-22,5.5,5.5,4.9,4.9,1100
2011-06-23,5.3,5.3,4.7,4.7,6700
2011-06-24,4.8,4.9,4.8,4.9,200
2011-06-27,4.9,4.9,4.9,4.9,1000
2011-06-28,4.8,4.8,4.8,4.8,1000
2011-06-29,4.9,4.9,4.6,4.9,1200
2011-06-30,4.5,4.9,4.5,4.7,3800
2011-07-01,4.5,4.6,4.5,4.5,1500
2011-07-04,4.8,4.8,4.8,4.8,100
2011-07-05,5.0,5.0,5.0,5.0,100
2011-07-06,4.8,4.8,4.8,4.8,1000
2011-07-07,4.8,4.8,4.8,4.8,0
2011-07-08,4.8,4.8,4.8,4.8,0
2011-07-11,4.8,4.8,4.8,4.8,600
2011-07-12,4.7,4.8,4.7,4.8,500
2011-07-13,4.8,4.8,4.8,4.8,0
2011-07-14,4.8,4.8,4.8,4.8,0
2011-07-15,4.8,4.8,4.8,4.8,700
2011-07-18,4.8,4.8,4.5,4.5,2500
2011-07-19,4.9,4.9,4.9,4.9,100
2011-07-20,4.9,4.9,4.9,4.9,0
2011-07-21,5.2,5.2,4.6,4.6,2300
2011-07-22,5.0,5.0,4.4,4.9,300
2011-07-25,4.9,4.9,4.9,4.9,100
2011-07-26,4.6,4.6,4.6,4.6,1000
2011-07-27,4.9,4.9,4.9,4.9,100
2011-07-28,5.1,5.1,5.1,5.1,100
2011-07-29,5.1,5.1,5.1,5.1,0
2011-08-01,5.1,5.1,5.1,5.1,0
2011-08-02,5.1,5.1,5.1,5.1,0
2011-08-03,5.1,5.1,5.1,5.1,0
2011-08-04,5.1,5.1,5.1,5.1,0
2011-08-05,4.8,4.8,4.8,4.8,100
2011-08-08,5.0,5.0,4.5,4.5,2900
2011-08-09,4.2,4.2,4.2,4.2,3000
2011-08-10,4.4,4.4,4.4,4.4,100
2011-08-11,4.6,4.6,4.6,4.6,100
2011-08-12,4.8,4.8,4.8,4.8,200
2011-08-15,4.5,4.5,4.5,4.5,1000
2011-08-16,4.2,4.3,4.2,4.3,6000
2011-08-17,4.6,4.6,4.6,4.6,100
2011-08-18,4.6,4.6,4.6,4.6,0
2011-08-19,4.3,4.3,4.3,4.3,500
2011-08-22,4.3,4.3,4.3,4.3,0
2011-08-23,4.3,4.3,4.3,4.3,0
2011-08-24,4.6,4.6,4.6,4.6,100
2011-08-25,4.6,4.6,4.6,4.6,0
2011-08-26,4.6,4.6,4.6,4.6,200
2011-08-29,4.6,4.6,4.6,4.6,3900
2011-08-30,4.8,4.8,4.3,4.3,2200
2011-08-31,4.8,4.8,4.8,4.8,100
2011-09-01,4.9,4.9,4.9,4.9,100
2011-09-05,4.9,4.9,4.9,4.9,0
2011-09-06,4.6,4.6,4.6,4.6,1200
2011-09-07,4.3,4.3,4.3,4.3,400
2011-09-08,4.3,4.6,4.3,4.6,5300
2011-09-09,4.6,4.6,4.6,4.6,0
2011-09-12,4.7,4.7,4.5,4.5,10400
2011-09-13,4.5,4.8,4.5,4.8,15200
2011-09-14,5.1,5.1,4.6,4.7,20700
2011-09-15,4.8,5.2,4.8,5.2,1200
2011-09-16,4.5,4.5,4.5,4.5,3000
2011-09-19,4.8,4.8,4.8,4.8,100
2011-09-20,4.5,4.5,4.5,4.5,1000
2011-09-21,4.5,4.5,4.5,4.5,900
2011-09-22,4.8,4.8,4.8,4.8,200
2011-09-23,4.8,4.8,4.8,4.8,0
2011-09-26,4.8,4.8,4.8,4.8,0
2011-09-27,4.6,4.6,4.6,4.6,1000
2011-09-28,4.6,4.6,4.3,4.3,18000
2011-09-29,4.3,4.3,4.3,4.3,3200
2011-09-30,4.2,4.2,4.2,4.2,500
2011-10-03,4.3,4.3,4.0,4.0,17000
2011-10-04,4.3,4.3,4.1,4.1,14100
2011-10-05,4.4,4.4,4.4,4.4,100
2011-10-06,4.4,4.4,4.4,4.4,0
2011-10-07,4.5,4.5,4.5,4.5,100
2011-10-10,4.5,4.5,4.5,4.5,0
2011-10-11,4.5,4.5,4.5,4.5,0
2011-10-12,4.3,4.3,4.3,4.3,4300
2011-10-13,4.3,4.3,4.3,4.3,0
2011-10-14,4.1,4.1,4.1,4.1,2000
2011-10-17,4.1,4.1,4.1,4.1,0
2011-10-18,4.0,4.0,4.0,4.0,500
2011-10-19,3.9,4.0,3.9,4.0,4500
2011-10-20,4.0,4.0,4.0,4.0,5400
2011-10-21,4.1,4.2,4.1,4.2,15600
2011-10-24,4.3,4.4,4.3,4.4,4300
2011-10-25,4.4,4.4,4.4,4.4,3000
2011-10-26,4.4,4.4,4.4,4.4,2500
2011-10-27,4.4,4.4,4.4,4.4,1900
2011-10-28,4.7,4.7,4.7,4.7,100
2011-10-31,4.7,4.7,4.7,4.7,100
2011-11-01,5.0,5.0,5.0,5.0,100
2011-11-02,5.0,5.0,5.0,5.0,0
2011-11-03,5.0,5.0,5.0,5.0,0
2011-11-04,5.0,5.0,5.0,5.0,0
2011-11-07,5.0,5.0,5.0,5.0,0
2011-11-08,5.0,5.0,5.0,5.0,0
2011-11-09,5.0,5.0,5.0,5.0,0
2011-11-10,5.0,5.0,5.0,5.0,0
2011-11-11,5.0,5.0,5.0,5.0,0
2011-11-14,5.0,5.0,5.0,5.0,0
2011-11-15,5.0,5.0,5.0,5.0,0
2011-11-16,5.0,5.0,5.0,5.0,0
2011-11-17,5.0,5.0,5.0,5.0,0
2011-11-18,5.0,5.0,5.0,5.0,0
2011-11-21,5.0,5.0,5.0,5.0,0
2011-11-22,5.0,5.0,5.0,5.0,0
2011-11-23,5.0,5.0,5.0,5.0,0
2011-11-24,4.7,4.7,4.7,4.7,100
2011-11-25,4.7,4.7,4.7,4.7,0
2011-11-28,4.7,4.7,4.7,4.7,0
2011-11-29,4.7,4.7,4.7,4.7,0
2011-11-30,4.7,4.7,4.7,4.7,0
2011-12-01,4.7,4.7,4.7,4.7,0
2011-12-02,4.7,4.7,4.7,4.7,0
2011-12-05,4.7,4.7,4.7,4.7,0
2011-12-06,4.9,4.9,4.9,4.9,100
2011-12-07,4.9,4.9,4.9,4.9,0
2011-12-08,5.2,5.2,5.2,5.2,100
2011-12-09,5.2,5.2,5.2,5.2,0
2011-12-12,5.2,5.2,5.2,5.2,0
2011-12-13,5.2,5.2,5.2,5.2,0
2011-12-14,5.2,5.2,5.2,5.2,0
2011-12-15,5.2,5.2,5.2,5.2,0
2011-12-16,5.2,5.2,5.2,5.2,0
2011-12-19,5.2,5.2,5.2,5.2,0
2011-12-20,5.2,5.2,5.2,5.2,0
2011-12-21,5.2,5.2,5.2,5.2,0
2011-12-22,5.2,5.2,5.2,5.2,0
2011-12-23,5.2,5.2,5.2,5.2,0
2011-12-26,5.2,5.2,5.2,5.2,0
2011-12-27,5.2,5.2,5.2,5.2,0
2011-12-28,5.2,5.2,5.2,5.2,0
2011-12-29,5.2,5.2,5.2,5.2,0
2011-12-30,5.2,5.2,5.2,5.2,0
2012-01-03,5.2,5.2,5.2,5.2,0
2012-01-04,5.2,5.2,5.2,5.2,0
2012-01-05,5.2,5.2,5.2,5.2,0
2012-01-06,5.2,5.2,5.2,5.2,0
2012-01-09,5.2,5.2,5.2,5.2,0
2012-01-10,5.2,5.2,5.2,5.2,0
2012-01-11,5.2,5.2,5.2,5.2,0
2012-01-12,5.2,5.2,5.2,5.2,0
2012-01-13,4.9,4.9,4.9,4.9,100
2012-01-16,4.9,4.9,4.9,4.9,0
2012-01-17,4.9,4.9,4.9,4.9,0
2012-01-18,4.9,4.9,4.9,4.9,0
2012-01-19,4.9,4.9,4.9,4.9,0
2012-01-20,4.9,4.9,4.9,4.9,0
2012-01-30,4.9,4.9,4.9,4.9,0
2012-01-31,4.9,4.9,4.9,4.9,0
2012-02-01,4.9,4.9,4.9,4.9,0
2012-02-02,4.9,4.9,4.9,4.9,0
2012-02-03,4.6,4.6,4.6,4.6,1600
2012-02-06,4.6,4.6,4.6,4.6,0
2012-02-07,4.6,4.6,4.6,4.6,0
2012-02-08,4.6,4.6,4.6,4.6,0
2012-02-09,4.6,4.6,4.6,4.6,0
2012-02-10,4.9,4.9,4.9,4.9,100
2012-02-13,4.9,4.9,4.9,4.9,0
2012-02-14,4.9,4.9,4.9,4.9,0
2012-02-15,4.9,4.9,4.9,4.9,0
2012-02-16,4.9,4.9,4.9,4.9,0
2012-02-17,4.9,4.9,4.9,4.9,0
2012-02-20,4.9,4.9,4.9,4.9,0
2012-02-21,4.9,4.9,4.9,4.9,0
2012-02-22,4.9,4.9,4.9,4.9,0
2012-02-23,4.6,4.6,4.6,4.6,10100
2012-02-24,4.3,4.3,4.3,4.3,15000
2012-02-27,4.0,4.1,4.0,4.0,12700
2012-02-28,4.0,4.1,3.9,4.0,5200
2012-02-29,3.8,4.0,3.8,4.0,1900
2012-03-01,3.8,3.9,3.8,3.8,18800
2012-03-02,4.0,4.0,3.8,4.0,14100
2012-03-05,4.2,4.2,4.2,4.2,5000
2012-03-06,4.4,4.4,4.0,4.0,36700
2012-03-07,3.9,4.0,3.9,4.0,14200
2012-03-08,4.1,4.1,4.1,4.1,100
2012-03-09,4.3,4.3,3.9,3.9,15800
2012-03-12,4.1,4.1,3.8,3.8,2000
2012-03-13,4.0,4.0,3.9,3.9,2400
2012-03-14,4.1,4.1,3.8,3.8,2200
2012-03-15,3.7,3.8,3.7,3.7,9500
2012-03-16,3.9,3.9,3.9,3.9,100
2012-03-19,3.9,3.9,3.9,3.9,1000
2012-03-20,3.9,4.1,3.9,4.1,5900
2012-03-21,4.1,4.1,3.8,4.0,3700
2012-03-22,4.0,4.0,3.9,3.9,19600
2012-03-23,4.0,4.1,4.0,4.0,22300
2012-03-26,4.0,4.2,4.0,4.2,15100
2012-03-27,4.2,4.2,4.0,4.0,8700
2012-03-28,3.9,4.2,3.8,4.2,21200
2012-03-29,4.0,4.1,4.0,4.1,5200
2012-03-30,4.1,4.2,3.9,4.2,4900
2012-04-03,4.2,4.2,4.0,4.1,4100
2012-04-04,4.1,4.1,3.9,4.0,21700
2012-04-05,4.0,4.0,4.0,4.0,0
2012-04-06,4.0,4.0,4.0,4.0,100
2012-04-09,3.8,4.0,3.8,4.0,200
2012-04-10,3.9,3.9,3.8,3.9,4900
2012-04-11,4.0,4.0,3.9,3.9,7900
2012-04-12,4.1,4.1,4.0,4.0,23700
2012-04-13,4.0,4.1,4.0,4.1,23200
2012-04-16,4.0,4.2,4.0,4.2,14300
2012-04-17,4.1,4.2,4.1,4.1,7000
2012-04-18,3.9,4.1,3.9,4.1,800
2012-04-19,4.0,4.3,3.9,4.3,37200
2012-04-20,4.2,4.4,4.2,4.4,700
2012-04-23,4.5,4.5,4.5,4.5,200
2012-04-24,4.2,4.2,4.2,4.2,1200
2012-04-25,4.3,4.3,4.0,4.3,1400
2012-04-26,4.2,4.2,4.2,4.2,1000
2012-04-27,4.2,4.2,4.0,4.2,7500
2012-05-02,4.0,4.3,4.0,4.3,21100
2012-05-03,4.5,4.5,4.2,4.3,5900
2012-05-04,4.4,4.4,4.3,4.3,16600
2012-05-07,4.3,4.6,4.3,4.6,170800
2012-05-08,4.9,4.9,4.9,4.9,13100
2012-05-09,5.2,5.2,5.0,5.2,53700
2012-05-10,5.5,5.5,5.1,5.5,41000
2012-05-11,5.2,5.4,5.2,5.2,28500
2012-05-14,4.9,4.9,4.9,4.9,11500
2012-05-15,4.6,4.6,4.6,4.6,12700
2012-05-16,4.3,4.4,4.3,4.4,18100
2012-05-17,4.5,4.5,4.0,4.3,37300
2012-05-18,4.0,4.1,3.9,4.1,11200
2012-05-21,4.2,4.3,4.1,4.2,7200
2012-05-22,4.4,4.4,4.2,4.3,1200
2012-05-23,4.3,4.3,4.3,4.3,0
2012-05-24,4.0,4.0,4.0,4.0,200
2012-05-25,4.0,4.2,3.8,4.2,19900
2012-05-28,4.2,4.2,4.0,4.2,6900
2012-05-29,4.0,4.1,4.0,4.1,900
2012-05-30,4.3,4.3,4.0,4.2,3800
2012-05-31,4.0,4.1,4.0,4.1,2200
2012-06-01,3.9,4.0,3.9,4.0,11400
2012-06-04,3.8,3.8,3.8,3.8,1200
2012-06-05,3.8,3.8,3.8,3.8,1800
2012-06-06,4.0,4.0,4.0,4.0,100
2012-06-07,4.1,4.1,4.0,4.1,2100
2012-06-08,4.1,4.1,3.9,4.1,4100
2012-06-11,4.1,4.1,3.9,4.1,4300
2012-06-12,3.9,3.9,3.9,3.9,3800
2012-06-13,4.1,4.1,4.1,4.1,200
2012-06-14,4.0,4.1,3.9,3.9,5800
2012-06-15,4.0,4.0,4.0,4.0,1000
2012-06-18,4.0,4.1,4.0,4.1,500
2012-06-19,3.9,4.1,3.9,4.1,700
2012-06-20,4.1,4.1,4.1,4.1,0
2012-06-21,4.1,4.1,4.1,4.1,0
2012-06-22,4.1,4.1,4.1,4.1,0
2012-06-25,4.1,4.1,4.1,4.1,0
2012-06-26,4.1,4.1,4.1,4.1,0
2012-06-27,3.9,3.9,3.9,3.9,500
2012-06-28,3.7,3.7,3.7,3.7,100
2012-06-29,3.5,3.7,3.5,3.5,5600
2012-07-02,3.3,3.3,3.3,3.3,1400
2012-07-03,3.1,3.1,3.1,3.1,200
2012-07-04,3.0,3.0,2.9,2.9,600
2012-07-05,2.9,3.1,2.7,3.0,3000
2012-07-06,3.0,3.1,3.0,3.1,200
2012-07-09,3.1,3.3,3.1,3.3,400
2012-07-10,3.3,3.3,3.3,3.3,0
2012-07-11,3.4,3.5,3.4,3.5,300
2012-07-12,3.7,3.7,3.6,3.6,1100
2012-07-13,3.6,3.6,3.6,3.6,0
2012-07-16,3.7,3.8,3.7,3.8,200
2012-07-17,3.8,3.8,3.8,3.8,0
2012-07-18,3.7,3.7,3.7,3.7,400
2012-07-19,3.6,3.7,3.6,3.7,600
2012-07-20,3.7,3.7,3.7,3.7,0
2012-07-23,3.8,3.8,3.8,3.8,100
2012-07-24,3.8,3.8,3.8,3.8,0
2012-07-25,3.8,3.8,3.8,3.8,0
2012-07-26,3.8,3.8,3.8,3.8,0
2012-07-27,3.8,3.8,3.8,3.8,0
2012-07-30,3.8,3.8,3.8,3.8,0
2012-07-31,3.6,3.6,3.6,3.6,100
2012-08-01,3.5,3.5,3.4,3.4,500
2012-08-02,3.6,3.6,3.3,3.3,400
2012-08-03,3.2,3.2,3.1,3.1,11700
2012-08-06,3.3,3.3,3.3,3.3,200
2012-08-07,3.3,3.3,3.3,3.3,0
2012-08-08,3.3,3.3,3.3,3.3,0
2012-08-09,3.3,3.3,3.3,3.3,0
2012-08-10,3.3,3.3,3.3,3.3,0
2012-08-13,3.3,3.3,3.3,3.3,0
2012-08-14,3.3,3.3,3.3,3.3,0
2012-08-15,3.3,3.3,3.3,3.3,0
2012-08-16,3.5,3.5,3.5,3.5,100
2012-08-17,3.5,3.5,3.5,3.5,0
2012-08-20,3.3,3.3,3.3,3.3,5000
2012-08-21,3.1,3.1,3.1,3.1,5000
2012-08-22,2.9,2.9,2.9,2.9,1700
2012-08-23,2.7,2.7,2.7,2.7,2100
2012-08-24,2.6,2.8,2.6,2.8,900
2012-08-27,2.7,2.7,2.7,2.7,3200
2012-08-28,2.7,2.7,2.7,2.7,0
2012-08-29,2.7,2.7,2.7,2.7,100
2012-08-30,2.8,2.8,2.8,2.8,100
2012-08-31,2.7,2.9,2.7,2.9,1600
2012-09-04,2.9,2.9,2.9,2.9,0
2012-09-05,3.1,3.1,3.1,3.1,100
2012-09-06,3.1,3.1,3.1,3.1,0
2012-09-07,3.1,3.1,3.1,3.1,0
2012-09-10,3.1,3.1,3.1,3.1,0
2012-09-11,3.1,3.1,3.1,3.1,0
2012-09-12,3.1,3.1,3.1,3.1,0
2012-09-13,3.1,3.1,3.1,3.1,0
2012-09-14,3.2,3.3,3.2,3.3,800
2012-09-17,3.3,3.3,3.3,3.3,0
2012-09-18,3.5,3.5,3.5,3.5,100
2012-09-19,3.5,3.5,3.5,3.5,0
2012-09-20,3.5,3.5,3.5,3.5,0
2012-09-21,3.5,3.5,3.5,3.5,100
2012-09-24,3.5,3.5,3.5,3.5,0
2012-09-25,3.5,3.5,3.5,3.5,0
2012-09-26,3.5,3.5,3.5,3.5,0
2012-09-27,3.5,3.5,3.5,3.5,0
2012-09-28,3.5,3.5,3.5,3.5,0
2012-10-01,3.5,3.5,3.5,3.5,0
2012-10-02,3.5,3.5,3.5,3.5,0
2012-10-03,3.5,3.5,3.5,3.5,0
2012-10-04,3.5,3.5,3.5,3.5,0
2012-10-05,3.3,3.3,3.3,3.3,200
2012-10-08,3.1,3.1,3.1,3.1,16000
2012-10-09,2.9,2.9,2.9,2.9,200
2012-10-10,2.7,2.7,2.7,2.7,100
2012-10-11,2.7,2.8,2.6,2.8,2100
2012-10-12,2.9,2.9,2.9,2.9,100
2012-10-15,2.9,2.9,2.9,2.9,0
2012-10-16,3.1,3.1,3.1,3.1,100
2012-10-17,3.3,3.3,3.3,3.3,100
2012-10-18,3.3,3.3,3.3,3.3,0
2012-10-19,3.3,3.3,3.3,3.3,0
2012-10-22,3.5,3.5,3.5,3.5,100
2012-10-23,3.5,3.5,3.5,3.5,0
2012-10-24,3.5,3.5,3.5,3.5,0
2012-10-25,3.7,3.7,3.7,3.7,100
2012-10-26,3.7,3.7,3.7,3.7,0
2012-10-29,3.7,3.7,3.7,3.7,0
2012-10-30,3.7,3.7,3.7,3.7,0
2012-10-31,3.7,3.7,3.7,3.7,0
2012-11-01,3.9,3.9,3.9,3.9,100
2012-11-02,3.9,3.9,3.9,3.9,0
2012-11-05,3.9,3.9,3.9,3.9,0
2012-11-06,3.9,3.9,3.9,3.9,0
2012-11-07,4.0,4.0,4.0,4.0,500
2012-11-08,4.0,4.0,4.0,4.0,0
2012-11-09,4.0,4.0,4.0,4.0,0
2012-11-12,4.0,4.0,4.0,4.0,0
2012-11-13,4.0,4.0,4.0,4.0,0
2012-11-14,4.0,4.0,4.0,4.0,1300
2012-11-15,4.0,4.0,4.0,4.0,0
2012-11-16,4.0,4.0,4.0,4.0,0
2012-11-19,4.0,4.0,4.0,4.0,0
2012-11-20,4.0,4.0,4.0,4.0,0
2012-11-21,4.0,4.0,4.0,4.0,0
2012-11-22,4.0,4.0,4.0,4.0,0
2012-11-23,4.0,4.0,4.0,4.0,0
2012-11-26,4.0,4.0,4.0,4.0,0
2012-11-27,4.0,4.0,4.0,4.0,0
2012-11-28,4.0,4.0,4.0,4.0,0
2012-11-29,4.0,4.0,4.0,4.0,0
2012-11-30,4.0,4.0,4.0,4.0,0
2012-12-03,4.0,4.0,4.0,4.0,0
2012-12-04,4.0,4.0,4.0,4.0,0
2012-12-05,4.0,4.0,4.0,4.0,0
2012-12-06,4.0,4.0,4.0,4.0,0
2012-12-07,4.0,4.0,4.0,4.0,0
2012-12-10,4.0,4.0,4.0,4.0,0
2012-12-11,4.0,4.0,4.0,4.0,0
2012-12-12,4.0,4.0,4.0,4.0,0
2012-12-13,4.0,4.0,4.0,4.0,0
2012-12-14,4.0,4.0,4.0,4.0,0
2012-12-17,4.0,4.0,4.0,4.0,0
2012-12-18,4.0,4.0,4.0,4.0,0
2012-12-19,4.0,4.0,4.0,4.0,0
2012-12-20,4.0,4.0,4.0,4.0,0
2012-12-21,4.0,4.0,4.0,4.0,0
2012-12-24,4.0,4.0,4.0,4.0,0
2012-12-25,4.1,4.1,3.9,3.9,1300
2012-12-26,3.9,3.9,3.9,3.9,0
2012-12-27,4.0,4.0,4.0,4.0,100
2012-12-28,4.0,4.0,4.0,4.0,0
2013-01-02,4.0,4.0,4.0,4.0,0
2013-01-03,4.0,4.0,4.0,4.0,0
2013-01-04,4.2,4.2,4.2,4.2,100
2013-01-07,4.2,4.2,4.2,4.2,0
2013-01-08,4.2,4.2,4.2,4.2,0
2013-01-09,4.2,4.2,4.2,4.2,0
2013-01-10,4.2,4.2,4.2,4.2,0
2013-01-11,4.2,4.2,4.2,4.2,0
2013-01-14,4.2,4.2,4.2,4.2,0
2013-01-15,4.2,4.2,4.2,4.2,0
2013-01-16,4.2,4.2,4.2,4.2,0
2013-01-17,4.2,4.2,4.2,4.2,0
2013-01-18,4.2,4.2,4.2,4.2,0
2013-01-21,4.2,4.2,4.2,4.2,0
2013-01-22,4.2,4.2,4.2,4.2,0
2013-01-23,4.2,4.2,4.2,4.2,0
2013-01-24,3.8,3.8,3.8,3.8,200
2013-01-25,3.8,3.8,3.8,3.8,0
2013-01-28,3.5,3.5,3.5,3.5,1100
2013-01-29,3.5,3.5,3.5,3.5,0
2013-01-30,3.5,3.5,3.5,3.5,0
2013-01-31,3.5,3.5,3.5,3.5,0
2013-02-01,3.5,3.5,3.5,3.5,0
2013-02-04,3.2,3.2,3.2,3.2,100
2013-02-05,3.5,3.5,3.5,3.5,100
2013-02-06,3.5,3.5,3.5,3.5,0
2013-02-07,3.5,3.5,3.5,3.5,0
2013-02-08,3.5,3.5,3.5,3.5,0
2013-02-18,3.2,3.2,3.2,3.2,100
2013-02-19,3.2,3.2,3.2,3.2,0
2013-02-20,3.2,3.2,3.2,3.2,0
2013-02-21,3.2,3.2,3.2,3.2,0
2013-02-22,3.5,3.5,3.5,3.5,100
2013-02-25,3.5,3.5,3.5,3.5,0
2013-02-26,3.5,3.5,3.5,3.5,0
2013-02-27,3.5,3.5,3.5,3.5,0
2013-02-28,3.5,3.5,3.5,3.5,0
2013-03-01,3.5,3.5,3.5,3.5,0
2013-03-04,3.2,3.2,3.2,3.2,2000
2013-03-05,3.0,3.0,3.0,3.0,200
2013-03-06,3.0,3.0,3.0,3.0,0
2013-03-07,2.7,2.7,2.7,2.7,1300
2013-03-08,2.5,2.5,2.5,2.5,1200
2013-03-11,2.7,2.7,2.7,2.7,100
2013-03-12,2.7,2.7,2.7,2.7,0
2013-03-13,2.7,2.7,2.7,2.7,0
2013-03-14,2.7,2.7,2.7,2.7,0
2013-03-15,2.7,2.7,2.7,2.7,0
2013-03-18,2.5,2.5,2.5,2.5,100
2013-03-19,2.5,2.5,2.5,2.5,0
2013-03-20,2.4,2.4,2.4,2.4,5000
2013-03-21,2.4,2.4,2.4,2.4,100
2013-03-22,2.6,2.6,2.6,2.6,100
2013-03-25,2.8,2.8,2.4,2.4,2000
2013-03-26,2.6,2.6,2.6,2.6,100
2013-03-27,2.7,2.8,2.7,2.8,300
2013-03-28,2.9,3.0,2.9,3.0,300
2013-03-29,2.8,2.9,2.8,2.9,300
2013-04-01,2.7,3.0,2.7,3.0,400
2013-04-02,2.7,3.3,2.7,3.3,600
2013-04-03,3.3,3.3,3.3,3.3,0
2013-04-04,2.8,3.1,2.8,3.1,300
2013-04-05,3.1,3.1,3.1,3.1,0
2013-04-08,2.8,3.3,2.8,3.3,1900
2013-04-09,3.3,3.3,3.3,3.3,0
2013-04-10,3.3,3.3,3.3,3.3,0
2013-04-11,3.0,3.2,3.0,3.2,300
2013-04-12,3.2,3.2,3.2,3.2,0
2013-04-15,3.2,3.2,3.2,3.2,0
2013-04-16,3.2,3.2,3.2,3.2,0
2013-04-17,3.2,3.2,3.2,3.2,0
2013-04-18,3.2,3.2,3.2,3.2,0
2013-04-22,3.2,3.2,3.2,3.2,0
2013-04-23,3.4,3.4,3.4,3.4,100
2013-04-24,3.4,3.4,3.4,3.4,0
2013-04-25,3.4,3.4,3.4,3.4,0
2013-04-26,3.1,3.3,3.1,3.3,200
2013-05-02,3.3,3.3,3.3,3.3,0
2013-05-03,3.3,3.3,3.3,3.3,0
2013-05-06,3.0,3.0,3.0,3.0,200
2013-05-07,2.7,3.0,2.7,3.0,1000
2013-05-08,2.7,2.7,2.7,2.7,800
2013-05-09,2.7,2.7,2.7,2.7,0
2013-05-10,2.6,2.6,2.6,2.6,2000
2013-05-13,2.4,2.6,2.4,2.6,6000
2013-05-14,2.4,2.6,2.4,2.6,4100
2013-05-15,2.5,2.7,2.5,2.7,500
2013-05-16,2.5,2.8,2.5,2.8,200
2013-05-17,2.5,2.5,2.5,2.5,100
2013-05-20,2.3,2.5,2.3,2.5,5200
2013-05-21,2.5,2.5,2.5,2.5,5100
2013-05-22,2.5,2.5,2.4,2.4,12500
2013-05-23,2.4,2.4,2.4,2.4,0
2013-05-24,2.4,2.4,2.4,2.4,0
2013-05-27,2.4,2.4,2.4,2.4,0
2013-05-28,2.4,2.4,2.4,2.4,800
2013-05-29,2.4,2.4,2.4,2.4,1300
2013-05-30,2.4,2.4,2.4,2.4,0
2013-05-31,2.4,2.4,2.4,2.4,0
2013-06-03,2.6,2.6,2.6,2.6,100
2013-06-04,2.6,2.6,2.6,2.6,0
2013-06-05,2.8,2.8,2.8,2.8,100
2013-06-06,2.6,2.6,2.6,2.6,100
2013-06-07,2.6,2.6,2.6,2.6,0
2013-06-10,2.6,2.6,2.6,2.6,0
2013-06-11,2.4,2.8,2.4,2.8,2300
2013-06-12,2.6,2.6,2.6,2.6,4000
2013-06-13,2.6,2.6,2.6,2.6,0
2013-06-14,2.4,2.6,2.4,2.6,200
2013-06-17,2.4,2.7,2.4,2.7,7700
2013-06-18,2.5,2.6,2.5,2.6,11700
2013-06-19,2.6,2.6,2.6,2.6,0
2013-06-20,2.6,2.6,2.6,2.6,0
2013-06-21,2.6,2.6,2.6,2.6,0
2013-06-24,2.4,2.4,2.4,2.4,7500
2013-06-25,2.3,2.3,2.2,2.2,400
2013-06-26,2.4,2.4,2.4,2.4,100
2013-06-27,2.4,2.4,2.4,2.4,0
2013-06-28,2.6,2.6,2.6,2.6,100
2013-07-01,2.5,2.5,2.4,2.4,700
2013-07-02,2.4,2.4,2.4,2.4,0
2013-07-03,2.4,2.4,2.4,2.4,1700
2013-07-04,2.3,2.5,2.3,2.5,200
2013-07-05,2.3,2.3,2.3,2.3,100
2013-07-08,2.5,2.5,2.5,2.5,100
2013-07-09,2.5,2.5,2.5,2.5,0
2013-07-10,2.5,2.5,2.5,2.5,0
2013-07-11,2.5,2.5,2.5,2.5,0
2013-07-12,2.5,2.5,2.5,2.5,0
2013-07-15,2.5,2.5,2.5,2.5,0
2013-07-16,2.7,2.7,2.3,2.5,600
2013-07-17,2.5,2.5,2.5,2.5,0
2013-07-18,2.4,2.7,2.4,2.7,3000
2013-07-19,2.8,2.8,2.8,2.8,100
2013-07-22,2.8,2.8,2.8,2.8,0
2013-07-23,2.8,2.8,2.8,2.8,0
2013-07-24,2.8,2.8,2.8,2.8,0
2013-07-25,2.9,2.9,2.9,2.9,100
2013-07-26,2.9,2.9,2.9,2.9,0
2013-07-29,2.9,2.9,2.9,2.9,0
2013-07-30,3.1,3.1,3.1,3.1,100
2013-07-31,3.1,3.1,3.1,3.1,0
2013-08-01,3.1,3.1,3.1,3.1,0
2013-08-02,2.8,2.8,2.8,2.8,200
2013-08-05,2.6,2.6,2.6,2.6,200
2013-08-06,2.6,2.6,2.6,2.6,0
2013-08-07,2.6,2.6,2.6,2.6,0
2013-08-08,2.4,2.8,2.4,2.8,200
2013-08-09,2.8,2.8,2.8,2.8,0
2013-08-12,2.6,2.6,2.6,2.6,100
2013-08-13,2.4,2.4,2.4,2.4,2100
2013-08-14,2.2,2.2,2.2,2.2,5200
2013-08-15,2.0,2.0,2.0,2.0,1000
2013-08-16,1.8,2.0,1.8,2.0,200
2013-08-19,2.0,2.0,2.0,2.0,0
2013-08-20,1.8,2.1,1.8,2.0,300
2013-08-21,2.0,2.0,2.0,2.0,1000
2013-08-22,2.0,2.0,2.0,2.0,200
2013-08-23,2.1,2.1,2.1,2.1,100
2013-08-26,2.2,2.2,2.2,2.2,100
2013-08-27,2.2,2.2,2.2,2.2,0
2013-08-28,2.2,2.2,2.2,2.2,0
2013-08-29,2.2,2.2,2.2,2.2,0
2013-08-30,2.1,2.1,2.1,2.1,100
2013-09-03,2.2,2.2,2.2,2.2,100
2013-09-04,2.3,2.3,2.3,2.3,100
2013-09-05,2.4,2.4,2.4,2.4,100
2013-09-06,2.4,2.4,2.4,2.4,0
2013-09-09,2.4,2.4,2.4,2.4,0
2013-09-10,2.4,2.4,2.4,2.4,0
2013-09-11,2.4,2.4,2.4,2.4,0
2013-09-12,2.4,2.4,2.4,2.4,0
2013-09-13,2.4,2.4,2.4,2.4,0
2013-09-16,2.4,2.4,2.4,2.4,0
2013-09-17,2.4,2.4,2.4,2.4,0
2013-09-18,2.6,2.6,2.6,2.6,100
2013-09-19,2.6,2.6,2.6,2.6,0
2013-09-20,2.6,2.6,2.6,2.6,0
2013-09-23,2.6,2.6,2.6,2.6,0
2013-09-24,2.6,2.6,2.6,2.6,0
2013-09-25,2.6,2.6,2.6,2.6,0
2013-09-26,2.6,2.6,2.6,2.6,0
2013-09-27,2.6,2.6,2.6,2.6,0
2013-09-30,2.6,2.6,2.6,2.6,0
2013-10-01,2.6,2.6,2.6,2.6,0
2013-10-02,2.6,2.6,2.6,2.6,0
2013-10-03,2.6,2.6,2.6,2.6,0
2013-10-04,2.6,2.6,2.6,2.6,0
2013-10-07,2.4,2.4,2.4,2.4,100
2013-10-08,2.4,2.4,2.4,2.4,0
2013-10-09,2.2,2.2,2.2,2.2,900
2013-10-10,2.0,2.0,2.0,2.0,600
2013-10-11,2.2,2.2,2.1,2.1,1600
2013-10-14,2.1,2.1,2.1,2.1,0
2013-10-15,2.0,2.3,1.9,2.3,2500
2013-10-16,2.3,2.3,2.3,2.3,0
2013-10-17,2.5,2.5,2.5,2.5,100
2013-10-18,2.5,2.5,2.5,2.5,0
2013-10-21,2.3,2.3,2.3,2.3,100
2013-10-22,2.3,2.3,2.3,2.3,0
2013-10-23,2.1,2.3,2.1,2.3,9100
2013-10-24,2.1,2.1,2.1,2.1,28600
2013-10-25,2.0,2.0,1.9,2.0,14000
2013-10-28,2.1,2.2,2.1,2.2,3900
2013-10-29,2.1,2.1,2.1,2.1,2900
2013-10-30,2.1,2.1,2.1,2.1,11500
2013-10-31,2.2,2.2,2.0,2.2,32800
2013-11-01,2.1,2.2,2.0,2.2,31600
2013-11-04,2.2,2.4,2.2,2.2,3010
2013-11-05,2.3,2.4,2.3,2.4,41700
2013-11-06,2.6,2.6,2.3,2.4,23600
2013-11-07,2.3,2.3,2.3,2.3,2000
2013-11-08,2.2,2.4,2.2,2.4,17400
2013-11-11,2.4,2.5,2.4,2.5,3500
2013-11-12,2.4,2.5,2.4,2.5,25100
2013-11-13,2.4,2.4,2.4,2.4,2300
2013-11-14,2.4,2.4,2.4,2.4,16500
2013-11-15,2.4,2.4,2.4,2.4,1700
2013-11-18,2.5,2.6,2.5,2.6,17900
2013-11-19,2.6,2.8,2.6,2.8,13400
2013-11-20,2.9,3.0,2.9,3.0,13400
2013-11-21,3.0,3.3,2.8,2.9,44600
2013-11-22,2.8,3.1,2.8,2.9,6100
2013-11-25,3.0,3.3,2.9,3.3,1800
2013-11-26,3.0,3.1,3.0,3.0,12600
2013-11-27,3.0,3.0,2.9,3.0,15400
2013-11-28,3.0,3.0,2.8,3.0,7179
2013-11-29,2.8,3.0,2.8,3.0,4000
2013-12-02,3.0,3.0,2.8,2.9,2100
2013-12-03,3.0,3.0,2.9,2.9,6221
2013-12-04,2.8,3.1,2.8,2.9,8300
2013-12-05,3.0,3.0,2.9,3.0,1900
2013-12-06,3.0,3.0,2.9,3.0,23300
2013-12-09,3.1,3.1,3.0,3.0,1700
2013-12-10,2.9,2.9,2.8,2.8,3100
2013-12-11,2.8,2.9,2.8,2.8,18800
2013-12-12,2.9,3.0,2.9,3.0,1400
2013-12-13,3.0,3.0,3.0,3.0,1000
2013-12-16,2.8,2.9,2.8,2.9,1500
2013-12-17,2.9,2.9,2.8,2.8,3400
2013-12-18,2.9,2.9,2.9,2.9,1300
2013-12-19,2.9,3.1,2.9,3.1,19200
2013-12-20,3.3,3.4,3.3,3.4,60200
2013-12-23,3.7,3.7,3.7,3.7,19964
2013-12-24,3.5,3.6,3.4,3.4,52336
2013-12-25,3.7,3.7,3.7,3.7,100
2013-12-26,3.4,3.4,3.4,3.4,7600
2013-12-27,3.4,3.4,3.2,3.4,11800
2013-12-30,3.4,3.4,3.4,3.4,0
2013-12-31,3.4,3.4,3.4,3.4,0
2014-01-02,3.3,3.3,3.1,3.3,19010
2014-01-03,3.0,3.1,3.0,3.0,8300
2014-01-06,3.2,3.2,3.2,3.2,100
2014-01-07,2.9,3.2,2.9,3.0,29310
2014-01-08,3.0,3.0,3.0,3.0,0
2014-01-09,3.0,3.2,3.0,3.1,4700
2014-01-10,3.1,3.4,3.1,3.3,25200
2014-01-13,3.3,3.3,3.1,3.1,3400
2014-01-14,3.1,3.1,3.1,3.1,1400
2014-01-15,3.1,3.1,3.0,3.0,4000
2014-01-16,3.0,3.0,3.0,3.0,1307
2014-01-17,3.0,3.0,3.0,3.0,24210
2014-01-20,3.1,3.1,3.0,3.0,21500
2014-01-21,3.1,3.1,3.0,3.0,10410
2014-01-22,3.0,3.1,3.0,3.1,5100
2014-01-23,3.1,3.2,3.1,3.2,3900
2014-01-24,3.1,3.1,3.1,3.1,3500
2014-01-27,3.1,3.1,3.1,3.1,0
2014-02-06,3.0,3.2,3.0,3.2,3800
2014-02-07,3.2,3.2,3.2,3.2,0
2014-02-10,3.1,3.1,3.1,3.1,214
2014-02-11,3.1,3.1,3.1,3.1,17000
2014-02-12,3.1,3.1,3.1,3.1,0
2014-02-13,3.1,3.1,3.1,3.1,1100
2014-02-14,3.0,3.2,3.0,3.2,7900
2014-02-17,3.1,3.1,3.1,3.1,2600
2014-02-18,3.2,3.3,3.2,3.2,16310
2014-02-19,3.2,3.5,3.2,3.5,16600
2014-02-20,3.3,3.3,3.2,3.2,12200
2014-02-21,3.4,3.4,3.4,3.4,100
2014-02-24,3.4,3.4,3.3,3.4,21700
2014-02-25,3.3,3.5,3.3,3.5,12100
2014-02-26,3.4,3.5,3.4,3.5,16800
2014-02-27,3.4,3.6,3.4,3.6,9400
2014-02-28,3.5,3.6,3.5,3.6,2200
2014-03-03,3.4,3.6,3.4,3.6,2200
2014-03-04,3.5,3.6,3.5,3.6,1192
2014-03-05,3.5,3.6,3.5,3.5,1708
2014-03-06,3.5,3.7,3.5,3.7,7700
2014-03-07,3.5,4.0,3.5,3.8,24763
2014-03-10,3.7,4.1,3.7,4.1,19500
2014-03-11,4.1,4.3,4.1,4.1,18900
2014-03-12,4.2,4.2,4.0,4.2,28205
2014-03-13,4.0,4.1,4.0,4.1,2600
2014-03-14,3.9,4.4,3.9,4.4,54100
2014-03-17,4.6,4.8,4.5,4.8,22753
2014-03-18,5.0,5.2,5.0,5.2,28819
2014-03-19,5.1,5.1,4.7,4.8,18100
2014-03-20,4.8,5.0,4.7,5.0,29300
2014-03-21,5.0,5.1,4.8,4.9,21300
2014-03-24,4.9,5.3,4.9,5.3,28400
2014-03-25,5.3,5.8,5.3,5.8,37065
2014-03-26,5.6,6.0,5.3,5.3,17200
2014-03-27,4.8,5.2,4.8,5.1,7500
2014-03-28,5.4,5.4,4.9,5.2,3110
2014-03-31,5.3,5.3,5.2,5.2,1365
2014-04-01,4.8,5.0,4.7,4.7,6500
2014-04-02,4.5,4.5,4.3,4.3,19500
2014-04-03,4.6,4.7,4.4,4.6,7100
2014-04-04,4.4,4.8,4.3,4.8,8400
2014-04-07,4.4,4.7,4.4,4.4,31210
2014-04-08,4.8,4.8,4.7,4.7,1600
2014-04-10,4.8,4.8,4.8,4.8,2046
2014-04-11,4.6,4.8,4.5,4.8,11400
2014-04-14,4.6,4.6,4.4,4.6,26400
2014-04-15,4.5,4.5,4.2,4.2,11800
2014-04-16,4.0,4.4,3.9,4.4,16200
2014-04-17,4.5,4.5,4.1,4.1,1300
2014-04-18,4.0,4.5,3.8,4.5,1600
2014-04-21,4.1,4.1,4.1,4.1,27800
2014-04-22,3.8,4.1,3.8,3.8,4700
2014-04-23,3.8,4.1,3.7,3.7,1800
2014-04-24,3.8,3.8,3.8,3.8,1010
2014-04-25,4.0,4.1,3.9,3.9,2600
2014-04-28,3.9,4.2,3.7,3.9,7900
2014-04-29,4.2,4.2,4.2,4.2,6000
2014-05-05,3.9,3.9,3.8,3.8,7200
2014-05-06,3.7,4.1,3.6,3.6,5820
2014-05-07,3.6,3.9,3.6,3.9,2600
2014-05-08,4.1,4.1,4.1,4.1,100
2014-05-09,4.3,4.3,4.3,4.3,100
2014-05-12,4.3,4.3,4.3,4.3,0
2014-05-13,3.9,3.9,3.9,3.9,400
2014-05-14,3.9,3.9,3.9,3.9,0
2014-05-15,3.9,3.9,3.8,3.8,6000
2014-05-16,3.8,4.0,3.8,4.0,1900
2014-05-19,3.9,4.2,3.9,4.2,1100
2014-05-20,4.0,4.0,4.0,4.0,12000
2014-05-21,4.0,4.2,4.0,4.2,4400
2014-05-22,4.0,4.0,4.0,4.0,2600
2014-05-23,4.0,4.0,4.0,4.0,3200
2014-05-26,4.0,4.0,4.0,4.0,0
2014-05-27,4.0,4.0,4.0,4.0,6000
2014-05-28,4.0,4.0,4.0,4.0,1000
2014-05-29,4.0,4.2,4.0,4.2,300
2014-05-30,4.1,4.1,4.1,4.1,500
2014-06-02,4.3,4.3,4.3,4.3,100
2014-06-03,4.3,4.3,4.3,4.3,0
2014-06-04,3.9,4.1,3.9,4.1,6000
2014-06-05,4.1,4.5,4.0,4.5,7500
2014-06-06,4.2,4.6,4.1,4.1,1826
2014-06-09,4.1,4.1,3.8,3.8,2300
2014-06-10,3.7,4.1,3.7,4.1,1200
2014-06-11,4.4,4.5,4.4,4.5,7200
2014-06-12,4.5,4.5,4.5,4.5,200
2014-06-13,4.5,4.5,4.5,4.5,300
2014-06-16,4.8,4.8,4.2,4.7,4800
2014-06-17,4.7,4.9,4.7,4.9,3870
2014-06-18,5.0,5.0,5.0,5.0,226
2014-06-19,5.0,5.0,5.0,5.0,0
2014-06-20,5.0,5.0,5.0,5.0,0
2014-06-23,5.0,5.0,5.0,5.0,0
2014-06-24,5.0,5.0,5.0,5.0,0
2014-06-25,5.0,5.0,5.0,5.0,0
2014-06-26,4.5,4.8,4.5,4.8,1100
2014-06-27,4.4,4.4,4.4,4.4,3100
2014-06-30,4.4,4.4,4.4,4.4,0
2014-07-01,4.4,4.4,4.4,4.4,0
2014-07-02,4.4,4.4,4.4,4.4,0
2014-07-03,4.0,4.6,4.0,4.6,600
2014-07-04,4.6,4.6,4.6,4.6,0
2014-07-07,4.6,4.6,4.6,4.6,0
2014-07-08,4.2,4.5,4.2,4.5,3800
2014-07-09,4.5,4.5,4.5,4.5,0
2014-07-10,4.5,4.5,4.5,4.5,0
2014-07-11,4.5,4.5,4.5,4.5,0
2014-07-14,4.5,4.5,4.5,4.5,0
2014-07-15,4.2,4.2,4.1,4.1,3100
2014-07-16,4.1,4.1,4.1,4.1,30
2014-07-17,4.0,4.1,4.0,4.1,3000
2014-07-18,4.1,4.1,4.1,4.1,34
2014-07-21,3.8,3.9,3.8,3.9,1100
2014-07-22,3.9,3.9,3.9,3.9,0
2014-07-23,3.8,3.8,3.8,3.8,100
2014-07-24,4.0,4.1,4.0,4.1,500
2014-07-25,4.4,4.4,4.4,4.4,100
2014-07-28,4.0,4.0,4.0,4.0,400
2014-07-29,4.0,4.0,4.0,4.0,500
2014-07-30,3.8,3.8,3.8,3.8,100
2014-07-31,3.8,3.8,3.8,3.8,0
2014-08-01,4.1,4.1,4.1,4.1,100
2014-08-04,4.1,4.1,4.1,4.1,0
2014-08-05,4.1,4.1,4.1,4.1,1000
2014-08-06,4.3,4.3,4.1,4.1,200
2014-08-07,4.1,4.1,4.1,4.1,0
2014-08-08,4.2,4.5,4.2,4.5,900
2014-08-11,4.5,4.5,4.5,4.5,0
2014-08-12,4.7,4.7,4.7,4.7,100
2014-08-13,4.7,4.7,4.7,4.7,0
2014-08-14,4.3,4.7,4.3,4.7,3400
2014-08-15,4.3,4.3,4.3,4.3,1300
2014-08-18,4.2,4.2,4.2,4.2,700
2014-08-19,4.2,4.2,4.2,4.2,400
2014-08-20,3.9,3.9,3.9,3.9,2000
2014-08-21,3.9,3.9,3.9,3.9,0
2014-08-22,3.8,4.2,3.8,4.2,7900
2014-08-25,4.2,4.2,4.2,4.2,0
2014-08-26,4.0,4.0,4.0,4.0,3500
2014-08-27,4.0,4.0,4.0,4.0,1900
2014-08-28,4.0,4.0,4.0,4.0,0
2014-08-29,4.1,4.1,4.1,4.1,1100
2014-09-03,4.1,4.1,4.1,4.1,0
2014-09-04,4.1,4.1,4.1,4.1,5000
2014-09-05,4.1,4.1,4.1,4.1,5000
2014-09-08,4.0,4.2,4.0,4.2,3200
2014-09-09,4.1,4.2,4.0,4.1,6200
2014-09-10,4.1,4.1,4.1,4.1,0
2014-09-11,4.1,4.1,4.1,4.1,1000
2014-09-12,4.2,4.2,4.2,4.2,100
2014-09-15,4.2,4.2,4.2,4.2,1000
2014-09-16,3.9,3.9,3.9,3.9,100
2014-09-17,4.0,4.2,3.9,4.2,1200
2014-09-18,4.2,4.2,4.2,4.2,0
2014-09-19,4.2,4.2,4.2,4.2,0
2014-09-22,4.1,4.1,4.1,4.1,200
2014-09-23,4.1,4.1,4.1,4.1,0
2014-09-24,4.1,4.1,4.1,4.1,8000
2014-09-25,3.9,3.9,3.9,3.9,1000
2014-09-26,3.8,4.2,3.8,4.2,2300
2014-09-29,4.2,4.2,4.2,4.2,0
2014-09-30,4.2,4.2,4.2,4.2,0
2014-10-01,4.1,4.2,4.1,4.2,10500
2014-10-02,4.2,4.2,4.2,4.2,5900
2014-10-03,4.2,4.2,4.2,4.2,0
2014-10-06,4.2,4.2,4.2,4.2,0
2014-10-07,4.0,4.4,4.0,4.4,900
2014-10-08,4.2,4.2,4.2,4.2,400
2014-10-09,4.2,4.5,4.2,4.5,200
2014-10-10,4.5,4.5,4.5,4.5,0
2014-10-13,4.5,4.5,4.5,4.5,0
2014-10-14,4.5,4.5,4.5,4.5,0
2014-10-15,4.1,4.1,4.1,4.1,900
2014-10-16,4.1,4.1,4.1,4.1,0
2014-10-17,4.1,4.1,4.1,4.1,0
2014-10-20,4.1,4.1,4.1,4.1,0
2014-10-21,4.1,4.1,4.1,4.1,0
2014-10-22,4.1,4.1,4.1,4.1,100
2014-10-23,4.1,4.1,4.1,4.1,0
2014-10-24,4.1,4.1,4.1,4.1,0
2014-10-27,4.1,4.1,4.1,4.1,0
2014-10-28,4.1,4.1,4.1,4.1,100
2014-10-29,4.1,4.1,4.1,4.1,0
2014-10-30,4.2,4.3,4.2,4.3,502
2014-10-31,4.3,4.3,4.3,4.3,100
2014-11-03,4.5,4.5,4.5,4.5,278
2014-11-04,4.5,4.5,4.5,4.5,0
2014-11-05,4.5,4.5,4.5,4.5,22
2014-11-06,4.5,4.5,4.5,4.5,0
2014-11-07,4.5,4.5,4.5,4.5,0
2014-11-10,4.5,4.5,4.5,4.5,0
2014-11-11,4.5,4.5,4.5,4.5,0
2014-11-12,4.5,4.5,4.5,4.5,0
2014-11-13,4.2,4.2,4.2,4.2,100
2014-11-14,3.8,3.8,3.8,3.8,1100
2014-11-17,4.1,4.1,3.6,3.8,14200
2014-11-18,3.8,3.8,3.8,3.8,100
2014-11-19,3.7,3.7,3.6,3.6,22900
2014-11-20,3.6,3.9,3.6,3.9,11500
2014-11-21,4.1,4.2,4.1,4.2,12500
2014-11-24,4.6,4.6,4.6,4.6,11400
2014-11-25,5.0,5.0,4.6,4.6,46600
2014-11-26,4.4,4.4,4.3,4.4,2700
2014-11-27,4.2,4.2,4.0,4.0,19900
2014-11-28,3.8,4.3,3.7,4.3,3000
2014-12-01,3.9,4.0,3.9,4.0,7200
2014-12-02,4.1,4.1,4.1,4.1,100
2014-12-03,3.9,3.9,3.8,3.9,2600
2014-12-04,4.0,4.2,3.8,4.0,12800
2014-12-05,4.0,4.1,3.9,4.1,4200
2014-12-08,4.1,4.1,4.1,4.1,0
2014-12-09,3.9,4.0,3.9,4.0,1800
2014-12-10,3.8,4.1,3.8,4.1,33900
2014-12-11,4.1,4.1,4.1,4.1,0
2014-12-12,4.1,4.1,4.1,4.1,0
2014-12-15,3.8,4.1,3.8,4.1,1470
2014-12-16,4.2,4.2,4.2,4.2,130
2014-12-17,3.8,4.0,3.8,4.0,200
2014-12-18,4.1,4.1,4.1,4.1,100
2014-12-19,4.1,4.1,4.1,4.1,0
2014-12-22,3.9,4.1,3.9,4.1,2100
2014-12-23,4.1,4.1,4.1,4.1,0
2014-12-24,4.1,4.1,4.1,4.1,0
2014-12-25,3.8,4.2,3.8,4.2,600
2014-12-26,4.2,4.2,4.2,4.2,0
2014-12-29,3.8,3.8,3.8,3.8,2700
2014-12-30,3.6,3.9,3.6,3.9,2400
2014-12-31,4.1,4.1,4.1,4.1,100
2015-01-05,3.9,3.9,3.9,3.9,1600
2015-01-06,4.0,4.0,3.9,3.9,4000
2015-01-07,4.0,4.0,3.9,3.9,1500
2015-01-08,3.9,4.1,3.9,4.1,600
2015-01-09,3.9,3.9,3.9,3.9,1000
2015-01-12,3.9,3.9,3.9,3.9,500
2015-01-13,4.0,4.0,3.9,3.9,2180
2015-01-14,3.9,3.9,3.9,3.9,1200
2015-01-15,3.9,3.9,3.8,3.9,1900
2015-01-16,4.1,4.1,3.8,3.9,2920
2015-01-19,3.8,4.0,3.8,4.0,2100
2015-01-20,3.8,3.9,3.8,3.9,1600
2015-01-21,3.9,3.9,3.9,3.9,0
2015-01-22,4.0,4.0,3.7,3.7,2600
2015-01-23,3.8,3.9,3.8,3.9,1000
2015-01-26,3.7,3.7,3.7,3.7,300
2015-01-27,3.8,3.8,3.8,3.8,571
2015-01-28,3.8,3.8,3.8,3.8,1500
2015-01-29,3.8,3.8,3.8,3.8,700
2015-01-30,3.8,3.8,3.8,3.8,900
2015-02-02,3.7,3.7,3.7,3.7,1500
2015-02-03,3.9,3.9,3.9,3.9,100
2015-02-04,3.7,3.7,3.7,3.7,1400
2015-02-05,3.7,3.7,3.6,3.6,900
2015-02-06,3.9,3.9,3.9,3.9,100
2015-02-09,3.9,3.9,3.9,3.9,0
2015-02-10,3.6,3.6,3.6,3.6,1500
2015-02-11,3.6,3.6,3.6,3.6,2100
2015-02-12,3.8,3.8,3.8,3.8,100
2015-02-13,4.0,4.0,4.0,4.0,100
2015-02-24,3.8,3.9,3.8,3.9,1100
2015-02-25,3.9,3.9,3.9,3.9,0
2015-02-26,3.7,3.8,3.7,3.8,2600
2015-02-27,3.6,3.6,3.5,3.6,9300
2015-03-02,3.6,3.6,3.5,3.5,2200
2015-03-03,3.6,3.7,3.6,3.7,4200
2015-03-04,3.7,3.7,3.6,3.6,1400
2015-03-05,3.7,3.7,3.6,3.7,2300
2015-03-06,3.6,3.6,3.6,3.6,5200
2015-03-09,3.7,3.7,3.6,3.7,2926
2015-03-10,3.7,3.7,3.7,3.7,0
2015-03-11,3.6,3.6,3.6,3.6,100
2015-03-12,3.5,3.5,3.4,3.4,5400
2015-03-13,3.4,3.4,3.4,3.4,1300
2015-03-16,3.4,3.4,3.3,3.3,5500
2015-03-17,3.6,3.6,3.4,3.4,1426
2015-03-18,3.3,3.4,3.1,3.4,21600
2015-03-19,3.4,3.4,3.4,3.4,2000
2015-03-20,3.4,3.4,3.4,3.4,3000
2015-03-23,3.3,3.3,3.2,3.3,1400
2015-03-24,3.2,3.2,3.2,3.2,1100
2015-03-25,3.2,3.2,3.2,3.2,0
2015-03-26,3.1,3.2,3.1,3.2,200
2015-03-27,3.3,3.3,3.1,3.3,500
2015-03-30,3.2,3.3,3.2,3.3,500
2015-03-31,3.2,3.2,3.2,3.2,600
2015-04-01,3.2,3.2,3.2,3.2,0
2015-04-02,3.3,3.3,3.3,3.3,100
2015-04-03,3.2,3.2,3.2,3.2,3700
2015-04-06,3.2,3.2,3.2,3.2,0
2015-04-07,3.4,3.4,3.4,3.4,100
2015-04-08,3.4,3.4,3.4,3.4,0
2015-04-09,3.4,3.4,3.4,3.4,0
2015-04-10,3.5,3.5,3.5,3.5,100
2015-04-13,3.5,3.5,3.5,3.5,0
2015-04-14,3.5,3.5,3.5,3.5,0
2015-04-15,3.5,3.5,3.5,3.5,100
2015-04-16,3.4,3.4,3.4,3.4,100
2015-04-17,3.4,3.4,3.4,3.4,100
2015-04-20,3.4,3.4,3.4,3.4,0
2015-04-21,3.4,3.4,3.4,3.4,0
2015-04-22,3.4,3.4,3.4,3.4,0
2015-04-23,3.4,3.4,3.4,3.4,0
2015-04-24,3.3,3.3,3.3,3.3,700
2015-04-27,3.5,3.5,3.5,3.5,100
2015-05-04,3.5,3.5,3.5,3.5,0
2015-05-05,3.5,3.5,3.5,3.5,0
2015-05-06,3.5,3.5,3.5,3.5,0
2015-05-07,3.4,3.4,3.4,3.4,100
2015-05-08,3.5,3.5,3.1,3.1,200
2015-05-11,3.3,3.3,3.3,3.3,200
2015-05-12,3.4,3.4,3.4,3.4,100
2015-05-13,3.2,3.2,3.2,3.2,100
2015-05-14,3.4,3.4,3.4,3.4,100
2015-05-15,3.4,3.4,3.4,3.4,0
2015-05-18,3.4,3.4,3.4,3.4,0
2015-05-19,3.4,3.4,3.4,3.4,0
2015-05-20,3.1,3.1,3.1,3.1,7704
2015-05-21,3.1,3.1,3.1,3.1,0
2015-05-22,3.1,3.1,3.1,3.1,0
2015-05-25,2.8,2.8,2.8,2.8,6000
2015-05-26,2.8,3.0,2.6,2.7,10100
2015-05-27,2.6,2.8,2.6,2.8,500
2015-05-28,2.6,3.0,2.6,3.0,2800
2015-05-29,3.0,3.0,3.0,3.0,0
2015-06-01,3.0,3.0,3.0,3.0,0
2015-06-02,2.7,2.7,2.7,2.7,1600
2015-06-03,2.8,2.8,2.8,2.8,27100
2015-06-04,2.9,3.0,2.7,2.7,2200
2015-06-05,2.8,2.9,2.8,2.9,8100
2015-06-08,2.9,3.1,2.9,3.1,9800
2015-06-09,3.2,3.2,3.2,3.2,300
2015-06-10,2.9,2.9,2.9,2.9,900
2015-06-11,2.9,2.9,2.9,2.9,0
2015-06-12,2.8,3.0,2.8,2.9,8200
2015-06-15,3.0,3.1,2.9,3.1,800
2015-06-16,3.3,3.3,3.3,3.3,100
2015-06-17,3.3,3.3,3.0,3.3,2300
2015-06-18,3.0,3.2,3.0,3.2,1800
2015-06-19,3.1,3.5,3.1,3.5,15300
2015-06-22,3.3,3.6,3.2,3.6,5000
2015-06-23,3.4,3.8,3.4,3.8,7600
2015-06-24,3.8,3.8,3.8,3.8,0
2015-06-25,3.8,3.8,3.8,3.8,100
2015-06-26,3.8,3.8,3.8,3.8,0
2015-06-29,3.8,3.8,3.8,3.8,0
2015-06-30,3.8,3.8,3.8,3.8,0
2015-07-01,3.8,3.8,3.8,3.8,0
2015-07-02,3.5,3.5,3.5,3.5,100
2015-07-03,3.5,3.5,3.5,3.5,0
2015-07-06,3.5,3.5,3.5,3.5,500
2015-07-07,3.5,3.5,3.5,3.5,200
2015-07-08,3.5,3.5,3.5,3.5,0
2015-07-09,3.5,3.5,3.5,3.5,0
2015-07-10,3.5,3.5,3.5,3.5,0
2015-07-13,3.5,3.5,3.5,3.5,0
2015-07-14,3.5,3.5,3.5,3.5,0
2015-07-15,3.5,3.5,3.5,3.5,0
2015-07-16,3.5,3.5,3.5,3.5,0
2015-07-17,3.5,3.5,3.5,3.5,0
2015-07-20,3.5,3.5,3.5,3.5,0
2015-07-21,3.5,3.5,3.5,3.5,0
2015-07-22,3.2,3.2,3.2,3.2,100
2015-07-23,3.1,3.1,3.1,3.1,200
2015-07-24,3.4,3.4,3.4,3.4,170
2015-07-27,3.4,3.4,3.4,3.4,0
2015-07-28,3.4,3.4,3.4,3.4,0
2015-07-29,3.4,3.4,3.4,3.4,0
2015-07-30,3.4,3.4,3.4,3.4,0
2015-07-31,3.1,3.1,3.1,3.1,100
2015-08-03,2.8,3.1,2.8,3.1,2900
2015-08-04,2.9,2.9,2.9,2.9,200
2015-08-05,2.7,2.7,2.7,2.7,1000
2015-08-06,2.7,2.7,2.7,2.7,30
2015-08-07,2.6,2.6,2.6,2.6,200
2015-08-10,2.6,2.6,2.5,2.6,2800
2015-08-11,2.6,2.6,2.6,2.6,1100
2015-08-12,2.8,2.8,2.8,2.8,200
2015-08-13,3.0,3.0,3.0,3.0,200
2015-08-14,3.0,3.0,3.0,3.0,0
2015-08-17,3.0,3.0,3.0,3.0,0
2015-08-18,2.7,2.7,2.7,2.7,200
2015-08-19,2.5,2.7,2.5,2.7,5900
2015-08-20,2.7,2.7,2.7,2.7,0
2015-08-21,2.5,2.5,2.5,2.5,100
2015-08-24,2.5,2.5,2.5,2.5,0
2015-08-25,2.7,2.7,2.7,2.7,100
2015-08-26,2.7,2.7,2.7,2.7,0
2015-08-27,2.7,2.7,2.7,2.7,0
2015-08-28,2.7,2.7,2.7,2.7,0
2015-08-31,2.7,2.7,2.7,2.7,0
2015-09-01,2.7,2.7,2.7,2.7,0
2015-09-03,2.7,2.7,2.7,2.7,0
2015-09-04,2.7,2.7,2.7,2.7,0
2015-09-07,2.7,2.7,2.7,2.7,0
2015-09-08,2.5,2.5,2.5,2.5,100
2015-09-09,2.3,2.5,2.3,2.5,14300
2015-09-10,2.3,2.5,2.3,2.5,1100
2015-09-11,2.3,2.3,2.3,2.3,3300
2015-09-14,2.1,2.5,2.1,2.4,15800
2015-09-15,2.6,2.6,2.2,2.2,1100
2015-09-16,2.2,2.3,2.0,2.3,21700
2015-09-17,2.5,2.5,2.1,2.2,6200
2015-09-18,2.0,2.1,2.0,2.1,3800
2015-09-21,1.9,2.3,1.9,2.1,5100
2015-09-22,2.0,2.1,1.9,2.1,3900
2015-09-23,2.0,2.0,2.0,2.0,1900
2015-09-24,2.0,2.0,2.0,2.0,400
2015-09-25,2.1,2.2,2.0,2.0,800
2015-09-28,2.0,2.0,2.0,2.0,2700
2015-09-29,2.0,2.0,2.0,2.0,200
2015-09-30,2.0,2.0,1.9,2.0,1900
2015-10-01,2.0,2.2,2.0,2.2,500
2015-10-02,2.2,2.2,2.2,2.2,0
2015-10-05,2.0,2.2,2.0,2.2,2500
2015-10-06,2.0,2.2,2.0,2.0,61000
2015-10-07,2.0,2.2,2.0,2.2,400
2015-10-08,2.0,2.3,2.0,2.3,1400
2015-10-09,2.1,2.1,2.1,2.1,5400
2015-10-12,2.1,2.1,2.1,2.1,11400
2015-10-13,2.1,2.1,2.1,2.1,0
2015-10-14,2.1,2.2,2.1,2.2,2100
2015-10-15,2.0,2.0,2.0,2.0,7600
2015-10-16,2.0,2.0,2.0,2.0,19700
2015-10-19,2.0,2.0,2.0,2.0,1000
2015-10-20,2.0,2.0,2.0,2.0,300
2015-10-21,2.0,2.0,2.0,2.0,0
2015-10-22,2.0,2.0,2.0,2.0,0
2015-10-23,2.1,2.1,2.1,2.1,500
2015-10-26,2.1,2.1,2.1,2.1,0
2015-10-27,2.0,2.0,2.0,2.0,11000
2015-10-28,2.0,2.0,2.0,2.0,1000
2015-10-29,2.0,2.0,2.0,2.0,1700
2015-10-30,2.1,2.1,2.1,2.1,1300
2015-11-02,2.0,2.0,2.0,2.0,1400
2015-11-03,2.0,2.0,2.0,2.0,100
2015-11-04,2.0,2.0,2.0,2.0,0
2015-11-05,2.0,2.0,2.0,2.0,0
2015-11-06,2.1,2.2,2.0,2.2,34900
2015-11-09,2.1,2.1,2.1,2.1,3500
2015-11-10,2.1,2.1,2.1,2.1,0
2015-11-11,2.1,2.1,2.1,2.1,3000
2015-11-12,2.1,2.1,2.1,2.1,1000
2015-11-13,2.1,2.1,2.0,2.0,24300
2015-11-16,2.1,2.1,2.1,2.1,2600
2015-11-17,2.1,2.1,2.1,2.1,0
2015-11-18,2.1,2.2,2.1,2.2,24200
2015-11-19,2.1,2.2,2.1,2.2,39500
2015-11-20,2.2,2.2,2.2,2.2,400
2015-11-23,2.3,2.3,2.2,2.2,1100
2015-11-24,2.1,2.2,2.1,2.2,12900
2015-11-25,2.2,2.2,2.2,2.2,0
2015-11-26,2.1,2.1,2.1,2.1,10100
2015-11-27,2.1,2.1,2.1,2.1,1900
2015-11-30,2.1,2.1,2.1,2.1,51300
2015-12-01,2.2,2.2,2.2,2.2,100
2015-12-02,2.2,2.2,2.2,2.2,200
2015-12-03,2.2,2.2,2.2,2.2,100
2015-12-04,2.1,2.1,2.1,2.1,23000
2015-12-07,2.1,2.1,2.1,2.1,0
2015-12-08,2.1,2.1,2.1,2.1,0
2015-12-09,2.1,2.1,2.1,2.1,0
2015-12-10,2.1,2.1,2.1,2.1,1200
2015-12-11,2.2,2.2,2.2,2.2,100
2015-12-14,2.1,2.2,2.1,2.2,33300
2015-12-15,2.2,2.2,2.2,2.2,0
2015-12-16,2.2,2.2,2.2,2.2,0
2015-12-17,2.1,2.3,2.1,2.3,300
2015-12-18,2.3,2.3,2.3,2.3,0
2015-12-21,2.1,2.1,2.1,2.1,1500
2015-12-22,2.3,2.3,2.2,2.2,1100
2015-12-23,2.2,2.2,2.2,2.2,100
2015-12-24,2.1,2.2,2.1,2.2,200
2015-12-25,2.2,2.2,2.0,2.0,4800
2015-12-28,2.1,2.1,2.1,2.1,1000
2015-12-29,2.1,2.1,2.1,2.1,0
2015-12-30,2.2,2.2,2.2,2.2,100
2015-12-31,2.2,2.2,2.2,2.2,0
2016-01-04,2.2,2.2,2.2,2.2,7200
2016-01-05,2.2,2.2,2.2,2.2,0
2016-01-06,2.3,2.3,2.3,2.3,100
2016-01-07,2.1,2.1,2.1,2.1,1400
2016-01-08,2.1,2.1,2.1,2.1,10800
2016-01-11,2.1,2.1,2.1,2.1,0
2016-01-12,2.2,2.2,2.2,2.2,100
2016-01-13,2.2,2.2,2.2,2.2,0
2016-01-14,2.2,2.2,2.2,2.2,200
2016-01-15,2.2,2.2,2.1,2.1,4700
2016-01-18,2.2,2.2,2.2,2.2,1500
2016-01-19,2.2,2.2,2.2,2.2,2000
2016-01-20,2.2,2.2,2.2,2.2,0
2016-01-21,2.2,2.2,2.2,2.2,0
2016-01-22,2.2,2.2,2.2,2.2,2000
2016-01-25,2.2,2.2,2.2,2.2,0
2016-01-26,2.2,2.2,2.2,2.2,0
2016-01-27,2.3,2.3,2.1,2.1,900
2016-01-28,2.1,2.1,2.1,2.1,0
2016-01-29,2.3,2.3,2.1,2.1,400
2016-02-01,2.3,2.3,2.1,2.1,1600
2016-02-02,2.3,2.3,2.2,2.2,1900
2016-02-03,2.3,2.3,2.2,2.2,1000
2016-02-04,2.2,2.2,2.2,2.2,0
2016-02-05,2.2,2.2,2.2,2.2,0
2016-02-15,2.2,2.2,2.2,2.2,0
2016-02-16,2.1,2.1,2.1,2.1,100
2016-02-17,2.1,2.1,2.1,2.1,0
2016-02-18,2.3,2.3,2.3,2.3,800
2016-02-19,2.2,2.4,2.2,2.4,200
2016-02-22,2.6,2.6,2.6,2.6,100
2016-02-23,2.6,2.6,2.6,2.6,0
2016-02-24,2.7,2.7,2.7,2.7,100
2016-02-25,2.9,2.9,2.5,2.9,300
2016-02-26,2.9,2.9,2.9,2.9,0
2016-02-29,3.1,3.1,2.7,2.7,1300
2016-03-01,2.5,2.5,2.5,2.5,100
2016-03-02,2.7,2.7,2.7,2.7,100
2016-03-03,2.6,2.6,2.6,2.6,100
2016-03-04,2.5,2.8,2.5,2.8,1100
2016-03-07,2.6,2.6,2.6,2.6,500
2016-03-08,2.4,2.4,2.4,2.4,100
2016-03-09,2.4,2.4,2.4,2.4,0
2016-03-10,2.4,2.4,2.4,2.4,0
2016-03-11,2.4,2.4,2.4,2.4,0
2016-03-14,2.3,2.3,2.3,2.3,100
2016-03-15,2.3,2.3,2.3,2.3,0
2016-03-16,2.3,2.3,2.3,2.3,0
2016-03-17,2.5,2.5,2.5,2.5,100
2016-03-18,2.5,2.5,2.5,2.5,0
2016-03-21,2.5,2.5,2.5,2.5,0
2016-03-22,2.5,2.5,2.5,2.5,0
2016-03-23,2.5,2.5,2.5,2.5,0
2016-03-24,2.3,2.6,2.3,2.6,2200
2016-03-25,2.6,2.6,2.6,2.6,0
2016-03-28,2.6,2.6,2.6,2.6,0
2016-03-29,2.6,2.6,2.6,2.6,0
2016-03-30,2.6,2.6,2.6,2.6,0
2016-03-31,2.6,2.6,2.6,2.6,0
2016-04-01,2.5,2.5,2.5,2.5,1000
2016-04-04,2.5,2.5,2.5,2.5,0
2016-04-05,2.5,2.5,2.5,2.5,0
2016-04-06,2.5,2.5,2.5,2.5,200
2016-04-07,2.5,2.5,2.5,2.5,0
2016-04-08,2.5,2.5,2.5,2.5,0
2016-04-11,2.5,2.5,2.5,2.5,0
2016-04-12,2.7,2.7,2.3,2.6,700
2016-04-13,2.4,2.5,2.4,2.5,400
2016-04-14,2.5,2.5,2.5,2.5,0
2016-04-15,2.3,2.5,2.3,2.5,1100
2016-04-19,2.6,2.6,2.6,2.6,100
2016-04-20,2.6,2.6,2.6,2.6,0
2016-04-21,2.4,2.4,2.4,2.4,1900
2016-04-22,2.6,2.6,2.3,2.3,200
2016-04-25,2.2,2.2,2.2,2.2,2900
2016-04-26,2.1,2.1,2.0,2.0,17400
2016-04-27,2.0,2.2,2.0,2.2,3100
2016-04-28,2.2,2.2,2.2,2.2,0
2016-04-29,2.1,2.1,2.1,2.1,13900
2016-05-04,2.1,2.1,2.1,2.1,3200
2016-05-05,2.1,2.1,2.1,2.1,0
2016-05-06,2.1,2.1,2.1,2.1,0
2016-05-09,2.1,2.1,2.1,2.1,0
2016-05-10,2.2,2.3,2.2,2.3,2100
2016-05-11,2.2,2.2,2.2,2.2,5500
2016-05-12,2.2,2.2,2.2,2.2,0
2016-05-13,2.2,2.2,2.2,2.2,0
2016-05-16,2.4,2.4,2.4,2.4,1100
2016-05-17,2.5,2.5,2.2,2.2,2100
2016-05-18,2.2,2.2,2.2,2.2,0
2016-05-19,2.2,2.2,2.0,2.1,2200
2016-05-20,2.2,2.3,2.2,2.3,1100
2016-05-23,2.3,2.3,2.3,2.3,0
2016-05-24,2.3,2.3,2.3,2.3,100
2016-05-25,2.4,2.4,2.4,2.4,700
2016-05-26,2.4,2.4,2.4,2.4,0
2016-05-27,2.5,2.5,2.5,2.5,100
2016-05-30,2.5,2.5,2.5,2.5,0
2016-05-31,2.6,2.6,2.6,2.6,100
2016-06-01,2.6,2.6,2.6,2.6,0
2016-06-02,2.6,2.6,2.6,2.6,0
2016-06-03,2.6,2.6,2.6,2.6,0
2016-06-06,2.4,2.6,2.4,2.6,300
2016-06-07,2.6,2.6,2.6,2.6,0
2016-06-08,2.6,2.6,2.6,2.6,0
2016-06-09,2.6,2.6,2.6,2.6,0
2016-06-10,2.6,2.6,2.6,2.6,0
2016-06-13,2.6,2.6,2.6,2.6,0
2016-06-14,2.6,2.6,2.6,2.6,0
2016-06-15,2.6,2.6,2.6,2.6,0
2016-06-16,2.4,2.4,2.4,2.4,200
2016-06-17,2.4,2.4,2.4,2.4,0
2016-06-20,2.6,2.6,2.6,2.6,100
2016-06-21,2.6,2.6,2.6,2.6,0
2016-06-22,2.4,2.4,2.4,2.4,1000
2016-06-23,2.3,2.3,2.2,2.2,1500
2016-06-24,2.1,2.4,2.1,2.4,4500
2016-06-27,2.4,2.4,2.4,2.4,100
2016-06-28,2.4,2.4,2.4,2.4,0
2016-06-29,2.3,2.3,2.2,2.3,300
2016-06-30,2.3,2.3,2.3,2.3,0
2016-07-01,2.2,2.2,2.2,2.2,1900
2016-07-04,2.2,2.2,2.2,2.2,0
2016-07-05,2.3,2.4,2.0,2.4,1200
2016-07-06,2.2,2.2,2.2,2.2,2700
2016-07-07,2.1,2.1,2.1,2.1,1900
2016-07-08,2.2,2.2,2.1,2.1,2200
2016-07-11,2.1,2.1,2.1,2.1,7500
2016-07-12,2.2,2.2,2.2,2.2,500
2016-07-13,2.2,2.2,2.2,2.2,3300
2016-07-14,2.1,2.1,2.1,2.1,100
2016-07-15,2.2,2.2,2.2,2.2,200
2016-07-18,2.2,2.2,2.2,2.2,0
2016-07-19,2.2,2.2,2.2,2.2,0
2016-07-20,2.2,2.2,2.2,2.2,0
2016-07-21,2.2,2.2,2.2,2.2,0
2016-07-22,2.2,2.2,2.2,2.2,0
2016-07-25,2.2,2.2,2.2,2.2,0
2016-07-26,2.1,2.1,2.1,2.1,5000
2016-07-27,2.2,2.2,2.1,2.1,7200
2016-07-28,2.1,2.1,2.1,2.1,300
2016-07-29,2.1,2.1,2.1,2.1,100
2016-08-01,2.1,2.1,2.1,2.1,0
2016-08-02,2.0,2.0,2.0,2.0,6000
2016-08-03,2.0,2.2,2.0,2.2,5200
2016-08-04,2.0,2.2,2.0,2.2,4800
2016-08-05,2.2,2.2,2.2,2.2,0
2016-08-08,2.2,2.2,2.2,2.2,0
2016-08-09,2.2,2.2,2.2,2.2,0
2016-08-10,2.0,2.0,2.0,2.0,4400
2016-08-11,2.0,2.0,2.0,2.0,0
2016-08-12,2.0,2.0,2.0,2.0,0
2016-08-15,2.0,2.0,2.0,2.0,0
2016-08-16,1.9,1.9,1.9,1.9,500
2016-08-17,1.9,1.9,1.8,1.8,7400
2016-08-18,1.8,1.8,1.8,1.8,0
2016-08-19,1.8,1.8,1.8,1.8,0
2016-08-22,1.8,1.8,1.8,1.8,0
2016-08-23,1.8,1.9,1.8,1.9,2200
2016-08-24,1.9,1.9,1.9,1.9,0
2016-08-25,1.9,1.9,1.9,1.9,0
2016-08-26,2.0,2.0,2.0,2.0,100
2016-08-29,2.0,2.0,2.0,2.0,0
2016-08-30,1.9,1.9,1.9,1.9,100
2016-08-31,1.9,2.0,1.9,2.0,400
2016-09-01,1.9,1.9,1.9,1.9,2000
2016-09-05,2.0,2.0,2.0,2.0,100
2016-09-06,2.2,2.2,2.2,2.2,100
2016-09-07,2.1,2.1,2.1,2.1,500
2016-09-08,2.0,2.2,2.0,2.2,1300
2016-09-09,2.2,2.2,2.2,2.2,0
2016-09-12,2.2,2.2,2.2,2.2,10000
2016-09-13,2.2,2.2,2.2,2.2,0
2016-09-14,2.2,2.2,2.2,2.2,0
2016-09-15,2.0,2.0,2.0,2.0,500
2016-09-16,2.2,2.2,2.2,2.2,121
2016-09-19,2.0,2.0,2.0,2.0,300
2016-09-20,2.0,2.0,2.0,2.0,0
2016-09-21,2.0,2.0,2.0,2.0,0
2016-09-22,2.1,2.1,2.1,2.1,100
2016-09-23,2.1,2.1,2.1,2.1,0
2016-09-26,2.1,2.1,2.1,2.1,0
2016-09-27,2.1,2.1,2.1,2.1,0
2016-09-28,2.1,2.1,2.1,2.1,0
2016-09-29,2.1,2.1,2.1,2.1,0
2016-09-30,1.9,1.9,1.9,1.9,100
2016-10-03,1.9,1.9,1.9,1.9,0
2016-10-04,1.9,1.9,1.9,1.9,0
2016-10-05,1.9,1.9,1.9,1.9,0
2016-10-06,2.0,2.0,2.0,2.0,100
2016-10-07,2.1,2.1,2.1,2.1,100
2016-10-10,2.1,2.1,2.1,2.1,0
2016-10-11,2.1,2.1,2.1,2.1,0
2016-10-12,2.1,2.1,2.1,2.1,0
2016-10-13,2.1,2.1,2.1,2.1,0
2016-10-14,2.1,2.1,2.1,2.1,0
2016-10-17,2.1,2.1,2.1,2.1,0
2016-10-18,2.1,2.1,2.1,2.1,0
2016-10-19,2.1,2.1,2.1,2.1,0
2016-10-20,2.1,2.1,2.1,2.1,0
2016-10-21,2.1,2.1,2.1,2.1,0
2016-10-24,2.1,2.1,2.1,2.1,0
2016-10-25,2.1,2.1,2.1,2.1,0
2016-10-26,2.1,2.1,2.1,2.1,0
2016-10-27,2.3,2.3,2.3,2.3,100
2016-10-28,2.1,2.1,2.1,2.1,100
2016-10-31,2.1,2.1,2.1,2.1,0
2016-11-01,2.1,2.1,2.1,2.1,0
2016-11-02,2.1,2.1,2.1,2.1,0
2016-11-03,1.9,1.9,1.9,1.9,100
2016-11-04,1.9,1.9,1.9,1.9,0
2016-11-07,1.9,1.9,1.9,1.9,0
2016-11-08,1.9,1.9,1.9,1.9,0
2016-11-09,1.8,1.8,1.8,1.8,800
2016-11-10,1.9,1.9,1.9,1.9,200
2016-11-11,1.9,1.9,1.9,1.9,0
2016-11-14,1.9,1.9,1.9,1.9,0
2016-11-15,1.9,1.9,1.9,1.9,0
2016-11-16,2.0,2.0,1.9,1.9,200
2016-11-17,1.9,1.9,1.9,1.9,0
2016-11-18,1.9,1.9,1.9,1.9,0
2016-11-21,1.9,1.9,1.9,1.9,0
2016-11-22,1.9,1.9,1.9,1.9,0
2016-11-23,1.9,1.9,1.9,1.9,0
2016-11-24,1.9,1.9,1.9,1.9,0
2016-11-25,1.8,1.8,1.8,1.8,16900
2016-11-28,1.8,1.9,1.7,1.9,10600
2016-11-29,1.9,1.9,1.9,1.9,0
2016-11-30,1.9,1.9,1.9,1.9,0
2016-12-01,1.8,1.8,1.8,1.8,5200
2016-12-02,1.7,1.7,1.7,1.7,20900
2016-12-05,1.6,1.6,1.6,1.6,59700
2016-12-06,1.7,1.7,1.7,1.7,100
2016-12-07,1.8,1.8,1.6,1.6,9300
2016-12-08,1.7,1.7,1.5,1.6,14800
2016-12-09,1.6,1.6,1.6,1.6,200
2016-12-12,1.7,1.7,1.5,1.7,12100
2016-12-13,1.7,1.7,1.6,1.6,400
2016-12-14,1.6,1.7,1.6,1.7,1100
2016-12-15,1.8,1.8,1.8,1.8,100
2016-12-16,1.7,1.7,1.7,1.7,200
2016-12-19,1.8,1.8,1.6,1.6,200
2016-12-20,1.7,1.7,1.6,1.6,4400
2016-12-21,1.7,1.7,1.5,1.5,14100
2016-12-22,1.6,1.6,1.6,1.6,200
2016-12-23,1.7,1.7,1.6,1.7,600
2016-12-26,1.7,1.7,1.6,1.6,3700
2016-12-27,1.5,1.7,1.5,1.5,5210
2016-12-28,1.6,1.6,1.6,1.6,100
2016-12-29,1.6,1.7,1.6,1.7,5300
2016-12-30,1.7,1.7,1.6,1.6,600
2017-01-03,1.6,1.6,1.5,1.6,18000
2017-01-04,1.6,1.6,1.5,1.5,800
2017-01-05,1.6,1.6,1.6,1.6,300
2017-01-06,1.6,1.6,1.6,1.6,100
2017-01-09,1.6,1.6,1.5,1.5,26500
2017-01-10,1.5,1.5,1.4,1.5,10300
2017-01-11,1.6,1.6,1.5,1.5,200
2017-01-12,1.5,1.5,1.4,1.5,10400
2017-01-13,1.5,1.5,1.4,1.5,3600
2017-01-16,1.5,1.6,1.5,1.5,500
2017-01-17,1.5,1.5,1.4,1.5,13300
2017-01-18,1.5,1.5,1.5,1.5,600
2017-01-19,1.5,1.5,1.4,1.5,8500
2017-01-20,1.5,1.5,1.4,1.5,1300
2017-01-23,1.5,1.5,1.4,1.5,1200
2017-01-24,1.5,1.5,1.5,1.5,100
2017-01-25,1.5,1.5,1.5,1.5,100
2017-02-02,1.5,1.5,1.5,1.5,800
2017-02-03,1.5,1.5,1.5,1.5,300
2017-02-06,1.5,1.5,1.4,1.4,4500
2017-02-07,1.5,1.5,1.4,1.4,600
2017-02-08,1.5,1.5,1.4,1.5,5500
2017-02-09,1.5,1.5,1.4,1.5,6500
2017-02-10,1.5,1.5,1.4,1.5,8600
2017-02-13,1.5,1.6,1.4,1.6,2900
2017-02-14,1.6,1.6,1.5,1.5,1300
2017-02-15,1.5,1.5,1.5,1.5,300
2017-02-16,1.5,1.5,1.4,1.5,6300
2017-02-17,1.5,1.5,1.4,1.5,2200
2017-02-20,1.5,1.6,1.4,1.4,19500
2017-02-21,1.5,1.5,1.5,1.5,20400
2017-02-22,1.6,1.6,1.6,1.6,92500
2017-02-23,1.6,1.6,1.6,1.6,25600
2017-02-24,1.6,1.6,1.5,1.5,200
2017-02-27,1.5,1.5,1.4,1.5,11000
2017-02-28,1.5,1.6,1.5,1.6,13700
2017-03-01,1.5,1.6,1.5,1.6,2600
2017-03-02,1.5,1.6,1.5,1.6,26000
2017-03-03,1.6,1.6,1.6,1.6,3000
2017-03-06,1.6,1.6,1.5,1.6,2200
2017-03-07,1.6,1.6,1.6,1.6,1200
2017-03-08,1.6,1.6,1.5,1.6,5100
2017-03-09,1.6,1.6,1.6,1.6,200
2017-03-10,1.6,1.6,1.6,1.6,600
2017-03-13,1.6,1.6,1.5,1.6,18400
2017-03-14,1.6,1.6,1.5,1.6,5700
2017-03-15,1.6,1.7,1.6,1.7,46500
2017-03-16,1.6,1.7,1.6,1.7,22200
2017-03-17,1.6,1.7,1.6,1.7,3700
2017-03-20,1.6,1.6,1.6,1.6,1118
2017-03-21,1.7,1.7,1.7,1.7,17300
2017-03-22,1.7,1.8,1.7,1.8,35400
2017-03-23,1.8,1.8,1.8,1.8,2500
2017-03-24,1.9,1.9,1.8,1.8,7500
2017-03-27,1.8,1.9,1.7,1.9,52671
2017-03-28,1.8,1.9,1.8,1.9,5780
2017-03-29,1.8,1.8,1.8,1.8,3600
2017-03-30,1.8,1.8,1.7,1.7,600
2017-03-31,1.8,1.8,1.8,1.8,5400
2017-04-03,1.9,1.9,1.9,1.9,100
2017-04-04,1.9,2.0,1.9,2.0,24300
2017-04-05,2.0,2.2,1.8,1.8,25600
2017-04-07,1.9,1.9,1.9,1.9,18700
2017-04-10,2.0,2.0,2.0,2.0,100
2017-04-11,1.9,2.0,1.9,2.0,2100
2017-04-12,1.8,2.0,1.8,2.0,300
2017-04-13,1.8,1.8,1.8,1.8,399
2017-04-14,1.9,1.9,1.7,1.7,42600
2017-04-17,1.8,1.8,1.7,1.7,2000
2017-04-18,1.6,1.8,1.6,1.8,64500
2017-04-19,1.9,1.9,1.9,1.9,100
2017-04-20,1.9,1.9,1.9,1.9,0
2017-04-21,1.8,1.8,1.8,1.8,100
2017-04-24,1.9,1.9,1.7,1.8,10257
2017-04-25,1.7,1.8,1.7,1.8,6100
2017-04-26,1.8,1.8,1.7,1.8,5920
2017-04-27,1.8,1.9,1.8,1.9,53900
2017-04-28,2.0,2.0,1.9,1.9,2600
2017-05-03,1.9,2.0,1.9,2.0,10900
2017-05-04,1.8,2.2,1.8,2.2,4300
2017-05-05,2.0,2.0,2.0,2.0,3000
2017-05-08,2.0,2.0,2.0,2.0,10
2017-05-09,2.1,2.1,2.1,2.1,100
2017-05-10,2.1,2.1,2.1,2.1,0
2017-05-11,2.1,2.1,2.1,2.1,0
2017-05-12,1.9,1.9,1.9,1.9,3200
2017-05-15,2.0,2.0,2.0,2.0,200
2017-05-16,1.9,1.9,1.9,1.9,200
2017-05-17,1.8,1.9,1.8,1.9,600
2017-05-18,2.0,2.0,1.9,2.0,14600
2017-05-19,1.8,1.8,1.8,1.8,2000
2017-05-22,1.9,1.9,1.9,1.9,242
2017-05-23,2.0,2.0,2.0,2.0,100
2017-05-24,1.9,1.9,1.9,1.9,500
2017-05-25,1.8,1.8,1.8,1.8,3500
2017-05-26,1.8,1.9,1.8,1.9,11800
2017-05-29,2.0,2.0,2.0,2.0,11500
2017-05-30,2.0,2.1,2.0,2.0,12100
2017-05-31,1.9,1.9,1.9,1.9,6400
2017-06-01,2.0,2.0,2.0,2.0,3100
2017-06-02,2.0,2.0,2.0,2.0,0
2017-06-05,2.0,2.1,2.0,2.1,7820
2017-06-06,2.1,2.2,2.0,2.2,20900
2017-06-07,2.2,2.3,2.2,2.3,18886
2017-06-08,2.3,2.4,2.2,2.3,4500
2017-06-09,2.2,2.3,2.1,2.3,27677
2017-06-12,2.4,2.4,2.1,2.4,25400
2017-06-13,2.2,2.2,2.2,2.2,3400
2017-06-14,2.0,2.2,2.0,2.2,33612
2017-06-15,2.2,2.2,2.2,2.2,100
2017-06-16,2.0,2.1,2.0,2.0,8878
2017-06-19,1.9,2.1,1.9,2.0,12900
2017-06-20,2.0,2.2,2.0,2.2,44400
2017-06-21,2.3,2.4,2.2,2.4,79710
2017-06-22,2.5,2.6,2.3,2.3,98700
2017-06-23,2.1,2.3,2.1,2.1,35500
2017-06-26,2.3,2.3,2.0,2.3,13110
2017-06-27,2.1,2.3,2.1,2.2,19400
2017-06-28,2.0,2.2,2.0,2.0,12410
2017-06-29,2.0,2.1,2.0,2.1,10750
2017-06-30,2.2,2.2,2.1,2.1,200
2017-07-03,2.1,2.1,2.0,2.0,5600
2017-07-04,2.0,2.1,2.0,2.0,12410
2017-07-05,2.0,2.2,1.9,2.1,67650
2017-07-06,2.3,2.3,2.1,2.1,18300
2017-07-07,2.2,2.2,2.1,2.1,17900
2017-07-10,2.1,2.2,2.0,2.2,9300
2017-07-11,2.1,2.1,2.0,2.0,43703
2017-07-12,2.2,2.2,2.0,2.0,66900
2017-07-13,2.1,2.1,1.9,2.0,22600
2017-07-14,2.0,2.1,2.0,2.1,35550
2017-07-17,2.1,2.1,2.0,2.0,9100
2017-07-18,1.9,2.0,1.9,1.9,15810
2017-07-19,1.9,2.0,1.8,1.9,66153
2017-07-20,2.0,2.0,1.9,1.9,40560
2017-07-21,2.0,2.0,1.9,1.9,2900
2017-07-24,1.9,1.9,1.8,1.9,38300
2017-07-25,2.0,2.0,2.0,2.0,34600
2017-07-26,2.2,2.2,2.0,2.0,14910
2017-07-27,2.0,2.1,2.0,2.0,11400
2017-07-28,2.1,2.1,2.0,2.0,9200
2017-07-31,2.0,2.1,2.0,2.1,15600
2017-08-01,2.1,2.1,2.0,2.1,50900
2017-08-02,2.0,2.0,2.0,2.0,24600
2017-08-03,2.1,2.2,2.1,2.2,49623
2017-08-04,2.1,2.4,2.1,2.4,115200
2017-08-07,2.5,2.6,2.5,2.6,69800
2017-08-08,2.6,2.8,2.6,2.6,171800
2017-08-09,2.4,2.7,2.4,2.5,40710
2017-08-10,2.4,2.4,2.3,2.3,43300
2017-08-11,2.2,2.5,2.1,2.5,87110
2017-08-14,2.4,2.4,2.3,2.3,29700
2017-08-15,2.3,2.3,2.1,2.2,22220
2017-08-16,2.3,2.3,2.1,2.2,62400
2017-08-17,2.1,2.2,2.1,2.2,14000
2017-08-18,2.2,2.2,2.0,2.2,12500
2017-08-21,2.1,2.1,2.0,2.1,32513
2017-08-22,2.0,2.1,2.0,2.0,23401
2017-08-23,2.0,2.2,2.0,2.1,53500
2017-08-24,2.1,2.3,2.1,2.3,37620
2017-08-25,2.2,2.3,2.1,2.1,41750
2017-08-28,2.1,2.1,2.0,2.1,17100
2017-08-29,2.1,2.2,2.0,2.2,36201
2017-08-30,2.1,2.1,2.0,2.0,12900
2017-08-31,2.1,2.2,2.0,2.1,27700
2017-09-01,2.2,2.2,2.1,2.1,3600
2017-09-05,2.1,2.1,2.0,2.0,15800
2017-09-06,2.1,2.1,2.0,2.0,15511
2017-09-07,2.0,2.1,2.0,2.1,600
2017-09-08,2.1,2.1,2.0,2.0,35550
2017-09-11,2.0,2.0,1.9,1.9,10400
2017-09-12,1.9,2.0,1.9,1.9,300
2017-09-13,1.9,2.0,1.8,2.0,35600
2017-09-14,2.0,2.0,1.9,2.0,19400
2017-09-15,2.1,2.1,2.1,2.1,11100
2017-09-18,2.0,2.1,2.0,2.0,5500
2017-09-19,2.0,2.1,2.0,2.0,23300
2017-09-20,2.0,2.1,2.0,2.1,2700
2017-09-21,2.1,2.1,2.0,2.1,17500
2017-09-22,2.0,2.1,2.0,2.0,14600
2017-09-25,2.0,2.1,2.0,2.1,20400
2017-09-26,2.1,2.1,2.0,2.0,500
2017-09-27,2.0,2.0,2.0,2.0,4700
2017-09-28,2.0,2.0,1.9,1.9,1600
2017-09-29,1.9,2.0,1.9,1.9,37300
2017-10-02,2.0,2.0,1.9,2.0,13815
2017-10-03,2.0,2.0,2.0,2.0,7100
2017-10-04,1.9,1.9,1.9,1.9,300
2017-10-05,2.0,2.0,1.9,2.0,400
2017-10-06,1.9,2.0,1.9,1.9,10000
2017-10-09,2.0,2.0,1.8,1.8,1200
2017-10-10,1.8,1.9,1.8,1.9,2300
2017-10-11,1.9,1.9,1.9,1.9,100
2017-10-12,1.9,2.0,1.9,1.9,13600
2017-10-13,1.9,1.9,1.8,1.9,3600
2017-10-16,1.9,1.9,1.9,1.9,600
2017-10-17,1.8,2.0,1.8,2.0,8500
2017-10-18,2.0,2.0,1.9,1.9,900
2017-10-19,2.0,2.0,1.8,1.9,9700
2017-10-20,1.9,1.9,1.8,1.8,1200
2017-10-23,1.9,1.9,1.8,1.8,420
2017-10-24,1.8,1.8,1.8,1.8,3500
2017-10-25,1.8,1.8,1.8,1.8,200
2017-10-26,1.8,1.8,1.8,1.8,700
2017-10-27,1.8,1.9,1.8,1.9,11800
2017-10-30,1.9,1.9,1.9,1.9,500
2017-10-31,1.9,2.0,1.9,1.9,2710
2017-11-01,1.9,2.0,1.9,2.0,4200
2017-11-02,1.9,1.9,1.9,1.9,100
2017-11-03,1.9,1.9,1.9,1.9,0
2017-11-06,1.8,1.8,1.8,1.8,1600
2017-11-07,1.8,1.8,1.8,1.8,1700
2017-11-08,1.9,1.9,1.9,1.9,140
2017-11-09,1.9,1.9,1.9,1.9,100
2017-11-10,1.8,1.8,1.8,1.8,8300
2017-11-13,1.8,1.8,1.7,1.7,4100
2017-11-14,1.7,1.7,1.6,1.6,1000
2017-11-15,1.7,1.7,1.5,1.5,7514
2017-11-16,1.5,1.6,1.4,1.5,9630
2017-11-17,1.6,1.6,1.5,1.6,12000
2017-11-20,1.7,1.7,1.6,1.6,6800
2017-11-21,1.7,1.7,1.6,1.7,12034
2017-11-22,1.7,1.8,1.7,1.7,21600
2017-11-23,1.7,1.8,1.7,1.8,30000
2017-11-24,1.8,1.9,1.8,1.9,56500
2017-11-27,1.9,2.0,1.9,2.0,25223
2017-11-28,2.1,2.2,2.1,2.1,10930
2017-11-29,1.9,2.1,1.9,2.1,24400
2017-11-30,1.9,1.9,1.9,1.9,9500
2017-12-01,1.8,1.8,1.8,1.8,900
2017-12-04,1.7,1.9,1.7,1.9,6200
2017-12-05,2.0,2.0,2.0,2.0,5000
2017-12-06,2.0,2.0,2.0,2.0,1650
2017-12-07,2.0,2.0,2.0,2.0,2100
2017-12-08,1.8,1.8,1.8,1.8,6800
2017-12-11,1.8,1.8,1.8,1.8,14800
2017-12-12,1.9,1.9,1.9,1.9,11400
2017-12-13,1.9,1.9,1.9,1.9,3700
2017-12-14,2.0,2.0,1.9,1.9,8701
2017-12-15,1.9,1.9,1.9,1.9,2113
2017-12-18,1.9,1.9,1.8,1.8,15000
2017-12-19,1.9,1.9,1.9,1.9,5000
2017-12-20,1.9,1.9,1.9,1.9,3002
2017-12-21,1.9,1.9,1.9,1.9,4514
2017-12-22,1.9,1.9,1.8,1.8,5900
2017-12-25,1.9,1.9,1.9,1.9,5002
2017-12-26,1.8,2.0,1.8,1.8,2418
2017-12-27,1.8,1.8,1.7,1.7,1500
2017-12-28,1.8,1.8,1.8,1.8,6100
2017-12-29,1.9,1.9,1.9,1.9,300
2018-01-02,1.9,2.0,1.9,2.0,11300
2018-01-03,1.9,1.9,1.9,1.9,8571
2018-01-04,1.9,2.0,1.9,1.9,600
2018-01-05,1.8,1.9,1.8,1.9,1100
2018-01-08,1.8,1.9,1.8,1.9,11800
2018-01-09,1.8,1.9,1.8,1.9,25050
2018-01-10,1.8,1.9,1.8,1.8,19400
2018-01-11,1.8,1.9,1.8,1.9,20200
2018-01-12,1.9,1.9,1.9,1.9,1110
2018-01-15,1.9,1.9,1.8,1.8,1500
2018-01-16,1.9,1.9,1.9,1.9,9300
2018-01-17,2.0,2.0,2.0,2.0,2145
2018-01-18,2.1,2.1,1.9,1.9,2240
2018-01-19,2.0,2.0,2.0,2.0,100
2018-01-22,2.1,2.1,2.1,2.1,1000
2018-01-23,2.2,2.2,2.2,2.2,200
2018-01-24,2.1,2.2,2.1,2.2,200
2018-01-25,2.2,2.2,2.2,2.2,100
2018-01-26,2.2,2.2,2.2,2.2,0
2018-01-29,2.1,2.2,2.0,2.0,2200
2018-01-30,1.9,2.0,1.8,2.0,8100
2018-01-31,1.9,2.0,1.9,2.0,2500
2018-02-01,2.0,2.0,2.0,2.0,0
2018-02-02,1.8,1.9,1.8,1.9,2700
2018-02-05,1.8,2.0,1.8,1.9,40600
2018-02-06,2.0,2.0,1.8,1.9,1300
2018-02-07,1.9,1.9,1.8,1.9,7225
2018-02-08,1.9,1.9,1.9,1.9,8000
2018-02-09,1.9,1.9,1.9,1.9,7000
2018-02-12,1.8,1.9,1.8,1.9,400
2018-02-13,1.9,1.9,1.9,1.9,2700
2018-02-21,1.9,1.9,1.9,1.9,2000
2018-02-22,1.8,2.0,1.8,2.0,3100
2018-02-23,1.8,2.0,1.8,2.0,2200
2018-02-26,2.0,2.0,2.0,2.0,0
2018-02-27,1.8,1.8,1.8,1.8,2200
2018-02-28,1.8,1.8,1.8,1.8,500
2018-03-01,1.9,1.9,1.9,1.9,100
2018-03-02,1.8,1.9,1.8,1.9,1800
2018-03-05,1.8,1.9,1.8,1.9,8100
2018-03-06,1.8,1.9,1.8,1.9,1300
2018-03-07,1.8,1.9,1.8,1.8,5200
2018-03-08,1.7,1.9,1.7,1.9,4400
2018-03-09,2.0,2.0,2.0,2.0,500
2018-03-12,2.0,2.0,2.0,2.0,0
2018-03-13,2.0,2.0,2.0,2.0,0
2018-03-14,2.0,2.1,1.8,2.1,1600
2018-03-15,1.9,1.9,1.9,1.9,400
2018-03-16,1.8,1.8,1.8,1.8,700
2018-03-19,1.7,1.9,1.7,1.9,200
2018-03-20,1.9,1.9,1.9,1.9,0
2018-03-21,1.8,2.0,1.8,2.0,300
2018-03-22,2.0,2.0,2.0,2.0,100
2018-03-23,2.0,2.0,2.0,2.0,0
2018-03-26,1.8,1.8,1.8,1.8,9900
2018-03-27,1.7,1.9,1.7,1.9,12100
2018-03-28,1.8,1.8,1.8,1.8,3900
2018-03-29,1.7,1.9,1.7,1.9,11622
2018-03-30,1.8,1.8,1.8,1.8,700
2018-04-02,1.8,1.9,1.8,1.9,400
2018-04-03,1.8,1.9,1.8,1.8,2000
2018-04-04,1.7,1.8,1.7,1.8,10200
2018-04-05,1.9,1.9,1.7,1.8,1600
2018-04-06,1.7,1.8,1.7,1.8,4800
2018-04-09,1.7,1.8,1.7,1.8,7000
2018-04-10,1.7,1.8,1.7,1.8,700
2018-04-11,1.8,1.8,1.8,1.8,0
2018-04-12,1.7,1.7,1.7,1.7,500
2018-04-13,1.7,1.8,1.6,1.8,1500
2018-04-16,1.8,1.8,1.8,1.8,0
2018-04-17,1.7,1.8,1.7,1.8,1000
2018-04-18,1.7,1.8,1.7,1.7,1200
2018-04-19,1.6,1.7,1.6,1.7,15200
2018-04-20,1.6,1.7,1.6,1.7,4900
2018-04-23,1.6,1.7,1.6,1.6,10100
2018-04-24,1.5,1.6,1.5,1.6,10200
2018-04-26,1.6,1.6,1.6,1.6,100
2018-04-27,1.5,1.5,1.5,1.5,100
2018-05-02,1.5,1.5,1.4,1.5,3400
2018-05-03,1.5,1.6,1.5,1.5,900
2018-05-04,1.5,1.6,1.4,1.6,7700
2018-05-07,1.5,1.6,1.5,1.6,6700
2018-05-08,1.5,1.5,1.5,1.5,600
2018-05-09,1.5,1.6,1.5,1.6,600
2018-05-10,1.6,1.6,1.6,1.6,100
2018-05-11,1.6,1.6,1.5,1.5,2400
2018-05-14,1.4,1.5,1.4,1.5,17400
2018-05-15,1.4,1.5,1.4,1.5,400
2018-05-16,1.4,1.4,1.4,1.4,3300
2018-05-17,1.3,1.5,1.3,1.5,8500
2018-05-18,1.4,1.4,1.4,1.4,8800
2018-05-21,1.4,1.4,1.3,1.3,15300
2018-05-22,1.3,1.4,1.2,1.4,28400
2018-05-23,1.3,1.3,1.3,1.3,1700
2018-05-24,1.3,1.4,1.3,1.4,7100
2018-05-25,1.4,1.4,1.3,1.3,22400
2018-05-28,1.3,1.4,1.3,1.3,34500
2018-05-29,1.4,1.4,1.4,1.4,23700
2018-05-30,1.5,1.5,1.5,1.5,27700
2018-05-31,1.5,1.6,1.5,1.6,10500
2018-06-01,1.6,1.7,1.6,1.6,5000
2018-06-04,1.6,1.6,1.5,1.6,22400
2018-06-05,1.5,1.5,1.5,1.5,7200
2018-06-06,1.5,1.5,1.5,1.5,11100
2018-06-07,1.5,1.5,1.5,1.5,2200
2018-06-08,1.6,1.6,1.5,1.6,13100
2018-06-11,1.5,1.6,1.5,1.6,4200
2018-06-12,1.5,1.5,1.5,1.5,8900
2018-06-13,1.4,1.6,1.4,1.6,6800
2018-06-14,1.5,1.6,1.5,1.6,300
2018-06-15,1.5,1.5,1.5,1.5,6000
2018-06-18,1.6,1.6,1.6,1.6,5000
2018-06-19,1.5,1.5,1.5,1.5,2200
2018-06-20,1.6,1.6,1.6,1.6,100
2018-06-21,1.6,1.6,1.6,1.6,0
2018-06-22,1.6,1.6,1.6,1.6,0
2018-06-25,1.5,1.5,1.5,1.5,5600
2018-06-26,1.6,1.6,1.6,1.6,100
2018-06-27,1.5,1.5,1.5,1.5,100
2018-06-28,1.4,1.5,1.4,1.5,4000
2018-06-29,1.4,1.5,1.4,1.5,200
2018-07-02,1.4,1.4,1.4,1.4,100
2018-07-03,1.5,1.5,1.3,1.3,900
2018-07-04,1.4,1.4,1.4,1.4,100
2018-07-05,1.4,1.4,1.4,1.4,800
2018-07-06,1.4,1.4,1.4,1.4,0
2018-07-09,1.4,1.4,1.4,1.4,200
2018-07-10,1.4,1.4,1.4,1.4,0
2018-07-11,1.4,1.4,1.4,1.4,1800
2018-07-12,1.5,1.5,1.4,1.4,1600
2018-07-13,1.3,1.4,1.3,1.3,300
2018-07-16,1.3,1.4,1.3,1.4,400
2018-07-17,1.4,1.4,1.4,1.4,0
2018-07-18,1.4,1.4,1.4,1.4,100
2018-07-19,1.5,1.5,1.5,1.5,100
2018-07-20,1.5,1.5,1.5,1.5,0
2018-07-23,1.4,1.5,1.4,1.4,1600
2018-07-24,1.3,1.3,1.3,1.3,700
2018-07-25,1.4,1.4,1.3,1.3,2100
2018-07-26,1.4,1.4,1.3,1.3,2100
2018-07-27,1.3,1.3,1.3,1.3,50
2018-07-30,1.3,1.4,1.3,1.3,3100
2018-07-31,1.3,1.4,1.3,1.4,700
2018-08-01,1.3,1.4,1.3,1.4,800
2018-08-02,1.4,1.4,1.4,1.4,0
2018-08-03,1.3,1.4,1.3,1.4,1600
2018-08-06,1.3,1.4,1.3,1.4,200
2018-08-07,1.4,1.4,1.4,1.4,0
2018-08-08,1.4,1.5,1.3,1.3,900
2018-08-09,1.3,1.4,1.2,1.4,4847
2018-08-10,1.4,1.4,1.3,1.3,1700
2018-08-13,1.3,1.4,1.3,1.4,1500
2018-08-14,1.4,1.5,1.4,1.5,1400
2018-08-15,1.5,1.5,1.5,1.5,0
2018-08-16,1.5,1.5,1.5,1.5,0
2018-08-17,1.4,1.4,1.4,1.4,100
2018-08-20,1.3,1.3,1.3,1.3,200
2018-08-21,1.4,1.4,1.4,1.4,16600
2018-08-22,1.4,1.5,1.4,1.5,300
2018-08-23,1.5,1.5,1.5,1.5,0
2018-08-24,1.4,1.4,1.4,1.4,200
2018-08-27,1.5,1.5,1.5,1.5,100
2018-08-28,1.5,1.5,1.5,1.5,0
2018-08-29,1.4,1.4,1.4,1.4,200
2018-08-30,1.4,1.4,1.3,1.3,700
2018-08-31,1.4,1.4,1.3,1.4,2600
2018-09-04,1.5,1.5,1.5,1.5,100
2018-09-05,1.4,1.4,1.4,1.4,200
2018-09-06,1.4,1.4,1.4,1.4,1500
2018-09-07,1.5,1.5,1.5,1.5,100
2018-09-10,1.5,1.5,1.5,1.5,0
2018-09-11,1.4,1.4,1.4,1.4,2000
2018-09-12,1.4,1.5,1.4,1.5,1300
2018-09-13,1.5,1.5,1.5,1.5,1098
2018-09-14,1.4,1.4,1.4,1.4,200
2018-09-17,1.5,1.5,1.5,1.5,4200
2018-09-18,1.5,1.5,1.5,1.5,700
2018-09-19,1.4,1.4,1.4,1.4,100
2018-09-20,1.4,1.4,1.4,1.4,3700
2018-09-21,1.4,1.4,1.4,1.4,1000
2018-09-24,1.4,1.5,1.4,1.5,1500
2018-09-25,1.5,1.5,1.5,1.5,400
2018-09-26,1.5,1.5,1.5,1.5,0
2018-09-27,1.5,1.5,1.5,1.5,0
2018-09-28,1.4,1.4,1.4,1.4,300
2018-10-01,1.4,1.4,1.4,1.4,0
2018-10-02,1.4,1.5,1.4,1.5,10100
2018-10-03,1.4,1.5,1.4,1.5,10800
2018-10-04,1.5,1.5,1.5,1.5,0
2018-10-05,1.5,1.5,1.5,1.5,0
2018-10-08,1.4,1.4,1.4,1.4,3600
2018-10-09,1.4,1.4,1.4,1.4,21000
2018-10-10,1.4,1.4,1.4,1.4,0
2018-10-11,1.4,1.4,1.3,1.3,1500
2018-10-12,1.3,1.4,1.2,1.4,5500
2018-10-15,1.3,1.3,1.3,1.3,1400
2018-10-16,1.3,1.3,1.3,1.3,5000
2018-10-17,1.4,1.4,1.4,1.4,8500
2018-10-18,1.4,1.5,1.4,1.5,17000
2018-10-19,1.5,1.5,1.5,1.5,0
2018-10-22,1.4,1.5,1.4,1.5,5500
2018-10-23,1.4,1.4,1.4,1.4,800
2018-10-24,1.3,1.5,1.3,1.5,5900
2018-10-25,1.4,1.4,1.4,1.4,3200
2018-10-26,1.4,1.4,1.4,1.4,0
2018-10-29,1.4,1.5,1.4,1.5,6100
2018-10-30,1.5,1.5,1.5,1.5,0
2018-10-31,1.4,1.5,1.4,1.5,4000
2018-11-01,1.4,1.5,1.4,1.5,700
2018-11-02,1.4,1.4,1.4,1.4,200
2018-11-05,1.4,1.4,1.4,1.4,200
2018-11-06,1.4,1.4,1.4,1.4,0
2018-11-07,1.4,1.4,1.3,1.3,1600
2018-11-08,1.4,1.4,1.3,1.3,3201
2018-11-09,1.4,1.4,1.3,1.3,2600
2018-11-12,1.3,1.3,1.3,1.3,0
2018-11-13,1.4,1.4,1.4,1.4,500
2018-11-14,1.5,1.5,1.5,1.5,100
2018-11-15,1.5,1.5,1.5,1.5,0
2018-11-16,1.4,1.4,1.4,1.4,100
2018-11-19,1.3,1.3,1.3,1.3,200
2018-11-20,1.4,1.4,1.3,1.3,1800
2018-11-21,1.4,1.4,1.4,1.4,700
2018-11-22,1.5,1.5,1.5,1.5,100
2018-11-23,1.4,1.4,1.4,1.4,1000
2018-11-26,1.4,1.4,1.4,1.4,0
2018-11-27,1.4,1.4,1.4,1.4,0
2018-11-28,1.4,1.4,1.4,1.4,200
2018-11-29,1.4,1.4,1.4,1.4,0
2018-11-30,1.4,1.4,1.4,1.4,0
2018-12-03,1.3,1.4,1.3,1.4,900
2018-12-04,1.4,1.4,1.4,1.4,200
2018-12-05,1.4,1.5,1.4,1.5,200
2018-12-06,1.5,1.5,1.5,1.5,0
2018-12-07,1.4,1.4,1.4,1.4,300
2018-12-10,1.4,1.4,1.4,1.4,0
2018-12-11,1.3,1.4,1.3,1.4,400
2018-12-12,1.4,1.4,1.4,1.4,0
2018-12-13,1.4,1.4,1.4,1.4,0
2018-12-14,1.4,1.4,1.4,1.4,0
2018-12-17,1.4,1.4,1.4,1.4,0
2018-12-18,1.4,1.5,1.4,1.5,800
2018-12-19,1.5,1.5,1.5,1.5,0
2018-12-20,1.5,1.5,1.5,1.5,0
2018-12-21,1.5,1.5,1.5,1.5,0
2018-12-24,1.5,1.5,1.5,1.5,0
2018-12-25,1.5,1.5,1.5,1.5,0
2018-12-26,1.5,1.5,1.5,1.5,0
2018-12-27,1.5,1.5,1.5,1.5,0
2018-12-28,1.5,1.5,1.5,1.5,0
2019-01-02,1.5,1.5,1.5,1.5,0
2019-01-03,1.5,1.5,1.5,1.5,0
2019-01-04,1.4,1.5,1.4,1.5,8800
2019-01-07,1.5,1.5,1.5,1.5,0
2019-01-08,1.5,1.5,1.5,1.5,0
2019-01-09,1.4,1.5,1.4,1.5,1204
2019-01-10,1.4,1.4,1.4,1.4,26100
2019-01-11,1.4,1.4,1.4,1.4,0
2019-01-14,1.3,1.5,1.3,1.5,200
2019-01-15,1.5,1.5,1.5,1.5,0
2019-01-16,1.5,1.5,1.5,1.5,0
2019-01-17,1.5,1.5,1.5,1.5,0
2019-01-18,1.5,1.5,1.5,1.5,0
2019-01-21,1.6,1.6,1.6,1.6,200
2019-01-22,1.6,1.6,1.6,1.6,0
2019-01-23,1.6,1.6,1.6,1.6,300
2019-01-24,1.6,1.6,1.6,1.6,0
2019-01-25,1.6,1.6,1.6,1.6,0
2019-01-28,1.6,1.6,1.6,1.6,0
2019-01-29,1.6,1.6,1.6,1.6,0
2019-01-30,1.6,1.6,1.6,1.6,0
2019-01-31,1.6,1.6,1.6,1.6,0
2019-02-01,1.7,1.7,1.7,1.7,100
2019-02-11,1.7,1.7,1.7,1.7,0
2019-02-12,1.7,1.7,1.7,1.7,700
2019-02-13,1.7,1.7,1.7,1.7,0
2019-02-14,1.7,1.7,1.7,1.7,0
2019-02-15,1.6,1.6,1.6,1.6,3100
2019-02-18,1.6,1.6,1.6,1.6,1000
2019-02-19,1.6,1.6,1.6,1.6,2100
2019-02-20,1.6,1.6,1.6,1.6,100
2019-02-21,1.6,1.6,1.6,1.6,0
2019-02-22,1.6,1.6,1.6,1.6,0
2019-02-25,1.5,1.6,1.5,1.6,1600
2019-02-26,1.6,1.6,1.6,1.6,0
2019-02-27,1.6,1.7,1.6,1.7,1400
2019-02-28,1.6,1.6,1.6,1.6,1000
2019-03-01,1.5,1.5,1.5,1.5,300
2019-03-04,1.5,1.6,1.5,1.6,400
2019-03-05,1.6,1.6,1.6,1.6,0
2019-03-06,1.5,1.6,1.5,1.5,6270
2019-03-07,1.6,1.6,1.4,1.4,2100
2019-03-08,1.5,1.5,1.5,1.5,100
2019-03-11,1.6,1.6,1.6,1.6,200
2019-03-12,1.5,1.6,1.5,1.6,200
2019-03-13,1.6,1.6,1.6,1.6,0
2019-03-14,1.5,1.5,1.5,1.5,7200
2019-03-15,1.4,1.6,1.4,1.6,200
2019-03-18,1.5,1.6,1.5,1.6,5100
2019-03-19,1.5,1.5,1.5,1.5,100
2019-03-20,1.5,1.5,1.5,1.5,0
2019-03-21,1.5,1.6,1.5,1.6,16500
2019-03-22,1.5,1.5,1.5,1.5,100
2019-03-25,1.4,1.6,1.4,1.6,200
2019-03-26,1.5,1.6,1.5,1.6,200
2019-03-27,1.6,1.6,1.6,1.6,0
2019-03-28,1.5,1.6,1.5,1.6,200
2019-03-29,1.6,1.6,1.6,1.6,0
2019-04-01,1.5,1.5,1.5,1.5,100
2019-04-02,1.5,1.5,1.5,1.5,0
2019-04-03,1.5,1.5,1.5,1.5,0
2019-04-04,1.6,1.6,1.6,1.6,7800
2019-04-05,1.7,1.7,1.6,1.6,600
2019-04-08,1.6,1.7,1.6,1.7,5100
2019-04-09,1.7,1.7,1.6,1.7,7900
2019-04-10,1.7,1.7,1.7,1.7,0
2019-04-11,1.6,1.7,1.6,1.7,300
2019-04-12,1.6,1.7,1.6,1.7,1300
2019-04-16,1.7,1.7,1.6,1.6,800
2019-04-17,1.5,1.5,1.5,1.5,900
2019-04-18,1.5,1.6,1.5,1.5,8100
2019-04-19,1.6,1.6,1.6,1.6,100
2019-04-22,1.5,1.6,1.5,1.6,2500
2019-04-23,1.5,1.7,1.5,1.7,2100
2019-04-24,1.7,1.7,1.7,1.7,50
2019-04-25,1.7,1.8,1.7,1.8,17300
2019-04-26,1.8,1.8,1.8,1.8,6100
2019-05-02,1.7,1.8,1.7,1.8,900
2019-05-03,1.7,1.8,1.7,1.7,8000
2019-05-06,1.7,1.7,1.7,1.7,0
2019-05-07,1.6,1.7,1.6,1.7,1120
2019-05-08,1.7,1.8,1.7,1.8,520
2019-05-09,1.8,1.8,1.8,1.8,0
2019-05-10,1.7,1.7,1.7,1.7,300
2019-05-13,1.8,1.8,1.8,1.8,100
2019-05-14,1.7,1.7,1.7,1.7,500
2019-05-15,1.7,1.7,1.6,1.6,9000
2019-05-16,1.7,1.7,1.7,1.7,100
2019-05-17,1.6,1.6,1.6,1.6,100
2019-05-20,1.6,1.7,1.6,1.7,200
2019-05-21,1.7,1.7,1.6,1.7,700
2019-05-22,1.7,1.7,1.7,1.7,0
2019-05-23,1.6,1.6,1.6,1.6,400
2019-05-24,1.6,1.6,1.5,1.5,8000
2019-05-27,1.6,1.6,1.6,1.6,100
2019-05-28,1.6,1.6,1.6,1.6,0
2019-05-29,1.7,1.7,1.7,1.7,100
2019-05-30,1.6,1.6,1.6,1.6,800
2019-05-31,1.6,1.6,1.6,1.6,0
2019-06-03,1.5,1.5,1.5,1.5,5300
2019-06-04,1.6,1.6,1.4,1.5,6200
2019-06-05,1.5,1.5,1.5,1.5,130
2019-06-06,1.4,1.5,1.4,1.5,4800
2019-06-07,1.4,1.4,1.4,1.4,100
2019-06-10,1.5,1.5,1.4,1.4,1100
2019-06-11,1.4,1.4,1.4,1.4,100
2019-06-12,1.5,1.5,1.5,1.5,3100
2019-06-13,1.4,1.5,1.4,1.5,10100
2019-06-14,1.4,1.5,1.4,1.5,200
2019-06-17,1.4,1.5,1.4,1.5,5300
2019-06-18,1.5,1.5,1.5,1.5,3300
2019-06-19,1.5,1.5,1.5,1.5,4600
2019-06-20,1.4,1.4,1.4,1.4,6500
2019-06-21,1.5,1.5,1.5,1.5,100
2019-06-24,1.5,1.5,1.5,1.5,0
2019-06-25,1.5,1.6,1.4,1.6,37110
2019-06-26,1.6,1.7,1.6,1.6,18300
2019-06-27,1.6,1.6,1.5,1.6,10000
2019-06-28,1.6,1.7,1.6,1.7,12700
2019-07-01,1.6,1.6,1.6,1.6,9800
2019-07-02,1.7,1.7,1.7,1.7,14900
2019-07-03,1.7,1.7,1.6,1.6,4160
2019-07-04,1.7,1.7,1.7,1.7,100
2019-07-05,1.8,1.8,1.8,1.8,4100
2019-07-08,1.9,1.9,1.9,1.9,12000
2019-07-09,2.0,2.0,2.0,2.0,12200
2019-07-10,2.2,2.2,2.2,2.2,5900
2019-07-11,2.4,2.4,2.3,2.4,15200
2019-07-12,2.4,2.4,2.2,2.2,900
2019-07-15,2.0,2.2,2.0,2.0,17100
2019-07-16,2.0,2.2,2.0,2.2,20300
2019-07-17,2.2,2.4,2.2,2.4,400
2019-07-18,2.3,2.5,2.3,2.4,25300
2019-07-19,2.3,2.4,2.3,2.4,200
2019-07-22,2.3,2.5,2.3,2.5,10900
2019-07-23,2.4,2.6,2.4,2.6,5800
2019-07-24,2.5,2.5,2.4,2.4,2000
2019-07-25,2.3,2.4,2.2,2.4,2500
2019-07-26,2.4,2.4,2.4,2.4,0
2019-07-29,2.2,2.2,2.2,2.2,2100
2019-07-30,2.0,2.0,2.0,2.0,100
2019-07-31,1.9,2.2,1.8,1.8,8000
2019-08-01,1.9,1.9,1.9,1.9,100
2019-08-02,2.0,2.0,2.0,2.0,100
2019-08-05,2.0,2.1,1.9,2.1,400
2019-08-06,2.2,2.2,2.2,2.2,100
2019-08-07,2.2,2.3,2.2,2.3,200
2019-08-08,2.3,2.3,2.3,2.3,0
2019-08-09,2.3,2.3,2.3,2.3,0
2019-08-12,2.4,2.4,2.3,2.3,300
2019-08-13,2.1,2.3,2.1,2.3,7000
2019-08-14,2.3,2.3,2.3,2.3,0
2019-08-15,2.3,2.3,2.3,2.3,0
2019-08-16,2.1,2.1,2.1,2.1,600
2019-08-19,2.2,2.2,2.2,2.2,200
2019-08-20,2.0,2.2,2.0,2.2,200
2019-08-21,2.1,2.1,2.1,2.1,200
2019-08-22,2.2,2.2,2.2,2.2,100
2019-08-23,2.2,2.2,2.2,2.2,0
2019-08-26,2.2,2.2,2.2,2.2,0
2019-08-27,2.4,2.4,2.4,2.4,100
2019-08-28,2.2,2.2,2.2,2.2,1600
2019-08-29,2.2,2.3,2.1,2.3,5600
2019-08-30,2.3,2.3,2.3,2.3,100
2019-09-03,2.4,2.4,2.4,2.4,100
2019-09-04,2.4,2.4,2.4,2.4,0
2019-09-05,2.4,2.4,2.4,2.4,0
2019-09-06,2.2,2.2,2.2,2.2,100
2019-09-09,2.2,2.2,2.2,2.2,0
2019-09-10,2.2,2.2,2.2,2.2,0
2019-09-11,2.2,2.2,2.2,2.2,0
2019-09-12,2.2,2.2,2.1,2.2,2400
2019-09-13,2.2,2.3,2.2,2.3,300
2019-09-16,2.3,2.4,2.3,2.4,500
2019-09-17,2.4,2.4,2.4,2.4,0
2019-09-18,2.4,2.4,2.4,2.4,0
2019-09-19,2.2,2.3,2.2,2.3,4900
2019-09-20,2.1,2.1,2.1,2.1,1800
2019-09-23,2.3,2.3,2.3,2.3,100
2019-09-24,2.1,2.1,2.1,2.1,100
2019-09-25,2.2,2.3,2.1,2.1,472
2019-09-26,2.1,2.1,2.1,2.1,0
2019-09-27,2.3,2.3,2.3,2.3,100
2019-09-30,2.3,2.3,2.3,2.3,0
2019-10-01,2.3,2.3,2.3,2.3,0
2019-10-02,2.1,2.1,2.1,2.1,100
2019-10-03,2.3,2.3,2.3,2.3,100
2019-10-04,2.1,2.2,2.1,2.2,1100
2019-10-07,2.2,2.2,2.2,2.2,0
2019-10-08,2.0,2.4,2.0,2.4,24600
2019-10-09,2.5,2.6,2.4,2.5,7800
2019-10-10,2.5,2.5,2.5,2.5,0
2019-10-11,2.4,2.4,2.4,2.4,100
2019-10-14,2.6,2.6,2.6,2.6,100
2019-10-15,2.8,2.8,2.8,2.8,100
2019-10-16,2.8,2.8,2.8,2.8,72
2019-10-17,2.6,2.6,2.6,2.6,100
2019-10-18,2.6,2.6,2.6,2.6,0
2019-10-21,2.4,2.4,2.4,2.4,800
2019-10-22,2.3,2.5,2.3,2.5,1100
2019-10-23,2.7,2.7,2.5,2.5,2100
2019-10-24,2.3,2.3,2.3,2.3,2000
2019-10-25,2.5,2.5,2.5,2.5,100
2019-10-28,2.3,2.3,2.3,2.3,1100
2019-10-29,2.2,2.2,2.1,2.1,7300
2019-10-30,2.3,2.3,2.3,2.3,100
2019-10-31,2.5,2.5,2.5,2.5,128
2019-11-01,2.5,2.5,2.5,2.5,0
2019-11-04,2.5,2.5,2.5,2.5,0
2019-11-05,2.5,2.5,2.5,2.5,0
2019-11-06,2.5,2.5,2.5,2.5,0
2019-11-07,2.5,2.5,2.5,2.5,0
2019-11-08,2.5,2.5,2.5,2.5,0
2019-11-11,2.3,2.3,2.3,2.3,100
2019-11-12,2.3,2.3,2.3,2.3,0
2019-11-13,2.1,2.1,2.1,2.1,100
2019-11-14,2.3,2.3,2.3,2.3,3400
2019-11-15,2.5,2.5,2.1,2.4,1700
2019-11-18,2.4,2.4,2.4,2.4,0
2019-11-19,2.4,2.4,2.4,2.4,0
2019-11-20,2.4,2.4,2.4,2.4,0
2019-11-21,2.4,2.4,2.4,2.4,0
2019-11-22,2.2,2.2,2.2,2.2,100
2019-11-25,2.2,2.2,2.2,2.2,0
2019-11-26,2.0,2.0,2.0,2.0,500
2019-11-27,2.0,2.0,2.0,2.0,100
2019-11-28,2.2,2.2,2.2,2.2,100
2019-11-29,2.0,2.2,2.0,2.2,5100
2019-12-02,2.0,2.2,2.0,2.2,610
2019-12-03,2.0,2.0,2.0,2.0,1200
2019-12-04,2.0,2.0,2.0,2.0,0
2019-12-05,2.2,2.2,2.2,2.2,100
2019-12-06,2.0,2.0,2.0,2.0,100
2019-12-09,1.8,2.2,1.8,2.2,39414
2019-12-10,2.0,2.0,2.0,2.0,400
2019-12-11,1.8,1.8,1.8,1.8,100
2019-12-12,1.9,1.9,1.9,1.9,100
2019-12-13,1.8,1.9,1.8,1.9,5100
2019-12-16,1.9,2.0,1.9,2.0,2300
2019-12-17,2.2,2.2,2.1,2.1,200
2019-12-18,2.3,2.3,2.3,2.3,110
2019-12-19,2.1,2.1,2.1,2.1,1200
2019-12-20,1.9,2.3,1.9,1.9,500
2019-12-23,2.0,2.0,1.9,1.9,200
2019-12-24,1.8,2.0,1.8,2.0,27100
2019-12-25,1.8,1.8,1.8,1.8,2000
2019-12-26,1.7,1.9,1.7,1.9,44100
2019-12-27,2.0,2.0,2.0,2.0,100
2019-12-30,1.8,1.8,1.8,1.8,8600
2019-12-31,1.7,1.7,1.7,1.7,2100
2020-01-02,1.8,1.8,1.8,1.8,2100
2020-01-03,1.9,1.9,1.9,1.9,200
2020-01-06,1.8,1.8,1.8,1.8,200
2020-01-07,1.7,1.8,1.7,1.8,5100
2020-01-08,1.7,1.7,1.7,1.7,3000
2020-01-09,1.6,1.8,1.6,1.8,600
2020-01-10,1.7,1.7,1.7,1.7,100
2020-01-13,1.7,1.7,1.7,1.7,0
2020-01-14,1.7,1.7,1.7,1.7,0
2020-01-15,1.8,1.8,1.8,1.8,100
2020-01-16,1.7,1.7,1.7,1.7,100
2020-01-17,1.6,1.6,1.6,1.6,400
2020-01-20,1.6,1.6,1.6,1.6,0
2020-01-21,1.7,1.7,1.7,1.7,200
2020-01-22,1.7,1.7,1.7,1.7,0
2020-01-30,1.7,1.7,1.7,1.7,0
2020-01-31,1.6,1.6,1.6,1.6,200
2020-02-03,1.5,1.5,1.5,1.5,200
2020-02-04,1.6,1.6,1.6,1.6,100
2020-02-05,1.7,1.7,1.7,1.7,100
2020-02-06,1.6,1.7,1.6,1.7,3100
2020-02-07,1.7,1.7,1.7,1.7,0
2020-02-10,1.7,1.7,1.7,1.7,0
2020-02-11,1.7,1.7,1.7,1.7,0
2020-02-12,1.7,1.7,1.7,1.7,0
2020-02-13,1.7,1.7,1.7,1.7,0
2020-02-14,1.7,1.8,1.7,1.8,2700
2020-02-17,1.7,1.7,1.7,1.7,1100
2020-02-18,1.8,1.8,1.8,1.8,100
2020-02-19,1.8,1.9,1.8,1.9,3300
2020-02-20,1.8,1.8,1.8,1.8,600
2020-02-21,1.9,1.9,1.8,1.8,1100
2020-02-24,1.9,1.9,1.9,1.9,110
2020-02-25,1.8,1.9,1.8,1.8,4900
2020-02-26,1.8,1.8,1.8,1.8,0
2020-02-27,1.9,1.9,1.9,1.9,100
2020-02-28,1.8,1.8,1.8,1.8,2000
2020-03-02,1.7,1.7,1.7,1.7,100
2020-03-03,1.7,1.7,1.7,1.7,700
2020-03-04,1.7,1.7,1.7,1.7,0
2020-03-05,1.8,1.8,1.8,1.8,9500
2020-03-06,1.9,1.9,1.9,1.9,100
2020-03-09,1.8,2.0,1.8,2.0,2300
2020-03-10,1.8,1.9,1.8,1.9,900
2020-03-11,1.9,1.9,1.9,1.9,0
2020-03-12,1.8,2.0,1.8,2.0,1500
2020-03-13,1.8,1.9,1.8,1.8,5700
2020-03-16,1.8,1.9,1.8,1.9,3100
2020-03-17,1.9,1.9,1.9,1.9,0
2020-03-18,1.9,2.0,1.9,2.0,200
2020-03-19,1.8,1.8,1.8,1.8,2000
2020-03-20,1.9,1.9,1.9,1.9,100
2020-03-23,1.8,1.9,1.8,1.9,9500
2020-03-24,1.9,1.9,1.8,1.9,6100
2020-03-25,2.0,2.0,1.8,1.9,11298
2020-03-26,1.8,1.9,1.8,1.9,16200
2020-03-27,1.8,1.8,1.8,1.8,7400
2020-03-30,1.9,1.9,1.8,1.8,6100
2020-03-31,1.9,1.9,1.8,1.9,13056
2020-04-01,1.8,1.9,1.8,1.9,19400
2020-04-03,2.0,2.0,1.8,2.0,15150
2020-04-06,2.0,2.1,2.0,2.1,2200
2020-04-07,2.2,2.2,2.2,2.2,100
2020-04-08,2.0,2.0,2.0,2.0,300
2020-04-09,1.9,2.0,1.9,2.0,10100
2020-04-10,2.2,2.2,2.2,2.2,100
2020-04-13,2.3,2.3,2.0,2.0,300
2020-04-14,1.9,2.0,1.8,2.0,4100
2020-04-15,1.8,2.0,1.8,2.0,10300
2020-04-16,1.8,1.9,1.8,1.9,7400
2020-04-17,1.9,1.9,1.9,1.9,2700
2020-04-20,2.0,2.0,1.8,1.9,5400
2020-04-21,1.9,1.9,1.8,1.8,10200
2020-04-22,1.8,1.8,1.8,1.8,4002
2020-04-23,1.8,1.8,1.8,1.8,2
2020-04-24,1.8,1.8,1.8,1.8,3500
2020-04-27,1.7,1.7,1.7,1.7,13000
2020-04-28,1.8,1.8,1.8,1.8,2000
2020-04-29,1.8,1.8,1.8,1.8,600
2020-05-04,1.8,1.8,1.8,1.8,400
2020-05-05,1.8,1.9,1.8,1.9,10300
2020-05-06,1.8,1.9,1.8,1.9,20100
2020-05-07,1.9,1.9,1.9,1.9,0
2020-05-08,1.9,1.9,1.9,1.9,0
2020-05-11,1.8,2.0,1.8,2.0,652
2020-05-12,2.1,2.1,2.1,2.1,100
2020-05-13,2.1,2.2,2.1,2.2,220
2020-05-14,2.2,2.2,2.2,2.2,0
2020-05-15,2.0,2.0,2.0,2.0,100
2020-05-18,2.2,2.2,2.2,2.2,100
2020-05-19,2.2,2.3,2.0,2.0,500
2020-05-20,1.8,1.8,1.8,1.8,100
2020-05-21,1.8,1.9,1.8,1.8,2200
2020-05-22,1.8,1.9,1.8,1.9,400
2020-05-25,1.8,2.0,1.8,2.0,2100
2020-05-26,2.2,2.2,2.2,2.2,21010
2020-05-27,2.4,2.4,2.3,2.4,19020
2020-05-28,2.5,2.5,2.2,2.5,36300
2020-05-29,2.5,2.7,2.5,2.7,16500
2020-06-01,2.8,2.8,2.5,2.8,4310
2020-06-02,2.8,3.0,2.8,2.8,4314
2020-06-03,2.8,2.8,2.6,2.6,1100
2020-06-04,2.4,2.6,2.4,2.6,1200
2020-06-05,2.4,2.6,2.4,2.6,14712
2020-06-08,2.4,2.5,2.4,2.5,2000
2020-06-09,2.3,2.7,2.3,2.7,2300
2020-06-10,2.7,2.8,2.7,2.8,314
2020-06-11,2.8,2.9,2.8,2.9,500
2020-06-12,2.9,2.9,2.9,2.9,0
2020-06-15,2.7,3.0,2.7,2.7,1100
2020-06-16,2.7,2.7,2.7,2.7,0
2020-06-17,2.5,2.6,2.5,2.5,1600
2020-06-18,2.6,2.6,2.3,2.3,1200
2020-06-19,2.1,2.5,2.1,2.5,610
2020-06-22,2.3,2.6,2.3,2.6,200
2020-06-23,2.8,2.8,2.8,2.8,100
2020-06-24,2.6,2.6,2.6,2.6,100
2020-06-25,2.6,2.6,2.6,2.6,0
2020-06-26,2.4,2.4,2.4,2.4,112
2020-06-29,2.4,2.4,2.4,2.4,1000
2020-06-30,2.2,2.2,2.2,2.2,100
2020-07-01,2.2,2.2,2.2,2.2,0
2020-07-02,2.1,2.1,2.0,2.0,15200
2020-07-03,2.2,2.2,1.9,2.0,500
2020-07-06,2.2,2.2,2.2,2.2,1012
2020-07-07,2.2,2.2,2.2,2.2,0
2020-07-08,2.0,2.4,2.0,2.4,1000
2020-07-09,2.4,2.4,2.4,2.4,100
2020-07-10,2.2,2.2,2.2,2.2,100
2020-07-13,2.2,2.2,2.2,2.2,0
2020-07-14,2.4,2.4,2.1,2.1,200
2020-07-15,2.1,2.1,2.1,2.1,0
2020-07-16,2.1,2.1,2.1,2.1,0
2020-07-17,1.9,1.9,1.9,1.9,1200
2020-07-20,1.9,1.9,1.9,1.9,1000
2020-07-21,2.0,2.0,2.0,2.0,126
2020-07-22,2.1,2.1,2.1,2.1,100
2020-07-23,2.1,2.1,2.1,2.1,0
2020-07-24,1.9,2.2,1.9,2.2,503
2020-07-27,2.0,2.0,2.0,2.0,100
2020-07-28,2.0,2.0,2.0,2.0,0
2020-07-29,2.2,2.2,1.9,2.2,1500
2020-07-30,2.0,2.0,2.0,2.0,100
2020-07-31,2.2,2.2,1.8,2.2,700
2020-08-03,2.0,2.3,2.0,2.3,1800
2020-08-04,2.1,2.3,2.1,2.3,210
2020-08-05,2.3,2.3,2.3,2.3,0
2020-08-06,2.3,2.3,2.3,2.3,0
2020-08-07,2.3,2.3,2.3,2.3,0
2020-08-10,2.3,2.3,2.3,2.3,0
2020-08-11,2.3,2.3,2.3,2.3,0
2020-08-12,2.3,2.3,2.3,2.3,0
2020-08-13,2.3,2.3,2.3,2.3,0
2020-08-14,2.3,2.3,2.3,2.3,0
2020-08-17,2.1,2.1,2.1,2.1,4700
2020-08-18,2.3,2.3,2.3,2.3,100
2020-08-19,2.2,2.2,2.2,2.2,3000
2020-08-20,2.1,2.1,2.0,2.0,5100
2020-08-21,2.2,2.2,2.2,2.2,100
2020-08-24,2.0,2.2,2.0,2.2,7900
2020-08-25,2.0,2.0,2.0,2.0,3013
2020-08-26,2.1,2.1,2.1,2.1,200
2020-08-27,2.1,2.1,2.1,2.1,0
2020-08-28,2.1,2.1,2.1,2.1,0
2020-08-31,2.1,2.1,2.1,2.1,0
2020-09-01,2.1,2.1,2.1,2.1,0
2020-09-03,2.1,2.1,2.0,2.0,350
2020-09-04,2.1,2.1,2.1,2.1,100
2020-09-07,2.1,2.2,2.1,2.2,6100
2020-09-08,2.4,2.4,2.3,2.3,300
2020-09-09,2.1,2.3,2.1,2.3,6200
2020-09-10,2.1,2.1,2.1,2.1,100
2020-09-11,2.1,2.1,2.0,2.1,2800
2020-09-14,2.1,2.1,2.1,2.1,500
2020-09-15,2.2,2.2,2.2,2.2,100
2020-09-16,2.1,2.1,2.1,2.1,1008
2020-09-17,1.9,2.1,1.9,2.1,9600
2020-09-18,2.0,2.2,2.0,2.2,4700
2020-09-21,2.2,2.2,2.2,2.2,10
2020-09-22,2.0,2.0,2.0,2.0,2500
2020-09-23,2.1,2.1,2.1,2.1,210
2020-09-24,2.1,2.1,2.1,2.1,0
2020-09-25,2.0,2.0,2.0,2.0,4500
2020-09-28,2.1,2.1,1.9,1.9,5400
2020-09-29,2.0,2.0,1.9,2.0,1300
2020-09-30,2.0,2.0,2.0,2.0,13
2020-10-01,1.9,1.9,1.9,1.9,300
2020-10-02,2.0,2.0,2.0,2.0,10000
2020-10-05,2.2,2.2,2.2,2.2,200
2020-10-06,2.0,2.2,2.0,2.2,1700
2020-10-07,2.0,2.0,2.0,2.0,5100
2020-10-08,2.2,2.2,2.0,2.0,4100
2020-10-09,2.1,2.1,2.1,2.1,100
2020-10-12,1.9,1.9,1.9,1.9,600
2020-10-13,2.0,2.0,2.0,2.0,5500
2020-10-14,2.1,2.1,2.1,2.1,100
2020-10-15,2.1,2.1,2.1,2.1,0
2020-10-16,1.9,1.9,1.9,1.9,3400
2020-10-19,2.0,2.0,2.0,2.0,300
2020-10-20,2.0,2.0,2.0,2.0,0
2020-10-21,1.9,1.9,1.9,1.9,100
2020-10-22,2.0,2.0,1.8,2.0,15400
2020-10-23,2.0,2.0,2.0,2.0,0
2020-10-26,2.0,2.0,2.0,2.0,0
2020-10-27,2.0,2.0,2.0,2.0,0
2020-10-28,2.0,2.0,2.0,2.0,0
2020-10-29,2.0,2.0,2.0,2.0,0
2020-10-30,2.0,2.0,2.0,2.0,0
2020-11-02,2.0,2.0,2.0,2.0,0
2020-11-03,2.0,2.0,2.0,2.0,0
2020-11-04,2.0,2.0,2.0,2.0,0
2020-11-05,2.0,2.0,2.0,2.0,0
2020-11-06,2.0,2.0,2.0,2.0,0
2020-11-09,1.9,2.0,1.9,2.0,1000
2020-11-10,2.0,2.0,2.0,2.0,0
2020-11-11,2.0,2.0,2.0,2.0,0
2020-11-12,2.0,2.0,2.0,2.0,0
2020-11-13,1.9,1.9,1.8,1.8,3800
2020-11-16,1.8,1.9,1.8,1.9,11100
2020-11-17,2.0,2.0,2.0,2.0,100
2020-11-18,2.0,2.0,2.0,2.0,0
2020-11-19,1.9,1.9,1.9,1.9,600
2020-11-20,1.9,1.9,1.8,1.8,700
2020-11-23,1.8,1.9,1.8,1.9,1100
2020-11-24,1.9,1.9,1.8,1.8,6400
2020-11-25,1.9,1.9,1.9,1.9,800
2020-11-26,1.8,1.8,1.8,1.8,500
2020-11-27,1.8,1.8,1.8,1.8,0
2020-11-30,1.8,1.8,1.8,1.8,0
2020-12-01,1.8,1.8,1.8,1.8,0
2020-12-02,1.8,1.8,1.8,1.8,0
2020-12-03,1.8,1.8,1.8,1.8,0
2020-12-04,1.9,1.9,1.8,1.9,32800
2020-12-07,1.9,1.9,1.9,1.9,3300
2020-12-08,2.0,2.0,2.0,2.0,100
2020-12-09,2.0,2.0,2.0,2.0,0
2020-12-10,1.9,1.9,1.9,1.9,12100
2020-12-11,1.9,2.0,1.9,2.0,5000
2020-12-14,1.9,1.9,1.9,1.9,4600
2020-12-15,2.0,2.0,1.9,1.9,341
2020-12-16,1.9,2.0,1.9,2.0,11171
2020-12-17,2.0,2.0,2.0,2.0,806
2020-12-18,1.9,2.0,1.9,2.0,4100
2020-12-21,1.9,2.0,1.9,2.0,300
2020-12-22,2.0,2.0,2.0,2.0,12700
2020-12-23,2.0,2.1,2.0,2.1,33100
2020-12-24,2.0,2.1,2.0,2.1,2300
2020-12-25,2.0,2.0,2.0,2.0,10034
2020-12-28,2.2,2.2,2.1,2.1,32818
2020-12-29,2.2,2.2,2.1,2.1,200
2020-12-30,2.2,2.2,2.2,2.2,20000
2020-12-31,2.2,2.2,2.1,2.1,11340
2021-01-04,2.1,2.2,2.1,2.2,21250
2021-01-05,2.2,2.3,2.1,2.3,320300
2021-01-06,2.4,2.5,2.4,2.5,18900
2021-01-07,2.5,2.6,2.4,2.6,10600
2021-01-08,2.4,2.4,2.4,2.4,18000
2021-01-11,2.4,2.4,2.2,2.4,102942
2021-01-12,2.4,2.6,2.3,2.6,78200
2021-01-13,2.5,2.5,2.4,2.5,67900
2021-01-14,2.5,2.5,2.4,2.5,82700
2021-01-15,2.5,2.6,2.5,2.5,46800
2021-01-18,2.6,2.7,2.5,2.7,50200
2021-01-19,2.6,2.7,2.5,2.6,19600
2021-01-20,2.5,2.6,2.4,2.4,18200
2021-01-21,2.3,2.6,2.3,2.5,114188
2021-01-22,2.5,2.6,2.4,2.5,17300
2021-01-25,2.5,2.6,2.5,2.5,11602
2021-01-26,2.5,2.5,2.4,2.5,36300
2021-01-27,2.5,2.5,2.3,2.4,37000
2021-01-28,2.3,2.3,2.2,2.2,44000
2021-01-29,2.1,2.3,2.1,2.2,17300
2021-02-01,2.2,2.3,2.1,2.3,3628
2021-02-02,2.1,2.3,2.1,2.3,200
2021-02-03,2.3,2.4,2.2,2.3,8400
2021-02-04,2.2,2.4,2.2,2.3,4100
2021-02-05,2.2,2.4,2.2,2.4,11400
2021-02-08,2.3,2.4,2.3,2.3,4500
2021-02-09,2.3,2.4,2.2,2.4,5900
2021-02-17,2.4,2.5,2.4,2.5,20300
2021-02-18,2.4,2.5,2.4,2.5,9400
2021-02-19,2.4,2.5,2.4,2.5,11900
2021-02-22,2.5,2.5,2.4,2.4,51000
2021-02-23,2.5,2.6,2.5,2.6,16400
2021-02-24,2.8,2.8,2.6,2.6,29900
2021-02-25,2.6,2.6,2.5,2.6,12100
2021-02-26,2.6,2.6,2.5,2.5,21013
2021-03-01,2.7,2.7,2.6,2.7,12900
2021-03-02,2.8,2.9,2.8,2.9,27600
2021-03-03,3.0,3.1,2.7,2.8,14300
2021-03-04,3.0,3.0,2.7,2.8,16200
2021-03-05,2.8,2.8,2.6,2.8,13950
2021-03-08,2.8,3.0,2.7,3.0,22850
2021-03-09,3.0,3.0,2.7,2.7,28640
2021-03-10,2.7,2.8,2.7,2.8,4260
2021-03-11,2.6,2.9,2.6,2.9,22907
2021-03-12,2.7,2.8,2.7,2.8,7800
2021-03-15,2.8,2.8,2.8,2.8,710
2021-03-16,2.7,2.8,2.7,2.8,6000
2021-03-17,2.7,3.0,2.7,3.0,81700
2021-03-18,3.2,3.3,3.2,3.3,50205
2021-03-19,3.5,3.6,3.5,3.6,90155
2021-03-22,3.8,3.9,3.8,3.9,140215
2021-03-23,3.9,4.1,3.8,3.8,41000
2021-03-24,3.8,3.8,3.5,3.5,38800
2021-03-25,3.5,3.5,3.2,3.5,54004
2021-03-26,3.3,3.3,3.2,3.3,25602
2021-03-29,3.4,3.6,3.4,3.6,27800
2021-03-30,3.6,3.9,3.6,3.9,39800
2021-03-31,3.9,4.0,3.6,3.9,26300
2021-04-01,3.7,3.8,3.6,3.7,17700
2021-04-02,3.7,3.8,3.7,3.7,18100
2021-04-05,3.8,3.8,3.6,3.8,33506
2021-04-06,3.8,4.0,3.7,4.0,56003
2021-04-07,4.1,4.4,4.1,4.4,120925
2021-04-08,4.8,4.8,4.4,4.6,106800
2021-04-09,4.6,4.6,4.3,4.6,41900
2021-04-12,4.6,5.0,4.5,5.0,49400
2021-04-13,5.1,5.2,4.6,5.0,49400
2021-04-14,4.9,5.0,4.7,5.0,28200
2021-04-15,4.7,4.8,4.6,4.8,103700
2021-04-16,4.5,4.7,4.4,4.6,53778
2021-04-19,4.6,4.6,4.2,4.4,68400
2021-04-20,4.2,4.4,4.0,4.4,25700
2021-04-22,4.4,4.4,4.0,4.0,44400
2021-04-23,4.0,4.2,3.6,4.2,44300
2021-04-26,4.2,4.2,3.8,3.9,17800
2021-04-27,3.6,4.1,3.6,4.0,52100
2021-04-28,3.6,4.4,3.6,4.2,62300
2021-04-29,4.0,4.2,4.0,4.2,200
2021-05-04,3.8,4.1,3.8,3.9,8200
2021-05-05,3.9,4.1,3.9,4.1,7600
2021-05-06,4.0,4.0,3.7,3.9,29600
2021-05-07,3.7,3.9,3.6,3.6,54100
2021-05-10,3.6,3.6,3.4,3.4,12300
2021-05-11,3.4,3.6,3.4,3.6,4000
2021-05-12,3.6,3.6,3.3,3.5,18050
2021-05-13,3.5,3.6,3.5,3.6,35600
2021-05-14,3.7,3.7,3.5,3.5,12400
2021-05-17,3.5,3.6,3.5,3.5,35900
2021-05-18,3.5,3.7,3.5,3.7,14750
2021-05-19,3.6,3.7,3.5,3.5,9400
2021-05-20,3.6,3.7,3.6,3.6,4300
2021-05-21,3.6,3.6,3.6,3.6,3500
2021-05-24,3.6,3.6,3.6,3.6,3000
2021-05-25,3.5,3.7,3.5,3.7,2100
2021-05-26,3.7,3.7,3.6,3.7,20100
2021-05-27,3.6,3.6,3.6,3.6,300
2021-05-28,3.6,3.8,3.6,3.7,1300
2021-05-31,3.5,3.7,3.5,3.7,700
2021-06-01,3.6,3.6,3.4,3.6,9600
2021-06-02,3.6,3.7,3.6,3.7,200
2021-06-03,3.7,3.8,3.7,3.7,28400
2021-06-04,3.7,3.8,3.7,3.8,11700
2021-06-07,3.8,3.9,3.6,3.8,20900
2021-06-08,3.7,3.7,3.6,3.7,9100
2021-06-09,3.7,3.8,3.6,3.8,2010
2021-06-10,3.8,3.8,3.8,3.8,700
2021-06-11,3.8,3.8,3.5,3.6,50600
2021-06-14,3.5,3.7,3.3,3.5,28600
2021-06-15,3.3,3.6,3.2,3.6,86300
2021-06-16,3.6,3.6,3.4,3.4,2500
2021-06-17,3.4,3.4,3.4,3.4,3500
2021-06-18,3.4,3.5,3.4,3.4,28200
2021-06-21,3.5,3.5,3.5,3.5,9900
2021-06-22,3.5,3.6,3.5,3.6,17114
2021-06-23,3.6,3.6,3.4,3.6,17900
2021-06-24,3.6,3.6,3.5,3.6,1500
2021-06-25,3.6,3.6,3.6,3.6,4200
2021-06-28,3.6,3.6,3.5,3.5,5100
2021-06-29,3.6,3.6,3.6,3.6,1400
2021-06-30,3.6,3.6,3.5,3.5,6100
2021-07-01,3.5,3.5,3.5,3.5,600
2021-07-02,3.5,3.5,3.4,3.5,2000
2021-07-05,3.5,3.5,3.5,3.5,1200
2021-07-06,3.4,3.4,3.3,3.3,2100
2021-07-07,3.2,3.3,3.2,3.3,1100
2021-07-08,3.3,3.4,3.3,3.4,2500
2021-07-09,3.4,3.4,3.1,3.1,1400
2021-07-12,2.9,2.9,2.8,2.9,10500
2021-07-13,2.9,3.1,2.9,3.1,5800
2021-07-14,3.1,3.3,3.1,3.3,2300
2021-07-15,3.3,3.3,3.3,3.3,400
2021-07-16,3.0,3.2,3.0,3.2,300
2021-07-19,3.0,3.0,3.0,3.0,2700
2021-07-20,3.0,3.0,3.0,3.0,1900
2021-07-21,2.9,2.9,2.9,2.9,100
2021-07-22,3.0,3.1,3.0,3.1,2000
2021-07-23,3.0,3.0,3.0,3.0,1200
2021-07-26,3.1,3.3,3.0,3.2,11700
2021-07-27,3.2,3.3,3.2,3.2,1100
2021-07-28,3.4,3.4,3.4,3.4,100
2021-07-29,3.4,3.4,3.1,3.4,11200
2021-07-30,3.1,3.3,3.1,3.3,400
2021-08-02,3.1,3.3,3.1,3.3,1300
2021-08-03,3.3,3.3,3.3,3.3,100
2021-08-04,3.0,3.2,3.0,3.2,3400
2021-08-05,3.2,3.3,3.2,3.3,4700
2021-08-06,3.1,3.3,3.1,3.3,5200
2021-08-09,3.2,3.3,3.1,3.3,7100
2021-08-10,3.2,3.2,3.1,3.2,1300
2021-08-11,3.1,3.2,3.1,3.2,17310
2021-08-12,3.2,3.2,3.1,3.2,1700
2021-08-13,3.2,3.2,3.2,3.2,4500
2021-08-16,3.2,3.2,2.9,3.1,5200
2021-08-17,3.0,3.4,2.9,3.3,46800
2021-08-18,3.1,3.3,3.1,3.3,1100
2021-08-19,3.2,3.3,3.1,3.3,20900
2021-08-20,3.1,3.4,3.1,3.4,13200
2021-08-23,3.2,3.3,3.1,3.3,31000
2021-08-24,3.1,3.3,3.0,3.1,4810
2021-08-25,3.0,3.1,3.0,3.1,500
2021-08-26,3.1,3.2,2.9,2.9,8700
2021-08-27,3.1,3.1,3.0,3.1,14300
2021-08-30,3.3,3.4,3.1,3.4,41510
2021-08-31,3.4,3.6,3.4,3.6,39930
2021-09-01,3.7,3.9,3.6,3.6,68600
2021-09-06,3.5,3.9,3.4,3.9,43335
2021-09-07,4.1,4.1,3.6,3.8,45900
2021-09-08,3.7,3.8,3.5,3.5,49728
2021-09-09,3.5,3.7,3.5,3.7,21105
2021-09-10,3.6,3.6,3.5,3.6,24800
2021-09-13,3.5,3.8,3.4,3.8,33200
2021-09-14,3.7,4.1,3.6,4.1,183805
2021-09-15,4.2,4.3,3.9,4.2,47260
2021-09-16,4.2,4.2,3.9,4.0,16300
2021-09-17,3.9,4.0,3.7,4.0,28000
2021-09-20,4.0,4.4,4.0,4.4,49700
2021-09-21,4.4,4.4,4.2,4.3,44663
2021-09-22,4.3,4.7,4.3,4.7,66134
2021-09-23,4.8,4.9,4.4,4.5,67745
2021-09-24,4.4,4.8,4.4,4.5,18234
2021-09-27,4.4,4.4,4.1,4.3,33807
2021-09-28,4.1,4.7,3.9,4.5,32436
2021-09-29,4.3,4.5,4.1,4.5,4303
2021-09-30,4.4,4.5,4.1,4.2,25400
2021-10-01,4.1,4.1,3.8,4.1,18900
2021-10-04,3.8,4.1,3.8,4.0,20275
2021-10-05,3.8,3.9,3.8,3.8,13600
2021-10-06,3.8,4.0,3.8,3.9,18300
2021-10-07,3.9,4.1,3.9,4.0,22200
2021-10-08,4.0,4.2,4.0,4.1,14218
2021-10-11,4.1,4.2,4.0,4.0,9400
2021-10-12,3.9,4.0,3.9,3.9,9905
2021-10-13,4.0,4.2,4.0,4.1,24123
2021-10-14,4.1,4.2,4.1,4.2,9619
2021-10-15,4.2,4.6,4.0,4.6,247183
2021-10-18,4.9,5.0,4.6,5.0,115633
2021-10-19,5.1,5.5,5.1,5.5,112405
2021-10-20,5.9,6.0,5.5,6.0,118500
2021-10-21,6.6,6.6,6.2,6.6,283100
2021-10-22,6.8,7.2,6.6,7.2,122800
2021-10-25,7.2,7.9,7.2,7.9,61755
2021-10-26,8.6,8.6,7.2,7.8,143360
2021-10-27,7.8,7.8,7.1,7.4,102700
2021-10-28,7.4,8.1,7.0,8.1,89355
2021-10-29,8.3,8.3,7.5,7.8,63851
2021-11-01,7.6,8.4,7.6,7.8,58805
2021-11-02,7.8,7.9,7.6,7.8,41300
2021-11-03,7.7,7.9,7.5,7.5,77520
2021-11-04,7.5,7.6,7.1,7.6,61518
2021-11-05,7.6,7.6,7.2,7.5,24402
2021-11-08,7.2,7.5,7.0,7.3,54818
2021-11-09,7.2,7.3,7.2,7.3,34100
2021-11-10,7.4,8.0,7.4,7.6,43500
2021-11-11,7.6,7.7,7.4,7.5,50629
2021-11-12,7.6,8.2,7.6,8.2,151486
2021-11-15,8.2,9.0,8.2,9.0,85500
2021-11-16,9.6,9.9,9.6,9.9,174939
2021-11-17,10.8,10.8,9.7,10.8,197876
2021-11-18,10.8,11.8,10.8,11.4,121208
2021-11-19,11.4,11.4,10.3,10.3,55155
2021-11-22,9.4,9.4,9.3,9.3,23410
2021-11-23,8.4,8.4,8.4,8.4,9400
2021-11-24,7.6,9.1,7.6,8.0,116805
2021-11-25,8.0,8.8,8.0,8.8,42423
2021-11-26,9.6,9.6,9.5,9.6,51510
2021-11-29,10.0,10.5,8.7,9.1,117491
2021-11-30,8.7,9.4,8.4,9.1,73600
2021-12-01,9.1,10.0,9.1,10.0,73435
2021-12-02,10.1,11.0,10.0,10.1,85300
2021-12-03,10.1,10.1,9.7,9.7,31510
2021-12-06,9.0,9.9,8.8,8.9,22800
2021-12-07,8.9,9.7,8.5,9.2,9508
2021-12-08,9.3,9.3,8.6,9.2,31300
2021-12-09,8.6,9.1,8.5,9.1,29935
2021-12-10,9.1,9.1,8.6,8.7,13422
2021-12-13,8.1,9.3,8.1,9.3,20857
2021-12-14,8.6,9.1,8.6,8.8,14600
2021-12-15,8.3,9.0,8.3,9.0,27650
2021-12-16,8.3,8.8,8.3,8.8,5600
2021-12-17,8.8,8.9,8.4,8.7,37000
2021-12-20,8.3,8.7,8.2,8.6,9610
2021-12-21,7.9,8.3,7.8,8.3,35125
2021-12-22,8.3,8.6,7.7,8.6,71100
2021-12-23,8.6,8.6,8.0,8.2,28700
2021-12-24,8.4,8.6,8.1,8.3,20515
2021-12-27,8.3,8.9,8.3,8.7,65318
2021-12-28,8.8,8.8,8.3,8.7,30925
2021-12-29,8.7,8.7,8.4,8.5,37100
2021-12-30,8.5,8.6,8.3,8.4,17208
2021-12-31,8.4,8.5,8.3,8.5,39600
2022-01-04,8.5,8.5,8.3,8.5,51800
2022-01-05,8.5,8.5,8.2,8.3,17200
2022-01-06,8.4,8.4,8.0,8.3,38300
2022-01-07,8.4,8.5,8.3,8.4,53020
2022-01-10,8.4,9.2,8.4,9.2,209600
2022-01-11,10.1,10.1,9.0,9.4,34160
2022-01-12,9.3,9.3,8.5,8.5,46900
2022-01-13,8.3,8.3,7.7,7.7,62340
2022-01-14,7.7,8.4,7.0,8.3,24300
2022-01-17,8.3,8.4,7.5,7.5,13410
2022-01-18,6.8,7.3,6.8,6.8,16600
2022-01-19,6.8,6.8,6.3,6.4,7400
2022-01-20,6.4,7.0,6.4,7.0,3100
2022-01-21,7.3,7.7,7.2,7.5,14600
2022-01-24,7.5,7.6,7.2,7.5,6800
2022-01-25,7.6,7.6,7.0,7.3,1300
2022-01-26,7.0,7.6,6.6,7.5,20600
2022-01-27,7.5,7.8,6.8,7.6,5500
2022-01-28,7.6,7.6,7.0,7.5,2060
2022-02-07,7.5,7.7,7.4,7.6,6200
2022-02-08,7.5,7.8,7.1,7.5,5600
2022-02-09,7.5,7.6,7.0,7.5,3500
2022-02-10,7.2,7.3,6.9,6.9,5100
2022-02-11,7.2,7.5,7.0,7.5,14152
2022-02-14,7.5,7.5,7.5,7.5,5400
2022-02-15,7.1,7.5,7.1,7.4,2600
2022-02-16,7.4,7.5,7.0,7.5,15300
2022-02-17,7.4,7.8,7.4,7.7,9318
2022-02-18,7.2,7.7,7.2,7.7,4900
2022-02-21,7.4,7.7,7.1,7.6,21405
2022-02-22,7.5,7.6,7.3,7.5,1600
2022-02-23,7.3,7.8,7.3,7.6,1700
2022-02-24,7.3,7.6,7.2,7.2,6301
2022-02-25,7.0,7.5,7.0,7.4,6300
2022-02-28,7.2,7.4,7.1,7.4,1700
2022-03-01,7.0,7.4,7.0,7.3,7500
2022-03-02,7.3,7.3,7.1,7.1,8700
2022-03-03,7.2,7.4,7.0,7.4,18200
2022-03-04,7.3,7.5,7.3,7.4,10320
2022-03-07,7.4,7.5,7.4,7.4,20683
2022-03-08,7.4,7.7,7.4,7.7,6600
2022-03-09,7.7,7.7,7.4,7.6,14600
2022-03-10,7.5,8.3,7.5,8.3,116600
2022-03-11,8.3,8.8,8.2,8.4,35207
2022-03-14,7.7,8.5,7.7,8.4,4100
2022-03-15,8.2,8.2,7.6,8.0,31500
2022-03-16,8.1,8.1,7.6,8.1,8800
2022-03-17,8.0,8.0,7.8,7.8,13415
2022-03-18,8.0,8.0,7.7,7.9,11507
2022-03-21,7.6,7.9,7.6,7.8,13500
2022-03-22,7.8,8.0,7.7,7.8,18800
2022-03-23,7.9,8.0,7.9,7.9,5600
2022-03-24,7.9,8.0,7.9,8.0,8500
2022-03-25,8.0,8.0,7.9,8.0,4800
2022-03-28,8.0,8.0,7.8,7.8,17918
2022-03-29,7.7,7.8,7.7,7.8,13700
2022-03-30,7.7,7.7,7.6,7.6,4400
2022-03-31,7.5,7.6,7.5,7.6,17900
2022-04-01,7.6,7.9,7.6,7.9,6900
2022-04-04,7.9,8.2,7.5,8.0,5640
2022-04-05,7.6,7.8,7.6,7.8,300
2022-04-06,7.8,7.8,7.3,7.8,600
2022-04-07,7.8,7.8,7.5,7.5,15900
2022-04-08,7.4,7.4,7.3,7.4,1900
2022-04-12,7.4,7.6,7.0,7.0,3500
2022-04-13,6.9,7.2,6.9,7.2,1800
2022-04-14,7.2,7.2,6.8,7.0,7400
2022-04-15,6.8,7.0,6.8,7.0,600
2022-04-18,6.3,6.4,6.3,6.3,4500
2022-04-19,5.7,5.8,5.7,5.7,10300
2022-04-20,5.3,5.3,5.2,5.2,5100
2022-04-21,4.8,4.8,4.7,4.7,16900
2022-04-22,4.7,5.0,4.7,5.0,4900
2022-04-25,4.8,5.0,4.7,5.0,2000
2022-04-26,5.0,5.0,5.0,5.0,6000
2022-04-27,5.0,5.5,5.0,5.5,8700
2022-04-28,5.7,6.0,5.7,6.0,2100
2022-04-29,6.6,6.6,6.5,6.5,1400
2022-05-04,6.0,6.5,6.0,6.5,600
2022-05-05,6.0,6.0,5.9,5.9,6800
2022-05-06,5.5,5.8,5.4,5.4,4000
2022-05-09,5.5,5.5,4.9,4.9,900
2022-05-10,5.0,5.3,5.0,5.3,1700
2022-05-11,5.3,5.6,5.2,5.6,5100
2022-05-12,5.2,5.2,5.1,5.1,15400
2022-05-13,5.1,5.5,4.6,4.6,18600
2022-05-16,5.0,5.0,4.8,5.0,300
2022-05-17,4.6,5.5,4.6,4.7,1100
2022-05-18,4.9,4.9,4.8,4.8,4400
2022-05-19,5.0,5.0,4.9,4.9,500
2022-05-20,5.0,5.3,5.0,5.3,5400
2022-05-23,5.0,5.8,5.0,5.5,14100
2022-05-24,5.1,6.0,5.0,5.0,5500
2022-05-25,5.2,5.5,5.0,5.5,7600
2022-05-26,5.8,6.0,5.2,5.4,2400
2022-05-27,5.1,5.4,4.9,5.4,2800
2022-05-30,5.1,5.5,5.1,5.5,3400
2022-05-31,5.6,5.6,5.6,5.6,100
2022-06-01,5.5,5.7,5.3,5.3,2700
2022-06-02,5.2,5.2,5.2,5.2,200
2022-06-03,5.1,5.1,5.1,5.1,1700
2022-06-06,4.9,4.9,4.6,4.8,10100
2022-06-07,4.8,4.9,4.6,4.6,900
2022-06-08,4.7,5.0,4.6,4.9,1800
2022-06-09,4.7,5.1,4.7,5.1,1700
2022-06-10,5.2,5.2,5.2,5.2,200
2022-06-13,4.7,4.7,4.7,4.7,11300
2022-06-14,4.4,4.5,4.3,4.5,3600
2022-06-15,4.2,4.2,4.1,4.1,3800
2022-06-16,3.8,4.5,3.7,4.5,8500
2022-06-17,4.1,4.9,4.1,4.9,3200
2022-06-20,5.0,5.0,4.5,4.5,500
2022-06-21,4.1,4.1,4.1,4.1,2700
2022-06-22,3.8,4.4,3.7,4.4,7100
2022-06-23,4.3,4.3,4.3,4.3,100
2022-06-24,4.3,4.3,4.1,4.1,1400
2022-06-27,3.8,4.4,3.8,4.2,5200
2022-06-28,4.2,4.2,4.2,4.2,0
2022-06-29,3.9,3.9,3.8,3.8,8800
2022-06-30,3.8,4.1,3.6,4.1,11200
2022-07-01,3.8,3.8,3.8,3.8,500
2022-07-04,3.7,3.8,3.7,3.7,3300
2022-07-05,3.5,3.7,3.5,3.6,11600
2022-07-06,3.4,3.6,3.4,3.6,7300
2022-07-07,3.6,3.7,3.6,3.6,10000
2022-07-08,3.6,3.6,3.6,3.6,10000
2022-07-11,3.4,3.6,3.4,3.6,7900
2022-07-12,3.6,3.8,3.6,3.8,8800
2022-07-13,3.7,3.9,3.7,3.8,1200
2022-07-14,3.5,3.9,3.5,3.9,15600
2022-07-15,3.6,4.1,3.6,4.1,1000
2022-07-18,3.8,4.1,3.8,4.1,4400
2022-07-19,3.9,3.9,3.8,3.8,3400
2022-07-20,3.7,4.1,3.7,4.1,14200
2022-07-21,4.1,4.4,4.0,4.0,29600
2022-07-22,4.1,4.2,4.1,4.2,20500
2022-07-25,4.2,4.2,4.2,4.2,400
2022-07-26,4.2,4.2,4.2,4.2,0
2022-07-27,4.0,4.0,3.9,3.9,1600
2022-07-28,4.0,4.2,4.0,4.2,1700
2022-07-29,4.2,4.2,4.2,4.2,0
2022-08-01,3.9,4.0,3.9,4.0,200
2022-08-02,4.1,4.1,3.9,4.1,1300
2022-08-03,4.0,4.2,4.0,4.2,400
2022-08-04,4.2,4.3,4.0,4.2,1000
2022-08-05,4.1,4.2,4.1,4.2,2800
2022-08-08,4.1,4.2,4.0,4.2,6800
2022-08-09,4.3,4.5,4.3,4.5,1700
2022-08-10,4.2,4.2,4.2,4.2,1100
2022-08-11,4.1,4.3,4.1,4.3,10207
2022-08-12,4.0,4.3,4.0,4.3,8313
2022-08-15,4.2,4.3,4.2,4.2,2800
2022-08-16,4.1,4.2,4.1,4.2,200
2022-08-17,4.1,4.2,4.0,4.2,7100
2022-08-18,4.1,4.2,4.0,4.2,2600
2022-08-19,4.1,4.2,4.0,4.2,818
2022-08-22,4.0,4.0,3.9,4.0,4500
2022-08-23,3.8,4.0,3.8,4.0,5000
2022-08-24,3.9,4.1,3.9,4.1,6600
2022-08-25,4.1,4.1,4.1,4.1,0
2022-08-26,4.0,4.0,3.9,3.9,3300
2022-08-29,3.9,4.0,3.8,4.0,4200
2022-08-30,4.0,4.0,4.0,4.0,600
2022-08-31,4.0,4.0,4.0,4.0,0
2022-09-05,4.0,4.0,3.9,4.0,3500
2022-09-06,3.9,4.0,3.6,4.0,6000
2022-09-07,3.7,4.0,3.6,4.0,2500
2022-09-08,3.8,3.9,3.7,3.9,1900
2022-09-09,3.9,3.9,3.9,3.9,31
2022-09-12,3.7,3.8,3.7,3.8,1100
2022-09-13,3.8,3.8,3.7,3.8,2124
2022-09-14,3.7,3.8,3.7,3.8,8100
2022-09-15,3.8,3.8,3.8,3.8,5324
2022-09-16,3.8,3.9,3.8,3.9,22216
2022-09-19,3.9,4.0,3.9,4.0,9500
2022-09-20,3.9,4.4,3.9,4.4,57453
2022-09-21,4.4,4.8,4.4,4.7,59420
2022-09-22,5.0,5.0,4.3,4.3,30403
2022-09-23,4.0,4.4,3.9,4.0,16726
2022-09-26,4.0,4.2,3.6,4.2,53106
2022-09-27,3.8,3.8,3.8,3.8,1300
2022-09-28,3.8,3.8,3.6,3.6,3500
2022-09-29,3.6,3.9,3.5,3.9,20801
2022-09-30,3.7,3.9,3.7,3.9,200
2022-10-03,3.7,3.7,3.6,3.6,2400
2022-10-04,3.4,3.8,3.4,3.8,22000
2022-10-05,3.8,4.0,3.8,4.0,6000
2022-10-06,3.8,3.9,3.6,3.9,11400
2022-10-07,3.8,3.8,3.6,3.6,2300
2022-10-10,3.6,3.8,3.5,3.8,3100
2022-10-11,3.8,3.8,3.6,3.8,3100
2022-10-12,3.7,3.7,3.7,3.7,102
2022-10-13,3.7,3.7,3.7,3.7,100
2022-10-14,3.8,3.8,3.8,3.8,600
2022-10-17,3.8,3.8,3.8,3.8,0
2022-10-18,3.8,3.8,3.8,3.8,400
2022-10-19,3.9,3.9,3.9,3.9,22500
2022-10-20,3.8,3.8,3.8,3.8,7000
2022-10-21,3.9,3.9,3.9,3.9,10700
2022-10-24,3.9,3.9,3.9,3.9,3400
2022-10-25,4.0,4.2,4.0,4.2,97600
2022-10-26,4.4,4.4,3.8,3.8,200
2022-10-27,3.5,4.0,3.5,4.0,2165
2022-10-28,3.9,4.2,3.7,4.2,6200
2022-10-31,3.9,3.9,3.8,3.8,5700
2022-11-01,3.5,4.1,3.5,4.1,20629
2022-11-02,4.0,4.0,4.0,4.0,500
2022-11-03,4.0,4.0,3.9,3.9,2000
2022-11-04,3.6,4.0,3.6,4.0,18300
2022-11-07,3.8,4.0,3.7,4.0,20601
2022-11-08,3.9,3.9,3.9,3.9,5900
2022-11-09,4.0,4.2,3.8,4.2,20000
2022-11-10,4.0,4.1,3.9,3.9,20102
2022-11-11,4.0,4.0,3.9,3.9,3500
2022-11-14,3.7,3.9,3.6,3.7,12700
2022-11-15,3.8,4.0,3.7,4.0,59100
2022-11-16,3.9,3.9,3.9,3.9,44000
2022-11-17,3.9,3.9,3.8,3.9,69700
2022-11-18,3.9,3.9,3.9,3.9,0
2022-11-21,3.9,3.9,3.8,3.8,1400
2022-11-22,3.8,3.8,3.8,3.8,5000
2022-11-23,3.9,3.9,3.9,3.9,4408
2022-11-24,4.0,4.2,4.0,4.2,22942
2022-11-25,4.2,4.2,4.2,4.2,0
2022-11-28,4.2,4.2,3.8,3.8,18500
2022-11-29,3.8,3.8,3.8,3.8,0
2022-11-30,3.9,3.9,3.8,3.9,9200
2022-12-01,3.9,4.0,3.8,4.0,8100
2022-12-02,4.0,4.0,4.0,4.0,0
2022-12-05,4.0,4.0,4.0,4.0,0
2022-12-06,4.0,4.0,3.7,3.7,3000
2022-12-07,3.7,3.7,3.7,3.7,3200
2022-12-08,4.0,4.0,4.0,4.0,14900
2022-12-09,4.0,4.0,4.0,4.0,7900
2022-12-12,4.0,4.0,3.6,3.6,9200
2022-12-13,3.9,3.9,3.9,3.9,7601
2022-12-14,3.9,4.0,3.9,4.0,16100
2022-12-15,4.0,4.0,3.9,4.0,16000
2022-12-16,4.0,4.0,4.0,4.0,2500
2022-12-19,4.0,4.0,4.0,4.0,1000
2022-12-20,4.0,4.0,4.0,4.0,4800
2022-12-21,3.9,4.0,3.9,4.0,5100
2022-12-22,3.9,3.9,3.9,3.9,1100
2022-12-23,3.9,3.9,3.9,3.9,500
2022-12-26,3.9,3.9,3.9,3.9,5700
2022-12-27,4.0,4.0,4.0,4.0,100
2022-12-28,4.0,4.0,4.0,4.0,0
2022-12-29,4.0,4.0,4.0,4.0,36
2022-12-30,4.0,4.0,4.0,4.0,5500
2023-01-03,4.0,4.0,3.8,3.8,5500
2023-01-04,3.9,3.9,3.9,3.9,302
2023-01-05,3.9,3.9,3.9,3.9,0
2023-01-06,3.9,3.9,3.9,3.9,200
2023-01-09,3.9,3.9,3.9,3.9,0
2023-01-10,3.9,3.9,3.9,3.9,2
2023-01-11,3.9,3.9,3.9,3.9,10
2023-01-12,3.9,3.9,3.9,3.9,0
2023-01-13,3.9,3.9,3.9,3.9,0
2023-01-16,3.9,3.9,3.9,3.9,900
2023-01-17,3.9,3.9,3.9,3.9,100
2023-01-18,3.9,3.9,3.9,3.9,0
2023-01-19,3.9,3.9,3.9,3.9,0
2023-01-27,3.9,3.9,3.9,3.9,0
2023-01-30,3.9,3.9,3.9,3.9,0
2023-01-31,3.9,3.9,3.9,3.9,1357
2023-02-01,3.9,3.9,3.7,3.7,2300
2023-02-02,3.8,4.0,3.8,4.0,5900
2023-02-03,4.0,4.0,4.0,4.0,0
2023-02-06,4.0,4.0,4.0,4.0,300
2023-02-07,3.9,3.9,3.8,3.8,1000
2023-02-08,3.8,3.8,3.8,3.8,0
2023-02-09,3.8,3.8,3.8,3.8,0
2023-02-10,3.8,3.8,3.8,3.8,16
2023-02-13,3.9,3.9,3.8,3.8,900
2023-02-14,3.8,3.8,3.8,3.8,0
2023-02-15,3.6,3.6,3.6,3.6,384
2023-02-16,3.6,3.6,3.6,3.6,1900
2023-02-17,3.7,3.7,3.6,3.6,1100
2023-02-20,3.6,3.6,3.6,3.6,5
2023-02-21,3.6,3.6,3.6,3.6,0
2023-02-22,3.6,3.6,3.6,3.6,2
2023-02-23,3.6,3.6,3.3,3.4,3600
2023-02-24,3.4,3.4,3.1,3.1,2400
2023-02-27,3.0,3.0,3.0,3.0,100
2023-02-28,3.2,3.2,2.8,2.8,1100
2023-03-01,3.0,3.0,3.0,3.0,7200
2023-03-02,3.0,3.0,3.0,3.0,5000
2023-03-03,3.1,3.1,3.1,3.1,5200
2023-03-06,3.0,3.0,3.0,3.0,100
2023-03-07,3.1,3.1,3.0,3.0,900
2023-03-08,3.2,3.2,3.2,3.2,5000
2023-03-09,3.2,3.2,3.0,3.1,5200
2023-03-10,3.1,3.1,3.1,3.1,300
2023-03-13,3.0,3.0,3.0,3.0,300
2023-03-14,3.1,3.1,3.0,3.0,1100
2023-03-15,2.8,3.0,2.8,3.0,1000
2023-03-16,3.0,3.0,3.0,3.0,0
2023-03-17,2.9,3.0,2.9,3.0,700
2023-03-20,3.0,3.0,3.0,3.0,2200
2023-03-21,3.2,3.2,3.2,3.2,100
2023-03-22,3.0,3.0,3.0,3.0,2400
2023-03-23,2.9,3.0,2.9,3.0,300
2023-03-24,3.0,3.0,2.8,2.8,14200
2023-03-27,3.0,3.0,3.0,3.0,5100
2023-03-28,3.3,3.3,3.3,3.3,4184
2023-03-29,3.6,3.6,3.6,3.6,25823
2023-03-30,3.9,3.9,3.3,3.3,10500
2023-03-31,3.3,3.3,3.2,3.2,13700
2023-04-03,3.2,3.2,3.2,3.2,11400
2023-04-04,3.3,3.5,3.3,3.5,6050
2023-04-05,3.8,3.8,3.8,3.8,7733
2023-04-06,4.1,4.1,4.0,4.0,52902
2023-04-07,4.0,4.0,3.7,3.7,305
2023-04-10,3.7,3.7,3.5,3.5,8633
2023-04-11,3.5,3.5,3.5,3.5,9800
2023-04-12,3.8,3.8,3.8,3.8,1400
2023-04-13,3.5,3.5,3.5,3.5,5100
2023-04-14,3.5,3.5,3.4,3.4,2810
2023-04-17,3.5,3.5,3.4,3.4,700
2023-04-18,3.4,3.4,3.4,3.4,3300
2023-04-19,3.4,3.4,3.4,3.4,400
2023-04-20,3.5,3.5,3.4,3.5,15300
2023-04-21,3.5,3.5,3.4,3.4,2613
2023-04-24,3.3,3.6,3.3,3.6,30700
2023-04-25,3.4,3.4,3.4,3.4,200
2023-04-26,3.5,3.7,3.5,3.6,9600
2023-04-27,3.7,3.9,3.7,3.9,17809
2023-04-28,4.2,4.2,4.2,4.2,41012
2023-05-04,4.6,4.6,4.4,4.6,43339
2023-05-05,4.5,4.7,4.2,4.4,45800
2023-05-08,4.6,4.8,4.6,4.6,23500
2023-05-09,4.8,5.0,4.3,4.3,59140
2023-05-10,4.3,4.5,4.1,4.1,3300
2023-05-11,4.4,4.4,4.2,4.3,8100
2023-05-12,4.3,4.4,4.2,4.4,5700
2023-05-15,4.3,4.7,4.0,4.0,13101
2023-05-16,4.4,4.4,4.0,4.0,4700
2023-05-17,4.2,4.2,4.2,4.2,100
2023-05-18,4.2,4.6,4.2,4.6,2800
2023-05-19,4.8,4.8,4.6,4.6,112800
2023-05-22,4.6,4.6,4.6,4.6,165400
2023-05-23,4.6,4.6,4.6,4.6,4000
2023-05-24,4.5,4.5,4.5,4.5,50050
2023-05-25,4.5,4.5,4.5,4.5,500
2023-05-26,4.2,4.5,4.2,4.5,600
2023-05-29,4.3,4.6,4.3,4.6,9800
2023-05-30,4.6,4.6,4.5,4.5,3900
2023-05-31,4.5,4.6,4.3,4.6,5600
2023-06-01,4.6,4.7,4.6,4.7,1200
2023-06-02,4.6,4.7,4.6,4.7,8200
2023-06-05,4.6,4.6,4.6,4.6,32450
2023-06-06,4.6,4.6,4.6,4.6,0
2023-06-07,4.5,4.6,4.5,4.6,2705
2023-06-08,4.5,4.5,4.5,4.5,1042
2023-06-09,4.4,4.5,4.4,4.5,100400
2023-06-12,4.6,4.6,4.6,4.6,200
2023-06-13,4.7,4.7,4.7,4.7,700
2023-06-14,4.7,4.7,4.7,4.7,300
2023-06-15,4.6,4.6,4.6,4.6,100
2023-06-16,4.6,4.6,4.6,4.6,100
2023-06-19,4.6,4.6,4.6,4.6,0
2023-06-20,4.6,4.6,4.6,4.6,0
2023-06-21,4.6,4.6,4.6,4.6,2
2023-06-22,4.6,4.6,4.6,4.6,200
2023-06-23,4.6,4.6,4.6,4.6,0
2023-06-26,4.6,4.6,4.6,4.6,0
2023-06-27,4.3,4.6,4.3,4.6,300
2023-06-28,4.3,4.6,4.3,4.6,228
2023-06-29,4.6,4.6,4.6,4.6,0
2023-06-30,4.2,4.6,4.2,4.3,2000
2023-07-03,4.4,4.4,4.4,4.4,100
2023-07-04,4.0,4.2,4.0,4.2,1655
2023-07-05,4.4,4.4,4.3,4.4,1000
2023-07-06,4.4,4.4,4.4,4.4,0
2023-07-07,4.4,4.4,4.4,4.4,0
2023-07-10,4.3,4.3,4.3,4.3,1020
2023-07-11,4.2,4.3,4.2,4.3,1100
2023-07-12,4.3,4.3,4.3,4.3,0
2023-07-13,4.0,4.3,4.0,4.3,1700
2023-07-14,4.3,4.3,3.9,4.3,2300
2023-07-17,4.3,4.5,4.3,4.4,1822
2023-07-18,4.2,4.3,4.2,4.3,1121
2023-07-19,4.3,4.3,4.3,4.3,0
2023-07-20,4.3,4.3,4.3,4.3,0
2023-07-21,4.2,4.2,4.2,4.2,1101
2023-07-24,4.2,4.2,4.2,4.2,106
2023-07-25,4.0,4.0,4.0,4.0,2501
2023-07-26,4.0,4.3,4.0,4.3,2000
2023-07-27,4.3,4.3,4.3,4.3,0
2023-07-28,4.3,4.3,4.3,4.3,0
2023-07-31,4.2,4.2,4.0,4.2,1604
2023-08-01,4.3,4.3,4.0,4.0,500
2023-08-02,4.0,4.0,4.0,4.0,0
2023-08-03,3.9,3.9,3.9,3.9,2100
2023-08-04,4.1,4.1,4.0,4.0,1100
2023-08-07,4.0,4.0,4.0,4.0,900
2023-08-08,3.9,4.0,3.9,4.0,2800
2023-08-09,4.0,4.0,3.9,4.0,1600
2023-08-10,3.9,3.9,3.9,3.9,1300
2023-08-11,4.0,4.0,4.0,4.0,100
2023-08-14,4.0,4.0,4.0,4.0,630
2023-08-15,4.0,4.0,3.9,4.0,1740
2023-08-16,4.0,4.0,4.0,4.0,130
2023-08-17,4.0,4.0,3.8,4.0,2700
2023-08-18,4.0,4.0,4.0,4.0,500
2023-08-21,3.9,4.0,3.9,4.0,1100
2023-08-22,4.0,4.0,4.0,4.0,200
2023-08-23,4.4,4.4,4.4,4.4,100
2023-08-24,4.3,4.4,4.1,4.1,4108
2023-08-25,3.9,3.9,3.9,3.9,1008
2023-08-28,4.2,4.2,3.9,3.9,1104
2023-08-29,4.2,4.2,3.8,4.0,12170
2023-08-30,4.0,4.0,3.8,3.8,8900
2023-08-31,3.8,3.9,3.8,3.9,8300
2023-09-05,4.0,4.0,4.0,4.0,208
2023-09-06,4.0,4.0,3.9,4.0,2800
2023-09-07,3.9,3.9,3.8,3.9,37602
2023-09-08,4.0,4.1,4.0,4.1,17810
2023-09-11,4.0,4.1,3.9,4.0,13600
2023-09-12,3.9,4.0,3.9,4.0,3300
2023-09-13,3.9,4.0,3.8,4.0,10503
2023-09-14,3.9,3.9,3.8,3.9,8525
2023-09-15,3.9,3.9,3.8,3.9,10100
2023-09-18,3.9,3.9,3.8,3.9,5150
2023-09-19,3.9,3.9,3.7,3.9,7100
2023-09-20,3.8,3.9,3.8,3.9,3200
2023-09-21,3.9,3.9,3.9,3.9,1200
2023-09-22,3.9,4.0,3.8,3.9,13400
2023-09-25,4.0,4.0,3.8,3.8,5007
2023-09-26,3.8,3.9,3.8,3.9,1100
2023-09-27,3.8,3.9,3.8,3.9,2910
2023-09-28,3.9,4.0,3.9,4.0,1000
2023-09-29,4.0,4.0,3.8,3.8,600
2023-10-02,3.9,4.0,3.8,4.0,600
2023-10-03,3.9,4.0,3.8,4.0,3900
2023-10-04,4.0,4.0,4.0,4.0,100
2023-10-05,3.8,3.8,3.8,3.8,594
2023-10-06,3.8,3.8,3.8,3.8,900
2023-10-09,3.9,3.9,3.9,3.9,100
2023-10-10,3.9,3.9,3.9,3.9,6
2023-10-11,3.8,3.8,3.8,3.8,2200
2023-10-12,3.9,4.0,3.6,3.6,14100
2023-10-13,3.9,3.9,3.6,3.6,1100
2023-10-16,3.9,3.9,3.9,3.9,2065
2023-10-17,3.8,3.9,3.7,3.8,5200
2023-10-18,3.8,3.8,3.5,3.8,16500
2023-10-19,3.7,3.9,3.5,3.6,5200
2023-10-20,3.7,3.7,3.7,3.7,200
2023-10-23,3.7,3.8,3.6,3.8,5100
2023-10-24,3.9,4.0,3.9,4.0,200
2023-10-25,4.0,4.0,4.0,4.0,39
2023-10-26,3.7,3.7,3.6,3.7,3900
2023-10-27,3.8,4.0,3.4,3.5,8600
2023-10-30,3.8,3.8,3.7,3.7,1400
2023-10-31,3.7,3.7,3.7,3.7,700
2023-11-01,3.7,3.7,3.6,3.6,2700
2023-11-02,3.9,3.9,3.7,3.8,3653
2023-11-03,3.8,3.8,3.6,3.8,2000
2023-11-06,3.8,3.9,3.8,3.9,2300
2023-11-07,3.6,3.7,3.6,3.6,25800
2023-11-08,3.8,3.8,3.5,3.8,14000
2023-11-09,3.6,3.9,3.5,3.6,23300
2023-11-10,3.7,3.7,3.6,3.6,9242
2023-11-13,3.6,3.6,3.5,3.5,2300
2023-11-14,3.7,3.7,3.7,3.7,103
2023-11-15,3.6,3.6,3.6,3.6,4206
2023-11-16,3.6,3.6,3.6,3.6,0
2023-11-17,3.6,3.6,3.5,3.5,5100
2023-11-20,3.5,3.6,3.5,3.6,4400
2023-11-21,3.6,3.6,3.5,3.5,6001
2023-11-22,3.6,3.8,3.6,3.8,34809
2023-11-23,3.8,4.1,3.8,4.1,254897
2023-11-24,4.5,4.5,4.5,4.5,24713
2023-11-27,4.9,4.9,4.9,4.9,160003
2023-11-28,5.3,5.3,4.5,5.2,16329
2023-11-29,5.2,5.2,4.7,4.7,22600
2023-11-30,4.3,5.0,4.3,4.8,95000
2023-12-01,4.8,4.8,4.4,4.6,61330
2023-12-04,4.6,4.9,4.6,4.9,44200
2023-12-05,5.1,5.1,4.6,4.6,19500
2023-12-06,4.6,4.6,4.6,4.6,88800
2023-12-07,4.7,4.8,4.6,4.7,68900
2023-12-08,4.8,5.1,4.8,5.1,44500
2023-12-11,5.0,5.6,5.0,5.6,27813
2023-12-12,5.6,6.1,5.6,6.1,64504
2023-12-13,6.3,6.3,5.5,6.1,22100
2023-12-14,6.1,6.2,5.5,5.5,60500
2023-12-15,5.4,5.4,5.1,5.2,38100
2023-12-18,5.2,5.7,5.2,5.7,21900
2023-12-19,5.3,5.6,5.3,5.4,5100
2023-12-20,5.4,5.9,5.4,5.7,17900
2023-12-21,5.5,5.7,5.5,5.7,78000
2023-12-22,5.6,5.9,5.6,5.6,10900
2023-12-25,5.6,5.8,5.6,5.8,35500
2023-12-26,6.1,6.3,6.0,6.3,187241
2023-12-27,6.9,6.9,6.9,6.9,11958
2023-12-28,7.5,7.5,7.5,7.5,72600
2023-12-29,8.2,8.2,8.0,8.2,226058
2024-01-02,8.2,9.0,8.2,8.6,113228
2024-01-03,8.6,9.3,8.5,8.6,145301
2024-01-04,8.6,8.7,8.1,8.4,109112
2024-01-05,8.4,9.2,8.4,9.2,88201
2024-01-08,10.0,10.1,10.0,10.1,229113
2024-01-09,11.1,11.1,10.6,11.1,255101
2024-01-10,11.7,11.7,10.4,11.5,168112
2024-01-11,11.2,12.0,10.6,10.7,156934
2024-01-12,11.5,11.7,11.3,11.7,188576
2024-01-15,11.7,12.3,10.6,10.6,62203
2024-01-16,10.6,11.6,10.0,11.3,227711
2024-01-17,11.2,11.4,10.3,11.3,139876
2024-01-18,11.3,11.3,10.5,10.6,32027
2024-01-19,10.7,11.6,10.6,11.6,269487
2024-01-22,12.3,12.7,12.3,12.7,244398
2024-01-23,13.4,13.9,13.4,13.9,104802
2024-01-24,14.4,15.2,12.7,12.7,400302
2024-01-25,12.8,13.0,11.9,11.9,187052
2024-01-26,11.5,11.9,10.8,10.8,180525
2024-01-29,10.8,10.8,9.8,9.8,247382
2024-01-30,9.2,10.7,9.2,10.7,97719
2024-01-31,11.4,11.7,11.1,11.6,434103
2024-02-01,11.6,11.6,10.5,10.5,76051
2024-02-02,10.5,11.3,9.5,9.5,69043
2024-02-05,8.9,9.5,8.6,8.8,88322
2024-02-06,8.8,9.6,8.8,9.6,70688
2024-02-07,10.5,10.5,10.1,10.5,85858
2024-02-15,10.5,11.5,10.5,11.5,107832
2024-02-16,12.6,12.6,12.6,12.6,118789
2024-02-19,12.6,13.8,12.6,13.7,193976
2024-02-20,13.8,15.0,13.8,15.0,100670
2024-02-21,16.5,16.5,16.4,16.5,270326
2024-02-22,17.8,18.1,17.5,18.1,261986
2024-02-23,19.8,19.9,18.5,19.2,349919
2024-02-26,19.3,19.7,18.2,18.2,119433
2024-02-27,20.0,20.0,19.1,20.0,331348
2024-02-28,22.0,22.0,21.6,22.0,246579
2024-02-29,23.8,24.2,19.8,19.8,460328
2024-03-01,17.9,21.7,17.9,21.7,173769
2024-03-04,23.0,23.6,19.6,19.7,178251
2024-03-05,20.0,21.6,18.7,21.5,300267
2024-03-06,21.5,22.8,21.5,22.8,175309
2024-03-07,22.8,25.0,22.8,25.0,210741
2024-03-08,25.0,27.5,25.0,27.5,172999
2024-03-11,27.5,29.8,24.8,29.8,179253
2024-03-12,30.0,32.0,27.5,32.0,93068
2024-03-13,33.0,33.0,28.8,28.8,221196
2024-03-14,28.0,31.6,26.0,31.6,667865
2024-03-15,33.4,34.7,32.0,34.7,208321
2024-03-18,36.0,38.0,31.3,31.3,231675
2024-03-19,29.0,29.0,28.2,28.2,320463
2024-03-20,25.5,30.5,25.4,28.4,219237
2024-03-21,28.3,28.8,25.6,27.2,214753
2024-03-22,27.0,29.8,25.9,29.8,151330
2024-03-25,29.3,29.3,26.9,26.9,247776
2024-03-26,26.9,26.9,24.3,24.9,143004
2024-03-27,23.5,26.5,23.5,25.0,78273
2024-03-28,24.0,25.0,23.5,24.1,46464
2024-03-29,24.0,26.5,22.8,26.5,230939
2024-04-01,26.5,26.5,24.2,24.5,124991
2024-04-02,24.8,26.1,23.5,23.5,86441
2024-04-03,23.6,24.3,22.0,22.2,87652
2024-04-04,22.2,22.4,20.5,21.0,134502
2024-04-05,21.0,23.1,21.0,23.1,83077
2024-04-08,24.3,24.3,23.2,23.8,63195
2024-04-09,23.9,23.9,22.8,22.9,38628
2024-04-10,22.9,25.0,22.9,24.0,112557
2024-04-11,23.7,24.0,23.0,23.9,50795
2024-04-12,23.9,24.0,22.6,22.8,71767
2024-04-15,22.6,23.9,21.0,21.0,42737
2024-04-16,21.0,21.0,18.9,19.0,138520
2024-04-17,20.6,20.6,18.8,19.0,69190
2024-04-19,20.4,20.9,17.1,18.2,76959
2024-04-22,18.2,18.5,16.4,16.4,103815
2024-04-23,16.4,16.9,15.0,15.1,77551
2024-04-24,15.1,16.6,15.0,16.6,33873
2024-04-25,18.1,18.2,18.1,18.2,60611
2024-04-26,20.0,20.0,18.0,18.9,47489
2024-05-02,18.9,19.0,17.6,18.3,30230
2024-05-03,18.3,18.9,17.5,18.5,35147
2024-05-06,18.5,19.0,18.1,18.5,33498
2024-05-07,17.5,20.3,17.5,20.3,517028
2024-05-08,22.3,22.3,20.5,21.8,96425
2024-05-09,21.5,22.0,21.3,21.9,67731
2024-05-10,22.0,22.8,21.0,22.0,127580
2024-05-13,22.4,24.2,22.4,24.2,125620
2024-05-14,25.5,26.0,24.8,25.1,90605
2024-05-15,25.1,26.0,25.1,25.7,70061
2024-05-16,25.7,25.7,23.2,23.2,379464
2024-05-17,20.9,23.2,20.9,22.0,232350
2024-05-20,22.2,24.2,22.2,22.8,59826
2024-05-21,22.8,23.1,21.8,22.5,185300
2024-05-22,22.5,22.5,21.4,22.2,65508
2024-05-23,22.5,24.0,21.6,23.3,98770
2024-05-24,23.3,23.3,21.0,22.5,199050
2024-05-27,22.5,23.8,21.1,23.8,101094
2024-05-28,23.8,24.2,22.7,24.2,98869
2024-05-29,24.0,24.0,22.6,22.6,118524
2024-05-30,21.8,22.8,21.5,21.9,111420
2024-05-31,23.0,23.0,21.4,22.0,68103
2024-06-03,22.6,22.6,21.6,22.0,34184
2024-06-04,22.0,22.0,21.5,21.7,53810
2024-06-05,21.7,21.7,20.8,21.7,71700
2024-06-06,22.2,22.2,20.0,20.8,42927
2024-06-07,21.0,21.3,20.7,20.9,12311
2024-06-10,21.7,21.7,20.9,21.1,35301
2024-06-11,21.1,21.2,20.7,20.8,18222
2024-06-12,20.8,20.8,20.6,20.7,26761
2024-06-13,20.7,21.8,20.6,21.7,61353
2024-06-14,22.0,22.0,21.1,21.1,53032
2024-06-17,21.1,21.1,20.6,20.6,25300
2024-06-18,20.6,21.1,20.6,20.7,44705
2024-06-19,20.7,21.0,20.5,20.5,18730
2024-06-20,20.7,20.7,20.1,20.1,20940
2024-06-21,20.0,20.1,19.6,19.8,25351
2024-06-24,19.8,19.8,18.8,19.1,44588
2024-06-25,19.5,19.7,18.9,18.9,5604
2024-06-26,18.9,19.7,18.7,19.7,24701
2024-06-27,20.5,20.5,19.5,19.7,11005
2024-06-28,19.7,20.0,18.5,19.7,5401
2024-07-01,19.6,19.6,18.5,19.6,1800
2024-07-02,19.5,19.7,19.0,19.0,14928
2024-07-03,20.0,20.0,18.9,19.0,16600
2024-07-04,19.9,19.9,19.0,19.2,12744
2024-07-05,19.7,19.7,18.5,18.8,24028
2024-07-08,18.8,19.7,18.5,19.6,71300
2024-07-09,19.8,20.2,19.5,20.2,25328
2024-07-10,20.0,20.1,19.1,19.9,50510
2024-07-11,20.5,21.0,19.5,19.5,19600
2024-07-12,20.3,20.3,19.1,19.1,28810
2024-07-15,19.5,19.5,18.7,19.2,13200
2024-07-16,18.2,18.8,18.1,18.2,37105
2024-07-17,18.2,18.2,17.4,17.4,22147
2024-07-18,17.4,17.5,16.8,17.5,30500
2024-07-19,17.5,17.5,16.8,16.8,7600
2024-07-22,16.8,16.8,15.4,15.7,13600
2024-07-23,17.2,17.2,16.9,16.9,610
2024-07-24,15.5,16.8,15.3,16.4,3318
2024-07-25,15.3,16.9,15.3,16.5,13422
2024-07-26,17.7,17.7,16.4,16.5,8200
2024-07-29,17.0,17.4,16.9,16.9,5000
2024-07-30,16.8,16.9,16.6,16.9,1400
2024-07-31,16.5,16.9,16.0,16.9,7900
2024-08-01,15.3,16.1,15.3,16.1,10600
2024-08-02,15.0,15.6,14.7,15.4,12500
2024-08-05,15.0,15.0,13.9,13.9,31700
2024-08-06,15.0,15.0,13.2,13.5,6900
2024-08-07,14.0,14.0,13.5,13.5,7500
2024-08-08,12.3,12.7,12.2,12.2,47100
2024-08-09,11.0,11.0,11.0,11.0,16000
2024-08-12,9.9,9.9,9.9,9.9,16200
2024-08-13,9.0,9.0,9.0,9.0,14400
2024-08-14,8.1,8.1,8.1,8.1,9700
2024-08-15,7.3,8.9,7.3,8.9,401300
2024-08-16,9.6,9.7,9.5,9.7,12700
2024-08-19,10.6,10.6,8.8,9.0,213600
2024-08-20,8.9,9.8,8.7,9.5,104100
2024-08-21,10.3,10.3,8.6,9.0,84000
2024-08-22,9.0,9.1,8.4,8.6,48600
2024-08-23,8.4,8.7,8.3,8.6,30700
2024-08-26,8.8,9.0,8.1,8.3,41800
2024-08-27,8.4,8.4,8.0,8.2,17500
2024-08-28,7.7,8.2,7.7,8.0,18600
2024-08-29,7.8,8.0,7.8,8.0,13800
2024-08-30,8.0,8.1,7.9,8.0,17500
2024-09-04,7.2,7.7,7.2,7.2,105000
2024-09-05,7.2,7.2,6.5,6.7,85200
2024-09-06,6.7,6.7,6.4,6.5,21900
2024-09-09,6.5,6.6,6.5,6.5,38100
2024-09-10,6.5,6.5,6.3,6.5,23000
2024-09-11,6.2,6.2,6.1,6.2,15700
2024-09-12,5.8,6.3,5.8,6.1,28600
2024-09-13,6.1,6.1,5.9,6.0,22100
2024-09-16,6.2,6.6,5.9,6.6,49300
2024-09-17,7.2,7.2,6.8,7.2,36800
2024-09-18,7.9,7.9,7.9,7.9,64600
2024-09-19,8.0,8.6,8.0,8.6,141400
2024-09-20,9.4,9.4,9.4,9.4,31300
2024-09-23,10.3,10.3,10.3,10.3,45000
2024-09-24,11.3,11.3,9.4,11.3,247500
2024-09-25,11.3,12.0,10.5,11.0,127700
2024-09-26,11.0,11.9,10.6,11.3,74000
2024-09-27,11.9,11.9,10.5,10.5,48100
2024-09-30,10.5,11.5,10.2,11.5,177500
2024-10-01,12.0,12.6,12.0,12.6,36200
2024-10-02,13.8,13.8,12.7,13.8,237000
2024-10-03,14.9,15.1,13.8,15.1,141900
2024-10-04,15.1,16.4,13.6,13.6,121300
2024-10-07,13.6,14.9,12.3,14.9,237000
2024-10-08,14.0,15.9,13.8,14.2,37900
2024-10-09,14.2,14.9,13.1,13.5,74700
2024-10-10,13.5,13.9,12.8,13.3,64400
2024-10-11,13.0,13.2,12.0,12.2,89500
2024-10-14,12.3,12.7,11.1,11.6,97000
2024-10-15,11.5,12.7,11.5,12.7,74400
2024-10-16,13.5,13.9,12.6,13.2,131300
2024-10-17,13.2,13.2,12.4,12.6,84500
2024-10-18,12.6,13.4,12.1,13.0,78400
2024-10-21,13.0,13.0,12.3,12.4,37400
2024-10-22,12.4,12.4,11.5,12.4,63400
2024-10-23,12.4,12.4,11.5,11.9,27800
2024-10-24,11.9,12.3,11.5,11.5,56500
2024-10-25,11.5,11.6,11.0,11.0,67200
2024-10-28,11.0,12.1,10.6,12.1,54200
2024-10-29,12.7,12.9,11.8,12.1,56700
2024-10-30,12.1,12.2,11.0,11.9,34200
2024-10-31,11.9,11.9,11.0,11.6,59100
2024-11-01,11.6,11.6,11.0,11.5,51600
2024-11-04,10.8,11.7,10.8,11.3,18700
2024-11-05,11.2,11.3,11.0,11.2,19000
2024-11-06,11.1,11.4,11.0,11.2,20400
2024-11-07,11.2,11.6,10.9,11.2,36500
2024-11-08,11.0,11.2,11.0,11.0,32300
2024-11-11,11.0,11.4,10.8,11.2,55600
2024-11-12,11.4,11.4,10.8,10.8,40300
2024-11-13,10.8,10.8,9.9,10.2,50700
2024-11-14,10.5,10.6,9.3,9.9,29000
2024-11-15,9.9,10.1,9.1,9.6,19100
2024-11-18,9.6,9.6,9.2,9.6,13800
2024-11-19,9.7,9.8,9.3,9.6,22400
2024-11-20,9.6,9.7,9.2,9.6,16500
2024-11-21,9.6,9.7,9.3,9.6,16000
2024-11-22,10.4,10.5,10.3,10.5,46400
2024-11-25,11.4,11.5,10.5,11.1,96200
2024-11-26,11.3,11.3,10.3,10.4,35200
2024-11-27,10.8,10.8,10.0,10.2,42800
2024-11-28,10.4,10.9,10.2,10.9,44300
2024-11-29,10.9,10.9,10.5,10.6,29700
2024-12-02,10.8,10.8,10.0,10.6,11300
2024-12-03,10.6,10.6,10.0,10.4,53300
2024-12-04,10.3,10.4,10.0,10.0,22800
2024-12-05,10.2,10.5,10.0,10.5,41800
2024-12-06,10.7,10.7,10.1,10.3,17900
2024-12-09,10.4,10.4,10.0,10.3,31900
2024-12-10,10.3,10.4,10.1,10.2,22500
2024-12-11,10.1,10.3,10.1,10.2,18600
2024-12-12,10.2,11.2,10.1,11.2,169600
2024-12-13,11.7,12.0,11.3,11.3,173700
2024-12-16,11.3,11.5,10.3,10.5,69000
2024-12-17,10.5,10.9,10.1,10.5,60100
2024-12-18,10.2,10.5,10.0,10.4,68100
2024-12-19,10.4,10.4,10.0,10.4,60800
2024-12-20,10.3,10.6,10.1,10.3,22900
2024-12-23,10.1,10.7,10.1,10.4,40600
2024-12-24,10.2,10.3,10.1,10.3,52300
2024-12-25,10.3,10.7,10.2,10.4,55200
2024-12-26,10.3,11.0,10.2,10.5,71800
2024-12-27,10.6,10.8,10.3,10.3,31700
2024-12-30,10.6,10.6,10.1,10.4,38600
2024-12-31,10.4,10.4,10.2,10.2,26000
2025-01-02,10.3,10.3,10.1,10.1,18900
2025-01-03,10.1,10.3,10.0,10.3,39300
2025-01-06,10.3,10.4,9.6,10.1,18800
2025-01-07,10.1,10.3,9.9,9.9,19800
2025-01-08,9.6,10.0,9.6,9.8,37300
2025-01-09,9.8,10.0,9.8,9.9,21100
2025-01-10,10.0,10.2,9.6,9.7,28300
2025-01-13,9.7,9.7,9.3,9.5,32000
2025-01-14,10.0,10.0,9.3,9.5,26900
2025-01-15,9.5,9.8,9.3,9.6,6400
2025-01-16,9.7,9.7,9.2,9.4,26200
2025-01-17,9.4,9.6,9.3,9.4,19900
2025-01-20,9.4,9.6,9.2,9.2,17200
2025-01-21,9.2,9.5,9.1,9.3,19600
2025-01-22,9.4,9.5,9.1,9.3,16700
2025-01-23,9.4,9.5,9.4,9.4,17400
2025-01-24,9.5,9.5,9.2,9.3,7800
2025-02-03,9.5,10.0,9.3,9.6,11100
2025-02-04,9.7,9.7,9.3,9.4,30900
2025-02-05,9.6,9.6,9.3,9.5,22300
2025-02-06,9.5,10.4,9.3,10.3,98500
2025-02-07,10.3,11.0,10.1,10.9,104100
2025-02-10,11.0,11.9,10.9,11.9,202600
2025-02-11,12.2,12.8,11.4,11.9,120800
2025-02-12,11.9,11.9,11.2,11.6,67200
2025-02-13,11.3,11.7,11.3,11.3,30100
2025-02-14,11.5,12.0,11.5,11.7,77500
2025-02-17,11.8,11.8,10.9,11.3,115400
2025-02-18,11.1,11.5,10.9,11.3,77900
2025-02-19,11.0,11.4,10.2,10.3,195300
2025-02-20,10.5,10.7,10.4,10.6,64300
2025-02-21,10.7,10.7,10.3,10.5,49900
2025-02-24,10.5,10.5,10.2,10.3,36000
2025-02-25,10.4,10.4,10.2,10.3,53500
2025-02-26,10.4,10.4,10.1,10.3,44400
2025-02-27,10.4,10.4,10.1,10.4,42700
2025-02-28,10.5,10.6,10.2,10.4,35100
2025-03-03,10.3,10.4,10.2,10.3,38400
2025-03-04,10.2,10.3,10.1,10.2,35100
2025-03-05,10.3,10.3,10.2,10.2,14300
2025-03-06,10.1,10.4,10.1,10.3,22100
2025-03-07,10.4,10.4,9.7,10.2,25300
2025-03-10,10.4,10.4,10.2,10.3,4500
2025-03-11,10.3,10.3,9.7,10.3,10100
2025-03-12,10.2,10.2,9.9,10.0,30300
2025-03-13,9.9,10.1,9.8,9.8,6200
2025-03-14,10.1,10.1,9.8,9.9,19500
2025-03-17,10.0,10.1,9.9,9.9,36400
2025-03-18,10.4,10.4,9.9,10.0,8300
2025-03-19,10.1,10.1,9.9,9.9,17200
2025-03-20,10.2,10.8,9.9,10.8,74700
2025-03-21,11.8,11.8,10.1,10.1,55200
2025-03-24,10.3,10.4,10.0,10.2,54400
2025-03-25,10.1,10.3,10.0,10.2,43400
2025-03-26,10.4,10.4,10.0,10.2,18900
2025-03-27,10.0,10.1,9.9,10.1,32300
2025-03-28,10.1,10.2,9.9,10.1,24100
2025-03-31,10.0,10.2,9.9,10.0,27200
2025-04-01,10.3,10.3,10.0,10.3,41800
2025-04-02,10.4,10.5,10.3,10.3,45700
2025-04-03,10.3,10.3,9.3,9.3,77000
2025-04-04,9.0,9.9,8.4,8.9,37700
2025-04-08,8.9,8.9,8.1,8.1,38800
2025-04-09,7.4,7.5,7.3,7.3,57000
2025-04-10,8.0,8.0,8.0,8.0,3500
2025-04-11,8.7,8.8,8.0,8.8,48300
2025-04-14,9.0,9.3,8.8,8.8,20400
2025-04-15,9.0,9.1,8.3,8.3,16500
2025-04-16,8.2,9.0,8.2,8.3,23000
2025-04-17,8.5,8.5,8.1,8.1,33500
2025-04-18,8.5,8.5,8.2,8.2,30500
2025-04-21,8.5,8.5,8.2,8.2,31700
2025-04-22,8.2,8.4,7.4,8.0,52400
2025-04-23,8.3,8.3,8.0,8.0,11900
2025-04-24,8.0,8.3,7.8,8.0,25500
2025-04-25,8.2,8.3,7.9,8.0,30300
2025-04-28,8.0,8.2,7.8,8.0,22900
2025-04-29,8.0,8.2,8.0,8.1,13000
2025-05-05,8.1,8.2,8.0,8.2,27300
2025-05-06,8.2,8.4,8.1,8.2,57400
2025-05-07,8.1,8.5,8.1,8.5,59400
2025-05-08,8.5,8.7,8.5,8.7,41800
2025-05-09,8.3,8.8,8.3,8.6,19200
2025-05-12,8.8,8.8,8.6,8.7,13100
2025-05-13,8.5,8.8,8.5,8.6,40300
2025-05-14,8.6,8.7,8.6,8.7,15900
2025-05-15,8.7,8.8,8.4,8.5,41800
2025-05-16,8.5,8.7,8.4,8.6,8700
2025-05-19,8.5,8.5,8.2,8.5,13600
2025-05-20,8.4,8.5,8.3,8.5,11400
2025-05-21,8.3,8.4,8.2,8.3,28800
2025-05-22,8.3,8.4,8.0,8.4,43100
2025-05-23,8.4,8.4,8.2,8.3,13900
2025-05-26,8.2,8.4,8.0,8.4,24000
2025-05-27,8.3,8.6,8.3,8.4,21600
2025-05-28,8.5,8.6,8.3,8.5,29000
2025-05-29,8.4,8.5,8.0,8.2,16300
2025-05-30,8.4,8.4,8.1,8.1,16700
2025-06-02,8.1,8.2,8.0,8.0,9300
2025-06-03,8.0,8.4,8.0,8.4,21000
2025-06-04,8.4,8.5,8.2,8.4,20500
2025-06-05,8.2,8.4,8.2,8.4,18900
2025-06-06,8.4,8.5,8.4,8.4,23700
2025-06-09,8.4,8.4,8.2,8.3,6200
2025-06-10,8.4,8.4,8.2,8.2,1800
2025-06-11,8.2,8.4,8.2,8.4,6500
2025-06-12,8.3,8.4,8.3,8.4,9000
2025-06-13,8.3,8.4,8.3,8.4,11500
2025-06-16,8.4,8.4,8.3,8.4,7400
2025-06-17,8.3,8.4,8.2,8.3,4000
2025-06-18,8.4,8.4,8.1,8.1,8600
2025-06-19,8.3,8.4,8.2,8.3,10400
2025-06-20,8.3,8.4,8.2,8.4,10200
2025-06-23,8.3,8.4,8.1,8.4,18800
2025-06-24,8.4,8.4,8.3,8.4,14300
2025-06-25,8.3,8.4,8.2,8.3,25700
2025-06-26,8.3,8.4,8.1,8.3,4400
2025-06-27,8.1,8.3,8.1,8.2,33800
2025-06-30,8.2,8.3,8.1,8.2,9500
2025-07-01,8.1,8.4,8.1,8.2,29800
2025-07-02,8.2,8.3,8.1,8.3,28400
2025-07-03,8.1,8.3,8.0,8.1,36700
2025-07-04,8.2,8.3,8.1,8.2,26300
2025-07-07,8.3,8.3,8.1,8.2,17500
2025-07-08,8.2,8.2,8.0,8.1,21000
2025-07-09,8.1,8.3,8.1,8.1,20500
2025-07-10,8.2,8.5,8.2,8.5,144400
2025-07-11,8.6,9.3,8.6,9.3,140000
2025-07-14,9.3,10.0,8.4,8.6,71000
2025-07-15,9.0,9.0,8.5,8.8,59500
2025-07-16,8.6,9.4,8.6,8.8,60300
2025-07-17,8.8,9.2,8.6,9.2,56900
2025-07-18,9.2,9.2,8.8,9.0,33400
2025-07-21,8.9,9.0,8.6,8.6,46700
2025-07-22,8.7,9.0,8.5,8.8,12500
2025-07-23,8.8,8.8,8.6,8.8,39500
2025-07-24,8.8,8.8,8.6,8.7,28300
2025-07-25,8.8,8.9,8.5,8.8,19500
2025-07-28,8.8,8.8,8.4,8.7,47700
2025-07-29,8.8,8.8,8.5,8.5,36400
2025-07-30,8.4,8.8,8.4,8.7,34300
2025-07-31,8.7,9.1,8.6,9.1,95300
2025-08-01,9.1,9.1,8.7,8.7,34500
2025-08-04,8.4,8.9,7.9,8.5,33300
2025-08-05,8.7,8.7,8.5,8.5,31700
2025-08-06,8.6,8.7,8.4,8.5,23600
2025-08-07,8.5,8.6,8.4,8.5,13400
2025-08-08,8.5,8.6,8.4,8.4,11000
2025-08-11,8.4,8.6,8.3,8.6,18500
2025-08-12,8.5,8.5,8.4,8.4,28200
2025-08-13,8.5,8.5,8.3,8.5,9400
2025-08-14,8.4,8.5,8.3,8.4,49600
2025-08-15,8.5,8.5,8.1,8.3,18500
2025-08-18,8.3,8.3,8.1,8.2,17000
2025-08-19,8.3,8.4,8.2,8.3,51800
2025-08-20,8.3,8.4,8.1,8.3,25900
2025-08-21,8.3,8.4,8.1,8.3,5500
2025-08-22,8.1,8.1,7.5,7.7,56100
2025-08-25,7.9,8.1,7.7,8.0,43600
2025-08-26,8.0,8.0,7.7,8.0,17300
2025-08-27,8.0,8.0,7.8,8.0,9600
2025-08-28,7.8,7.9,7.8,7.8,12000
2025-08-29,7.9,7.9,7.6,7.8,36200
2025-09-03,7.9,7.9,7.6,7.8,24500
2025-09-04,7.9,7.9,7.7,7.8,12500
2025-09-05,7.7,7.7,7.6,7.7,21300
2025-09-08,7.7,7.7,7.3,7.4,14500
2025-09-09,7.5,7.5,7.3,7.4,4000
2025-09-10,7.3,7.3,6.8,7.2,14200
2025-09-11,7.2,7.3,7.1,7.3,11800
2025-09-12,7.4,7.9,7.1,7.9,26900
2025-09-15,7.9,7.9,7.6,7.6,11800
2025-09-16,7.6,7.6,7.4,7.5,11700
2025-09-17,7.5,7.5,7.2,7.3,23700
2025-09-18,7.5,7.6,7.1,7.1,41000
2025-09-19,7.2,7.2,7.2,7.2,6300
2025-09-22,7.2,7.3,7.2,7.2,17400
2025-09-23,7.0,7.2,7.0,7.2,12200
2025-09-24,7.4,7.4,7.3,7.4,2700
2025-09-25,7.4,7.4,7.2,7.2,4800
2025-09-26,7.3,7.7,7.3,7.3,26200
2025-09-29,7.5,7.9,7.4,7.9,26700
2025-09-30,7.9,7.9,7.3,7.3,16400
2025-10-01,7.6,7.6,7.2,7.2,8000
2025-10-02,7.2,7.5,7.1,7.2,21700
2025-10-03,7.4,7.4,7.0,7.0,7800
2025-10-06,7.3,7.3,7.0,7.2,13200
2025-10-07,7.3,7.4,7.2,7.2,16100
2025-10-08,7.2,7.5,7.2,7.2,12500
2025-10-09,7.2,7.4,7.2,7.2,10800
2025-10-10,7.4,7.4,7.2,7.2,2600
2025-10-13,7.2,7.3,7.1,7.1,6900
2025-10-14,7.1,7.1,7.0,7.1,9400
2025-10-15,7.1,7.3,7.1,7.1,3100
2025-10-16,7.2,7.2,6.9,7.0,5000
