time,open,high,low,close,volume
2006-12-14,9.11,9.11,9.11,9.11,10000
2006-12-15,10.0,10.0,10.0,10.97,100
2006-12-18,10.97,10.97,10.59,10.97,1100
2006-12-19,11.78,11.78,11.65,10.97,500
2006-12-20,12.8,12.84,12.75,12.75,1100
2006-12-21,14.07,14.07,14.07,14.07,400
2006-12-22,13.56,13.56,13.56,13.56,700
2006-12-25,13.56,13.56,13.56,13.56,0
2006-12-26,13.56,13.56,13.56,13.56,0
2006-12-27,13.56,13.77,13.56,13.56,2000
2006-12-28,13.56,13.77,13.56,13.56,2000
2006-12-29,13.56,13.56,13.56,13.56,0
2007-01-02,13.56,13.56,13.56,13.56,0
2007-01-03,13.56,13.56,13.56,13.56,0
2007-01-04,13.56,13.56,13.56,13.56,0
2007-01-05,13.56,13.56,13.56,13.56,0
2007-01-08,13.56,13.56,13.56,13.56,0
2007-01-09,13.56,13.56,13.56,13.56,0
2007-01-10,13.56,13.56,13.56,13.56,0
2007-01-11,12.33,12.33,12.33,12.33,100
2007-01-12,12.33,12.33,12.33,12.33,0
2007-01-15,12.33,12.33,12.33,12.33,0
2007-01-16,12.33,12.33,12.33,12.33,0
2007-01-17,12.33,12.33,12.33,12.33,0
2007-01-18,11.1,11.1,11.1,11.1,100
2007-01-19,11.1,11.1,11.1,11.1,0
2007-01-22,11.1,11.1,11.1,11.1,500
2007-01-23,11.1,11.1,11.1,11.1,0
2007-01-24,11.1,11.1,11.1,11.1,0
2007-01-25,10.17,10.17,10.17,10.17,300
2007-01-26,9.32,10.0,9.32,10.0,1900
2007-01-29,9.96,9.96,9.53,9.53,2200
2007-01-30,10.47,10.47,10.47,10.47,500
2007-01-31,11.48,11.48,11.48,11.48,900
2007-02-01,11.48,11.48,11.48,11.48,0
2007-02-02,12.63,12.63,12.29,12.29,2000
2007-02-05,13.73,13.73,13.73,13.73,500
2007-02-06,13.98,14.2,13.98,14.2,800
2007-02-07,14.83,14.83,14.83,14.83,500
2007-02-08,16.1,16.31,13.56,16.31,4100
2007-02-09,16.95,16.95,16.1,16.1,2300
2007-02-12,15.25,15.25,15.25,15.25,200
2007-02-13,15.68,15.68,15.68,15.68,300
2007-02-14,15.68,15.68,15.68,15.68,0
2007-02-15,16.36,16.36,16.36,16.36,500
2007-02-26,16.36,17.8,16.31,17.8,4900
2007-02-27,18.56,18.56,18.43,18.56,5000
2007-02-28,20.38,20.38,20.38,20.38,2100
2007-03-01,22.42,22.42,22.42,22.42,2000
2007-03-02,22.42,22.42,22.42,22.42,0
2007-03-05,24.62,24.62,24.62,24.62,200
2007-03-06,27.08,27.08,27.08,27.08,500
2007-03-07,29.75,29.75,29.75,29.75,2100
2007-03-08,32.71,32.71,32.71,32.71,700
2007-03-09,35.59,35.98,35.59,35.59,2900
2007-03-12,39.45,39.45,38.14,38.98,6400
2007-03-13,38.98,40.26,37.12,38.14,7700
2007-03-14,38.14,38.98,34.75,38.14,9300
2007-03-15,34.45,34.45,34.45,34.45,1000
2007-03-16,31.02,31.02,31.02,31.02,4500
2007-03-19,34.11,34.11,34.11,34.11,1300
2007-03-20,33.9,37.5,33.9,37.5,1300
2007-03-21,36.44,36.44,35.59,35.59,1200
2007-03-22,33.9,33.9,33.9,33.9,500
2007-03-23,30.51,30.51,30.51,30.51,100
2007-03-26,31.82,31.82,27.46,30.51,2400
2007-03-27,26.7,26.7,26.7,30.51,200
2007-03-28,24.03,26.7,24.03,26.7,1400
2007-03-29,26.7,26.7,26.27,26.7,1400
2007-03-30,29.24,29.24,29.24,26.7,3000
2007-04-02,31.78,31.78,29.66,29.66,1400
2007-04-03,31.78,34.53,28.39,28.39,2000
2007-04-04,31.36,31.78,31.36,31.78,2000
2007-04-05,31.78,31.78,31.78,31.78,500
2007-04-06,31.78,31.78,31.78,31.78,0
2007-04-09,31.78,31.78,31.78,31.78,0
2007-04-10,31.78,31.78,31.78,31.78,0
2007-04-11,31.57,31.78,31.57,31.78,500
2007-04-12,31.78,31.78,31.78,31.78,1000
2007-04-13,31.36,31.36,30.93,30.93,1600
2007-04-16,30.93,30.93,30.93,30.93,0
2007-04-17,28.05,28.05,28.05,28.05,300
2007-04-18,25.42,26.27,25.25,26.27,2600
2007-04-19,26.48,26.48,26.48,26.48,2000
2007-04-20,28.77,29.11,26.27,26.27,1700
2007-04-23,28.39,28.39,26.27,26.27,1200
2007-04-24,28.39,28.39,27.54,27.54,200
2007-04-25,27.54,27.54,27.54,27.54,200
2007-05-02,27.54,27.54,26.7,26.7,500
2007-05-03,27.12,27.12,26.27,26.27,400
2007-05-04,25.0,25.0,24.58,25.0,1700
2007-05-07,27.33,27.33,27.33,27.33,500
2007-05-08,29.45,29.66,29.45,29.45,2500
2007-05-09,29.66,31.78,29.66,30.09,1200
2007-05-10,30.09,31.78,30.09,30.93,5900
2007-05-11,31.78,31.78,31.31,31.78,1900
2007-05-14,31.36,31.36,31.36,31.36,100
2007-05-15,30.72,30.85,30.72,30.85,700
2007-05-16,30.51,30.72,30.51,30.72,400
2007-05-17,30.09,30.51,29.66,29.87,2200
2007-05-18,29.24,29.24,29.24,29.24,300
2007-05-21,28.81,30.51,28.81,30.51,2600
2007-05-22,32.46,32.46,32.2,32.42,4100
2007-05-23,34.32,35.64,34.32,34.75,6100
2007-05-24,35.59,35.59,33.05,33.69,1100
2007-05-25,33.26,34.75,33.05,34.75,5300
2007-05-28,36.02,36.06,34.75,34.75,3800
2007-05-29,36.57,36.57,33.73,34.32,4800
2007-05-30,33.9,33.9,33.9,33.9,700
2007-05-31,33.9,34.11,33.9,33.9,2500
2007-06-01,34.37,34.37,34.32,34.37,1200
2007-06-04,34.37,34.37,34.11,34.32,3000
2007-06-05,33.26,34.32,30.93,30.93,1700
2007-06-06,33.9,33.9,33.9,33.9,900
2007-06-07,34.75,34.75,33.9,33.9,2200
2007-06-08,34.75,34.75,33.9,33.9,4900
2007-06-11,35.17,35.17,33.05,33.05,4600
2007-06-12,34.75,34.75,34.75,34.75,1300
2007-06-13,34.32,34.41,33.9,33.98,3100
2007-06-14,37.5,37.5,33.26,33.26,4100
2007-06-15,33.9,33.9,33.26,33.26,1500
2007-06-18,33.05,33.9,33.05,33.05,2500
2007-06-19,32.63,32.63,32.63,32.63,700
2007-06-20,30.93,31.02,30.93,31.02,400
2007-06-21,32.2,32.2,32.2,32.2,1700
2007-06-22,32.2,32.2,32.2,32.2,0
2007-06-25,32.63,33.05,32.63,33.05,1400
2007-06-26,33.05,33.14,33.05,33.14,700
2007-06-27,14.83,14.83,14.83,32.63,1300
2007-06-28,29.66,29.66,29.66,32.42,100
2007-06-29,14.83,32.42,32.42,32.42,0
2007-07-02,14.83,14.83,14.83,32.42,1600
2007-07-03,14.83,32.63,32.63,32.63,0
2007-07-04,14.83,14.83,14.41,32.63,4200
2007-07-05,13.56,13.56,13.56,29.66,1000
2007-07-06,13.14,13.14,13.14,29.45,500
2007-07-09,13.98,13.98,13.98,30.51,100
2007-07-10,13.98,13.98,13.56,29.66,1500
2007-07-11,13.56,14.41,13.56,32.08,2100
2007-07-12,14.41,14.41,13.56,29.66,3500
2007-07-13,13.56,13.56,13.56,30.09,400
2007-07-16,13.98,13.98,13.98,31.36,100
2007-07-17,13.98,13.98,13.56,29.66,2200
2007-07-18,13.98,14.41,13.56,29.66,4300
2007-07-19,13.98,13.98,13.56,29.66,4200
2007-07-20,13.56,13.56,12.71,28.81,4200
2007-07-23,13.14,13.56,13.14,13.56,3700
2007-07-24,13.98,14.83,13.98,14.41,3600
2007-07-25,14.41,14.41,13.98,14.07,2500
2007-07-26,13.98,13.98,13.56,13.56,1200
2007-07-27,13.14,13.14,13.14,13.14,200
2007-07-30,13.14,13.14,13.14,13.14,200
2007-07-31,12.71,12.71,12.71,12.71,1000
2007-08-01,13.14,13.14,13.14,13.14,2000
2007-08-02,13.14,13.14,13.14,13.31,1200
2007-08-03,13.14,13.56,13.14,13.56,3000
2007-08-06,12.71,12.71,12.71,12.71,200
2007-08-07,13.14,13.14,13.14,12.97,500
2007-08-08,13.56,13.56,13.14,12.92,400
2007-08-09,13.98,13.98,12.71,12.5,2000
2007-08-10,12.71,12.71,12.71,12.54,1200
2007-08-13,12.29,13.56,12.29,12.08,1700
2007-08-14,11.86,11.86,11.86,11.86,1000
2007-08-15,11.86,11.86,11.44,11.48,1000
2007-08-16,11.44,11.44,11.44,11.44,1400
2007-08-17,11.44,11.44,11.44,11.53,1600
2007-08-20,11.44,11.44,11.44,11.44,500
2007-08-21,11.02,11.02,11.02,11.02,100
2007-08-22,12.29,12.29,10.59,11.02,1100
2007-08-23,11.86,11.86,10.59,10.59,800
2007-08-24,12.29,12.29,11.86,11.86,1300
2007-08-27,11.86,12.29,11.44,11.44,1900
2007-08-28,12.71,12.71,11.02,11.02,1900
2007-08-29,13.14,13.14,11.86,11.86,1100
2007-08-30,12.71,13.98,12.29,12.29,1400
2007-08-31,13.56,13.56,11.86,12.08,2600
2007-09-04,13.14,13.56,11.86,11.78,4900
2007-09-05,12.29,12.71,12.29,12.5,1100
2007-09-06,13.56,13.56,12.29,12.29,2100
2007-09-07,12.71,14.41,12.29,12.12,1400
2007-09-10,12.8,12.84,12.71,12.75,6700
2007-09-11,12.71,12.71,12.29,12.63,1800
2007-09-12,12.71,12.92,12.29,12.71,8800
2007-09-13,13.22,13.73,12.5,12.71,6700
2007-09-14,13.14,13.14,12.29,12.71,3800
2007-09-17,12.29,12.5,12.08,12.08,2800
2007-09-18,12.71,12.71,12.37,12.5,2200
2007-09-19,12.54,12.8,12.54,12.59,3700
2007-09-20,12.71,12.71,12.5,12.5,3900
2007-09-21,12.5,12.63,12.5,12.59,3000
2007-09-24,12.5,12.5,12.29,12.5,1000
2007-09-25,13.14,13.14,12.63,12.71,4500
2007-09-26,12.97,13.14,12.71,12.71,4400
2007-09-27,12.97,12.97,12.71,12.71,1400
2007-09-28,12.71,13.56,12.71,13.39,7800
2007-10-01,14.41,14.58,14.41,14.58,3700
2007-10-02,15.98,15.98,15.98,15.98,13500
2007-10-03,17.54,17.54,17.54,17.54,8200
2007-10-04,19.28,19.28,19.28,19.28,4700
2007-10-05,21.19,21.19,21.19,21.19,12600
2007-10-08,23.31,23.31,23.31,23.31,10300
2007-10-09,25.64,25.64,23.31,23.73,29700
2007-10-10,24.11,24.11,22.46,23.31,11200
2007-10-11,23.73,24.58,23.73,24.15,14900
2007-10-12,25.0,25.0,24.15,24.49,5500
2007-10-15,25.0,26.27,24.49,26.27,26600
2007-10-16,27.54,27.67,27.12,27.67,13800
2007-10-17,29.66,30.42,28.43,29.66,17500
2007-10-18,27.54,29.66,27.12,27.12,2800
2007-10-19,25.42,30.09,25.42,29.66,12700
2007-10-22,30.09,31.36,29.24,29.58,14600
2007-10-23,30.51,30.51,29.24,29.24,7500
2007-10-24,27.97,29.24,27.97,28.39,6500
2007-10-25,29.66,31.27,29.66,31.27,33800
2007-10-26,34.2,34.2,34.2,34.2,21200
2007-10-29,37.59,37.59,37.29,37.59,10800
2007-10-30,37.59,41.1,34.2,34.32,5400
2007-10-31,35.17,35.17,33.64,33.64,4100
2007-11-01,30.51,37.08,30.51,36.23,25300
2007-11-02,36.44,36.44,31.99,32.03,5800
2007-11-05,30.76,31.14,30.76,30.93,3300
2007-11-06,30.51,31.36,29.24,30.47,13100
2007-11-07,30.47,31.78,30.47,30.93,11200
2007-11-08,33.69,33.81,30.76,30.93,7000
2007-11-09,29.03,30.51,28.81,30.51,2900
2007-11-12,32.16,32.16,27.12,28.39,2600
2007-11-13,25.85,25.85,25.76,25.76,1700
2007-11-14,23.22,28.31,23.22,28.31,5100
2007-11-15,27.03,27.54,26.91,27.03,2100
2007-11-16,24.58,25.85,24.58,25.21,2000
2007-11-19,27.75,27.75,26.06,26.7,3700
2007-11-20,25.68,25.85,25.0,25.0,7900
2007-11-21,23.73,24.79,23.14,24.79,8000
2007-11-22,23.09,23.09,22.03,22.97,46000
2007-11-23,21.57,22.03,21.19,21.61,23700
2007-11-26,21.61,22.46,21.19,21.44,30400
2007-11-27,22.03,22.46,21.82,21.82,27000
2007-11-28,22.88,22.88,22.46,22.88,24700
2007-11-29,23.26,24.58,22.88,24.37,28300
2007-11-30,25.0,25.85,24.58,25.64,36100
2007-12-03,26.65,28.05,26.65,28.05,35700
2007-12-04,29.66,29.66,28.39,29.45,59300
2007-12-05,29.66,29.66,26.48,28.09,35100
2007-12-06,28.18,28.18,26.48,26.7,46300
2007-12-07,26.27,27.75,26.27,27.12,37900
2007-12-10,27.54,27.54,26.27,26.7,21700
2007-12-11,26.48,26.48,24.28,25.42,33400
2007-12-12,25.21,26.91,24.58,25.85,41500
2007-12-13,25.85,25.85,24.37,25.42,29100
2007-12-14,25.0,25.0,24.37,24.79,20100
2007-12-17,24.37,24.37,23.52,23.52,11800
2007-12-18,23.52,25.0,23.31,24.15,22600
2007-12-19,24.96,26.02,24.96,25.0,31100
2007-12-20,25.85,25.85,23.31,24.15,15900
2007-12-21,24.37,25.0,24.37,24.15,14300
2007-12-24,25.0,25.0,24.15,24.58,16900
2007-12-25,24.58,24.58,23.73,24.15,6300
2007-12-26,24.15,24.58,23.94,24.58,18800
2007-12-27,24.58,24.58,24.15,24.58,13500
2007-12-28,24.37,24.79,24.15,24.58,13800
2008-01-02,24.58,24.58,23.94,24.03,3500
2008-01-03,24.28,24.32,23.31,23.73,2700
2008-01-04,23.31,23.31,22.67,22.88,4500
2008-01-07,22.92,22.92,20.64,20.89,15800
2008-01-08,21.36,22.92,21.36,21.82,20400
2008-01-09,22.46,22.46,21.61,21.7,23300
2008-01-10,21.19,21.4,20.13,21.19,18500
2008-01-11,20.76,22.25,20.76,21.19,17000
2008-01-14,20.25,20.25,19.28,19.7,18700
2008-01-15,19.07,19.07,17.63,18.22,35600
2008-01-16,19.87,19.92,19.87,19.92,8600
2008-01-17,21.14,21.91,19.7,20.34,35600
2008-01-18,20.93,21.61,19.49,21.19,38400
2008-01-21,20.34,20.85,20.13,20.85,6400
2008-01-22,20.13,20.17,19.92,20.13,6500
2008-01-23,20.04,20.04,18.64,19.11,12400
2008-01-24,19.75,20.3,18.31,19.03,10000
2008-01-25,18.64,20.34,18.52,20.34,30200
2008-01-28,21.27,21.27,19.92,20.34,27800
2008-01-29,20.76,21.82,20.34,21.61,22400
2008-01-30,22.46,23.18,22.46,23.18,40900
2008-01-31,23.31,23.48,21.14,23.14,25900
2008-02-01,23.73,23.73,22.46,23.09,29200
2008-02-12,23.31,23.31,21.19,21.99,13200
2008-02-13,22.03,22.03,20.55,20.98,14100
2008-02-14,21.61,22.03,20.76,20.76,6100
2008-02-15,20.76,21.02,20.34,20.81,8200
2008-02-18,20.98,20.98,18.64,19.28,27000
2008-02-19,21.19,21.19,18.64,19.7,15200
2008-02-20,20.34,20.34,18.69,19.07,10000
2008-02-21,18.69,19.07,17.46,17.46,15600
2008-02-22,15.89,17.8,15.89,17.37,25500
2008-02-25,17.8,17.97,17.8,17.97,7100
2008-02-26,18.01,18.22,16.14,16.27,14000
2008-02-27,16.74,17.37,16.1,16.53,9800
2008-02-28,16.74,16.95,16.31,16.65,7300
2008-02-29,16.1,16.95,15.98,16.1,7800
2008-03-03,16.31,16.31,14.58,14.62,16400
2008-03-04,13.98,13.98,13.43,13.43,34900
2008-03-05,12.16,13.14,12.16,12.92,27800
2008-03-06,13.43,13.43,13.43,13.43,1800
2008-03-07,14.75,14.75,14.75,14.75,4100
2008-03-10,16.19,16.19,15.25,15.3,56900
2008-03-11,14.87,16.53,14.62,14.92,23500
2008-03-12,15.89,16.48,15.25,15.68,18300
2008-03-13,16.44,16.44,15.47,15.68,12600
2008-03-14,15.51,15.68,15.25,15.68,7600
2008-03-17,14.83,15.25,14.15,14.41,16500
2008-03-18,13.14,13.77,13.01,13.01,34000
2008-03-19,13.94,14.2,12.29,12.54,17600
2008-03-20,13.73,13.77,12.71,12.71,8900
2008-03-21,12.29,12.33,11.86,12.08,12700
2008-03-24,12.08,12.08,10.85,10.85,18800
2008-03-25,9.92,9.92,9.92,9.92,14500
2008-03-26,8.94,10.55,8.94,10.17,19300
2008-03-27,10.17,10.17,10.17,10.17,2100
2008-03-28,9.83,9.83,9.83,9.83,200
2008-03-31,10.0,10.0,10.0,10.0,500
2008-04-01,10.17,10.17,10.17,10.17,1000
2008-04-02,10.34,10.34,10.34,10.34,200
2008-04-03,10.51,10.51,10.51,10.51,400
2008-04-04,10.68,10.68,10.68,10.68,4900
2008-04-07,10.97,10.97,10.97,10.97,500
2008-04-08,11.27,11.27,10.93,11.19,24600
2008-04-09,11.48,11.48,10.89,10.89,12700
2008-04-10,10.72,10.72,10.72,10.72,200
2008-04-11,10.42,10.42,10.42,10.42,4400
2008-04-16,10.13,10.13,10.13,10.13,4400
2008-04-17,9.83,10.42,9.83,10.42,22300
2008-04-18,10.3,10.3,9.7,9.75,14700
2008-04-21,9.62,9.7,9.62,9.66,8500
2008-04-22,9.45,9.53,9.36,9.36,8500
2008-04-23,9.15,9.24,9.15,9.15,5600
2008-04-24,8.9,9.03,8.9,8.9,5800
2008-04-25,9.2,9.2,9.2,9.2,4600
2008-04-28,9.45,9.45,9.45,9.45,600
2008-04-29,9.7,9.7,9.7,9.7,800
2008-05-05,9.96,9.96,9.45,9.75,27400
2008-05-06,9.75,9.75,9.58,9.58,8200
2008-05-07,9.32,9.32,9.32,9.32,1200
2008-05-08,9.07,9.07,9.07,9.07,300
2008-05-09,8.81,8.81,8.81,8.81,3300
2008-05-12,8.56,8.56,8.56,8.56,600
2008-05-13,8.31,8.31,8.31,8.31,300
2008-05-14,8.09,8.09,8.09,8.09,1100
2008-05-15,7.88,7.88,7.88,7.88,100
2008-05-16,7.67,8.09,7.67,7.75,22200
2008-05-19,7.5,7.54,7.5,7.5,5600
2008-05-20,7.29,7.29,7.29,7.29,2200
2008-05-21,7.08,7.08,7.08,7.08,300
2008-05-22,6.86,6.86,6.86,6.86,1600
2008-05-23,6.7,6.7,6.7,6.7,200
2008-05-26,6.7,6.7,6.7,6.7,0
2008-05-27,6.7,6.7,6.7,6.7,0
2008-05-28,6.53,6.53,6.53,6.53,4400
2008-05-29,6.36,6.65,6.36,6.36,11100
2008-05-30,6.19,6.19,6.19,6.19,1900
2008-06-02,6.02,6.02,6.02,6.02,4500
2008-06-03,5.85,5.85,5.85,5.85,1000
2008-06-04,5.68,5.68,5.68,5.68,100
2008-06-05,5.51,5.51,5.51,5.51,100
2008-06-06,5.38,5.38,5.38,5.38,200
2008-06-09,5.25,5.25,5.25,5.25,100
2008-06-10,5.13,5.38,5.13,5.38,15300
2008-06-11,5.34,5.34,5.34,5.34,1300
2008-06-12,5.47,5.47,5.47,5.47,100
2008-06-13,5.59,5.59,5.59,5.59,500
2008-06-16,5.72,5.72,5.72,5.72,3800
2008-06-17,5.89,5.89,5.89,5.89,1800
2008-06-18,6.06,6.06,5.72,5.72,31000
2008-06-19,5.68,5.68,5.68,5.68,6200
2008-06-20,5.47,5.68,5.47,5.55,17500
2008-06-23,5.25,5.68,5.25,5.68,17800
2008-06-24,5.85,5.85,5.81,5.85,13300
2008-06-25,6.06,6.06,5.93,6.06,15300
2008-06-26,6.27,6.27,5.89,6.27,27100
2008-06-27,6.06,6.4,5.97,6.4,16900
2008-06-30,6.48,6.48,6.27,6.48,19600
2008-07-01,6.7,6.7,6.7,6.7,13300
2008-07-02,6.95,6.95,6.57,6.95,29600
2008-07-03,6.99,7.16,6.99,7.16,4800
2008-07-04,7.33,7.33,7.33,7.33,8300
2008-07-07,7.58,7.58,7.08,7.16,44100
2008-07-08,7.12,7.63,7.12,7.58,47800
2008-07-09,7.5,7.5,7.37,7.5,16200
2008-07-10,7.8,7.8,7.8,7.8,6200
2008-07-11,8.09,8.09,8.09,8.09,18300
2008-07-14,8.39,8.39,8.39,8.39,2500
2008-07-15,8.69,8.69,8.69,8.69,8700
2008-07-16,9.03,9.03,8.39,9.03,43900
2008-07-17,9.28,9.28,9.28,9.28,3500
2008-07-18,9.32,9.62,8.94,9.11,45500
2008-07-21,9.41,9.41,9.07,9.11,7000
2008-07-22,9.11,9.11,9.11,9.11,0
2008-07-23,8.81,8.81,8.81,8.81,2900
2008-07-24,8.47,9.15,8.47,8.81,78300
2008-07-25,8.86,9.11,8.47,8.69,37300
2008-07-28,8.47,8.94,8.47,8.94,22700
2008-07-29,9.24,9.24,9.24,9.24,23400
2008-07-30,9.58,9.58,9.2,9.58,75000
2008-07-31,9.75,9.87,9.15,9.83,76500
2008-08-01,9.53,9.83,9.2,9.83,115900
2008-08-04,9.28,10.04,9.28,9.79,37600
2008-08-05,9.45,9.53,9.45,9.45,10800
2008-08-06,9.11,9.79,9.11,9.7,108800
2008-08-07,9.7,9.79,9.45,9.7,68600
2008-08-08,9.75,9.75,9.41,9.75,42900
2008-08-11,9.75,10.0,9.75,10.0,28900
2008-08-12,10.34,10.34,9.96,10.34,67800
2008-08-13,10.68,10.68,10.0,10.59,96200
2008-08-14,10.64,10.89,10.25,10.89,176600
2008-08-15,11.27,11.27,11.27,11.27,8500
2008-08-18,12.03,12.03,11.82,12.03,107200
2008-08-19,12.8,12.8,11.19,11.86,63600
2008-08-20,11.44,11.78,11.02,11.02,66900
2008-08-21,10.59,12.03,10.59,12.03,84500
2008-08-22,12.5,12.54,11.91,12.54,104900
2008-08-25,13.18,13.18,13.18,13.18,13900
2008-08-26,14.07,14.07,14.07,14.07,10300
2008-08-27,15.04,15.04,14.62,15.04,120000
2008-08-28,14.41,14.41,14.03,14.03,51700
2008-08-29,13.14,15.04,13.14,14.36,108200
2008-09-03,14.41,14.41,14.41,14.41,4800
2008-09-04,15.38,15.38,13.43,14.83,131600
2008-09-05,14.66,14.83,13.77,14.2,48600
2008-09-08,13.64,13.64,13.52,13.52,20100
2008-09-09,12.59,13.77,12.59,12.71,78800
2008-09-10,12.71,12.92,11.99,11.99,54200
2008-09-11,11.61,11.86,11.44,11.44,10200
2008-09-12,10.72,10.72,10.72,10.72,15200
2008-09-15,10.0,11.44,10.0,11.02,55600
2008-09-16,10.34,10.38,10.09,10.09,59000
2008-09-17,9.53,9.53,9.45,9.45,33300
2008-09-18,8.81,8.9,8.81,8.81,9300
2008-09-19,8.22,9.41,8.22,9.41,65100
2008-09-22,9.32,9.32,9.32,9.32,500
2008-09-23,8.69,9.96,8.69,9.32,63200
2008-09-24,9.07,9.75,9.07,9.32,22200
2008-09-25,9.45,10.09,9.32,10.09,62300
2008-09-26,10.59,10.59,9.96,10.55,88300
2008-09-29,10.59,10.81,10.04,10.55,46300
2008-09-30,9.87,9.87,9.87,9.87,100
2008-10-01,9.53,9.96,9.53,9.96,30900
2008-10-02,10.47,10.47,9.53,10.47,43000
2008-10-03,10.55,10.93,10.55,10.93,41600
2008-10-06,10.68,10.68,9.96,10.17,19500
2008-10-07,9.45,9.45,9.36,9.36,52000
2008-10-08,8.73,9.53,8.73,9.28,33700
2008-10-09,9.11,9.66,9.07,9.62,54900
2008-10-10,8.81,9.28,8.81,8.81,44300
2008-10-13,8.98,9.41,8.47,8.81,18600
2008-10-14,9.45,9.45,9.45,9.45,700
2008-10-15,10.09,10.09,9.32,10.09,90100
2008-10-16,9.2,9.87,9.2,9.7,45200
2008-10-17,10.3,10.3,9.7,9.7,34300
2008-10-20,10.0,10.17,9.32,9.53,11500
2008-10-21,10.25,10.25,10.0,10.0,19500
2008-10-22,10.0,10.0,9.45,9.58,6400
2008-10-23,9.03,9.11,9.03,9.03,14300
2008-10-24,8.56,8.56,8.43,8.43,24600
2008-10-27,7.92,7.92,7.88,7.88,12300
2008-10-28,7.33,8.05,7.33,7.97,18400
2008-10-29,8.01,8.01,7.63,8.01,45100
2008-10-30,8.35,8.47,7.84,8.47,22700
2008-10-31,8.9,8.94,8.56,8.94,36300
2008-11-03,8.47,8.9,8.31,8.47,11700
2008-11-04,8.52,9.11,8.52,9.11,18100
2008-11-05,9.53,9.53,9.53,9.53,7400
2008-11-06,9.53,10.13,9.32,9.75,65700
2008-11-07,9.07,9.45,9.03,9.03,19700
2008-11-10,9.49,9.49,8.9,9.07,16200
2008-11-11,8.52,8.9,8.47,8.47,13300
2008-11-12,8.43,8.69,8.39,8.69,7700
2008-11-13,8.52,8.77,8.47,8.69,12600
2008-11-14,9.11,9.2,8.77,8.98,6300
2008-11-17,8.6,8.6,8.56,8.6,5300
2008-11-18,8.6,8.6,8.47,8.47,5700
2008-11-19,8.69,8.69,8.52,8.52,8400
2008-11-20,8.09,8.47,8.05,8.05,7400
2008-11-21,8.14,8.14,7.63,8.05,3500
2008-11-24,7.84,8.14,7.63,7.84,11000
2008-11-25,8.35,8.35,7.63,7.84,5600
2008-11-26,7.63,7.63,7.46,7.46,2100
2008-11-27,8.01,8.01,7.12,7.2,10300
2008-11-28,7.67,7.67,7.63,7.67,9300
2008-12-01,7.46,7.46,7.16,7.33,6600
2008-12-02,7.42,7.42,7.2,7.29,3300
2008-12-03,7.29,7.29,7.16,7.16,8300
2008-12-04,7.5,7.5,7.25,7.29,9700
2008-12-05,7.16,7.16,7.16,7.16,100
2008-12-08,7.63,7.63,6.78,6.78,1200
2008-12-09,7.03,7.03,6.91,6.91,700
2008-12-10,6.57,6.57,6.48,6.48,8600
2008-12-11,6.95,6.95,6.78,6.78,8600
2008-12-12,7.2,7.33,7.03,7.25,35200
2008-12-15,7.63,7.63,7.2,7.58,7200
2008-12-16,7.12,7.12,7.12,7.12,4400
2008-12-17,6.7,7.12,6.7,7.08,8100
2008-12-18,7.33,7.33,6.78,6.78,3600
2008-12-19,7.29,7.29,6.61,6.82,5800
2008-12-22,7.08,7.25,7.08,7.2,8800
2008-12-23,6.95,6.95,6.95,6.95,2000
2008-12-24,6.65,6.78,6.61,6.78,12100
2008-12-25,6.65,7.08,6.61,6.61,14900
2008-12-26,6.7,6.7,6.57,6.7,7100
2008-12-29,6.74,6.99,6.74,6.78,10500
2008-12-30,6.99,7.12,6.86,6.86,1800
2008-12-31,6.86,6.86,6.82,6.82,1400
2009-01-02,6.78,6.78,6.78,6.78,900
2009-01-05,6.65,6.65,6.53,6.53,4800
2009-01-06,6.78,6.99,6.78,6.99,15200
2009-01-07,7.33,7.42,7.2,7.25,35100
2009-01-08,7.37,7.42,7.16,7.29,20700
2009-01-09,7.29,7.63,7.29,7.54,30600
2009-01-12,7.63,7.67,7.42,7.5,17400
2009-01-13,7.42,7.67,7.42,7.67,23000
2009-01-14,8.05,8.05,7.84,8.05,58800
2009-01-15,8.6,8.6,8.31,8.6,62300
2009-01-16,8.47,9.15,8.31,8.31,83800
2009-01-19,8.35,8.35,8.35,8.35,13600
2009-01-20,7.88,7.88,7.8,7.8,23200
2009-01-21,7.46,7.88,7.46,7.58,3500
2009-01-22,7.84,7.84,7.75,7.8,1800
2009-01-23,7.84,7.84,7.67,7.67,700
2009-02-02,7.63,7.63,7.37,7.42,39900
2009-02-03,7.33,7.5,7.03,7.5,35700
2009-02-04,7.2,7.63,7.12,7.25,7300
2009-02-05,7.33,7.33,6.86,7.03,12400
2009-02-06,7.12,7.37,7.08,7.29,6000
2009-02-09,7.25,7.63,7.2,7.58,22700
2009-02-10,7.25,7.63,7.25,7.63,47500
2009-02-11,7.2,7.5,7.2,7.2,15400
2009-02-12,7.2,7.42,7.2,7.42,20700
2009-02-13,7.2,7.2,7.12,7.12,4600
2009-02-16,7.03,7.2,7.03,7.12,6300
2009-02-17,6.99,7.03,6.86,6.86,15600
2009-02-18,6.95,6.95,6.86,6.86,4900
2009-02-19,7.16,7.16,6.91,7.03,4400
2009-02-20,7.03,7.03,7.03,7.03,0
2009-02-23,6.78,6.99,6.7,6.99,17200
2009-02-24,6.78,7.25,6.78,7.25,51900
2009-02-25,7.29,7.29,6.86,7.2,1000
2009-02-26,7.03,7.2,7.03,7.2,12200
2009-02-27,7.5,7.67,7.5,7.63,33500
2009-03-02,7.71,7.71,7.63,7.63,3800
2009-03-03,7.37,7.37,7.29,7.33,2600
2009-03-04,7.58,7.58,7.2,7.42,3700
2009-03-05,6.74,6.99,6.65,6.91,12500
2009-03-06,7.42,7.42,6.95,6.99,7700
2009-03-09,7.33,7.33,6.78,6.91,8400
2009-03-10,6.99,6.99,6.91,6.91,1100
2009-03-11,7.42,7.42,6.99,7.12,6400
2009-03-12,7.16,7.16,6.78,6.78,6900
2009-03-13,6.91,6.99,6.78,6.99,29600
2009-03-16,6.86,7.03,6.86,7.03,21400
2009-03-17,7.03,7.33,7.03,7.25,22600
2009-03-18,6.99,7.63,6.99,7.63,27900
2009-03-19,7.42,7.88,7.08,7.08,3500
2009-03-20,7.5,7.5,7.5,7.5,100
2009-03-23,7.12,7.12,6.99,6.99,3700
2009-03-24,7.2,7.29,7.2,7.29,1300
2009-03-25,7.25,7.25,7.2,7.25,21200
2009-03-26,7.5,7.63,7.2,7.42,22900
2009-03-27,7.71,7.71,7.16,7.16,2600
2009-03-30,6.82,6.99,6.78,6.78,15500
2009-03-31,6.86,6.99,6.82,6.82,4300
2009-04-01,6.91,7.08,6.91,7.08,4200
2009-04-02,7.03,7.03,6.99,6.99,2700
2009-04-03,7.42,7.46,7.29,7.46,73700
2009-04-07,7.42,7.92,7.42,7.92,18500
2009-04-08,7.63,7.63,7.25,7.25,7300
2009-04-09,7.25,7.42,7.25,7.29,1500
2009-04-10,7.46,7.75,7.46,7.58,19100
2009-04-13,7.71,8.14,7.71,8.14,41400
2009-04-14,8.64,8.64,7.88,8.09,17600
2009-04-15,7.97,7.97,7.67,7.71,10600
2009-04-16,7.75,7.75,7.63,7.63,4900
2009-04-17,7.63,7.63,7.16,7.2,8500
2009-04-20,6.82,6.99,6.82,6.99,22700
2009-04-21,6.48,6.99,6.44,6.95,6700
2009-04-22,7.2,7.2,6.99,7.2,3700
2009-04-23,7.58,7.58,7.2,7.58,21100
2009-04-24,7.84,8.05,7.33,7.84,39600
2009-04-27,7.92,7.92,7.84,7.84,27000
2009-04-28,7.71,7.84,7.71,7.71,5500
2009-04-29,7.71,7.71,7.63,7.71,18000
2009-05-04,8.05,8.18,8.05,8.18,48300
2009-05-05,8.73,8.73,8.05,8.05,37700
2009-05-06,8.01,8.01,7.97,7.97,8100
2009-05-07,7.63,8.05,7.63,8.05,32000
2009-05-08,7.63,8.18,7.63,7.88,17300
2009-05-11,7.63,7.97,7.63,7.88,15000
2009-05-12,8.31,8.31,7.84,8.05,4800
2009-05-13,8.09,8.09,7.84,7.92,12100
2009-05-14,7.71,7.71,7.37,7.67,13900
2009-05-15,7.63,7.92,7.63,7.75,21700
2009-05-18,7.84,8.01,7.84,8.01,41700
2009-05-19,8.01,8.43,8.01,8.43,70400
2009-05-20,8.6,8.64,8.26,8.64,36000
2009-05-21,8.47,9.07,8.47,9.07,34300
2009-05-22,9.49,9.49,8.64,9.28,78100
2009-05-25,9.58,9.79,9.41,9.79,52200
2009-05-26,9.75,9.75,9.11,9.15,21900
2009-05-27,9.15,9.53,8.77,9.32,39700
2009-05-28,9.11,9.66,8.98,9.66,48700
2009-05-29,9.49,9.49,9.32,9.32,11200
2009-06-01,9.66,10.04,9.66,10.0,19800
2009-06-02,10.59,10.59,10.17,10.25,40100
2009-06-03,9.87,10.34,9.87,10.17,23600
2009-06-04,10.21,10.68,10.21,10.42,32700
2009-06-05,11.23,11.23,11.1,11.23,44800
2009-06-08,11.99,11.99,11.99,11.99,11600
2009-06-09,12.8,12.8,11.86,12.08,106400
2009-06-10,12.08,12.29,11.78,12.03,96400
2009-06-11,12.03,12.71,11.91,12.71,63400
2009-06-12,13.43,13.43,11.74,11.86,67600
2009-06-15,11.7,12.25,11.65,11.65,54800
2009-06-16,10.89,11.02,10.89,10.89,25000
2009-06-17,10.17,11.44,10.17,11.36,23400
2009-06-18,11.1,11.1,11.1,11.1,11500
2009-06-19,11.86,11.86,11.57,11.82,37100
2009-06-22,12.54,12.54,11.02,11.06,6800
2009-06-23,11.19,11.44,11.19,11.19,4300
2009-06-24,11.23,11.82,10.47,11.44,16900
2009-06-25,11.44,11.44,10.59,10.64,27900
2009-06-26,10.68,11.02,10.34,10.34,28200
2009-06-29,10.89,10.89,10.59,10.59,500
2009-06-30,10.81,10.81,9.92,9.92,18100
2009-07-01,9.32,9.32,9.28,9.28,18900
2009-07-02,9.53,9.53,9.15,9.15,1300
2009-07-03,9.24,9.32,9.24,9.32,1800
2009-07-06,9.87,9.87,9.87,9.87,400
2009-07-07,10.51,10.51,10.38,10.51,5500
2009-07-08,10.17,10.72,9.75,10.64,18600
2009-07-09,10.81,10.89,10.34,10.72,5300
2009-07-10,10.76,10.76,10.76,10.76,5500
2009-07-13,10.76,10.76,10.09,10.13,5200
2009-07-14,10.68,10.68,10.68,10.68,100
2009-07-15,10.72,10.72,10.38,10.64,7600
2009-07-16,10.72,10.81,10.59,10.59,5400
2009-07-17,10.81,10.81,10.09,10.09,600
2009-07-20,9.66,10.21,9.62,10.17,4100
2009-07-21,10.38,10.42,9.96,9.96,3400
2009-07-22,9.96,9.96,9.96,9.96,700
2009-07-23,10.38,10.51,9.96,10.51,10700
2009-07-24,10.72,10.89,10.72,10.89,8800
2009-07-27,11.19,11.19,10.89,10.89,1100
2009-07-28,10.93,11.02,10.25,10.25,11700
2009-07-29,10.81,10.81,10.0,10.09,7300
2009-07-30,10.55,10.55,9.83,10.04,6600
2009-07-31,10.89,10.89,10.38,10.89,7800
2009-08-03,11.02,11.14,10.47,10.59,12800
2009-08-04,10.85,10.97,10.68,10.85,5500
2009-08-05,11.02,11.02,10.68,10.72,5000
2009-08-06,10.55,10.85,10.55,10.76,8400
2009-08-07,10.34,10.42,10.25,10.38,8000
2009-08-10,10.68,10.97,10.68,10.93,31000
2009-08-11,11.23,11.57,11.02,11.57,70200
2009-08-12,11.99,12.03,10.93,11.23,6000
2009-08-13,11.61,11.61,11.1,11.1,7400
2009-08-14,10.89,11.02,10.72,10.85,18500
2009-08-17,11.23,11.23,10.64,10.68,5800
2009-08-18,10.59,10.89,10.59,10.72,18000
2009-08-19,10.89,11.27,10.85,11.23,40800
2009-08-20,11.23,11.7,10.97,11.7,81700
2009-08-21,12.25,12.25,12.25,12.25,62400
2009-08-24,13.09,13.09,12.71,13.09,77100
2009-08-25,13.14,13.56,12.75,12.97,60000
2009-08-26,12.5,13.09,12.2,12.71,74500
2009-08-27,12.84,12.84,12.5,12.54,23900
2009-08-28,12.71,13.47,12.71,13.47,93800
2009-08-31,14.11,14.11,13.73,14.11,69600
2009-09-01,13.56,14.11,13.09,14.03,73700
2009-09-03,13.77,14.75,13.56,14.75,66900
2009-09-04,14.83,15.25,13.9,14.62,166000
2009-09-07,14.41,14.41,14.03,14.41,54700
2009-09-08,14.41,15.13,14.2,14.83,88900
2009-09-09,15.25,15.25,14.66,15.25,65200
2009-09-10,15.72,16.14,15.47,16.14,102600
2009-09-11,17.08,17.08,16.44,17.08,256900
2009-09-14,17.8,18.22,17.03,18.18,158300
2009-09-15,18.43,18.43,16.95,17.63,56900
2009-09-16,17.33,17.33,16.4,16.4,111700
2009-09-17,16.31,16.48,15.68,15.85,48300
2009-09-18,14.83,17.03,14.83,16.95,64700
2009-09-21,17.16,17.75,16.78,16.78,46500
2009-09-22,17.59,17.8,16.06,16.82,158400
2009-09-23,17.16,17.29,15.93,16.31,67500
2009-09-24,16.31,16.74,15.34,16.1,61900
2009-09-25,15.51,16.65,15.3,16.53,80200
2009-09-28,16.78,17.16,16.53,17.16,133100
2009-09-29,18.22,18.22,16.95,17.59,79800
2009-09-30,17.8,18.01,16.95,17.54,85100
2009-10-01,17.37,18.48,17.29,18.48,339300
2009-10-02,17.16,18.43,17.03,18.22,81000
2009-10-05,17.8,18.77,17.8,18.48,60200
2009-10-06,18.64,18.64,17.37,18.22,68100
2009-10-07,18.26,19.07,18.26,18.77,198200
2009-10-08,19.87,19.87,19.87,19.87,107500
2009-10-09,21.23,21.23,20.34,20.76,187200
2009-10-12,21.19,22.46,19.62,21.19,162500
2009-10-13,21.19,21.61,19.92,20.21,148700
2009-10-14,20.38,21.78,19.92,21.78,218300
2009-10-15,22.5,22.5,22.5,22.5,13800
2009-10-16,24.07,24.07,23.39,23.81,314500
2009-10-19,23.31,23.94,22.46,23.69,132600
2009-10-20,23.31,24.66,23.31,24.53,157100
2009-10-21,24.58,24.58,23.09,23.9,106300
2009-10-22,23.31,23.73,22.59,23.26,92900
2009-10-23,23.31,24.15,21.53,22.42,145800
2009-10-26,22.67,22.67,21.11,21.11,43000
2009-10-27,20.12,20.12,19.82,19.9,45500
2009-10-28,18.6,20.77,18.6,20.2,35200
2009-10-29,19.08,19.69,18.91,19.12,46900
2009-10-30,20.33,20.33,19.47,20.33,57700
2009-11-02,21.59,21.63,18.86,19.25,48500
2009-11-03,19.38,20.25,18.04,18.21,60600
2009-11-04,18.52,18.82,18.39,18.43,9600
2009-11-05,19.25,19.69,18.91,19.64,28700
2009-11-06,20.77,20.77,19.25,19.47,46300
2009-11-09,19.12,19.47,18.91,18.91,19400
2009-11-10,19.04,19.04,17.74,18.17,49900
2009-11-11,18.17,18.39,17.74,17.74,24300
2009-11-12,18.6,18.6,16.74,18.13,45300
2009-11-13,18.0,18.95,17.96,18.95,77000
2009-11-16,20.12,20.12,19.47,20.12,121700
2009-11-17,20.77,20.77,19.47,19.51,33600
2009-11-18,19.04,19.47,18.52,19.47,67900
2009-11-19,19.47,19.47,19.17,19.25,57000
2009-11-20,19.47,20.72,19.47,20.29,108200
2009-11-23,20.25,20.25,18.86,19.04,37100
2009-11-24,19.04,19.04,18.34,18.52,24100
2009-11-25,18.52,19.21,17.26,17.26,73500
2009-11-26,16.66,18.17,16.66,16.66,17100
2009-11-27,15.88,17.09,15.88,16.01,76200
2009-11-30,16.44,16.44,15.92,16.09,50500
2009-12-01,16.22,16.87,16.01,16.35,69700
2009-12-02,17.51,17.51,16.43,16.43,35600
2009-12-03,16.05,16.88,16.05,16.43,20900
2009-12-04,16.62,16.88,16.31,16.43,16700
2009-12-07,16.5,16.5,15.36,15.36,25200
2009-12-08,15.99,15.99,15.17,15.61,13800
2009-12-09,14.66,14.85,14.6,14.6,13900
2009-12-10,13.91,14.1,13.59,13.59,21600
2009-12-11,13.72,13.72,12.77,12.77,10900
2009-12-14,12.83,13.78,12.83,13.72,19100
2009-12-15,13.27,13.27,12.39,12.64,15500
2009-12-16,12.83,12.83,12.01,12.01,10500
2009-12-17,11.38,11.63,11.31,11.57,20400
2009-12-18,12.01,12.14,11.95,12.14,18500
2009-12-21,12.89,12.89,12.7,12.89,47800
2009-12-22,13.53,13.72,13.4,13.59,55100
2009-12-23,14.41,14.54,13.59,14.54,44200
2009-12-24,14.92,14.92,14.22,14.92,33900
2009-12-25,15.8,15.8,15.8,15.8,13900
2009-12-28,16.88,16.88,15.8,16.69,59600
2009-12-29,17.32,17.32,15.68,15.68,29600
2009-12-30,15.8,17.32,15.8,17.07,52400
2009-12-31,18.01,18.08,17.07,17.63,46500
2010-01-04,18.84,18.96,18.84,18.96,58300
2010-01-05,20.29,20.29,19.15,19.97,37300
2010-01-06,20.73,20.73,18.71,18.71,57500
2010-01-07,18.14,18.65,17.63,17.82,59800
2010-01-08,17.38,18.33,16.88,17.0,58400
2010-01-11,17.38,17.38,16.5,16.62,27100
2010-01-12,17.63,17.63,15.93,15.93,29600
2010-01-13,15.8,17.07,15.42,16.94,30000
2010-01-14,16.94,17.0,16.75,17.0,26200
2010-01-15,17.0,17.0,16.12,16.43,5000
2010-01-18,15.49,15.61,15.49,15.49,9200
2010-01-19,15.17,16.24,15.17,15.49,12700
2010-01-20,15.36,15.36,15.04,15.04,6700
2010-01-21,15.17,15.17,14.22,14.41,16400
2010-01-22,14.47,15.17,14.47,15.17,8400
2010-01-25,15.11,15.3,15.11,15.3,5600
2010-01-26,15.93,16.24,15.93,16.24,13700
2010-01-27,15.8,15.8,15.17,15.17,8700
2010-01-28,15.17,15.17,14.85,14.85,15500
2010-01-29,14.79,14.92,14.6,14.6,25500
2010-02-01,15.17,15.17,14.92,15.17,4100
2010-02-02,15.55,15.55,14.85,14.92,2900
2010-02-03,14.6,14.98,14.6,14.92,3200
2010-02-04,14.73,15.17,14.54,14.85,4700
2010-02-05,14.6,15.04,14.54,14.54,8800
2010-02-08,14.66,14.66,14.28,14.41,7300
2010-02-09,14.54,14.54,13.65,13.65,10000
2010-02-10,14.22,14.54,14.22,14.54,1500
2010-02-11,14.79,15.17,14.66,15.04,11600
2010-02-12,15.68,15.68,15.23,15.23,2000
2010-02-22,15.49,15.55,15.42,15.42,2600
2010-02-23,14.54,14.54,14.54,14.54,3200
2010-02-24,14.85,14.85,13.97,14.54,4100
2010-02-25,15.04,15.04,14.41,14.54,8200
2010-02-26,14.28,14.66,14.28,14.54,3300
2010-03-01,15.11,15.11,14.85,14.85,4600
2010-03-02,15.17,15.17,14.66,14.79,16500
2010-03-03,14.92,15.86,14.85,15.86,24600
2010-03-04,16.05,16.31,15.93,16.31,40300
2010-03-05,16.24,16.31,15.8,16.24,16500
2010-03-08,16.75,17.07,16.75,16.94,41400
2010-03-09,16.31,16.43,16.31,16.31,4300
2010-03-10,15.86,16.31,15.8,15.8,28200
2010-03-11,15.93,16.31,15.49,15.68,19800
2010-03-12,15.61,16.18,15.61,16.18,14400
2010-03-15,16.43,16.75,16.05,16.05,16200
2010-03-16,16.05,16.05,15.36,15.36,23100
2010-03-17,15.17,15.61,15.17,15.23,5300
2010-03-18,15.42,15.74,15.04,15.49,8000
2010-03-19,16.24,16.24,15.3,15.3,10400
2010-03-22,15.8,15.8,15.3,15.3,15300
2010-03-23,15.49,15.49,14.79,15.3,8100
2010-03-24,15.17,15.74,15.17,15.74,2000
2010-03-25,15.36,15.36,14.6,15.17,6900
2010-03-26,15.8,15.8,14.54,14.73,10100
2010-03-29,14.73,15.04,14.73,14.79,27200
2010-03-30,14.92,14.92,14.54,14.54,7100
2010-03-31,14.6,14.6,14.41,14.54,6700
2010-04-01,14.54,14.85,14.54,14.85,3200
2010-04-02,14.85,14.85,14.54,14.66,7000
2010-04-05,14.54,14.85,14.22,14.85,23500
2010-04-06,15.3,15.55,15.3,15.36,26100
2010-04-07,15.17,15.42,15.17,15.42,8000
2010-04-08,15.42,16.31,15.42,16.31,101700
2010-04-09,16.56,17.07,16.12,16.43,24100
2010-04-12,16.75,16.75,15.55,15.74,18200
2010-04-13,15.55,15.74,15.17,15.17,11600
2010-04-14,15.11,15.49,15.11,15.36,20100
2010-04-15,15.74,15.93,15.49,15.93,21100
2010-04-16,16.43,16.81,16.31,16.81,137900
2010-04-19,16.75,17.07,16.43,16.62,72800
2010-04-20,17.07,17.26,16.69,16.81,53400
2010-04-21,17.07,18.01,16.88,18.01,107800
2010-04-22,17.7,17.89,16.43,16.75,41200
2010-04-26,16.05,16.43,15.93,15.93,49400
2010-04-27,15.17,16.05,15.17,15.55,78300
2010-04-28,15.61,16.43,15.17,16.37,104400
2010-04-29,16.43,16.88,16.31,16.5,74700
2010-05-04,17.19,17.19,16.75,17.07,59900
2010-05-05,17.0,17.0,16.31,16.43,85000
2010-05-06,16.31,17.7,16.31,17.7,195300
2010-05-07,18.33,18.33,16.81,17.26,113200
2010-05-10,17.57,17.57,16.81,17.07,76800
2010-05-11,17.7,18.27,17.38,18.27,310000
2010-05-12,19.09,19.09,17.0,17.13,94200
2010-05-13,17.63,17.7,17.07,17.07,61700
2010-05-14,17.51,17.51,16.94,17.07,44000
2010-05-17,17.07,17.19,16.43,16.5,45300
2010-05-18,16.75,16.88,15.93,16.43,40500
2010-05-19,16.43,16.43,15.36,15.36,107900
2010-05-20,14.54,15.99,14.54,15.49,13500
2010-05-21,14.85,15.17,14.28,14.28,73800
2010-05-24,14.54,15.17,14.41,14.47,34500
2010-05-25,15.17,15.17,14.79,15.04,32500
2010-05-26,15.17,15.49,15.11,15.42,22400
2010-05-27,15.36,15.49,15.3,15.49,16700
2010-05-28,16.43,16.5,16.37,16.5,96700
2010-05-31,17.63,17.63,17.07,17.63,143900
2010-06-01,16.81,17.57,16.81,17.19,29400
2010-06-02,17.38,17.38,16.88,17.38,35100
2010-06-03,17.38,17.38,16.18,16.18,30700
2010-06-04,16.43,16.94,16.12,16.69,18600
2010-06-07,15.36,15.8,15.36,15.49,68100
2010-06-08,16.5,16.5,15.17,16.31,26000
2010-06-09,16.69,16.69,15.8,15.8,21900
2010-06-10,15.8,16.12,15.8,16.05,13700
2010-06-11,16.43,17.0,16.43,17.0,144600
2010-06-14,17.7,18.08,17.7,18.08,176000
2010-06-15,19.34,19.34,18.14,18.77,293500
2010-06-16,19.28,19.28,18.27,18.33,133900
2010-06-17,18.65,18.65,17.76,18.08,132600
2010-06-18,18.33,19.4,17.76,19.4,270800
2010-06-21,20.23,20.29,19.66,20.29,253100
2010-06-22,20.29,20.8,18.96,20.1,124900
2010-06-23,18.9,19.78,18.9,19.4,59800
2010-06-24,19.47,19.91,18.77,19.21,122900
2010-06-25,18.14,18.65,17.95,18.33,145500
2010-06-28,18.2,18.9,17.76,18.33,48700
2010-06-29,18.65,18.65,18.08,18.46,24600
2010-06-30,17.7,18.33,17.07,17.19,87900
2010-07-01,18.14,18.27,17.45,17.89,60900
2010-07-02,17.7,18.58,17.63,17.76,67700
2010-07-05,17.13,18.96,17.13,18.96,124200
2010-07-06,20.1,20.16,18.33,18.71,71900
2010-07-07,19.59,19.72,18.14,18.58,47400
2010-07-08,18.58,18.96,18.14,18.2,48400
2010-07-09,18.14,18.33,17.7,18.01,25700
2010-07-12,18.08,18.96,18.01,18.84,64200
2010-07-13,18.96,19.47,18.9,19.15,75700
2010-07-14,19.21,20.16,18.96,19.03,91100
2010-07-15,18.9,18.96,18.65,18.65,41500
2010-07-16,18.52,18.96,18.33,18.65,20600
2010-07-19,18.65,19.97,18.65,19.97,335600
2010-07-20,20.35,20.35,19.28,19.34,73800
2010-07-21,20.1,20.16,19.4,19.59,45400
2010-07-22,19.59,19.66,18.96,19.59,59600
2010-07-23,19.34,19.47,18.96,19.28,60200
2010-07-26,19.28,19.28,18.84,18.9,49500
2010-07-27,19.21,19.21,18.58,18.65,51700
2010-07-28,18.39,18.9,17.82,17.89,41000
2010-07-29,18.96,19.09,18.08,18.58,15400
2010-07-30,19.09,19.09,18.46,18.52,13400
2010-08-02,18.08,18.65,17.95,18.08,25400
2010-08-03,18.9,18.96,18.01,18.33,24500
2010-08-04,18.9,18.9,17.45,17.82,22700
2010-08-05,18.01,18.14,17.7,17.95,9400
2010-08-06,18.01,18.01,17.7,17.82,16900
2010-08-09,18.27,18.27,16.81,17.0,22300
2010-08-10,16.43,17.57,15.93,17.0,41400
2010-08-11,17.32,17.32,16.43,17.32,26200
2010-08-12,17.26,17.26,16.12,16.18,31400
2010-08-13,16.37,16.94,16.18,16.81,21500
2010-08-16,16.43,17.57,16.43,17.51,50300
2010-08-17,17.07,17.26,16.75,16.81,17400
2010-08-18,16.24,16.24,15.99,16.05,27600
2010-08-19,16.12,16.12,15.68,15.8,12100
2010-08-20,16.69,16.69,15.36,16.05,14300
2010-08-23,15.86,15.99,15.3,15.42,28800
2010-08-24,15.11,15.11,14.54,14.54,32500
2010-08-25,14.6,14.6,13.59,13.91,46000
2010-08-26,14.47,14.54,12.7,13.65,29400
2010-08-27,13.15,13.78,12.96,13.4,24300
2010-08-30,14.22,14.22,14.22,14.22,17700
2010-08-31,15.17,15.17,14.22,15.17,36800
2010-09-01,15.17,15.99,14.73,15.99,42300
2010-09-06,16.43,16.62,16.43,16.62,69000
2010-09-07,16.62,17.32,16.37,16.81,36100
2010-09-08,15.8,16.12,15.61,15.86,19500
2010-09-09,15.86,16.75,15.86,16.43,27200
2010-09-10,16.37,16.37,15.36,15.49,13400
2010-09-13,14.85,14.85,14.66,14.66,13400
2010-09-14,15.42,15.74,15.17,15.68,15000
2010-09-15,15.8,16.18,15.8,15.8,7200
2010-09-16,15.99,16.12,15.42,15.99,9200
2010-09-17,15.99,16.62,15.99,16.43,37900
2010-09-20,17.38,17.45,16.43,16.75,36100
2010-09-21,16.56,16.69,16.12,16.12,19800
2010-09-22,16.56,17.19,16.43,16.43,8600
2010-09-23,17.0,17.0,15.8,15.86,12000
2010-09-24,16.43,16.43,15.68,15.8,14800
2010-09-27,16.37,16.43,15.49,15.8,7300
2010-09-28,16.05,16.05,15.74,15.93,14800
2010-09-29,15.86,15.86,14.85,14.85,24300
2010-09-30,15.49,15.49,14.85,14.85,2800
2010-10-01,15.17,15.61,14.54,15.42,9500
2010-10-04,15.04,15.04,14.1,14.16,6300
2010-10-05,14.54,15.17,14.22,15.17,7400
2010-10-06,15.23,15.23,14.54,15.11,7600
2010-10-07,15.11,15.17,14.54,14.79,3000
2010-10-08,15.3,15.3,13.91,14.03,15500
2010-10-11,14.41,14.47,14.22,14.41,2600
2010-10-12,13.91,14.16,13.91,14.1,6400
2010-10-13,14.1,14.22,14.1,14.1,3000
2010-10-14,14.47,14.47,13.91,14.03,5500
2010-10-15,13.91,13.97,13.91,13.91,7800
2010-10-18,13.91,13.91,13.27,13.46,5300
2010-10-19,13.21,13.46,12.58,12.58,21800
2010-10-20,12.01,12.01,11.82,11.82,48700
2010-10-21,12.01,12.01,11.95,12.01,7500
2010-10-22,11.44,12.07,11.38,12.07,3300
2010-10-25,11.95,12.2,11.69,12.2,6500
2010-10-26,12.58,12.7,12.01,12.7,18200
2010-10-27,12.01,12.33,11.88,11.88,9700
2010-10-28,11.76,11.76,11.69,11.69,6100
2010-10-29,12.33,12.33,11.69,11.82,20400
2010-11-01,11.44,11.44,11.31,11.31,1700
2010-11-02,10.93,11.63,10.75,11.63,14300
2010-11-03,11.38,11.38,10.87,10.87,6200
2010-11-04,11.63,11.63,10.93,10.93,24200
2010-11-05,11.69,11.69,11.0,11.19,56800
2010-11-08,11.38,11.38,10.81,11.06,8000
2010-11-09,10.75,10.81,10.68,10.68,12700
2010-11-10,10.75,10.75,10.75,10.75,5800
2010-11-11,10.43,10.75,10.24,10.24,7100
2010-11-12,9.86,9.92,9.67,9.92,4400
2010-11-15,9.8,9.8,9.17,9.23,20700
2010-11-16,9.29,9.29,8.77,8.96,14300
2010-11-17,9.55,9.55,9.03,9.09,18600
2010-11-18,9.35,9.68,9.35,9.68,10900
2010-11-19,10.07,10.07,8.9,8.96,7600
2010-11-22,8.96,9.09,8.9,9.03,8600
2010-11-23,9.03,9.09,9.03,9.09,10700
2010-11-24,9.29,9.29,9.09,9.09,7100
2010-11-25,9.35,9.74,9.35,9.74,25100
2010-11-26,9.74,9.74,9.48,9.74,10600
2010-11-29,9.61,10.26,9.42,10.26,23700
2010-11-30,10.39,10.52,10.39,10.52,31800
2010-12-01,11.04,11.04,10.39,10.39,22100
2010-12-02,9.81,11.04,9.81,11.04,28800
2010-12-03,11.37,11.63,11.37,11.63,33100
2010-12-06,11.11,12.41,11.11,11.76,34900
2010-12-07,11.63,12.02,11.37,11.37,27600
2010-12-08,10.91,11.89,10.91,10.91,27500
2010-12-09,10.52,11.37,10.52,11.3,10700
2010-12-10,11.69,11.76,11.3,11.76,54500
2010-12-13,12.34,12.47,12.02,12.34,25000
2010-12-14,12.86,12.86,11.5,11.69,22400
2010-12-15,11.43,11.76,11.17,11.17,20800
2010-12-16,11.04,11.04,10.72,10.78,13300
2010-12-17,11.37,11.43,11.37,11.43,9000
2010-12-20,11.37,11.37,10.78,11.04,7900
2010-12-21,11.24,11.24,10.91,11.04,4300
2010-12-22,11.04,11.11,11.04,11.04,1100
2010-12-23,10.46,10.72,10.39,10.72,13000
2010-12-24,10.52,10.52,10.46,10.46,3200
2010-12-27,10.26,10.52,10.2,10.39,10100
2010-12-28,10.26,10.98,10.26,10.85,22400
2010-12-29,11.17,11.17,10.39,10.46,12000
2010-12-30,10.98,10.98,10.98,10.98,100
2010-12-31,10.72,10.72,10.72,10.72,200
2011-01-04,10.52,10.52,10.52,10.52,200
2011-01-05,10.39,10.52,10.33,10.33,6400
2011-01-06,9.87,10.52,9.87,10.52,7800
2011-01-07,10.33,10.33,10.2,10.2,600
2011-01-10,10.52,10.52,10.52,10.52,100
2011-01-11,9.87,10.07,9.81,9.81,9800
2011-01-12,10.07,10.07,9.87,9.87,300
2011-01-13,10.2,10.2,10.2,10.2,400
2011-01-14,9.87,10.2,9.87,10.2,1200
2011-01-17,10.33,10.33,10.0,10.07,3500
2011-01-18,10.13,10.2,10.0,10.0,9700
2011-01-19,9.74,9.81,9.74,9.74,1300
2011-01-20,10.0,10.0,9.87,9.87,6000
2011-01-21,9.42,10.13,9.42,10.0,800
2011-01-24,9.74,9.74,9.74,9.74,4000
2011-01-25,9.74,10.2,9.74,9.74,8100
2011-01-26,9.94,10.0,9.87,10.0,3000
2011-01-27,10.07,10.2,9.94,9.94,27000
2011-01-28,10.13,10.26,10.13,10.26,2500
2011-02-08,10.52,10.52,10.52,10.52,100
2011-02-09,10.65,10.65,10.39,10.39,2600
2011-02-10,10.2,10.2,10.2,10.2,300
2011-02-11,10.07,10.07,10.07,10.07,700
2011-02-14,9.74,10.59,9.74,9.87,7500
2011-02-15,9.81,9.94,9.81,9.94,4300
2011-02-16,9.87,9.87,9.74,9.87,6600
2011-02-17,9.94,9.94,9.42,9.42,200
2011-02-18,10.2,10.2,9.68,9.68,3100
2011-02-21,9.22,9.22,9.22,9.22,13300
2011-02-22,9.09,9.09,8.64,8.64,10100
2011-02-23,9.16,9.16,8.18,8.18,17600
2011-02-24,8.31,8.31,7.99,7.99,13400
2011-02-25,8.44,8.44,7.92,8.44,17500
2011-02-28,8.44,8.44,8.12,8.12,11100
2011-03-01,8.12,8.12,7.79,7.86,19000
2011-03-02,7.79,7.79,7.47,7.47,20800
2011-03-03,7.47,7.47,7.47,7.47,3000
2011-03-04,7.53,7.53,7.53,7.53,100
2011-03-07,7.21,7.6,7.21,7.27,6600
2011-03-08,7.47,7.66,7.34,7.34,8600
2011-03-09,7.21,7.21,7.01,7.01,9900
2011-03-10,7.14,7.53,7.14,7.53,5000
2011-03-11,7.99,7.99,7.99,7.99,5300
2011-03-14,7.79,7.92,7.53,7.53,11400
2011-03-15,7.79,7.79,7.79,7.79,800
2011-03-16,7.79,7.79,7.79,7.79,1000
2011-03-17,7.47,7.47,7.47,7.47,1000
2011-03-18,7.79,7.99,7.79,7.99,29500
2011-03-21,8.44,8.44,8.38,8.38,35500
2011-03-22,8.44,8.44,7.99,7.99,800
2011-03-23,8.57,8.57,8.12,8.44,8400
2011-03-24,8.57,8.77,8.12,8.12,4500
2011-03-25,8.05,8.18,7.99,8.18,6700
2011-03-28,7.92,7.92,7.79,7.79,4000
2011-03-29,7.79,7.79,7.79,7.79,1000
2011-03-30,7.47,8.05,7.47,7.79,2800
2011-03-31,8.31,8.38,8.05,8.05,8700
2011-04-01,8.44,8.44,8.25,8.25,1800
2011-04-04,8.9,8.9,8.05,8.12,7300
2011-04-05,8.31,8.31,7.92,7.92,3500
2011-04-06,8.31,8.38,8.12,8.12,3200
2011-04-07,8.38,8.64,7.99,7.99,3100
2011-04-08,7.99,7.99,7.99,7.99,3200
2011-04-13,7.79,7.79,7.47,7.47,5000
2011-04-14,8.05,8.05,7.53,7.6,8000
2011-04-15,8.31,8.31,7.53,7.53,11600
2011-04-18,7.47,7.53,7.47,7.53,1100
2011-04-19,8.05,8.05,7.47,7.53,5900
2011-04-20,7.47,7.47,7.4,7.4,9500
2011-04-21,7.14,7.4,6.95,7.01,16100
2011-04-22,7.6,7.6,6.95,7.08,10500
2011-04-25,7.14,7.34,7.14,7.27,7700
2011-04-26,6.88,6.88,6.75,6.75,6000
2011-04-27,7.14,7.14,6.95,6.95,9000
2011-04-28,7.08,7.08,6.95,6.95,1100
2011-04-29,7.27,7.27,7.08,7.08,2600
2011-05-04,7.08,7.08,7.08,7.08,0
2011-05-05,6.75,6.75,6.75,6.75,3000
2011-05-06,7.08,7.08,7.08,7.08,900
2011-05-09,6.95,6.95,6.95,6.95,300
2011-05-10,6.62,6.88,6.62,6.69,7500
2011-05-11,6.36,6.62,6.36,6.49,6600
2011-05-12,6.62,6.75,6.62,6.62,4500
2011-05-13,6.62,6.69,6.62,6.69,1200
2011-05-16,6.95,6.95,6.95,6.95,300
2011-05-17,6.49,6.56,6.49,6.56,5600
2011-05-18,6.23,6.49,6.17,6.36,6100
2011-05-19,6.23,6.23,6.23,6.23,4800
2011-05-20,5.98,6.23,5.98,6.23,2200
2011-05-23,6.17,6.17,5.85,5.85,5200
2011-05-24,5.52,5.52,5.46,5.46,19900
2011-05-25,5.2,5.2,5.13,5.13,44100
2011-05-26,5.07,5.07,5.07,5.07,5000
2011-05-27,5.39,5.39,5.39,5.39,3900
2011-05-30,5.72,5.72,5.33,5.33,3500
2011-05-31,5.85,5.85,5.2,5.2,11700
2011-06-01,4.94,5.59,4.94,5.33,12800
2011-06-02,5.65,5.72,5.65,5.72,16700
2011-06-03,6.11,6.11,5.72,5.72,20600
2011-06-06,6.17,6.17,5.78,6.04,2300
2011-06-07,6.3,6.3,6.17,6.17,14000
2011-06-08,6.43,6.43,6.04,6.11,13200
2011-06-09,6.36,6.36,5.98,6.11,10800
2011-06-10,6.43,6.49,6.23,6.23,30500
2011-06-13,6.43,6.69,6.3,6.43,19000
2011-06-14,6.49,6.69,6.17,6.17,7400
2011-06-15,5.98,5.98,5.91,5.91,8400
2011-06-16,6.23,6.3,5.98,5.98,1000
2011-06-17,5.91,5.91,5.85,5.85,29200
2011-06-20,5.85,5.85,5.46,5.46,1900
2011-06-21,5.85,5.85,5.78,5.78,1200
2011-06-22,6.23,6.23,6.23,6.23,100
2011-06-23,6.49,6.49,6.49,6.49,100
2011-06-24,6.04,6.62,6.04,6.11,1200
2011-06-27,5.91,6.36,5.91,6.3,800
2011-06-28,5.85,5.85,5.85,5.85,2300
2011-06-29,5.52,6.17,5.52,5.59,1300
2011-06-30,6.17,6.17,5.52,5.52,13100
2011-07-01,5.85,5.98,5.59,5.59,19500
2011-07-04,6.23,6.23,5.52,5.59,5200
2011-07-05,5.78,6.3,5.78,5.85,3400
2011-07-06,5.85,5.85,5.85,5.85,0
2011-07-07,5.65,5.65,5.65,5.65,1300
2011-07-08,5.91,5.91,5.39,5.39,2200
2011-07-11,5.59,5.59,5.52,5.52,300
2011-07-12,5.85,5.85,5.85,5.85,100
2011-07-13,5.85,5.85,5.85,5.85,0
2011-07-14,5.98,6.23,5.78,5.85,20000
2011-07-15,6.23,6.23,5.78,5.78,2100
2011-07-18,6.62,6.62,5.85,5.85,2800
2011-07-19,5.85,5.85,5.85,5.85,0
2011-07-20,6.04,6.04,6.04,6.04,500
2011-07-21,5.65,6.17,5.65,5.65,4100
2011-07-22,5.46,5.46,5.46,5.46,3000
2011-07-25,5.33,5.65,5.2,5.2,1500
2011-07-26,5.52,5.52,5.52,5.52,100
2011-07-27,5.72,5.72,5.2,5.2,1400
2011-07-28,5.52,5.52,5.52,5.52,100
2011-07-29,5.52,5.52,5.52,5.52,0
2011-08-01,5.52,5.52,5.52,5.52,0
2011-08-02,5.52,5.52,5.52,5.52,0
2011-08-03,5.52,5.52,5.52,5.52,0
2011-08-04,5.2,5.72,5.2,5.72,12400
2011-08-05,5.72,5.72,5.72,5.72,0
2011-08-08,5.2,5.2,5.2,5.2,600
2011-08-09,4.87,4.87,4.87,4.87,2500
2011-08-10,4.55,5.07,4.55,5.07,500
2011-08-11,4.81,4.81,4.55,4.55,3800
2011-08-12,4.81,4.81,4.81,4.81,100
2011-08-15,5.13,5.13,5.13,5.13,100
2011-08-16,4.81,4.81,4.81,4.81,400
2011-08-17,5.0,5.0,5.0,5.0,3500
2011-08-18,5.33,5.33,5.33,5.33,100
2011-08-19,5.2,5.2,5.2,5.2,200
2011-08-22,5.33,5.33,5.2,5.2,2700
2011-08-23,5.26,5.26,4.94,4.94,5300
2011-08-24,4.68,4.68,4.68,4.68,3600
2011-08-25,4.61,4.61,4.55,4.61,3700
2011-08-26,4.81,4.81,4.55,4.55,3800
2011-08-29,4.29,4.61,4.29,4.61,2400
2011-08-30,4.68,4.68,4.42,4.42,11200
2011-08-31,4.74,4.74,4.61,4.68,22800
2011-09-01,4.87,4.87,4.87,4.87,100
2011-09-05,5.0,5.0,4.61,4.74,700
2011-09-06,4.74,4.74,4.74,4.74,0
2011-09-07,4.55,4.81,4.55,4.81,29300
2011-09-08,4.81,4.81,4.55,4.68,12700
2011-09-09,4.74,4.74,4.55,4.55,400
2011-09-12,4.55,4.87,4.55,4.87,23900
2011-09-13,4.94,5.07,4.94,5.07,17000
2011-09-14,5.33,5.33,5.07,5.07,28400
2011-09-15,5.2,5.2,4.87,5.07,31100
2011-09-16,4.74,4.81,4.55,4.55,12000
2011-09-19,4.94,4.94,4.81,4.81,3300
2011-09-20,4.81,4.81,4.81,4.81,0
2011-09-21,4.81,4.81,4.81,4.81,0
2011-09-22,4.55,4.87,4.48,4.87,4500
2011-09-23,4.42,4.55,4.42,4.55,12400
2011-09-26,4.55,4.55,4.55,4.55,3000
2011-09-27,4.55,4.68,4.55,4.68,12000
2011-09-28,4.87,4.87,4.61,4.68,3100
2011-09-29,4.55,4.55,4.48,4.55,4100
2011-09-30,4.55,4.55,4.55,4.55,4600
2011-10-03,4.55,4.55,4.29,4.29,7100
2011-10-04,4.55,4.55,4.55,4.55,100
2011-10-05,4.29,4.55,4.29,4.35,2800
2011-10-06,4.48,4.48,4.48,4.48,400
2011-10-07,4.48,4.48,4.48,4.48,0
2011-10-10,4.29,4.48,4.29,4.48,200
2011-10-11,4.42,4.42,4.42,4.42,4100
2011-10-12,4.22,4.22,4.22,4.22,1000
2011-10-13,4.48,4.48,4.48,4.22,100
2011-10-14,4.55,4.55,4.29,4.29,4300
2011-10-17,4.55,4.55,4.22,4.29,4100
2011-10-18,4.09,4.48,4.09,4.42,500
2011-10-19,4.61,4.61,4.61,4.61,100
2011-10-20,4.87,4.87,4.87,4.87,100
2011-10-21,4.55,4.55,4.55,4.55,600
2011-10-24,4.81,4.81,4.55,4.55,200
2011-10-25,4.87,4.87,4.87,4.87,100
2011-10-26,4.87,4.87,4.87,4.87,0
2011-10-27,4.87,4.87,4.87,4.87,0
2011-10-28,4.68,4.68,4.61,4.61,2000
2011-10-31,4.81,4.81,4.81,4.81,2000
2011-11-01,4.81,4.81,4.81,4.81,0
2011-11-02,4.81,4.81,4.81,4.81,0
2011-11-03,4.48,4.48,4.48,4.48,300
2011-11-04,4.22,4.22,4.22,4.22,100
2011-11-07,4.22,4.22,4.22,4.22,0
2011-11-08,4.22,4.22,4.22,4.22,0
2011-11-09,4.22,4.22,4.22,4.22,0
2011-11-10,4.22,4.22,4.22,4.22,0
2011-11-11,4.22,4.22,4.22,4.22,0
2011-11-14,4.22,4.22,4.22,4.22,0
2011-11-15,3.96,3.96,3.96,3.96,400
2011-11-16,3.7,3.7,3.7,3.7,10700
2011-11-17,3.51,3.51,3.51,3.51,100
2011-11-18,3.31,3.31,3.31,3.31,8200
2011-11-21,3.44,3.44,3.31,3.31,3700
2011-11-22,3.31,3.31,3.31,3.31,2000
2011-11-23,3.44,3.51,3.44,3.51,1200
2011-11-24,3.25,3.25,3.25,3.25,7800
2011-11-25,3.25,3.25,3.25,3.25,0
2011-11-28,3.44,3.44,3.44,3.44,3000
2011-11-29,3.25,3.25,3.25,3.25,1100
2011-11-30,3.25,3.25,3.18,3.18,1400
2011-12-01,3.25,3.25,3.12,3.18,4200
2011-12-02,3.18,3.18,3.18,3.18,1200
2011-12-05,3.18,3.31,3.18,3.31,13600
2011-12-06,3.31,3.31,3.25,3.25,5700
2011-12-07,3.05,3.12,3.05,3.12,16200
2011-12-08,3.25,3.25,3.25,3.25,300
2011-12-09,3.18,3.18,3.05,3.05,1900
2011-12-12,3.12,3.12,2.99,2.99,4000
2011-12-13,3.05,3.05,2.99,2.99,2800
2011-12-14,2.86,2.99,2.86,2.92,6600
2011-12-15,3.12,3.12,2.99,2.99,2000
2011-12-16,3.25,3.25,3.25,3.25,1000
2011-12-19,3.44,3.44,3.25,3.25,1500
2011-12-20,3.38,3.38,3.38,3.38,200
2011-12-21,3.38,3.38,3.38,3.38,0
2011-12-22,3.38,3.38,3.38,3.38,0
2011-12-23,3.44,3.44,3.44,3.44,200
2011-12-26,3.44,3.44,3.44,3.44,0
2011-12-27,3.44,3.44,3.44,3.44,0
2011-12-28,3.44,3.44,3.44,3.44,0
2011-12-29,3.44,3.44,3.44,3.44,0
2011-12-30,3.25,3.25,3.25,3.25,3000
2012-01-03,3.25,3.25,3.05,3.05,3000
2012-01-04,3.12,3.12,3.12,3.12,2000
2012-01-05,3.12,3.12,3.12,3.12,0
2012-01-06,3.12,3.12,3.12,3.12,0
2012-01-09,2.92,2.92,2.92,2.92,1100
2012-01-10,3.12,3.12,2.73,2.73,3400
2012-01-11,2.99,2.99,2.99,2.99,500
2012-01-12,3.12,3.12,3.12,3.12,500
2012-01-13,3.12,3.12,3.12,3.12,100
2012-01-16,3.12,3.12,3.12,3.12,0
2012-01-17,3.05,3.18,3.05,3.18,1100
2012-01-18,3.31,3.31,3.25,3.25,6000
2012-01-19,3.44,3.44,3.44,3.44,1000
2012-01-20,3.44,3.44,3.44,3.44,0
2012-01-30,3.51,3.51,3.51,3.51,3500
2012-01-31,3.64,3.64,3.64,3.64,100
2012-02-01,3.64,3.64,3.64,3.64,0
2012-02-02,3.57,3.57,3.44,3.44,2200
2012-02-03,3.64,3.64,3.25,3.25,3900
2012-02-06,3.64,3.64,3.31,3.51,5300
2012-02-07,3.31,3.51,3.31,3.51,500
2012-02-08,3.57,3.57,3.25,3.25,3200
2012-02-09,3.51,3.57,3.44,3.44,2500
2012-02-10,3.38,3.38,3.38,3.38,500
2012-02-13,3.51,3.51,3.51,3.51,500
2012-02-14,3.31,3.38,3.31,3.38,25000
2012-02-15,3.31,3.44,3.18,3.18,3200
2012-02-16,3.44,3.44,3.25,3.25,8200
2012-02-17,3.38,3.38,3.31,3.31,8000
2012-02-20,3.51,3.51,3.51,3.51,100
2012-02-21,3.7,3.7,3.7,3.7,12900
2012-02-22,3.9,3.9,3.9,3.9,600
2012-02-23,4.16,4.16,4.16,4.16,1100
2012-02-24,4.42,4.42,4.42,4.42,5100
2012-02-27,4.68,4.68,4.68,4.68,24300
2012-02-28,5.0,5.0,4.87,5.0,96700
2012-02-29,5.2,5.33,5.0,5.07,61400
2012-03-01,5.2,5.33,4.94,5.13,46900
2012-03-02,4.81,5.13,4.81,5.13,13700
2012-03-05,5.13,5.37,5.13,5.37,20000
2012-03-06,5.45,5.45,5.05,5.05,31600
2012-03-07,4.89,4.97,4.89,4.89,31600
2012-03-08,4.73,4.73,4.57,4.57,36500
2012-03-09,4.57,4.65,4.49,4.57,11700
2012-03-12,4.49,4.49,4.33,4.33,15600
2012-03-13,4.49,4.49,4.49,4.49,200
2012-03-14,4.73,4.73,4.73,4.73,100
2012-03-15,4.41,4.49,4.41,4.49,12500
2012-03-16,4.49,4.57,4.49,4.49,7400
2012-03-19,4.33,4.49,4.33,4.49,6000
2012-03-20,4.25,4.33,4.25,4.33,2700
2012-03-21,4.41,4.57,4.41,4.57,7800
2012-03-22,4.49,4.49,4.33,4.49,15900
2012-03-23,4.57,4.73,4.49,4.73,17800
2012-03-26,4.81,4.97,4.81,4.97,31900
2012-03-27,5.21,5.29,5.05,5.13,71500
2012-03-28,5.29,5.37,5.13,5.37,17100
2012-03-29,5.21,5.21,5.13,5.13,7400
2012-03-30,4.81,5.05,4.81,5.05,18400
2012-04-03,4.89,5.13,4.89,5.13,10400
2012-04-04,4.97,4.97,4.89,4.89,600
2012-04-05,4.81,4.97,4.81,4.97,2600
2012-04-06,4.81,4.97,4.73,4.81,5300
2012-04-09,4.81,4.97,4.81,4.97,6600
2012-04-10,4.97,4.97,4.81,4.81,3200
2012-04-11,4.97,5.05,4.81,5.05,8500
2012-04-12,4.97,5.13,4.89,5.13,32700
2012-04-13,4.89,5.05,4.89,5.05,900
2012-04-16,5.13,5.13,5.05,5.05,13200
2012-04-17,5.05,5.21,4.97,5.05,32000
2012-04-18,5.05,5.13,5.05,5.13,17800
2012-04-19,5.13,5.13,4.97,5.05,7100
2012-04-20,5.05,5.13,5.05,5.13,5600
2012-04-23,5.05,5.21,4.97,5.21,16000
2012-04-24,5.05,5.13,5.05,5.13,21800
2012-04-25,5.37,5.37,5.21,5.29,36500
2012-04-26,5.45,5.45,5.21,5.29,14500
2012-04-27,5.29,5.53,5.29,5.53,17400
2012-05-02,5.21,5.77,5.21,5.69,85300
2012-05-03,5.77,5.77,5.37,5.69,14700
2012-05-04,5.61,5.69,5.61,5.69,17200
2012-05-07,5.45,6.01,5.45,6.01,87200
2012-05-08,6.41,6.41,5.93,6.09,36700
2012-05-09,6.17,6.49,6.09,6.49,142600
2012-05-10,6.81,6.89,6.81,6.89,56000
2012-05-11,6.98,7.22,6.49,6.49,66000
2012-05-14,6.65,6.73,6.25,6.33,52000
2012-05-15,6.01,6.09,5.85,5.85,51000
2012-05-16,6.01,6.17,5.45,5.85,33400
2012-05-17,5.93,5.93,5.45,5.53,25200
2012-05-18,5.37,5.53,5.21,5.29,42700
2012-05-21,5.53,5.53,5.53,5.53,3700
2012-05-22,5.77,5.85,5.61,5.61,4400
2012-05-23,5.53,5.61,5.29,5.61,18400
2012-05-24,5.61,5.61,5.29,5.45,14500
2012-05-25,5.45,5.69,5.45,5.69,29600
2012-05-28,5.93,5.93,5.45,5.69,21900
2012-05-29,5.61,5.61,5.37,5.45,13800
2012-05-30,5.53,5.61,5.45,5.61,4200
2012-05-31,5.61,5.69,5.61,5.61,2900
2012-06-01,5.45,5.61,5.29,5.61,2500
2012-06-04,5.37,5.45,5.29,5.45,6900
2012-06-05,5.37,5.37,5.37,5.37,2000
2012-06-06,5.37,5.45,5.37,5.45,5400
2012-06-07,5.53,5.61,5.53,5.61,13000
2012-06-08,5.53,5.53,5.37,5.53,1000
2012-06-11,5.45,5.61,5.45,5.53,22700
2012-06-12,5.45,5.45,5.29,5.45,4600
2012-06-13,5.45,5.45,5.45,5.45,600
2012-06-14,5.45,5.53,5.13,5.53,5800
2012-06-15,5.53,5.53,5.53,5.53,800
2012-06-18,5.45,5.53,5.21,5.53,7400
2012-06-19,5.21,5.29,5.21,5.21,6200
2012-06-20,5.29,5.29,5.21,5.29,3200
2012-06-21,5.29,5.29,5.29,5.29,0
2012-06-22,4.97,5.21,4.97,5.21,1300
2012-06-25,5.13,5.13,4.81,4.97,5200
2012-06-26,4.81,4.89,4.81,4.89,1100
2012-06-27,4.89,4.89,4.89,4.89,200
2012-06-28,4.65,4.81,4.57,4.81,8600
2012-06-29,4.65,4.81,4.65,4.73,8300
2012-07-02,4.57,4.73,4.57,4.57,2100
2012-07-03,4.57,4.57,4.41,4.49,4100
2012-07-04,4.33,4.33,4.25,4.25,7800
2012-07-05,4.25,4.41,4.25,4.41,2600
2012-07-06,4.49,4.49,4.49,4.49,4000
2012-07-09,4.33,4.41,4.25,4.25,500
2012-07-10,4.25,4.25,4.17,4.17,3300
2012-07-11,4.25,4.33,4.25,4.33,2100
2012-07-12,4.33,4.33,4.33,4.33,3100
2012-07-13,4.41,4.57,4.41,4.49,12400
2012-07-16,4.49,4.49,4.41,4.49,3200
2012-07-17,4.65,4.65,4.65,4.65,500
2012-07-18,4.49,4.57,4.41,4.57,10600
2012-07-19,4.41,4.65,4.41,4.65,8800
2012-07-20,4.81,4.81,4.65,4.65,7900
2012-07-23,4.49,4.49,4.33,4.33,7000
2012-07-24,4.33,4.49,4.25,4.49,1100
2012-07-25,4.33,4.41,4.33,4.41,1600
2012-07-26,4.41,4.41,4.41,4.41,200
2012-07-27,4.57,4.65,4.49,4.49,2200
2012-07-30,4.49,4.57,4.49,4.57,2600
2012-07-31,4.57,4.57,4.49,4.49,300
2012-08-01,4.41,4.57,4.41,4.57,1500
2012-08-02,4.57,4.65,4.49,4.65,7300
2012-08-03,4.49,4.57,4.33,4.57,7500
2012-08-06,4.57,4.65,4.57,4.65,1800
2012-08-07,4.65,4.65,4.65,4.65,0
2012-08-08,4.65,4.89,4.49,4.49,2500
2012-08-09,4.57,4.57,4.49,4.57,3000
2012-08-10,4.49,4.57,4.49,4.57,800
2012-08-13,4.49,4.57,4.49,4.57,800
2012-08-14,4.57,4.57,4.57,4.57,3400
2012-08-15,4.57,4.57,4.49,4.57,2600
2012-08-16,4.49,4.49,4.41,4.41,3700
2012-08-17,4.49,4.49,4.41,4.41,6400
2012-08-20,4.41,4.41,4.41,4.41,600
2012-08-21,4.41,4.41,4.17,4.17,13300
2012-08-22,3.93,4.01,3.93,3.93,13100
2012-08-23,3.77,3.77,3.69,3.69,26100
2012-08-24,3.45,3.69,3.45,3.69,16900
2012-08-27,3.69,3.93,3.53,3.93,15800
2012-08-28,3.77,3.85,3.77,3.85,1500
2012-08-29,3.85,3.93,3.85,3.93,6600
2012-08-30,3.93,3.93,3.69,3.93,13300
2012-08-31,3.93,3.93,3.93,3.93,0
2012-09-04,3.77,3.93,3.77,3.93,18800
2012-09-05,3.85,3.93,3.85,3.93,1100
2012-09-06,3.85,3.85,3.69,3.69,10300
2012-09-07,3.77,3.77,3.69,3.69,7000
2012-09-10,3.61,3.61,3.45,3.61,14200
2012-09-11,3.45,3.61,3.45,3.61,5800
2012-09-12,3.85,3.85,3.53,3.61,6800
2012-09-13,3.61,3.61,3.61,3.61,1000
2012-09-14,3.77,3.85,3.61,3.85,3900
2012-09-17,3.61,3.69,3.61,3.69,12000
2012-09-18,3.53,3.61,3.45,3.61,3800
2012-09-19,3.61,3.61,3.45,3.53,1000
2012-09-20,3.53,3.53,3.53,3.53,0
2012-09-21,3.61,3.61,3.53,3.61,4300
2012-09-24,3.53,3.53,3.45,3.53,12100
2012-09-25,3.53,3.53,3.53,3.53,1200
2012-09-26,3.29,3.53,3.29,3.53,2300
2012-09-27,3.53,3.53,3.37,3.37,3000
2012-09-28,3.53,3.53,3.29,3.37,6800
2012-10-01,3.29,3.29,3.21,3.21,9600
2012-10-02,3.37,3.37,3.13,3.13,1900
2012-10-03,3.21,3.29,3.21,3.21,8700
2012-10-04,3.29,3.37,3.21,3.21,500
2012-10-05,3.29,3.37,3.13,3.13,2100
2012-10-08,3.29,3.29,3.29,3.29,100
2012-10-09,3.29,3.37,3.21,3.21,3000
2012-10-10,3.29,3.29,3.21,3.21,3000
2012-10-11,3.37,3.37,3.29,3.29,2100
2012-10-12,3.21,3.29,3.21,3.29,9600
2012-10-15,3.37,3.37,3.37,3.37,100
2012-10-16,3.37,3.53,3.37,3.37,9100
2012-10-17,3.45,3.53,3.29,3.45,11600
2012-10-18,3.45,3.53,3.45,3.53,24000
2012-10-19,3.61,3.69,3.45,3.53,5000
2012-10-22,3.29,3.45,3.29,3.29,5600
2012-10-23,3.29,3.29,3.21,3.29,23800
2012-10-24,3.29,3.37,3.21,3.21,2100
2012-10-25,3.29,3.29,3.21,3.21,4500
2012-10-26,3.37,3.37,3.29,3.29,5400
2012-10-29,3.21,3.21,3.21,3.21,100
2012-10-30,3.21,3.21,3.21,3.21,0
2012-10-31,3.37,3.37,3.37,3.37,2000
2012-11-01,3.29,3.29,3.29,3.29,200
2012-11-02,3.21,3.21,3.13,3.13,10200
2012-11-05,3.05,3.13,3.05,3.05,400
2012-11-06,3.13,3.13,2.97,3.05,10000
2012-11-07,3.05,3.21,3.05,3.05,2100
2012-11-08,3.13,3.13,3.13,3.13,7700
2012-11-09,3.21,3.29,3.13,3.13,8700
2012-11-12,3.21,3.21,3.13,3.13,1900
2012-11-13,3.13,3.13,3.13,3.13,13300
2012-11-14,3.21,3.21,3.13,3.13,700
2012-11-15,3.21,3.29,3.13,3.13,2700
2012-11-16,3.21,3.21,3.21,3.21,2300
2012-11-19,3.21,3.29,3.13,3.13,900
2012-11-20,3.21,3.29,3.21,3.21,1300
2012-11-21,3.21,3.29,3.13,3.29,1700
2012-11-22,3.29,3.29,3.21,3.21,300
2012-11-23,3.29,3.29,3.21,3.29,3500
2012-11-26,3.29,3.29,3.21,3.21,1500
2012-11-27,3.21,3.29,3.21,3.29,2300
2012-11-28,3.21,3.29,3.21,3.29,700
2012-11-29,3.21,3.21,3.21,3.21,200
2012-11-30,3.21,3.29,3.13,3.13,3100
2012-12-03,3.13,3.13,3.13,3.13,300
2012-12-04,3.21,3.29,3.21,3.29,1800
2012-12-05,3.29,3.37,3.29,3.37,6700
2012-12-06,3.37,3.37,3.21,3.21,2600
2012-12-07,3.37,3.37,3.29,3.29,700
2012-12-10,3.29,3.37,3.29,3.37,1100
2012-12-11,3.29,3.29,3.21,3.21,1600
2012-12-12,3.29,3.29,3.29,3.29,2200
2012-12-13,3.37,3.37,3.37,3.37,8400
2012-12-14,3.37,3.37,3.37,3.37,4500
2012-12-17,3.37,3.37,3.29,3.37,2000
2012-12-18,3.37,3.37,3.37,3.37,6200
2012-12-19,3.37,3.45,3.37,3.45,2200
2012-12-20,3.37,3.37,3.37,3.37,2000
2012-12-21,3.37,3.37,3.37,3.37,3200
2012-12-24,3.37,3.45,3.37,3.45,6000
2012-12-25,3.45,3.53,3.45,3.53,13400
2012-12-26,3.53,3.61,3.53,3.61,4300
2012-12-27,3.69,3.69,3.61,3.61,13200
2012-12-28,3.45,3.61,3.45,3.53,8600
2013-01-02,3.61,3.61,3.53,3.61,15500
2013-01-03,3.61,3.61,3.53,3.61,6600
2013-01-04,3.45,3.61,3.45,3.61,13500
2013-01-07,3.61,3.69,3.61,3.61,41600
2013-01-08,3.61,3.61,3.61,3.61,2700
2013-01-09,3.61,3.61,3.53,3.53,10600
2013-01-10,3.45,3.61,3.45,3.61,1600
2013-01-11,3.61,3.61,3.53,3.61,4500
2013-01-14,3.61,3.61,3.61,3.61,0
2013-01-15,3.53,3.77,3.53,3.77,19400
2013-01-16,3.85,4.09,3.85,3.93,31500
2013-01-17,4.01,4.25,4.01,4.01,5900
2013-01-18,4.25,4.25,4.01,4.17,3500
2013-01-21,3.93,4.01,3.93,3.93,6900
2013-01-22,3.85,3.85,3.77,3.85,5300
2013-01-23,3.93,4.01,3.93,4.01,800
2013-01-24,3.93,4.01,3.93,4.01,1000
2013-01-25,4.01,4.09,4.01,4.09,1100
2013-01-28,4.01,4.17,3.93,4.01,12800
2013-01-29,4.01,4.01,4.01,4.01,4400
2013-01-30,4.01,4.01,3.93,4.01,1600
2013-01-31,3.93,3.93,3.93,3.93,4000
2013-02-01,3.93,3.93,3.93,3.93,2300
2013-02-04,3.93,4.01,3.93,4.01,200
2013-02-05,4.01,4.01,4.01,4.01,300
2013-02-06,4.01,4.09,4.01,4.09,3900
2013-02-07,4.09,4.17,4.01,4.17,4600
2013-02-08,4.25,4.25,4.17,4.25,4000
2013-02-18,4.25,4.41,4.17,4.17,14100
2013-02-19,4.33,4.33,4.17,4.33,700
2013-02-20,4.33,4.33,4.25,4.33,1900
2013-02-21,4.33,4.73,4.33,4.33,29500
2013-02-22,4.41,4.57,4.25,4.57,1200
2013-02-25,4.41,4.41,4.41,4.41,2000
2013-02-26,4.57,4.57,4.09,4.33,2400
2013-02-27,4.33,4.33,4.09,4.25,2500
2013-02-28,4.25,4.25,4.09,4.25,4700
2013-03-01,4.17,4.25,4.17,4.25,1200
2013-03-04,4.17,4.17,4.09,4.17,4000
2013-03-05,4.09,4.09,3.77,4.01,7400
2013-03-06,3.85,3.85,3.85,3.85,200
2013-03-07,4.09,4.09,3.85,4.09,18500
2013-03-08,4.17,4.17,4.17,4.17,100
2013-03-11,4.01,4.09,4.01,4.09,5500
2013-03-12,4.09,4.09,4.09,4.09,1700
2013-03-13,4.09,4.09,4.09,4.09,12000
2013-03-14,4.33,4.33,4.09,4.17,1400
2013-03-15,4.09,4.17,4.01,4.17,1700
2013-03-18,4.01,4.09,4.01,4.09,3400
2013-03-19,4.01,4.09,3.93,3.93,1800
2013-03-20,4.09,4.09,4.01,4.09,1400
2013-03-21,4.09,4.09,4.01,4.09,2700
2013-03-22,3.93,4.09,3.77,3.77,900
2013-03-25,4.01,4.09,3.93,4.09,3100
2013-03-26,4.09,4.09,3.93,3.93,2000
2013-03-27,3.93,3.93,3.93,3.93,3500
2013-03-28,4.01,4.01,3.61,3.61,4000
2013-03-29,3.93,3.93,3.61,3.85,14700
2013-04-01,3.85,3.93,3.85,3.93,5200
2013-04-02,4.01,4.01,3.69,3.69,14300
2013-04-03,3.93,3.93,3.61,3.93,9800
2013-04-04,3.93,3.93,3.85,3.85,7700
2013-04-05,3.69,3.93,3.69,3.77,600
2013-04-08,3.77,3.85,3.77,3.85,7800
2013-04-09,3.93,4.01,3.93,4.01,1500
2013-04-10,3.77,3.77,3.69,3.69,1600
2013-04-11,3.93,3.93,3.93,3.93,100
2013-04-12,3.85,3.85,3.77,3.77,11600
2013-04-15,3.85,3.85,3.69,3.85,300
2013-04-16,4.01,4.01,3.77,3.77,300
2013-04-17,3.77,3.85,3.77,3.77,11000
2013-04-18,3.85,3.85,3.77,3.77,300
2013-04-22,3.77,3.77,3.77,3.77,1000
2013-04-23,3.69,3.69,3.69,3.69,100
2013-04-24,3.85,3.85,3.69,3.69,1400
2013-04-25,3.85,4.01,3.85,4.01,21600
2013-04-26,3.85,4.17,3.85,3.93,7300
2013-05-02,4.09,4.17,3.85,4.17,9300
2013-05-03,4.01,4.17,4.01,4.17,6800
2013-05-06,4.09,4.33,4.09,4.25,15500
2013-05-07,4.09,4.17,4.09,4.17,2000
2013-05-08,4.17,4.17,4.09,4.09,1200
2013-05-09,4.09,4.09,4.09,4.09,7000
2013-05-10,4.25,4.25,3.93,3.93,400
2013-05-13,4.01,4.17,4.01,4.17,9000
2013-05-14,4.09,4.17,3.93,4.01,10700
2013-05-15,4.17,4.25,4.17,4.17,8700
2013-05-16,4.17,4.17,3.93,3.93,22300
2013-05-17,4.09,4.09,4.01,4.09,6200
2013-05-20,4.09,4.09,4.09,4.09,8100
2013-05-21,4.09,4.17,4.09,4.09,17900
2013-05-22,4.09,4.17,4.09,4.09,6100
2013-05-23,4.01,4.25,4.01,4.09,11200
2013-05-24,4.09,4.09,4.09,4.09,1000
2013-05-27,4.25,4.25,4.09,4.09,8600
2013-05-28,4.17,4.25,4.17,4.25,9200
2013-05-29,4.65,4.65,4.17,4.41,2500
2013-05-30,4.73,4.73,4.17,4.17,2500
2013-05-31,4.41,4.57,4.17,4.25,34700
2013-06-03,4.65,4.65,4.41,4.65,26200
2013-06-04,4.81,4.97,4.81,4.97,40800
2013-06-05,4.97,5.37,4.89,5.21,25700
2013-06-06,5.21,5.21,4.89,5.21,10600
2013-06-07,5.05,5.45,4.97,5.45,46400
2013-06-10,5.61,5.61,4.97,5.05,22800
2013-06-11,5.29,5.61,5.29,5.37,13500
2013-06-12,5.45,5.45,5.45,5.45,100
2013-06-13,5.13,5.45,4.97,4.97,13300
2013-06-14,5.29,5.37,4.97,4.97,11100
2013-06-17,4.97,5.21,4.81,4.81,5500
2013-06-18,4.81,4.97,4.81,4.89,7200
2013-06-19,5.05,5.05,4.81,4.97,10100
2013-06-20,4.81,4.81,4.81,4.81,1000
2013-06-21,4.97,4.97,4.73,4.81,2500
2013-06-24,4.73,4.73,4.65,4.65,10900
2013-06-25,4.57,4.57,4.41,4.41,22300
2013-06-26,4.57,4.81,4.57,4.81,5400
2013-06-27,4.81,4.89,4.81,4.89,11600
2013-06-28,4.97,4.97,4.81,4.81,800
2013-07-01,4.57,4.73,4.41,4.41,11200
2013-07-02,4.73,4.73,4.57,4.65,11100
2013-07-03,4.33,4.65,4.33,4.41,1600
2013-07-04,4.73,4.73,4.49,4.49,5900
2013-07-05,4.49,4.57,4.49,4.57,5100
2013-07-08,4.57,4.57,4.57,4.57,0
2013-07-09,4.57,4.57,4.41,4.41,10800
2013-07-10,4.41,4.49,4.41,4.49,10800
2013-07-11,4.33,4.33,4.33,4.33,1000
2013-07-12,4.57,4.57,4.41,4.57,5200
2013-07-15,4.57,4.57,4.57,4.57,0
2013-07-16,4.57,4.65,4.57,4.57,2000
2013-07-17,4.57,4.57,4.57,4.57,0
2013-07-18,4.57,4.57,4.57,4.57,100
2013-07-19,4.57,4.57,4.57,4.57,0
2013-07-22,4.57,4.57,4.57,4.57,0
2013-07-23,4.41,4.41,4.25,4.33,1200
2013-07-24,4.33,4.57,4.17,4.57,11400
2013-07-25,4.49,4.49,4.41,4.41,1500
2013-07-26,4.41,4.57,4.41,4.57,7100
2013-07-29,4.41,4.57,4.41,4.57,200
2013-07-30,4.57,4.57,4.41,4.49,800
2013-07-31,4.49,4.49,4.41,4.49,23100
2013-08-01,4.41,4.49,4.41,4.49,3200
2013-08-02,4.57,4.73,4.57,4.65,17200
2013-08-05,4.97,4.97,4.65,4.73,2300
2013-08-06,4.65,4.65,4.65,4.65,2100
2013-08-07,4.65,4.89,4.65,4.89,1700
2013-08-08,4.57,4.57,4.57,4.57,500
2013-08-09,4.73,4.73,4.73,4.73,200
2013-08-12,4.49,4.65,4.49,4.65,1200
2013-08-13,4.49,4.49,4.49,4.49,3000
2013-08-14,4.41,4.41,4.41,4.41,2700
2013-08-15,4.41,4.41,4.41,4.41,500
2013-08-16,4.41,4.41,4.33,4.33,3000
2013-08-19,4.33,4.33,4.33,4.33,0
2013-08-20,4.41,4.41,4.33,4.41,3800
2013-08-21,4.41,4.41,4.41,4.41,0
2013-08-22,4.41,4.41,4.41,4.41,4500
2013-08-23,4.41,4.41,4.41,4.41,0
2013-08-26,4.41,4.41,4.41,4.41,0
2013-08-27,4.33,4.33,4.33,4.33,1400
2013-08-28,4.33,4.33,4.33,4.33,0
2013-08-29,4.49,4.49,4.49,4.49,100
2013-08-30,4.17,4.17,4.17,4.17,500
2013-09-03,4.33,4.49,4.33,4.41,1200
2013-09-04,4.09,4.33,4.09,4.17,600
2013-09-05,4.33,4.33,4.33,4.33,100
2013-09-06,4.33,4.33,4.33,4.33,0
2013-09-09,4.17,4.17,4.09,4.09,2400
2013-09-10,4.33,4.33,4.09,4.17,4900
2013-09-11,4.25,4.25,4.09,4.09,1600
2013-09-12,4.41,4.41,4.41,4.41,100
2013-09-13,4.41,4.41,4.41,4.41,0
2013-09-16,4.65,4.65,4.65,4.65,100
2013-09-17,4.25,4.25,4.25,4.25,9000
2013-09-18,4.33,4.33,4.33,4.33,100
2013-09-19,4.17,4.17,4.09,4.17,2600
2013-09-20,4.09,4.09,4.01,4.01,4500
2013-09-23,4.09,4.09,3.61,4.01,300
2013-09-24,4.01,4.01,3.93,4.01,5000
2013-09-25,4.01,4.17,4.01,4.17,4200
2013-09-26,4.17,4.25,4.17,4.25,2600
2013-09-27,4.25,4.25,4.25,4.25,0
2013-09-30,4.25,4.25,4.25,4.25,0
2013-10-01,4.17,4.25,4.01,4.25,1800
2013-10-02,4.25,4.25,4.25,4.25,0
2013-10-03,4.17,4.17,4.09,4.09,1600
2013-10-04,4.09,4.09,4.09,4.09,0
2013-10-07,4.17,4.17,4.09,4.09,500
2013-10-08,4.01,4.09,4.01,4.01,1000
2013-10-09,4.17,4.17,4.09,4.09,1500
2013-10-10,4.09,4.09,4.09,4.09,900
2013-10-11,4.01,4.41,4.01,4.41,400
2013-10-14,4.41,4.41,4.41,4.41,0
2013-10-15,4.41,4.41,4.41,4.41,0
2013-10-16,4.41,4.41,4.41,4.41,0
2013-10-17,4.41,4.41,4.41,4.41,0
2013-10-18,4.09,4.09,4.01,4.01,38600
2013-10-21,4.33,4.33,4.01,4.01,300
2013-10-22,4.09,4.09,4.01,4.01,500
2013-10-23,4.25,4.25,4.25,4.25,200
2013-10-24,4.17,4.17,4.01,4.01,1400
2013-10-25,4.01,4.01,4.01,4.01,0
2013-10-28,4.01,4.01,4.01,4.01,0
2013-10-29,4.01,4.01,4.01,4.01,0
2013-10-30,4.01,4.25,4.01,4.25,5500
2013-10-31,4.25,4.25,4.25,4.25,0
2013-11-01,4.25,4.25,4.25,4.25,0
2013-11-04,4.25,4.57,4.25,4.49,19200
2013-11-05,4.49,4.89,4.49,4.65,84000
2013-11-06,4.33,4.49,4.33,4.49,12400
2013-11-07,4.41,4.81,4.41,4.57,13900
2013-11-08,4.57,4.57,4.41,4.57,15900
2013-11-11,4.49,4.49,4.49,4.49,100
2013-11-12,4.49,4.49,4.49,4.49,10300
2013-11-13,4.57,4.65,4.57,4.65,26500
2013-11-14,4.65,4.65,4.65,4.65,0
2013-11-15,4.65,4.65,4.65,4.65,0
2013-11-18,4.41,4.65,4.41,4.65,5300
2013-11-19,4.49,4.73,4.49,4.65,8400
2013-11-20,4.57,4.73,4.57,4.73,8800
2013-11-21,4.81,4.81,4.73,4.81,14800
2013-11-22,4.81,4.81,4.81,4.81,14100
2013-11-25,4.97,5.05,4.89,4.89,5600
2013-11-26,4.97,4.97,4.73,4.89,28700
2013-11-27,4.89,4.89,4.81,4.81,6000
2013-11-28,4.73,4.81,4.73,4.73,8200
2013-11-29,4.73,4.73,4.65,4.65,10200
2013-12-02,4.65,4.65,4.65,4.65,5400
2013-12-03,4.65,4.81,4.25,4.81,18300
2013-12-04,4.65,4.65,4.65,4.65,400
2013-12-05,4.81,4.81,4.81,4.81,1700
2013-12-06,4.81,4.81,4.81,4.81,3500
2013-12-09,4.81,4.81,4.65,4.81,15300
2013-12-10,4.81,4.97,4.81,4.97,30800
2013-12-11,4.89,4.89,4.81,4.81,7000
2013-12-12,4.81,4.81,4.81,4.81,4000
2013-12-13,4.81,4.89,4.81,4.89,3600
2013-12-16,4.97,5.29,4.89,5.29,44300
2013-12-17,5.29,5.29,5.13,5.13,6200
2013-12-18,4.97,5.13,4.81,5.13,5100
2013-12-19,4.89,5.29,4.89,5.29,39400
2013-12-20,5.29,5.53,5.21,5.37,31700
2013-12-23,5.37,5.53,5.29,5.45,12600
2013-12-24,5.45,5.45,5.45,5.45,6800
2013-12-25,5.21,5.45,5.05,5.37,12800
2013-12-26,5.29,5.45,5.29,5.37,6500
2013-12-27,5.37,5.37,5.37,5.37,0
2013-12-30,5.13,5.21,4.89,5.21,2800
2013-12-31,5.13,5.13,5.05,5.05,350
2014-01-02,5.05,5.29,5.05,5.29,2200
2014-01-03,5.21,5.37,5.13,5.37,17500
2014-01-06,5.37,5.37,5.37,5.37,3500
2014-01-07,5.37,5.37,5.37,5.37,1000
2014-01-08,5.21,5.21,5.21,5.21,400
2014-01-09,5.21,5.29,5.13,5.29,32600
2014-01-10,5.37,5.37,5.29,5.37,48600
2014-01-13,5.45,5.53,5.05,5.05,21300
2014-01-14,5.05,5.53,5.05,5.29,13800
2014-01-15,5.29,5.37,5.05,5.37,5800
2014-01-16,5.61,5.61,4.89,5.29,31200
2014-01-17,5.13,5.29,5.13,5.29,15000
2014-01-20,5.29,5.29,5.29,5.29,0
2014-01-21,4.89,5.05,4.81,5.05,68100
2014-01-22,4.81,4.81,4.81,4.81,15700
2014-01-23,5.05,5.21,4.89,5.21,103500
2014-01-24,5.29,5.29,5.13,5.13,27100
2014-01-27,5.21,5.45,5.21,5.45,21100
2014-02-06,5.29,5.29,5.29,5.29,18500
2014-02-07,5.29,5.29,5.21,5.21,18500
2014-02-10,5.45,5.45,5.37,5.45,15200
2014-02-11,5.21,5.45,5.21,5.45,12800
2014-02-12,5.29,5.45,5.29,5.45,12800
2014-02-13,5.37,5.45,5.21,5.45,41700
2014-02-14,5.69,5.77,5.29,5.69,15300
2014-02-17,5.61,5.69,5.37,5.69,32700
2014-02-18,5.61,5.69,5.45,5.45,19500
2014-02-19,5.53,5.61,5.45,5.53,79800
2014-02-20,5.53,5.53,5.37,5.53,21900
2014-02-21,5.29,5.53,5.29,5.45,28300
2014-02-24,5.45,5.93,5.21,5.85,20500
2014-02-25,5.85,6.17,5.45,5.69,7100
2014-02-26,5.69,5.69,5.61,5.69,6300
2014-02-27,5.53,5.53,5.45,5.53,10600
2014-02-28,5.53,5.61,5.37,5.53,12900
2014-03-03,5.85,5.85,5.29,5.61,28000
2014-03-04,5.61,5.61,5.61,5.61,0
2014-03-05,5.37,5.85,5.37,5.85,6900
2014-03-06,5.85,5.85,5.85,5.85,0
2014-03-07,5.61,5.61,5.61,5.61,10100
2014-03-10,5.53,6.01,5.53,6.01,13000
2014-03-11,5.85,6.57,5.85,6.57,159900
2014-03-12,6.81,6.98,6.65,6.81,34300
2014-03-13,6.73,6.81,6.65,6.81,26300
2014-03-14,6.81,6.81,6.57,6.65,20600
2014-03-17,6.73,6.73,6.73,6.73,200
2014-03-18,6.49,6.57,6.25,6.25,11000
2014-03-19,6.41,6.81,6.17,6.65,32100
2014-03-20,6.01,6.33,6.01,6.33,2100
2014-03-21,6.57,6.57,6.25,6.41,7285
2014-03-24,6.41,7.06,6.41,6.98,51515
2014-03-25,6.81,6.89,6.57,6.89,53400
2014-03-26,6.89,6.89,6.49,6.49,26600
2014-03-27,6.49,6.73,6.49,6.49,4600
2014-03-28,6.65,6.65,6.41,6.49,17400
2014-03-31,6.49,6.49,6.25,6.25,23200
2014-04-01,6.17,6.25,6.09,6.25,2400
2014-04-02,5.69,5.85,5.69,5.69,21900
2014-04-03,5.69,6.25,5.69,6.09,4700
2014-04-04,6.09,6.09,6.09,6.09,0
2014-04-07,6.49,6.57,6.49,6.49,10400
2014-04-08,6.49,6.49,6.49,6.49,0
2014-04-10,6.49,6.57,5.93,6.49,400
2014-04-11,5.93,6.49,5.93,6.49,500
2014-04-14,6.49,6.49,6.49,6.49,0
2014-04-15,6.49,6.49,6.49,6.49,0
2014-04-16,5.85,6.17,5.85,6.17,5000
2014-04-17,6.17,6.17,6.17,6.17,0
2014-04-18,6.17,6.17,6.17,6.17,0
2014-04-21,6.17,6.17,6.17,6.17,0
2014-04-22,6.09,6.09,6.01,6.01,1200
2014-04-23,5.69,5.93,5.61,5.93,6900
2014-04-24,5.93,5.93,5.93,5.93,0
2014-04-25,5.37,5.93,5.37,5.77,32500
2014-04-28,5.77,5.77,5.77,5.77,0
2014-04-29,5.77,5.77,5.77,5.77,0
2014-05-05,5.77,5.77,5.77,5.77,0
2014-05-06,5.69,5.77,5.69,5.77,200
2014-05-07,5.77,5.77,5.77,5.77,0
2014-05-08,5.21,5.93,5.21,5.93,3700
2014-05-09,5.37,5.93,5.37,5.77,300
2014-05-12,5.85,5.85,5.21,5.21,5000
2014-05-13,5.21,5.21,5.21,5.21,0
2014-05-14,5.13,5.45,4.73,5.45,5300
2014-05-15,5.53,5.53,5.53,5.53,100
2014-05-16,5.61,5.61,5.61,5.61,200
2014-05-19,5.05,5.05,5.05,5.05,1700
2014-05-20,4.57,4.65,4.57,4.57,48600
2014-05-21,4.81,4.89,4.49,4.89,7400
2014-05-22,5.13,5.13,4.57,4.89,3900
2014-05-23,4.57,4.73,4.57,4.73,21800
2014-05-26,4.57,4.57,4.57,4.57,7800
2014-05-27,4.57,4.57,4.41,4.57,23650
2014-05-28,4.65,4.73,4.65,4.73,11100
2014-05-29,4.81,4.81,4.57,4.57,18100
2014-05-30,4.57,4.57,4.57,4.57,9600
2014-06-02,4.57,4.57,4.49,4.49,19500
2014-06-03,4.57,4.57,4.49,4.49,13100
2014-06-04,4.49,4.65,4.17,4.65,16000
2014-06-05,4.57,4.65,4.57,4.65,2000
2014-06-06,4.65,5.05,4.65,4.97,52400
2014-06-09,4.97,4.97,4.97,4.97,0
2014-06-10,4.89,5.05,4.81,4.81,80200
2014-06-11,4.81,4.97,4.73,4.97,2200
2014-06-12,4.81,4.97,4.81,4.97,5700
2014-06-13,4.81,5.21,4.81,5.21,73100
2014-06-16,5.21,5.21,5.21,5.21,0
2014-06-17,5.21,5.29,5.21,5.29,1200
2014-06-18,5.29,5.29,5.29,5.29,100
2014-06-19,4.81,4.81,4.81,4.81,6800
2014-06-20,5.21,5.21,5.21,5.21,10050
2014-06-23,5.21,5.21,5.21,5.21,0
2014-06-24,5.21,5.21,5.21,5.21,0
2014-06-25,4.81,5.13,4.81,5.13,5600
2014-06-26,5.05,5.13,5.05,5.13,1200
2014-06-27,5.13,5.13,5.13,5.13,800
2014-06-30,4.81,5.37,4.81,5.37,16500
2014-07-01,5.37,5.37,5.37,5.37,0
2014-07-02,5.37,5.37,5.37,5.37,0
2014-07-03,4.89,5.29,4.89,5.29,1650
2014-07-04,4.89,4.89,4.89,4.89,6400
2014-07-07,5.13,5.13,4.89,5.05,1300
2014-07-08,4.89,4.89,4.89,4.89,100
2014-07-09,4.89,4.89,4.89,4.89,0
2014-07-10,4.73,5.05,4.73,5.05,3200
2014-07-11,5.05,5.05,5.05,5.05,0
2014-07-14,5.05,5.05,5.05,5.05,0
2014-07-15,5.05,5.05,5.05,5.05,0
2014-07-16,5.05,5.05,5.05,5.05,0
2014-07-17,5.05,5.05,5.05,5.05,0
2014-07-18,5.05,5.05,5.05,5.05,0
2014-07-21,4.73,4.73,4.73,4.73,300
2014-07-22,4.73,4.81,4.65,4.81,2200
2014-07-23,4.97,4.97,4.89,4.89,500
2014-07-24,4.49,4.97,4.49,4.97,1000
2014-07-25,4.89,4.89,4.89,4.89,2200
2014-07-28,4.81,4.81,4.65,4.65,7000
2014-07-29,4.73,4.73,4.73,4.73,100
2014-07-30,4.57,4.73,4.57,4.73,3000
2014-07-31,4.73,4.73,4.73,4.73,0
2014-08-01,4.73,4.73,4.73,4.73,100
2014-08-04,4.73,4.73,4.73,4.73,4000
2014-08-05,4.81,4.81,4.81,4.81,10900
2014-08-06,4.81,4.97,4.81,4.97,3400
2014-08-07,5.13,5.13,5.13,5.13,6300
2014-08-08,4.81,5.05,4.73,4.73,3400
2014-08-11,4.89,4.89,4.89,4.89,125
2014-08-12,4.89,4.89,4.89,4.89,75
2014-08-13,4.81,4.81,4.81,4.81,1000
2014-08-14,4.81,4.81,4.81,4.81,0
2014-08-15,4.73,4.81,4.65,4.81,3300
2014-08-18,5.05,5.05,5.05,5.05,100
2014-08-19,4.73,4.81,4.73,4.81,14600
2014-08-20,4.97,4.97,4.73,4.97,2500
2014-08-21,4.73,4.97,4.57,4.97,7500
2014-08-22,4.65,4.65,4.57,4.57,2900
2014-08-25,4.97,4.97,4.73,4.97,7900
2014-08-26,4.97,4.97,4.97,4.97,5000
2014-08-27,4.81,5.13,4.81,5.05,45300
2014-08-28,4.73,5.13,4.65,5.13,9100
2014-08-29,4.81,5.05,4.73,5.05,1700
2014-09-03,5.05,5.05,5.05,5.05,0
2014-09-04,5.05,5.05,5.05,5.05,0
2014-09-05,4.81,4.97,4.73,4.97,3700
2014-09-08,4.97,4.97,4.97,4.97,0
2014-09-09,4.97,4.97,4.97,4.97,600
2014-09-10,4.89,4.89,4.89,4.89,100
2014-09-11,4.89,4.89,4.89,4.89,0
2014-09-12,4.81,4.89,4.73,4.89,7100
2014-09-15,4.81,4.81,4.49,4.73,4800
2014-09-16,4.73,4.73,4.57,4.57,1400
2014-09-17,4.65,4.73,4.57,4.73,11300
2014-09-18,4.73,4.73,4.73,4.73,0
2014-09-19,4.57,4.73,4.57,4.73,15900
2014-09-22,4.57,4.73,4.57,4.73,5200
2014-09-23,4.73,4.73,4.57,4.57,1000
2014-09-24,4.65,4.65,4.65,4.65,2000
2014-09-25,4.65,4.65,4.65,4.65,0
2014-09-26,4.65,4.73,4.65,4.73,9300
2014-09-29,4.57,4.73,4.57,4.73,2400
2014-09-30,4.41,4.65,4.41,4.57,8100
2014-10-01,4.49,4.65,4.33,4.65,6200
2014-10-02,4.65,4.73,4.65,4.73,5300
2014-10-03,4.65,4.65,4.65,4.65,4800
2014-10-06,4.57,4.57,4.49,4.57,22900
2014-10-07,4.49,4.97,4.49,4.97,98312
2014-10-08,4.89,4.89,4.65,4.81,134100
2014-10-09,4.81,5.21,4.81,4.81,142300
2014-10-10,4.81,4.97,4.81,4.89,49550
2014-10-13,4.89,4.89,4.73,4.73,40412
2014-10-14,4.73,4.89,4.73,4.81,26300
2014-10-15,4.73,4.81,4.73,4.81,13900
2014-10-16,4.73,4.81,4.65,4.65,66400
2014-10-17,4.65,4.65,4.57,4.57,39200
2014-10-20,4.65,4.65,4.65,4.65,4100
2014-10-21,4.57,4.65,4.49,4.49,29900
2014-10-22,4.57,4.65,4.49,4.65,21450
2014-10-23,4.57,4.57,4.49,4.57,23900
2014-10-24,4.57,4.57,4.41,4.49,10900
2014-10-27,4.33,4.33,4.25,4.33,53600
2014-10-28,4.41,4.57,4.41,4.41,3500
2014-10-29,4.41,4.65,4.41,4.65,15200
2014-10-30,4.49,4.57,4.49,4.49,8300
2014-10-31,4.57,4.65,4.57,4.65,12700
2014-11-03,4.65,4.65,4.65,4.65,6200
2014-11-04,4.65,4.73,4.65,4.65,14700
2014-11-05,4.65,4.65,4.65,4.65,5100
2014-11-06,4.57,4.65,4.49,4.65,12700
2014-11-07,4.57,4.65,4.57,4.57,15100
2014-11-10,4.57,4.57,4.57,4.57,10200
2014-11-11,4.57,4.57,4.57,4.57,9600
2014-11-12,4.57,4.65,4.57,4.65,25700
2014-11-13,4.65,4.65,4.65,4.65,1600
2014-11-14,4.57,4.65,4.57,4.57,6300
2014-11-17,4.57,4.57,4.57,4.57,6800
2014-11-18,4.49,4.57,4.49,4.57,19200
2014-11-19,4.57,4.57,4.49,4.49,1700
2014-11-20,4.41,4.49,4.41,4.49,16400
2014-11-21,4.57,4.57,4.49,4.57,4300
2014-11-24,4.57,4.57,4.57,4.57,0
2014-11-25,4.49,4.57,4.49,4.57,3400
2014-11-26,4.57,4.57,4.57,4.57,0
2014-11-27,4.57,4.57,4.57,4.57,0
2014-11-28,4.57,4.57,4.17,4.57,1400
2014-12-01,4.57,4.57,4.57,4.57,0
2014-12-02,4.65,4.65,4.65,4.65,100
2014-12-03,4.65,4.65,4.65,4.65,0
2014-12-04,4.65,4.65,4.65,4.65,0
2014-12-05,4.49,4.49,4.33,4.41,2100
2014-12-08,4.41,4.41,4.41,4.41,20000
2014-12-09,4.41,4.41,4.41,4.41,0
2014-12-10,4.41,4.41,4.41,4.41,10600
2014-12-11,4.41,4.41,4.41,4.41,300
2014-12-12,4.65,4.65,4.41,4.41,5100
2014-12-15,4.25,4.25,4.17,4.17,1100
2014-12-16,4.49,4.49,4.49,4.49,160
2014-12-17,4.25,4.25,4.17,4.17,2600
2014-12-18,4.17,4.49,4.17,4.49,8100
2014-12-19,4.49,4.49,4.49,4.49,0
2014-12-22,4.33,4.33,4.33,4.33,240
2014-12-23,4.09,4.33,4.09,4.33,6700
2014-12-24,4.65,4.65,4.17,4.17,350
2014-12-25,4.17,4.17,4.17,4.17,150
2014-12-26,4.57,4.57,4.17,4.17,4200
2014-12-29,4.17,4.17,4.17,4.17,5
2014-12-30,4.17,4.17,4.17,4.17,30100
2014-12-31,4.49,4.49,4.17,4.25,2349
2015-01-05,4.25,4.25,4.25,4.25,12100
2015-01-06,4.33,4.49,4.33,4.41,59300
2015-01-07,4.49,4.81,4.49,4.81,138100
2015-01-08,5.13,5.21,4.81,5.21,69200
2015-01-09,5.45,5.69,5.29,5.61,253396
2015-01-12,5.69,6.09,5.53,5.61,155700
2015-01-13,5.69,5.77,5.29,5.29,61975
2015-01-14,5.29,5.61,5.21,5.61,30300
2015-01-15,5.53,5.53,5.05,5.21,98800
2015-01-16,4.81,4.97,4.73,4.73,62700
2015-01-19,4.81,5.05,4.73,4.81,12100
2015-01-20,4.81,4.81,4.49,4.65,65800
2015-01-21,4.57,4.73,4.57,4.73,11200
2015-01-22,4.73,4.97,4.73,4.73,30400
2015-01-23,4.81,5.13,4.73,5.13,66700
2015-01-26,5.13,5.21,4.81,5.21,9400
2015-01-27,5.13,5.13,4.89,4.97,6200
2015-01-28,4.81,5.13,4.81,5.05,47000
2015-01-29,4.89,4.97,4.81,4.97,11900
2015-01-30,5.05,5.37,4.97,5.21,16510
2015-02-02,4.81,4.81,4.81,4.81,1000
2015-02-03,4.89,5.05,4.81,5.05,1700
2015-02-04,4.81,4.81,4.81,4.81,800
2015-02-05,4.81,4.97,4.73,4.97,11800
2015-02-06,4.81,5.21,4.81,5.21,70000
2015-02-09,5.21,5.21,5.21,5.21,0
2015-02-10,5.29,5.29,5.29,5.29,10000
2015-02-11,5.29,5.29,5.21,5.21,200
2015-02-12,5.21,5.29,5.21,5.21,5100
2015-02-13,4.97,5.21,4.97,5.21,2200
2015-02-24,5.21,5.21,5.21,5.21,0
2015-02-25,4.81,5.05,4.73,5.05,11100
2015-02-26,5.05,5.29,5.05,5.05,80600
2015-02-27,5.21,5.45,5.21,5.45,86800
2015-03-02,5.45,5.61,5.45,5.45,62200
2015-03-03,5.21,5.53,5.21,5.53,56200
2015-03-04,5.45,5.61,5.37,5.61,16100
2015-03-05,5.37,5.61,5.37,5.53,1200
2015-03-06,5.53,5.69,5.29,5.61,54000
2015-03-09,5.53,5.61,5.45,5.61,8700
2015-03-10,5.21,5.37,5.21,5.37,42100
2015-03-11,5.13,5.21,5.05,5.13,16200
2015-03-12,5.05,5.37,4.97,5.37,10200
2015-03-13,5.21,5.45,5.05,5.29,10000
2015-03-16,5.29,5.29,4.97,4.97,8600
2015-03-17,4.97,5.13,4.97,5.05,7700
2015-03-18,5.05,5.29,4.97,5.29,7310
2015-03-19,5.05,5.21,5.05,5.05,40800
2015-03-20,4.97,5.13,4.97,5.13,27400
2015-03-23,5.05,5.05,4.97,4.97,3100
2015-03-24,4.97,5.13,4.97,5.13,7900
2015-03-25,4.97,5.05,4.97,5.05,2800
2015-03-26,5.05,5.13,5.05,5.13,5900
2015-03-27,4.97,4.97,4.81,4.81,50500
2015-03-30,5.05,5.05,5.05,5.05,300
2015-03-31,4.89,4.97,4.89,4.97,1100
2015-04-01,4.89,4.89,4.73,4.73,17610
2015-04-02,4.73,4.73,4.73,4.73,600
2015-04-03,4.81,4.97,4.73,4.97,44800
2015-04-06,5.05,5.05,5.05,5.05,1100
2015-04-07,4.97,5.05,4.97,5.05,700
2015-04-08,4.81,4.81,4.81,4.81,425
2015-04-09,4.97,5.05,4.97,5.05,25000
2015-04-10,5.05,5.05,5.05,5.05,4700
2015-04-13,5.05,5.05,5.05,5.05,0
2015-04-14,5.05,5.05,5.05,5.05,0
2015-04-15,4.89,4.89,4.89,4.89,400
2015-04-16,4.97,4.97,4.97,4.97,1000
2015-04-17,4.97,4.97,4.81,4.81,3950
2015-04-20,4.81,4.97,4.81,4.97,4540
2015-04-21,5.05,5.05,4.97,4.97,35100
2015-04-22,4.89,5.05,4.57,4.97,242000
2015-04-23,4.49,4.97,4.49,4.97,14000
2015-04-24,4.81,4.97,4.65,4.65,13900
2015-04-27,4.73,4.81,4.73,4.81,5300
2015-05-04,4.65,4.65,4.41,4.41,5700
2015-05-05,4.73,4.81,4.73,4.81,5600
2015-05-06,4.65,4.73,4.49,4.73,5500
2015-05-07,4.73,4.73,4.73,4.73,3300
2015-05-08,4.73,4.73,4.73,4.73,100
2015-05-11,4.81,4.81,4.81,4.81,2100
2015-05-12,4.73,4.73,4.65,4.65,310
2015-05-13,4.73,4.73,4.73,4.73,500
2015-05-14,4.65,4.65,4.65,4.65,1700
2015-05-15,4.57,4.57,4.49,4.49,2200
2015-05-18,4.57,4.57,4.57,4.57,100
2015-05-19,4.65,4.65,4.65,4.65,300
2015-05-20,4.65,4.81,4.65,4.81,5200
2015-05-21,4.81,4.81,4.81,4.81,0
2015-05-22,4.81,4.81,4.81,4.81,0
2015-05-25,4.81,4.81,4.81,4.81,0
2015-05-26,4.57,4.81,4.57,4.81,1300
2015-05-27,4.73,4.73,4.73,4.73,500
2015-05-28,4.73,4.73,4.73,4.73,8500
2015-05-29,4.65,4.65,4.57,4.57,4600
2015-06-01,4.73,4.97,4.73,4.81,72500
2015-06-02,4.97,4.97,4.81,4.81,10600
2015-06-03,4.81,4.89,4.81,4.89,24000
2015-06-04,4.81,4.81,4.81,4.81,1000
2015-06-05,4.81,4.81,4.81,4.81,5000
2015-06-08,4.81,4.81,4.65,4.81,11525
2015-06-09,4.73,4.73,4.73,4.73,3700
2015-06-10,4.57,4.81,4.57,4.81,3500
2015-06-11,4.81,4.81,4.81,4.81,2600
2015-06-12,4.81,4.81,4.65,4.81,11300
2015-06-15,4.81,4.89,4.81,4.89,7000
2015-06-16,4.81,4.81,4.81,4.81,3100
2015-06-17,4.89,4.89,4.81,4.81,200
2015-06-18,4.73,4.73,4.65,4.65,3010
2015-06-19,5.05,5.05,4.81,4.89,2200
2015-06-22,4.81,5.13,4.81,5.13,3600
2015-06-23,4.73,4.89,4.73,4.89,3900
2015-06-24,4.89,4.89,4.89,4.89,0
2015-06-25,4.81,4.81,4.65,4.65,16700
2015-06-26,4.65,5.05,4.65,4.97,21800
2015-06-29,4.89,4.89,4.81,4.81,30000
2015-06-30,4.81,4.97,4.81,4.81,29500
2015-07-01,4.89,4.89,4.49,4.81,4300
2015-07-02,4.81,4.97,4.81,4.89,3000
2015-07-03,4.89,5.37,4.89,5.37,73200
2015-07-06,4.97,5.61,4.97,5.61,30200
2015-07-07,5.45,5.45,5.45,5.45,2500
2015-07-08,5.05,5.53,5.05,5.37,11100
2015-07-09,5.37,5.37,5.13,5.37,7400
2015-07-10,5.45,5.61,5.29,5.61,173740
2015-07-13,5.61,5.61,5.45,5.61,28900
2015-07-14,5.37,5.61,5.37,5.53,75305
2015-07-15,5.61,5.69,5.37,5.37,62850
2015-07-16,5.19,5.83,5.19,5.83,97900
2015-07-17,5.56,5.56,5.37,5.37,6500
2015-07-20,5.56,5.56,5.28,5.28,2400
2015-07-21,5.28,5.28,5.19,5.19,6510
2015-07-22,5.28,5.28,5.19,5.19,7700
2015-07-23,5.28,5.46,5.28,5.46,2600
2015-07-24,5.19,5.56,5.19,5.56,22100
2015-07-27,5.37,5.56,5.37,5.37,12100
2015-07-28,5.28,5.46,5.28,5.46,10800
2015-07-29,5.28,5.56,5.28,5.28,5800
2015-07-30,5.56,5.56,5.19,5.37,2200
2015-07-31,5.37,5.37,5.37,5.37,100
2015-08-03,5.37,5.37,5.37,5.37,0
2015-08-04,5.19,5.37,5.09,5.37,8200
2015-08-05,5.37,5.37,5.37,5.37,0
2015-08-06,5.28,5.37,5.28,5.37,3600
2015-08-07,5.19,5.46,5.09,5.46,800
2015-08-10,5.37,5.37,5.37,5.37,2800
2015-08-11,5.37,5.37,5.37,5.37,400
2015-08-12,5.28,5.37,5.09,5.37,6200
2015-08-13,5.37,5.37,5.37,5.37,0
2015-08-14,5.19,5.19,5.19,5.19,800
2015-08-17,5.09,5.09,4.91,4.91,7800
2015-08-18,4.91,4.91,4.91,4.91,0
2015-08-19,5.28,5.28,5.28,5.28,200
2015-08-20,5.28,5.28,5.28,5.28,2800
2015-08-21,5.28,5.28,5.28,5.28,0
2015-08-24,5.09,5.09,4.91,4.91,5600
2015-08-25,5.09,5.37,5.09,5.09,1300
2015-08-26,5.28,5.28,5.28,5.28,100
2015-08-27,5.28,5.28,5.28,5.28,0
2015-08-28,4.91,5.19,4.91,5.19,21100
2015-08-31,5.19,5.19,5.19,5.19,0
2015-09-01,5.09,5.19,5.09,5.19,2700
2015-09-03,5.19,5.19,5.19,5.19,0
2015-09-04,5.19,5.19,5.19,5.19,0
2015-09-07,5.19,5.19,5.19,5.19,0
2015-09-08,5.19,5.19,5.19,5.19,0
2015-09-09,5.0,5.0,5.0,5.0,300
2015-09-10,5.0,5.0,5.0,5.0,0
2015-09-11,5.19,5.19,5.19,5.19,100
2015-09-14,5.19,5.19,5.19,5.19,18000
2015-09-15,5.19,5.19,5.19,5.19,700
2015-09-16,4.91,4.91,4.91,4.91,8000
2015-09-17,4.82,5.19,4.82,5.19,2900
2015-09-18,5.19,5.19,5.19,5.19,300
2015-09-21,5.19,5.19,5.19,5.19,0
2015-09-22,5.19,5.19,5.19,5.19,0
2015-09-23,5.19,5.19,5.19,5.19,0
2015-09-24,5.19,5.19,5.19,5.19,0
2015-09-25,5.19,5.19,5.19,5.19,0
2015-09-28,5.09,5.09,5.09,5.09,2000
2015-09-29,4.63,5.09,4.63,5.09,300
2015-09-30,4.91,5.09,4.63,5.09,8900
2015-10-01,5.0,5.09,5.0,5.09,300
2015-10-02,4.91,5.09,4.72,5.09,600
2015-10-05,4.63,5.09,4.63,5.09,1850
2015-10-06,5.0,5.09,5.0,5.09,6100
2015-10-07,5.09,5.19,4.82,4.82,6600
2015-10-08,4.91,5.28,4.91,5.19,21600
2015-10-09,5.28,5.28,4.91,5.19,14900
2015-10-12,5.46,5.46,5.0,5.0,5300
2015-10-13,5.0,5.09,4.91,5.09,7200
2015-10-14,5.09,5.09,5.09,5.09,200
2015-10-15,5.09,5.09,5.09,5.09,0
2015-10-16,5.09,5.56,5.09,5.56,7200
2015-10-19,5.56,5.56,5.56,5.56,0
2015-10-20,5.56,5.56,5.56,5.56,0
2015-10-21,5.56,5.56,5.56,5.56,0
2015-10-22,6.11,6.11,5.0,5.56,400
2015-10-23,5.0,5.09,5.0,5.09,2200
2015-10-26,4.91,4.91,4.91,4.91,10600
2015-10-27,4.91,4.91,4.91,4.91,1000
2015-10-28,5.09,5.09,5.09,5.09,100
2015-10-29,4.91,4.91,4.91,4.91,100
2015-10-30,5.09,5.37,4.63,4.91,15900
2015-11-02,4.91,5.37,4.91,5.37,1400
2015-11-03,5.56,5.56,4.91,5.56,1500
2015-11-04,5.56,5.56,5.56,5.56,0
2015-11-05,5.0,5.56,5.0,5.56,1000
2015-11-06,5.37,5.37,5.37,5.37,1000
2015-11-09,5.37,5.37,5.37,5.37,150
2015-11-10,5.56,5.56,5.56,5.56,100
2015-11-11,5.37,5.93,5.09,5.74,2200
2015-11-12,5.19,5.19,5.19,5.19,18000
2015-11-13,4.82,5.28,4.82,5.28,3800
2015-11-16,4.91,5.46,4.91,5.46,1125
2015-11-17,5.0,5.0,5.0,5.0,4100
2015-11-18,4.82,5.19,4.63,5.19,4800
2015-11-19,5.19,5.19,5.19,5.19,0
2015-11-20,5.09,5.09,4.72,5.09,300
2015-11-23,5.09,5.09,5.09,5.09,0
2015-11-24,5.09,5.56,5.09,5.56,2600
2015-11-25,5.0,5.28,5.0,5.28,300
2015-11-26,5.28,5.28,5.28,5.28,700
2015-11-27,4.91,4.91,4.91,4.91,100
2015-11-30,4.91,4.91,4.82,4.91,10000
2015-12-01,4.91,4.91,4.91,4.91,0
2015-12-02,5.09,5.09,5.09,5.09,100
2015-12-03,5.0,5.0,5.0,5.0,1000
2015-12-04,5.0,5.0,5.0,5.0,0
2015-12-07,4.63,5.0,4.54,5.0,2800
2015-12-08,4.82,4.91,4.82,4.91,1100
2015-12-09,5.09,5.09,5.09,5.09,100
2015-12-10,4.63,5.0,4.63,5.0,5200
2015-12-11,4.63,4.91,4.63,4.91,17400
2015-12-14,4.72,4.72,4.72,4.72,1200
2015-12-15,4.35,4.82,4.35,4.82,900
2015-12-16,4.82,4.82,4.82,4.82,5500
2015-12-17,4.82,4.82,4.82,4.82,8200
2015-12-18,5.0,5.0,5.0,5.0,100
2015-12-21,5.0,5.0,5.0,5.0,0
2015-12-22,5.0,5.0,5.0,5.0,0
2015-12-23,5.0,5.0,5.0,5.0,0
2015-12-24,5.0,5.0,5.0,5.0,0
2015-12-25,5.0,5.0,5.0,5.0,0
2015-12-28,4.72,4.72,4.72,4.72,500
2015-12-29,5.19,5.19,5.19,5.19,100
2015-12-30,5.19,5.19,5.19,5.19,0
2015-12-31,5.19,5.19,5.19,5.19,0
2016-01-04,5.19,5.19,5.19,5.19,0
2016-01-05,4.72,4.82,4.72,4.82,4000
2016-01-06,5.09,5.09,5.09,5.09,100
2016-01-07,5.09,5.09,5.09,5.09,0
2016-01-08,4.63,4.63,4.63,4.63,500
2016-01-11,4.63,4.63,4.63,4.63,0
2016-01-12,4.63,5.0,4.63,5.0,400
2016-01-13,5.46,5.46,5.46,5.46,100
2016-01-14,5.46,5.46,5.46,5.46,0
2016-01-15,5.46,5.46,5.46,5.46,0
2016-01-18,5.46,5.46,5.46,5.46,0
2016-01-19,5.46,5.46,5.46,5.46,0
2016-01-20,5.46,5.46,5.46,5.46,0
2016-01-21,5.46,5.46,5.46,5.46,0
2016-01-22,5.46,5.46,5.46,5.46,20
2016-01-25,5.46,5.46,5.46,5.46,0
2016-01-26,5.46,5.46,5.46,5.46,0
2016-01-27,5.46,5.46,5.46,5.46,0
2016-01-28,5.46,5.46,5.46,5.46,0
2016-01-29,5.46,5.46,5.46,5.46,0
2016-02-01,5.0,5.0,5.0,5.0,11300
2016-02-02,4.54,5.37,4.54,5.37,4900
2016-02-03,4.91,4.91,4.91,4.91,3000
2016-02-04,5.37,5.37,4.82,5.0,5900
2016-02-05,4.72,5.46,4.63,5.37,7000
2016-02-15,4.91,4.91,4.91,4.91,1600
2016-02-16,5.09,5.09,4.63,5.09,600
2016-02-17,5.0,5.0,5.0,5.0,700
2016-02-18,4.72,5.09,4.72,4.82,1000
2016-02-19,5.09,5.09,5.0,5.09,700
2016-02-22,5.56,5.56,5.0,5.0,300
2016-02-23,5.09,5.09,4.82,4.82,5100
2016-02-24,4.72,5.09,4.72,5.0,27800
2016-02-25,5.09,5.09,5.0,5.0,1300
2016-02-26,5.0,5.0,5.0,5.0,500
2016-02-29,5.0,5.0,5.0,5.0,0
2016-03-01,5.0,5.0,5.0,5.0,0
2016-03-02,5.0,5.0,4.63,4.91,2200
2016-03-03,4.91,4.91,4.91,4.91,100
2016-03-04,4.91,4.91,4.82,4.91,3300
2016-03-07,5.0,5.0,5.0,5.0,1500
2016-03-08,5.0,5.0,5.0,5.0,0
2016-03-09,5.37,5.37,4.91,5.0,2100
2016-03-10,5.09,5.09,5.09,5.09,700
2016-03-11,4.72,4.72,4.72,4.72,200
2016-03-14,4.91,5.09,4.72,5.0,8600
2016-03-15,4.82,5.0,4.82,5.0,600
2016-03-16,4.82,4.82,4.82,4.82,100
2016-03-17,5.0,5.0,4.72,4.82,36300
2016-03-18,4.82,4.82,4.63,4.63,13600
2016-03-21,4.72,4.82,4.72,4.82,6400
2016-03-22,4.63,4.72,4.63,4.72,26100
2016-03-23,4.63,5.0,4.54,4.82,14100
2016-03-24,4.63,4.63,4.63,4.63,13000
2016-03-25,4.72,4.91,4.45,4.45,500
2016-03-28,4.63,4.63,4.17,4.17,300
2016-03-29,4.54,4.54,4.54,4.54,17700
2016-03-30,4.72,4.72,4.54,4.72,1900
2016-03-31,4.54,4.54,4.54,4.54,500
2016-04-01,4.72,4.91,4.54,4.54,3800
2016-04-04,4.45,4.54,4.45,4.54,9200
2016-04-05,4.63,4.63,4.63,4.63,1000
2016-04-06,4.35,4.35,4.35,4.35,200
2016-04-07,4.72,4.72,4.26,4.54,8000
2016-04-08,4.54,4.54,4.54,4.54,600
2016-04-11,4.54,4.54,4.35,4.35,800
2016-04-12,4.45,4.45,4.26,4.26,4800
2016-04-13,4.63,4.63,4.35,4.35,7100
2016-04-14,4.45,4.63,4.45,4.63,5300
2016-04-15,4.72,4.72,4.54,4.54,5705
2016-04-19,4.17,4.54,4.17,4.45,700
2016-04-20,4.35,4.54,4.35,4.54,1100
2016-04-21,4.45,4.54,4.45,4.54,500
2016-04-22,4.35,4.35,4.35,4.35,100
2016-04-25,4.45,4.45,4.45,4.45,100
2016-04-26,4.35,4.45,4.35,4.45,1700
2016-04-27,4.54,4.54,4.54,4.54,100
2016-04-28,4.17,4.35,4.17,4.35,1720
2016-04-29,4.35,4.35,4.35,4.35,0
2016-05-04,4.35,4.35,4.35,4.35,100
2016-05-05,3.98,4.35,3.98,4.35,3600
2016-05-06,4.17,4.35,3.98,4.35,3900
2016-05-09,4.26,4.26,4.17,4.26,4100
2016-05-10,4.26,4.26,4.26,4.26,0
2016-05-11,4.17,4.26,4.07,4.26,4700
2016-05-12,3.89,4.17,3.89,4.17,6900
2016-05-13,3.98,4.17,3.98,4.17,1100
2016-05-16,4.07,4.07,3.8,3.89,47000
2016-05-17,4.17,4.17,4.17,4.17,100
2016-05-18,4.26,4.26,3.89,4.26,700
2016-05-19,3.98,3.98,3.89,3.89,9500
2016-05-20,3.61,4.17,3.52,4.17,3700
2016-05-23,3.89,3.98,3.89,3.89,1400
2016-05-24,3.8,3.8,3.8,3.8,3000
2016-05-25,3.89,3.98,3.89,3.98,300
2016-05-26,4.17,4.17,3.8,4.17,1400
2016-05-27,4.07,4.07,3.98,3.98,3000
2016-05-30,3.98,3.98,3.98,3.98,0
2016-05-31,4.17,4.35,3.8,3.8,2320
2016-06-01,3.8,3.8,3.8,3.8,3600
2016-06-02,3.8,3.8,3.8,3.8,8800
2016-06-03,4.07,4.17,3.7,3.98,700
2016-06-06,3.98,3.98,3.98,3.98,0
2016-06-07,3.8,3.98,3.7,3.98,7900
2016-06-08,3.7,4.17,3.61,4.07,16600
2016-06-09,3.89,4.07,3.89,4.07,6100
2016-06-10,3.89,4.45,3.89,4.45,48600
2016-06-13,4.82,4.82,4.17,4.35,4500
2016-06-14,4.17,4.17,4.07,4.17,34400
2016-06-15,4.17,4.26,4.07,4.17,19900
2016-06-16,4.17,4.26,4.07,4.26,13800
2016-06-17,4.07,4.26,4.07,4.26,11000
2016-06-20,4.17,4.63,4.17,4.63,14600
2016-06-21,4.26,4.26,4.26,4.26,1000
2016-06-22,4.26,4.35,4.26,4.35,13400
2016-06-23,4.35,4.35,4.35,4.35,0
2016-06-24,4.35,4.35,4.35,4.35,200
2016-06-27,4.07,4.54,4.07,4.54,2200
2016-06-28,4.17,4.35,4.17,4.35,18800
2016-06-29,4.45,4.45,4.45,4.45,100
2016-06-30,4.17,4.17,4.07,4.07,7100
2016-07-01,4.17,4.17,4.17,4.17,9000
2016-07-04,4.26,4.26,4.26,4.26,100
2016-07-05,4.26,4.26,4.26,4.26,0
2016-07-06,4.17,4.17,4.07,4.07,3700
2016-07-07,4.07,4.07,4.07,4.07,1600
2016-07-08,4.07,4.07,4.07,4.07,6000
2016-07-11,4.45,4.45,4.45,4.45,100
2016-07-12,4.07,4.07,4.07,4.07,13100
2016-07-13,3.98,4.17,3.98,4.17,9200
2016-07-14,4.26,4.26,4.26,4.26,100
2016-07-15,4.17,4.17,3.89,4.17,10900
2016-07-18,4.07,4.17,4.07,4.17,3000
2016-07-19,4.07,4.07,3.98,3.98,3800
2016-07-20,4.35,4.35,4.35,4.35,100
2016-07-21,4.35,4.35,4.35,4.35,0
2016-07-22,4.35,4.35,4.35,4.35,0
2016-07-25,4.35,4.35,4.35,4.35,0
2016-07-26,4.17,4.17,4.17,4.17,7826
2016-07-27,4.17,4.17,4.17,4.17,0
2016-07-28,4.17,4.17,4.17,4.17,0
2016-07-29,4.17,4.17,4.17,4.17,0
2016-08-01,4.17,4.17,4.17,4.17,0
2016-08-02,3.8,3.98,3.8,3.98,19300
2016-08-03,3.89,4.07,3.89,4.07,1125
2016-08-04,3.89,3.98,3.8,3.98,11600
2016-08-05,3.7,3.89,3.7,3.89,11700
2016-08-08,3.52,3.8,3.52,3.8,5100
2016-08-09,4.07,4.07,4.07,4.07,100
2016-08-10,3.7,4.07,3.7,4.07,3100
2016-08-11,3.89,3.89,3.7,3.8,10100
2016-08-12,3.8,3.89,3.8,3.89,700
2016-08-15,3.89,3.89,3.89,3.89,0
2016-08-16,3.89,3.89,3.89,3.89,249
2016-08-17,3.7,3.8,3.52,3.7,45200
2016-08-18,3.61,3.7,3.52,3.7,15400
2016-08-19,3.52,3.52,3.52,3.52,400
2016-08-22,3.61,3.61,3.61,3.61,200
2016-08-23,3.52,3.61,3.52,3.61,9500
2016-08-24,3.52,3.52,3.43,3.52,1900
2016-08-25,3.52,3.52,3.52,3.52,0
2016-08-26,3.61,3.61,3.61,3.61,500
2016-08-29,3.52,3.52,3.52,3.52,8100
2016-08-30,3.52,3.52,3.52,3.52,0
2016-08-31,3.52,3.52,3.33,3.33,1100
2016-09-01,3.43,3.43,3.43,3.43,2000
2016-09-05,3.52,3.52,3.52,3.52,2500
2016-09-06,3.61,3.8,3.61,3.8,4000
2016-09-07,3.8,3.8,3.8,3.8,300
2016-09-08,3.8,3.8,3.52,3.7,3100
2016-09-09,3.61,3.8,3.61,3.7,11400
2016-09-12,3.7,3.8,3.52,3.8,8500
2016-09-13,3.89,3.89,3.43,3.7,10200
2016-09-14,3.8,3.8,3.43,3.43,16100
2016-09-15,3.43,3.7,3.33,3.33,10000
2016-09-16,3.33,3.33,3.33,3.33,0
2016-09-19,3.52,3.52,3.43,3.43,1600
2016-09-20,3.52,3.52,3.52,3.52,8900
2016-09-21,3.6,3.6,3.6,3.6,3100
2016-09-22,3.4,3.6,3.4,3.6,300
2016-09-23,3.6,3.6,3.6,3.6,1000
2016-09-26,3.6,3.6,3.6,3.6,0
2016-09-27,3.4,3.7,3.4,3.7,500
2016-09-28,3.9,3.9,3.6,3.6,17500
2016-09-29,3.6,3.7,3.6,3.7,6700
2016-09-30,3.7,3.7,3.6,3.7,29700
2016-10-03,3.8,3.9,3.8,3.8,17300
2016-10-04,3.8,3.8,3.6,3.8,31150
2016-10-05,3.7,3.7,3.6,3.6,20100
2016-10-06,3.7,3.7,3.7,3.7,1300
2016-10-07,3.7,3.8,3.7,3.8,2500
2016-10-10,3.7,3.7,3.7,3.7,25000
2016-10-11,3.8,3.8,3.5,3.7,7800
2016-10-12,3.5,3.7,3.5,3.7,6100
2016-10-13,3.5,3.8,3.5,3.8,30400
2016-10-14,3.5,3.8,3.5,3.7,17500
2016-10-17,3.5,3.5,3.5,3.5,300
2016-10-18,3.5,3.5,3.5,3.5,1000
2016-10-19,3.6,3.6,3.6,3.6,12500
2016-10-20,3.7,3.7,3.6,3.6,15400
2016-10-21,3.6,3.6,3.6,3.6,5054
2016-10-24,3.6,3.6,3.6,3.6,0
2016-10-25,3.6,3.6,3.6,3.6,0
2016-10-26,3.6,3.6,3.6,3.6,0
2016-10-27,3.6,3.6,3.6,3.6,0
2016-10-28,3.4,3.6,3.4,3.6,1000
2016-10-31,3.5,3.5,3.5,3.5,1500
2016-11-01,3.7,3.7,3.7,3.7,400
2016-11-02,3.7,3.7,3.7,3.7,0
2016-11-03,3.5,3.5,3.5,3.5,4500
2016-11-04,3.4,3.5,3.4,3.5,2400
2016-11-07,3.5,3.5,3.5,3.5,0
2016-11-08,3.6,3.6,3.6,3.6,100
2016-11-09,3.6,3.6,3.6,3.6,0
2016-11-10,3.6,3.6,3.6,3.6,0
2016-11-11,3.5,3.5,3.3,3.5,2700
2016-11-14,3.3,3.5,3.3,3.5,6300
2016-11-15,3.4,3.4,3.3,3.3,5600
2016-11-16,3.2,3.3,3.2,3.3,2203
2016-11-17,3.3,3.5,3.2,3.5,701
2016-11-18,3.5,3.8,3.3,3.3,3900
2016-11-21,3.3,3.3,3.3,3.3,2200
2016-11-22,3.3,3.3,3.3,3.3,100
2016-11-23,3.1,3.3,3.1,3.2,4201
2016-11-24,3.2,3.2,3.2,3.2,0
2016-11-25,3.2,3.2,3.2,3.2,1500
2016-11-28,3.2,3.2,3.2,3.2,0
2016-11-29,3.2,3.2,3.2,3.2,2900
2016-11-30,3.1,3.2,3.1,3.2,10900
2016-12-01,3.3,3.3,3.3,3.3,100
2016-12-02,3.3,3.3,3.3,3.3,1000
2016-12-05,3.4,3.4,3.0,3.3,5505
2016-12-06,3.1,3.3,3.1,3.3,20200
2016-12-07,3.1,3.3,3.1,3.3,4316
2016-12-08,3.3,3.3,3.3,3.3,0
2016-12-09,3.2,3.2,3.1,3.1,15000
2016-12-12,3.0,3.0,2.9,2.9,10000
2016-12-13,2.7,2.7,2.7,2.7,100
2016-12-14,2.9,2.9,2.9,2.9,5027
2016-12-15,2.9,2.9,2.9,2.9,8032
2016-12-16,3.0,3.1,3.0,3.0,7203
2016-12-19,3.0,3.0,3.0,3.0,11900
2016-12-20,2.9,2.9,2.9,2.9,3907
2016-12-21,2.9,2.9,2.9,2.9,0
2016-12-22,2.9,2.9,2.9,2.9,1200
2016-12-23,2.9,2.9,2.9,2.9,0
2016-12-26,2.9,2.9,2.9,2.9,0
2016-12-27,2.9,2.9,2.9,2.9,0
2016-12-28,2.8,3.1,2.8,3.1,12025
2016-12-29,2.8,3.1,2.8,3.1,4416
2016-12-30,2.9,2.9,2.9,2.9,200
2017-01-03,2.8,2.8,2.8,2.8,1400
2017-01-04,2.9,3.0,2.9,3.0,250
2017-01-05,3.0,3.0,3.0,3.0,0
2017-01-06,2.8,2.9,2.8,2.9,10031
2017-01-09,2.8,2.8,2.8,2.8,4800
2017-01-10,2.8,2.8,2.8,2.8,0
2017-01-11,2.9,3.0,2.9,3.0,400
2017-01-12,3.0,3.0,3.0,3.0,0
2017-01-13,3.0,3.0,3.0,3.0,0
2017-01-16,3.0,3.0,3.0,3.0,0
2017-01-17,3.0,3.0,3.0,3.0,0
2017-01-18,2.8,3.0,2.7,3.0,15100
2017-01-19,2.8,2.8,2.8,2.8,3500
2017-01-20,2.6,3.0,2.6,3.0,1500
2017-01-23,2.9,2.9,2.9,2.9,600
2017-01-24,3.0,3.1,2.9,2.9,6600
2017-01-25,2.8,3.1,2.8,3.1,2200
2017-02-02,3.1,3.1,3.1,3.1,0
2017-02-03,2.8,3.0,2.8,3.0,10600
2017-02-06,2.9,2.9,2.9,2.9,100
2017-02-07,2.8,2.9,2.7,2.9,4300
2017-02-08,2.9,2.9,2.9,2.9,0
2017-02-09,2.7,2.8,2.7,2.8,3100
2017-02-10,2.9,2.9,2.9,2.9,100
2017-02-13,2.9,2.9,2.9,2.9,0
2017-02-14,2.9,2.9,2.9,2.9,0
2017-02-15,2.9,2.9,2.9,2.9,0
2017-02-16,2.9,2.9,2.9,2.9,10
2017-02-17,2.9,2.9,2.9,2.9,0
2017-02-20,2.9,2.9,2.9,2.9,0
2017-02-21,2.9,2.9,2.9,2.9,100
2017-02-22,2.9,2.9,2.9,2.9,0
2017-02-23,2.7,2.8,2.7,2.8,5700
2017-02-24,2.7,2.7,2.7,2.7,2400
2017-02-27,2.8,2.8,2.8,2.8,700
2017-02-28,2.9,2.9,2.9,2.9,120
2017-03-01,2.9,2.9,2.9,2.9,0
2017-03-02,2.9,2.9,2.9,2.9,0
2017-03-03,2.9,2.9,2.9,2.9,100
2017-03-06,2.8,2.9,2.8,2.9,1510
2017-03-07,2.9,2.9,2.9,2.9,0
2017-03-08,2.9,2.9,2.9,2.9,0
2017-03-09,2.9,2.9,2.9,2.9,0
2017-03-10,2.9,2.9,2.9,2.9,0
2017-03-13,2.7,2.9,2.7,2.9,200
2017-03-14,2.9,2.9,2.9,2.9,0
2017-03-15,2.8,2.8,2.8,2.8,1500
2017-03-16,2.9,2.9,2.9,2.9,100
2017-03-17,2.9,2.9,2.9,2.9,0
2017-03-20,2.9,3.1,2.8,2.8,2900
2017-03-21,2.8,2.8,2.8,2.8,60
2017-03-22,2.7,2.7,2.7,2.7,900
2017-03-23,2.7,2.7,2.7,2.7,300
2017-03-24,2.6,2.9,2.6,2.9,1354
2017-03-27,2.8,2.8,2.8,2.8,700
2017-03-28,2.9,2.9,2.9,2.9,120
2017-03-29,2.8,2.8,2.8,2.8,100
2017-03-30,2.8,2.8,2.8,2.8,0
2017-03-31,2.9,2.9,2.9,2.9,154
2017-04-03,2.9,2.9,2.9,2.9,0
2017-04-04,2.9,2.9,2.9,2.9,0
2017-04-05,2.9,2.9,2.9,2.9,80
2017-04-07,2.7,2.7,2.7,2.7,199
2017-04-10,2.6,2.7,2.6,2.7,600
2017-04-11,2.7,2.7,2.7,2.7,0
2017-04-12,2.7,2.7,2.6,2.6,727
2017-04-13,2.5,2.7,2.4,2.7,35956
2017-04-14,2.5,2.7,2.5,2.7,1200
2017-04-17,2.7,2.7,2.7,2.7,40
2017-04-18,2.5,2.6,2.5,2.6,3000
2017-04-19,2.6,2.6,2.4,2.4,942
2017-04-20,2.4,2.5,2.4,2.5,400
2017-04-21,2.5,2.5,2.5,2.5,200
2017-04-24,2.5,2.5,2.5,2.5,0
2017-04-25,2.5,2.5,2.5,2.5,40
2017-04-26,2.5,2.5,2.5,2.5,64
2017-04-27,2.3,2.3,2.3,2.3,100
2017-04-28,2.5,2.5,2.4,2.4,1248
2017-05-03,2.3,2.3,2.2,2.2,6400
2017-05-04,2.2,2.2,2.2,2.2,0
2017-05-05,2.3,2.4,2.3,2.3,3684
2017-05-08,2.3,2.3,2.3,2.3,400
2017-05-09,2.3,2.3,2.3,2.3,1900
2017-05-10,2.3,2.3,2.3,2.3,2100
2017-05-11,2.3,2.3,2.3,2.3,0
2017-05-12,2.4,2.4,2.4,2.4,1100
2017-05-15,2.5,2.6,2.5,2.6,2628
2017-05-16,2.8,2.8,2.8,2.8,124
2017-05-17,2.8,2.8,2.8,2.8,0
2017-05-18,2.8,2.8,2.8,2.8,0
2017-05-19,2.8,2.8,2.8,2.8,0
2017-05-22,2.8,2.8,2.8,2.8,81
2017-05-23,2.8,2.8,2.8,2.8,34
2017-05-24,2.9,2.9,2.8,2.8,200
2017-05-25,2.7,2.7,2.7,2.7,610
2017-05-26,2.7,2.7,2.7,2.7,0
2017-05-29,2.6,2.7,2.6,2.7,4200
2017-05-30,2.7,2.7,2.7,2.7,0
2017-05-31,2.7,2.7,2.7,2.7,0
2017-06-01,2.6,2.7,2.6,2.7,700
2017-06-02,2.7,2.7,2.7,2.7,0
2017-06-05,2.7,2.7,2.7,2.7,500
2017-06-06,2.8,2.8,2.6,2.6,10900
2017-06-07,2.5,2.7,2.5,2.5,15733
2017-06-08,2.5,2.5,2.5,2.5,0
2017-06-09,2.6,2.6,2.6,2.6,7500
2017-06-12,2.6,2.6,2.6,2.6,0
2017-06-13,2.4,2.4,2.4,2.4,7810
2017-06-14,2.4,2.4,2.4,2.4,10
2017-06-15,2.4,2.5,2.4,2.5,16500
2017-06-16,2.5,2.5,2.4,2.4,11900
2017-06-19,2.4,2.5,2.3,2.5,35213
2017-06-20,2.3,2.5,2.3,2.5,1354
2017-06-21,2.4,2.4,2.3,2.3,1300
2017-06-22,2.3,2.3,2.2,2.3,5290
2017-06-23,2.3,2.3,2.3,2.3,200
2017-06-26,2.4,2.4,2.3,2.3,1500
2017-06-27,2.3,2.3,2.3,2.3,12534
2017-06-28,2.3,2.5,2.3,2.4,60100
2017-06-29,2.5,2.5,2.4,2.4,600
2017-06-30,2.4,2.4,2.4,2.4,1000
2017-07-03,2.5,2.6,2.5,2.6,52558
2017-07-04,2.7,2.8,2.7,2.8,3100
2017-07-05,2.9,3.0,2.9,3.0,11300
2017-07-06,2.8,3.1,2.7,3.1,900
2017-07-07,2.8,3.2,2.8,3.2,2600
2017-07-10,2.9,2.9,2.9,2.9,5548
2017-07-11,2.9,2.9,2.9,2.9,0
2017-07-12,2.9,2.9,2.9,2.9,1
2017-07-13,2.9,2.9,2.9,2.9,0
2017-07-14,2.7,2.9,2.7,2.7,14900
2017-07-17,2.5,2.5,2.5,2.5,8716
2017-07-18,2.4,2.4,2.4,2.4,160
2017-07-19,2.4,2.6,2.4,2.6,443
2017-07-20,2.4,2.4,2.4,2.4,500
2017-07-21,2.6,2.6,2.6,2.6,50905
2017-07-24,2.4,2.4,2.4,2.4,1500
2017-07-25,2.6,2.6,2.6,2.6,4100
2017-07-26,2.8,2.8,2.8,2.8,332
2017-07-27,2.8,2.8,2.6,2.6,1100
2017-07-28,2.4,2.7,2.4,2.7,3400
2017-07-31,2.5,2.5,2.5,2.5,186
2017-08-01,2.5,2.5,2.5,2.5,0
2017-08-02,2.7,2.7,2.7,2.7,2004
2017-08-03,2.5,2.8,2.5,2.8,600
2017-08-04,2.8,2.8,2.8,2.8,17
2017-08-07,2.6,2.7,2.6,2.7,2027
2017-08-08,2.6,2.6,2.6,2.6,500
2017-08-09,2.6,2.6,2.6,2.6,0
2017-08-10,2.4,2.7,2.4,2.7,15800
2017-08-11,2.9,2.9,2.5,2.8,12800
2017-08-14,2.9,2.9,2.6,2.6,1000
2017-08-15,2.6,2.6,2.4,2.6,132600
2017-08-16,2.4,2.4,2.4,2.4,49200
2017-08-17,2.5,2.5,2.2,2.5,25700
2017-08-18,2.5,2.5,2.3,2.4,7200
2017-08-21,2.4,2.4,2.4,2.4,200
2017-08-22,2.4,2.4,2.2,2.3,5000
2017-08-23,2.3,2.3,2.3,2.3,29700
2017-08-24,2.3,2.4,2.3,2.4,5864
2017-08-25,2.5,2.5,2.4,2.4,13300
2017-08-28,2.4,2.4,2.4,2.4,0
2017-08-29,2.4,2.4,2.4,2.4,64
2017-08-30,2.4,2.4,2.4,2.4,0
2017-08-31,2.3,2.4,2.3,2.4,11100
2017-09-01,2.4,2.4,2.4,2.4,0
2017-09-05,2.4,2.4,2.4,2.4,10400
2017-09-06,2.4,2.4,2.4,2.4,100
2017-09-07,2.4,2.4,2.4,2.4,0
2017-09-08,2.4,2.4,2.4,2.4,40
2017-09-11,2.4,2.5,2.4,2.5,30564
2017-09-12,2.6,2.6,2.5,2.5,11000
2017-09-13,2.6,2.7,2.5,2.7,16700
2017-09-14,2.5,2.5,2.5,2.5,864
2017-09-15,2.4,2.5,2.3,2.5,9427
2017-09-18,2.6,2.6,2.6,2.6,4680
2017-09-19,2.5,2.6,2.5,2.6,11764
2017-09-20,2.6,2.6,2.4,2.4,700
2017-09-21,2.4,2.5,2.4,2.5,3600
2017-09-22,2.5,2.6,2.5,2.6,4100
2017-09-25,2.6,2.6,2.6,2.6,16040
2017-09-26,2.6,2.6,2.6,2.6,14900
2017-09-27,2.6,2.6,2.6,2.6,11800
2017-09-28,2.5,2.5,2.5,2.5,6800
2017-09-29,2.5,2.5,2.5,2.5,600
2017-10-02,2.7,2.7,2.7,2.7,3300
2017-10-03,2.7,2.7,2.7,2.7,0
2017-10-04,2.6,2.6,2.6,2.6,11200
2017-10-05,2.6,2.6,2.6,2.6,0
2017-10-06,2.6,2.6,2.6,2.6,0
2017-10-09,2.4,2.4,2.4,2.4,2500
2017-10-10,2.5,2.5,2.5,2.5,7500
2017-10-11,2.6,2.7,2.6,2.7,8800
2017-10-12,2.6,2.6,2.6,2.6,3300
2017-10-13,2.6,2.6,2.5,2.6,7800
2017-10-16,2.6,2.7,2.6,2.7,2100
2017-10-17,2.6,2.6,2.6,2.6,1054
2017-10-18,2.7,2.7,2.7,2.7,3840
2017-10-19,2.8,2.8,2.8,2.8,100
2017-10-20,2.6,2.7,2.6,2.6,10500
2017-10-23,2.6,2.6,2.6,2.6,2438
2017-10-24,2.6,2.6,2.6,2.6,1081
2017-10-25,2.6,2.6,2.6,2.6,3500
2017-10-26,2.6,2.7,2.6,2.7,10981
2017-10-27,2.7,2.7,2.7,2.7,15581
2017-10-30,2.7,2.7,2.5,2.5,14500
2017-10-31,2.6,2.6,2.6,2.6,100
2017-11-01,2.6,2.6,2.6,2.6,0
2017-11-02,2.6,2.6,2.6,2.6,0
2017-11-03,2.7,2.7,2.7,2.7,700
2017-11-06,2.6,2.9,2.6,2.8,26464
2017-11-07,3.0,3.0,3.0,3.0,1155
2017-11-08,3.3,3.3,3.0,3.2,7620
2017-11-09,3.4,3.4,3.4,3.4,100
2017-11-10,3.7,3.7,3.4,3.4,400
2017-11-13,3.4,3.4,3.4,3.4,0
2017-11-14,3.4,3.4,3.4,3.4,0
2017-11-15,3.4,3.4,3.4,3.4,0
2017-11-16,3.1,3.6,3.1,3.1,3600
2017-11-17,2.8,3.3,2.8,2.8,7608
2017-11-20,2.6,3.0,2.6,3.0,1975
2017-11-21,2.8,3.3,2.8,3.2,35900
2017-11-22,3.0,3.0,3.0,3.0,2000
2017-11-23,2.8,3.0,2.8,2.9,2300
2017-11-24,2.9,2.9,2.9,2.9,0
2017-11-27,2.9,3.1,2.8,3.0,48400
2017-11-28,3.1,3.1,3.0,3.0,600
2017-11-29,3.3,3.3,3.1,3.1,400
2017-11-30,3.0,3.0,2.8,3.0,16000
2017-12-01,2.8,2.8,2.8,2.8,5020
2017-12-04,3.0,3.0,2.8,3.0,24500
2017-12-05,3.0,3.0,3.0,3.0,300
2017-12-06,2.8,3.0,2.8,3.0,400
2017-12-07,2.9,3.3,2.9,3.0,31647
2017-12-08,3.0,3.0,3.0,3.0,10081
2017-12-11,3.0,3.0,3.0,3.0,0
2017-12-12,2.9,3.0,2.9,3.0,4400
2017-12-13,3.0,3.0,3.0,3.0,0
2017-12-14,2.9,2.9,2.9,2.9,1700
2017-12-15,3.0,3.1,2.9,3.1,46900
2017-12-18,3.1,3.1,3.0,3.0,3300
2017-12-19,3.0,3.3,3.0,3.3,1100
2017-12-20,3.3,3.6,3.3,3.4,3200
2017-12-21,3.2,3.6,3.2,3.6,4800
2017-12-22,3.4,3.6,3.4,3.6,19800
2017-12-25,3.3,3.6,3.3,3.6,9100
2017-12-26,3.3,3.3,3.3,3.3,2400
2017-12-27,3.3,3.3,3.3,3.3,0
2017-12-28,3.0,3.3,3.0,3.3,5411
2017-12-29,3.3,3.3,3.3,3.3,4
2018-01-02,3.3,3.3,3.3,3.3,0
2018-01-03,3.0,3.3,3.0,3.3,3193
2018-01-04,3.2,3.3,3.2,3.3,1850
2018-01-05,3.3,3.3,3.3,3.3,0
2018-01-08,3.1,3.2,3.1,3.1,6000
2018-01-09,2.9,3.0,2.8,3.0,29900
2018-01-10,2.8,3.0,2.8,2.9,15140
2018-01-11,3.0,3.0,2.9,2.9,3100
2018-01-12,2.9,2.9,2.8,2.9,6200
2018-01-15,2.9,3.0,2.8,3.0,16100
2018-01-16,3.0,3.0,3.0,3.0,9200
2018-01-17,3.0,3.0,3.0,3.0,1000
2018-01-18,2.9,2.9,2.8,2.8,14200
2018-01-19,2.8,2.8,2.8,2.8,3100
2018-01-22,2.9,2.9,2.9,2.9,100
2018-01-23,2.8,3.0,2.8,3.0,1039
2018-01-24,3.1,3.1,3.1,3.1,100
2018-01-25,2.8,3.1,2.8,3.1,2500
2018-01-26,3.1,3.1,3.1,3.1,0
2018-01-29,2.8,3.0,2.8,3.0,1024
2018-01-30,3.0,3.0,3.0,3.0,0
2018-01-31,3.0,3.0,3.0,3.0,0
2018-02-01,3.0,3.0,3.0,3.0,1000
2018-02-02,3.0,3.3,3.0,3.0,2700
2018-02-05,3.3,3.3,2.8,2.8,4400
2018-02-06,3.0,3.0,2.6,2.8,22200
2018-02-07,3.0,3.0,3.0,3.0,100
2018-02-08,3.3,3.3,3.3,3.3,100
2018-02-09,3.3,3.3,3.3,3.3,0
2018-02-12,3.0,3.2,3.0,3.2,1100
2018-02-13,3.5,3.5,3.2,3.3,1700
2018-02-21,3.3,3.3,3.3,3.3,0
2018-02-22,3.4,3.4,3.4,3.4,300
2018-02-23,3.4,3.4,3.4,3.4,0
2018-02-26,3.3,3.5,3.3,3.5,6400
2018-02-27,3.7,3.7,3.7,3.7,100
2018-02-28,3.6,3.6,3.6,3.6,100
2018-03-01,3.9,3.9,3.3,3.5,2300
2018-03-02,3.3,3.3,3.2,3.2,4000
2018-03-05,3.2,3.2,3.2,3.2,0
2018-03-06,3.2,3.2,3.2,3.2,0
2018-03-07,3.2,3.2,3.2,3.2,0
2018-03-08,3.2,3.2,2.9,3.2,1100
2018-03-09,3.1,3.2,2.9,3.2,600
2018-03-12,3.2,3.2,3.2,3.2,0
2018-03-13,3.2,3.2,3.2,3.2,0
2018-03-14,3.0,3.0,3.0,3.0,1800
2018-03-15,3.0,3.0,3.0,3.0,0
2018-03-16,3.0,3.2,2.7,3.2,1336
2018-03-19,2.9,3.4,2.9,3.4,700
2018-03-20,3.4,3.4,3.4,3.4,0
2018-03-21,3.2,3.2,3.2,3.2,100
2018-03-22,2.9,2.9,2.9,2.9,500
2018-03-23,2.9,2.9,2.9,2.9,0
2018-03-26,3.0,3.1,3.0,3.1,200
2018-03-27,3.0,3.0,3.0,3.0,2000
2018-03-28,3.0,3.0,3.0,3.0,0
2018-03-29,3.0,3.0,3.0,3.0,0
2018-03-30,3.0,3.0,3.0,3.0,1
2018-04-02,3.0,3.0,3.0,3.0,0
2018-04-03,2.9,2.9,2.9,2.9,4100
2018-04-04,2.9,2.9,2.9,2.9,80
2018-04-05,2.9,2.9,2.9,2.9,54
2018-04-06,2.9,3.1,2.7,3.1,2300
2018-04-09,2.9,2.9,2.9,2.9,100
2018-04-10,2.9,2.9,2.9,2.9,100
2018-04-11,2.9,2.9,2.9,2.9,2000
2018-04-12,2.9,2.9,2.9,2.9,0
2018-04-13,2.9,2.9,2.9,2.9,0
2018-04-16,2.9,2.9,2.9,2.9,0
2018-04-17,2.8,3.1,2.8,3.1,2300
2018-04-18,2.8,3.2,2.8,3.2,1392
2018-04-19,2.9,3.1,2.9,3.1,6500
2018-04-20,3.1,3.1,3.1,3.1,0
2018-04-23,3.1,3.1,3.1,3.1,0
2018-04-24,3.1,3.1,3.1,3.1,0
2018-04-26,3.1,3.1,3.1,3.1,0
2018-04-27,2.8,3.2,2.8,3.2,1100
2018-05-02,3.2,3.2,3.2,3.2,0
2018-05-03,2.9,2.9,2.9,2.9,100
2018-05-04,2.9,3.1,2.9,3.1,300
2018-05-07,3.1,3.1,3.1,3.1,0
2018-05-08,3.1,3.1,3.1,3.1,0
2018-05-09,3.1,3.1,3.1,3.1,0
2018-05-10,3.1,3.1,3.1,3.1,0
2018-05-11,3.1,3.1,3.1,3.1,0
2018-05-14,3.1,3.1,3.1,3.1,0
2018-05-15,3.1,3.1,3.1,3.1,0
2018-05-16,3.1,3.1,3.1,3.1,0
2018-05-17,3.1,3.1,2.8,2.8,200
2018-05-18,2.6,3.0,2.6,2.6,900
2018-05-21,2.8,2.8,2.4,2.8,1820
2018-05-22,2.8,2.8,2.8,2.8,0
2018-05-23,2.8,2.8,2.8,2.8,0
2018-05-24,2.6,2.7,2.6,2.7,3500
2018-05-25,2.7,2.7,2.7,2.7,0
2018-05-28,2.5,2.5,2.5,2.5,5060
2018-05-29,2.3,2.5,2.3,2.5,500
2018-05-30,2.7,2.7,2.7,2.7,100
2018-05-31,2.6,2.6,2.6,2.6,200
2018-06-01,2.6,2.6,2.6,2.6,0
2018-06-04,2.6,2.6,2.6,2.6,0
2018-06-05,2.4,2.5,2.4,2.5,1500
2018-06-06,2.5,2.5,2.5,2.5,0
2018-06-07,2.3,2.5,2.3,2.5,2507
2018-06-08,2.5,2.5,2.5,2.5,0
2018-06-11,2.5,2.5,2.5,2.5,0
2018-06-12,2.5,2.5,2.5,2.5,0
2018-06-13,2.5,2.5,2.5,2.5,0
2018-06-14,2.5,2.5,2.5,2.5,0
2018-06-15,2.3,2.3,2.3,2.3,23500
2018-06-18,2.3,2.5,2.1,2.5,21888
2018-06-19,2.7,2.7,2.5,2.5,200
2018-06-20,2.5,2.5,2.5,2.5,0
2018-06-21,2.5,2.5,2.5,2.5,0
2018-06-22,2.5,2.5,2.5,2.5,0
2018-06-25,2.3,2.3,2.3,2.3,1000
2018-06-26,2.3,2.3,2.3,2.3,0
2018-06-27,2.4,2.4,2.4,2.4,1000
2018-06-28,2.4,2.4,2.4,2.4,0
2018-06-29,2.4,2.4,2.4,2.4,0
2018-07-02,2.4,2.4,2.4,2.4,0
2018-07-03,2.2,2.4,2.2,2.4,200
2018-07-04,2.2,2.3,2.2,2.3,3100
2018-07-05,2.3,2.3,2.3,2.3,0
2018-07-06,2.4,2.4,2.4,2.4,100
2018-07-09,2.4,2.4,2.4,2.4,0
2018-07-10,2.4,2.4,2.4,2.4,0
2018-07-11,2.4,2.4,2.4,2.4,0
2018-07-12,2.4,2.4,2.4,2.4,0
2018-07-13,2.4,2.4,2.4,2.4,0
2018-07-16,2.4,2.4,2.4,2.4,0
2018-07-17,2.4,2.4,2.4,2.4,54
2018-07-18,2.4,2.4,2.4,2.4,0
2018-07-19,2.4,2.4,2.4,2.4,0
2018-07-20,2.4,2.5,2.4,2.5,200
2018-07-23,2.5,2.5,2.5,2.5,0
2018-07-24,2.5,2.5,2.5,2.5,0
2018-07-25,2.3,2.5,2.3,2.5,2700
2018-07-26,2.7,2.7,2.7,2.7,3200
2018-07-27,2.5,2.5,2.5,2.5,100
2018-07-30,2.5,2.5,2.5,2.5,0
2018-07-31,2.5,2.5,2.5,2.5,0
2018-08-01,2.5,2.5,2.5,2.5,0
2018-08-02,2.5,2.5,2.5,2.5,0
2018-08-03,2.5,2.5,2.5,2.5,0
2018-08-06,2.5,2.5,2.5,2.5,0
2018-08-07,2.5,2.5,2.5,2.5,0
2018-08-08,2.5,2.5,2.5,2.5,0
2018-08-09,2.5,2.5,2.5,2.5,0
2018-08-10,2.5,2.5,2.5,2.5,0
2018-08-13,2.5,2.5,2.5,2.5,0
2018-08-14,2.5,2.5,2.5,2.5,0
2018-08-15,2.5,2.5,2.5,2.5,0
2018-08-16,2.5,2.5,2.5,2.5,0
2018-08-17,2.5,2.5,2.5,2.5,1100
2018-08-20,2.5,2.7,2.5,2.6,1900
2018-08-21,2.6,2.6,2.6,2.6,0
2018-08-22,2.6,2.6,2.6,2.6,200
2018-08-23,2.6,2.6,2.6,2.6,0
2018-08-24,2.6,2.6,2.6,2.6,0
2018-08-27,2.6,2.6,2.6,2.6,0
2018-08-28,2.6,2.6,2.6,2.6,0
2018-08-29,2.6,2.6,2.6,2.6,0
2018-08-30,2.6,2.6,2.6,2.6,0
2018-08-31,2.6,2.6,2.6,2.6,0
2018-09-04,2.4,2.6,2.4,2.6,350
2018-09-05,2.6,2.6,2.6,2.6,0
2018-09-06,2.6,2.7,2.6,2.7,200
2018-09-07,2.5,2.6,2.5,2.6,600
2018-09-10,2.6,2.6,2.6,2.6,54
2018-09-11,2.6,2.6,2.6,2.6,0
2018-09-12,2.6,2.6,2.6,2.6,0
2018-09-13,2.6,2.6,2.6,2.6,0
2018-09-14,2.4,2.4,2.4,2.4,500
2018-09-17,2.5,2.5,2.2,2.4,4980
2018-09-18,2.6,2.6,2.3,2.4,2200
2018-09-19,2.5,2.5,2.5,2.5,100
2018-09-20,2.5,2.5,2.5,2.5,0
2018-09-21,2.4,2.4,2.4,2.4,100
2018-09-24,2.4,2.6,2.4,2.6,12960
2018-09-25,2.5,2.8,2.5,2.7,4500
2018-09-26,2.8,2.9,2.7,2.9,5600
2018-09-27,2.7,3.1,2.7,3.1,5267
2018-09-28,3.4,3.4,3.4,3.4,1200
2018-10-01,3.1,3.5,3.1,3.5,3400
2018-10-02,3.5,3.5,3.5,3.5,0
2018-10-03,3.2,3.2,3.2,3.2,100
2018-10-04,3.2,3.2,3.2,3.2,0
2018-10-05,3.2,3.2,3.2,3.2,0
2018-10-08,3.2,3.2,3.2,3.2,0
2018-10-09,2.9,3.2,2.9,3.2,1139
2018-10-10,2.9,2.9,2.9,2.9,600
2018-10-11,2.7,2.9,2.7,2.9,900
2018-10-12,2.8,2.9,2.7,2.9,2300
2018-10-15,2.9,3.1,2.9,3.1,400
2018-10-16,3.1,3.1,3.1,3.1,0
2018-10-17,2.8,2.8,2.8,2.8,500
2018-10-18,2.9,2.9,2.9,2.9,100
2018-10-19,2.9,2.9,2.9,2.9,0
2018-10-22,2.7,2.7,2.7,2.7,100
2018-10-23,2.9,2.9,2.6,2.6,1800
2018-10-24,2.8,2.8,2.5,2.8,4100
2018-10-25,2.8,2.8,2.8,2.8,0
2018-10-26,2.8,2.8,2.8,2.8,0
2018-10-29,2.8,3.0,2.8,3.0,1400
2018-10-30,2.8,2.9,2.7,2.7,400
2018-10-31,2.7,2.7,2.7,2.7,0
2018-11-01,2.7,2.7,2.7,2.7,0
2018-11-02,2.7,2.7,2.7,2.7,0
2018-11-05,2.7,2.9,2.7,2.9,600
2018-11-06,2.9,2.9,2.9,2.9,0
2018-11-07,2.9,2.9,2.9,2.9,0
2018-11-08,2.9,3.0,2.9,3.0,200
2018-11-09,2.9,3.1,2.9,3.1,1000
2018-11-12,2.8,3.2,2.8,3.2,1200
2018-11-13,2.9,2.9,2.9,2.9,1000
2018-11-14,3.0,3.0,2.7,2.8,6280
2018-11-15,2.6,2.9,2.6,2.9,2000
2018-11-16,2.9,2.9,2.9,2.9,0
2018-11-19,2.9,2.9,2.9,2.9,53
2018-11-20,2.9,2.9,2.9,2.9,0
2018-11-21,2.9,2.9,2.9,2.9,7
2018-11-22,2.7,2.8,2.7,2.8,1100
2018-11-23,2.9,2.9,2.6,2.6,200
2018-11-26,2.8,2.8,2.8,2.8,100
2018-11-27,2.9,2.9,2.9,2.9,100
2018-11-28,2.9,2.9,2.9,2.9,0
2018-11-29,2.9,2.9,2.9,2.9,0
2018-11-30,2.9,2.9,2.9,2.9,0
2018-12-03,2.9,2.9,2.9,2.9,0
2018-12-04,2.7,2.9,2.7,2.9,200
2018-12-05,2.9,2.9,2.9,2.9,0
2018-12-06,2.9,2.9,2.9,2.9,0
2018-12-07,2.9,2.9,2.9,2.9,0
2018-12-10,2.9,2.9,2.9,2.9,0
2018-12-11,2.9,2.9,2.9,2.9,0
2018-12-12,2.9,2.9,2.9,2.9,0
2018-12-13,2.9,2.9,2.9,2.9,0
2018-12-14,2.9,2.9,2.9,2.9,0
2018-12-17,2.9,2.9,2.9,2.9,0
2018-12-18,2.9,2.9,2.9,2.9,0
2018-12-19,2.9,2.9,2.9,2.9,0
2018-12-20,2.9,2.9,2.9,2.9,0
2018-12-21,2.9,2.9,2.9,2.9,0
2018-12-24,2.9,2.9,2.9,2.9,0
2018-12-25,2.8,2.8,2.8,2.8,100
2018-12-26,2.8,2.8,2.8,2.8,0
2018-12-27,2.8,2.8,2.8,2.8,0
2018-12-28,2.6,2.6,2.6,2.6,1000
2019-01-02,2.6,2.6,2.6,2.6,0
2019-01-03,2.4,2.6,2.4,2.6,3600
2019-01-04,2.4,2.7,2.4,2.7,1500
2019-01-07,2.5,2.7,2.5,2.5,4000
2019-01-08,2.3,2.5,2.3,2.5,2800
2019-01-09,2.5,2.5,2.5,2.5,0
2019-01-10,2.5,2.5,2.5,2.5,0
2019-01-11,2.3,2.7,2.3,2.7,1500
2019-01-14,2.7,2.7,2.7,2.7,0
2019-01-15,2.7,2.7,2.7,2.7,0
2019-01-16,2.7,2.7,2.7,2.7,0
2019-01-17,2.5,2.5,2.5,2.5,200
2019-01-18,2.5,2.5,2.5,2.5,0
2019-01-21,2.3,2.5,2.3,2.5,200
2019-01-22,2.5,2.5,2.5,2.5,0
2019-01-23,2.4,2.4,2.4,2.4,1600
2019-01-24,2.4,2.4,2.4,2.4,0
2019-01-25,2.4,2.4,2.4,2.4,0
2019-01-28,2.4,2.4,2.4,2.4,1300
2019-01-29,2.4,2.4,2.4,2.4,0
2019-01-30,2.4,2.4,2.4,2.4,0
2019-01-31,2.6,2.6,2.6,2.6,100
2019-02-01,2.6,2.6,2.6,2.6,0
2019-02-11,2.6,2.6,2.6,2.6,0
2019-02-12,2.6,2.6,2.6,2.6,0
2019-02-13,2.6,2.6,2.6,2.6,0
2019-02-14,2.4,2.6,2.4,2.6,300
2019-02-15,2.6,2.6,2.6,2.6,0
2019-02-18,2.6,2.6,2.6,2.6,0
2019-02-19,2.6,2.6,2.6,2.6,0
2019-02-20,2.6,2.6,2.6,2.6,0
2019-02-21,2.6,2.6,2.6,2.6,0
2019-02-22,2.6,2.6,2.6,2.6,0
2019-02-25,2.6,2.6,2.6,2.6,0
2019-02-26,2.4,2.4,2.4,2.4,600
2019-02-27,2.4,2.4,2.4,2.4,0
2019-02-28,2.4,2.4,2.4,2.4,0
2019-03-01,2.2,2.2,2.2,2.2,13700
2019-03-04,2.2,2.2,2.2,2.2,1140
2019-03-05,2.4,2.4,2.4,2.4,100
2019-03-06,2.4,2.4,2.4,2.4,0
2019-03-07,2.2,2.2,2.2,2.2,1100
2019-03-08,2.4,2.4,2.4,2.4,100
2019-03-11,2.4,2.4,2.4,2.4,0
2019-03-12,2.4,2.4,2.4,2.4,0
2019-03-13,2.4,2.4,2.4,2.4,0
2019-03-14,2.4,2.4,2.4,2.4,0
2019-03-15,2.4,2.4,2.4,2.4,0
2019-03-18,2.4,2.4,2.4,2.4,0
2019-03-19,2.4,2.4,2.4,2.4,0
2019-03-20,2.4,2.4,2.4,2.4,0
2019-03-21,2.4,2.4,2.4,2.4,0
2019-03-22,2.4,2.4,2.4,2.4,0
2019-03-25,2.4,2.4,2.4,2.4,0
2019-03-26,2.4,2.4,2.4,2.4,0
2019-03-27,2.2,2.2,2.2,2.2,11355
2019-03-28,2.0,2.0,2.0,2.0,9300
2019-03-29,1.8,2.0,1.8,2.0,13125
2019-04-01,1.8,2.1,1.8,2.1,1000
2019-04-02,2.0,2.0,2.0,2.0,200
2019-04-03,2.0,2.0,2.0,2.0,0
2019-04-04,1.8,1.9,1.8,1.9,5100
2019-04-05,1.8,2.0,1.8,2.0,2400
2019-04-08,2.0,2.0,2.0,2.0,0
2019-04-09,2.0,2.0,2.0,2.0,0
2019-04-10,2.0,2.0,2.0,2.0,0
2019-04-11,1.8,2.0,1.8,2.0,500
2019-04-12,1.8,2.0,1.8,2.0,400
2019-04-16,1.8,2.0,1.8,2.0,3500
2019-04-17,1.8,2.0,1.8,2.0,1000
2019-04-18,2.0,2.0,2.0,2.0,0
2019-04-19,2.0,2.0,2.0,2.0,0
2019-04-22,1.8,1.9,1.8,1.9,2746
2019-04-23,1.9,1.9,1.9,1.9,0
2019-04-24,1.9,1.9,1.9,1.9,0
2019-04-25,1.9,2.0,1.9,2.0,3300
2019-04-26,2.0,2.0,2.0,2.0,0
2019-05-02,1.8,1.9,1.8,1.9,1100
2019-05-03,1.8,1.9,1.8,1.9,1100
2019-05-06,1.9,1.9,1.9,1.9,0
2019-05-07,1.9,1.9,1.9,1.9,0
2019-05-08,1.9,1.9,1.9,1.9,0
2019-05-09,1.9,1.9,1.9,1.9,0
2019-05-10,1.9,1.9,1.9,1.9,0
2019-05-13,1.9,1.9,1.9,1.9,0
2019-05-14,1.9,1.9,1.9,1.9,0
2019-05-15,1.9,1.9,1.9,1.9,0
2019-05-16,1.9,1.9,1.9,1.9,0
2019-05-17,1.8,1.9,1.8,1.9,300
2019-05-20,1.9,1.9,1.9,1.9,0
2019-05-21,1.9,1.9,1.9,1.9,0
2019-05-22,1.8,1.9,1.8,1.9,400
2019-05-23,1.9,1.9,1.9,1.9,0
2019-05-24,1.9,1.9,1.9,1.9,0
2019-05-27,1.9,1.9,1.9,1.9,0
2019-05-28,1.8,1.9,1.8,1.9,6200
2019-05-29,1.8,1.9,1.8,1.9,1100
2019-05-30,1.8,1.9,1.8,1.9,1200
2019-05-31,1.9,1.9,1.9,1.9,0
2019-06-03,1.9,1.9,1.9,1.9,0
2019-06-04,1.9,1.9,1.9,1.9,0
2019-06-05,1.8,1.9,1.8,1.9,2100
2019-06-06,1.9,1.9,1.9,1.9,0
2019-06-07,1.9,1.9,1.9,1.9,0
2019-06-10,1.9,1.9,1.9,1.9,0
2019-06-11,1.9,1.9,1.9,1.9,0
2019-06-12,1.9,1.9,1.9,1.9,0
2019-06-13,1.9,1.9,1.9,1.9,0
2019-06-14,1.9,1.9,1.9,1.9,0
2019-06-17,1.8,2.0,1.8,2.0,13446
2019-06-18,1.9,1.9,1.9,1.9,3400
2019-06-19,1.9,1.9,1.9,1.9,0
2019-06-20,1.8,2.0,1.8,2.0,4300
2019-06-21,1.9,1.9,1.9,1.9,200
2019-06-24,1.8,1.8,1.8,1.8,500
2019-06-25,1.8,1.9,1.8,1.8,1900
2019-06-26,1.8,1.8,1.8,1.8,200
2019-06-27,1.7,1.9,1.7,1.8,300
2019-06-28,1.8,1.8,1.8,1.8,1000
2019-07-01,1.7,1.9,1.7,1.9,300
2019-07-02,1.8,1.9,1.8,1.8,6580
2019-07-03,1.9,1.9,1.8,1.8,9500
2019-07-04,1.9,1.9,1.8,1.9,2500
2019-07-05,1.8,1.9,1.8,1.9,440
2019-07-08,1.9,1.9,1.9,1.9,300
2019-07-09,1.9,2.0,1.9,2.0,76726
2019-07-10,2.2,2.2,2.2,2.2,100200
2019-07-11,2.4,2.4,2.4,2.4,107800
2019-07-12,2.6,2.6,2.4,2.5,38340
2019-07-15,2.3,2.3,2.3,2.3,4000
2019-07-16,2.1,2.3,2.1,2.1,43700
2019-07-17,1.9,2.2,1.9,2.1,28600
2019-07-18,2.1,2.2,2.0,2.1,10200
2019-07-19,2.0,2.1,2.0,2.1,9000
2019-07-22,1.9,1.9,1.9,1.9,5900
2019-07-23,1.8,1.8,1.8,1.8,73840
2019-07-24,1.8,1.8,1.7,1.7,22700
2019-07-25,1.8,1.8,1.8,1.8,700
2019-07-26,1.9,1.9,1.8,1.9,78000
2019-07-29,2.0,2.0,1.9,2.0,78240
2019-07-30,2.1,2.1,2.0,2.0,15500
2019-07-31,1.9,1.9,1.9,1.9,15700
2019-08-01,1.8,1.9,1.8,1.9,34000
2019-08-02,1.8,1.8,1.8,1.8,46969
2019-08-05,1.7,1.8,1.7,1.8,23300
2019-08-06,1.7,1.8,1.7,1.8,5100
2019-08-07,1.8,1.8,1.7,1.7,3800
2019-08-08,1.7,1.8,1.7,1.7,13400
2019-08-09,1.8,1.8,1.7,1.8,41500
2019-08-12,1.8,1.8,1.7,1.8,4800
2019-08-13,1.7,1.7,1.7,1.7,38400
2019-08-14,1.7,1.8,1.7,1.8,2400
2019-08-15,1.7,1.7,1.7,1.7,1100
2019-08-16,1.7,1.7,1.7,1.7,3400
2019-08-19,1.7,1.7,1.7,1.7,0
2019-08-20,1.7,1.7,1.7,1.7,1400
2019-08-21,1.7,1.7,1.7,1.7,0
2019-08-22,1.6,1.7,1.6,1.7,12000
2019-08-23,1.6,1.6,1.6,1.6,4300
2019-08-26,1.6,1.7,1.6,1.7,14202
2019-08-27,1.6,1.7,1.6,1.7,36340
2019-08-28,1.6,1.7,1.6,1.7,455
2019-08-29,1.6,1.7,1.6,1.7,12600
2019-08-30,1.6,1.7,1.6,1.7,17600
2019-09-03,1.7,1.7,1.7,1.7,50000
2019-09-04,1.7,1.7,1.7,1.7,6600
2019-09-05,1.7,1.8,1.7,1.7,6300
2019-09-06,1.8,1.8,1.8,1.8,46500
2019-09-09,1.8,1.9,1.8,1.9,39220
2019-09-10,2.0,2.0,1.9,2.0,17500
2019-09-11,2.0,2.0,1.9,2.0,13200
2019-09-12,1.9,1.9,1.9,1.9,5000
2019-09-13,1.9,1.9,1.9,1.9,4700
2019-09-16,1.9,1.9,1.8,1.9,6100
2019-09-17,1.9,1.9,1.9,1.9,0
2019-09-18,1.9,1.9,1.9,1.9,0
2019-09-19,1.9,1.9,1.9,1.9,10
2019-09-20,1.9,1.9,1.9,1.9,0
2019-09-23,1.8,1.8,1.8,1.8,10300
2019-09-24,1.8,1.9,1.8,1.8,30226
2019-09-25,1.7,1.8,1.7,1.8,37100
2019-09-26,1.8,1.8,1.8,1.8,200
2019-09-27,1.8,1.8,1.7,1.8,1573
2019-09-30,1.8,1.8,1.8,1.8,0
2019-10-01,1.7,1.8,1.7,1.8,5325
2019-10-02,1.7,1.7,1.7,1.7,5100
2019-10-03,1.8,1.8,1.8,1.8,100
2019-10-04,1.8,1.8,1.8,1.8,100
2019-10-07,1.8,1.8,1.8,1.8,0
2019-10-08,1.7,1.7,1.7,1.7,500
2019-10-09,1.6,1.7,1.6,1.7,19600
2019-10-10,1.6,1.6,1.6,1.6,7000
2019-10-11,1.5,1.6,1.5,1.6,1540
2019-10-14,1.6,1.6,1.6,1.6,74
2019-10-15,1.5,1.6,1.5,1.6,21700
2019-10-16,1.5,1.6,1.5,1.6,7300
2019-10-17,1.6,1.6,1.6,1.6,0
2019-10-18,1.5,1.6,1.5,1.6,200
2019-10-21,1.6,1.6,1.6,1.6,300
2019-10-22,1.6,1.6,1.6,1.6,2
2019-10-23,1.6,1.6,1.6,1.6,0
2019-10-24,1.5,1.7,1.5,1.7,15300
2019-10-25,1.7,1.8,1.7,1.8,800
2019-10-28,1.8,1.8,1.8,1.8,0
2019-10-29,1.7,1.7,1.7,1.7,2600
2019-10-30,1.7,1.7,1.7,1.7,0
2019-10-31,1.7,1.7,1.6,1.7,2700
2019-11-01,1.6,1.7,1.6,1.7,20200
2019-11-04,1.7,1.7,1.7,1.7,0
2019-11-05,1.6,1.6,1.6,1.6,100
2019-11-06,1.6,1.6,1.6,1.6,0
2019-11-07,1.6,1.6,1.6,1.6,0
2019-11-08,1.6,1.6,1.6,1.6,0
2019-11-11,1.5,1.7,1.5,1.7,200
2019-11-12,1.7,1.7,1.7,1.7,0
2019-11-13,1.7,1.7,1.7,1.7,0
2019-11-14,1.7,1.7,1.7,1.7,0
2019-11-15,1.6,1.6,1.6,1.6,200
2019-11-18,1.5,1.7,1.5,1.7,2300
2019-11-19,1.6,1.6,1.6,1.6,100
2019-11-20,1.6,1.6,1.6,1.6,0
2019-11-21,1.6,1.6,1.6,1.6,0
2019-11-22,1.6,1.6,1.6,1.6,0
2019-11-25,1.6,1.6,1.6,1.6,0
2019-11-26,1.6,1.6,1.6,1.6,100
2019-11-27,1.6,1.6,1.6,1.6,0
2019-11-28,1.6,1.7,1.6,1.7,900
2019-11-29,1.6,1.6,1.6,1.6,100
2019-12-02,1.6,1.6,1.6,1.6,0
2019-12-03,1.6,1.6,1.6,1.6,0
2019-12-04,1.6,1.6,1.6,1.6,100
2019-12-05,1.6,1.6,1.6,1.6,0
2019-12-06,1.6,1.6,1.6,1.6,0
2019-12-09,1.6,1.6,1.6,1.6,200
2019-12-10,1.6,1.6,1.6,1.6,0
2019-12-11,1.6,1.6,1.6,1.6,0
2019-12-12,1.6,1.6,1.6,1.6,2
2019-12-13,1.6,1.7,1.6,1.7,1600
2019-12-16,1.7,1.7,1.7,1.7,0
2019-12-17,1.6,1.6,1.6,1.6,6600
2019-12-18,1.6,1.6,1.6,1.6,0
2019-12-19,1.6,1.6,1.6,1.6,30210
2019-12-20,1.6,1.6,1.6,1.6,100
2019-12-23,1.6,1.6,1.6,1.6,0
2019-12-24,1.6,1.6,1.6,1.6,0
2019-12-25,1.5,1.6,1.5,1.6,5200
2019-12-26,1.5,1.6,1.5,1.6,5100
2019-12-27,1.6,1.6,1.6,1.6,0
2019-12-30,1.5,1.5,1.5,1.5,2000
2019-12-31,1.5,1.6,1.5,1.6,300
2020-01-02,1.6,1.6,1.6,1.6,0
2020-01-03,1.6,1.6,1.6,1.6,0
2020-01-06,1.5,1.5,1.5,1.5,100
2020-01-07,1.5,1.5,1.5,1.5,0
2020-01-08,1.5,1.5,1.5,1.5,500
2020-01-09,1.5,1.5,1.5,1.5,0
2020-01-10,1.5,1.5,1.5,1.5,0
2020-01-13,1.5,1.5,1.5,1.5,0
2020-01-14,1.5,1.5,1.5,1.5,400
2020-01-15,1.4,1.4,1.4,1.4,100
2020-01-16,1.4,1.4,1.4,1.4,100
2020-01-17,1.4,1.5,1.4,1.5,5200
2020-01-20,1.5,1.5,1.5,1.5,0
2020-01-21,1.5,1.5,1.5,1.5,0
2020-01-22,1.5,1.5,1.5,1.5,0
2020-01-30,1.5,1.5,1.5,1.5,0
2020-01-31,1.4,1.4,1.4,1.4,100
2020-02-03,1.3,1.3,1.3,1.3,6500
2020-02-04,1.2,1.2,1.2,1.2,8500
2020-02-05,1.1,1.1,1.1,1.1,6406
2020-02-06,1.1,1.1,1.1,1.1,0
2020-02-07,1.1,1.1,1.1,1.1,0
2020-02-10,1.1,1.1,1.1,1.1,0
2020-02-11,1.1,1.1,1.1,1.1,0
2020-02-12,1.2,1.2,1.2,1.2,500
2020-02-13,1.2,1.2,1.2,1.2,0
2020-02-14,1.3,1.3,1.3,1.3,100
2020-02-17,1.2,1.2,1.2,1.2,100
2020-02-18,1.1,1.1,1.1,1.1,100
2020-02-19,1.0,1.1,1.0,1.1,13900
2020-02-20,1.1,1.1,1.1,1.1,0
2020-02-21,1.0,1.1,1.0,1.1,7500
2020-02-24,1.1,1.1,1.1,1.1,4000
2020-02-25,1.0,1.0,1.0,1.0,100
2020-02-26,1.1,1.1,1.1,1.1,1000
2020-02-27,1.0,1.0,1.0,1.0,100
2020-02-28,1.0,1.0,1.0,1.0,31000
2020-03-02,1.1,1.1,1.0,1.0,800
2020-03-03,1.0,1.0,1.0,1.0,500
2020-03-04,1.0,1.0,1.0,1.0,2000
2020-03-05,0.9,1.0,0.9,1.0,12200
2020-03-06,1.1,1.1,1.1,1.1,26100
2020-03-09,1.2,1.2,1.2,1.2,68100
2020-03-10,1.3,1.3,1.1,1.3,35700
2020-03-11,1.2,1.4,1.2,1.4,6620
2020-03-12,1.3,1.3,1.3,1.3,2540
2020-03-13,1.2,1.2,1.2,1.2,900
2020-03-16,1.1,1.1,1.1,1.1,1000
2020-03-17,1.0,1.0,1.0,1.0,7500
2020-03-18,0.9,1.0,0.9,1.0,44602
2020-03-19,0.9,1.0,0.9,1.0,34400
2020-03-20,1.0,1.0,1.0,1.0,600
2020-03-23,0.9,1.0,0.9,1.0,8300
2020-03-24,1.0,1.0,0.9,1.0,1500
2020-03-25,1.0,1.0,1.0,1.0,0
2020-03-26,0.9,1.0,0.9,1.0,300
2020-03-27,0.9,0.9,0.9,0.9,400
2020-03-30,0.9,0.9,0.9,0.9,0
2020-03-31,0.9,1.0,0.8,1.0,55910
2020-04-01,1.0,1.0,1.0,1.0,0
2020-04-03,0.9,1.0,0.9,1.0,6100
2020-04-06,0.9,0.9,0.9,0.9,200
2020-04-07,0.8,0.8,0.8,0.8,1200
2020-04-08,0.9,0.9,0.9,0.9,2100
2020-04-09,0.9,0.9,0.9,0.9,10
2020-04-10,0.9,0.9,0.9,0.9,0
2020-04-13,1.0,1.0,1.0,1.0,100
2020-04-14,0.9,0.9,0.9,0.9,2000
2020-04-15,0.8,1.0,0.8,1.0,11700
2020-04-16,1.0,1.0,1.0,1.0,20
2020-04-17,1.0,1.0,1.0,1.0,0
2020-04-20,0.9,0.9,0.9,0.9,1200
2020-04-21,0.8,0.9,0.8,0.9,3100
2020-04-22,0.8,0.9,0.8,0.9,1830
2020-04-23,1.0,1.0,0.9,0.9,600
2020-04-24,0.8,0.9,0.8,0.9,1600
2020-04-27,0.9,0.9,0.9,0.9,400
2020-04-28,0.9,0.9,0.9,0.9,100
2020-04-29,0.8,0.9,0.8,0.9,4400
2020-05-04,0.8,0.8,0.8,0.8,24710
2020-05-05,0.7,0.9,0.7,0.9,16100
2020-05-06,0.8,0.8,0.8,0.8,600
2020-05-07,0.7,0.8,0.7,0.7,30903
2020-05-08,0.6,0.7,0.6,0.6,122400
2020-05-11,0.5,0.6,0.5,0.6,20100
2020-05-12,0.6,0.6,0.5,0.6,2968
2020-05-13,0.5,0.6,0.5,0.6,3300
2020-05-14,0.6,0.6,0.6,0.6,20400
2020-05-15,0.5,0.5,0.5,0.5,97400
2020-05-18,0.6,0.6,0.6,0.6,2810
2020-05-19,0.5,0.6,0.5,0.6,3300
2020-05-20,0.5,0.6,0.5,0.6,9100
2020-05-21,0.5,0.6,0.5,0.6,8200
2020-05-22,0.6,0.6,0.5,0.5,17100
2020-05-25,0.5,0.6,0.5,0.5,25800
2020-06-02,0.5,0.7,0.5,0.7,500
2020-06-03,0.6,0.6,0.6,0.6,49700
2020-06-04,0.7,0.7,0.7,0.7,9800
2020-06-05,0.7,0.7,0.7,0.7,1200
2020-06-08,0.7,0.8,0.7,0.8,2200
2020-06-09,0.7,0.8,0.7,0.8,20300
2020-06-10,0.8,0.9,0.7,0.8,39140
2020-06-11,0.8,0.9,0.8,0.9,41526
2020-06-12,0.9,0.9,0.9,0.9,0
2020-06-15,0.8,1.0,0.8,1.0,137800
2020-06-16,1.0,1.0,1.0,1.0,70866
2020-06-17,1.1,1.1,1.1,1.1,100
2020-06-18,1.0,1.1,1.0,1.0,137000
2020-06-19,1.1,1.1,1.0,1.1,71600
2020-06-22,1.2,1.2,1.1,1.1,3100
2020-06-23,1.0,1.1,1.0,1.1,800
2020-06-24,1.0,1.1,1.1,1.1,0
2020-06-25,1.1,1.1,1.1,1.1,101100
2020-06-26,1.2,1.2,1.0,1.0,1300
2020-06-29,1.1,1.1,1.0,1.0,58100
2020-06-30,1.1,1.1,0.9,0.9,3200
2020-07-01,1.1,1.1,0.9,0.9,2900
2020-07-02,1.1,0.9,0.9,0.9,0
2020-07-03,1.1,0.9,0.9,0.9,0
2020-07-06,1.1,1.1,1.1,1.1,121900
2020-07-07,1.1,1.1,1.1,1.1,0
2020-07-08,1.0,1.0,1.0,1.0,100
2020-07-09,1.1,1.1,1.1,1.1,40200
2020-07-10,1.1,1.2,1.1,1.2,98300
2020-07-13,1.1,1.2,1.1,1.2,8000
2020-07-14,1.3,1.3,1.3,1.3,271100
2020-07-15,1.4,1.4,1.4,1.4,245980
2020-07-16,1.6,1.6,1.5,1.6,10300
2020-07-17,1.5,1.7,1.5,1.7,55600
2020-07-20,1.7,1.7,1.6,1.6,30100
2020-07-21,1.6,1.6,1.6,1.6,0
2020-07-22,1.5,1.5,1.5,1.5,25000
2020-07-23,1.5,1.5,1.5,1.5,12000
2020-07-24,1.5,1.5,1.5,1.5,0
2020-07-27,1.5,1.5,1.5,1.5,0
2020-07-28,1.3,1.7,1.3,1.7,2200
2020-07-29,1.6,1.7,1.7,1.7,0
2020-07-30,1.6,1.6,1.6,1.7,10
2020-07-31,1.4,1.4,1.4,1.4,100
2020-08-03,1.2,1.2,1.2,1.2,500
2020-08-04,1.1,1.2,1.1,1.1,23300
2020-08-05,1.0,1.2,1.0,1.1,6481
2020-08-06,1.1,1.2,1.1,1.2,14600
2020-08-07,1.3,1.3,1.3,1.3,100
2020-08-10,1.3,1.3,1.3,1.3,0
2020-08-11,1.2,1.4,1.2,1.4,8000
2020-08-12,1.6,1.6,1.6,1.6,5400
2020-08-13,1.6,1.6,1.5,1.5,14100
2020-08-14,1.6,1.5,1.5,1.5,0
2020-08-17,1.6,1.6,1.6,1.6,181
2020-08-18,1.7,1.7,1.7,1.7,100
2020-08-19,1.7,1.9,1.7,1.9,34300
2020-08-20,2.1,2.1,1.9,2.0,14012
2020-08-21,2.3,2.3,2.2,2.3,1320
2020-08-24,2.3,2.6,2.3,2.6,57059
2020-08-25,2.8,2.8,2.5,2.5,18000
2020-08-26,2.8,2.8,2.2,2.2,53720
2020-08-27,2.5,2.5,2.5,2.5,2610
2020-08-28,2.2,2.5,2.2,2.5,11700
2020-08-31,2.2,2.2,2.2,2.2,2076
2020-09-01,2.2,2.2,2.2,2.2,0
2020-09-03,2.2,2.2,2.2,2.2,0
2020-09-04,2.5,2.5,1.9,1.9,612
2020-09-07,2.0,1.9,1.9,1.9,0
2020-09-08,2.0,1.9,1.9,1.9,0
2020-09-09,2.0,1.9,1.9,1.9,0
2020-09-10,2.0,1.9,1.9,1.9,0
2020-09-11,2.1,2.3,1.7,2.2,117990
2020-09-14,1.8,2.2,2.2,2.2,0
2020-09-15,1.8,2.2,2.2,2.2,0
2020-09-16,1.8,2.2,2.2,2.2,0
2020-09-17,1.8,2.2,2.2,2.2,0
2020-09-18,1.6,1.9,1.6,1.9,2360
2020-09-21,1.9,1.9,1.9,1.9,0
2020-09-22,1.9,1.9,1.9,1.9,0
2020-09-23,1.9,1.9,1.9,1.9,0
2020-09-24,1.9,1.9,1.9,1.9,0
2020-09-25,1.8,1.9,1.8,1.9,400
2020-09-28,1.8,1.9,1.9,1.9,0
2020-09-29,1.8,1.9,1.9,1.9,0
2020-09-30,1.8,1.9,1.9,1.9,0
2020-10-01,1.8,1.9,1.9,1.9,0
2020-10-02,2.0,2.0,2.0,2.0,110
2020-10-05,2.0,2.0,2.0,2.0,0
2020-10-06,2.0,2.0,2.0,2.0,0
2020-10-07,2.0,2.0,2.0,2.0,0
2020-10-08,2.0,2.0,2.0,2.0,0
2020-10-09,2.0,2.0,2.0,2.0,0
2020-10-12,2.0,2.0,2.0,2.0,0
2020-10-13,2.0,2.0,2.0,2.0,0
2020-10-14,2.0,2.0,2.0,2.0,0
2020-10-15,2.0,2.0,2.0,2.0,0
2020-10-16,2.1,2.1,2.1,2.1,100
2020-10-19,2.1,2.1,2.1,2.1,0
2020-10-20,2.1,2.1,2.1,2.1,0
2020-10-21,2.1,2.1,2.1,2.1,0
2020-10-22,2.1,2.1,2.1,2.1,0
2020-10-23,2.0,2.0,1.8,1.9,27300
2020-10-26,1.9,1.9,1.9,1.9,0
2020-10-27,1.9,1.9,1.9,1.9,0
2020-10-28,1.9,1.9,1.9,1.9,0
2020-10-29,1.9,1.9,1.9,1.9,0
2020-10-30,1.7,1.7,1.7,1.7,100
2020-11-02,1.7,1.7,1.7,1.7,0
2020-11-03,1.7,1.7,1.7,1.7,0
2020-11-04,1.7,1.7,1.7,1.7,0
2020-11-05,1.7,1.7,1.7,1.7,0
2020-11-06,1.7,1.7,1.7,1.7,0
2020-11-09,1.7,1.7,1.7,1.7,0
2020-11-10,1.7,1.7,1.7,1.7,0
2020-11-11,1.7,1.7,1.7,1.7,0
2020-11-12,1.7,1.7,1.7,1.7,0
2020-11-13,1.7,1.9,1.7,1.7,5100
2020-11-16,1.8,1.7,1.7,1.7,0
2020-11-17,1.8,1.7,1.7,1.7,0
2020-11-18,1.8,1.7,1.7,1.7,0
2020-11-19,1.8,1.7,1.7,1.7,0
2020-11-20,1.8,1.8,1.6,1.7,26200
2020-11-23,1.7,1.7,1.7,1.7,0
2020-11-24,1.7,1.7,1.7,1.7,0
2020-11-25,1.7,1.7,1.7,1.7,0
2020-11-26,1.7,1.7,1.7,1.7,0
2020-11-27,1.7,1.9,1.7,1.9,316000
2020-11-30,1.9,1.9,1.9,1.9,0
2020-12-01,1.9,1.9,1.9,1.9,0
2020-12-02,1.9,1.9,1.9,1.9,0
2020-12-03,1.9,1.9,1.9,1.9,0
2020-12-04,2.1,2.1,2.1,2.1,100
2020-12-07,2.1,2.1,2.1,2.1,0
2020-12-08,2.1,2.1,2.1,2.1,0
2020-12-09,2.1,2.1,2.1,2.1,0
2020-12-10,2.1,2.1,2.1,2.1,0
2020-12-11,2.4,2.4,2.4,2.4,500
2020-12-14,2.4,2.4,2.4,2.4,0
2020-12-15,2.4,2.4,2.4,2.4,0
2020-12-16,2.4,2.4,2.4,2.4,0
2020-12-17,2.4,2.4,2.4,2.4,0
2020-12-18,2.7,2.7,2.1,2.1,47706
2020-12-21,2.6,2.1,2.1,2.1,0
2020-12-22,2.6,2.1,2.1,2.1,0
2020-12-23,2.6,2.1,2.1,2.1,0
2020-12-24,2.6,2.1,2.1,2.1,0
2020-12-25,2.3,2.8,2.3,2.5,384420
2020-12-28,2.3,2.5,2.5,2.5,0
2020-12-29,2.3,2.5,2.5,2.5,0
2020-12-30,2.3,2.5,2.5,2.5,0
2020-12-31,2.3,2.5,2.5,2.5,0
2021-01-04,2.3,2.5,2.5,2.5,0
2021-01-05,2.3,2.5,2.5,2.5,0
2021-01-06,2.3,2.5,2.5,2.5,0
2021-01-07,2.3,2.3,2.3,2.3,0
2021-01-08,2.0,2.0,2.0,2.0,826
2021-01-11,2.0,2.0,2.0,2.0,0
2021-01-12,2.0,2.0,2.0,2.0,0
2021-01-13,2.0,2.0,2.0,2.0,0
2021-01-14,2.0,2.0,2.0,2.0,0
2021-01-15,1.7,2.0,1.7,1.7,171620
2021-01-18,1.8,1.7,1.7,1.7,0
2021-01-19,1.8,1.7,1.7,1.7,0
2021-01-20,1.8,1.7,1.7,1.7,0
2021-01-21,1.8,1.7,1.7,1.7,0
2021-01-22,2.0,2.0,1.6,1.6,63400
2021-01-25,1.6,1.6,1.6,1.6,0
2021-01-26,1.6,1.6,1.6,1.6,0
2021-01-27,1.6,1.6,1.6,1.6,0
2021-01-28,1.6,1.6,1.6,1.6,0
2021-01-29,1.4,1.4,1.4,1.4,15600
2021-02-01,1.4,1.4,1.4,1.4,0
2021-02-02,1.4,1.4,1.4,1.4,0
2021-02-03,1.4,1.4,1.4,1.4,0
2021-02-04,1.4,1.4,1.4,1.4,0
2021-02-05,1.3,1.6,1.2,1.6,141257
2021-02-08,1.4,1.6,1.6,1.6,0
2021-02-09,1.4,1.6,1.6,1.6,0
2021-02-17,1.4,1.4,1.4,1.4,0
2021-02-18,1.4,1.6,1.6,1.6,0
2021-02-19,1.6,1.6,1.4,1.6,10506
2021-02-22,1.5,1.6,1.6,1.6,0
2021-02-23,1.5,1.6,1.6,1.6,0
2021-02-24,1.5,1.6,1.6,1.6,0
2021-02-25,1.5,1.6,1.6,1.6,0
2021-02-26,1.7,1.7,1.3,1.3,16596
2021-03-01,1.7,1.3,1.3,1.3,0
2021-03-02,1.7,1.3,1.3,1.3,0
2021-03-03,1.7,1.3,1.3,1.3,0
2021-03-04,1.7,1.3,1.3,1.3,0
2021-03-05,1.5,1.7,1.5,1.6,247420
2021-03-08,1.5,1.6,1.6,1.6,0
2021-03-09,1.5,1.6,1.6,1.6,0
2021-03-10,1.5,1.6,1.6,1.6,0
2021-03-11,1.5,1.6,1.6,1.6,0
2021-03-12,1.7,1.7,1.6,1.6,4602
2021-03-15,1.6,1.6,1.6,1.6,0
2021-03-16,1.6,1.6,1.6,1.6,0
2021-03-17,1.6,1.6,1.6,1.6,0
2021-03-18,1.6,1.6,1.6,1.6,0
2021-03-19,1.7,1.7,1.4,1.5,8700
2021-03-22,1.4,1.5,1.5,1.5,0
2021-03-23,1.4,1.5,1.5,1.5,0
2021-03-24,1.4,1.5,1.5,1.5,0
2021-03-25,1.4,1.5,1.5,1.5,0
2021-03-26,1.6,1.6,1.3,1.5,6334
2021-03-29,1.4,1.5,1.5,1.5,0
2021-03-30,1.4,1.5,1.5,1.5,0
2021-03-31,1.4,1.5,1.5,1.5,0
2021-04-01,1.4,1.5,1.5,1.5,0
2021-04-02,1.6,1.6,1.6,1.6,84855
2021-04-05,1.6,1.6,1.6,1.6,0
2021-04-06,1.6,1.6,1.6,1.6,0
2021-04-07,1.6,1.6,1.6,1.6,0
2021-04-08,1.6,1.6,1.6,1.6,0
2021-04-09,1.8,1.8,1.8,1.8,21715
2021-04-12,1.8,1.8,1.8,1.8,0
2021-04-13,1.8,1.8,1.8,1.8,0
2021-04-14,1.8,1.8,1.8,1.8,0
2021-04-15,1.8,1.8,1.8,1.8,0
2021-04-16,2.0,2.0,1.8,2.0,393249
2021-04-19,2.0,2.0,2.0,2.0,0
2021-04-20,2.0,2.0,2.0,2.0,0
2021-04-22,2.0,2.0,2.0,2.0,0
2021-04-23,2.0,2.3,1.8,2.2,43900
2021-04-26,2.0,2.2,2.2,2.2,0
2021-04-27,2.0,2.2,2.2,2.2,0
2021-04-28,2.0,2.2,2.2,2.2,0
2021-04-29,2.0,2.2,2.2,2.2,0
2021-05-04,2.0,2.2,2.2,2.2,0
2021-05-05,2.0,2.2,2.2,2.2,0
2021-05-06,2.0,2.2,2.2,2.2,0
2021-05-07,1.8,2.2,1.8,2.1,327300
2021-05-10,2.1,2.1,2.1,2.1,0
2021-05-11,2.1,2.1,2.1,2.1,0
2021-05-12,2.1,2.1,2.1,2.1,0
2021-05-13,2.1,2.1,2.1,2.1,0
2021-05-14,2.2,2.2,1.9,2.1,9870
2021-05-17,2.1,2.1,2.1,2.1,0
2021-05-18,2.1,2.1,2.1,2.1,0
2021-05-19,2.1,2.1,2.1,2.1,0
2021-05-20,2.1,2.1,2.1,2.1,0
2021-05-21,1.9,1.9,1.9,1.9,642
2021-05-24,1.9,1.9,1.9,1.9,0
2021-05-25,1.9,1.9,1.9,1.9,0
2021-05-26,1.9,1.9,1.9,1.9,0
2021-05-27,1.9,1.9,1.9,1.9,0
2021-05-28,1.8,2.1,1.8,2.1,70600
2021-05-31,2.1,2.1,2.1,2.1,0
2021-06-01,2.1,2.1,2.1,2.1,0
2021-06-02,2.1,2.1,2.1,2.1,0
2021-06-03,2.1,2.1,2.1,2.1,0
2021-06-04,2.0,2.4,2.0,2.4,30116
2021-06-07,2.4,2.4,2.4,2.4,0
2021-06-08,2.4,2.4,2.4,2.4,0
2021-06-09,2.4,2.4,2.4,2.4,0
2021-06-10,2.4,2.4,2.4,2.4,0
2021-06-11,2.6,2.7,2.6,2.6,216104
2021-06-14,2.7,2.6,2.6,2.6,0
2021-06-15,2.7,2.6,2.6,2.6,0
2021-06-16,2.7,2.6,2.6,2.6,0
2021-06-17,2.7,2.6,2.6,2.6,0
2021-06-18,3.0,3.1,3.0,3.1,782243
2021-06-21,3.1,3.1,3.1,3.1,0
2021-06-22,3.1,3.1,3.1,3.1,0
2021-06-23,3.1,3.1,3.1,3.1,0
2021-06-24,3.1,3.1,3.1,3.1,0
2021-06-25,3.1,3.5,2.7,3.3,609316
2021-06-28,3.3,3.3,3.3,3.3,0
2021-06-29,3.3,3.3,3.3,3.3,0
2021-06-30,3.3,3.3,3.3,3.3,0
2021-07-01,3.3,3.3,3.3,3.3,0
2021-07-02,2.9,2.9,2.9,2.9,10600
2021-07-05,2.9,2.9,2.9,2.9,0
2021-07-06,2.9,2.9,2.9,2.9,0
2021-07-07,2.9,2.9,2.9,2.9,0
2021-07-08,2.9,2.9,2.9,2.9,0
2021-07-09,2.5,2.6,2.5,2.5,10700
2021-07-12,2.5,2.5,2.5,2.5,0
2021-07-13,2.5,2.5,2.5,2.5,0
2021-07-14,2.5,2.5,2.5,2.5,0
2021-07-15,2.5,2.5,2.5,2.5,0
2021-07-16,2.2,2.2,2.2,2.2,15000
2021-07-19,2.2,2.2,2.2,2.2,0
2021-07-20,2.2,2.2,2.2,2.2,0
2021-07-21,2.2,2.2,2.2,2.2,0
2021-07-22,2.2,2.2,2.2,2.2,0
2021-07-23,1.9,2.5,1.9,2.5,64600
2021-07-26,2.5,2.5,2.5,2.5,0
2021-07-27,2.5,2.5,2.5,2.5,0
2021-07-28,2.5,2.5,2.5,2.5,0
2021-07-29,2.5,2.5,2.5,2.5,0
2021-07-30,2.8,2.8,2.7,2.7,2100
2021-08-02,2.8,2.8,2.8,2.8,0
2021-08-03,2.8,2.7,2.7,2.7,0
2021-08-04,2.8,2.7,2.7,2.7,0
2021-08-05,2.8,2.7,2.7,2.7,0
2021-08-06,3.2,3.2,3.0,3.1,1535
2021-08-09,3.1,3.1,3.1,3.1,0
2021-08-10,3.1,3.1,3.1,3.1,0
2021-08-11,3.1,3.1,3.1,3.1,0
2021-08-12,3.1,3.1,3.1,3.1,0
2021-08-13,3.4,3.5,2.7,3.2,1401
2021-08-16,3.3,3.2,3.2,3.2,0
2021-08-17,3.3,3.2,3.2,3.2,0
2021-08-18,3.3,3.2,3.2,3.2,0
2021-08-19,3.3,3.2,3.2,3.2,0
2021-08-20,3.3,3.3,3.3,3.3,0
2021-08-23,3.3,3.2,3.2,3.2,0
2021-08-24,3.3,3.2,3.2,3.2,0
2021-08-25,3.3,3.2,3.2,3.2,0
2021-08-26,3.3,3.2,3.2,3.2,0
2021-08-27,3.7,3.7,3.2,3.2,4939
2021-08-30,3.6,3.6,3.6,3.6,0
2021-08-31,3.6,3.6,3.6,3.6,0
2021-09-01,3.6,3.6,3.6,3.6,0
2021-09-06,3.6,3.2,3.2,3.2,0
2021-09-07,3.6,3.2,3.2,3.2,0
2021-09-08,3.6,3.6,3.6,3.6,0
2021-09-09,3.6,3.6,3.6,3.6,0
2021-09-10,3.7,4.1,3.1,3.7,59631
2021-09-13,3.9,3.9,3.9,3.9,0
2021-09-14,3.9,3.9,3.9,3.9,0
2021-09-15,3.9,3.9,3.9,3.9,0
2021-09-16,3.9,3.9,3.9,3.9,0
2021-09-17,3.4,4.4,3.4,4.1,223794
2021-09-20,3.7,3.7,3.7,3.7,0
2021-09-21,3.7,3.7,3.7,3.7,0
2021-09-22,3.7,3.7,3.7,3.7,0
2021-09-23,3.7,3.7,3.7,3.7,0
2021-09-24,4.2,4.2,3.2,4.2,304060
2021-09-27,4.1,4.1,4.1,4.1,0
2021-09-28,4.1,4.1,4.1,4.1,0
2021-09-29,4.1,4.1,4.1,4.1,0
2021-09-30,4.1,4.1,4.1,4.1,0
2021-10-01,3.6,4.1,3.5,3.6,16200
2021-10-04,3.6,3.6,3.6,3.6,0
2021-10-05,3.6,3.6,3.6,3.6,0
2021-10-06,3.6,3.6,3.6,3.6,0
2021-10-07,3.6,3.6,3.6,3.6,0
2021-10-08,4.1,4.1,3.1,4.1,7095
2021-10-11,3.2,3.2,3.2,3.2,0
2021-10-12,3.2,3.2,3.2,3.2,0
2021-10-13,3.2,3.2,3.2,3.2,0
2021-10-14,3.2,3.2,3.2,3.2,0
2021-10-15,3.6,3.6,3.6,3.6,10600
2021-10-18,3.6,3.6,3.6,3.6,0
2021-10-19,3.6,3.6,3.6,3.6,0
2021-10-20,3.6,3.6,3.6,3.6,0
2021-10-21,3.6,3.6,3.6,3.6,0
2021-10-22,4.1,4.1,4.1,4.1,295043
2021-10-25,4.1,4.1,4.1,4.1,0
2021-10-26,4.1,4.1,4.1,4.1,0
2021-10-27,4.1,4.1,4.1,4.1,0
2021-10-28,4.1,4.1,4.1,4.1,0
2021-10-29,4.7,4.7,3.5,3.7,94373
2021-11-01,3.7,3.7,3.7,3.7,0
2021-11-02,3.7,3.7,3.7,3.7,0
2021-11-03,3.7,3.7,3.7,3.7,0
2021-11-04,3.7,3.7,3.7,3.7,0
2021-11-05,3.6,4.2,3.4,4.2,227900
2021-11-08,3.7,3.7,3.7,3.7,0
2021-11-09,3.7,3.7,3.7,3.7,0
2021-11-10,3.7,3.7,3.7,3.7,0
2021-11-11,3.7,3.7,3.7,3.7,0
2021-11-12,4.2,4.2,4.1,4.2,76520
2021-11-15,4.2,4.2,4.2,4.2,0
2021-11-16,4.2,4.2,4.2,4.2,0
2021-11-17,4.2,4.2,4.2,4.2,0
2021-11-18,4.2,4.2,4.2,4.2,0
2021-11-19,4.7,4.8,4.7,4.8,15231
2021-11-22,4.8,4.8,4.8,4.8,0
2021-11-23,4.8,4.8,4.8,4.8,0
2021-11-24,4.8,4.8,4.8,4.8,0
2021-11-25,4.8,4.8,4.8,4.8,0
2021-11-26,5.5,5.5,5.4,5.5,375349
2021-11-29,5.4,5.4,5.4,5.4,0
2021-11-30,5.4,5.4,5.4,5.4,0
2021-12-01,5.4,5.4,5.4,5.4,0
2021-12-02,5.4,5.4,5.4,5.4,0
2021-12-03,6.2,6.2,5.1,5.8,54218
2021-12-06,6.0,6.0,6.0,6.0,0
2021-12-07,6.0,6.0,6.0,6.0,0
2021-12-08,6.0,6.0,6.0,6.0,0
2021-12-09,6.0,6.0,6.0,6.0,0
2021-12-10,5.9,6.2,5.1,5.1,67454
2021-12-13,5.7,5.7,5.7,5.7,0
2021-12-14,5.7,5.7,5.7,5.7,0
2021-12-15,5.7,5.7,5.7,5.7,0
2021-12-16,5.7,5.7,5.7,5.7,0
2021-12-17,5.4,6.4,4.9,6.4,168107
2021-12-20,6.0,6.0,6.0,6.0,0
2021-12-21,6.0,6.0,6.0,6.0,0
2021-12-22,6.0,6.0,6.0,6.0,0
2021-12-23,6.0,6.0,6.0,6.0,0
2021-12-24,6.0,6.9,5.1,5.9,89210
2021-12-27,5.6,5.6,5.6,5.6,0
2021-12-28,5.6,5.6,5.6,5.6,0
2021-12-29,5.6,5.6,5.6,5.6,0
2021-12-30,5.6,5.6,5.6,5.6,0
2021-12-31,5.6,6.3,4.9,6.1,50900
2022-01-04,5.7,5.7,5.7,5.7,0
2022-01-05,5.7,5.7,5.7,5.7,0
2022-01-06,5.7,5.7,5.7,5.7,0
2022-01-07,6.0,6.2,5.6,5.9,62952
2022-01-10,5.7,5.7,5.7,5.7,0
2022-01-11,5.7,5.7,5.7,5.7,0
2022-01-12,5.7,5.7,5.7,5.7,0
2022-01-13,5.7,5.7,5.7,5.7,0
2022-01-14,5.0,5.8,4.9,5.8,6900
2022-01-17,5.1,5.1,5.1,5.1,0
2022-01-18,5.1,5.1,5.1,5.1,0
2022-01-19,5.1,5.1,5.1,5.1,0
2022-01-20,5.1,5.1,5.1,5.1,0
2022-01-21,5.7,5.8,5.1,5.8,80792
2022-01-24,5.7,5.7,5.7,5.7,0
2022-01-25,5.7,5.7,5.7,5.7,0
2022-01-26,5.7,5.7,5.7,5.7,0
2022-01-27,5.7,5.7,5.7,5.7,0
2022-01-28,6.4,6.5,5.2,6.5,112510
2022-02-07,6.4,6.4,6.4,6.4,0
2022-02-08,6.4,6.4,6.4,6.4,0
2022-02-09,6.4,6.4,6.4,6.4,0
2022-02-10,6.4,6.4,6.4,6.4,0
2022-02-11,6.3,7.3,6.3,7.2,69768
2022-02-14,7.0,7.0,7.0,7.0,0
2022-02-15,7.0,7.0,7.0,7.0,0
2022-02-16,7.0,7.0,7.0,7.0,0
2022-02-17,7.0,7.0,7.0,7.0,0
2022-02-18,6.3,7.0,6.3,7.0,26241
2022-02-21,6.7,6.7,6.7,6.7,0
2022-02-22,6.7,6.7,6.7,6.7,0
2022-02-23,6.7,6.7,6.7,6.7,0
2022-02-24,6.7,6.7,6.7,6.7,0
2022-02-25,6.7,7.1,6.7,7.1,840
2022-02-28,7.0,7.0,7.0,7.0,0
2022-03-01,7.0,7.0,7.0,7.0,0
2022-03-02,7.0,7.0,7.0,7.0,0
2022-03-03,7.0,7.0,7.0,7.0,0
2022-03-04,6.1,7.0,6.1,6.9,7350
2022-03-07,6.3,6.3,6.3,6.3,0
2022-03-08,6.3,6.3,6.3,6.3,0
2022-03-09,6.3,6.3,6.3,6.3,0
2022-03-10,6.3,6.3,6.3,6.3,0
2022-03-11,5.9,7.2,5.8,7.2,104157
2022-03-14,7.1,7.1,7.1,7.1,0
2022-03-15,7.1,7.1,7.1,7.1,0
2022-03-16,7.1,7.1,7.1,7.1,0
2022-03-17,7.1,7.1,7.1,7.1,0
2022-03-18,7.7,8.1,7.7,7.9,272281
2022-03-21,8.1,8.1,8.1,8.1,0
2022-03-22,8.1,8.1,8.1,8.1,0
2022-03-23,8.1,8.1,8.1,8.1,0
2022-03-24,8.1,8.1,8.1,8.1,0
2022-03-25,8.1,8.2,7.7,7.7,80579
2022-03-28,8.0,8.0,8.0,8.0,0
2022-03-29,8.0,8.0,8.0,8.0,0
2022-03-30,8.0,8.0,8.0,8.0,0
2022-03-31,8.0,8.0,8.0,8.0,0
2022-04-01,8.0,8.0,7.7,7.8,31207
2022-04-04,7.8,7.8,7.8,7.8,0
2022-04-05,7.8,7.8,7.8,7.8,0
2022-04-06,7.8,7.8,7.8,7.8,0
2022-04-07,7.8,7.8,7.8,7.8,0
2022-04-08,7.7,7.9,7.3,7.8,29060
2022-04-12,7.8,7.8,7.8,7.8,0
2022-04-13,7.8,7.8,7.8,7.8,0
2022-04-14,7.8,7.8,7.8,7.8,0
2022-04-15,7.8,7.8,7.8,7.8,1139
2022-04-18,7.8,7.8,7.8,7.8,0
2022-04-19,7.8,7.8,7.8,7.8,0
2022-04-20,7.8,7.8,7.8,7.8,0
2022-04-21,7.8,7.8,7.8,7.8,0
2022-04-22,8.5,8.9,7.3,8.3,12330
2022-04-25,8.1,8.1,8.1,8.1,0
2022-04-26,8.1,8.1,8.1,8.1,0
2022-04-27,8.1,8.1,8.1,8.1,0
2022-04-28,8.1,8.1,8.1,8.1,0
2022-04-29,8.1,9.3,6.9,7.5,10892
2022-05-04,8.4,8.4,8.4,8.4,0
2022-05-05,8.4,8.4,8.4,8.4,0
2022-05-06,7.4,7.5,7.2,7.5,278709
2022-05-09,7.3,7.3,7.3,7.3,0
2022-05-10,7.3,7.3,7.3,7.3,0
2022-05-11,7.3,7.3,7.3,7.3,0
2022-05-12,7.3,7.3,7.3,7.3,0
2022-05-13,7.8,8.1,7.8,8.1,520
2022-05-16,8.0,8.0,8.0,8.0,0
2022-05-17,8.0,8.0,8.0,8.0,0
2022-05-18,8.0,8.0,8.0,8.0,0
2022-05-19,8.0,8.0,8.0,8.0,0
2022-05-20,8.1,8.1,8.1,8.1,200
2022-05-23,8.1,8.1,8.1,8.1,0
2022-05-24,8.1,8.1,8.1,8.1,0
2022-05-25,8.1,8.1,8.1,8.1,0
2022-05-26,8.1,8.1,8.1,8.1,0
2022-05-27,8.0,8.1,8.0,8.1,66869
2022-05-30,8.1,8.1,8.1,8.1,0
2022-05-31,8.1,8.1,8.1,8.1,0
2022-06-01,8.1,8.1,8.1,8.1,0
2022-06-02,8.1,8.1,8.1,8.1,0
2022-06-03,7.0,8.2,6.9,8.2,32735
2022-06-06,7.4,7.4,7.4,7.4,0
2022-06-07,7.4,7.4,7.4,7.4,0
2022-06-08,7.4,7.4,7.4,7.4,0
2022-06-09,7.4,7.4,7.4,7.4,0
2022-06-10,7.4,7.4,7.4,7.4,0
2022-06-13,7.4,7.4,7.4,7.4,0
2022-06-14,7.4,7.4,7.4,7.4,0
2022-06-15,7.4,7.4,7.4,7.4,0
2022-06-16,7.4,7.4,7.4,7.4,0
2022-06-17,6.3,6.5,6.3,6.5,8700
2022-06-20,6.3,6.3,6.3,6.3,0
2022-06-21,6.3,6.3,6.3,6.3,0
2022-06-22,6.3,6.3,6.3,6.3,0
2022-06-23,6.3,6.3,6.3,6.3,0
2022-06-24,6.3,6.3,6.3,6.3,9500
2022-06-27,6.3,6.3,6.3,6.3,0
2022-06-28,6.3,6.3,6.3,6.3,0
2022-06-29,6.3,6.3,6.3,6.3,0
2022-06-30,6.3,6.3,6.3,6.3,0
2022-07-01,6.3,6.3,6.3,6.3,20
2022-07-04,6.3,6.3,6.3,6.3,0
2022-07-05,6.3,6.3,6.3,6.3,0
2022-07-06,6.3,6.3,6.3,6.3,0
2022-07-07,6.3,6.3,6.3,6.3,0
2022-07-08,5.4,7.2,5.4,7.2,300
2022-07-11,6.0,6.0,6.0,6.0,0
2022-07-12,6.0,6.0,6.0,6.0,0
2022-07-13,6.0,6.0,6.0,6.0,0
2022-07-14,6.0,6.0,6.0,6.0,0
2022-07-15,5.4,6.5,5.3,6.5,9654
2022-07-18,5.8,5.8,5.8,5.8,0
2022-07-19,5.8,5.8,5.8,5.8,0
2022-07-20,5.8,5.8,5.8,5.8,0
2022-07-21,5.8,5.8,5.8,5.8,0
2022-07-22,5.0,5.3,5.0,5.3,3350
2022-07-25,5.3,5.3,5.3,5.3,0
2022-07-26,5.3,5.3,5.3,5.3,0
2022-07-27,5.3,5.3,5.3,5.3,0
2022-07-28,5.3,5.3,5.3,5.3,0
2022-07-29,5.3,5.6,5.3,5.6,7900
2022-08-01,5.5,5.5,5.5,5.5,0
2022-08-02,5.5,5.5,5.5,5.5,0
2022-08-03,5.5,5.5,5.5,5.5,0
2022-08-04,5.5,5.5,5.5,5.5,0
2022-08-05,5.3,5.9,5.3,5.9,2600
2022-08-08,5.3,5.3,5.3,5.3,0
2022-08-09,5.3,5.3,5.3,5.3,0
2022-08-10,5.3,5.3,5.3,5.3,0
2022-08-11,5.3,5.3,5.3,5.3,0
2022-08-12,5.7,5.7,5.6,5.7,1665
2022-08-15,5.7,5.7,5.7,5.7,0
2022-08-16,5.7,5.7,5.7,5.7,0
2022-08-17,5.7,5.7,5.7,5.7,0
2022-08-18,5.7,5.7,5.7,5.7,0
2022-08-19,5.7,5.7,5.7,5.7,570
2022-08-22,5.7,5.7,5.7,5.7,0
2022-08-23,5.7,5.7,5.7,5.7,0
2022-08-24,5.7,5.7,5.7,5.7,0
2022-08-25,5.7,5.7,5.7,5.7,0
2022-08-26,5.6,5.6,5.6,5.6,100
2022-08-29,5.6,5.6,5.6,5.6,0
2022-08-30,5.6,5.6,5.6,5.6,0
2022-08-31,5.6,5.6,5.6,5.6,0
2022-09-05,5.6,5.6,5.6,5.6,0
2022-09-06,5.6,5.6,5.6,5.6,0
2022-09-07,5.6,5.6,5.6,5.6,0
2022-09-08,5.6,5.6,5.6,5.6,0
2022-09-09,6.0,6.4,5.7,5.7,7189
2022-09-12,5.8,5.8,5.8,5.8,0
2022-09-13,5.8,5.8,5.8,5.8,0
2022-09-14,5.8,5.8,5.8,5.8,0
2022-09-15,5.8,5.8,5.8,5.8,0
2022-09-16,5.8,5.8,5.8,5.8,74
2022-09-19,5.8,5.8,5.8,5.8,0
2022-09-20,5.8,5.8,5.8,5.8,0
2022-09-21,5.8,5.8,5.8,5.8,0
2022-09-22,5.8,5.8,5.8,5.8,0
2022-09-23,5.8,5.8,5.8,5.8,161
2022-09-26,5.8,5.8,5.8,5.8,0
2022-09-27,5.8,5.8,5.8,5.8,0
2022-09-28,5.8,5.8,5.8,5.8,0
2022-09-29,5.8,5.8,5.8,5.8,0
2022-09-30,5.8,5.8,5.8,5.8,0
2022-10-03,5.8,5.8,5.8,5.8,0
2022-10-04,5.8,5.8,5.8,5.8,0
2022-10-05,5.8,5.8,5.8,5.8,0
2022-10-06,5.8,5.8,5.8,5.8,0
2022-10-07,5.3,5.7,5.3,5.7,10600
2022-10-10,5.7,5.7,5.7,5.7,0
2022-10-11,5.7,5.7,5.7,5.7,0
2022-10-12,5.7,5.7,5.7,5.7,0
2022-10-13,5.7,5.7,5.7,5.7,0
2022-10-14,5.3,5.6,5.3,5.6,10301
2022-10-17,5.5,5.5,5.5,5.5,0
2022-10-18,5.5,5.5,5.5,5.5,0
2022-10-19,5.5,5.5,5.5,5.5,0
2022-10-20,5.5,5.5,5.5,5.5,0
2022-10-21,5.5,5.5,5.5,5.5,6600
2022-10-24,5.5,5.5,5.5,5.5,0
2022-10-25,5.5,5.5,5.5,5.5,0
2022-10-26,5.5,5.5,5.5,5.5,0
2022-10-27,5.5,5.5,5.5,5.5,0
2022-10-28,5.5,5.5,5.5,5.5,30
2022-10-31,5.5,5.5,5.5,5.5,0
2022-11-01,5.5,5.5,5.5,5.5,0
2022-11-02,5.5,5.5,5.5,5.5,0
2022-11-03,5.5,5.5,5.5,5.5,0
2022-11-04,5.5,5.5,5.5,5.5,0
2022-11-07,5.5,5.5,5.5,5.5,0
2022-11-08,5.5,5.5,5.5,5.5,0
2022-11-09,5.5,5.5,5.5,5.5,0
2022-11-10,5.5,5.5,5.5,5.5,0
2022-11-11,5.5,5.5,5.5,5.5,515
2022-11-14,5.5,5.5,5.5,5.5,0
2022-11-15,5.5,5.5,5.5,5.5,0
2022-11-16,5.5,5.5,5.5,5.5,0
2022-11-17,5.5,5.5,5.5,5.5,0
2022-11-18,5.5,5.5,5.5,5.5,400
2022-11-21,5.5,5.5,5.5,5.5,0
2022-11-22,5.5,5.5,5.5,5.5,0
2022-11-23,5.5,5.5,5.5,5.5,0
2022-11-24,5.5,5.5,5.5,5.5,0
2022-11-25,5.5,5.5,5.5,5.5,49
2022-11-28,5.5,5.5,5.5,5.5,0
2022-11-29,5.5,5.5,5.5,5.5,0
2022-11-30,5.5,5.5,5.5,5.5,0
2022-12-01,5.5,5.5,5.5,5.5,0
2022-12-02,5.5,5.5,5.5,5.5,300
2022-12-05,5.5,5.5,5.5,5.5,0
2022-12-06,5.5,5.5,5.5,5.5,0
2022-12-07,5.5,5.5,5.5,5.5,0
2022-12-08,5.5,5.5,5.5,5.5,0
2022-12-09,5.5,5.5,5.5,5.5,5
2022-12-12,5.5,5.5,5.5,5.5,0
2022-12-13,5.5,5.5,5.5,5.5,0
2022-12-14,5.5,5.5,5.5,5.5,0
2022-12-15,5.5,5.5,5.5,5.5,0
2022-12-16,4.7,6.3,4.7,6.3,778
2022-12-19,6.1,6.1,6.1,6.1,0
2022-12-20,6.1,6.1,6.1,6.1,0
2022-12-21,6.1,6.1,6.1,6.1,0
2022-12-22,6.1,6.1,6.1,6.1,0
2022-12-23,6.1,6.1,6.1,6.1,0
2022-12-26,6.1,6.1,6.1,6.1,0
2022-12-27,6.1,6.1,6.1,6.1,0
2022-12-28,6.1,6.1,6.1,6.1,0
2022-12-29,6.1,6.1,6.1,6.1,0
2022-12-30,6.1,6.1,6.1,6.1,0
2023-01-03,6.1,6.1,6.1,6.1,0
2023-01-04,6.1,6.1,6.1,6.1,0
2023-01-05,6.1,6.1,6.1,6.1,0
2023-01-06,6.1,7.0,6.1,6.5,800
2023-01-09,6.5,6.5,6.5,6.5,0
2023-01-10,6.5,6.5,6.5,6.5,0
2023-01-11,6.5,6.5,6.5,6.5,0
2023-01-12,6.5,6.5,6.5,6.5,0
2023-01-13,7.4,7.4,7.4,7.4,100
2023-01-16,7.4,7.4,7.4,7.4,0
2023-01-17,7.4,7.4,7.4,7.4,0
2023-01-18,7.4,7.4,7.4,7.4,0
2023-01-19,7.4,7.4,7.4,7.4,0
2023-01-27,8.5,8.5,8.5,8.5,100
2023-01-30,8.5,8.5,8.5,8.5,0
2023-01-31,8.5,8.5,8.5,8.5,0
2023-02-01,8.5,8.5,8.5,8.5,0
2023-02-02,8.5,8.5,8.5,8.5,0
2023-02-03,8.9,9.0,8.9,9.0,1514
2023-02-06,8.9,8.9,8.9,8.9,0
2023-02-07,8.9,8.9,8.9,8.9,0
2023-02-08,8.9,8.9,8.9,8.9,0
2023-02-09,8.9,8.9,8.9,8.9,0
2023-02-10,8.3,8.3,8.3,8.3,500
2023-02-13,8.3,8.3,8.3,8.3,0
2023-02-14,8.3,8.3,8.3,8.3,0
2023-02-15,8.3,8.3,8.3,8.3,0
2023-02-16,8.3,8.3,8.3,8.3,0
2023-02-17,8.3,8.3,8.3,8.3,0
2023-02-20,8.3,8.3,8.3,8.3,0
2023-02-21,8.3,8.3,8.3,8.3,0
2023-02-22,8.3,8.3,8.3,8.3,0
2023-02-23,8.3,8.3,8.3,8.3,0
2023-02-24,8.3,8.3,8.3,8.3,0
2023-02-27,8.3,8.3,8.3,8.3,0
2023-02-28,8.3,8.3,8.3,8.3,0
2023-03-01,8.3,8.3,8.3,8.3,0
2023-03-02,8.3,8.3,8.3,8.3,0
2023-03-03,8.3,8.3,8.3,8.3,0
2023-03-06,8.3,8.3,8.3,8.3,0
2023-03-07,8.3,8.3,8.3,8.3,0
2023-03-08,8.3,8.3,8.3,8.3,0
2023-03-09,8.3,8.3,8.3,8.3,0
2023-03-10,8.3,8.3,8.3,8.3,0
2023-03-13,8.3,8.3,8.3,8.3,0
2023-03-14,8.3,8.3,8.3,8.3,0
2023-03-15,8.3,8.3,8.3,8.3,0
2023-03-16,8.3,8.3,8.3,8.3,0
2023-03-17,8.3,8.3,8.3,8.3,0
2023-03-20,8.3,8.3,8.3,8.3,0
2023-03-21,8.3,8.3,8.3,8.3,0
2023-03-22,8.3,8.3,8.3,8.3,0
2023-03-23,8.3,8.3,8.3,8.3,0
2023-03-24,8.3,8.3,8.3,8.3,0
2023-03-27,8.3,8.3,8.3,8.3,0
2023-03-28,8.3,8.3,8.3,8.3,0
2023-03-29,8.3,8.3,8.3,8.3,0
2023-03-30,8.3,8.3,8.3,8.3,0
2023-03-31,8.3,8.3,8.3,8.3,0
2023-04-03,8.3,8.3,8.3,8.3,0
2023-04-04,8.3,8.3,8.3,8.3,0
2023-04-05,8.3,8.3,8.3,8.3,0
2023-04-06,8.3,8.3,8.3,8.3,0
2023-04-07,8.3,8.3,8.3,8.3,0
2023-04-10,8.3,8.3,8.3,8.3,0
2023-04-11,8.3,8.3,8.3,8.3,0
2023-04-12,8.3,8.3,8.3,8.3,0
2023-04-13,8.3,8.3,8.3,8.3,0
2023-04-14,8.3,8.3,8.3,8.3,0
2023-04-17,8.3,8.3,8.3,8.3,0
2023-04-18,8.3,8.3,8.3,8.3,0
2023-04-19,8.3,8.3,8.3,8.3,0
2023-04-20,8.3,8.3,8.3,8.3,0
2023-04-21,8.3,8.3,8.3,8.3,0
2023-04-24,8.3,8.3,8.3,8.3,0
2023-04-25,8.3,8.3,8.3,8.3,0
2023-04-26,8.3,8.3,8.3,8.3,0
2023-04-27,8.3,8.3,8.3,8.3,0
2023-04-28,7.1,7.1,7.1,7.1,1000
2023-05-04,7.1,7.1,7.1,7.1,0
2023-05-05,7.1,7.1,7.1,7.1,1
2023-05-08,7.1,7.1,7.1,7.1,0
2023-05-09,7.1,7.1,7.1,7.1,0
2023-05-10,7.1,7.1,7.1,7.1,0
2023-05-11,7.1,7.1,7.1,7.1,0
2023-05-12,7.1,7.1,7.1,7.1,0
2023-05-15,7.1,7.1,7.1,7.1,0
2023-05-16,7.1,7.1,7.1,7.1,0
2023-05-17,7.1,7.1,7.1,7.1,0
2023-05-18,7.1,7.1,7.1,7.1,0
2023-05-19,7.1,7.1,7.1,7.1,0
2023-05-22,7.1,7.1,7.1,7.1,0
2023-05-23,7.1,7.1,7.1,7.1,0
2023-05-24,7.1,7.1,7.1,7.1,0
2023-05-25,7.1,7.1,7.1,7.1,0
2023-05-26,7.1,7.1,7.1,7.1,0
2023-05-29,7.1,7.1,7.1,7.1,0
2023-05-30,7.1,7.1,7.1,7.1,0
2023-05-31,7.1,7.1,7.1,7.1,0
2023-06-01,7.1,7.1,7.1,7.1,0
2023-06-02,7.1,7.1,7.1,7.1,0
2023-06-05,7.1,7.1,7.1,7.1,0
2023-06-06,7.1,7.1,7.1,7.1,0
2023-06-07,7.1,7.1,7.1,7.1,0
2023-06-08,7.1,7.1,7.1,7.1,0
2023-06-09,7.1,7.1,7.1,7.1,0
2023-06-12,7.1,7.1,7.1,7.1,0
2023-06-13,7.1,7.1,7.1,7.1,0
2023-06-14,7.1,7.1,7.1,7.1,0
2023-06-15,7.1,7.1,7.1,7.1,0
2023-06-16,6.1,6.1,6.1,6.1,4754
2023-06-19,6.1,6.1,6.1,6.1,0
2023-06-20,6.1,6.1,6.1,6.1,0
2023-06-21,6.1,6.1,6.1,6.1,0
2023-06-22,6.1,6.1,6.1,6.1,0
2023-06-23,5.3,5.3,5.3,5.3,607
2023-06-26,5.3,5.3,5.3,5.3,0
2023-06-27,5.3,5.3,5.3,5.3,0
2023-06-28,5.3,5.3,5.3,5.3,0
2023-06-29,5.3,5.3,5.3,5.3,0
2023-06-30,5.3,5.3,5.3,5.3,233
2023-07-03,5.3,5.3,5.3,5.3,0
2023-07-04,5.3,5.3,5.3,5.3,0
2023-07-05,5.3,5.3,5.3,5.3,0
2023-07-06,5.3,5.3,5.3,5.3,0
2023-07-07,4.6,4.6,4.6,4.6,7900
2023-07-10,4.6,4.6,4.6,4.6,0
2023-07-11,4.6,4.6,4.6,4.6,0
2023-07-12,4.6,4.6,4.6,4.6,0
2023-07-13,4.6,4.6,4.6,4.6,0
2023-07-14,4.0,4.6,4.0,4.6,6133
2023-07-17,4.3,4.3,4.3,4.3,0
2023-07-18,4.3,4.3,4.3,4.3,0
2023-07-19,4.3,4.3,4.3,4.3,0
2023-07-20,4.3,4.3,4.3,4.3,0
2023-07-21,4.5,4.5,4.5,4.5,5000
2023-07-24,4.5,4.5,4.5,4.5,0
2023-07-25,4.5,4.5,4.5,4.5,0
2023-07-26,4.5,4.5,4.5,4.5,0
2023-07-27,4.5,4.5,4.5,4.5,0
2023-07-28,4.5,4.8,4.5,4.8,519
2023-07-31,4.7,4.7,4.7,4.7,0
2023-08-01,4.7,4.7,4.7,4.7,0
2023-08-02,4.7,4.7,4.7,4.7,0
2023-08-03,4.7,4.7,4.7,4.7,0
2023-08-04,4.7,5.4,4.7,4.7,14800
2023-08-07,5.3,5.3,5.3,5.3,0
2023-08-08,5.3,5.3,5.3,5.3,0
2023-08-09,5.3,5.3,5.3,5.3,0
2023-08-10,5.3,5.3,5.3,5.3,0
2023-08-11,5.3,5.3,5.3,5.3,0
2023-08-14,5.3,5.3,5.3,5.3,0
2023-08-15,5.3,5.3,5.3,5.3,0
2023-08-16,5.3,5.3,5.3,5.3,0
2023-08-17,5.3,5.3,5.3,5.3,0
2023-08-18,5.3,6.0,5.3,6.0,703
2023-08-21,5.7,5.7,5.7,5.7,0
2023-08-22,5.7,5.7,5.7,5.7,0
2023-08-23,5.7,5.7,5.7,5.7,0
2023-08-24,5.7,5.7,5.7,5.7,0
2023-08-25,5.7,5.7,5.7,5.7,0
2023-08-28,5.7,5.7,5.7,5.7,0
2023-08-29,5.7,5.7,5.7,5.7,0
2023-08-30,5.7,5.7,5.7,5.7,0
2023-08-31,5.7,5.7,5.7,5.7,0
2023-09-05,5.7,5.7,5.7,5.7,0
2023-09-06,5.7,5.7,5.7,5.7,0
2023-09-07,5.7,5.7,5.7,5.7,0
2023-09-08,5.7,5.7,5.7,5.7,0
2023-09-11,5.7,5.7,5.7,5.7,0
2023-09-12,5.7,5.7,5.7,5.7,0
2023-09-13,5.7,5.7,5.7,5.7,0
2023-09-14,5.7,5.7,5.7,5.7,0
2023-09-15,6.5,6.5,6.5,6.5,1134
2023-09-18,6.5,6.5,6.5,6.5,0
2023-09-19,6.5,6.5,6.5,6.5,0
2023-09-20,6.5,6.5,6.5,6.5,0
2023-09-21,6.5,6.5,6.5,6.5,0
2023-09-22,6.5,6.5,6.5,6.5,0
2023-09-25,6.5,6.5,6.5,6.5,0
2023-09-26,6.5,6.5,6.5,6.5,0
2023-09-27,6.5,6.5,6.5,6.5,0
2023-09-28,6.5,6.5,6.5,6.5,0
2023-09-29,5.6,7.4,5.6,7.4,214
2023-10-02,6.5,6.5,6.5,6.5,0
2023-10-03,6.5,6.5,6.5,6.5,0
2023-10-04,6.5,6.5,6.5,6.5,0
2023-10-05,6.5,6.5,6.5,6.5,0
2023-10-06,6.5,6.5,6.5,6.5,0
2023-10-09,6.5,6.5,6.5,6.5,0
2023-10-10,6.5,6.5,6.5,6.5,0
2023-10-11,6.5,6.5,6.5,6.5,0
2023-10-12,6.5,6.5,6.5,6.5,0
2023-10-13,6.5,6.5,6.5,6.5,0
2023-10-16,6.5,6.5,6.5,6.5,0
2023-10-17,6.5,6.5,6.5,6.5,0
2023-10-18,6.5,6.5,6.5,6.5,0
2023-10-19,6.5,6.5,6.5,6.5,0
2023-10-20,6.5,6.5,6.5,6.5,0
2023-10-23,6.5,6.5,6.5,6.5,0
2023-10-24,6.5,6.5,6.5,6.5,0
2023-10-25,6.5,6.5,6.5,6.5,0
2023-10-26,6.5,6.5,6.5,6.5,0
2023-10-27,6.5,6.5,6.5,6.5,0
2023-10-30,6.5,6.5,6.5,6.5,0
2023-10-31,6.5,6.5,6.5,6.5,0
2023-11-01,6.5,6.5,6.5,6.5,0
2023-11-02,6.5,6.5,6.5,6.5,0
2023-11-03,6.5,6.5,6.5,6.5,0
2023-11-06,6.5,6.5,6.5,6.5,0
2023-11-07,6.5,6.5,6.5,6.5,0
2023-11-08,6.5,6.5,6.5,6.5,0
2023-11-09,6.5,6.5,6.5,6.5,0
2023-11-10,6.5,6.5,6.5,6.5,59
2023-11-13,6.5,6.5,6.5,6.5,0
2023-11-14,6.5,6.5,6.5,6.5,0
2023-11-15,6.5,6.5,6.5,6.5,0
2023-11-16,6.5,6.5,6.5,6.5,0
2023-11-17,6.5,6.5,6.5,6.5,0
2023-11-20,6.5,6.5,6.5,6.5,0
2023-11-21,6.5,6.5,6.5,6.5,0
2023-11-22,6.5,6.5,6.5,6.5,0
2023-11-23,6.5,6.5,6.5,6.5,0
2023-11-24,6.5,6.5,6.5,6.5,0
2023-11-27,6.5,6.5,6.5,6.5,0
2023-11-28,6.5,6.5,6.5,6.5,0
2023-11-29,6.5,6.5,6.5,6.5,0
2023-11-30,6.5,6.5,6.5,6.5,0
2023-12-01,7.4,7.4,7.4,7.4,100
2023-12-04,7.4,7.4,7.4,7.4,0
2023-12-05,7.4,7.4,7.4,7.4,0
2023-12-06,7.4,7.4,7.4,7.4,0
2023-12-07,7.4,7.4,7.4,7.4,0
2023-12-08,7.4,7.4,7.4,7.4,0
2023-12-11,7.4,7.4,7.4,7.4,0
2023-12-12,7.4,7.4,7.4,7.4,0
2023-12-13,7.4,7.4,7.4,7.4,0
2023-12-14,7.4,7.4,7.4,7.4,0
2023-12-15,7.4,7.4,7.4,7.4,0
2023-12-18,7.4,7.4,7.4,7.4,0
2023-12-19,7.4,7.4,7.4,7.4,0
2023-12-20,7.4,7.4,7.4,7.4,0
2023-12-21,7.4,7.4,7.4,7.4,0
2023-12-22,7.4,7.4,7.4,7.4,0
2023-12-25,7.4,7.4,7.4,7.4,0
2023-12-26,7.4,7.4,7.4,7.4,0
2023-12-27,7.4,7.4,7.4,7.4,0
2023-12-28,7.4,7.4,7.4,7.4,0
2023-12-29,7.4,7.4,7.4,7.4,0
2024-01-02,7.4,7.4,7.4,7.4,0
2024-01-03,7.4,7.4,7.4,7.4,0
2024-01-04,7.4,7.4,7.4,7.4,0
2024-01-05,7.4,7.4,7.4,7.4,0
2024-01-08,7.4,7.4,7.4,7.4,0
2024-01-09,7.4,7.4,7.4,7.4,0
2024-01-10,7.4,7.4,7.4,7.4,0
2024-01-11,7.4,7.4,7.4,7.4,0
2024-01-12,7.4,7.4,7.4,7.4,0
2024-01-15,7.4,7.4,7.4,7.4,0
2024-01-16,7.4,7.4,7.4,7.4,0
2024-01-17,7.4,7.4,7.4,7.4,0
2024-01-18,7.4,7.4,7.4,7.4,0
2024-01-19,7.4,7.4,7.4,7.4,0
2024-01-22,7.4,7.4,7.4,7.4,0
2024-01-23,7.4,7.4,7.4,7.4,0
2024-01-24,7.4,7.4,7.4,7.4,0
2024-01-25,7.4,7.4,7.4,7.4,0
2024-01-26,7.4,7.4,7.4,7.4,0
2024-01-29,7.4,7.4,7.4,7.4,0
2024-01-30,7.4,7.4,7.4,7.4,0
2024-01-31,7.4,7.4,7.4,7.4,0
2024-02-01,7.4,7.4,7.4,7.4,0
2024-02-02,7.4,7.4,7.4,7.4,0
2024-02-05,7.4,7.4,7.4,7.4,0
2024-02-06,7.4,7.4,7.4,7.4,0
2024-02-07,7.4,7.4,7.4,7.4,0
2024-02-15,7.4,7.4,7.4,7.4,0
2024-02-16,7.4,7.4,7.4,7.4,0
2024-02-19,7.4,7.4,7.4,7.4,0
2024-02-20,7.4,7.4,7.4,7.4,0
2024-02-21,7.4,7.4,7.4,7.4,0
2024-02-22,7.4,7.4,7.4,7.4,0
2024-02-23,7.4,8.5,7.4,8.5,201
2024-02-26,8.0,8.0,8.0,8.0,0
2024-02-27,8.0,8.0,8.0,8.0,0
2024-02-28,8.0,8.0,8.0,8.0,0
2024-02-29,8.0,8.0,8.0,8.0,0
2024-03-01,8.0,8.0,8.0,8.0,0
2024-03-04,8.0,8.0,8.0,8.0,0
2024-03-05,8.0,8.0,8.0,8.0,0
2024-03-06,8.0,8.0,8.0,8.0,0
2024-03-07,8.0,8.0,8.0,8.0,0
2024-03-08,6.8,6.8,6.8,6.8,100
2024-03-11,6.8,6.8,6.8,6.8,0
2024-03-12,6.8,6.8,6.8,6.8,0
2024-03-13,6.8,6.8,6.8,6.8,0
2024-03-14,6.8,6.8,6.8,6.8,0
2024-03-15,5.8,5.8,5.8,5.8,2421
2024-03-18,5.8,5.8,5.8,5.8,0
2024-03-19,5.8,5.8,5.8,5.8,0
2024-03-20,5.8,5.8,5.8,5.8,0
2024-03-21,5.8,5.8,5.8,5.8,0
2024-03-22,5.0,5.0,5.0,5.0,969
2024-03-25,5.0,5.0,5.0,5.0,0
2024-03-26,5.0,5.0,5.0,5.0,0
2024-03-27,5.0,5.0,5.0,5.0,0
2024-03-28,5.0,5.0,5.0,5.0,0
2024-03-29,5.7,5.7,5.7,5.7,100
2024-04-01,5.7,5.7,5.7,5.7,0
2024-04-02,5.7,5.7,5.7,5.7,0
2024-04-03,5.7,5.7,5.7,5.7,0
2024-04-04,5.7,5.7,5.7,5.7,0
2024-04-05,5.7,6.5,5.7,6.5,4001
2024-04-08,6.3,6.3,6.3,6.3,0
2024-04-09,6.3,6.3,6.3,6.3,0
2024-04-10,6.3,6.3,6.3,6.3,0
2024-04-11,6.3,6.3,6.3,6.3,0
2024-04-12,5.4,5.4,5.4,5.4,200010
2024-04-15,5.4,5.4,5.4,5.4,0
2024-04-16,5.4,5.4,5.4,5.4,0
2024-04-17,5.4,5.4,5.4,5.4,0
2024-04-19,4.6,6.0,4.6,5.9,1567219
2024-04-22,4.6,4.6,4.6,4.6,0
2024-04-23,4.6,4.6,4.6,4.6,0
2024-04-24,4.6,4.6,4.6,4.6,0
2024-04-25,4.6,4.6,4.6,4.6,0
2024-04-26,5.2,5.2,5.1,5.1,43000
2024-05-02,5.1,5.1,5.1,5.1,0
2024-05-03,5.5,5.5,5.3,5.4,71354
2024-05-06,5.4,5.4,5.4,5.4,0
2024-05-07,5.4,5.4,5.4,5.4,0
2024-05-08,5.4,5.4,5.4,5.4,0
2024-05-09,5.4,5.4,5.4,5.4,0
2024-05-10,5.2,5.4,4.6,5.3,436613
2024-05-13,5.4,5.4,5.4,5.4,0
2024-05-14,5.4,5.4,5.4,5.4,0
2024-05-15,5.4,5.4,5.4,5.4,0
2024-05-16,5.4,5.4,5.4,5.4,0
2024-05-17,5.4,5.4,5.4,5.4,0
2024-05-20,5.4,5.4,5.4,5.4,0
2024-05-21,5.4,5.4,5.4,5.4,0
2024-05-22,5.4,5.4,5.4,5.4,0
2024-05-23,5.4,5.4,5.4,5.4,0
2024-05-24,5.4,5.5,4.6,4.6,5310
2024-05-27,5.1,5.1,5.1,5.1,0
2024-05-28,5.1,5.1,5.1,5.1,0
2024-05-29,5.1,5.1,5.1,5.1,0
2024-05-30,5.1,5.1,5.1,5.1,0
2024-05-31,4.4,4.4,4.4,4.4,3200
2024-06-03,4.4,4.4,4.4,4.4,0
2024-06-04,4.4,4.4,4.4,4.4,0
2024-06-05,4.4,4.4,4.4,4.4,0
2024-06-06,4.4,4.4,4.4,4.4,0
2024-06-07,4.4,5.0,4.4,5.0,1404
2024-06-10,4.8,4.8,4.8,4.8,0
2024-06-11,4.8,4.8,4.8,4.8,0
2024-06-12,4.8,4.8,4.8,4.8,0
2024-06-13,4.8,4.8,4.8,4.8,0
2024-06-14,5.4,5.4,4.1,5.3,8002
2024-06-17,5.0,5.0,5.0,5.0,0
2024-06-18,5.0,5.0,5.0,5.0,0
2024-06-19,5.0,5.0,5.0,5.0,0
2024-06-20,5.0,5.0,5.0,5.0,0
2024-06-21,4.3,5.5,4.3,5.5,6600
2024-06-24,5.4,5.4,5.4,5.4,0
2024-06-25,5.4,5.4,5.4,5.4,0
2024-06-26,5.4,5.4,5.4,5.4,0
2024-06-27,5.4,5.4,5.4,5.4,0
2024-06-28,5.4,5.4,5.4,5.4,0
2024-07-01,5.4,5.4,5.4,5.4,0
2024-07-02,5.4,5.4,5.4,5.4,0
2024-07-03,5.4,5.4,5.4,5.4,0
2024-07-04,5.4,5.4,5.4,5.4,0
2024-07-05,4.6,5.4,4.6,5.4,900
2024-07-08,4.7,4.7,4.7,4.7,0
2024-07-09,4.7,4.7,4.7,4.7,0
2024-07-10,4.7,4.7,4.7,4.7,0
2024-07-11,4.7,4.7,4.7,4.7,0
2024-07-12,4.2,5.3,4.0,5.3,7200
2024-07-15,4.7,4.7,4.7,4.7,0
2024-07-16,4.7,4.7,4.7,4.7,0
2024-07-17,4.7,4.7,4.7,4.7,0
2024-07-18,4.7,4.7,4.7,4.7,0
2024-07-19,5.3,5.3,5.3,5.3,7024
2024-07-22,5.3,5.3,5.3,5.3,0
2024-07-23,5.3,5.3,5.3,5.3,0
2024-07-24,5.3,5.3,5.3,5.3,0
2024-07-25,5.3,5.3,5.3,5.3,0
2024-07-26,5.9,5.9,5.9,5.9,13700
2024-08-09,5.5,5.9,5.1,5.9,2800
2024-08-30,5.7,5.7,5.7,5.7,2700
2024-09-13,5.6,5.6,5.6,5.6,196100
2024-09-20,4.8,5.5,4.8,5.5,800
2024-10-04,4.6,4.6,4.6,4.6,1500
2024-10-11,5.2,5.2,4.0,4.0,6900
2024-10-25,5.2,5.2,5.2,5.2,800
2024-11-01,4.4,4.7,4.4,4.7,300
2024-11-08,4.6,4.6,4.6,4.6,200
2024-11-15,5.1,5.2,4.0,5.0,8200
2024-11-22,4.7,5.1,4.0,5.1,210800
2024-11-29,5.3,5.4,5.3,5.4,300
2024-12-06,5.8,5.8,4.7,4.7,102400
2024-12-13,5.2,5.2,5.2,5.2,100
2024-12-20,4.7,4.7,4.5,4.7,128200
2024-12-27,5.0,5.0,5.0,5.0,100
2025-01-03,5.3,5.3,5.3,5.3,2100
2025-01-10,4.5,5.2,4.5,5.1,14100
2025-01-17,5.2,5.2,4.2,5.1,1100
2025-01-24,5.1,5.2,4.2,5.0,4400
2025-02-07,4.2,5.2,4.2,4.9,4800
2025-02-14,4.4,4.9,4.4,4.9,1700
2025-02-21,5.0,5.0,4.1,4.9,31400
2025-02-28,4.7,4.8,4.7,4.8,4800
2025-03-07,4.3,5.4,4.3,5.1,10900
2025-03-14,5.0,5.0,4.6,5.0,5200
2025-03-21,4.9,4.9,4.5,4.9,8000
2025-03-28,4.8,4.8,4.2,4.7,34200
2025-04-04,5.3,5.3,4.9,4.9,2600
2025-04-11,5.9,5.9,4.5,5.8,56100
2025-04-18,5.0,5.0,4.7,4.7,92500
2025-04-25,4.7,4.7,4.7,4.7,80000
2025-05-09,4.7,4.7,4.6,4.6,70000
2025-05-16,4.7,4.8,4.7,4.8,200100
2025-05-23,4.9,5.0,4.1,4.1,2200
2025-05-30,4.8,4.8,4.8,4.8,100
2025-06-06,4.7,4.7,4.1,4.1,26100
2025-06-13,4.7,4.7,4.0,4.4,3200
2025-06-20,4.4,4.6,4.4,4.6,9000
2025-06-27,4.7,4.7,4.7,4.7,4000
2025-07-04,4.7,4.7,4.0,4.0,107700
2025-07-11,4.0,4.7,3.8,4.1,47000
2025-07-18,4.4,4.5,3.8,3.9,125900
2025-07-25,4.4,4.5,4.0,4.0,30400
2025-08-01,4.4,4.4,3.9,4.3,98600
2025-08-08,3.8,4.3,3.8,3.8,400
2025-08-15,4.1,4.2,3.4,3.4,16500
2025-08-22,3.5,4.1,3.4,3.5,28500
2025-08-29,3.8,4.1,3.4,3.7,6400
2025-09-05,3.4,3.9,3.4,3.9,8600
2025-09-12,3.8,4.0,3.5,3.5,642800
2025-09-19,3.9,4.3,3.4,3.6,391800
2025-09-26,3.6,4.0,3.6,4.0,2100
2025-10-10,4.0,4.0,3.9,3.9,26400
