time,open,high,low,close,volume
2006-12-01,6.69,6.69,5.89,6.35,8500
2006-12-04,6.26,6.35,6.12,6.35,7900
2006-12-05,6.0,6.0,6.0,6.0,100
2006-12-06,5.77,5.77,5.77,5.77,500
2006-12-07,5.75,5.77,5.75,5.77,3400
2006-12-08,5.89,5.89,5.72,5.77,4200
2006-12-11,5.75,6.0,5.75,6.0,5400
2006-12-12,5.86,5.86,5.86,5.86,1300
2006-12-13,6.0,6.23,5.86,5.86,3500
2006-12-14,5.98,5.98,5.86,5.98,2000
2006-12-15,5.96,6.0,5.77,5.77,12300
2006-12-18,6.0,6.0,5.77,5.77,400
2006-12-19,5.77,5.82,5.77,5.77,3200
2006-12-20,5.82,5.89,5.82,5.89,6500
2006-12-21,5.82,5.82,5.72,5.77,4500
2006-12-22,5.77,5.77,5.77,5.77,2500
2006-12-25,5.77,5.77,5.77,5.77,600
2006-12-26,5.54,5.54,5.54,5.54,2500
2006-12-27,5.61,5.66,5.54,5.66,1200
2006-12-28,5.66,5.66,5.66,5.66,700
2006-12-29,5.66,5.77,5.1,5.77,9100
2007-01-02,5.72,5.72,5.68,5.77,700
2007-01-03,5.68,5.68,5.68,5.68,1700
2007-01-04,5.66,5.68,5.42,5.42,15400
2007-01-05,5.42,5.66,5.42,5.66,11100
2007-01-08,5.63,5.63,5.19,5.19,1900
2007-01-09,5.54,5.54,5.54,5.54,4000
2007-01-10,5.54,5.77,5.54,5.77,4800
2007-01-11,5.77,5.89,5.77,5.89,7000
2007-01-12,5.89,6.0,5.86,6.0,4900
2007-01-15,6.46,6.46,6.35,6.46,18400
2007-01-16,7.04,7.04,6.97,7.04,24500
2007-01-17,7.73,7.73,7.04,7.04,31000
2007-01-18,6.93,7.04,6.93,6.93,6900
2007-01-19,6.76,6.93,6.76,6.93,7100
2007-01-22,6.81,6.86,6.58,6.93,4800
2007-01-23,6.74,6.74,6.58,6.74,2200
2007-01-24,6.69,6.69,6.46,6.51,4400
2007-01-25,6.51,6.51,6.51,6.51,0
2007-01-26,6.46,6.46,6.46,6.46,4000
2007-01-29,6.46,6.46,6.23,6.46,5100
2007-01-30,6.46,6.51,6.46,6.46,4300
2007-01-31,6.58,6.69,6.46,6.46,11500
2007-02-01,6.46,6.74,6.46,6.56,5700
2007-02-02,6.58,6.58,6.23,6.46,7900
2007-02-05,6.12,6.58,6.0,6.51,7300
2007-02-06,6.46,6.58,6.23,6.46,14500
2007-02-07,6.46,6.69,6.46,6.58,9800
2007-02-08,6.93,6.93,6.65,6.88,23700
2007-02-09,6.97,7.53,6.69,7.53,46500
2007-02-12,7.89,7.89,7.89,7.89,3900
2007-02-13,8.68,8.68,8.68,8.68,17500
2007-02-14,9.53,9.53,8.77,9.46,37500
2007-02-15,9.35,9.7,9.0,9.23,16300
2007-02-26,9.23,9.81,9.0,9.81,19000
2007-02-27,10.39,10.48,10.27,10.48,22000
2007-02-28,11.5,11.5,10.39,11.4,31700
2007-03-01,11.66,11.82,10.39,11.22,14500
2007-03-02,11.29,11.54,10.99,11.22,11500
2007-03-05,11.31,11.66,10.73,10.85,17000
2007-03-06,11.54,11.54,11.31,11.54,26500
2007-03-07,12.47,12.53,11.77,12.53,26300
2007-03-08,13.74,13.74,13.74,13.74,9500
2007-03-09,15.1,15.1,15.1,15.1,13800
2007-03-12,16.6,16.6,16.6,16.6,27200
2007-03-13,18.24,18.24,15.7,15.7,12700
2007-03-14,15.7,15.7,14.96,15.7,5400
2007-03-15,13.5,13.5,13.5,13.5,12200
2007-03-16,13.39,14.77,12.3,13.74,17500
2007-03-19,14.73,14.73,14.31,14.73,17500
2007-03-20,16.16,16.16,14.54,14.73,26800
2007-03-21,13.85,15.7,13.85,14.54,11100
2007-03-22,14.31,14.31,13.85,13.85,16800
2007-03-23,13.39,13.69,13.16,13.39,10200
2007-03-26,13.16,13.5,12.7,13.39,12700
2007-03-27,13.16,13.16,11.89,13.39,9200
2007-03-28,12.0,12.0,11.4,12.0,14400
2007-03-29,12.7,12.88,12.7,12.88,4400
2007-03-30,13.85,14.1,13.2,12.88,20300
2007-04-02,14.54,14.54,12.7,13.85,1300
2007-04-03,13.39,13.39,12.58,12.7,1700
2007-04-04,12.7,13.85,12.7,13.85,7300
2007-04-05,13.62,13.62,12.7,12.7,4900
2007-04-06,12.93,12.93,12.47,12.7,6300
2007-04-09,12.7,12.7,11.54,12.58,800
2007-04-10,12.58,12.7,11.2,12.47,7200
2007-04-11,12.47,12.77,12.23,12.7,5000
2007-04-12,12.35,12.35,12.0,12.0,2700
2007-04-13,11.77,12.28,11.77,12.23,10300
2007-04-16,12.07,12.07,10.9,10.9,2900
2007-04-17,10.9,10.9,10.9,10.9,0
2007-04-18,10.09,12.0,10.09,11.54,4900
2007-04-19,11.57,11.57,11.2,11.2,2100
2007-04-20,10.39,10.39,10.39,10.39,1000
2007-04-23,10.27,10.27,9.35,9.35,4600
2007-04-24,9.93,9.93,9.93,9.93,1100
2007-04-25,9.93,9.93,9.46,9.7,3500
2007-05-02,9.93,9.93,9.93,9.93,500
2007-05-03,9.81,9.81,9.81,9.81,300
2007-05-04,9.7,9.83,9.7,9.83,1200
2007-05-07,9.0,9.12,9.0,9.12,1300
2007-05-08,9.46,9.97,9.46,9.97,900
2007-05-09,10.39,10.62,10.11,10.62,4400
2007-05-10,10.73,10.73,10.5,10.5,2600
2007-05-11,10.5,10.62,10.39,10.39,1100
2007-05-14,10.57,10.57,10.57,10.57,400
2007-05-15,10.6,10.62,9.97,9.97,300
2007-05-16,10.5,10.62,9.7,9.7,1500
2007-05-17,10.39,10.39,10.39,10.39,100
2007-05-18,10.39,10.39,9.93,9.93,700
2007-05-21,9.81,10.27,9.65,9.65,3300
2007-05-22,9.93,9.93,9.9,9.9,900
2007-05-23,10.39,10.39,10.16,10.39,3200
2007-05-24,10.16,10.62,9.7,9.7,1700
2007-05-25,10.16,10.16,10.16,10.16,300
2007-05-28,10.16,10.16,10.16,10.16,0
2007-05-29,9.46,9.46,9.23,9.23,400
2007-05-30,9.7,10.23,9.7,10.16,9900
2007-05-31,10.0,10.62,10.0,10.16,5400
2007-06-01,10.36,10.39,10.2,10.2,3800
2007-06-04,10.04,10.04,10.04,10.04,200
2007-06-05,9.7,10.27,9.7,10.04,2000
2007-06-06,10.06,10.06,9.93,9.93,4100
2007-06-07,9.46,10.39,9.46,10.39,13300
2007-06-08,10.27,10.39,10.23,10.36,7700
2007-06-11,10.04,10.39,10.04,10.39,11800
2007-06-12,10.04,10.39,10.04,10.27,5300
2007-06-13,10.62,10.62,10.16,10.16,6000
2007-06-14,10.16,10.16,10.16,10.16,500
2007-06-15,10.16,10.2,10.16,10.16,4100
2007-06-18,10.16,10.18,10.16,10.18,3500
2007-06-19,10.16,10.16,10.04,10.04,4000
2007-06-20,10.16,10.16,10.16,10.16,2500
2007-06-21,9.93,9.93,9.93,9.93,300
2007-06-22,9.93,9.93,9.93,9.93,2700
2007-06-25,9.93,9.93,9.93,9.93,600
2007-06-26,9.81,9.93,9.46,9.93,2100
2007-06-27,10.85,10.85,10.16,10.62,4100
2007-06-28,9.93,10.57,9.93,10.57,2100
2007-06-29,10.39,10.62,10.16,10.16,2300
2007-07-02,9.93,9.93,9.93,9.81,1200
2007-07-03,9.93,9.9,9.9,9.9,0
2007-07-04,9.46,9.7,9.46,9.74,1500
2007-07-05,9.46,9.46,9.46,9.46,2000
2007-07-06,9.46,9.46,9.46,9.46,0
2007-07-09,9.46,9.46,9.0,9.23,1900
2007-07-10,9.23,9.7,9.23,9.23,4600
2007-07-11,9.23,9.46,9.23,9.35,1500
2007-07-12,9.46,9.46,9.46,9.46,200
2007-07-13,9.46,9.46,9.46,9.46,0
2007-07-16,9.46,9.46,9.46,9.46,2500
2007-07-17,9.46,9.46,9.46,9.46,600
2007-07-18,9.46,9.46,9.46,9.46,1600
2007-07-19,9.46,9.46,9.46,9.46,0
2007-07-20,9.46,9.46,9.46,9.46,100
2007-07-23,9.46,9.46,9.46,9.46,700
2007-07-24,9.46,9.46,9.46,9.46,0
2007-07-25,8.77,9.46,8.77,9.35,600
2007-07-26,8.77,9.23,8.77,9.23,800
2007-07-27,9.23,9.23,9.0,9.0,700
2007-07-30,8.31,9.0,8.31,8.89,1000
2007-07-31,8.31,8.31,8.08,8.08,500
2007-08-01,8.08,8.08,8.08,8.08,3100
2007-08-02,8.08,8.08,8.08,8.08,1000
2007-08-03,8.08,8.08,8.08,8.08,400
2007-08-06,8.31,8.31,8.31,8.19,2100
2007-08-07,8.31,8.19,8.19,8.19,0
2007-08-08,8.08,8.31,8.08,8.31,4100
2007-08-09,8.31,8.54,8.31,8.43,2100
2007-08-10,8.31,8.54,8.31,8.33,1500
2007-08-13,8.54,8.54,8.54,8.54,2900
2007-08-14,9.23,9.46,9.0,9.0,3600
2007-08-15,9.0,9.23,9.0,9.05,3000
2007-08-16,8.77,9.0,8.77,8.82,1900
2007-08-17,9.0,9.0,9.0,8.91,300
2007-08-20,9.23,9.23,9.23,9.12,200
2007-08-21,9.23,9.23,9.23,9.26,300
2007-08-22,9.23,9.23,8.77,8.77,3300
2007-08-23,9.0,9.0,9.0,9.0,1000
2007-08-24,9.0,9.0,8.77,8.77,1100
2007-08-27,8.77,8.77,8.77,8.82,200
2007-08-28,8.54,8.54,8.54,8.54,500
2007-08-29,8.54,8.54,8.54,8.43,2100
2007-08-30,8.54,8.54,8.54,8.43,1100
2007-08-31,8.54,8.54,8.54,8.43,500
2007-09-04,8.54,8.43,8.43,8.43,0
2007-09-05,8.31,8.31,8.31,8.31,1000
2007-09-06,8.54,8.54,8.54,8.43,500
2007-09-07,8.77,8.77,8.77,8.66,100
2007-09-10,8.66,8.66,8.66,8.66,600
2007-09-11,8.77,9.0,8.31,8.89,5100
2007-09-12,8.7,9.46,8.7,9.46,6000
2007-09-13,9.35,9.46,9.35,9.37,1900
2007-09-14,9.37,9.37,9.37,9.37,0
2007-09-17,9.23,9.35,9.23,9.23,2000
2007-09-18,9.35,9.46,8.54,8.54,8600
2007-09-19,9.23,10.04,9.23,10.04,14800
2007-09-20,10.85,10.85,9.93,9.93,22600
2007-09-21,10.92,10.92,10.11,10.11,2300
2007-09-24,10.16,10.16,9.72,10.16,7400
2007-09-25,10.16,10.94,9.93,10.62,7000
2007-09-26,10.36,10.43,10.34,10.39,6300
2007-09-27,10.5,11.38,10.5,11.38,31000
2007-09-28,12.21,12.21,12.21,12.21,14500
2007-10-01,13.41,13.41,12.7,13.32,41100
2007-10-02,14.64,14.64,13.39,13.62,21200
2007-10-03,13.85,14.31,13.27,13.5,20500
2007-10-04,13.85,14.47,13.48,14.31,36900
2007-10-05,13.85,13.85,13.53,13.85,27300
2007-10-08,15.12,15.12,13.62,13.97,31600
2007-10-09,14.31,14.77,14.08,14.29,17900
2007-10-10,13.39,14.06,13.39,13.97,10600
2007-10-11,14.31,14.54,13.97,14.52,27700
2007-10-12,14.77,14.77,14.31,14.61,50300
2007-10-15,16.07,16.07,14.8,16.07,40400
2007-10-16,17.47,17.47,17.47,17.47,49900
2007-10-17,19.21,19.21,18.01,18.47,96600
2007-10-18,19.16,19.16,17.01,17.01,27000
2007-10-19,17.22,18.93,17.22,18.93,100400
2007-10-22,20.64,20.64,20.64,20.64,28500
2007-10-23,22.69,22.69,22.69,22.69,117500
2007-10-24,24.95,24.95,24.95,24.95,47400
2007-10-25,27.45,27.45,27.45,27.45,21000
2007-10-26,30.17,30.17,24.72,27.24,157700
2007-10-29,27.7,30.93,25.35,25.62,111700
2007-10-30,24.82,26.55,24.82,24.82,84100
2007-10-31,22.48,26.2,22.48,26.09,102700
2007-11-01,15.65,15.65,15.65,15.65,2400
2007-11-02,17.2,17.2,17.2,17.2,6200
2007-11-05,18.91,18.91,15.81,15.93,55900
2007-11-06,16.04,16.04,15.03,15.47,26200
2007-11-07,15.12,16.16,15.0,15.47,22200
2007-11-08,15.58,15.58,14.08,14.29,20700
2007-11-09,13.85,13.92,13.0,13.5,18400
2007-11-12,12.93,13.5,12.26,12.26,13900
2007-11-13,11.77,11.77,11.31,11.31,9200
2007-11-14,10.27,12.51,10.27,12.51,15800
2007-11-15,13.62,13.62,12.67,12.93,14600
2007-11-16,13.16,13.55,12.93,13.04,18500
2007-11-19,13.39,13.39,13.16,13.16,12100
2007-11-20,13.27,13.3,12.97,13.25,6100
2007-11-21,12.23,12.7,12.0,12.58,7800
2007-11-22,12.93,13.39,12.93,13.04,17800
2007-11-23,13.39,13.39,12.81,13.11,2800
2007-11-26,12.23,12.93,12.23,12.7,6200
2007-11-27,12.79,12.93,12.7,12.7,14800
2007-11-28,12.72,12.81,12.58,12.7,8100
2007-11-29,13.04,13.04,12.7,12.7,2500
2007-11-30,12.81,12.81,12.7,12.7,500
2007-12-03,12.81,13.16,12.81,12.93,10700
2007-12-04,13.5,13.62,13.39,13.62,18100
2007-12-05,13.85,13.85,13.16,13.62,15200
2007-12-06,13.85,13.85,12.93,13.27,4600
2007-12-07,13.16,13.39,13.16,13.2,6700
2007-12-10,13.41,13.85,12.7,12.93,10000
2007-12-11,12.7,12.7,12.23,12.23,15100
2007-12-12,12.7,12.83,12.47,12.77,13200
2007-12-13,12.93,13.04,12.14,12.47,6300
2007-12-14,12.26,12.26,12.12,12.23,5000
2007-12-17,12.23,12.23,11.08,11.08,2000
2007-12-18,11.33,12.21,11.33,12.21,1700
2007-12-19,12.7,13.34,12.53,12.58,4700
2007-12-20,13.6,13.6,12.47,13.27,800
2007-12-21,11.54,12.7,11.54,13.27,2400
2007-12-24,12.23,12.58,12.23,12.47,6000
2007-12-25,12.47,12.47,12.23,12.23,2000
2007-12-26,12.58,12.7,12.47,12.58,4400
2007-12-27,12.58,12.58,12.58,12.58,0
2007-12-28,12.23,12.23,11.57,12.0,2400
2008-01-02,12.12,12.23,12.0,12.23,2700
2008-01-03,12.12,12.12,12.12,12.12,200
2008-01-04,10.92,11.54,10.92,11.54,3500
2008-01-07,11.06,11.54,11.06,11.54,300
2008-01-08,11.54,11.77,11.52,11.52,4100
2008-01-09,11.66,11.66,10.85,10.85,3100
2008-01-10,10.25,10.25,10.25,10.25,2100
2008-01-11,9.23,10.62,9.23,10.39,5500
2008-01-14,9.26,9.7,9.21,9.23,10000
2008-01-15,8.54,8.89,8.54,8.54,5000
2008-01-16,9.56,9.56,9.56,9.56,800
2008-01-17,10.5,10.5,9.7,9.93,17100
2008-01-18,10.16,10.62,10.16,10.62,4200
2008-01-21,11.2,11.2,10.39,10.85,1800
2008-01-22,10.73,10.73,10.6,10.6,2500
2008-01-23,10.85,10.85,9.58,9.58,800
2008-01-24,10.16,10.16,9.0,9.46,8200
2008-01-25,9.46,9.7,9.46,9.6,6400
2008-01-28,9.46,9.72,9.46,9.46,5700
2008-01-29,9.58,10.39,9.58,10.39,7300
2008-01-30,10.16,11.1,10.16,11.08,6700
2008-01-31,11.77,11.77,10.71,11.77,20700
2008-02-01,12.53,12.53,12.53,12.53,5300
2008-02-12,13.78,13.78,13.78,13.78,3600
2008-02-13,15.14,15.14,15.14,15.14,53900
2008-02-14,16.62,16.64,14.31,14.89,129300
2008-02-15,14.5,14.77,13.78,14.31,38500
2008-02-18,13.2,13.85,12.95,13.5,13800
2008-02-19,13.74,14.08,13.39,13.71,20100
2008-02-20,14.08,14.08,12.47,12.47,14000
2008-02-21,11.77,11.77,11.47,11.47,8200
2008-02-22,10.36,12.47,10.36,11.77,31200
2008-02-25,11.93,11.93,11.93,11.93,9000
2008-02-26,13.04,13.11,10.85,11.43,22000
2008-02-27,11.31,12.23,11.31,12.0,17900
2008-02-28,12.47,12.47,11.54,11.77,7100
2008-02-29,11.77,12.35,11.57,11.82,20800
2008-03-03,12.23,12.23,10.57,10.62,19900
2008-03-04,10.62,10.62,9.86,9.88,20000
2008-03-05,9.23,9.46,8.91,8.98,15500
2008-03-06,9.9,9.9,9.9,9.9,1600
2008-03-07,10.87,10.87,10.87,10.87,17900
2008-03-10,11.96,11.96,10.39,11.08,33600
2008-03-11,11.54,11.77,10.62,10.62,13400
2008-03-12,10.62,11.2,10.16,10.62,14900
2008-03-13,11.08,11.08,10.62,10.62,18100
2008-03-14,10.62,10.73,10.62,10.62,4700
2008-03-17,10.27,10.27,9.63,9.63,6900
2008-03-18,8.73,8.73,8.73,8.73,21600
2008-03-19,8.08,8.77,7.87,8.1,76300
2008-03-20,8.19,8.66,7.55,7.62,33600
2008-03-21,7.06,7.5,7.06,7.06,28400
2008-03-24,6.51,6.51,6.39,6.39,21300
2008-03-25,5.77,5.82,5.77,5.77,13200
2008-03-26,5.24,6.35,5.24,6.35,51400
2008-03-27,6.3,6.3,6.3,6.3,200
2008-03-28,6.42,6.42,6.42,6.42,7300
2008-03-31,6.53,6.53,6.53,6.53,700
2008-04-01,6.65,6.65,6.65,6.65,100
2008-04-02,6.76,6.76,6.76,6.76,1000
2008-04-03,6.88,6.88,6.88,6.88,100
2008-04-04,6.99,6.99,6.99,6.99,100
2008-04-07,7.2,7.2,7.2,7.2,6000
2008-04-08,7.41,7.41,7.04,7.41,152500
2008-04-09,7.59,7.59,7.18,7.18,23500
2008-04-10,7.06,7.06,7.06,7.06,7600
2008-04-11,6.86,6.86,6.86,6.86,6100
2008-04-16,6.67,6.67,6.67,6.67,5000
2008-04-17,6.49,6.86,6.49,6.86,59400
2008-04-18,6.76,6.76,6.39,6.56,19700
2008-04-21,6.6,6.6,6.42,6.44,15300
2008-04-22,6.26,6.26,6.26,6.26,11100
2008-04-23,6.07,6.07,6.07,6.07,6600
2008-04-24,5.91,6.07,5.91,6.07,33200
2008-04-25,5.91,5.93,5.75,5.93,28400
2008-04-28,5.66,5.96,5.66,5.7,23900
2008-04-29,6.0,6.03,5.77,5.77,18400
2008-05-05,5.77,5.77,5.72,5.72,11700
2008-05-06,5.59,5.59,5.59,5.59,1600
2008-05-07,5.42,5.42,5.42,5.42,6900
2008-05-08,5.26,5.26,5.26,5.26,3300
2008-05-09,5.12,5.12,5.12,5.12,9200
2008-05-12,4.99,4.99,4.99,4.99,200
2008-05-13,4.85,4.85,4.85,4.85,5200
2008-05-14,4.71,4.71,4.71,4.71,1100
2008-05-15,4.48,4.48,4.48,4.48,3600
2008-05-16,4.36,4.36,4.36,4.36,32400
2008-05-19,4.25,4.25,4.25,4.25,700
2008-05-20,4.13,4.13,4.13,4.13,600
2008-05-21,4.02,4.02,4.02,4.02,900
2008-05-22,3.9,3.9,3.9,3.9,1000
2008-05-23,3.79,3.79,3.79,3.79,400
2008-05-26,3.79,3.79,3.79,3.79,0
2008-05-27,3.69,3.69,3.69,3.69,100
2008-05-28,3.6,3.6,3.6,3.6,1200
2008-05-29,3.51,3.51,3.51,3.51,6200
2008-05-30,3.42,3.42,3.42,3.42,3000
2008-06-02,3.32,3.32,3.32,3.32,700
2008-06-03,3.23,3.23,3.23,3.23,2600
2008-06-04,3.14,3.14,3.14,3.14,2000
2008-06-05,3.05,3.05,3.05,3.05,1900
2008-06-06,2.98,2.98,2.98,2.98,8600
2008-06-09,2.91,2.95,2.91,2.95,29600
2008-06-10,2.84,2.98,2.84,2.98,15400
2008-06-11,2.82,2.95,2.82,2.95,11100
2008-06-12,3.0,3.0,3.0,3.0,1600
2008-06-13,3.07,3.07,3.07,3.07,5200
2008-06-16,3.14,3.14,3.14,3.14,1000
2008-06-17,3.23,3.23,3.23,3.23,100
2008-06-18,3.32,3.32,3.14,3.19,92000
2008-06-19,3.14,3.25,3.14,3.14,37000
2008-06-20,3.02,3.21,3.02,3.14,23700
2008-06-23,3.09,3.19,3.09,3.19,9700
2008-06-24,3.3,3.3,3.3,3.3,12400
2008-06-25,3.42,3.42,3.42,3.42,2600
2008-06-26,3.53,3.53,3.3,3.53,64700
2008-06-27,3.62,3.62,3.46,3.62,50800
2008-06-30,3.72,3.72,3.6,3.72,12500
2008-07-01,3.83,3.83,3.83,3.83,12100
2008-07-02,3.97,3.97,3.97,3.97,10900
2008-07-03,4.11,4.11,4.11,4.11,1300
2008-07-04,4.27,4.27,4.27,4.27,7300
2008-07-07,4.43,4.43,4.11,4.27,89400
2008-07-08,4.29,4.46,4.13,4.46,66400
2008-07-09,4.43,4.43,4.41,4.43,13600
2008-07-10,4.59,4.59,4.59,4.59,500
2008-07-11,4.76,4.76,4.76,4.76,2000
2008-07-14,4.94,4.94,4.94,4.94,20700
2008-07-15,5.12,5.12,5.12,5.12,1800
2008-07-16,5.31,5.31,4.99,5.31,82000
2008-07-17,5.49,5.49,5.49,5.49,3000
2008-07-18,5.7,5.7,5.49,5.68,98700
2008-07-21,5.86,5.86,5.45,5.45,10100
2008-07-22,5.29,5.29,5.29,5.29,900
2008-07-23,5.08,5.08,5.08,5.08,5000
2008-07-24,4.89,5.26,4.89,4.89,78800
2008-07-25,4.76,4.76,4.76,4.76,6500
2008-07-28,4.57,4.94,4.57,4.94,46000
2008-07-29,4.99,4.99,4.94,4.99,32600
2008-07-30,5.17,5.17,4.8,4.8,45800
2008-07-31,5.06,5.06,4.78,4.78,14000
2008-08-01,4.59,4.59,4.59,4.59,7000
2008-08-04,4.43,4.43,4.43,4.43,4000
2008-08-05,4.27,4.27,4.27,4.27,500
2008-08-06,4.11,4.34,4.11,4.13,69100
2008-08-07,4.29,4.29,3.99,4.11,46100
2008-08-08,4.22,4.25,4.06,4.25,16200
2008-08-11,4.34,4.34,4.27,4.34,4400
2008-08-12,4.5,4.5,4.34,4.5,47200
2008-08-13,4.64,4.64,4.32,4.59,51200
2008-08-14,4.73,4.73,4.62,4.73,36000
2008-08-15,4.89,4.89,4.89,4.89,7500
2008-08-18,5.22,5.22,5.17,5.22,26100
2008-08-19,5.54,5.56,5.12,5.24,60300
2008-08-20,4.92,5.24,4.92,4.92,50600
2008-08-21,4.82,5.33,4.73,5.33,49900
2008-08-22,5.47,5.47,5.08,5.36,44300
2008-08-25,5.54,5.7,5.52,5.7,49900
2008-08-26,6.07,6.07,6.07,6.07,4100
2008-08-27,6.49,6.49,6.49,6.49,24300
2008-08-28,6.93,6.93,6.05,6.44,112200
2008-08-29,6.07,6.93,6.07,6.46,88300
2008-09-03,6.74,6.74,6.74,6.74,8800
2008-09-04,7.2,7.2,6.35,7.2,119900
2008-09-05,7.62,7.62,7.16,7.59,110500
2008-09-08,8.08,8.08,7.06,7.57,43700
2008-09-09,7.62,7.78,7.27,7.55,40100
2008-09-10,7.55,7.57,7.04,7.04,44000
2008-09-11,6.81,6.81,6.67,6.67,15800
2008-09-12,6.21,6.21,6.21,6.21,4500
2008-09-15,5.79,6.46,5.79,5.89,125300
2008-09-16,5.52,5.54,5.49,5.49,22600
2008-09-17,5.15,5.31,5.12,5.12,36400
2008-09-18,4.8,4.8,4.8,4.8,3900
2008-09-19,4.48,5.12,4.48,5.12,31200
2008-09-22,5.33,5.33,5.33,5.33,800
2008-09-23,5.7,5.7,4.96,5.63,78000
2008-09-24,5.52,5.77,5.52,5.56,15500
2008-09-25,5.24,5.96,5.24,5.96,50500
2008-09-26,6.21,6.21,5.89,6.16,56000
2008-09-29,6.46,6.46,5.7,5.98,27700
2008-09-30,5.56,5.56,5.56,5.56,100
2008-10-01,5.19,5.82,5.19,5.56,12800
2008-10-02,5.52,5.89,5.52,5.59,35000
2008-10-03,5.61,5.61,5.24,5.42,24300
2008-10-06,5.42,5.42,5.01,5.06,43000
2008-10-07,4.73,4.73,4.73,4.73,38900
2008-10-08,4.43,4.73,4.41,4.62,30500
2008-10-09,4.39,4.87,4.34,4.85,32800
2008-10-10,4.32,4.62,4.32,4.32,37300
2008-10-13,4.39,4.69,4.16,4.39,37900
2008-10-14,4.62,4.62,4.62,4.62,100
2008-10-15,4.62,4.94,4.62,4.94,34700
2008-10-16,4.85,4.85,4.5,4.62,16800
2008-10-17,4.73,5.03,4.69,5.01,55600
2008-10-20,5.08,5.08,4.62,4.64,24400
2008-10-21,5.06,5.06,4.73,4.94,9400
2008-10-22,4.66,4.73,4.64,4.73,6200
2008-10-23,4.32,4.41,4.32,4.32,32400
2008-10-24,4.09,4.16,4.06,4.13,14400
2008-10-27,3.92,3.92,3.83,3.83,16800
2008-10-28,3.6,3.92,3.6,3.86,22800
2008-10-29,3.95,3.95,3.9,3.95,19000
2008-10-30,4.18,4.2,3.95,4.2,16400
2008-10-31,4.39,4.41,4.16,4.41,24200
2008-11-03,4.64,4.64,4.06,4.06,14200
2008-11-04,4.16,4.43,3.99,4.43,19200
2008-11-05,4.55,4.55,4.55,4.55,9200
2008-11-06,4.55,4.66,4.27,4.32,21500
2008-11-07,4.18,4.25,4.18,4.18,20300
2008-11-10,4.18,4.39,4.16,4.39,25100
2008-11-11,4.16,4.16,3.99,4.04,15500
2008-11-12,3.79,4.04,3.76,3.97,17500
2008-11-13,3.92,3.95,3.88,3.92,4400
2008-11-14,4.18,4.18,3.99,3.99,14200
2008-11-17,4.02,4.04,3.97,4.04,8000
2008-11-18,4.04,4.04,3.92,3.99,6100
2008-11-19,4.02,4.04,3.99,3.99,6900
2008-11-20,3.81,3.83,3.81,3.83,8800
2008-11-21,4.02,4.02,3.83,3.92,3200
2008-11-24,4.04,4.04,3.88,3.92,15400
2008-11-25,4.18,4.18,3.99,4.13,15800
2008-11-26,4.32,4.34,3.92,3.92,5000
2008-11-27,3.95,3.95,3.86,3.92,6700
2008-11-28,3.9,4.16,3.9,4.16,24800
2008-12-01,3.99,4.2,3.97,4.13,13800
2008-12-02,3.95,4.04,3.92,4.02,6400
2008-12-03,3.67,3.67,3.67,3.67,300
2008-12-04,3.69,3.74,3.65,3.65,5400
2008-12-05,3.67,3.67,3.49,3.49,4000
2008-12-08,3.37,3.37,3.28,3.28,4500
2008-12-09,3.23,3.37,3.23,3.32,5200
2008-12-10,3.23,3.28,3.12,3.12,4400
2008-12-11,3.35,3.35,3.23,3.23,1400
2008-12-12,3.25,3.37,3.25,3.37,14500
2008-12-15,3.46,3.51,3.09,3.46,4000
2008-12-16,3.14,3.37,3.12,3.35,3000
2008-12-17,3.07,3.23,3.05,3.21,4700
2008-12-18,3.23,3.23,3.23,3.23,1300
2008-12-19,3.23,3.3,3.23,3.3,300
2008-12-22,3.39,3.39,3.23,3.23,3100
2008-12-23,3.16,3.19,3.16,3.19,1100
2008-12-24,3.12,3.23,3.12,3.23,2500
2008-12-25,3.28,3.28,3.19,3.19,800
2008-12-26,3.25,3.3,3.25,3.3,2300
2008-12-29,3.37,3.37,3.35,3.35,300
2008-12-30,3.35,3.35,3.3,3.32,8300
2008-12-31,3.35,3.35,3.25,3.28,4200
2009-01-02,3.46,3.46,3.25,3.25,700
2009-01-05,3.3,3.3,3.3,3.3,1100
2009-01-06,3.46,3.46,3.3,3.35,500
2009-01-07,3.53,3.58,3.46,3.46,3400
2009-01-08,3.42,3.49,3.42,3.49,500
2009-01-09,3.46,3.46,3.46,3.46,2000
2009-01-12,3.46,3.46,3.46,3.46,5000
2009-01-13,3.32,3.46,3.3,3.46,7500
2009-01-14,3.46,3.46,3.46,3.46,300
2009-01-15,3.46,3.46,3.35,3.35,5100
2009-01-16,3.32,3.32,3.32,3.32,200
2009-01-19,3.32,3.32,3.32,3.32,400
2009-01-20,3.25,3.39,3.25,3.39,3300
2009-01-21,3.35,3.35,3.3,3.35,1800
2009-01-22,3.23,3.42,3.12,3.37,6200
2009-01-23,3.3,3.3,3.3,3.3,600
2009-02-02,3.51,3.51,3.51,3.51,200
2009-02-03,3.28,3.3,3.28,3.28,6300
2009-02-04,3.39,3.39,3.3,3.3,2600
2009-02-05,3.23,3.23,3.12,3.12,3700
2009-02-06,3.0,3.28,2.98,3.23,1600
2009-02-09,3.32,3.32,3.19,3.23,4200
2009-02-10,3.32,3.32,3.21,3.21,2800
2009-02-11,3.23,3.23,3.0,3.12,3400
2009-02-12,3.09,3.12,3.09,3.12,1800
2009-02-13,3.12,3.12,3.12,3.12,1700
2009-02-16,3.14,3.14,3.05,3.05,2100
2009-02-17,3.19,3.19,3.0,3.0,2000
2009-02-18,3.02,3.02,3.0,3.0,8200
2009-02-19,3.05,3.05,3.02,3.02,1800
2009-02-20,3.23,3.23,2.91,3.0,3800
2009-02-23,3.07,3.07,3.0,3.0,1600
2009-02-24,2.89,2.98,2.89,2.89,3900
2009-02-25,3.0,3.07,3.0,3.07,2000
2009-02-26,2.95,3.0,2.91,2.91,1100
2009-02-27,3.12,3.12,3.0,3.0,2100
2009-03-02,3.23,3.23,3.19,3.19,400
2009-03-03,3.12,3.12,3.07,3.07,1300
2009-03-04,3.12,3.19,3.07,3.09,3900
2009-03-05,3.21,3.21,3.07,3.07,1000
2009-03-06,3.05,3.16,3.05,3.16,1000
2009-03-09,3.16,3.16,3.05,3.12,3300
2009-03-10,3.19,3.25,3.05,3.05,1000
2009-03-11,3.3,3.3,3.21,3.21,9400
2009-03-12,3.12,3.25,3.09,3.09,3700
2009-03-13,3.14,3.14,3.12,3.12,4300
2009-03-16,3.21,3.21,3.19,3.19,1200
2009-03-17,3.25,3.25,3.19,3.19,5600
2009-03-18,3.37,3.42,3.37,3.39,15100
2009-03-19,3.42,3.44,3.42,3.44,1100
2009-03-20,3.23,3.25,3.21,3.21,8700
2009-03-23,3.23,3.23,3.07,3.07,2400
2009-03-24,3.23,3.23,3.12,3.12,6300
2009-03-25,3.16,3.23,3.12,3.19,7000
2009-03-26,3.23,3.39,3.19,3.23,5300
2009-03-27,3.46,3.46,3.25,3.35,10200
2009-03-30,3.32,3.32,3.23,3.23,300
2009-03-31,3.21,3.28,3.19,3.28,2600
2009-04-01,3.23,3.35,3.23,3.32,6000
2009-04-02,3.35,3.35,3.23,3.25,18600
2009-04-03,3.46,3.46,3.37,3.46,33000
2009-04-07,3.44,3.49,3.42,3.49,19400
2009-04-08,3.44,3.49,3.32,3.32,27200
2009-04-09,3.51,3.53,3.39,3.53,45100
2009-04-10,3.69,3.69,3.69,3.69,24600
2009-04-13,3.95,3.95,3.95,3.95,6100
2009-04-14,4.2,4.2,4.06,4.2,45100
2009-04-15,3.9,4.16,3.9,3.9,34000
2009-04-16,4.16,4.16,3.69,3.69,40300
2009-04-17,3.81,3.97,3.49,3.49,21200
2009-04-20,3.32,3.32,3.3,3.3,13500
2009-04-21,3.07,3.21,3.07,3.21,10200
2009-04-22,3.21,3.3,3.21,3.3,9400
2009-04-23,3.53,3.53,3.49,3.51,11100
2009-04-24,3.35,3.35,3.3,3.35,5100
2009-04-27,3.42,3.42,3.42,3.42,100
2009-04-28,3.25,3.25,3.23,3.25,8500
2009-04-29,3.25,3.35,3.25,3.32,11600
2009-05-04,3.46,3.46,3.46,3.46,6700
2009-05-05,3.69,3.69,3.58,3.62,36800
2009-05-06,3.81,3.92,3.42,3.42,11300
2009-05-07,3.72,3.72,3.46,3.58,11400
2009-05-08,3.46,3.46,3.37,3.44,9000
2009-05-11,3.42,3.46,3.35,3.35,3500
2009-05-12,3.23,3.46,3.23,3.46,14700
2009-05-13,3.46,3.46,3.39,3.44,8300
2009-05-14,3.35,3.35,3.3,3.35,5700
2009-05-15,3.46,3.51,3.42,3.51,28600
2009-05-18,3.42,3.46,3.35,3.46,18300
2009-05-19,3.51,3.6,3.46,3.56,27000
2009-05-20,3.69,3.76,3.65,3.76,66400
2009-05-21,3.76,3.99,3.74,3.99,59300
2009-05-22,4.2,4.2,3.83,4.11,71900
2009-05-25,3.95,4.41,3.92,4.41,117700
2009-05-26,4.66,4.66,4.09,4.27,58600
2009-05-27,4.34,4.34,4.04,4.13,50800
2009-05-28,3.92,3.97,3.86,3.86,14400
2009-05-29,3.92,3.92,3.69,3.92,23900
2009-06-01,3.86,4.11,3.86,4.04,24100
2009-06-02,4.34,4.34,4.13,4.13,22200
2009-06-03,4.25,4.25,4.02,4.06,27200
2009-06-04,4.16,4.34,4.13,4.34,76100
2009-06-05,4.52,4.52,4.52,4.52,10700
2009-06-08,4.82,4.82,4.82,4.82,6400
2009-06-09,5.15,5.15,4.55,4.55,69400
2009-06-10,4.59,4.73,4.48,4.48,32700
2009-06-11,4.39,4.78,4.36,4.78,80800
2009-06-12,4.87,4.87,4.78,4.87,91200
2009-06-15,5.08,5.08,4.55,4.57,28200
2009-06-16,4.27,4.27,4.27,4.27,23100
2009-06-17,3.99,4.34,3.99,4.27,40500
2009-06-18,4.36,4.43,4.36,4.43,30000
2009-06-19,4.59,4.62,4.11,4.5,20800
2009-06-22,4.39,4.66,4.13,4.13,29200
2009-06-23,3.88,3.92,3.88,3.88,23400
2009-06-24,3.65,4.16,3.65,4.16,8100
2009-06-25,4.22,4.25,3.92,4.06,16300
2009-06-26,3.92,3.97,3.88,3.88,9300
2009-06-29,3.92,4.11,3.92,3.95,8500
2009-06-30,4.16,4.16,3.92,4.04,15400
2009-07-01,3.81,4.13,3.79,3.79,8100
2009-07-02,4.04,4.04,3.97,3.97,11300
2009-07-03,3.76,3.97,3.76,3.83,3100
2009-07-06,3.9,4.11,3.9,4.11,19600
2009-07-07,4.32,4.32,4.13,4.13,400
2009-07-08,4.16,4.16,3.92,4.13,1800
2009-07-09,4.13,4.13,3.95,3.95,1400
2009-07-10,3.83,3.92,3.81,3.92,3200
2009-07-13,3.86,3.86,3.79,3.79,3900
2009-07-14,3.92,3.92,3.76,3.76,1300
2009-07-15,3.92,3.92,3.88,3.88,5000
2009-07-16,3.97,3.99,3.92,3.92,4900
2009-07-17,3.92,3.92,3.72,3.79,5900
2009-07-20,3.72,3.72,3.67,3.69,8400
2009-07-21,3.69,3.72,3.69,3.69,1900
2009-07-22,3.72,3.72,3.69,3.69,1200
2009-07-23,3.81,3.9,3.69,3.81,6100
2009-07-24,3.99,4.06,3.99,4.06,13100
2009-07-27,4.27,4.27,4.04,4.16,1900
2009-07-28,3.92,3.92,3.9,3.9,700
2009-07-29,3.92,3.92,3.74,3.81,18400
2009-07-30,3.74,3.9,3.74,3.88,7000
2009-07-31,3.79,3.92,3.79,3.88,3700
2009-08-03,3.92,3.92,3.76,3.9,9100
2009-08-04,3.81,3.95,3.81,3.95,500
2009-08-05,3.83,3.86,3.83,3.83,2400
2009-08-06,3.92,4.09,3.92,4.09,41100
2009-08-07,4.06,4.29,4.06,4.25,34400
2009-08-10,4.39,4.39,4.13,4.29,13900
2009-08-11,4.29,4.36,4.27,4.34,30200
2009-08-12,4.48,4.48,4.32,4.32,27200
2009-08-13,4.39,4.39,4.27,4.27,15800
2009-08-14,4.36,4.36,4.16,4.16,6200
2009-08-17,4.16,4.27,4.16,4.25,2000
2009-08-18,4.04,4.22,3.97,3.97,17300
2009-08-19,4.25,4.25,4.06,4.25,16500
2009-08-20,4.16,4.22,4.16,4.16,4100
2009-08-21,4.04,4.25,4.04,4.16,21700
2009-08-24,4.27,4.39,4.18,4.25,7800
2009-08-25,4.2,4.2,4.16,4.18,4100
2009-08-26,4.2,4.2,4.18,4.18,6700
2009-08-27,4.25,4.27,4.16,4.16,3100
2009-08-28,4.16,4.46,4.16,4.46,65900
2009-08-31,4.62,4.66,4.57,4.66,80600
2009-09-01,4.92,4.94,4.5,4.73,14700
2009-09-03,4.71,4.71,4.39,4.41,9000
2009-09-04,4.43,4.69,4.43,4.62,66900
2009-09-07,4.69,4.69,4.27,4.34,14400
2009-09-08,4.36,4.5,4.36,4.41,5500
2009-09-09,4.66,4.66,4.5,4.52,9600
2009-09-10,4.52,4.59,4.5,4.59,14100
2009-09-11,4.71,4.85,4.59,4.82,126400
2009-09-14,4.92,4.92,4.46,4.62,57000
2009-09-15,4.71,4.73,4.27,4.59,43300
2009-09-16,4.64,4.82,4.41,4.59,18700
2009-09-17,4.5,4.5,4.39,4.43,18400
2009-09-18,4.62,4.76,4.41,4.76,55800
2009-09-21,4.62,4.78,4.36,4.62,75300
2009-09-22,4.5,4.62,4.29,4.52,19700
2009-09-23,4.62,4.73,4.62,4.73,65900
2009-09-24,4.73,4.78,4.62,4.71,27800
2009-09-25,4.62,4.71,4.39,4.71,20100
2009-09-28,4.76,4.76,4.62,4.62,18100
2009-09-29,4.73,4.85,4.62,4.66,12100
2009-09-30,4.69,4.76,4.66,4.76,42700
2009-10-01,4.73,4.73,4.5,4.55,38300
2009-10-02,4.62,4.66,4.39,4.43,23500
2009-10-05,4.57,4.66,4.5,4.5,8200
2009-10-06,4.73,4.73,4.39,4.62,20500
2009-10-07,4.55,4.73,4.5,4.73,17500
2009-10-08,4.94,4.94,4.89,4.94,67300
2009-10-09,5.26,5.26,5.26,5.26,22200
2009-10-12,5.61,5.61,5.61,5.61,36700
2009-10-13,6.0,6.0,5.77,6.0,322300
2009-10-14,6.0,6.39,5.98,6.39,125800
2009-10-15,6.72,6.72,6.58,6.72,103000
2009-10-16,7.04,7.04,6.26,6.33,39200
2009-10-19,6.05,6.12,6.03,6.12,121200
2009-10-20,6.44,6.46,6.23,6.42,98800
2009-10-21,6.83,6.83,6.58,6.83,137500
2009-10-22,7.29,7.29,7.16,7.29,90500
2009-10-23,7.78,7.78,6.76,6.83,162000
2009-10-26,7.16,7.25,6.86,6.86,22800
2009-10-27,6.46,6.46,6.46,6.46,12900
2009-10-28,6.03,6.46,6.03,6.23,77500
2009-10-29,5.77,6.0,5.77,5.77,84300
2009-10-30,6.21,6.21,6.0,6.21,51100
2009-11-02,6.16,6.44,5.75,5.75,53400
2009-11-03,6.09,6.09,5.4,5.4,47300
2009-11-04,5.54,5.79,5.08,5.66,67800
2009-11-05,5.68,6.03,5.63,5.96,41700
2009-11-06,6.0,6.0,5.54,5.54,2300
2009-11-09,5.42,5.49,5.33,5.4,18800
2009-11-10,5.19,5.31,4.99,4.99,34800
2009-11-11,5.31,5.31,5.19,5.26,5100
2009-11-12,5.59,5.59,5.54,5.54,18900
2009-11-13,5.82,5.82,5.19,5.29,15700
2009-11-16,5.42,5.47,4.96,4.96,7900
2009-11-17,5.36,5.36,5.01,5.12,24900
2009-11-18,5.29,5.29,5.12,5.26,53300
2009-11-19,5.51,5.51,5.48,5.51,22900
2009-11-20,5.51,5.65,5.34,5.53,15100
2009-11-23,5.19,5.22,5.15,5.22,35200
2009-11-24,5.12,5.22,4.98,5.07,26400
2009-11-25,4.83,4.83,4.74,4.76,20000
2009-11-26,4.45,4.45,4.45,4.45,16300
2009-11-27,4.2,4.54,4.16,4.35,31200
2009-11-30,4.59,4.61,4.25,4.61,30600
2009-12-01,4.59,4.88,4.59,4.88,31700
2009-12-02,5.05,5.05,4.57,4.59,13700
2009-12-03,4.59,4.59,4.59,4.59,6300
2009-12-04,4.59,4.59,4.57,4.57,1100
2009-12-07,4.35,4.64,4.33,4.64,21400
2009-12-08,4.47,4.47,4.23,4.42,16200
2009-12-09,4.47,4.47,4.04,4.11,12600
2009-12-10,3.94,4.33,3.89,3.99,8400
2009-12-11,4.25,4.25,3.84,3.84,7500
2009-12-14,3.96,4.2,3.96,4.2,7100
2009-12-15,4.23,4.23,4.06,4.2,6600
2009-12-16,4.2,4.2,3.84,3.84,17100
2009-12-17,4.06,4.06,3.87,3.87,8400
2009-12-18,4.08,4.16,4.06,4.13,22900
2009-12-21,4.37,4.4,4.23,4.4,12500
2009-12-22,4.59,4.59,4.23,4.23,2100
2009-12-23,4.23,4.47,4.04,4.16,12700
2009-12-24,4.35,4.37,4.23,4.37,24700
2009-12-25,4.57,4.59,4.57,4.59,14800
2009-12-28,4.59,4.59,4.28,4.3,5100
2009-12-29,4.35,4.35,4.11,4.13,9000
2009-12-30,4.06,4.45,4.06,4.3,31400
2009-12-31,4.37,4.4,4.3,4.3,15300
2010-01-04,4.33,4.61,4.33,4.61,16500
2010-01-05,4.83,4.88,4.71,4.88,20700
2010-01-06,4.88,5.17,4.88,5.17,29000
2010-01-07,5.48,5.48,5.48,5.48,5200
2010-01-08,5.85,5.85,5.85,5.85,31900
2010-01-11,6.23,6.23,5.8,6.21,276300
2010-01-12,6.52,6.52,5.73,6.04,86300
2010-01-13,5.82,6.43,5.8,6.4,67600
2010-01-14,6.52,6.55,6.19,6.26,72700
2010-01-15,6.4,6.4,6.02,6.02,52700
2010-01-18,5.8,5.8,5.77,5.77,7400
2010-01-19,5.39,5.97,5.39,5.53,39600
2010-01-20,5.46,5.46,5.15,5.19,71400
2010-01-21,5.44,5.56,4.83,5.51,11600
2010-01-22,5.32,5.32,4.98,4.98,7800
2010-01-25,5.46,5.46,5.32,5.46,4600
2010-01-26,5.7,5.7,5.1,5.68,49000
2010-01-27,5.7,5.7,5.15,5.17,81800
2010-01-28,5.53,5.53,5.0,5.03,26800
2010-01-29,5.32,5.41,5.32,5.41,46500
2010-02-01,5.75,5.75,5.75,5.75,38600
2010-02-02,6.14,6.14,5.75,6.14,201000
2010-02-03,6.28,6.28,5.73,6.04,53000
2010-02-04,5.99,6.04,5.8,5.8,26800
2010-02-05,5.97,6.09,5.56,5.58,30700
2010-02-08,5.8,6.02,5.41,6.02,21200
2010-02-09,5.77,5.8,5.53,5.53,5500
2010-02-10,6.02,6.02,5.68,5.68,8300
2010-02-11,5.92,5.92,5.8,5.8,2700
2010-02-12,5.99,5.99,5.82,5.9,4900
2010-02-22,6.26,6.26,5.9,6.04,6200
2010-02-23,6.4,6.4,5.73,5.73,9400
2010-02-24,5.82,5.82,5.56,5.82,5400
2010-02-25,5.68,5.8,5.61,5.73,8800
2010-02-26,5.92,6.02,5.68,6.02,14100
2010-03-01,5.92,6.21,5.8,6.21,60300
2010-03-02,6.28,6.45,6.28,6.45,182000
2010-03-03,6.64,6.89,6.64,6.89,53900
2010-03-04,7.3,7.32,7.25,7.32,129300
2010-03-05,7.47,7.83,7.32,7.83,211500
2010-03-08,8.29,8.34,8.22,8.34,197500
2010-03-09,8.34,8.92,8.34,8.92,125000
2010-03-10,9.28,9.28,8.26,8.7,42000
2010-03-11,8.22,8.7,7.97,8.02,213600
2010-03-12,8.24,8.8,8.24,8.8,183300
2010-03-15,8.8,9.35,8.8,9.06,70600
2010-03-16,9.18,9.3,8.6,8.6,62700
2010-03-17,8.58,8.7,8.07,8.07,161500
2010-03-18,8.65,8.65,7.97,8.63,125600
2010-03-19,8.46,8.82,8.05,8.41,89700
2010-03-22,8.43,8.65,8.22,8.34,77300
2010-03-23,8.38,8.41,7.83,7.83,103100
2010-03-24,7.85,8.29,7.61,8.22,91800
2010-03-25,8.22,8.22,7.42,7.66,77500
2010-03-26,7.95,7.97,7.27,7.85,54300
2010-03-29,7.95,8.34,7.73,8.34,119200
2010-03-30,8.65,8.65,8.6,8.65,254500
2010-03-31,9.16,9.23,8.22,8.65,105200
2010-04-01,8.34,8.67,8.07,8.58,87300
2010-04-02,8.46,8.51,8.05,8.05,94700
2010-04-05,8.53,8.53,8.07,8.36,72800
2010-04-06,8.7,8.77,8.22,8.24,75300
2010-04-07,8.41,9.04,8.34,9.04,189400
2010-04-08,9.08,9.4,8.99,9.4,162400
2010-04-09,10.03,10.05,9.42,9.88,178700
2010-04-12,9.91,9.91,9.3,9.3,115400
2010-04-13,9.16,9.25,8.7,8.92,84900
2010-04-14,8.72,9.28,8.72,9.25,63500
2010-04-15,9.42,9.71,9.18,9.52,59200
2010-04-16,9.52,9.54,8.99,9.06,86800
2010-04-19,9.21,9.21,8.58,8.58,137600
2010-04-20,8.65,9.21,8.63,8.94,99500
2010-04-21,8.46,8.94,8.34,8.63,126200
2010-04-22,8.7,8.7,7.97,8.09,134400
2010-04-26,7.97,8.46,7.97,8.46,38700
2010-04-27,8.46,8.46,8.14,8.29,26800
2010-04-28,8.43,8.53,8.22,8.26,107300
2010-04-29,8.38,8.63,8.26,8.41,49900
2010-05-04,8.65,8.67,8.26,8.38,71900
2010-05-05,8.22,8.94,8.09,8.94,163400
2010-05-06,9.4,9.4,9.35,9.4,62000
2010-05-07,9.42,9.54,8.82,8.89,135900
2010-05-10,8.63,8.82,8.63,8.7,118300
2010-05-11,8.89,8.94,8.46,8.67,75800
2010-05-12,8.7,8.7,8.14,8.22,88300
2010-05-13,8.65,8.65,8.12,8.22,10000
2010-05-14,8.58,8.58,8.02,8.41,38000
2010-05-17,8.43,8.55,8.17,8.24,30500
2010-05-18,8.09,8.09,7.97,7.97,39200
2010-05-19,8.02,8.02,7.47,7.47,37400
2010-05-20,6.98,7.49,6.98,7.37,57400
2010-05-21,6.77,6.91,6.57,6.57,40800
2010-05-24,6.52,6.64,6.35,6.62,28700
2010-05-25,6.31,6.93,6.31,6.93,58700
2010-05-26,7.35,7.35,7.22,7.35,44500
2010-05-27,7.35,7.61,7.35,7.47,25200
2010-05-28,7.95,8.0,7.85,8.0,44200
2010-05-31,8.22,8.22,7.47,7.49,11800
2010-06-01,7.25,7.61,7.13,7.15,30800
2010-06-02,7.44,7.49,6.84,7.01,27300
2010-06-03,7.61,7.76,7.3,7.35,34200
2010-06-04,7.47,7.47,7.25,7.35,25500
2010-06-07,6.89,7.01,6.89,6.93,51400
2010-06-08,7.01,7.1,6.91,7.1,6500
2010-06-09,7.39,7.39,6.96,6.98,14600
2010-06-10,7.22,7.22,7.01,7.01,13400
2010-06-11,6.81,7.2,6.79,7.01,42000
2010-06-14,6.89,7.49,6.89,7.49,56600
2010-06-15,7.85,7.93,7.49,7.93,117400
2010-06-16,8.38,8.41,7.76,8.41,70600
2010-06-17,8.92,8.92,8.0,8.14,53600
2010-06-18,7.85,8.43,7.85,8.38,54400
2010-06-21,8.22,8.77,8.22,8.65,124900
2010-06-22,8.34,8.67,8.02,8.12,48600
2010-06-23,8.22,8.65,7.95,8.58,105700
2010-06-24,8.58,8.96,8.48,8.63,99000
2010-06-25,8.63,9.06,8.55,9.01,301900
2010-06-28,9.18,9.45,9.06,9.45,192000
2010-06-29,9.86,9.86,9.86,9.86,34900
2010-06-30,10.53,10.53,9.42,10.22,207900
2010-07-01,10.22,10.22,9.62,9.62,96100
2010-07-02,9.66,9.66,9.01,9.45,140700
2010-07-05,9.18,9.81,9.18,9.81,91600
2010-07-06,9.66,9.69,9.08,9.23,22900
2010-07-07,9.54,9.54,8.87,8.94,37700
2010-07-08,9.06,9.13,8.87,8.87,19600
2010-07-09,8.6,9.11,8.6,8.99,7100
2010-07-12,8.94,9.06,8.94,9.04,7500
2010-07-13,9.3,9.3,8.7,8.96,57600
2010-07-14,9.18,9.54,8.94,9.28,85900
2010-07-15,9.42,9.54,9.37,9.37,72900
2010-07-16,9.42,10.08,9.42,10.08,115500
2010-07-19,10.0,10.68,9.91,10.39,219200
2010-07-20,10.99,11.11,10.51,11.07,119000
2010-07-21,10.92,10.92,10.15,10.27,79000
2010-07-22,10.39,10.39,9.86,10.05,29200
2010-07-23,10.37,10.37,9.71,10.37,50300
2010-07-26,10.15,10.15,9.66,9.69,35400
2010-07-27,9.54,10.39,9.54,10.1,81100
2010-07-28,9.91,10.15,9.83,9.83,20900
2010-07-29,9.79,9.79,9.3,9.64,36000
2010-07-30,9.42,9.66,9.33,9.59,32200
2010-08-02,9.57,9.91,9.45,9.62,29100
2010-08-03,9.42,9.54,8.94,9.21,28700
2010-08-04,9.18,9.28,8.94,9.23,13600
2010-08-05,9.42,9.42,9.18,9.18,12800
2010-08-06,9.21,9.3,9.13,9.3,45900
2010-08-09,8.94,8.96,8.92,8.94,34000
2010-08-10,8.7,8.7,8.34,8.34,37300
2010-08-11,8.43,8.58,8.26,8.46,33000
2010-08-12,8.22,8.29,7.8,7.8,25400
2010-08-13,7.73,8.22,7.73,8.22,29300
2010-08-16,8.41,8.65,8.22,8.65,54000
2010-08-17,8.34,8.58,8.22,8.22,35700
2010-08-18,8.22,8.22,7.88,7.88,7700
2010-08-19,8.02,8.02,7.73,7.76,17200
2010-08-20,8.09,8.22,7.73,7.73,6900
2010-08-23,7.61,7.61,7.37,7.37,15400
2010-08-24,7.25,7.25,6.89,6.89,20200
2010-08-25,6.55,6.57,6.5,6.5,30100
2010-08-26,6.52,6.52,6.09,6.28,56500
2010-08-27,6.28,6.28,5.85,5.92,37600
2010-08-30,6.33,6.35,6.33,6.35,23500
2010-08-31,6.35,6.79,6.35,6.79,51600
2010-09-01,6.89,7.2,6.89,7.2,39400
2010-09-06,7.42,7.51,7.42,7.51,33600
2010-09-07,7.03,7.61,6.98,7.13,15100
2010-09-08,6.89,7.01,6.81,7.01,23400
2010-09-09,7.25,7.32,7.25,7.32,32900
2010-09-10,7.15,7.44,6.79,6.89,43200
2010-09-13,6.52,6.52,6.48,6.5,25400
2010-09-14,6.91,6.91,6.55,6.91,15500
2010-09-15,6.81,6.89,6.77,6.77,36200
2010-09-16,7.1,7.1,6.55,6.55,13100
2010-09-17,6.89,7.08,6.89,7.08,16400
2010-09-20,7.13,7.13,6.64,6.64,22500
2010-09-21,6.77,6.96,6.64,6.79,26200
2010-09-22,6.89,6.89,6.81,6.84,3800
2010-09-23,6.84,6.86,6.64,6.74,29600
2010-09-24,6.89,6.89,6.67,6.67,7400
2010-09-27,6.64,6.77,6.52,6.77,16000
2010-09-28,6.64,6.64,6.57,6.62,2100
2010-09-29,6.74,6.74,6.48,6.52,8500
2010-09-30,6.52,6.52,6.4,6.4,7700
2010-10-01,6.64,6.64,6.31,6.62,2800
2010-10-04,6.04,6.04,5.99,5.99,20600
2010-10-05,5.92,6.16,5.8,6.04,17500
2010-10-06,5.92,6.04,5.92,6.04,13500
2010-10-07,6.21,6.21,5.94,5.94,10000
2010-10-08,6.14,6.21,6.14,6.21,3500
2010-10-11,5.8,6.14,5.77,5.92,17700
2010-10-12,5.61,6.04,5.61,5.99,1700
2010-10-13,5.8,5.92,5.8,5.92,2300
2010-10-14,5.94,5.99,5.9,5.9,14800
2010-10-15,5.82,5.92,5.82,5.92,3000
2010-10-18,5.92,5.99,5.87,5.87,13300
2010-10-19,5.8,6.04,5.8,6.02,6000
2010-10-20,5.73,5.92,5.56,5.56,13300
2010-10-21,5.8,5.87,5.68,5.87,4400
2010-10-22,5.92,5.92,5.85,5.87,26800
2010-10-25,5.58,5.87,5.58,5.87,12200
2010-10-26,6.14,6.14,6.14,6.14,1300
2010-10-27,6.06,6.06,5.8,5.8,10500
2010-10-28,5.9,5.92,5.9,5.92,1000
2010-10-29,6.02,6.02,5.9,5.9,1200
2010-11-01,5.8,5.8,5.75,5.75,2700
2010-11-02,5.63,5.63,5.58,5.61,4000
2010-11-03,5.63,5.68,5.46,5.46,10400
2010-11-04,5.56,5.61,5.56,5.56,2100
2010-11-05,5.63,5.68,5.63,5.68,800
2010-11-08,5.68,5.73,5.63,5.65,5100
2010-11-09,5.56,5.8,5.56,5.56,4700
2010-11-10,5.9,5.9,5.8,5.85,2000
2010-11-11,5.8,5.92,5.77,5.77,2400
2010-11-12,5.48,5.56,5.44,5.56,7400
2010-11-15,5.48,5.48,5.32,5.32,3700
2010-11-16,5.19,5.73,5.19,5.73,900
2010-11-17,5.36,5.68,5.34,5.68,3800
2010-11-18,5.8,5.8,5.63,5.63,2000
2010-11-19,5.44,5.63,5.44,5.44,7700
2010-11-22,5.46,5.56,5.46,5.56,15700
2010-11-23,5.75,5.75,5.61,5.75,3700
2010-11-24,5.68,5.68,5.46,5.68,5300
2010-11-25,6.04,6.04,5.68,5.75,8900
2010-11-26,5.9,5.92,5.9,5.92,400
2010-11-29,5.92,5.97,5.51,5.97,8100
2010-11-30,5.92,6.23,5.92,6.21,17600
2010-12-01,6.16,6.16,5.77,5.77,8000
2010-12-02,6.43,6.43,6.43,6.43,50000
2010-12-03,6.86,6.86,6.81,6.86,26000
2010-12-06,7.32,7.32,6.69,6.69,27900
2010-12-07,7.13,7.51,6.55,6.55,72100
2010-12-08,6.64,6.69,6.28,6.28,44300
2010-12-09,6.64,6.64,6.35,6.6,29900
2010-12-10,6.81,6.93,6.5,6.91,85800
2010-12-13,7.19,7.19,7.19,7.19,14000
2010-12-14,7.61,7.61,6.95,7.09,16300
2010-12-15,7.09,7.09,6.78,6.81,17800
2010-12-16,6.46,6.91,6.46,6.46,18500
2010-12-17,6.57,6.85,6.33,6.71,15300
2010-12-20,6.88,6.91,6.57,6.6,9300
2010-12-21,6.85,6.85,6.64,6.64,7400
2010-12-22,6.88,6.88,6.74,6.74,5700
2010-12-23,6.4,6.74,6.33,6.33,2600
2010-12-24,6.5,6.74,6.46,6.57,20200
2010-12-27,6.71,6.71,6.4,6.64,6500
2010-12-28,6.71,6.71,6.46,6.67,31200
2010-12-29,6.26,6.53,6.26,6.53,7000
2010-12-30,6.4,6.57,6.29,6.29,27900
2010-12-31,6.5,6.5,6.26,6.26,14200
2011-01-04,6.5,6.53,6.5,6.53,200
2011-01-05,6.53,6.53,6.22,6.22,24100
2011-01-06,6.36,6.36,6.22,6.22,600
2011-01-07,6.43,6.46,5.98,5.98,26700
2011-01-10,6.4,6.4,6.4,6.4,100
2011-01-11,6.22,6.22,5.98,6.05,21000
2011-01-12,6.05,6.22,6.05,6.05,3400
2011-01-13,6.33,6.33,6.22,6.22,10100
2011-01-14,6.33,6.36,6.26,6.29,24100
2011-01-17,6.36,6.67,6.26,6.26,20700
2011-01-18,6.57,6.67,6.53,6.53,10000
2011-01-19,6.71,6.71,6.19,6.22,16400
2011-01-20,6.46,6.57,6.22,6.22,3000
2011-01-21,6.46,6.46,6.46,6.46,15000
2011-01-24,6.43,6.43,6.05,6.08,17100
2011-01-25,5.98,5.98,5.98,5.98,500
2011-01-26,6.36,6.36,5.88,6.22,26700
2011-01-27,6.33,6.53,5.98,6.36,16600
2011-01-28,6.46,6.46,6.4,6.4,20800
2011-02-08,6.5,6.5,6.5,6.5,500
2011-02-09,6.5,6.5,6.22,6.22,14700
2011-02-10,6.43,6.43,6.26,6.26,15700
2011-02-11,6.4,6.43,6.12,6.12,10300
2011-02-14,6.4,6.5,6.36,6.36,15700
2011-02-15,6.4,6.4,6.22,6.22,600
2011-02-16,6.43,6.71,6.29,6.29,13200
2011-02-17,6.43,6.5,6.29,6.29,8200
2011-02-18,6.36,6.36,6.05,6.05,5700
2011-02-21,6.19,6.19,5.91,5.91,17600
2011-02-22,6.15,6.4,5.74,5.91,26100
2011-02-23,6.22,6.33,5.88,5.88,19300
2011-02-24,6.19,6.26,5.88,5.88,17000
2011-02-25,6.12,6.19,6.12,6.19,15000
2011-02-28,6.29,6.33,6.05,6.05,24000
2011-03-01,6.22,6.29,6.15,6.15,20200
2011-03-02,6.22,6.26,5.88,5.88,6400
2011-03-03,6.15,6.26,5.77,5.77,18600
2011-03-04,6.19,6.19,5.88,6.08,18500
2011-03-07,6.36,6.4,6.22,6.4,16000
2011-03-08,6.4,6.57,6.05,6.05,10400
2011-03-09,6.91,6.91,6.08,6.08,15400
2011-03-10,6.53,6.91,6.43,6.43,18700
2011-03-11,6.4,6.53,6.22,6.22,16900
2011-03-14,6.46,6.91,6.05,6.05,14000
2011-03-15,6.19,6.19,6.19,6.19,300
2011-03-16,6.26,6.57,5.88,5.95,17000
2011-03-17,6.29,6.71,5.98,5.98,23700
2011-03-18,6.29,6.5,6.12,6.12,10000
2011-03-21,6.36,6.46,6.36,6.46,6000
2011-03-22,6.46,6.78,6.02,6.15,18300
2011-03-23,6.22,6.22,6.02,6.02,1100
2011-03-24,6.22,6.36,5.88,5.88,14500
2011-03-25,6.19,6.19,5.81,5.84,15700
2011-03-28,6.12,6.12,6.12,6.12,10000
2011-03-29,6.19,6.19,5.7,5.7,15600
2011-03-30,5.81,5.81,5.81,5.81,100
2011-03-31,5.88,6.15,5.57,5.74,10700
2011-04-01,6.05,6.12,5.64,5.95,14400
2011-04-04,5.81,5.88,5.53,5.88,6100
2011-04-05,5.81,5.81,5.81,5.81,500
2011-04-06,5.77,5.91,5.77,5.88,5900
2011-04-07,5.84,5.84,5.84,5.84,5000
2011-04-08,5.84,5.84,5.84,5.84,5000
2011-04-13,5.81,5.81,5.81,5.81,3000
2011-04-14,5.57,5.67,5.57,5.67,800
2011-04-15,5.36,5.95,5.36,5.53,5600
2011-04-18,5.81,6.02,5.74,5.74,5100
2011-04-19,5.81,5.88,5.6,5.6,3400
2011-04-20,5.77,5.84,5.57,5.57,2200
2011-04-21,5.81,5.81,5.5,5.5,4000
2011-04-22,5.67,5.67,5.36,5.36,4400
2011-04-25,5.77,5.81,5.77,5.81,13000
2011-04-26,5.46,5.64,5.46,5.64,4000
2011-04-27,5.64,5.95,5.64,5.64,11000
2011-04-28,5.88,5.88,5.88,5.88,1400
2011-04-29,5.77,5.77,5.77,5.77,500
2011-05-04,5.74,5.84,5.5,5.5,2700
2011-05-05,5.7,5.81,5.39,5.46,2900
2011-05-06,5.74,5.77,5.29,5.7,3700
2011-05-09,5.84,5.88,5.32,5.32,4000
2011-05-10,5.32,5.32,5.29,5.29,5800
2011-05-11,5.19,5.5,5.19,5.19,4100
2011-05-12,5.46,5.6,5.19,5.39,3200
2011-05-13,5.25,5.29,5.25,5.25,1000
2011-05-16,5.46,5.46,5.08,5.08,11000
2011-05-17,5.43,5.7,5.08,5.43,4400
2011-05-18,5.5,5.53,5.19,5.19,5000
2011-05-19,5.12,5.12,5.12,5.12,500
2011-05-20,5.25,5.25,5.25,5.25,4000
2011-05-23,5.19,5.19,5.19,5.19,4000
2011-05-24,4.84,4.84,4.84,4.84,100
2011-05-25,4.53,5.12,4.53,4.53,7100
2011-05-26,4.25,4.49,4.25,4.49,8300
2011-05-27,4.49,4.56,4.49,4.56,5900
2011-05-30,4.81,4.81,4.32,4.32,2600
2011-05-31,4.39,4.63,4.39,4.6,800
2011-06-01,4.49,4.49,4.32,4.32,2800
2011-06-02,4.46,4.53,4.46,4.49,2500
2011-06-03,4.63,4.63,4.49,4.49,2600
2011-06-06,4.49,4.49,4.49,4.49,0
2011-06-07,4.25,4.49,4.25,4.49,2100
2011-06-08,4.63,4.63,4.63,4.63,2000
2011-06-09,4.63,4.63,4.49,4.49,1300
2011-06-10,4.53,4.53,4.43,4.46,5000
2011-06-13,4.74,4.74,4.49,4.53,3800
2011-06-14,4.25,4.56,4.25,4.36,15500
2011-06-15,4.49,4.56,4.49,4.56,1000
2011-06-16,4.56,4.56,4.56,4.56,500
2011-06-17,4.6,4.6,4.32,4.32,1400
2011-06-20,4.25,4.32,4.25,4.32,500
2011-06-21,4.36,4.36,4.36,4.36,500
2011-06-22,4.46,4.49,4.43,4.49,1500
2011-06-23,4.46,4.46,4.46,4.46,500
2011-06-24,4.39,4.39,4.15,4.39,3800
2011-06-27,4.22,4.32,4.22,4.32,500
2011-06-28,4.46,4.46,4.15,4.32,2600
2011-06-29,4.29,4.29,4.22,4.22,2500
2011-06-30,4.32,4.32,4.32,4.32,800
2011-07-01,4.29,4.32,4.29,4.32,200
2011-07-04,4.04,4.18,4.04,4.18,2900
2011-07-05,4.36,4.36,4.36,4.36,1000
2011-07-06,4.25,4.25,4.15,4.15,1600
2011-07-07,4.18,4.18,4.18,4.18,200
2011-07-08,4.15,4.15,4.15,4.15,2000
2011-07-11,4.15,4.15,4.15,4.15,100
2011-07-12,4.15,4.15,4.15,4.15,0
2011-07-13,4.29,4.29,4.15,4.15,4500
2011-07-14,4.15,4.15,4.15,4.15,0
2011-07-15,4.15,4.15,4.15,4.15,2000
2011-07-18,4.39,4.39,3.87,4.15,7200
2011-07-19,4.08,4.08,4.08,4.08,500
2011-07-20,4.15,4.15,3.87,3.87,3300
2011-07-21,4.11,4.11,4.11,4.11,500
2011-07-22,4.11,4.11,4.11,4.11,500
2011-07-25,4.11,4.11,4.11,4.11,0
2011-07-26,4.11,4.11,4.11,4.11,0
2011-07-27,4.11,4.11,4.11,4.11,0
2011-07-28,4.08,4.08,4.04,4.04,1500
2011-07-29,3.8,3.94,3.8,3.94,1600
2011-08-01,3.91,4.15,3.91,4.15,800
2011-08-02,4.11,4.11,4.11,4.11,500
2011-08-03,4.11,4.11,4.11,4.11,500
2011-08-04,4.11,4.11,4.11,4.11,0
2011-08-05,4.36,4.36,4.11,4.11,900
2011-08-08,4.11,4.11,4.11,4.11,0
2011-08-09,4.11,4.11,4.11,4.11,0
2011-08-10,4.11,4.11,4.11,4.11,0
2011-08-11,4.11,4.11,4.11,4.11,0
2011-08-12,4.11,4.11,4.11,4.11,0
2011-08-15,4.11,4.11,4.11,4.11,0
2011-08-16,4.11,4.11,4.11,4.11,0
2011-08-17,4.11,4.11,4.11,4.11,0
2011-08-18,4.11,4.11,4.11,4.11,0
2011-08-19,4.11,4.11,4.11,4.11,0
2011-08-22,4.29,4.49,4.22,4.22,1200
2011-08-23,4.22,4.22,4.22,4.22,0
2011-08-24,4.04,4.04,4.04,4.04,900
2011-08-25,4.04,4.18,4.04,4.18,2000
2011-08-26,3.87,3.87,3.87,3.87,1100
2011-08-29,3.66,3.66,3.63,3.66,9400
2011-08-30,3.46,3.73,3.39,3.46,33400
2011-08-31,3.46,3.7,3.25,3.42,14200
2011-09-01,3.39,3.56,3.39,3.56,21000
2011-09-05,3.46,3.7,3.46,3.63,6700
2011-09-06,3.63,3.66,3.46,3.6,3300
2011-09-07,3.63,3.66,3.39,3.49,8400
2011-09-08,3.53,3.53,3.35,3.39,7100
2011-09-09,3.46,3.49,3.39,3.42,6900
2011-09-12,3.49,3.56,3.39,3.56,12600
2011-09-13,3.53,3.56,3.49,3.56,8400
2011-09-14,3.73,3.73,3.46,3.49,21100
2011-09-15,3.6,3.73,3.46,3.46,8500
2011-09-16,3.6,3.6,3.6,3.6,2000
2011-09-19,3.56,3.56,3.53,3.53,2300
2011-09-20,3.53,3.53,3.35,3.42,8800
2011-09-21,3.49,3.49,3.28,3.28,3800
2011-09-22,3.46,3.46,3.28,3.28,2000
2011-09-23,3.49,3.49,3.28,3.28,4300
2011-09-26,3.32,3.39,3.22,3.28,4600
2011-09-27,3.46,3.46,3.46,3.46,3000
2011-09-28,3.49,3.49,3.22,3.39,10100
2011-09-29,3.42,3.42,3.18,3.18,7100
2011-09-30,3.28,3.28,3.28,3.28,2000
2011-10-03,3.28,3.28,3.11,3.15,5600
2011-10-04,3.15,3.15,3.15,3.15,1600
2011-10-05,3.18,3.18,3.04,3.04,1600
2011-10-06,3.15,3.22,3.11,3.22,3900
2011-10-07,3.25,3.28,3.25,3.28,1100
2011-10-10,3.18,3.18,3.18,3.18,800
2011-10-11,3.18,3.18,3.18,3.18,0
2011-10-12,3.25,3.35,3.25,3.35,2000
2011-10-13,3.11,3.11,3.11,3.32,2500
2011-10-14,3.11,3.11,3.11,3.11,0
2011-10-17,3.22,3.22,3.04,3.04,9500
2011-10-18,3.08,3.08,2.94,2.97,3000
2011-10-19,3.08,3.08,3.08,3.08,2000
2011-10-20,3.08,3.08,3.08,3.08,0
2011-10-21,3.11,3.22,3.11,3.11,2200
2011-10-24,3.22,3.22,3.22,3.22,1000
2011-10-25,3.15,3.15,3.01,3.01,2300
2011-10-26,3.08,3.08,2.94,2.94,6600
2011-10-27,3.01,3.01,2.94,3.01,1200
2011-10-28,3.11,3.11,3.11,3.11,1000
2011-10-31,3.15,3.15,3.15,3.15,1000
2011-11-01,3.04,3.04,3.04,3.04,600
2011-11-02,3.11,3.22,3.11,3.22,2000
2011-11-03,3.22,3.22,3.04,3.04,2000
2011-11-04,3.04,3.04,3.04,3.04,0
2011-11-07,2.97,3.15,2.97,3.15,1100
2011-11-08,3.22,3.22,3.22,3.22,2000
2011-11-09,3.08,3.08,3.08,3.08,300
2011-11-10,3.11,3.11,2.9,2.9,1300
2011-11-11,2.9,2.9,2.9,2.9,0
2011-11-14,2.9,3.04,2.9,3.04,3700
2011-11-15,3.08,3.08,3.08,3.08,1000
2011-11-16,3.15,3.15,3.11,3.11,900
2011-11-17,3.18,3.18,3.18,3.18,500
2011-11-18,3.08,3.08,3.08,3.08,2000
2011-11-21,3.08,3.08,3.08,3.08,0
2011-11-22,3.08,3.08,3.08,3.08,0
2011-11-23,2.94,2.94,2.94,2.94,1000
2011-11-24,2.94,2.94,2.77,2.77,2700
2011-11-25,2.77,2.83,2.77,2.8,3000
2011-11-28,2.87,2.87,2.87,2.87,2000
2011-11-29,2.94,2.97,2.94,2.97,1000
2011-11-30,3.01,3.01,2.77,2.77,2000
2011-12-01,2.77,2.77,2.77,2.77,0
2011-12-02,2.77,2.77,2.77,2.77,0
2011-12-05,2.77,2.83,2.77,2.77,2900
2011-12-06,2.9,2.9,2.77,2.8,3500
2011-12-07,2.7,2.77,2.66,2.77,2600
2011-12-08,2.77,2.77,2.77,2.77,0
2011-12-09,2.73,2.73,2.56,2.56,3600
2011-12-12,2.77,2.77,2.7,2.77,7200
2011-12-13,2.94,2.94,2.8,2.94,17100
2011-12-14,3.01,3.01,2.73,2.77,17100
2011-12-15,2.77,2.94,2.77,2.8,15200
2011-12-16,2.8,3.01,2.8,3.01,16900
2011-12-19,2.83,3.04,2.83,3.01,4700
2011-12-20,2.83,2.9,2.8,2.83,4200
2011-12-21,2.83,2.83,2.77,2.8,10000
2011-12-22,2.93,2.93,2.8,2.8,4300
2011-12-23,3.01,3.01,2.72,2.72,2500
2011-12-26,2.8,2.8,2.67,2.72,4400
2011-12-27,2.76,2.76,2.55,2.55,5100
2011-12-28,2.76,2.8,2.76,2.76,6000
2011-12-29,2.84,2.84,2.76,2.8,2000
2011-12-30,2.93,2.93,2.8,2.84,2300
2012-01-03,2.8,2.8,2.8,2.8,700
2012-01-04,2.8,2.8,2.8,2.8,1000
2012-01-05,2.76,2.76,2.63,2.67,3100
2012-01-06,2.76,2.8,2.67,2.67,2000
2012-01-09,2.67,2.67,2.67,2.67,0
2012-01-10,2.72,2.72,2.67,2.67,2000
2012-01-11,2.72,2.72,2.63,2.72,3800
2012-01-12,2.63,2.63,2.63,2.63,2000
2012-01-13,2.63,2.63,2.63,2.63,9000
2012-01-16,2.76,2.8,2.76,2.8,1800
2012-01-17,2.8,2.89,2.76,2.76,4400
2012-01-18,2.8,2.93,2.8,2.93,2500
2012-01-19,2.97,3.05,2.89,2.89,3800
2012-01-20,2.89,2.89,2.89,2.89,0
2012-01-30,2.89,2.89,2.89,2.89,0
2012-01-31,2.97,3.1,2.97,3.01,4500
2012-02-01,3.1,3.1,3.01,3.01,11400
2012-02-02,3.01,3.1,3.01,3.1,8500
2012-02-03,2.97,3.01,2.97,3.01,12200
2012-02-06,3.14,3.14,3.01,3.01,7100
2012-02-07,3.01,3.01,2.97,2.97,7500
2012-02-08,3.01,3.01,3.01,3.01,2500
2012-02-09,2.97,3.01,2.97,3.01,10000
2012-02-10,2.97,2.97,2.89,2.89,7600
2012-02-13,2.89,2.89,2.89,2.89,0
2012-02-14,2.97,2.97,2.97,2.97,6000
2012-02-15,3.01,3.01,2.93,2.93,6000
2012-02-16,2.89,2.93,2.8,2.8,9900
2012-02-17,2.97,3.01,2.72,2.89,7300
2012-02-20,2.93,2.93,2.89,2.89,3100
2012-02-21,2.97,2.97,2.89,2.89,1900
2012-02-22,2.89,2.89,2.89,2.89,2000
2012-02-23,2.84,2.93,2.72,2.84,14300
2012-02-24,2.93,2.93,2.8,2.8,9500
2012-02-27,2.8,2.97,2.8,2.97,8100
2012-02-28,2.93,2.93,2.84,2.84,8500
2012-02-29,2.89,2.89,2.84,2.89,3500
2012-03-01,2.97,3.01,2.89,2.89,6400
2012-03-02,2.97,2.97,2.97,2.97,3700
2012-03-05,2.97,3.14,2.97,3.14,146800
2012-03-06,3.27,3.31,3.01,3.01,28100
2012-03-07,3.01,3.14,3.01,3.14,1200
2012-03-08,3.14,3.18,3.14,3.14,2400
2012-03-09,3.14,3.14,2.93,2.93,17100
2012-03-12,2.84,2.93,2.84,2.89,15000
2012-03-13,2.72,2.89,2.67,2.72,8400
2012-03-14,2.8,2.8,2.76,2.76,16100
2012-03-15,2.8,2.89,2.8,2.89,5500
2012-03-16,2.97,2.97,2.84,2.84,14200
2012-03-19,2.97,3.01,2.84,2.89,3800
2012-03-20,2.89,2.89,2.89,2.89,5200
2012-03-21,2.89,2.93,2.89,2.93,13000
2012-03-22,2.8,3.01,2.8,3.01,17100
2012-03-23,3.01,3.05,2.97,2.97,16100
2012-03-26,3.1,3.14,2.97,3.1,34200
2012-03-27,3.22,3.27,2.97,2.97,17800
2012-03-28,3.05,3.14,2.93,3.05,17000
2012-03-29,2.97,3.05,2.93,3.05,5800
2012-03-30,2.93,2.93,2.84,2.84,31200
2012-04-03,2.97,3.01,2.84,3.01,20100
2012-04-04,2.97,2.97,2.89,2.89,4300
2012-04-05,2.97,3.01,2.97,3.01,1000
2012-04-06,2.97,3.01,2.93,3.01,4800
2012-04-09,3.01,3.01,2.93,2.97,4000
2012-04-10,2.97,2.97,2.89,2.97,2300
2012-04-11,2.93,3.1,2.93,3.1,7700
2012-04-12,2.97,3.1,2.93,3.1,10400
2012-04-13,2.97,3.05,2.97,2.97,24500
2012-04-16,2.97,3.01,2.93,2.97,20000
2012-04-17,3.01,3.1,3.01,3.1,34000
2012-04-18,3.14,3.22,3.05,3.14,24600
2012-04-19,3.18,3.18,2.89,3.05,9300
2012-04-20,3.1,3.1,2.97,3.1,8900
2012-04-23,3.1,3.1,2.93,3.05,29700
2012-04-24,3.01,3.05,2.97,3.05,14000
2012-04-25,3.1,3.14,3.01,3.14,25600
2012-04-26,3.22,3.22,2.97,3.18,28500
2012-04-27,3.18,3.22,3.18,3.18,14600
2012-05-02,3.18,3.39,3.18,3.39,94700
2012-05-03,3.48,3.52,3.39,3.48,24200
2012-05-04,3.48,3.61,3.48,3.48,27400
2012-05-07,3.69,3.73,3.69,3.73,17700
2012-05-08,3.99,3.99,3.86,3.95,79300
2012-05-09,3.95,3.95,3.78,3.86,39800
2012-05-10,4.03,4.12,3.65,4.03,58600
2012-05-11,3.9,3.99,3.78,3.78,44300
2012-05-14,3.73,3.73,3.52,3.52,41600
2012-05-15,3.52,3.65,3.31,3.31,17500
2012-05-16,3.18,3.48,3.14,3.48,8700
2012-05-17,3.39,3.44,3.22,3.39,18200
2012-05-18,3.31,3.31,3.14,3.27,12200
2012-05-21,3.39,3.48,3.39,3.48,21700
2012-05-22,3.56,3.56,3.35,3.52,2900
2012-05-23,3.48,3.52,3.27,3.27,6700
2012-05-24,3.48,3.48,3.05,3.22,19200
2012-05-25,3.27,3.44,3.27,3.44,6900
2012-05-28,3.52,3.52,3.22,3.48,3500
2012-05-29,3.27,3.27,3.27,3.27,2700
2012-05-30,3.31,3.31,3.1,3.27,11800
2012-05-31,3.31,3.31,3.1,3.27,1200
2012-06-01,3.1,3.22,3.05,3.22,11800
2012-06-04,3.05,3.1,3.01,3.1,12600
2012-06-05,3.14,3.14,2.93,3.14,1400
2012-06-06,3.27,3.27,3.14,3.14,3000
2012-06-07,3.18,3.31,2.97,3.31,23700
2012-06-08,3.44,3.44,3.18,3.18,4100
2012-06-11,3.35,3.35,3.18,3.35,2500
2012-06-12,3.35,3.35,3.1,3.22,4500
2012-06-13,3.22,3.22,3.01,3.05,5200
2012-06-14,3.14,3.18,3.01,3.18,2600
2012-06-15,3.22,3.22,3.18,3.18,500
2012-06-18,3.31,3.31,3.18,3.22,6800
2012-06-19,3.22,3.31,3.05,3.31,700
2012-06-20,3.18,3.31,3.18,3.18,700
2012-06-21,3.31,3.31,3.27,3.27,300
2012-06-22,3.31,3.31,3.05,3.05,600
2012-06-25,3.18,3.18,3.18,3.18,200
2012-06-26,3.18,3.18,3.18,3.18,100
2012-06-27,3.14,3.14,3.14,3.14,2600
2012-06-28,3.18,3.18,3.18,3.18,100
2012-06-29,3.22,3.22,3.1,3.22,1600
2012-07-02,3.27,3.27,3.22,3.22,3100
2012-07-03,3.22,3.22,3.01,3.14,3400
2012-07-04,3.31,3.31,3.14,3.18,3700
2012-07-05,3.18,3.18,3.14,3.14,4200
2012-07-06,3.18,3.18,3.01,3.14,1200
2012-07-09,3.18,3.18,3.18,3.18,200
2012-07-10,3.14,3.14,3.01,3.14,2800
2012-07-11,3.27,3.27,3.14,3.18,1400
2012-07-12,3.01,3.14,2.97,3.14,3300
2012-07-13,3.18,3.18,3.18,3.18,200
2012-07-16,3.18,3.18,3.18,3.18,0
2012-07-17,3.22,3.22,3.18,3.18,5100
2012-07-18,3.05,3.05,3.05,3.05,200
2012-07-19,3.18,3.18,3.14,3.18,3000
2012-07-20,3.22,3.22,3.22,3.22,100
2012-07-23,3.01,3.18,3.01,3.14,9900
2012-07-24,2.97,3.14,2.97,3.14,1100
2012-07-25,3.14,3.18,3.14,3.18,300
2012-07-26,3.27,3.27,3.18,3.18,300
2012-07-27,3.14,3.14,3.14,3.14,100
2012-07-30,3.14,3.14,3.14,3.14,0
2012-07-31,3.01,3.14,3.01,3.14,1300
2012-08-01,2.93,2.97,2.93,2.93,17300
2012-08-02,2.76,3.01,2.76,3.01,9900
2012-08-03,3.05,3.05,2.89,3.01,3200
2012-08-06,3.01,3.01,2.93,3.01,4300
2012-08-07,3.01,3.01,2.89,2.97,2300
2012-08-08,3.01,3.01,2.89,2.97,600
2012-08-09,3.01,3.01,2.93,2.93,2100
2012-08-10,2.97,2.97,2.89,2.97,2400
2012-08-13,3.01,3.01,3.01,3.01,200
2012-08-14,3.01,3.01,2.89,2.89,400
2012-08-15,2.8,2.93,2.8,2.93,6100
2012-08-16,2.89,2.89,2.8,2.8,6400
2012-08-17,2.93,2.93,2.8,2.89,4100
2012-08-20,2.97,3.01,2.97,3.01,1000
2012-08-21,3.05,3.05,2.84,2.97,2400
2012-08-22,2.84,2.84,2.8,2.8,9800
2012-08-23,2.89,2.89,2.63,2.63,5600
2012-08-24,2.76,2.76,2.76,2.76,100
2012-08-27,2.89,2.89,2.72,2.72,4200
2012-08-28,2.76,2.76,2.76,2.76,100
2012-08-29,2.84,2.84,2.8,2.8,400
2012-08-30,2.89,2.93,2.8,2.93,3200
2012-08-31,2.93,2.93,2.93,2.93,0
2012-09-04,2.89,2.93,2.8,2.93,3600
2012-09-05,2.89,2.89,2.89,2.89,200
2012-09-06,2.89,2.89,2.89,2.89,0
2012-09-07,2.93,2.93,2.93,2.93,100
2012-09-10,2.76,2.76,2.76,2.76,4500
2012-09-11,2.84,2.84,2.63,2.76,800
2012-09-12,2.84,2.84,2.63,2.67,2500
2012-09-13,2.67,2.67,2.59,2.59,2200
2012-09-14,2.72,2.72,2.72,2.72,200
2012-09-17,2.84,2.84,2.59,2.84,1000
2012-09-18,2.67,2.76,2.67,2.67,2900
2012-09-19,2.63,2.63,2.63,2.63,900
2012-09-20,2.76,2.76,2.76,2.76,200
2012-09-21,2.84,2.84,2.84,2.84,200
2012-09-24,2.84,2.84,2.84,2.84,0
2012-09-25,2.84,2.84,2.84,2.84,0
2012-09-26,2.89,2.89,2.89,2.89,100
2012-09-27,2.89,2.89,2.89,2.89,0
2012-09-28,2.72,2.72,2.72,2.72,300
2012-10-01,2.8,2.8,2.72,2.72,1300
2012-10-02,2.72,2.72,2.72,2.72,200
2012-10-03,2.8,2.8,2.8,2.8,100
2012-10-04,2.84,2.84,2.84,2.84,100
2012-10-05,2.84,2.84,2.84,2.84,0
2012-10-08,2.89,2.89,2.89,2.89,100
2012-10-09,2.89,2.89,2.72,2.89,300
2012-10-10,2.89,2.89,2.72,2.72,400
2012-10-11,2.59,2.72,2.55,2.72,1100
2012-10-12,2.8,2.8,2.55,2.55,1100
2012-10-15,2.67,2.67,2.67,2.67,100
2012-10-16,2.76,2.76,2.76,2.76,200
2012-10-17,2.76,2.76,2.76,2.76,100
2012-10-18,2.8,2.8,2.8,2.8,100
2012-10-19,2.84,2.84,2.63,2.63,500
2012-10-22,2.63,2.63,2.63,2.63,0
2012-10-23,2.46,2.46,2.46,2.46,100
2012-10-24,2.55,2.55,2.55,2.55,1000
2012-10-25,2.55,2.55,2.55,2.55,600
2012-10-26,2.67,2.67,2.67,2.67,100
2012-10-29,2.67,2.67,2.67,2.67,0
2012-10-30,2.5,2.63,2.5,2.5,4300
2012-10-31,2.59,2.59,2.59,2.59,100
2012-11-01,2.5,2.5,2.5,2.5,200
2012-11-02,2.5,2.5,2.33,2.5,900
2012-11-05,2.59,2.59,2.59,2.59,100
2012-11-06,2.59,2.59,2.42,2.42,700
2012-11-07,2.29,2.46,2.29,2.46,1600
2012-11-08,2.5,2.5,2.5,2.5,100
2012-11-09,2.5,2.5,2.5,2.5,100
2012-11-12,2.55,2.59,2.5,2.59,2700
2012-11-13,2.67,2.67,2.67,2.67,100
2012-11-14,2.67,2.67,2.55,2.67,400
2012-11-15,2.67,2.72,2.55,2.67,1100
2012-11-16,2.5,2.5,2.5,2.5,200
2012-11-19,2.63,2.63,2.63,2.63,100
2012-11-20,2.63,2.63,2.63,2.63,0
2012-11-21,2.67,2.67,2.67,2.67,100
2012-11-22,2.72,2.72,2.5,2.5,200
2012-11-23,2.63,2.63,2.63,2.63,100
2012-11-26,2.67,2.67,2.46,2.67,1200
2012-11-27,2.72,2.72,2.5,2.5,200
2012-11-28,2.63,2.63,2.63,2.63,100
2012-11-29,2.72,2.72,2.72,2.72,100
2012-11-30,2.76,2.76,2.63,2.76,400
2012-12-03,2.8,2.8,2.59,2.8,400
2012-12-04,2.63,2.76,2.63,2.76,800
2012-12-05,2.76,2.8,2.76,2.8,200
2012-12-06,2.63,2.84,2.63,2.84,2100
2012-12-07,2.84,2.89,2.84,2.89,200
2012-12-10,2.93,2.93,2.93,2.93,100
2012-12-11,2.93,2.93,2.8,2.8,2900
2012-12-12,2.84,2.84,2.63,2.76,1800
2012-12-13,2.8,2.8,2.59,2.72,2400
2012-12-14,2.76,2.76,2.72,2.72,200
2012-12-17,2.55,2.76,2.55,2.55,1000
2012-12-18,2.63,2.63,2.63,2.63,100
2012-12-19,2.67,2.67,2.67,2.67,100
2012-12-20,2.76,2.76,2.5,2.76,900
2012-12-21,2.76,2.76,2.76,2.76,100
2012-12-24,2.8,2.84,2.76,2.84,1200
2012-12-25,2.72,2.72,2.72,2.72,100
2012-12-26,2.84,2.84,2.84,2.84,200
2012-12-27,2.89,2.89,2.67,2.89,800
2012-12-28,2.72,2.89,2.72,2.84,600
2013-01-02,2.84,2.93,2.84,2.93,400
2013-01-03,2.97,2.97,2.76,2.93,800
2013-01-04,2.76,2.93,2.76,2.93,2800
2013-01-07,2.93,2.97,2.76,2.89,4900
2013-01-08,2.84,2.84,2.84,2.84,200
2013-01-09,2.89,2.89,2.89,2.89,400
2013-01-10,2.89,2.89,2.89,2.89,0
2013-01-11,2.8,2.8,2.8,2.8,500
2013-01-14,2.89,2.89,2.89,2.89,100
2013-01-15,2.72,2.84,2.72,2.84,400
2013-01-16,2.93,2.93,2.72,2.84,400
2013-01-17,2.84,2.84,2.76,2.76,2000
2013-01-18,2.8,2.8,2.63,2.63,400
2013-01-21,2.63,2.8,2.63,2.8,400
2013-01-22,2.8,2.84,2.55,2.84,1500
2013-01-23,2.84,2.84,2.84,2.84,0
2013-01-24,2.84,2.84,2.84,2.84,0
2013-01-25,2.76,2.8,2.59,2.8,500
2013-01-28,2.8,2.8,2.8,2.8,0
2013-01-29,2.8,2.8,2.8,2.8,100
2013-01-30,2.84,2.84,2.59,2.76,400
2013-01-31,2.76,2.76,2.76,2.76,0
2013-02-01,2.55,2.8,2.55,2.8,2100
2013-02-04,2.8,2.8,2.8,2.8,0
2013-02-05,2.8,2.8,2.8,2.8,100
2013-02-06,2.8,2.84,2.8,2.84,200
2013-02-07,2.84,2.89,2.76,2.89,1400
2013-02-08,2.93,2.93,2.93,2.93,100
2013-02-18,2.97,2.97,2.93,2.93,200
2013-02-19,2.93,2.93,2.93,2.93,0
2013-02-20,2.72,2.84,2.67,2.67,2300
2013-02-21,2.8,2.8,2.63,2.67,4800
2013-02-22,2.8,2.8,2.8,2.8,100
2013-02-25,2.8,2.8,2.8,2.8,100
2013-02-26,2.76,2.84,2.63,2.84,600
2013-02-27,2.84,2.84,2.84,2.84,0
2013-02-28,2.63,2.76,2.63,2.76,700
2013-03-01,2.76,2.76,2.76,2.76,400
2013-03-04,2.59,2.72,2.59,2.72,200
2013-03-05,2.72,2.72,2.72,2.72,0
2013-03-06,2.72,2.72,2.67,2.72,600
2013-03-07,2.72,2.72,2.72,2.72,0
2013-03-08,2.67,2.67,2.67,2.67,100
2013-03-11,2.59,2.59,2.55,2.55,400
2013-03-12,2.55,2.59,2.46,2.46,600
2013-03-13,2.59,2.59,2.46,2.46,600
2013-03-14,2.5,2.63,2.33,2.63,6600
2013-03-15,2.67,2.67,2.38,2.38,6300
2013-03-18,2.46,2.46,2.16,2.33,14000
2013-03-19,2.16,2.21,2.12,2.21,8100
2013-03-20,2.16,2.16,1.99,2.08,27900
2013-03-21,2.08,2.12,2.04,2.08,4200
2013-03-22,2.04,2.08,1.95,2.08,7300
2013-03-25,1.95,1.99,1.95,1.99,5600
2013-03-26,2.04,2.04,2.04,2.04,700
2013-03-27,1.95,2.04,1.91,1.91,6200
2013-03-28,1.82,1.91,1.78,1.91,22400
2013-03-29,1.82,1.95,1.78,1.91,5500
2013-04-01,1.87,1.91,1.87,1.91,1600
2013-04-02,1.91,1.95,1.87,1.87,13100
2013-04-03,1.78,1.87,1.78,1.87,600
2013-04-04,1.82,1.82,1.82,1.82,2200
2013-04-05,1.82,1.95,1.82,1.95,2200
2013-04-08,1.95,1.95,1.78,1.87,6000
2013-04-09,1.74,1.74,1.7,1.7,16200
2013-04-10,1.82,1.87,1.82,1.87,5200
2013-04-11,1.91,1.91,1.91,1.91,100
2013-04-12,1.91,1.91,1.91,1.91,2500
2013-04-15,1.87,1.87,1.87,1.87,1500
2013-04-16,1.82,1.91,1.82,1.91,300
2013-04-17,1.91,1.91,1.91,1.91,100
2013-04-18,1.91,1.91,1.91,1.91,100
2013-04-22,1.91,1.91,1.91,1.91,100
2013-04-23,1.87,1.87,1.87,1.87,200
2013-04-24,1.91,1.91,1.7,1.91,1400
2013-04-25,1.91,1.91,1.91,1.91,100
2013-04-26,1.91,1.91,1.91,1.91,100
2013-05-02,1.91,1.91,1.78,1.78,200
2013-05-03,1.91,1.91,1.91,1.91,100
2013-05-06,2.04,2.04,1.99,2.04,1200
2013-05-07,2.04,2.04,2.04,2.04,200
2013-05-08,2.16,2.16,2.16,2.16,100
2013-05-09,2.33,2.33,2.33,2.33,100
2013-05-10,2.5,2.5,2.5,2.5,200
2013-05-13,2.55,2.55,2.55,2.55,200
2013-05-14,2.55,2.63,2.55,2.63,400
2013-05-15,2.63,2.63,2.63,2.63,0
2013-05-16,2.84,2.84,2.84,2.84,100
2013-05-17,2.84,2.84,2.84,2.84,0
2013-05-20,2.84,2.84,2.84,2.84,0
2013-05-21,2.59,2.59,2.59,2.59,1100
2013-05-22,2.59,2.59,2.33,2.33,1500
2013-05-23,2.5,2.5,2.12,2.12,200
2013-05-24,1.91,2.04,1.91,2.12,2000
2013-05-27,2.16,2.16,2.16,2.16,300
2013-05-28,2.33,2.33,1.95,1.95,2200
2013-05-29,2.08,2.08,1.82,1.99,1700
2013-05-30,1.99,1.99,1.99,1.99,0
2013-05-31,2.12,2.12,2.12,2.12,200
2013-06-03,1.91,2.04,1.91,1.91,4200
2013-06-04,1.99,1.99,1.78,1.99,3000
2013-06-05,1.99,1.99,1.99,1.99,100
2013-06-06,1.99,1.99,1.82,1.91,10500
2013-06-07,1.99,1.99,1.78,1.91,400
2013-06-10,1.91,1.91,1.78,1.91,1400
2013-06-11,1.95,1.95,1.95,1.95,100
2013-06-12,1.95,1.95,1.78,1.95,4500
2013-06-13,1.95,1.95,1.87,1.87,200
2013-06-14,1.87,1.87,1.82,1.87,2000
2013-06-17,1.99,1.99,1.99,1.99,100
2013-06-18,1.95,1.95,1.82,1.91,1200
2013-06-19,1.91,1.91,1.91,1.91,100
2013-06-20,1.91,1.91,1.91,1.91,100
2013-06-21,1.99,1.99,1.99,1.91,100
2013-06-24,1.95,1.95,1.82,1.82,10300
2013-06-25,1.91,1.91,1.74,1.82,3300
2013-06-26,1.91,1.91,1.7,1.91,5700
2013-06-27,1.91,1.91,1.74,1.91,21400
2013-06-28,1.87,1.87,1.87,1.87,100
2013-07-01,1.95,1.95,1.7,1.7,1900
2013-07-02,1.82,1.82,1.82,1.82,600
2013-07-03,1.87,1.87,1.65,1.82,2700
2013-07-04,1.87,1.87,1.65,1.65,300
2013-07-05,1.74,1.74,1.7,1.7,1600
2013-07-08,1.82,1.82,1.78,1.78,600
2013-07-09,1.87,1.87,1.7,1.82,1800
2013-07-10,1.87,1.87,1.65,1.82,1400
2013-07-11,1.82,1.82,1.82,1.82,100
2013-07-12,1.82,1.82,1.82,1.82,300
2013-07-15,1.95,1.95,1.65,1.7,1900
2013-07-16,1.82,1.82,1.82,1.82,200
2013-07-17,1.87,1.87,1.65,1.82,1700
2013-07-18,1.82,1.82,1.74,1.78,300
2013-07-19,1.91,1.91,1.91,1.91,100
2013-07-22,2.04,2.04,1.82,1.82,300
2013-07-23,1.87,1.87,1.87,1.87,100
2013-07-24,1.87,1.87,1.87,1.87,100
2013-07-25,1.87,1.87,1.78,1.78,200
2013-07-26,1.91,1.91,1.65,1.65,600
2013-07-29,1.74,1.74,1.61,1.61,200
2013-07-30,1.7,1.7,1.49,1.7,1000
2013-07-31,1.82,1.82,1.82,1.82,100
2013-08-01,1.87,1.87,1.87,1.87,100
2013-08-02,1.78,1.87,1.78,1.87,300
2013-08-05,1.91,1.91,1.91,1.91,100
2013-08-06,2.04,2.04,2.04,2.04,100
2013-08-07,2.16,2.16,2.16,2.16,100
2013-08-08,1.95,2.04,1.95,2.04,300
2013-08-09,1.87,1.87,1.87,1.87,1000
2013-08-12,1.87,1.87,1.87,1.87,0
2013-08-13,1.87,1.87,1.87,1.87,0
2013-08-14,1.87,1.87,1.87,1.87,0
2013-08-15,1.95,1.95,1.95,1.95,100
2013-08-16,1.87,1.87,1.78,1.87,3400
2013-08-19,1.99,1.99,1.99,1.99,100
2013-08-20,1.91,1.91,1.82,1.82,2100
2013-08-21,1.82,1.82,1.82,1.82,100
2013-08-22,1.95,1.95,1.95,1.95,100
2013-08-23,1.95,1.95,1.95,1.95,0
2013-08-26,1.99,1.99,1.78,1.95,1400
2013-08-27,1.99,1.99,1.78,1.87,1200
2013-08-28,1.87,1.87,1.87,1.87,100
2013-08-29,1.87,1.87,1.87,1.87,100
2013-08-30,1.87,1.87,1.87,1.87,100
2013-09-03,1.7,1.7,1.7,1.7,500
2013-09-04,1.82,1.82,1.82,1.82,300
2013-09-05,1.95,1.95,1.7,1.7,3400
2013-09-06,1.7,1.7,1.61,1.7,4100
2013-09-09,1.82,1.82,1.82,1.82,100
2013-09-10,1.82,1.82,1.7,1.7,200
2013-09-11,1.82,1.82,1.82,1.82,100
2013-09-12,1.91,1.91,1.7,1.7,2100
2013-09-13,1.82,1.82,1.82,1.82,100
2013-09-16,1.95,1.95,1.95,1.95,100
2013-09-17,1.95,1.95,1.78,1.78,300
2013-09-18,1.91,1.91,1.7,1.78,400
2013-09-19,1.91,1.91,1.91,1.91,100
2013-09-20,1.82,1.82,1.74,1.74,200
2013-09-23,1.87,1.87,1.87,1.87,100
2013-09-24,1.82,1.82,1.82,1.82,100
2013-09-25,1.65,1.74,1.65,1.65,1200
2013-09-26,1.61,1.7,1.57,1.65,4200
2013-09-27,1.74,1.74,1.74,1.74,100
2013-09-30,1.87,1.87,1.61,1.74,400
2013-10-01,1.87,1.87,1.57,1.7,300
2013-10-02,1.7,1.7,1.7,1.7,100
2013-10-03,1.82,1.82,1.53,1.7,900
2013-10-04,1.82,1.82,1.53,1.61,5000
2013-10-07,1.7,1.7,1.7,1.7,100
2013-10-08,1.7,1.7,1.7,1.7,0
2013-10-09,1.82,1.82,1.82,1.82,100
2013-10-10,1.78,1.78,1.65,1.65,300
2013-10-11,1.74,1.74,1.74,1.74,100
2013-10-14,1.87,1.87,1.57,1.7,300
2013-10-15,1.82,1.82,1.82,1.82,100
2013-10-16,1.82,1.82,1.65,1.65,7100
2013-10-17,1.74,1.74,1.53,1.65,600
2013-10-18,1.74,1.74,1.65,1.65,2400
2013-10-21,1.74,1.74,1.53,1.7,3600
2013-10-22,1.7,1.7,1.7,1.7,100
2013-10-23,1.82,1.82,1.82,1.82,100
2013-10-24,1.7,1.7,1.7,1.7,1300
2013-10-25,1.82,1.82,1.53,1.7,900
2013-10-28,1.82,1.82,1.65,1.7,500
2013-10-29,1.53,1.65,1.53,1.65,34400
2013-10-30,1.74,1.74,1.74,1.74,170
2013-10-31,1.87,1.87,1.61,1.74,700
2013-11-01,1.7,1.7,1.57,1.61,17300
2013-11-04,1.7,1.7,1.49,1.65,24300
2013-11-05,1.74,1.74,1.65,1.7,8000
2013-11-06,1.82,1.82,1.61,1.7,300
2013-11-07,1.78,1.82,1.65,1.78,9300
2013-11-08,1.7,1.78,1.61,1.74,4470
2013-11-11,1.87,1.87,1.7,1.7,4100
2013-11-12,1.82,1.82,1.7,1.74,3400
2013-11-13,1.87,1.87,1.7,1.7,3600
2013-11-14,1.82,1.82,1.7,1.7,600
2013-11-15,1.82,1.82,1.65,1.65,200
2013-11-18,1.74,1.78,1.7,1.78,13500
2013-11-19,1.91,1.91,1.7,1.78,3500
2013-11-20,1.91,1.91,1.74,1.78,19400
2013-11-21,1.95,1.95,1.78,1.87,7200
2013-11-22,2.04,2.04,2.04,1.87,170
2013-11-25,1.91,1.91,1.87,1.87,5300
2013-11-26,1.82,1.82,1.7,1.78,8300
2013-11-27,1.91,1.91,1.65,1.78,6430
2013-11-28,1.91,1.91,1.74,1.74,5800
2013-11-29,1.87,1.87,1.74,1.82,1600
2013-12-02,1.95,1.95,1.74,1.82,800
2013-12-03,1.91,1.91,1.78,1.82,8400
2013-12-04,1.87,1.87,1.74,1.74,400
2013-12-05,1.87,1.87,1.87,1.87,200
2013-12-06,1.99,1.99,1.99,1.99,100
2013-12-09,2.12,2.12,1.82,1.91,3500
2013-12-10,2.04,2.04,1.82,1.91,2200
2013-12-11,2.04,2.04,1.74,1.91,1600
2013-12-12,2.04,2.04,2.04,2.04,100
2013-12-13,2.16,2.16,1.87,1.87,2300
2013-12-16,1.95,1.99,1.95,1.99,1000
2013-12-17,2.12,2.12,1.82,1.82,3570
2013-12-18,1.95,1.95,1.95,1.95,200
2013-12-19,1.78,1.91,1.78,1.91,2200
2013-12-20,2.04,2.04,2.04,2.04,100
2013-12-23,1.95,1.95,1.87,1.87,300
2013-12-24,1.99,1.99,1.74,1.74,5400
2013-12-25,1.87,1.87,1.78,1.78,300
2013-12-26,1.91,1.91,1.74,1.82,1900
2013-12-27,1.91,1.91,1.91,1.91,100
2013-12-30,2.04,2.04,1.74,1.95,1900
2013-12-31,1.99,1.99,1.99,1.99,100
2014-01-02,2.12,2.12,1.82,1.87,8000
2014-01-03,1.74,1.82,1.74,1.82,3300
2014-01-06,1.95,1.95,1.87,1.87,2100
2014-01-07,1.91,1.91,1.74,1.87,1400
2014-01-08,1.95,1.95,1.78,1.82,9500
2014-01-09,1.95,1.95,1.82,1.87,3200
2014-01-10,1.95,1.95,1.87,1.91,5100
2014-01-13,1.99,1.99,1.78,1.87,2200
2014-01-14,1.87,1.99,1.82,1.95,12300
2014-01-15,2.04,2.04,2.04,2.04,100
2014-01-16,2.08,2.08,1.91,1.95,1800
2014-01-17,1.95,1.95,1.82,1.91,700
2014-01-20,1.95,1.95,1.95,1.95,100
2014-01-21,2.04,2.04,2.04,2.04,100
2014-01-22,2.12,2.12,2.12,2.12,100
2014-01-23,2.29,2.29,1.95,1.95,6100
2014-01-24,2.04,2.04,1.78,1.91,400
2014-01-27,1.91,1.91,1.91,1.91,100
2014-02-06,2.04,2.04,2.04,2.04,200
2014-02-07,2.12,2.12,1.87,1.87,15000
2014-02-10,1.99,1.99,1.91,1.91,300
2014-02-11,1.99,2.04,1.91,1.91,1300
2014-02-12,2.04,2.04,1.91,1.95,24500
2014-02-13,2.04,2.04,1.82,1.99,39100
2014-02-14,2.08,2.08,1.82,2.04,1600
2014-02-17,2.16,2.16,1.99,1.99,3600
2014-02-18,2.08,2.16,2.04,2.16,40210
2014-02-19,2.33,2.38,2.25,2.38,42900
2014-02-20,2.55,2.59,2.33,2.38,63500
2014-02-21,2.55,2.55,2.25,2.33,33100
2014-02-24,2.5,2.55,2.42,2.55,45300
2014-02-25,2.76,2.76,2.46,2.55,2790
2014-02-26,2.55,2.55,2.46,2.55,4300
2014-02-27,2.55,2.55,2.42,2.42,16300
2014-02-28,2.59,2.59,2.42,2.46,300
2014-03-03,2.59,2.59,2.59,2.59,100
2014-03-04,2.59,2.59,2.33,2.46,1200
2014-03-05,2.55,2.55,2.46,2.55,3300
2014-03-06,2.72,2.72,2.42,2.42,5800
2014-03-07,2.59,2.63,2.59,2.63,24170
2014-03-10,2.84,2.84,2.46,2.46,1600
2014-03-11,2.63,2.63,2.5,2.59,11700
2014-03-12,2.72,2.72,2.42,2.59,11370
2014-03-13,2.55,2.59,2.55,2.59,20700
2014-03-14,2.72,2.72,2.55,2.55,2600
2014-03-17,2.55,2.59,2.5,2.59,36240
2014-03-18,2.8,2.8,2.55,2.67,11760
2014-03-19,2.76,2.76,2.63,2.67,6110
2014-03-20,2.67,2.72,2.67,2.72,15300
2014-03-21,2.93,2.93,2.72,2.89,15914
2014-03-24,2.89,3.01,2.76,3.01,20700
2014-03-25,3.05,3.05,2.84,2.84,7900
2014-03-26,2.97,2.97,2.67,2.8,4040
2014-03-27,2.97,2.97,2.84,2.93,360
2014-03-28,3.14,3.14,2.8,2.97,1240
2014-03-31,3.22,3.22,2.72,2.8,3900
2014-04-01,2.8,2.8,2.63,2.8,1900
2014-04-02,2.8,2.8,2.55,2.76,5400
2014-04-03,2.97,2.97,2.97,2.97,100
2014-04-04,2.97,2.97,2.67,2.84,700
2014-04-07,2.97,2.97,2.97,2.97,100
2014-04-08,3.22,3.22,2.89,2.89,200
2014-04-10,3.1,3.1,2.63,2.63,4400
2014-04-11,2.84,2.84,2.76,2.76,1100
2014-04-14,2.89,2.89,2.89,2.89,100
2014-04-15,3.1,3.1,3.1,3.1,100
2014-04-16,2.89,2.89,2.89,2.89,200
2014-04-17,3.1,3.1,3.1,3.1,100
2014-04-18,3.35,3.35,2.93,2.93,200
2014-04-21,2.93,2.93,2.93,2.93,0
2014-04-22,2.67,2.67,2.67,2.67,100
2014-04-23,2.55,2.55,2.42,2.55,4600
2014-04-24,2.55,2.55,2.55,2.55,0
2014-04-25,2.38,2.38,2.29,2.29,4700
2014-04-28,2.46,2.46,2.46,2.46,100
2014-04-29,2.59,2.59,2.59,2.59,100
2014-05-05,2.67,2.67,2.67,2.67,100
2014-05-06,2.42,2.5,2.42,2.5,400
2014-05-07,2.67,2.67,2.29,2.67,500
2014-05-08,2.72,2.72,2.42,2.63,300
2014-05-09,2.84,2.84,2.84,2.84,100
2014-05-12,3.05,3.05,3.05,3.05,100
2014-05-13,2.93,2.93,2.93,2.93,100
2014-05-14,3.05,3.05,3.05,3.05,100
2014-05-15,3.1,3.1,3.1,3.1,100
2014-05-16,3.31,3.31,3.31,3.31,100
2014-05-19,3.39,3.39,3.18,3.18,700
2014-05-20,3.27,3.27,2.89,2.89,400
2014-05-21,3.1,3.1,3.1,3.1,100
2014-05-22,3.22,3.22,2.8,2.8,6300
2014-05-23,2.89,2.89,2.89,2.89,100
2014-05-26,3.05,3.05,3.05,3.05,100
2014-05-27,3.31,3.31,2.76,2.93,2400
2014-05-28,3.14,3.14,2.67,2.67,1300
2014-05-29,2.76,2.76,2.42,2.42,5700
2014-05-30,2.59,2.59,2.21,2.25,1100
2014-06-02,2.42,2.42,2.42,2.42,100
2014-06-03,2.5,2.5,2.25,2.46,400
2014-06-04,2.63,2.63,2.63,2.63,100
2014-06-05,2.63,2.63,2.63,2.63,100
2014-06-06,2.63,2.63,2.63,2.63,100
2014-06-09,2.8,2.8,2.8,2.8,100
2014-06-10,2.97,2.97,2.97,2.97,100
2014-06-11,2.89,2.89,2.89,2.89,100
2014-06-12,2.89,2.89,2.89,2.89,0
2014-06-13,3.1,3.1,2.63,2.63,200
2014-06-16,2.84,2.84,2.38,2.38,800
2014-06-17,2.55,2.55,2.16,2.16,900
2014-06-18,2.16,2.33,2.16,2.29,1400
2014-06-19,2.42,2.42,2.42,2.42,100
2014-06-20,2.59,2.59,2.25,2.29,1600
2014-06-23,2.46,2.46,2.46,2.46,100
2014-06-24,2.59,2.59,2.25,2.25,200
2014-06-25,2.25,2.29,2.25,2.29,500
2014-06-26,2.46,2.46,2.12,2.29,1300
2014-06-27,2.33,2.33,2.33,2.33,100
2014-06-30,2.5,2.5,2.5,2.5,100
2014-07-01,2.59,2.59,2.33,2.33,200
2014-07-02,2.46,2.46,2.16,2.21,3500
2014-07-03,2.38,2.38,2.16,2.25,1400
2014-07-04,2.42,2.42,2.29,2.29,600
2014-07-07,2.46,2.46,2.12,2.12,2400
2014-07-08,2.25,2.25,2.08,2.12,2600
2014-07-09,2.29,2.29,2.12,2.21,50200
2014-07-10,2.21,2.25,2.21,2.25,420
2014-07-11,2.42,2.42,2.42,2.42,100
2014-07-14,2.42,2.42,2.21,2.25,3900
2014-07-15,2.42,2.42,2.25,2.25,200
2014-07-16,2.42,2.42,2.16,2.25,3000
2014-07-17,2.25,2.25,2.08,2.21,700
2014-07-18,2.38,2.38,2.38,2.38,100
2014-07-21,2.25,2.25,2.25,2.25,100
2014-07-22,2.25,2.25,2.12,2.21,1200
2014-07-23,2.25,2.25,2.25,2.25,100
2014-07-24,2.12,2.25,2.04,2.16,2400
2014-07-25,2.33,2.33,2.33,2.33,100
2014-07-28,2.5,2.5,2.12,2.16,1600
2014-07-29,2.33,2.33,2.12,2.12,2100
2014-07-30,2.29,2.29,2.29,2.29,100
2014-07-31,2.42,2.42,2.21,2.25,1290
2014-08-01,2.42,2.42,2.08,2.12,2100
2014-08-04,2.29,2.29,1.95,2.21,700
2014-08-05,2.38,2.38,2.12,2.21,9810
2014-08-06,2.33,2.33,2.33,2.33,100
2014-08-07,2.42,2.42,2.42,2.42,100
2014-08-08,2.59,2.59,2.29,2.29,1200
2014-08-11,2.42,2.42,2.42,2.42,100
2014-08-12,2.59,2.59,2.59,2.59,100
2014-08-13,2.63,2.63,2.33,2.33,300
2014-08-14,2.5,2.5,2.12,2.12,4400
2014-08-15,2.29,2.29,2.08,2.08,1700
2014-08-18,2.21,2.21,1.99,2.21,1400
2014-08-19,2.38,2.38,1.99,2.12,5200
2014-08-20,2.29,2.29,2.29,2.29,600
2014-08-21,2.29,2.29,2.29,2.29,0
2014-08-22,2.08,2.25,2.08,2.12,6200
2014-08-25,2.29,2.29,2.29,2.29,100
2014-08-26,2.38,2.38,2.08,2.08,10000
2014-08-27,2.21,2.21,2.12,2.21,1000
2014-08-28,2.29,2.29,2.04,2.21,13400
2014-08-29,2.29,2.29,2.04,2.25,1700
2014-09-03,2.42,2.42,2.12,2.12,2200
2014-09-04,2.29,2.29,2.29,2.29,100
2014-09-05,2.38,2.38,2.08,2.29,900
2014-09-08,2.46,2.46,2.46,2.46,100
2014-09-09,2.63,2.63,2.25,2.25,1600
2014-09-10,2.42,2.42,2.25,2.29,300
2014-09-11,2.46,2.46,2.46,2.46,100
2014-09-12,2.46,2.46,2.25,2.25,3000
2014-09-15,2.42,2.42,2.08,2.21,11100
2014-09-16,2.38,2.38,2.08,2.21,11000
2014-09-17,2.38,2.38,2.21,2.25,8500
2014-09-18,2.38,2.38,2.16,2.16,22500
2014-09-19,2.33,2.33,2.12,2.16,1600
2014-09-22,2.33,2.33,2.33,2.33,100
2014-09-23,2.5,2.5,2.12,2.21,3100
2014-09-24,2.38,2.38,2.38,2.38,100
2014-09-25,2.55,2.55,2.16,2.16,1100
2014-09-26,2.33,2.33,2.04,2.21,1400
2014-09-29,2.38,2.38,2.04,2.04,9200
2014-09-30,2.16,2.16,2.04,2.16,10400
2014-10-01,2.33,2.33,2.12,2.29,38000
2014-10-02,2.33,2.33,2.12,2.29,2200
2014-10-03,2.29,2.29,2.29,2.29,100
2014-10-06,2.46,2.46,2.21,2.21,200
2014-10-07,2.29,2.29,2.08,2.21,11900
2014-10-08,2.38,2.38,2.21,2.29,4400
2014-10-09,2.38,2.38,2.16,2.25,1900
2014-10-10,2.25,2.25,2.12,2.12,2900
2014-10-13,2.29,2.29,2.12,2.25,9100
2014-10-14,2.25,2.25,2.12,2.12,4280
2014-10-15,2.29,2.29,2.08,2.12,2400
2014-10-16,2.25,2.25,2.04,2.04,800
2014-10-17,2.12,2.12,2.08,2.12,1620
2014-10-20,2.12,2.21,2.04,2.04,3500
2014-10-21,2.16,2.16,2.12,2.12,200
2014-10-22,2.29,2.29,2.29,2.29,100
2014-10-23,2.25,2.25,2.25,2.25,100
2014-10-24,2.38,2.38,2.12,2.12,7200
2014-10-27,2.29,2.29,2.04,2.12,1000
2014-10-28,2.29,2.29,2.29,2.29,100
2014-10-29,2.16,2.25,2.16,2.25,200
2014-10-30,2.12,2.16,2.12,2.16,1300
2014-10-31,2.25,2.25,2.12,2.12,5100
2014-11-03,2.16,2.16,2.16,2.16,100
2014-11-04,2.21,2.21,2.21,2.21,100
2014-11-05,2.21,2.21,2.21,2.21,100
2014-11-06,2.21,2.21,2.21,2.21,0
2014-11-07,2.16,2.21,2.12,2.16,23200
2014-11-10,2.16,2.21,2.16,2.21,8200
2014-11-11,2.21,2.21,2.21,2.21,1500
2014-11-12,2.25,2.25,2.12,2.12,5200
2014-11-13,2.21,2.25,2.16,2.25,13900
2014-11-14,2.21,2.21,2.21,2.21,4000
2014-11-17,2.21,2.21,2.16,2.16,11600
2014-11-18,2.33,2.33,2.21,2.21,5600
2014-11-19,2.21,2.25,2.21,2.25,19000
2014-11-20,2.25,2.25,2.21,2.21,400
2014-11-21,2.25,2.42,2.25,2.33,18400
2014-11-24,2.42,2.55,2.33,2.5,19060
2014-11-25,2.55,2.63,2.33,2.33,4900
2014-11-26,2.55,2.55,2.38,2.42,6800
2014-11-27,2.38,2.42,2.38,2.42,3700
2014-11-28,2.42,2.42,2.29,2.42,11000
2014-12-01,2.59,2.63,2.55,2.63,19000
2014-12-02,2.76,2.76,2.72,2.72,19200
2014-12-03,2.67,2.8,2.55,2.72,29700
2014-12-04,2.63,2.72,2.59,2.72,24400
2014-12-05,2.59,2.67,2.59,2.63,18700
2014-12-08,2.63,2.63,2.5,2.59,32500
2014-12-09,2.76,2.76,2.46,2.46,21800
2014-12-10,2.63,2.63,2.46,2.55,5620
2014-12-11,2.5,2.55,2.5,2.55,11600
2014-12-12,2.67,2.67,2.5,2.59,900
2014-12-15,2.59,2.59,2.5,2.5,400
2014-12-16,2.5,2.59,2.46,2.46,18000
2014-12-17,2.55,2.55,2.55,2.55,700
2014-12-18,2.46,2.55,2.42,2.55,1400
2014-12-19,2.55,2.55,2.46,2.46,2100
2014-12-22,2.55,2.55,2.46,2.46,22100
2014-12-23,2.55,2.55,2.42,2.46,2500
2014-12-24,2.5,2.55,2.5,2.55,7700
2014-12-25,2.63,2.63,2.63,2.63,200
2014-12-26,2.38,2.55,2.38,2.5,300
2014-12-29,2.72,2.72,2.72,2.72,100
2014-12-30,2.46,2.5,2.46,2.5,1200
2014-12-31,2.5,2.55,2.5,2.55,1100
2015-01-05,2.59,2.59,2.55,2.55,2400
2015-01-06,2.55,2.55,2.5,2.5,9300
2015-01-07,2.55,2.55,2.5,2.5,900
2015-01-08,2.55,2.55,2.42,2.55,2300
2015-01-09,2.72,2.72,2.63,2.63,680
2015-01-12,2.63,2.63,2.46,2.55,3200
2015-01-13,2.5,2.5,2.38,2.5,3400
2015-01-14,2.5,2.5,2.46,2.5,2100
2015-01-15,2.63,2.63,2.5,2.5,1100
2015-01-16,2.55,2.55,2.42,2.42,2000
2015-01-19,2.46,2.46,2.42,2.42,1500
2015-01-20,2.46,2.46,2.38,2.42,16000
2015-01-21,2.59,2.59,2.38,2.42,10600
2015-01-22,2.5,2.5,2.33,2.42,6700
2015-01-23,2.5,2.59,2.33,2.55,25500
2015-01-26,2.55,2.59,2.5,2.59,10800
2015-01-27,2.76,2.76,2.59,2.59,200
2015-01-28,2.8,2.8,2.5,2.55,43000
2015-01-29,2.76,2.76,2.55,2.55,11600
2015-01-30,2.59,2.59,2.5,2.55,8200
2015-02-02,2.55,2.55,2.46,2.5,10800
2015-02-03,2.46,2.5,2.46,2.5,5000
2015-02-04,2.55,2.55,2.5,2.55,2300
2015-02-05,2.55,2.67,2.42,2.46,10000
2015-02-06,2.63,2.63,2.63,2.63,200
2015-02-09,2.59,2.72,2.5,2.59,1400
2015-02-10,2.59,2.59,2.46,2.55,6000
2015-02-11,2.72,2.72,2.72,2.72,200
2015-02-12,2.67,2.72,2.46,2.67,17200
2015-02-13,2.76,2.76,2.46,2.46,8100
2015-02-24,2.63,2.63,2.46,2.55,2400
2015-02-25,2.76,2.76,2.5,2.55,4100
2015-02-26,2.55,2.59,2.5,2.59,4300
2015-02-27,2.8,2.8,2.67,2.67,380
2015-03-02,2.89,2.89,2.67,2.67,216
2015-03-03,2.72,2.72,2.72,2.72,100
2015-03-04,2.67,2.72,2.46,2.63,21800
2015-03-05,2.8,2.8,2.46,2.55,29000
2015-03-06,2.55,2.55,2.46,2.55,1500
2015-03-09,2.67,2.67,2.42,2.55,4000
2015-03-10,2.59,2.59,2.5,2.55,8100
2015-03-11,2.67,2.67,2.67,2.67,100
2015-03-12,2.8,2.8,2.55,2.59,6700
2015-03-13,2.59,2.76,2.5,2.76,71500
2015-03-16,2.67,2.67,2.55,2.67,1900
2015-03-17,2.67,2.67,2.67,2.67,0
2015-03-18,2.89,2.89,2.55,2.55,3200
2015-03-19,2.59,2.72,2.55,2.59,2050
2015-03-20,2.76,2.76,2.55,2.59,3850
2015-03-23,2.76,2.76,2.55,2.59,400
2015-03-24,2.55,2.55,2.5,2.5,2550
2015-03-25,2.67,2.67,2.67,2.67,100
2015-03-26,2.59,2.59,2.55,2.55,4300
2015-03-27,2.55,2.59,2.55,2.59,2200
2015-03-30,2.59,2.59,2.42,2.55,400
2015-03-31,2.55,2.55,2.55,2.55,1300
2015-04-01,2.59,2.59,2.46,2.46,2200
2015-04-02,2.55,2.55,2.46,2.46,29900
2015-04-03,2.59,2.59,2.59,2.59,100
2015-04-06,2.59,2.59,2.59,2.59,100
2015-04-07,2.59,2.63,2.46,2.59,7700
2015-04-08,2.59,2.59,2.46,2.46,1800
2015-04-09,2.55,2.55,2.46,2.46,2124
2015-04-10,2.59,2.59,2.59,2.59,100
2015-04-13,2.76,2.76,2.55,2.59,1200
2015-04-14,2.59,2.63,2.46,2.55,2300
2015-04-15,2.55,2.55,2.55,2.55,2100
2015-04-16,2.59,2.63,2.59,2.63,200
2015-04-17,2.59,2.59,2.46,2.55,2700
2015-04-20,2.55,2.55,2.55,2.55,200
2015-04-21,2.72,2.72,2.5,2.5,1100
2015-04-22,2.42,2.5,2.42,2.5,4300
2015-04-23,2.5,2.5,2.5,2.5,1000
2015-04-24,2.42,2.46,2.38,2.38,9000
2015-04-27,2.46,2.46,2.46,2.46,100
2015-05-04,2.46,2.46,2.46,2.46,100
2015-05-05,2.55,2.55,2.42,2.42,1000
2015-05-06,2.55,2.55,2.55,2.55,100
2015-05-07,2.55,2.55,2.55,2.55,100
2015-05-08,2.55,2.55,2.55,2.55,0
2015-05-11,2.63,2.63,2.63,2.63,100
2015-05-12,2.72,2.72,2.72,2.72,100
2015-05-13,2.72,2.72,2.72,2.72,0
2015-05-14,2.89,2.89,2.89,2.89,100
2015-05-15,2.89,2.89,2.89,2.89,100
2015-05-18,2.89,2.89,2.89,2.89,100
2015-05-19,2.89,2.89,2.89,2.89,100
2015-05-20,2.63,2.63,2.63,2.63,100
2015-05-21,2.59,2.59,2.38,2.38,800
2015-05-22,2.5,2.5,2.38,2.42,12300
2015-05-25,2.5,2.5,2.38,2.38,2600
2015-05-26,2.42,2.42,2.38,2.38,5400
2015-05-27,2.42,2.42,2.42,2.42,100
2015-05-28,2.38,2.38,2.33,2.38,17300
2015-05-29,2.46,2.46,2.33,2.33,5100
2015-06-01,2.38,2.38,2.33,2.33,2700
2015-06-02,2.38,2.38,2.38,2.38,100
2015-06-03,2.55,2.55,2.25,2.38,1100
2015-06-04,2.29,2.33,2.25,2.33,3600
2015-06-05,2.42,2.42,2.33,2.33,22900
2015-06-08,2.33,2.33,2.33,2.33,3800
2015-06-09,2.5,2.5,2.33,2.38,2560
2015-06-10,2.55,2.55,2.42,2.46,15200
2015-06-11,2.55,2.55,2.46,2.5,9200
2015-06-12,2.67,2.67,2.5,2.5,15200
2015-06-15,2.29,2.55,2.29,2.55,13900
2015-06-16,2.76,2.76,2.76,2.76,100
2015-06-17,2.89,2.89,2.5,2.5,25300
2015-06-18,2.67,2.67,2.33,2.33,1200
2015-06-19,2.5,2.5,2.5,2.5,15400
2015-06-22,2.67,2.67,2.5,2.55,13300
2015-06-23,2.76,2.76,2.5,2.55,7400
2015-06-24,2.59,2.59,2.5,2.5,5100
2015-06-25,2.55,2.55,2.55,2.55,100
2015-06-26,2.76,2.76,2.46,2.5,17320
2015-06-29,2.67,2.67,2.42,2.5,9200
2015-06-30,2.55,2.55,2.46,2.46,3600
2015-07-01,2.67,2.67,2.67,2.67,100
2015-07-02,2.42,2.5,2.42,2.5,700
2015-07-03,2.67,2.67,2.46,2.5,11200
2015-07-06,2.67,2.67,2.5,2.55,12300
2015-07-07,2.76,2.76,2.5,2.59,7800
2015-07-08,2.59,2.59,2.55,2.55,200
2015-07-09,2.76,2.76,2.5,2.55,6820
2015-07-10,2.59,2.59,2.5,2.5,1000
2015-07-13,2.5,2.5,2.5,2.5,7700
2015-07-14,2.5,2.5,2.5,2.5,0
2015-07-15,2.5,2.67,2.5,2.67,1400
2015-07-16,2.55,2.55,2.5,2.5,1300
2015-07-17,2.5,2.5,2.5,2.5,0
2015-07-20,2.42,2.42,2.42,2.42,2600
2015-07-21,2.55,2.55,2.55,2.55,100
2015-07-22,2.42,2.55,2.42,2.55,2500
2015-07-23,2.55,2.55,2.5,2.5,5400
2015-07-24,2.5,2.55,2.5,2.55,1400
2015-07-27,2.5,2.55,2.5,2.5,1200
2015-07-28,2.55,2.55,2.5,2.55,1100
2015-07-29,2.55,2.55,2.55,2.55,0
2015-07-30,2.55,2.55,2.55,2.55,100
2015-07-31,2.55,2.55,2.5,2.5,900
2015-08-03,2.55,2.55,2.5,2.5,400
2015-08-04,2.5,2.5,2.5,2.5,100
2015-08-05,2.5,2.55,2.5,2.55,200
2015-08-06,2.67,2.67,2.67,2.67,100
2015-08-07,2.72,2.72,2.55,2.55,200
2015-08-10,2.55,2.55,2.55,2.55,130
2015-08-11,2.55,2.55,2.55,2.55,0
2015-08-12,2.55,2.55,2.55,2.55,100
2015-08-13,2.63,2.63,2.63,2.63,100
2015-08-14,2.63,2.63,2.63,2.63,100
2015-08-17,2.8,2.8,2.8,2.8,100
2015-08-18,2.89,2.89,2.89,2.89,100
2015-08-19,2.63,2.63,2.63,2.63,100
2015-08-20,2.55,2.55,2.55,2.55,100
2015-08-21,2.55,2.55,2.55,2.55,0
2015-08-24,2.72,2.72,2.33,2.33,300
2015-08-25,2.33,2.33,2.33,2.33,0
2015-08-26,2.33,2.5,2.29,2.5,10700
2015-08-27,2.46,2.46,2.33,2.46,31600
2015-08-28,2.46,2.46,2.29,2.29,14100
2015-08-31,2.46,2.46,2.25,2.25,17600
2015-09-01,2.42,2.42,2.21,2.25,5400
2015-09-03,2.42,2.42,2.21,2.33,1800
2015-09-04,2.33,2.33,2.16,2.21,6100
2015-09-07,2.38,2.38,2.16,2.25,15900
2015-09-08,2.29,2.29,2.21,2.25,20400
2015-09-09,2.21,2.29,2.21,2.25,4400
2015-09-10,2.21,2.25,2.21,2.25,8900
2015-09-11,2.21,2.25,2.21,2.25,600
2015-09-14,2.25,2.38,2.25,2.38,7100
2015-09-15,2.38,2.38,2.25,2.25,3400
2015-09-16,2.33,2.33,2.25,2.33,500
2015-09-17,2.25,2.25,2.16,2.25,2000
2015-09-18,2.25,2.29,2.25,2.25,4500
2015-09-21,2.21,2.21,2.21,2.21,100
2015-09-22,2.38,2.38,2.16,2.16,200
2015-09-23,2.33,2.33,2.16,2.16,1100
2015-09-24,2.29,2.29,2.25,2.25,400
2015-09-25,2.29,2.29,2.21,2.21,6000
2015-09-28,2.25,2.25,2.16,2.16,6800
2015-09-29,2.25,2.25,2.12,2.21,5400
2015-09-30,2.25,2.25,2.25,2.25,160
2015-10-01,2.25,2.25,2.12,2.12,200
2015-10-02,2.25,2.25,2.08,2.08,200
2015-10-05,2.21,2.21,2.04,2.04,200
2015-10-06,2.16,2.21,2.16,2.21,5900
2015-10-07,2.38,2.38,2.21,2.29,2200
2015-10-08,2.29,2.29,2.25,2.29,1220
2015-10-09,2.42,2.42,2.29,2.29,5600
2015-10-12,2.33,2.38,2.33,2.33,7300
2015-10-13,2.38,2.38,2.25,2.29,5400
2015-10-14,2.38,2.38,2.29,2.29,300
2015-10-15,2.46,2.46,2.25,2.25,400
2015-10-16,2.38,2.38,2.38,2.38,100
2015-10-19,2.5,2.5,2.16,2.16,200
2015-10-20,2.29,2.29,2.16,2.16,7300
2015-10-21,2.33,2.33,2.29,2.29,3400
2015-10-22,2.38,2.38,2.21,2.21,220
2015-10-23,2.38,2.38,2.21,2.25,400
2015-10-26,2.33,2.38,2.33,2.38,6200
2015-10-27,2.55,2.55,2.38,2.42,1200
2015-10-28,2.59,2.59,2.33,2.55,41100
2015-10-29,2.76,2.76,2.33,2.59,2800
2015-10-30,2.63,2.63,2.33,2.33,700
2015-11-02,2.46,2.46,2.46,2.46,300
2015-11-03,2.55,2.55,2.25,2.25,530
2015-11-04,2.38,2.38,2.33,2.38,10600
2015-11-05,2.55,2.55,2.55,2.55,600
2015-11-06,2.76,2.76,2.46,2.55,21060
2015-11-09,2.67,2.67,2.33,2.33,12400
2015-11-10,2.33,2.33,2.21,2.21,15600
2015-11-11,2.38,2.38,2.12,2.12,13900
2015-11-12,2.29,2.29,2.29,2.29,2300
2015-11-13,2.46,2.46,2.12,2.12,200
2015-11-16,2.29,2.29,2.04,2.16,7400
2015-11-17,2.33,2.33,2.12,2.16,8300
2015-11-18,2.29,2.29,2.29,2.29,100
2015-11-19,2.29,2.29,2.25,2.25,300
2015-11-20,2.29,2.29,2.08,2.08,200
2015-11-23,2.16,2.16,2.16,2.16,3100
2015-11-24,2.33,2.33,2.12,2.16,14100
2015-11-25,2.21,2.21,2.12,2.16,600
2015-11-26,2.33,2.33,2.16,2.16,1900
2015-11-27,2.25,2.25,2.16,2.16,4500
2015-11-30,2.21,2.21,2.12,2.16,1100
2015-12-01,2.29,2.29,1.95,1.95,600
2015-12-02,2.12,2.12,1.95,2.08,4200
2015-12-03,2.16,2.16,2.16,2.16,100
2015-12-04,2.29,2.29,2.29,2.29,100
2015-12-07,2.46,2.46,2.21,2.21,600
2015-12-08,2.21,2.21,2.16,2.16,500
2015-12-09,2.21,2.21,2.21,2.21,100
2015-12-10,2.21,2.21,2.21,2.21,100
2015-12-11,2.16,2.25,2.16,2.25,200
2015-12-14,2.38,2.38,2.25,2.25,4500
2015-12-15,2.33,2.33,2.25,2.25,6300
2015-12-16,2.29,2.33,2.29,2.33,18000
2015-12-17,2.5,2.5,2.33,2.5,600
2015-12-18,2.67,2.67,2.5,2.5,300
2015-12-21,2.59,2.59,2.28,2.28,200
2015-12-22,2.46,2.46,2.32,2.32,400
2015-12-23,2.41,2.55,2.41,2.46,7000
2015-12-24,2.55,2.55,2.55,2.55,100
2015-12-25,2.59,2.64,2.32,2.32,4400
2015-12-28,2.5,2.5,2.37,2.37,800
2015-12-29,2.55,2.55,2.5,2.5,600
2015-12-30,2.73,2.73,2.64,2.64,600
2015-12-31,2.73,2.73,2.73,2.73,110
2016-01-04,2.87,2.87,2.59,2.59,600
2016-01-05,2.69,2.69,2.37,2.37,800
2016-01-06,2.37,2.37,2.37,2.37,500
2016-01-07,2.59,2.59,2.18,2.23,1420
2016-01-08,2.37,2.37,2.18,2.18,1900
2016-01-11,2.32,2.32,2.09,2.09,200
2016-01-12,2.28,2.28,2.05,2.05,1400
2016-01-13,2.23,2.23,2.23,2.23,5810
2016-01-14,2.37,2.37,2.09,2.09,200
2016-01-15,2.28,2.28,2.28,2.28,1400
2016-01-18,2.37,2.37,2.37,2.37,300
2016-01-19,2.55,2.55,2.23,2.23,200
2016-01-20,2.37,2.37,2.32,2.32,300
2016-01-21,2.5,2.5,2.09,2.09,20600
2016-01-22,2.23,2.23,2.23,2.23,300
2016-01-25,2.28,2.28,2.09,2.09,1300
2016-01-26,2.28,2.28,2.23,2.23,1800
2016-01-27,2.28,2.37,2.28,2.32,1500
2016-01-28,2.46,2.46,2.37,2.37,300
2016-01-29,2.5,2.5,2.18,2.18,200
2016-02-01,2.28,2.32,2.18,2.32,8400
2016-02-02,2.5,2.5,2.32,2.32,300
2016-02-03,2.5,2.5,2.18,2.18,200
2016-02-04,2.32,2.32,2.18,2.23,1700
2016-02-05,2.37,2.37,2.23,2.37,2200
2016-02-15,2.55,2.55,2.41,2.41,400
2016-02-16,2.59,2.59,2.41,2.46,400
2016-02-17,2.64,2.64,2.28,2.28,700
2016-02-18,2.28,2.28,2.28,2.28,930
2016-02-19,2.46,2.46,2.28,2.28,4600
2016-02-22,2.37,2.37,2.37,2.37,400
2016-02-23,2.5,2.5,2.28,2.28,2800
2016-02-24,2.32,2.41,2.32,2.41,2200
2016-02-25,2.59,2.59,2.32,2.32,800
2016-02-26,2.5,2.5,2.28,2.32,700
2016-02-29,2.5,2.5,2.41,2.41,400
2016-03-01,2.46,2.46,2.32,2.41,11240
2016-03-02,2.59,2.59,2.28,2.28,2690
2016-03-03,2.37,2.46,2.37,2.41,4410
2016-03-04,2.59,2.59,2.41,2.59,7000
2016-03-07,2.59,2.59,2.37,2.37,3700
2016-03-08,2.55,2.55,2.37,2.37,11340
2016-03-09,2.55,2.55,2.55,2.55,110
2016-03-10,2.37,2.37,2.37,2.37,1000
2016-03-11,2.55,2.55,2.55,2.55,1100
2016-03-14,2.73,2.73,2.5,2.55,6100
2016-03-15,2.73,2.73,2.32,2.64,7700
2016-03-16,2.78,2.82,2.46,2.82,9800
2016-03-17,2.73,2.73,2.64,2.64,1100
2016-03-18,2.82,2.82,2.55,2.64,380
2016-03-21,2.73,2.73,2.46,2.59,3470
2016-03-22,2.59,2.59,2.37,2.41,400
2016-03-23,2.59,2.59,2.37,2.55,6800
2016-03-24,2.73,2.73,2.37,2.55,1100
2016-03-25,2.55,2.55,2.37,2.37,200
2016-03-28,2.55,2.55,2.46,2.46,10400
2016-03-29,2.55,2.55,2.46,2.55,390
2016-03-30,2.59,2.69,2.46,2.69,9420
2016-03-31,2.82,2.82,2.55,2.69,8600
2016-04-01,2.82,2.82,2.46,2.69,660
2016-04-04,2.73,2.73,2.69,2.69,300
2016-04-05,2.78,2.78,2.46,2.69,500
2016-04-06,2.69,2.69,2.55,2.64,7400
2016-04-07,2.69,2.69,2.59,2.64,3100
2016-04-08,2.69,2.69,2.55,2.59,1700
2016-04-11,2.5,2.5,2.5,2.5,200
2016-04-12,2.64,2.64,2.55,2.55,2100
2016-04-13,2.64,2.64,2.59,2.64,3600
2016-04-14,2.82,2.82,2.82,2.82,100
2016-04-15,2.73,2.73,2.73,2.73,100
2016-04-19,2.69,2.69,2.69,2.69,100
2016-04-20,2.69,2.69,2.69,2.69,0
2016-04-21,2.82,2.82,2.78,2.78,300
2016-04-22,2.96,2.96,2.5,2.5,200
2016-04-25,2.69,2.69,2.5,2.5,200
2016-04-26,2.69,2.69,2.5,2.5,3600
2016-04-27,2.5,2.5,2.5,2.5,100
2016-04-28,2.28,2.5,2.28,2.32,2500
2016-04-29,2.32,2.32,2.32,2.32,0
2016-05-04,2.55,2.55,2.55,2.55,6100
2016-05-05,2.69,2.69,2.64,2.64,2100
2016-05-06,2.78,2.78,2.5,2.78,4100
2016-05-09,2.96,2.96,2.5,2.5,200
2016-05-10,2.69,2.73,2.69,2.69,5500
2016-05-11,2.64,2.78,2.5,2.5,300
2016-05-12,2.28,2.28,2.28,2.28,100
2016-05-13,2.28,2.28,2.28,2.28,0
2016-05-16,2.32,2.32,2.32,2.32,5570
2016-05-17,2.5,2.5,2.32,2.32,210
2016-05-18,2.32,2.32,2.23,2.23,4110
2016-05-19,2.23,2.23,2.23,2.23,0
2016-05-20,2.28,2.28,2.28,2.28,200
2016-05-23,2.37,2.37,2.37,2.37,300
2016-05-24,2.37,2.5,2.37,2.5,1600
2016-05-25,2.5,2.5,2.41,2.41,700
2016-05-26,2.41,2.41,2.41,2.41,500
2016-05-27,2.41,2.41,2.41,2.41,300
2016-05-30,2.41,2.41,2.41,2.41,1300
2016-05-31,2.41,2.41,2.41,2.41,500
2016-06-01,2.5,2.55,2.5,2.5,1800
2016-06-02,2.64,2.64,2.64,2.64,100
2016-06-03,2.5,2.5,2.5,2.5,500
2016-06-06,2.64,2.64,2.32,2.32,200
2016-06-07,2.28,2.28,2.28,2.28,100
2016-06-08,2.46,2.46,2.46,2.46,10000
2016-06-09,2.46,2.46,2.46,2.46,4700
2016-06-10,2.46,2.46,2.46,2.46,0
2016-06-13,2.46,2.46,2.46,2.46,2700
2016-06-14,2.5,2.64,2.5,2.55,13100
2016-06-15,2.55,2.55,2.55,2.55,2400
2016-06-16,2.59,2.73,2.55,2.55,7100
2016-06-17,2.55,2.55,2.55,2.55,500
2016-06-20,2.55,2.78,2.41,2.41,10100
2016-06-21,2.64,2.64,2.64,2.64,3900
2016-06-22,2.69,2.87,2.64,2.87,14100
2016-06-23,2.96,2.96,2.96,2.96,100
2016-06-24,2.87,3.0,2.69,3.0,18100
2016-06-27,3.19,3.19,2.73,2.73,2500
2016-06-28,2.87,2.87,2.55,2.55,200
2016-06-29,2.73,2.73,2.73,2.73,2100
2016-06-30,2.5,2.5,2.5,2.5,100
2016-07-01,2.73,2.73,2.41,2.41,200
2016-07-04,2.64,2.64,2.55,2.55,600
2016-07-05,2.78,2.78,2.78,2.78,400
2016-07-06,2.5,2.82,2.5,2.82,4400
2016-07-07,2.73,2.82,2.59,2.59,3800
2016-07-08,2.82,2.82,2.5,2.55,400
2016-07-11,2.78,2.78,2.64,2.64,2900
2016-07-12,2.64,2.64,2.64,2.64,1000
2016-07-13,2.59,2.73,2.59,2.73,600
2016-07-14,2.73,2.73,2.73,2.73,100
2016-07-15,2.73,2.73,2.73,2.73,0
2016-07-18,2.73,2.73,2.73,2.73,0
2016-07-19,2.78,2.78,2.78,2.78,3000
2016-07-20,2.78,2.78,2.78,2.78,0
2016-07-21,2.78,2.78,2.78,2.78,0
2016-07-22,2.78,2.78,2.78,2.78,0
2016-07-25,2.55,2.55,2.55,2.55,100
2016-07-26,2.41,2.41,2.41,2.41,100
2016-07-27,2.59,2.59,2.59,2.59,300
2016-07-28,2.59,2.59,2.59,2.59,0
2016-07-29,2.37,2.73,2.37,2.73,200
2016-08-01,2.82,2.82,2.55,2.82,300
2016-08-02,2.55,2.55,2.55,2.55,100
2016-08-03,2.37,2.46,2.37,2.41,4100
2016-08-04,2.41,2.41,2.41,2.41,100
2016-08-05,2.41,2.41,2.41,2.41,100
2016-08-08,2.41,2.41,2.41,2.41,10100
2016-08-09,2.28,2.37,2.28,2.37,200
2016-08-10,2.37,2.37,2.37,2.37,0
2016-08-11,2.14,2.41,2.14,2.41,200
2016-08-12,2.46,2.46,2.46,2.46,11100
2016-08-15,2.32,2.69,2.32,2.69,210
2016-08-16,2.69,2.69,2.69,2.69,1000
2016-08-17,2.69,2.69,2.69,2.69,0
2016-08-18,2.69,2.69,2.69,2.69,0
2016-08-19,2.69,2.69,2.69,2.69,0
2016-08-22,2.69,2.69,2.69,2.69,0
2016-08-23,2.55,2.55,2.55,2.55,1800
2016-08-24,2.37,2.69,2.37,2.69,2400
2016-08-25,2.87,2.87,2.69,2.69,600
2016-08-26,2.69,2.69,2.69,2.69,500
2016-08-29,2.5,2.5,2.5,2.5,1000
2016-08-30,2.32,2.55,2.32,2.55,700
2016-08-31,2.69,2.69,2.69,2.69,200
2016-09-01,2.5,2.5,2.5,2.5,1000
2016-09-05,2.5,2.5,2.5,2.5,0
2016-09-06,2.64,2.64,2.64,2.64,1800
2016-09-07,2.41,2.69,2.41,2.69,1200
2016-09-08,2.78,2.78,2.78,2.78,600
2016-09-09,2.78,2.78,2.78,2.78,0
2016-09-12,2.78,2.78,2.78,2.78,5000
2016-09-13,2.78,2.78,2.73,2.73,9200
2016-09-14,2.87,2.87,2.5,2.5,200
2016-09-15,2.73,2.73,2.73,2.73,18500
2016-09-16,2.55,2.82,2.55,2.78,2900
2016-09-19,2.91,2.91,2.55,2.87,500
2016-09-20,3.1,3.1,2.64,2.64,500
2016-09-21,2.5,2.82,2.5,2.82,2200
2016-09-22,2.91,2.91,2.64,2.82,5100
2016-09-23,2.82,2.82,2.82,2.82,4300
2016-09-26,2.73,2.91,2.64,2.64,4100
2016-09-27,2.82,2.82,2.5,2.82,3100
2016-09-28,2.78,2.78,2.78,2.78,8400
2016-09-29,2.59,2.87,2.59,2.87,2100
2016-09-30,2.64,2.64,2.64,2.64,100
2016-10-03,2.82,2.82,2.82,2.82,3100
2016-10-04,2.82,2.82,2.64,2.64,2130
2016-10-05,2.82,2.82,2.82,2.82,3000
2016-10-06,2.64,2.91,2.64,2.91,200
2016-10-07,2.64,2.64,2.64,2.64,400
2016-10-10,2.82,2.82,2.82,2.82,5710
2016-10-11,2.73,2.91,2.73,2.91,1000
2016-10-12,2.87,2.87,2.64,2.87,10200
2016-10-13,2.91,2.91,2.91,2.91,100
2016-10-14,2.73,2.91,2.73,2.91,300
2016-10-17,2.64,2.82,2.64,2.82,400
2016-10-18,2.64,3.1,2.64,2.64,2900
2016-10-19,2.64,2.64,2.64,2.64,800
2016-10-20,2.87,2.87,2.87,2.87,500
2016-10-21,2.69,2.69,2.69,2.69,500
2016-10-24,2.87,2.87,2.69,2.69,6300
2016-10-25,2.87,2.87,2.87,2.87,5000
2016-10-26,2.96,3.0,2.96,3.0,5000
2016-10-27,3.0,3.0,3.0,3.0,0
2016-10-28,3.05,3.05,2.87,2.87,8100
2016-10-31,2.87,2.87,2.87,2.87,2000
2016-11-01,3.05,3.05,2.59,3.05,8100
2016-11-02,3.23,3.23,3.23,3.23,100
2016-11-03,2.91,3.05,2.91,3.05,400
2016-11-04,2.78,2.78,2.78,2.78,500
2016-11-07,3.0,3.0,3.0,3.0,200
2016-11-08,3.19,3.19,2.96,2.96,3400
2016-11-09,3.0,3.0,3.0,3.0,200
2016-11-10,3.14,3.14,3.14,3.14,200
2016-11-11,2.87,3.19,2.87,3.05,500
2016-11-14,2.87,3.19,2.87,2.96,300
2016-11-15,3.14,3.14,3.14,3.14,100
2016-11-16,3.14,3.14,3.14,3.14,0
2016-11-17,3.14,3.14,3.14,3.14,0
2016-11-18,2.91,3.28,2.91,2.91,300
2016-11-21,2.91,2.91,2.91,2.91,0
2016-11-22,3.14,3.14,2.82,2.82,21400
2016-11-23,3.1,3.1,3.1,3.1,10300
2016-11-24,3.28,3.28,2.91,2.91,200
2016-11-25,2.73,2.73,2.69,2.69,600
2016-11-28,2.91,2.91,2.91,2.91,10000
2016-11-29,3.14,3.14,2.96,2.96,300
2016-11-30,2.96,2.96,2.96,2.96,0
2016-12-01,3.1,3.1,2.82,2.82,500
2016-12-02,2.82,2.82,2.82,2.82,0
2016-12-05,2.64,2.64,2.64,2.64,100
2016-12-06,2.87,2.87,2.87,2.87,200
2016-12-07,3.1,3.1,3.1,3.1,100
2016-12-08,3.1,3.1,3.1,3.1,0
2016-12-09,2.82,2.82,2.82,2.82,100
2016-12-12,2.82,2.82,2.82,2.82,0
2016-12-13,2.73,2.73,2.73,2.73,100
2016-12-14,2.59,2.59,2.59,2.59,100
2016-12-15,2.59,2.59,2.59,2.59,0
2016-12-16,2.46,2.46,2.46,2.46,100
2016-12-19,2.46,2.46,2.46,2.46,0
2016-12-20,2.46,2.46,2.46,2.46,0
2016-12-21,2.46,2.46,2.46,2.46,0
2016-12-22,2.41,2.69,2.41,2.69,500
2016-12-23,2.91,2.91,2.73,2.73,700
2016-12-26,2.5,2.5,2.5,2.5,800
2016-12-27,2.5,2.5,2.5,2.5,30
2016-12-28,2.73,2.73,2.59,2.59,600
2016-12-29,2.59,2.59,2.59,2.59,0
2016-12-30,2.78,2.78,2.78,2.78,200
2017-01-03,2.64,2.64,2.64,2.64,600
2017-01-04,2.69,2.69,2.69,2.69,400
2017-01-05,2.69,2.69,2.69,2.69,0
2017-01-06,2.69,2.69,2.69,2.69,0
2017-01-09,2.73,2.87,2.73,2.87,6100
2017-01-10,2.87,2.87,2.87,2.87,0
2017-01-11,2.87,2.87,2.87,2.87,0
2017-01-12,2.73,2.73,2.73,2.73,100
2017-01-13,2.73,2.73,2.73,2.73,0
2017-01-16,2.73,2.73,2.73,2.73,0
2017-01-17,2.73,2.73,2.73,2.73,3000
2017-01-18,2.64,2.64,2.64,2.64,5100
2017-01-19,2.64,2.64,2.64,2.64,0
2017-01-20,2.64,2.64,2.64,2.64,0
2017-01-23,2.64,2.64,2.64,2.64,0
2017-01-24,2.87,2.87,2.59,2.59,200
2017-01-25,2.59,2.59,2.59,2.59,0
2017-02-02,2.82,2.82,2.82,2.82,200
2017-02-03,2.82,3.05,2.82,2.87,2200
2017-02-06,2.73,2.73,2.73,2.73,100
2017-02-07,2.73,2.73,2.73,2.73,0
2017-02-08,2.73,2.73,2.73,2.73,6600
2017-02-09,2.73,2.73,2.73,2.73,1600
2017-02-10,2.46,2.73,2.46,2.73,7800
2017-02-13,2.82,2.91,2.82,2.91,800
2017-02-14,2.91,2.91,2.91,2.91,0
2017-02-15,3.14,3.14,2.64,2.64,820
2017-02-16,2.87,2.87,2.87,2.87,220
2017-02-17,2.87,2.87,2.87,2.87,0
2017-02-20,2.87,2.87,2.87,2.87,0
2017-02-21,2.91,2.91,2.91,2.91,7000
2017-02-22,2.91,2.91,2.91,2.91,0
2017-02-23,2.69,2.73,2.69,2.73,5700
2017-02-24,2.73,2.73,2.73,2.73,0
2017-02-27,2.73,2.96,2.73,2.96,5300
2017-02-28,2.96,2.96,2.96,2.96,10
2017-03-01,2.69,2.69,2.69,2.69,100
2017-03-02,2.91,2.91,2.91,2.91,8400
2017-03-03,2.91,2.91,2.91,2.91,0
2017-03-06,2.91,2.91,2.91,2.91,2600
2017-03-07,3.1,3.1,3.1,3.1,1000
2017-03-08,2.82,2.82,2.82,2.82,100
2017-03-09,3.1,3.1,2.91,2.91,220
2017-03-10,2.96,3.19,2.82,2.82,2080
2017-03-13,2.82,2.82,2.82,2.82,0
2017-03-14,3.1,3.1,3.1,3.1,160
2017-03-15,3.24,3.24,3.05,3.05,1450
2017-03-16,2.95,3.14,2.95,3.14,200
2017-03-17,3.29,3.44,3.29,3.44,1000
2017-03-20,3.19,3.19,3.19,3.19,200
2017-03-21,3.19,3.19,3.05,3.05,2700
2017-03-22,3.05,3.05,3.05,3.05,160
2017-03-23,3.05,3.05,3.05,3.05,0
2017-03-24,3.09,3.09,3.09,3.09,2300
2017-03-27,3.0,3.0,2.8,2.8,200
2017-03-28,2.8,2.8,2.8,2.8,0
2017-03-29,2.8,2.8,2.8,2.8,0
2017-03-30,2.85,2.85,2.85,2.85,100
2017-03-31,3.09,3.09,2.95,2.95,200
2017-04-03,2.95,2.95,2.95,2.95,0
2017-04-04,2.95,2.95,2.95,2.95,0
2017-04-05,2.95,2.95,2.95,2.95,0
2017-04-07,2.95,2.95,2.95,2.95,0
2017-04-10,2.95,2.95,2.95,2.95,1320
2017-04-11,2.95,2.95,2.95,2.95,0
2017-04-12,2.95,2.95,2.95,2.95,1000
2017-04-13,2.95,2.95,2.95,2.95,0
2017-04-14,2.95,2.95,2.95,2.95,1200
2017-04-17,2.8,2.8,2.8,2.8,100
2017-04-18,2.8,2.8,2.8,2.8,0
2017-04-19,2.9,3.0,2.9,3.0,1200
2017-04-20,2.8,2.9,2.8,2.85,500
2017-04-21,2.85,2.85,2.85,2.85,0
2017-04-24,2.8,2.9,2.8,2.9,5000
2017-04-25,2.85,2.85,2.85,2.85,2200
2017-04-26,2.85,2.85,2.85,2.85,0
2017-04-27,3.09,3.09,3.09,3.09,4110
2017-04-28,3.09,3.09,3.09,3.09,0
2017-05-03,3.24,3.24,2.95,2.95,300
2017-05-04,2.95,2.95,2.95,2.95,0
2017-05-05,2.85,2.85,2.7,2.7,1500
2017-05-08,2.95,2.95,2.95,2.95,100
2017-05-09,2.95,2.95,2.95,2.95,0
2017-05-10,2.95,3.09,2.95,3.09,100600
2017-05-11,3.09,3.09,3.09,3.09,0
2017-05-12,3.14,3.14,3.09,3.09,500
2017-05-15,3.0,3.0,3.0,3.0,1260
2017-05-16,3.0,3.0,3.0,3.0,0
2017-05-17,3.09,3.09,3.09,3.09,4240
2017-05-18,3.09,3.09,3.09,3.09,0
2017-05-19,3.09,3.09,3.09,3.09,0
2017-05-22,3.09,3.09,3.09,3.09,48700
2017-05-23,3.09,3.09,3.09,3.09,0
2017-05-24,3.09,3.09,3.09,3.09,0
2017-05-25,3.09,3.09,3.09,3.09,5300
2017-05-26,3.09,3.09,3.09,3.09,5100
2017-05-29,3.09,3.09,3.09,3.09,7000
2017-05-30,3.09,3.09,3.09,3.09,0
2017-05-31,3.09,3.09,3.09,3.09,0
2017-06-01,3.09,3.09,3.09,3.09,0
2017-06-02,3.09,3.09,3.09,3.09,100
2017-06-05,3.09,3.09,3.09,3.09,5100
2017-06-06,3.09,3.09,3.09,3.09,0
2017-06-07,3.09,3.09,3.09,3.09,3000
2017-06-08,3.09,3.09,3.09,3.09,8500
2017-06-09,3.09,3.09,3.09,3.09,10000
2017-06-12,3.09,3.09,3.09,3.09,10000
2017-06-13,3.29,3.29,3.14,3.14,10200
2017-06-14,3.14,3.14,3.14,3.14,8600
2017-06-15,2.9,3.14,2.85,3.09,12100
2017-06-16,3.29,3.29,3.14,3.14,5100
2017-06-19,3.29,3.29,3.29,3.29,100
2017-06-20,3.39,3.39,3.0,3.0,200
2017-06-21,3.14,3.14,3.14,3.14,5010
2017-06-22,3.14,3.14,3.14,3.14,0
2017-06-23,3.19,3.19,3.19,3.19,100
2017-06-26,3.19,3.19,3.19,3.19,0
2017-06-27,3.19,3.19,3.19,3.19,0
2017-06-28,3.14,3.14,3.14,3.14,5000
2017-06-29,3.14,3.14,3.14,3.14,0
2017-06-30,3.14,3.14,3.14,3.14,7220
2017-07-03,3.29,3.29,3.29,3.29,100
2017-07-04,3.39,3.39,3.39,3.39,100
2017-07-05,3.49,3.49,3.09,3.19,7900
2017-07-06,2.9,2.9,2.9,2.9,3600
2017-07-07,3.14,3.14,3.14,3.14,400
2017-07-10,3.14,3.14,3.14,3.14,0
2017-07-11,3.19,3.19,3.19,3.19,100
2017-07-12,3.39,3.39,3.24,3.24,200
2017-07-13,2.95,3.19,2.95,3.19,2650
2017-07-14,3.29,3.29,3.29,3.29,100
2017-07-17,3.49,3.49,3.24,3.24,300
2017-07-18,3.24,3.24,3.24,3.24,200
2017-07-19,3.39,3.39,3.39,3.39,100
2017-07-20,3.09,3.24,3.09,3.24,630
2017-07-21,3.24,3.24,3.24,3.24,0
2017-07-24,3.24,3.24,3.24,3.24,100
2017-07-25,3.24,3.24,3.24,3.24,0
2017-07-26,3.24,3.24,3.24,3.24,0
2017-07-27,3.24,3.24,3.24,3.24,0
2017-07-28,3.24,3.24,3.24,3.24,0
2017-07-31,3.14,3.14,3.14,3.14,100
2017-08-01,2.95,2.95,2.95,2.95,200
2017-08-02,2.95,2.95,2.95,2.95,1000
2017-08-03,3.09,3.09,3.09,3.09,100
2017-08-04,3.24,3.24,3.24,3.24,100
2017-08-07,3.29,3.29,3.05,3.05,54000
2017-08-08,3.19,3.19,3.14,3.19,2200
2017-08-09,2.95,2.95,2.9,2.9,1800
2017-08-10,3.05,3.05,3.05,3.05,100
2017-08-11,3.19,3.19,3.19,3.19,160
2017-08-14,3.39,3.39,2.95,2.95,55300
2017-08-15,2.95,2.95,2.95,2.95,0
2017-08-16,3.14,3.14,3.14,3.14,100
2017-08-17,3.24,3.24,2.85,3.14,1260
2017-08-18,3.14,3.14,3.14,3.14,0
2017-08-21,3.09,3.09,2.9,3.09,1000
2017-08-22,3.14,3.14,3.14,3.14,100
2017-08-23,3.14,3.14,3.14,3.14,0
2017-08-24,3.14,3.14,3.14,3.14,0
2017-08-25,3.14,3.14,3.14,3.14,500
2017-08-28,3.14,3.14,3.14,3.14,40
2017-08-29,3.14,3.14,3.14,3.14,60
2017-08-30,3.09,3.09,3.09,3.09,5000
2017-08-31,3.19,3.19,3.0,3.0,5900
2017-09-01,2.7,3.0,2.7,3.0,1100
2017-09-05,3.09,3.09,3.09,3.09,1200
2017-09-06,3.09,3.09,3.09,3.09,4500
2017-09-07,3.09,3.09,3.09,3.09,800
2017-09-08,3.09,3.09,3.09,3.09,0
2017-09-11,3.09,3.09,3.09,3.09,300
2017-09-12,3.09,3.09,3.09,3.09,0
2017-09-13,3.09,3.09,3.09,3.09,1200
2017-09-14,3.09,3.09,3.09,3.09,0
2017-09-15,3.09,3.09,3.09,3.09,0
2017-09-18,3.09,3.09,3.09,3.09,7400
2017-09-19,3.09,3.09,2.9,3.0,650
2017-09-20,3.0,3.0,3.0,3.0,0
2017-09-21,3.09,3.09,3.09,3.09,4100
2017-09-22,3.09,3.09,3.09,3.09,0
2017-09-25,3.09,3.09,3.09,3.09,5100
2017-09-26,3.09,3.09,3.09,3.09,500
2017-09-27,3.09,3.19,3.09,3.19,4600
2017-09-28,3.19,3.19,3.19,3.19,100
2017-09-29,3.19,3.19,3.19,3.19,0
2017-10-02,3.0,3.0,3.0,3.0,100
2017-10-03,3.0,3.0,3.0,3.0,410
2017-10-04,3.0,3.0,3.0,3.0,0
2017-10-05,3.14,3.14,3.14,3.14,100
2017-10-06,3.14,3.14,3.14,3.14,0
2017-10-09,3.19,3.24,3.19,3.24,6400
2017-10-10,3.05,3.05,3.05,3.05,100
2017-10-11,3.05,3.05,3.05,3.05,0
2017-10-12,3.05,3.05,3.05,3.05,0
2017-10-13,3.05,3.05,3.05,3.05,0
2017-10-16,3.14,3.14,3.14,3.14,100
2017-10-17,3.29,3.34,3.29,3.34,600
2017-10-18,3.29,3.29,3.05,3.05,200
2017-10-19,3.24,3.24,3.24,3.24,100
2017-10-20,3.24,3.24,3.24,3.24,0
2017-10-23,3.24,3.24,3.09,3.09,600
2017-10-24,3.09,3.09,3.09,3.09,0
2017-10-25,3.24,3.24,3.24,3.24,100
2017-10-26,3.05,3.05,3.05,3.05,100
2017-10-27,3.05,3.05,3.05,3.05,0
2017-10-30,3.09,3.09,3.05,3.05,5000
2017-10-31,3.19,3.19,3.19,3.19,1500
2017-11-01,3.05,3.05,3.0,3.0,1200
2017-11-02,3.0,3.0,3.0,3.0,0
2017-11-03,3.09,3.14,3.0,3.05,1100
2017-11-06,3.05,3.05,3.05,3.05,0
2017-11-07,3.05,3.05,3.05,3.05,0
2017-11-08,3.24,3.24,3.0,3.09,620
2017-11-09,3.09,3.24,3.09,3.24,1400
2017-11-10,3.09,3.09,3.09,3.09,1000
2017-11-13,3.24,3.24,3.24,3.24,140
2017-11-14,3.24,3.24,3.24,3.24,0
2017-11-15,3.24,3.24,3.24,3.24,0
2017-11-16,3.19,3.19,2.95,3.0,14300
2017-11-17,3.0,3.19,3.0,3.19,4300
2017-11-20,3.19,3.19,3.19,3.19,0
2017-11-21,3.0,3.0,3.0,3.0,120
2017-11-22,3.0,3.05,3.0,3.05,15100
2017-11-23,3.0,3.05,3.0,3.0,4000
2017-11-24,3.0,3.05,3.0,3.0,12410
2017-11-27,3.0,3.0,3.0,3.0,0
2017-11-28,3.0,3.0,3.0,3.0,0
2017-11-29,3.09,3.09,3.09,3.09,5000
2017-11-30,3.05,3.05,3.0,3.0,21080
2017-12-01,3.0,3.29,3.0,3.29,45600
2017-12-04,3.29,3.29,3.29,3.29,0
2017-12-05,3.05,3.05,3.05,3.05,11000
2017-12-06,3.0,3.0,3.0,3.0,10600
2017-12-07,3.0,3.0,3.0,3.0,0
2017-12-08,3.0,3.0,3.0,3.0,0
2017-12-11,3.0,3.0,3.0,3.0,6800
2017-12-12,2.95,2.95,2.85,2.85,1440
2017-12-13,2.85,3.05,2.65,3.05,4000
2017-12-14,3.05,3.05,3.05,3.05,0
2017-12-15,3.09,3.09,3.09,3.09,400
2017-12-18,3.05,3.05,3.05,3.05,2000
2017-12-19,3.05,3.05,2.95,2.95,1000
2017-12-20,3.05,3.05,3.0,3.0,6400
2017-12-21,2.75,2.75,2.75,2.75,2400
2017-12-22,3.0,3.0,3.0,3.0,100
2017-12-25,2.9,2.95,2.9,2.95,5500
2017-12-26,3.0,3.0,3.0,3.0,12400
2017-12-27,3.05,3.05,3.0,3.0,1100
2017-12-28,3.19,3.19,2.95,2.95,1500
2017-12-29,2.7,3.05,2.7,3.05,3300
2018-01-02,3.05,3.05,3.0,3.0,9100
2018-01-03,3.0,3.0,3.0,3.0,3000
2018-01-04,3.0,3.0,3.0,3.0,0
2018-01-05,3.0,3.0,3.0,3.0,20
2018-01-08,3.19,3.19,3.0,3.0,55000
2018-01-09,2.9,3.0,2.9,3.0,6500
2018-01-10,3.0,3.0,3.0,3.0,15100
2018-01-11,3.0,3.0,3.0,3.0,0
2018-01-12,3.09,3.29,3.0,3.0,6700
2018-01-15,3.0,3.0,3.0,3.0,3000
2018-01-16,3.0,3.0,3.0,3.0,0
2018-01-17,3.0,3.0,3.0,3.0,0
2018-01-18,3.0,3.0,3.0,3.0,2900
2018-01-19,3.0,3.0,3.0,3.0,0
2018-01-22,3.0,3.0,3.0,3.0,1000
2018-01-23,3.0,3.0,3.0,3.0,0
2018-01-24,3.0,3.0,3.0,3.0,300
2018-01-25,3.0,3.0,3.0,3.0,2400
2018-01-26,3.0,3.0,3.0,3.0,10000
2018-01-29,3.0,3.0,3.0,3.0,0
2018-01-30,3.0,3.0,3.0,3.0,2200
2018-01-31,3.0,3.0,3.0,3.0,0
2018-02-01,3.0,3.0,3.0,3.0,0
2018-02-02,3.0,3.0,3.0,3.0,0
2018-02-05,2.75,2.75,2.75,2.75,2300
2018-02-06,2.75,2.75,2.75,2.75,0
2018-02-07,2.75,2.75,2.75,2.75,0
2018-02-08,3.0,3.0,3.0,3.0,100
2018-02-09,3.0,3.0,3.0,3.0,0
2018-02-12,3.0,3.0,3.0,3.0,0
2018-02-13,3.0,3.0,3.0,3.0,4020
2018-02-21,3.0,3.0,3.0,3.0,14200
2018-02-22,3.0,3.0,3.0,3.0,13500
2018-02-23,3.0,3.0,3.0,3.0,0
2018-02-26,3.0,3.0,3.0,3.0,0
2018-02-27,3.0,3.0,3.0,3.0,0
2018-02-28,3.0,3.0,3.0,3.0,2700
2018-03-01,3.0,3.0,3.0,3.0,2100
2018-03-02,3.0,3.0,3.0,3.0,0
2018-03-05,3.0,3.0,3.0,3.0,0
2018-03-06,3.0,3.0,3.0,3.0,50
2018-03-07,3.0,3.05,3.0,3.05,4600
2018-03-08,3.09,3.09,3.09,3.09,100
2018-03-09,3.09,3.09,3.09,3.09,1400
2018-03-12,2.85,2.85,2.85,2.85,500
2018-03-13,3.0,3.0,3.0,3.0,1800
2018-03-14,3.0,3.0,3.0,3.0,300
2018-03-15,3.0,3.0,3.0,3.0,2290
2018-03-16,3.0,3.0,3.0,3.0,500
2018-03-19,3.0,3.0,2.95,2.95,8700
2018-03-20,2.95,2.95,2.95,2.95,90
2018-03-21,2.95,2.95,2.95,2.95,0
2018-03-22,2.9,2.95,2.9,2.95,330
2018-03-23,2.95,2.95,2.95,2.95,7700
2018-03-26,2.9,2.95,2.9,2.95,6200
2018-03-27,2.95,2.95,2.95,2.95,400
2018-03-28,2.95,2.95,2.95,2.95,0
2018-03-29,2.95,3.0,2.95,2.95,10500
2018-03-30,2.95,2.95,2.95,2.95,0
2018-04-02,2.95,2.95,2.95,2.95,0
2018-04-03,2.95,2.95,2.95,2.95,0
2018-04-04,2.95,3.0,2.95,3.0,7500
2018-04-05,3.0,3.0,3.0,3.0,5000
2018-04-06,3.0,3.0,3.0,3.0,0
2018-04-09,3.05,3.05,3.05,3.05,2000
2018-04-10,3.09,3.24,2.95,2.95,400
2018-04-11,2.95,3.0,2.95,3.0,21000
2018-04-12,2.95,3.0,2.95,3.0,1700
2018-04-13,2.95,2.95,2.95,2.95,2000
2018-04-16,2.95,2.95,2.95,2.95,1000
2018-04-17,2.9,2.9,2.9,2.9,5400
2018-04-18,3.0,3.0,3.0,3.0,10000
2018-04-19,3.0,3.0,3.0,3.0,0
2018-04-20,3.0,3.0,3.0,3.0,0
2018-04-23,2.9,2.9,2.9,2.9,1400
2018-04-24,2.9,2.9,2.9,2.9,0
2018-04-26,2.9,2.9,2.9,2.9,0
2018-04-27,2.9,2.9,2.9,2.9,20
2018-05-02,2.9,2.9,2.9,2.9,0
2018-05-03,3.05,3.05,3.05,3.05,5800
2018-05-04,3.0,3.0,3.0,3.0,500
2018-05-07,3.0,3.0,3.0,3.0,500
2018-05-08,3.05,3.05,3.05,3.05,2000
2018-05-09,3.05,3.05,3.05,3.05,0
2018-05-10,3.05,3.05,3.05,3.05,0
2018-05-11,3.05,3.05,3.05,3.05,0
2018-05-14,3.05,3.05,3.05,3.05,0
2018-05-15,3.05,3.05,3.05,3.05,1500
2018-05-16,3.05,3.05,3.05,3.05,0
2018-05-17,3.05,3.05,3.05,3.05,200
2018-05-18,3.05,3.05,3.05,3.05,0
2018-05-21,3.05,3.05,3.05,3.05,0
2018-05-22,3.05,3.05,3.05,3.05,0
2018-05-23,3.05,3.05,3.05,3.05,0
2018-05-24,3.05,3.05,3.05,3.05,0
2018-05-25,3.05,3.05,3.05,3.05,0
2018-05-28,3.05,3.05,3.05,3.05,0
2018-05-29,3.0,3.0,3.0,3.0,500
2018-05-30,3.0,3.0,3.0,3.0,0
2018-05-31,3.0,3.0,3.0,3.0,0
2018-06-01,2.8,2.85,2.8,2.85,400
2018-06-04,2.85,2.85,2.85,2.85,0
2018-06-05,2.85,2.85,2.85,2.85,20
2018-06-06,3.05,3.05,3.05,3.05,300
2018-06-07,3.05,3.05,3.05,3.05,0
2018-06-08,3.05,3.05,3.05,3.05,0
2018-06-11,3.05,3.05,3.05,3.05,0
2018-06-12,3.05,3.05,3.05,3.05,0
2018-06-13,3.05,3.05,3.05,3.05,0
2018-06-14,3.05,3.05,3.05,3.05,0
2018-06-15,3.05,3.05,3.05,3.05,0
2018-06-18,3.05,3.05,3.05,3.05,0
2018-06-19,3.09,3.14,3.0,3.14,7800
2018-06-20,3.14,3.14,3.14,3.14,0
2018-06-21,3.29,3.29,3.29,3.29,100
2018-06-22,3.29,3.29,3.29,3.29,0
2018-06-25,3.29,3.29,3.05,3.05,200
2018-06-26,2.75,3.14,2.75,3.14,6700
2018-06-27,3.29,3.29,3.0,3.0,200
2018-06-28,3.16,3.28,3.0,3.0,1000
2018-06-29,3.11,3.11,3.11,3.11,500
2018-07-02,3.39,3.39,3.39,3.39,200
2018-07-03,3.39,3.39,3.11,3.11,5800
2018-07-04,3.33,3.33,3.33,3.33,180
2018-07-05,3.39,3.39,3.39,3.39,100
2018-07-06,3.5,3.5,3.5,3.5,100
2018-07-09,3.33,3.39,3.33,3.39,4500
2018-07-10,3.39,3.39,3.39,3.39,220
2018-07-11,3.16,3.16,3.05,3.05,1200
2018-07-12,2.88,3.28,2.88,3.28,200
2018-07-13,3.05,3.05,3.0,3.0,6400
2018-07-16,3.28,3.28,3.28,3.28,100
2018-07-17,3.28,3.28,3.28,3.28,0
2018-07-18,3.05,3.05,3.05,3.05,100
2018-07-19,3.05,3.05,3.05,3.05,0
2018-07-20,3.05,3.05,3.05,3.05,0
2018-07-23,3.33,3.33,3.33,3.33,1000
2018-07-24,3.05,3.05,3.05,3.05,100
2018-07-25,3.05,3.05,3.05,3.05,0
2018-07-26,3.05,3.05,3.05,3.05,800
2018-07-27,3.05,3.05,3.05,3.05,0
2018-07-30,3.05,3.05,3.05,3.05,0
2018-07-31,3.28,3.28,3.28,3.28,100
2018-08-01,3.28,3.28,3.28,3.28,0
2018-08-02,3.28,3.28,3.28,3.28,0
2018-08-03,3.28,3.28,3.28,3.28,0
2018-08-06,3.28,3.28,3.28,3.28,0
2018-08-07,3.05,3.05,3.05,3.05,100
2018-08-08,3.05,3.05,3.05,3.05,0
2018-08-09,3.05,3.05,3.05,3.05,0
2018-08-10,3.05,3.33,3.05,3.33,1600
2018-08-13,3.33,3.33,3.33,3.33,0
2018-08-14,3.33,3.33,3.33,3.33,0
2018-08-15,3.33,3.33,3.33,3.33,0
2018-08-16,3.33,3.33,3.33,3.33,1100
2018-08-17,3.33,3.33,3.33,3.33,0
2018-08-20,3.33,3.33,3.33,3.33,0
2018-08-21,3.33,3.33,3.33,3.33,0
2018-08-22,3.33,3.33,3.33,3.33,0
2018-08-23,3.33,3.33,3.05,3.28,49020
2018-08-24,3.0,3.05,3.0,3.0,12100
2018-08-27,3.0,3.22,3.0,3.22,6100
2018-08-28,3.22,3.22,3.22,3.22,0
2018-08-29,3.22,3.22,3.22,3.22,0
2018-08-30,3.22,3.22,3.22,3.22,0
2018-08-31,3.22,3.22,3.22,3.22,0
2018-09-04,3.22,3.22,3.22,3.22,0
2018-09-05,3.22,3.22,3.22,3.22,0
2018-09-06,3.05,3.11,3.05,3.05,20500
2018-09-07,3.0,3.0,3.0,3.0,100
2018-09-10,3.28,3.28,3.28,3.28,1800
2018-09-11,3.28,3.28,3.28,3.28,0
2018-09-12,3.28,3.28,3.28,3.28,0
2018-09-13,3.28,3.28,3.28,3.28,0
2018-09-14,3.28,3.28,3.28,3.28,90
2018-09-17,3.28,3.28,3.28,3.28,0
2018-09-18,3.28,3.28,3.28,3.28,0
2018-09-19,3.22,3.22,3.22,3.22,100
2018-09-20,3.22,3.22,3.22,3.22,0
2018-09-21,3.16,3.16,3.16,3.16,20000
2018-09-24,3.16,3.16,3.16,3.16,0
2018-09-25,3.16,3.16,3.16,3.16,0
2018-09-26,3.33,3.33,3.11,3.11,1300
2018-09-27,3.11,3.11,3.11,3.11,0
2018-09-28,3.11,3.11,3.11,3.11,0
2018-10-01,3.11,3.11,3.11,3.11,0
2018-10-02,3.11,3.11,3.11,3.11,0
2018-10-03,3.11,3.11,3.11,3.11,0
2018-10-04,3.11,3.11,3.11,3.11,0
2018-10-05,3.11,3.11,3.11,3.11,0
2018-10-08,3.11,3.11,3.11,3.11,1800
2018-10-09,3.11,3.11,3.11,3.11,0
2018-10-10,3.11,3.11,3.11,3.11,0
2018-10-11,2.83,2.83,2.83,2.83,200
2018-10-12,2.83,2.83,2.83,2.83,0
2018-10-15,2.83,2.83,2.83,2.83,0
2018-10-16,2.88,2.88,2.88,2.88,8000
2018-10-17,2.88,2.88,2.88,2.88,0
2018-10-18,2.88,2.88,2.88,2.88,0
2018-10-19,2.88,2.88,2.88,2.88,0
2018-10-22,2.88,2.88,2.88,2.88,0
2018-10-23,2.88,2.88,2.88,2.88,0
2018-10-24,2.88,2.88,2.88,2.88,0
2018-10-25,2.88,2.88,2.88,2.88,0
2018-10-26,2.88,2.88,2.88,2.88,80
2018-10-29,2.88,2.88,2.88,2.88,0
2018-10-30,2.88,2.88,2.88,2.88,0
2018-10-31,2.88,2.88,2.88,2.88,0
2018-11-01,2.88,2.88,2.88,2.88,0
2018-11-02,3.11,3.11,3.11,3.11,3000
2018-11-05,2.94,2.94,2.94,2.94,100
2018-11-06,2.94,2.94,2.94,2.94,0
2018-11-07,2.94,2.94,2.94,2.94,0
2018-11-08,2.94,2.94,2.88,2.88,17000
2018-11-09,2.88,2.88,2.88,2.88,0
2018-11-12,2.88,2.88,2.88,2.88,8500
2018-11-13,2.77,2.77,2.77,2.77,100
2018-11-14,2.77,2.77,2.77,2.77,0
2018-11-15,2.77,2.77,2.77,2.77,0
2018-11-16,2.77,2.77,2.77,2.77,0
2018-11-19,2.77,2.77,2.77,2.77,34
2018-11-20,2.77,2.77,2.77,2.77,0
2018-11-21,2.77,2.77,2.77,2.77,0
2018-11-22,3.0,3.0,3.0,3.0,3400
2018-11-23,3.0,3.0,3.0,3.0,0
2018-11-26,3.0,3.0,3.0,3.0,0
2018-11-27,3.0,3.0,3.0,3.0,0
2018-11-28,3.0,3.0,3.0,3.0,0
2018-11-29,3.0,3.0,3.0,3.0,0
2018-11-30,3.0,3.0,3.0,3.0,0
2018-12-03,3.0,3.0,3.0,3.0,35000
2018-12-04,3.0,3.0,3.0,3.0,0
2018-12-05,3.0,3.0,3.0,3.0,0
2018-12-06,3.0,3.0,3.0,3.0,0
2018-12-07,3.0,3.0,3.0,3.0,0
2018-12-10,3.0,3.0,3.0,3.0,0
2018-12-11,3.0,3.0,3.0,3.0,0
2018-12-12,3.0,3.0,3.0,3.0,0
2018-12-13,3.0,3.0,3.0,3.0,0
2018-12-14,3.0,3.0,3.0,3.0,0
2018-12-17,3.0,3.0,3.0,3.0,0
2018-12-18,3.0,3.0,3.0,3.0,0
2018-12-19,3.22,3.22,3.22,3.22,100
2018-12-20,3.22,3.22,3.22,3.22,0
2018-12-21,3.22,3.22,3.22,3.22,0
2018-12-24,3.22,3.22,3.22,3.22,0
2018-12-25,3.22,3.22,3.22,3.22,0
2018-12-26,3.22,3.22,3.22,3.22,0
2018-12-27,3.22,3.22,3.22,3.22,0
2018-12-28,3.22,3.22,3.22,3.22,0
2019-01-02,3.22,3.22,3.22,3.22,0
2019-01-03,3.22,3.22,3.22,3.22,0
2019-01-04,3.22,3.22,3.22,3.22,0
2019-01-07,3.5,3.5,3.5,3.5,100
2019-01-08,3.5,3.5,3.5,3.5,0
2019-01-09,3.45,3.45,3.45,3.45,100
2019-01-10,3.45,3.45,3.45,3.45,0
2019-01-11,3.5,3.5,3.5,3.5,100
2019-01-14,3.5,3.5,3.5,3.5,0
2019-01-15,3.84,3.84,3.84,3.84,100
2019-01-16,3.5,3.5,3.5,3.5,400
2019-01-17,3.16,3.16,3.16,3.16,100
2019-01-18,3.16,3.16,3.16,3.16,0
2019-01-21,3.16,3.33,3.16,3.33,7800
2019-01-22,3.33,3.33,3.33,3.33,0
2019-01-23,3.33,3.33,3.33,3.33,0
2019-01-24,3.33,3.33,3.33,3.33,0
2019-01-25,3.05,3.05,3.05,3.05,11200
2019-01-28,3.05,3.05,3.05,3.05,0
2019-01-29,3.05,3.05,3.05,3.05,0
2019-01-30,3.11,3.33,3.11,3.33,400
2019-01-31,3.33,3.33,3.33,3.33,0
2019-02-01,3.33,3.33,3.33,3.33,0
2019-02-11,3.33,3.33,3.33,3.33,0
2019-02-12,3.05,3.05,3.05,3.05,10000
2019-02-13,3.05,3.05,3.05,3.05,0
2019-02-14,3.05,3.05,3.05,3.05,0
2019-02-15,3.05,3.05,3.05,3.05,0
2019-02-18,3.05,3.05,3.05,3.05,0
2019-02-19,3.05,3.05,3.05,3.05,0
2019-02-20,3.05,3.05,3.05,3.05,100
2019-02-21,3.05,3.05,3.05,3.05,0
2019-02-22,3.05,3.05,3.05,3.05,100
2019-02-25,3.0,3.0,3.0,3.0,350
2019-02-26,3.0,3.0,3.0,3.0,0
2019-02-27,3.22,3.22,3.22,3.22,100
2019-02-28,3.22,3.22,3.22,3.22,0
2019-03-01,3.28,3.28,3.28,3.28,200
2019-03-04,3.28,3.28,3.16,3.16,824
2019-03-05,3.16,3.16,3.16,3.16,0
2019-03-06,3.39,3.39,3.39,3.39,510
2019-03-07,3.39,3.39,3.39,3.39,800
2019-03-08,3.39,3.39,3.39,3.39,0
2019-03-11,3.39,3.39,3.39,3.39,0
2019-03-12,3.39,3.39,3.39,3.39,0
2019-03-13,3.39,3.39,3.39,3.39,0
2019-03-14,3.39,3.39,3.39,3.39,0
2019-03-15,3.39,3.39,3.11,3.16,1100
2019-03-18,3.16,3.16,3.11,3.11,2400
2019-03-19,3.11,3.11,3.11,3.11,0
2019-03-20,3.16,3.16,3.16,3.16,10600
2019-03-21,3.28,3.28,3.16,3.16,7300
2019-03-22,3.16,3.16,3.16,3.16,100
2019-03-25,3.16,3.16,3.16,3.16,0
2019-03-26,3.16,3.16,3.16,3.16,0
2019-03-27,3.16,3.16,3.16,3.16,0
2019-03-28,3.28,3.28,3.28,3.28,100
2019-03-29,3.28,3.28,3.28,3.28,0
2019-04-01,3.28,3.28,3.28,3.28,0
2019-04-02,3.28,3.28,3.28,3.28,0
2019-04-03,3.39,3.39,3.39,3.39,100
2019-04-04,3.39,3.39,3.39,3.39,0
2019-04-05,3.39,3.39,3.39,3.39,0
2019-04-08,3.39,3.39,3.39,3.39,100
2019-04-09,3.39,3.39,3.33,3.33,37000
2019-04-10,3.33,3.33,3.33,3.33,0
2019-04-11,3.33,3.33,3.05,3.05,500
2019-04-12,3.05,3.05,3.05,3.05,0
2019-04-16,3.05,3.05,3.05,3.05,0
2019-04-17,3.05,3.05,3.05,3.05,0
2019-04-18,3.05,3.22,3.05,3.22,200
2019-04-19,3.28,3.28,3.22,3.22,5400
2019-04-22,3.22,3.22,3.22,3.22,0
2019-04-23,3.22,3.22,3.22,3.22,0
2019-04-24,3.22,3.22,3.22,3.22,3000
2019-04-25,3.22,3.22,3.22,3.22,5000
2019-04-26,3.22,3.22,3.22,3.22,0
2019-05-02,3.22,3.22,3.22,3.22,22300
2019-05-03,3.22,3.22,3.22,3.22,34400
2019-05-06,3.22,3.22,3.22,3.22,0
2019-05-07,3.22,3.22,3.22,3.22,0
2019-05-08,3.22,3.22,3.22,3.22,0
2019-05-09,3.22,3.22,3.22,3.22,0
2019-05-10,3.22,3.22,3.22,3.22,0
2019-05-13,3.28,3.28,3.28,3.28,200
2019-05-14,3.28,3.28,3.28,3.28,0
2019-05-15,3.28,3.28,3.28,3.28,0
2019-05-16,3.28,3.28,3.28,3.28,0
2019-05-17,3.28,3.28,3.28,3.28,0
2019-05-20,3.28,3.28,3.28,3.28,20
2019-05-21,3.28,3.28,3.28,3.28,2000
2019-05-22,3.39,3.39,3.33,3.33,4100
2019-05-23,3.33,3.33,3.33,3.33,0
2019-05-24,3.28,3.28,3.28,3.28,1200
2019-05-27,3.05,3.39,3.05,3.39,700
2019-05-28,3.28,3.28,3.28,3.28,5000
2019-05-29,3.28,3.28,3.28,3.28,0
2019-05-30,3.39,3.39,3.28,3.28,15000
2019-05-31,3.22,3.33,3.22,3.33,6240
2019-06-03,3.78,3.78,3.78,3.78,0
2019-06-04,3.4,3.4,3.4,3.4,1700
2019-06-05,3.21,3.21,3.21,3.21,1740
2019-06-06,3.21,3.21,3.21,3.21,1000
2019-06-07,3.21,3.21,3.21,3.21,1000
2019-06-10,2.89,2.89,2.89,2.89,500
2019-06-11,3.14,3.14,3.08,3.08,1200
2019-06-12,3.14,3.14,3.14,3.14,2200
2019-06-13,3.27,3.27,3.27,3.27,200
2019-06-14,3.27,3.27,3.27,3.27,0
2019-06-17,3.14,3.14,3.14,3.14,3000
2019-06-18,3.14,3.14,3.14,3.14,0
2019-06-19,3.14,3.14,3.14,3.14,0
2019-06-20,3.14,3.14,3.14,3.14,0
2019-06-21,3.14,3.14,3.14,3.14,1000
2019-06-24,3.33,3.33,3.33,3.33,2000
2019-06-25,3.33,3.33,3.33,3.33,500
2019-06-26,3.33,3.33,3.33,3.33,2500
2019-06-27,3.33,3.33,3.33,3.33,60
2019-06-28,3.33,3.33,3.01,3.01,6600
2019-07-01,3.27,3.27,3.27,3.27,600
2019-07-02,3.27,3.27,3.27,3.27,600
2019-07-03,3.27,3.27,3.27,3.27,0
2019-07-04,3.27,3.27,3.27,3.27,0
2019-07-05,3.59,3.59,3.14,3.14,500
2019-07-08,3.4,3.4,3.21,3.4,13500
2019-07-09,3.46,3.46,3.4,3.4,7200
2019-07-10,3.21,3.33,3.21,3.33,2000
2019-07-11,3.33,3.33,3.33,3.33,0
2019-07-12,3.21,3.33,3.21,3.33,12400
2019-07-15,3.27,3.65,3.08,3.59,19400
2019-07-16,3.65,3.91,3.33,3.78,4300
2019-07-17,4.04,4.04,3.46,3.46,200
2019-07-18,3.46,3.46,3.46,3.46,0
2019-07-19,3.27,3.33,3.21,3.33,6100
2019-07-22,3.33,3.33,3.33,3.33,300
2019-07-23,3.33,3.33,3.33,3.33,1500
2019-07-24,3.33,3.33,3.33,3.33,0
2019-07-25,3.21,3.33,3.21,3.27,15800
2019-07-26,3.21,3.27,3.21,3.27,15200
2019-07-29,3.21,3.59,3.21,3.59,5500
2019-07-30,3.27,3.33,3.27,3.27,20700
2019-07-31,3.14,3.14,3.14,3.14,110
2019-08-01,3.14,3.14,3.14,3.14,0
2019-08-02,3.21,3.21,3.21,3.21,4220
2019-08-05,3.21,3.21,3.21,3.21,100
2019-08-06,3.21,3.21,3.21,3.21,5900
2019-08-07,3.21,3.21,3.21,3.21,9500
2019-08-08,3.21,3.21,3.21,3.21,12500
2019-08-09,3.21,3.21,3.21,3.21,5725
2019-08-12,3.21,3.21,3.21,3.21,300
2019-08-13,3.21,3.21,3.21,3.21,0
2019-08-14,3.33,3.33,3.33,3.33,220
2019-08-15,3.33,3.33,3.33,3.33,0
2019-08-16,3.33,3.33,3.33,3.33,0
2019-08-19,3.21,3.21,3.21,3.21,2000
2019-08-20,3.21,3.21,3.21,3.21,0
2019-08-21,3.21,3.21,3.21,3.21,0
2019-08-22,3.33,3.33,3.33,3.33,500
2019-08-23,3.33,3.33,3.33,3.33,0
2019-08-26,3.33,3.33,3.33,3.33,2000
2019-08-27,3.33,3.33,3.33,3.33,0
2019-08-28,3.21,3.21,3.21,3.21,300
2019-08-29,3.46,3.46,3.08,3.08,2600
2019-08-30,3.33,3.33,3.33,3.33,17300
2019-09-03,3.27,3.33,3.27,3.33,20200
2019-09-04,3.33,3.33,3.33,3.33,0
2019-09-05,3.33,3.33,3.33,3.33,19000
2019-09-06,3.33,3.33,3.33,3.33,0
2019-09-09,3.33,3.33,3.33,3.33,800
2019-09-10,3.33,3.33,3.33,3.33,0
2019-09-11,3.33,3.33,3.33,3.33,0
2019-09-12,3.33,3.33,3.33,3.33,0
2019-09-13,3.14,3.21,3.14,3.21,1500
2019-09-16,3.21,3.21,3.21,3.21,0
2019-09-17,3.21,3.21,3.21,3.21,5000
2019-09-18,3.21,3.21,3.21,3.21,0
2019-09-19,3.21,3.21,3.21,3.21,0
2019-09-20,3.21,3.21,3.21,3.21,0
2019-09-23,3.21,3.21,3.21,3.21,25
2019-09-24,3.21,3.21,3.21,3.21,0
2019-09-25,3.33,3.33,3.33,3.33,3000
2019-09-26,3.33,3.33,3.33,3.33,0
2019-09-27,3.14,3.21,3.14,3.21,4210
2019-09-30,3.21,3.21,3.21,3.21,0
2019-10-01,3.21,3.21,3.21,3.21,5000
2019-10-02,3.21,3.21,3.21,3.21,0
2019-10-03,3.21,3.21,3.21,3.21,0
2019-10-04,3.21,3.21,3.21,3.21,0
2019-10-07,3.21,3.21,3.21,3.21,0
2019-10-08,3.21,3.21,3.21,3.21,0
2019-10-09,3.21,3.21,3.21,3.21,1000
2019-10-10,3.53,3.53,3.53,3.53,1000
2019-10-11,3.46,3.46,3.46,3.46,100
2019-10-14,3.21,3.21,3.21,3.21,4000
2019-10-15,3.14,3.14,3.14,3.14,4000
2019-10-16,3.14,3.14,3.14,3.14,0
2019-10-17,3.14,3.14,3.14,3.14,0
2019-10-18,3.4,3.4,3.4,3.4,1000
2019-10-21,3.4,3.4,3.4,3.4,300
2019-10-22,3.4,3.4,3.4,3.4,0
2019-10-23,3.4,3.4,3.4,3.4,0
2019-10-24,3.4,3.4,3.4,3.4,0
2019-10-25,3.4,3.4,3.4,3.4,0
2019-10-28,3.4,3.4,3.4,3.4,40
2019-10-29,3.4,3.4,3.4,3.4,0
2019-10-30,3.4,3.4,3.4,3.4,0
2019-10-31,3.4,3.4,3.4,3.4,0
2019-11-01,3.4,3.4,3.4,3.4,10
2019-11-04,3.4,3.4,3.4,3.4,0
2019-11-05,3.4,3.4,3.4,3.4,0
2019-11-06,3.4,3.4,3.4,3.4,0
2019-11-07,3.4,3.4,3.4,3.4,0
2019-11-08,3.4,3.4,3.4,3.4,0
2019-11-11,3.21,3.21,3.21,3.21,25800
2019-11-12,3.21,3.21,3.21,3.21,31200
2019-11-13,3.21,3.21,3.21,3.21,0
2019-11-14,3.21,3.21,3.21,3.21,9000
2019-11-15,3.21,3.21,3.14,3.21,15300
2019-11-18,3.21,3.21,3.21,3.21,0
2019-11-19,3.21,3.21,3.21,3.21,10000
2019-11-20,3.21,3.21,3.21,3.21,0
2019-11-21,3.21,3.21,3.21,3.21,64100
2019-11-22,3.21,3.21,3.21,3.21,41000
2019-11-25,3.21,3.21,3.21,3.21,0
2019-11-26,3.21,3.21,3.21,3.21,60000
2019-11-27,3.21,3.21,3.21,3.21,0
2019-11-28,3.21,3.21,3.21,3.21,0
2019-11-29,3.21,3.21,3.21,3.21,10200
2019-12-02,3.21,3.21,3.21,3.21,0
2019-12-03,3.4,3.4,3.4,3.4,500
2019-12-04,3.4,3.4,3.4,3.4,0
2019-12-05,3.4,3.4,3.4,3.4,0
2019-12-06,3.4,3.4,3.4,3.4,0
2019-12-09,3.21,3.21,3.08,3.21,5200
2019-12-10,3.21,3.21,3.21,3.21,0
2019-12-11,3.21,3.21,3.21,3.21,0
2019-12-12,3.01,3.01,3.01,3.01,320
2019-12-13,3.01,3.01,3.01,3.01,0
2019-12-16,3.27,3.27,3.27,3.27,11000
2019-12-17,3.01,3.01,3.01,3.01,800
2019-12-18,3.14,3.21,3.14,3.21,11900
2019-12-19,3.21,3.21,3.21,3.21,0
2019-12-20,3.21,3.21,3.21,3.21,0
2019-12-23,3.21,3.21,3.21,3.21,0
2019-12-24,3.21,3.21,3.21,3.21,25
2019-12-25,3.21,3.21,3.21,3.21,0
2019-12-26,3.21,3.21,3.21,3.21,0
2019-12-27,3.21,3.21,3.21,3.21,0
2019-12-30,3.21,3.21,3.21,3.21,0
2019-12-31,3.21,3.21,3.21,3.21,0
2020-01-02,3.21,3.21,3.21,3.21,0
2020-01-03,3.21,3.21,3.21,3.21,0
2020-01-06,3.21,3.21,3.21,3.21,0
2020-01-07,3.21,3.21,3.21,3.21,1000
2020-01-08,3.21,3.21,3.21,3.21,300
2020-01-09,3.21,3.21,3.21,3.21,0
2020-01-10,3.21,3.21,3.21,3.21,0
2020-01-13,3.08,3.08,3.08,3.08,200
2020-01-14,3.08,3.08,3.08,3.08,0
2020-01-15,3.08,3.08,3.08,3.08,0
2020-01-16,3.14,3.14,3.14,3.14,200
2020-01-17,3.14,3.14,3.14,3.14,0
2020-01-20,3.14,3.14,3.14,3.14,0
2020-01-21,3.4,3.4,3.27,3.27,955
2020-01-22,3.27,3.27,3.27,3.27,0
2020-01-30,3.4,3.4,3.4,3.4,200
2020-01-31,3.21,3.27,3.21,3.27,200
2020-02-03,3.21,3.21,3.21,3.21,10500
2020-02-04,3.08,3.14,3.08,3.14,500
2020-02-05,3.14,3.14,3.14,3.14,0
2020-02-06,3.14,3.14,3.14,3.14,0
2020-02-07,3.21,3.21,3.21,3.21,10000
2020-02-10,3.21,3.21,3.21,3.21,0
2020-02-11,3.21,3.21,3.21,3.21,0
2020-02-12,3.33,3.33,3.33,3.33,100
2020-02-13,3.33,3.33,3.33,3.33,0
2020-02-14,3.33,3.33,3.33,3.33,0
2020-02-17,3.27,3.27,3.27,3.27,24800
2020-02-18,3.27,3.27,3.27,3.27,1700
2020-02-19,3.27,3.27,3.27,3.27,100
2020-02-20,2.95,3.27,2.95,3.27,155010
2020-02-21,3.27,3.27,3.27,3.27,31100
2020-02-24,3.27,3.27,3.27,3.27,10000
2020-02-25,3.27,3.27,3.27,3.27,200
2020-02-26,3.27,3.27,3.27,3.27,0
2020-02-27,3.27,3.27,3.27,3.27,0
2020-02-28,3.27,3.27,3.27,3.27,4000
2020-03-02,3.27,3.27,3.27,3.27,0
2020-03-03,3.27,3.27,3.27,3.27,0
2020-03-04,3.27,3.27,3.27,3.27,46400
2020-03-05,3.27,3.27,3.27,3.27,2200
2020-03-06,3.27,3.27,3.27,3.27,0
2020-03-09,3.21,3.21,3.14,3.14,33500
2020-03-10,3.14,3.14,3.14,3.14,100
2020-03-11,3.14,3.14,3.14,3.14,0
2020-03-12,2.89,3.33,2.89,3.08,41040
2020-03-13,2.82,3.27,2.82,3.27,200
2020-03-16,3.27,3.27,3.27,3.27,0
2020-03-17,3.14,3.21,3.14,3.14,13800
2020-03-18,3.33,3.33,3.14,3.14,10100
2020-03-19,2.95,3.21,2.95,3.21,800
2020-03-20,3.08,3.08,3.08,3.08,11700
2020-03-23,2.89,2.89,2.89,2.89,1000
2020-03-24,3.08,3.08,3.08,3.08,200
2020-03-25,3.08,3.08,3.08,3.08,0
2020-03-26,3.08,3.08,3.08,3.08,0
2020-03-27,3.08,3.08,3.08,3.08,10
2020-03-30,3.08,3.08,3.08,3.08,0
2020-03-31,3.08,3.08,3.08,3.08,0
2020-04-01,2.95,2.95,2.95,2.95,200
2020-04-03,2.95,2.95,2.95,2.95,0
2020-04-06,3.21,3.21,3.21,3.21,900
2020-04-07,3.08,3.08,3.08,3.08,2600
2020-04-08,3.14,3.14,3.14,3.14,100
2020-04-09,3.14,3.14,3.14,3.14,0
2020-04-10,3.08,3.27,3.08,3.27,12100
2020-04-13,3.01,3.01,3.01,3.01,2500
2020-04-14,3.01,3.01,3.01,3.01,0
2020-04-15,3.27,3.27,3.27,3.27,100
2020-04-16,3.08,3.08,3.08,3.08,100
2020-04-17,3.08,3.08,3.08,3.08,0
2020-04-20,3.08,3.08,3.08,3.08,0
2020-04-21,3.08,3.08,3.08,3.08,0
2020-04-22,3.21,3.21,3.08,3.14,4500
2020-04-23,3.14,3.14,3.14,3.14,0
2020-04-24,3.14,3.14,3.14,3.14,0
2020-04-27,3.21,3.27,3.21,3.27,3500
2020-04-28,3.27,3.27,3.27,3.27,0
2020-04-29,3.27,3.27,3.27,3.27,0
2020-05-04,3.27,3.27,3.27,3.27,0
2020-05-05,3.59,3.59,3.01,3.01,200
2020-05-06,3.14,3.21,3.14,3.21,2400
2020-05-07,3.21,3.21,3.21,3.21,0
2020-05-08,3.27,3.27,3.27,3.27,100
2020-05-11,3.27,3.27,3.27,3.27,510
2020-05-12,3.27,3.27,3.27,3.27,0
2020-05-13,3.21,3.27,3.21,3.27,2100
2020-05-14,3.27,3.27,3.21,3.21,8225
2020-05-15,3.21,3.21,3.21,3.21,0
2020-05-18,3.21,3.21,3.21,3.21,0
2020-05-19,3.27,3.27,3.27,3.27,1400
2020-05-20,3.27,3.27,3.27,3.27,100
2020-05-21,3.27,3.27,3.27,3.27,0
2020-05-22,3.27,3.27,3.27,3.27,1000
2020-05-25,3.27,3.27,3.27,3.27,0
2020-05-26,3.21,3.27,3.21,3.27,760
2020-05-27,3.27,3.27,3.27,3.27,0
2020-05-28,3.27,3.27,3.27,3.27,0
2020-05-29,3.27,3.27,3.27,3.27,1000
2020-06-01,3.27,3.27,3.27,3.27,3900
2020-06-02,3.08,3.4,3.08,3.33,2400
2020-06-03,3.33,3.33,3.33,3.33,0
2020-06-04,3.33,3.33,3.33,3.33,0
2020-06-05,3.4,3.4,3.4,3.4,600
2020-06-08,3.14,3.4,3.14,3.4,200
2020-06-09,3.4,3.4,3.21,3.4,3100
2020-06-10,3.27,3.27,3.27,3.27,100
2020-06-11,3.27,3.4,2.95,3.27,37200
2020-06-12,3.27,3.27,3.27,3.27,350
2020-06-15,3.27,3.27,3.27,3.27,1700
2020-06-16,3.27,3.27,3.27,3.27,600
2020-06-17,3.27,3.27,3.01,3.21,15400
2020-06-18,3.33,3.4,3.33,3.4,2130
2020-06-19,3.4,3.4,3.4,3.4,4700
2020-06-22,3.14,3.46,3.14,3.46,6400
2020-06-23,3.4,3.46,3.4,3.46,10600
2020-06-24,3.46,3.59,3.4,3.59,22500
2020-06-25,3.46,3.46,3.46,3.46,6150
2020-06-26,3.46,3.46,3.46,3.46,3730
2020-06-29,3.33,3.46,3.33,3.46,2400
2020-06-30,3.46,3.46,3.46,3.46,1300
2020-07-01,3.46,3.46,3.46,3.46,0
2020-07-02,3.46,3.46,3.46,3.46,100
2020-07-03,3.46,3.46,3.46,3.46,80
2020-07-06,3.46,3.46,3.46,3.46,0
2020-07-07,3.46,3.46,3.46,3.46,10900
2020-07-08,3.46,3.46,3.46,3.46,100
2020-07-09,3.46,3.46,3.46,3.46,100
2020-07-10,3.59,3.59,3.46,3.53,7200
2020-07-13,3.59,3.59,3.59,3.59,13000
2020-07-14,3.59,3.72,3.53,3.72,13800
2020-07-15,3.72,3.72,3.59,3.72,2200
2020-07-16,3.72,3.72,3.65,3.65,1200
2020-07-17,3.65,3.65,3.65,3.65,1400
2020-07-20,3.72,3.72,3.72,3.72,15445
2020-07-21,3.72,3.78,3.65,3.72,17700
2020-07-22,3.72,3.78,3.72,3.78,39530
2020-07-23,3.78,3.85,3.78,3.85,107000
2020-07-24,3.85,3.91,3.78,3.85,68840
2020-07-27,3.85,3.85,3.78,3.85,46535
2020-07-28,3.78,3.91,3.78,3.85,25400
2020-07-29,3.85,3.85,3.59,3.59,14820
2020-07-30,3.59,3.85,3.59,3.72,19600
2020-07-31,3.72,3.85,3.72,3.85,1100
2020-08-03,3.91,3.98,3.85,3.91,42610
2020-08-04,4.06,4.06,3.76,3.91,15000
2020-08-05,3.84,3.84,3.54,3.84,32600
2020-08-06,3.69,3.84,3.69,3.76,4100
2020-08-07,3.76,4.06,3.76,3.98,13500
2020-08-10,3.76,3.84,3.76,3.76,7600
2020-08-11,3.62,3.98,3.62,3.76,3900
2020-08-12,3.84,3.84,3.76,3.76,800
2020-08-13,3.76,3.76,3.76,3.76,19500
2020-08-14,3.84,3.84,3.76,3.84,3500
2020-08-17,3.84,3.84,3.76,3.84,16000
2020-08-18,3.84,3.84,3.84,3.84,1220
2020-08-19,3.69,3.84,3.69,3.84,5160
2020-08-20,3.84,3.84,3.84,3.84,230
2020-08-21,4.06,4.06,3.91,3.91,3800
2020-08-24,3.91,3.91,3.91,3.91,3340
2020-08-25,3.91,3.91,3.84,3.84,18000
2020-08-26,3.91,3.98,3.84,3.91,19601
2020-08-27,3.91,3.98,3.84,3.84,1154
2020-08-28,3.84,3.98,3.84,3.98,11100
2020-08-31,3.98,3.98,3.98,3.98,1600
2020-09-01,3.91,3.91,3.91,3.91,4100
2020-09-03,3.91,4.06,3.91,3.98,12950
2020-09-04,3.98,4.28,3.98,4.28,97259
2020-09-07,4.21,4.43,4.21,4.43,20220
2020-09-08,4.65,4.87,4.65,4.87,63544
2020-09-09,5.31,5.31,5.09,5.24,168919
2020-09-10,5.17,5.39,5.09,5.17,39700
2020-09-11,5.17,5.17,4.65,5.17,29836
2020-09-14,5.09,5.17,4.94,5.09,38110
2020-09-15,5.09,5.17,5.09,5.09,21600
2020-09-16,5.09,5.09,4.72,5.02,22200
2020-09-17,5.02,5.09,4.87,5.02,8800
2020-09-18,4.94,4.94,4.72,4.94,19800
2020-09-21,4.72,4.87,4.72,4.8,14810
2020-09-22,4.94,5.24,4.94,5.17,20505
2020-09-23,5.31,5.68,5.31,5.61,88478
2020-09-24,5.9,5.9,5.61,5.68,600
2020-09-25,5.53,5.83,5.31,5.83,10051
2020-09-28,5.46,5.83,5.39,5.83,1100
2020-09-29,5.46,5.9,5.31,5.53,13700
2020-09-30,5.61,5.61,5.53,5.53,1600
2020-10-01,5.83,5.83,5.02,5.24,43900
2020-10-02,5.02,5.17,4.87,5.17,2200
2020-10-05,5.17,5.17,4.8,5.09,13800
2020-10-06,4.87,5.02,4.65,5.02,12300
2020-10-07,5.09,5.09,5.09,5.09,100
2020-10-08,5.09,5.09,5.09,5.09,0
2020-10-09,4.87,5.02,4.72,4.72,4800
2020-10-12,4.72,4.72,4.72,4.72,5100
2020-10-13,4.72,4.94,4.72,4.94,4400
2020-10-14,4.8,4.8,4.8,4.8,100
2020-10-15,4.72,4.8,4.72,4.8,300
2020-10-16,4.58,4.87,4.5,4.5,3500
2020-10-19,4.28,4.87,4.28,4.87,400
2020-10-20,4.72,4.87,4.72,4.87,8000
2020-10-21,4.87,5.17,4.87,5.17,19100
2020-10-22,5.24,5.31,5.24,5.31,300
2020-10-23,5.31,5.46,4.94,5.31,23200
2020-10-26,5.09,5.09,4.94,4.94,12900
2020-10-27,4.94,5.02,4.94,4.94,8200
2020-10-28,4.94,5.17,4.94,5.17,16700
2020-10-29,5.09,5.09,5.09,5.09,100
2020-10-30,5.09,5.09,5.09,5.09,200
2020-11-02,5.09,5.09,5.09,5.09,100
2020-11-03,5.09,5.09,5.09,5.09,100
2020-11-04,5.09,5.09,5.09,5.09,0
2020-11-05,5.09,5.09,4.65,4.8,15200
2020-11-06,5.09,5.09,4.87,4.87,9400
2020-11-09,4.87,5.02,4.87,4.87,3100
2020-11-10,4.5,5.02,4.5,4.87,9200
2020-11-11,4.87,4.94,4.8,4.8,4900
2020-11-12,4.8,4.94,4.8,4.94,9100
2020-11-13,4.94,5.02,4.8,5.02,32100
2020-11-16,5.02,5.02,4.8,4.94,4100
2020-11-17,4.94,5.17,4.94,5.17,10500
2020-11-18,4.87,4.87,4.65,4.65,83200
2020-11-19,5.02,5.09,5.02,5.02,2200
2020-11-20,4.87,4.87,4.72,4.72,3400
2020-11-23,5.09,5.17,4.94,5.02,11700
2020-11-24,5.02,5.02,5.02,5.02,2000
2020-11-25,5.02,5.17,4.94,5.09,12200
2020-11-26,5.09,5.09,5.09,5.09,0
2020-11-27,4.87,5.17,4.87,5.17,1400
2020-11-30,5.09,5.17,4.94,5.09,19500
2020-12-01,5.17,5.17,5.17,5.17,100
2020-12-02,5.09,5.31,5.09,5.17,5700
2020-12-03,5.09,5.31,4.94,5.31,5100
2020-12-04,5.02,5.02,5.02,5.02,200
2020-12-07,5.09,5.17,5.02,5.09,18300
2020-12-08,5.02,5.09,5.02,5.09,1700
2020-12-09,5.09,5.17,5.09,5.17,7000
2020-12-10,5.24,5.24,5.24,5.24,100
2020-12-11,5.24,5.24,5.09,5.09,8600
2020-12-14,5.17,5.17,5.09,5.09,3500
2020-12-15,5.09,5.17,5.09,5.09,7800
2020-12-16,5.24,5.39,5.24,5.24,22100
2020-12-17,5.31,5.46,5.24,5.39,13300
2020-12-18,5.46,5.46,5.39,5.46,14100
2020-12-21,5.46,5.46,5.46,5.46,14900
2020-12-22,5.53,5.83,5.31,5.76,60800
2020-12-23,5.83,6.2,5.76,5.76,88900
2020-12-24,5.76,5.98,5.76,5.98,2510
2020-12-25,6.05,6.35,6.05,6.27,6300
2020-12-28,6.27,6.27,6.12,6.12,33900
2020-12-29,6.12,6.27,6.12,6.2,31800
2020-12-30,6.2,6.27,5.83,6.12,29100
2020-12-31,6.05,6.12,6.05,6.12,5500
2021-01-04,6.12,6.12,5.83,5.98,38800
2021-01-05,5.98,6.12,5.83,6.12,14200
2021-01-06,6.12,6.12,5.9,6.12,24700
2021-01-07,5.98,6.12,5.9,6.12,24000
2021-01-08,6.12,6.27,6.05,6.27,94501
2021-01-11,6.72,6.72,6.05,6.57,62600
2021-01-12,6.42,6.72,5.98,6.64,30520
2021-01-13,6.64,6.64,6.35,6.57,34303
2021-01-14,6.49,6.49,6.12,6.42,27900
2021-01-15,6.42,6.72,6.35,6.64,72530
2021-01-18,6.72,6.72,6.27,6.57,30000
2021-01-19,6.57,6.64,6.27,6.49,27303
2021-01-20,6.42,6.42,6.2,6.35,7700
2021-01-21,6.2,6.86,6.2,6.86,55900
2021-01-22,6.86,6.86,6.57,6.72,34800
2021-01-25,6.72,6.72,6.49,6.72,4600
2021-01-26,6.64,6.72,6.57,6.72,121600
2021-01-27,6.72,6.72,6.35,6.49,12100
2021-01-28,5.9,5.9,5.9,5.9,3800
2021-01-29,5.9,6.27,5.9,6.27,36300
2021-02-01,5.98,5.98,5.83,5.83,8000
2021-02-02,5.83,6.35,5.68,6.27,2400
2021-02-03,6.05,6.35,5.9,6.27,17400
2021-02-04,5.98,6.05,5.9,5.9,6500
2021-02-05,5.98,6.05,5.9,5.9,5300
2021-02-08,5.68,5.9,5.61,5.68,29100
2021-02-09,5.68,5.9,5.68,5.83,11500
2021-02-17,6.12,6.12,5.9,5.98,22000
2021-02-18,5.98,6.05,5.98,6.05,8200
2021-02-19,6.05,6.12,5.98,5.98,28660
2021-02-22,5.98,6.12,5.98,6.05,5400
2021-02-23,6.05,6.05,6.05,6.05,4400
2021-02-24,6.05,6.27,5.98,6.05,29300
2021-02-25,6.05,6.12,6.05,6.05,29200
2021-02-26,6.05,6.2,5.98,6.12,15600
2021-03-01,6.2,6.2,6.12,6.2,53400
2021-03-02,6.2,6.27,6.2,6.27,37081
2021-03-03,6.35,6.86,6.27,6.86,105100
2021-03-04,6.64,7.53,6.64,7.53,82900
2021-03-05,7.53,8.12,7.53,8.12,51392
2021-03-08,8.19,8.19,7.31,7.82,146900
2021-03-09,7.23,7.75,7.16,7.38,20700
2021-03-10,7.23,7.53,7.16,7.38,18192
2021-03-11,7.53,7.53,7.23,7.31,32400
2021-03-12,7.31,7.38,7.08,7.38,39300
2021-03-15,7.38,7.38,7.23,7.38,40410
2021-03-16,7.31,7.38,7.23,7.38,10700
2021-03-17,7.23,7.38,7.16,7.23,9600
2021-03-18,7.23,7.23,7.01,7.16,22322
2021-03-19,7.01,7.08,7.01,7.08,11600
2021-03-22,7.08,7.08,6.86,7.01,50800
2021-03-23,6.86,6.94,6.79,6.94,56000
2021-03-24,6.79,6.86,6.79,6.86,23006
2021-03-25,6.86,7.01,6.49,6.79,32400
2021-03-26,6.86,6.86,6.64,6.64,11800
2021-03-29,6.64,6.94,6.64,6.79,10703
2021-03-30,6.79,6.86,6.79,6.79,13200
2021-03-31,6.79,6.86,6.79,6.86,7203
2021-04-01,6.86,6.94,6.79,6.94,7200
2021-04-02,6.94,7.01,6.72,6.86,47400
2021-04-05,6.94,7.01,6.94,6.94,6500
2021-04-06,6.79,6.94,6.72,6.86,13300
2021-04-07,6.79,7.01,6.72,7.01,47000
2021-04-08,7.01,7.16,6.94,7.16,27503
2021-04-09,7.16,7.23,7.08,7.23,16703
2021-04-12,7.23,7.23,6.94,6.94,35803
2021-04-13,6.94,6.94,6.86,6.86,35803
2021-04-14,6.86,7.08,6.86,7.08,22300
2021-04-15,7.08,7.08,7.01,7.01,20200
2021-04-16,7.16,7.16,6.64,6.72,17600
2021-04-19,6.72,6.72,6.72,6.72,4400
2021-04-20,6.79,6.86,6.79,6.79,12100
2021-04-22,6.79,6.79,6.72,6.79,4700
2021-04-23,6.72,6.79,6.64,6.79,5430
2021-04-26,6.79,6.79,6.79,6.79,0
2021-04-27,6.72,6.72,6.64,6.64,9600
2021-04-28,6.64,6.64,6.57,6.57,6300
2021-04-29,6.79,6.79,6.79,6.79,100
2021-05-04,6.57,6.64,6.57,6.64,7200
2021-05-05,6.64,6.72,6.64,6.64,6000
2021-05-06,6.64,6.64,6.49,6.64,7000
2021-05-07,6.64,6.64,6.57,6.57,4500
2021-05-10,6.49,6.49,6.42,6.49,6022
2021-05-11,6.64,6.64,6.57,6.57,2200
2021-05-12,6.64,6.72,6.64,6.64,3500
2021-05-13,6.64,6.86,6.64,6.64,4500
2021-05-14,6.64,6.72,6.64,6.64,1200
2021-05-17,6.72,6.72,6.64,6.64,1000
2021-05-18,6.57,6.64,6.49,6.57,2800
2021-05-19,6.57,6.57,6.57,6.57,3750
2021-05-20,6.49,6.57,6.49,6.49,5700
2021-05-21,6.49,6.57,6.49,6.57,400
2021-05-24,6.57,6.86,6.57,6.72,12224
2021-05-25,6.64,6.79,6.64,6.72,2400
2021-05-26,6.79,6.86,6.72,6.79,17200
2021-05-27,6.79,6.94,6.72,6.94,31400
2021-05-28,6.94,6.94,6.86,6.94,8600
2021-05-31,6.79,7.01,6.79,6.94,26324
2021-06-01,6.86,6.94,6.86,6.94,16200
2021-06-02,6.94,7.01,6.94,6.94,29600
2021-06-03,7.08,7.08,6.94,7.08,13310
2021-06-04,7.08,7.16,7.08,7.16,30800
2021-06-07,7.16,7.64,7.16,7.48,85627
2021-06-08,7.64,7.64,7.56,7.64,31600
2021-06-09,7.64,7.64,7.08,7.32,31700
2021-06-10,7.08,7.08,6.84,7.0,20000
2021-06-11,7.0,7.08,7.0,7.0,13000
2021-06-14,6.92,7.0,6.92,7.0,7900
2021-06-15,7.0,7.0,6.84,6.92,6000
2021-06-16,6.92,6.92,6.92,6.92,6600
2021-06-17,6.92,6.92,6.84,6.92,3100
2021-06-18,6.92,7.0,6.92,7.0,17300
2021-06-21,7.0,7.0,6.92,7.0,2920
2021-06-22,6.92,7.08,6.92,7.0,19305
2021-06-23,6.92,7.24,6.92,7.0,6700
2021-06-24,7.08,7.08,7.0,7.08,10400
2021-06-25,7.08,7.24,6.92,7.0,16800
2021-06-28,7.0,7.16,7.0,7.16,5819
2021-06-29,7.16,7.16,7.16,7.16,400
2021-06-30,7.08,7.08,7.0,7.08,4200
2021-07-01,7.08,7.08,6.84,7.08,17600
2021-07-02,7.08,7.08,7.08,7.08,4300
2021-07-05,6.92,7.0,6.84,7.0,7400
2021-07-06,6.92,7.0,6.92,6.92,3600
2021-07-07,6.84,6.84,6.84,6.84,1000
2021-07-08,6.92,6.92,6.92,6.92,200
2021-07-09,6.92,6.92,6.43,6.92,9000
2021-07-12,6.84,6.84,6.76,6.76,2200
2021-07-13,6.6,6.6,6.6,6.6,100
2021-07-14,6.68,6.68,6.68,6.68,1200
2021-07-15,6.68,6.84,6.68,6.84,300
2021-07-16,7.0,7.0,7.0,7.0,100
2021-07-19,6.35,7.08,6.35,6.84,1300
2021-07-20,6.76,6.76,6.76,6.76,200
2021-07-21,6.92,7.4,6.76,7.32,33800
2021-07-22,7.32,7.32,7.24,7.24,2900
2021-07-23,7.0,7.24,7.0,7.0,2300
2021-07-26,6.92,7.0,6.84,7.0,14200
2021-07-27,7.16,7.16,7.0,7.08,1300
2021-07-28,7.08,7.24,6.92,7.08,10100
2021-07-29,7.0,7.08,7.0,7.0,3600
2021-07-30,7.16,7.16,7.16,7.16,4000
2021-08-02,7.0,7.16,6.92,6.92,6510
2021-08-03,6.84,7.16,6.43,7.16,5172
2021-08-04,7.0,7.16,6.92,7.16,2800
2021-08-05,7.08,7.08,7.08,7.08,700
2021-08-06,7.08,7.08,7.0,7.08,1800
2021-08-09,7.08,7.16,6.84,7.08,5200
2021-08-10,7.16,7.64,7.08,7.64,72728
2021-08-11,7.88,8.28,7.72,8.28,281610
2021-08-12,8.85,9.01,8.44,8.53,58837
2021-08-13,7.8,8.04,7.8,8.04,39700
2021-08-16,8.36,8.44,7.88,8.28,58010
2021-08-17,8.28,8.36,7.96,8.04,60400
2021-08-18,8.04,8.2,8.04,8.12,25410
2021-08-19,8.04,8.12,7.88,8.04,40700
2021-08-20,8.2,8.2,7.88,8.04,28000
2021-08-23,7.96,7.96,7.8,7.96,28900
2021-08-24,7.8,7.8,7.64,7.8,8100
2021-08-25,8.04,8.04,7.88,7.88,2300
2021-08-26,7.8,8.04,7.64,7.8,9600
2021-08-27,7.96,8.04,7.72,8.04,35700
2021-08-30,8.12,8.2,8.04,8.12,24500
2021-08-31,8.04,8.2,8.04,8.04,31000
2021-09-01,7.96,8.12,7.96,8.12,46300
2021-09-06,8.12,8.93,8.12,8.93,107707
2021-09-07,8.93,9.65,8.93,9.25,108900
2021-09-08,9.25,9.33,8.77,8.85,58000
2021-09-09,8.85,9.01,8.61,9.01,43100
2021-09-10,9.09,9.81,9.09,9.65,73407
2021-09-13,9.81,10.05,9.81,9.89,69737
2021-09-14,9.89,9.97,9.57,9.81,33500
2021-09-15,9.73,9.81,9.41,9.65,28600
2021-09-16,9.65,9.65,9.33,9.57,29000
2021-09-17,9.57,9.65,9.57,9.65,33537
2021-09-20,9.57,9.65,9.41,9.65,45600
2021-09-21,9.49,9.57,9.49,9.49,19100
2021-09-22,9.49,9.97,9.49,9.89,67000
2021-09-23,10.29,10.29,9.49,9.57,45600
2021-09-24,9.57,9.73,9.49,9.57,12400
2021-09-27,9.49,9.49,9.25,9.25,23200
2021-09-28,9.01,9.49,8.93,9.49,29100
2021-09-29,9.49,9.49,9.17,9.33,11700
2021-09-30,9.33,9.33,9.25,9.25,7400
2021-10-01,9.33,9.33,9.17,9.17,18600
2021-10-04,9.33,9.65,9.33,9.65,57220
2021-10-05,9.65,9.65,9.49,9.49,12700
2021-10-06,9.49,9.57,9.41,9.57,21400
2021-10-07,9.65,9.65,9.41,9.49,27200
2021-10-08,9.49,9.49,9.41,9.49,21100
2021-10-11,9.57,10.38,9.49,10.38,239675
2021-10-12,11.02,11.34,10.54,11.34,178800
2021-10-13,11.42,11.66,11.1,11.5,41725
2021-10-14,11.34,11.34,10.54,10.7,90123
2021-10-15,10.46,10.86,10.21,10.86,61400
2021-10-18,10.86,11.1,10.62,10.86,39200
2021-10-19,10.78,10.78,10.05,10.21,103500
2021-10-20,10.21,10.46,10.05,10.21,78600
2021-10-21,10.46,10.86,10.29,10.86,44000
2021-10-22,10.7,10.7,10.05,10.62,36200
2021-10-25,10.62,10.62,10.05,10.54,65700
2021-10-26,10.54,10.54,10.13,10.38,43400
2021-10-27,10.29,10.62,10.29,10.38,83823
2021-10-28,10.46,10.62,10.29,10.46,43800
2021-10-29,10.7,10.86,10.46,10.46,25900
2021-11-01,10.38,10.62,10.29,10.38,47923
2021-11-02,10.38,10.38,10.21,10.38,50980
2021-11-03,10.38,10.54,10.21,10.21,52500
2021-11-04,10.21,10.29,10.05,10.29,26500
2021-11-05,10.29,10.29,9.97,10.29,34410
2021-11-08,10.29,10.29,10.13,10.29,26620
2021-11-09,10.38,10.62,10.29,10.62,54300
2021-11-10,10.62,11.18,10.54,10.86,50695
2021-11-11,10.86,10.86,10.62,10.62,28580
2021-11-12,10.62,10.7,10.62,10.62,21100
2021-11-15,10.62,10.62,10.38,10.62,47300
2021-11-16,10.62,10.62,10.38,10.46,16420
2021-11-17,10.46,10.46,10.29,10.46,19220
2021-11-18,10.46,10.46,10.05,10.21,42200
2021-11-19,10.21,10.46,10.05,10.13,32823
2021-11-22,10.13,10.13,9.97,10.05,35840
2021-11-23,9.49,10.13,9.49,10.05,6500
2021-11-24,9.89,10.05,9.73,10.05,29400
2021-11-25,9.81,10.05,9.81,9.97,11400
2021-11-26,10.05,10.05,9.89,10.05,19100
2021-11-29,9.89,9.89,9.57,9.81,23700
2021-11-30,9.89,9.89,9.73,9.73,16900
2021-12-01,9.73,9.97,9.73,9.81,23900
2021-12-02,9.89,9.89,9.65,9.65,13800
2021-12-03,9.65,9.73,9.49,9.57,28300
2021-12-06,9.33,9.49,8.93,9.09,26100
2021-12-07,9.09,9.33,8.85,9.25,14000
2021-12-08,9.33,9.49,9.33,9.49,9500
2021-12-09,9.49,9.49,9.41,9.41,14800
2021-12-10,9.41,9.49,9.33,9.49,7600
2021-12-13,9.49,9.49,9.41,9.49,16800
2021-12-14,9.49,9.65,9.41,9.49,15700
2021-12-15,9.65,9.65,9.41,9.41,12687
2021-12-16,9.49,9.49,9.33,9.41,11100
2021-12-17,9.41,9.41,9.33,9.41,6400
2021-12-20,9.41,9.41,9.41,9.41,800
2021-12-21,9.25,9.41,9.17,9.41,15540
2021-12-22,9.17,9.33,9.17,9.25,2120
2021-12-23,9.25,9.25,9.17,9.17,9100
2021-12-24,9.17,9.49,9.17,9.25,3700
2021-12-27,9.25,9.33,9.17,9.33,12201
2021-12-28,9.33,9.33,9.25,9.33,21904
2021-12-29,9.17,9.25,9.09,9.17,4800
2021-12-30,9.17,9.25,9.09,9.17,7100
2021-12-31,9.17,9.25,9.17,9.25,9600
2022-01-04,9.25,9.33,9.25,9.25,8200
2022-01-05,9.25,9.33,9.17,9.25,33800
2022-01-06,9.25,9.49,9.25,9.49,15200
2022-01-07,9.49,9.49,9.41,9.49,18100
2022-01-10,9.41,9.49,9.33,9.49,17400
2022-01-11,9.33,9.49,9.25,9.49,16800
2022-01-12,9.33,9.41,9.25,9.41,7300
2022-01-13,9.41,10.29,9.25,10.29,136400
2022-01-14,10.46,10.86,9.57,9.57,59948
2022-01-17,9.57,10.29,9.57,10.29,2000
2022-01-18,10.05,10.05,9.33,9.33,16420
2022-01-19,9.09,10.21,9.09,10.21,7900
2022-01-20,10.05,10.21,9.41,9.41,4100
2022-01-21,9.57,10.13,9.57,9.97,7300
2022-01-24,9.97,9.97,9.57,9.73,5300
2022-01-25,9.73,9.89,9.65,9.89,27200
2022-01-26,10.05,10.13,10.05,10.05,4700
2022-01-27,10.21,10.29,9.81,9.97,26200
2022-01-28,9.97,9.97,9.97,9.97,1300
2022-02-07,10.21,10.46,10.13,10.21,10866
2022-02-08,9.73,10.21,9.73,10.21,5300
2022-02-09,10.05,10.13,10.05,10.13,1676
2022-02-10,10.21,10.38,10.21,10.38,9100
2022-02-11,10.38,10.38,10.38,10.38,10900
2022-02-14,10.05,11.18,10.05,10.46,6220
2022-02-15,10.46,10.46,10.21,10.29,5600
2022-02-16,10.21,10.29,10.13,10.21,12000
2022-02-17,10.13,10.13,10.05,10.05,8100
2022-02-18,10.05,10.13,9.89,10.13,8700
2022-02-21,10.29,10.29,10.13,10.21,22800
2022-02-22,10.78,10.86,10.21,10.21,2000
2022-02-23,10.46,10.86,10.21,10.29,14809
2022-02-24,10.38,11.18,10.13,11.02,102400
2022-02-25,11.1,11.26,11.1,11.18,46480
2022-02-28,11.02,11.34,11.02,11.26,27900
2022-03-01,11.26,11.42,11.1,11.34,54909
2022-03-02,11.34,12.22,11.34,11.66,60600
2022-03-03,11.74,12.47,11.66,12.47,77900
2022-03-04,12.79,12.87,12.14,12.31,69402
2022-03-07,12.71,12.87,12.22,12.63,91610
2022-03-08,12.71,12.71,11.98,12.14,43707
2022-03-09,12.14,13.35,11.98,13.35,173522
2022-03-10,13.35,14.16,12.95,12.95,91420
2022-03-11,12.95,12.95,12.55,12.87,54657
2022-03-14,12.55,12.55,11.58,11.74,75020
2022-03-15,11.66,11.74,11.26,11.66,28925
2022-03-16,11.66,12.39,11.42,11.74,24300
2022-03-17,11.58,11.74,11.42,11.42,26000
2022-03-18,11.5,11.74,11.34,11.66,29900
2022-03-21,11.42,11.66,11.26,11.58,42900
2022-03-22,11.58,11.66,11.58,11.66,16000
2022-03-23,11.82,11.82,11.5,11.66,14400
2022-03-24,11.66,11.98,11.66,11.82,13610
2022-03-25,11.74,11.9,11.66,11.82,19900
2022-03-28,11.9,11.9,11.74,11.82,45400
2022-03-29,12.06,12.22,11.82,12.22,38300
2022-03-30,12.47,12.47,11.9,12.06,68000
2022-03-31,12.06,12.06,11.74,11.74,47500
2022-04-01,11.74,11.9,11.66,11.9,13260
2022-04-04,12.06,12.47,12.06,12.47,50600
2022-04-05,12.47,12.47,12.06,12.39,8710
2022-04-06,12.47,12.47,12.39,12.39,3349
2022-04-07,12.47,12.47,11.82,11.98,57900
2022-04-08,11.74,11.82,11.58,11.74,59084
2022-04-12,11.66,11.66,11.66,11.66,66300
2022-04-13,11.66,11.66,11.34,11.42,5300
2022-04-14,11.26,11.66,11.18,11.26,11100
2022-04-15,11.34,11.34,11.1,11.26,10800
2022-04-18,11.26,11.58,10.62,11.26,19000
2022-04-19,10.7,10.86,10.7,10.86,8800
2022-04-20,10.86,10.86,10.86,10.86,400
2022-04-21,10.86,10.86,10.21,10.7,48800
2022-04-22,10.7,10.7,10.46,10.7,6400
2022-04-25,10.46,10.86,10.46,10.46,400
2022-04-26,9.97,10.7,9.97,10.7,4100
2022-04-27,10.62,11.26,10.62,11.26,200
2022-04-28,11.26,11.42,11.26,11.42,1500
2022-04-29,10.29,11.58,10.29,11.5,5000
2022-05-04,10.94,11.58,10.94,11.42,5000
2022-05-05,11.66,11.66,11.66,11.66,100
2022-05-06,11.26,11.26,11.02,11.02,19500
2022-05-09,11.02,11.02,10.29,11.02,900
2022-05-10,11.02,11.02,10.62,10.62,18500
2022-05-11,10.46,10.94,10.46,10.94,3400
2022-05-12,10.7,10.7,10.7,10.7,100
2022-05-13,10.7,10.7,10.13,10.13,11800
2022-05-16,11.02,11.02,9.57,9.57,1110
2022-05-17,9.57,10.29,9.57,10.29,1300
2022-05-18,9.57,10.29,9.57,10.29,800
2022-05-19,9.65,9.65,9.65,9.65,2300
2022-05-20,9.65,10.62,9.65,10.54,2700
2022-05-23,10.13,10.46,9.97,10.46,13700
2022-05-24,10.54,10.54,10.13,10.46,3800
2022-05-25,10.46,10.46,9.73,10.29,3100
2022-05-26,10.46,10.46,10.46,10.46,110
2022-05-27,11.26,11.26,10.13,11.02,1240
2022-05-30,11.02,11.02,11.02,11.02,100
2022-05-31,11.02,11.02,11.02,11.02,103
2022-06-01,10.46,10.46,10.38,10.46,5800
2022-06-02,11.26,11.26,10.46,10.46,3600
2022-06-03,10.46,10.46,10.46,10.46,0
2022-06-06,9.89,10.54,9.89,10.38,3628
2022-06-07,11.02,11.02,10.62,10.62,2232
2022-06-08,10.46,10.46,10.29,10.46,21400
2022-06-09,10.46,10.46,10.38,10.46,1800
2022-06-10,10.38,10.38,10.29,10.29,1800
2022-06-13,10.05,10.05,9.49,10.05,1865
2022-06-14,10.05,10.46,10.05,10.46,4000
2022-06-15,10.46,10.46,10.46,10.46,0
2022-06-16,10.46,10.97,10.46,10.97,1800
2022-06-17,10.71,10.97,9.94,10.37,2700
2022-06-20,9.43,9.86,9.43,9.43,2200
2022-06-21,10.2,10.2,10.11,10.11,3100
2022-06-22,9.34,10.11,9.34,10.11,300
2022-06-23,10.28,10.28,10.28,10.28,100
2022-06-24,10.28,10.97,10.28,10.97,3000
2022-06-27,10.11,10.97,10.11,10.8,2200
2022-06-28,10.03,10.8,10.03,10.8,1000
2022-06-29,10.37,10.46,10.37,10.37,900
2022-06-30,10.37,10.37,10.37,10.37,0
2022-07-01,10.37,10.37,9.51,10.37,3225
2022-07-04,10.28,10.28,10.2,10.2,4700
2022-07-05,9.68,10.37,9.68,10.11,5618
2022-07-06,10.11,10.11,10.11,10.11,0
2022-07-07,9.43,10.28,9.43,9.43,1600
2022-07-08,9.94,10.2,9.77,10.2,1200
2022-07-11,10.2,10.2,10.2,10.2,0
2022-07-12,10.03,10.8,10.03,10.11,8100
2022-07-13,10.28,10.28,10.28,10.28,2100
2022-07-14,10.03,10.28,10.03,10.28,3200
2022-07-15,10.28,10.28,10.28,10.28,1700
2022-07-18,10.2,10.2,10.2,10.2,1000
2022-07-19,10.11,10.2,10.11,10.2,300
2022-07-20,10.28,10.54,10.28,10.54,2000
2022-07-21,11.05,11.05,10.54,10.54,400
2022-07-22,10.54,10.54,10.54,10.54,0
2022-07-25,10.54,10.54,10.54,10.54,22
2022-07-26,9.68,10.28,9.6,10.28,5600
2022-07-27,10.28,10.28,10.28,10.28,1200
2022-07-28,10.28,10.28,10.28,10.28,1000
2022-07-29,10.2,10.2,10.2,10.2,1093
2022-08-01,10.46,10.46,10.37,10.37,12100
2022-08-02,10.37,10.37,10.03,10.28,16200
2022-08-03,10.11,10.28,10.11,10.28,5500
2022-08-04,10.11,10.2,9.43,10.2,2600
2022-08-05,9.77,10.2,9.68,10.2,600
2022-08-08,10.2,10.2,10.2,10.2,2720
2022-08-09,9.68,10.11,9.68,10.11,1300
2022-08-10,10.03,10.28,10.03,10.28,600
2022-08-11,10.11,10.11,10.11,10.11,1500
2022-08-12,10.28,10.28,10.28,10.28,100
2022-08-15,10.28,10.28,10.28,10.28,0
2022-08-16,9.6,10.2,9.6,10.2,1200
2022-08-17,10.11,10.11,10.11,10.11,200
2022-08-18,10.03,10.11,9.94,10.11,700
2022-08-19,9.6,10.03,9.43,10.03,8300
2022-08-22,9.86,10.03,9.86,10.03,2400
2022-08-23,10.03,10.03,10.03,10.03,0
2022-08-24,9.86,10.03,9.51,10.03,12700
2022-08-25,9.94,10.03,9.68,10.03,2900
2022-08-26,10.03,10.03,10.03,10.03,0
2022-08-29,10.03,10.03,10.03,10.03,0
2022-08-30,10.03,10.03,10.03,10.03,0
2022-08-31,9.6,9.94,9.6,9.94,1300
2022-09-05,9.94,9.94,9.94,9.94,0
2022-09-06,9.94,9.94,9.94,9.94,0
2022-09-07,9.94,9.94,9.94,9.94,0
2022-09-08,9.94,9.94,9.94,9.94,0
2022-09-09,9.94,9.94,9.94,9.94,0
2022-09-12,9.94,10.11,9.94,9.94,5600
2022-09-13,9.94,9.94,9.94,9.94,4
2022-09-14,9.94,9.94,9.94,9.94,0
2022-09-15,9.77,9.94,9.77,9.94,3100
2022-09-16,9.94,9.94,9.94,9.94,56
2022-09-19,9.94,9.94,9.94,9.94,0
2022-09-20,9.94,9.94,9.94,9.94,0
2022-09-21,9.94,9.94,9.94,9.94,20
2022-09-22,9.17,9.68,9.17,9.68,2200
2022-09-23,9.68,9.86,9.68,9.86,1840
2022-09-26,9.34,9.68,9.34,9.68,1200
2022-09-27,9.43,9.43,9.43,9.43,1100
2022-09-28,9.43,9.43,9.43,9.43,3000
2022-09-29,9.0,9.0,9.0,9.0,1000
2022-09-30,8.48,9.43,8.48,9.43,200
2022-10-03,9.34,9.34,9.34,9.34,100
2022-10-04,8.57,9.0,8.48,9.0,1710
2022-10-05,9.26,9.26,9.26,9.26,100
2022-10-06,9.26,9.26,9.26,9.26,0
2022-10-07,9.26,9.26,9.26,9.26,0
2022-10-10,8.83,9.26,8.83,9.26,200
2022-10-11,8.57,9.26,8.48,9.26,9600
2022-10-12,8.4,9.43,8.4,9.43,7800
2022-10-13,9.43,9.43,9.43,9.43,200
2022-10-14,9.34,9.34,9.34,9.34,200
2022-10-17,8.57,8.74,8.57,8.74,1000
2022-10-18,9.34,9.34,8.74,9.26,6300
2022-10-19,9.08,9.17,9.08,9.17,800
2022-10-20,9.17,9.17,9.17,9.17,200
2022-10-21,8.57,8.57,8.57,8.57,1200
2022-10-24,8.06,8.06,8.06,8.06,5601
2022-10-25,8.83,8.83,8.66,8.66,300
2022-10-26,8.83,8.83,8.83,8.83,200
2022-10-27,8.74,8.74,8.74,8.74,200
2022-10-28,8.66,8.74,8.66,8.74,6200
2022-10-31,8.57,8.57,8.57,8.57,200
2022-11-01,8.57,8.57,8.57,8.57,0
2022-11-02,8.57,9.26,8.57,9.26,1000
2022-11-03,8.4,9.08,8.4,9.08,600
2022-11-04,9.08,9.08,9.08,9.08,0
2022-11-07,8.91,8.91,8.91,8.91,200
2022-11-08,8.14,8.91,8.14,8.91,800
2022-11-09,8.74,8.91,8.74,8.91,1200
2022-11-10,8.14,8.74,8.06,8.74,3300
2022-11-11,8.74,8.74,8.06,8.57,1800
2022-11-14,8.91,8.91,8.91,8.91,200
2022-11-15,8.06,8.06,8.06,8.06,3300
2022-11-16,7.28,8.06,7.28,8.06,9400
2022-11-17,7.97,8.57,7.97,8.06,2300
2022-11-18,8.4,8.4,8.31,8.31,300
2022-11-21,8.48,8.48,8.48,8.48,100
2022-11-22,8.48,8.48,8.48,8.48,200
2022-11-23,8.48,8.48,8.48,8.48,200
2022-11-24,8.48,8.48,8.48,8.48,274
2022-11-25,8.48,8.48,8.48,8.48,0
2022-11-28,8.48,8.57,8.06,8.48,1600
2022-11-29,8.23,8.48,8.23,8.48,800
2022-11-30,8.23,8.48,8.14,8.48,5200
2022-12-01,8.14,8.48,8.14,8.4,3800
2022-12-02,8.14,8.31,8.14,8.31,3000
2022-12-05,8.23,8.31,8.23,8.31,300
2022-12-06,8.14,8.31,8.14,8.31,800
2022-12-07,8.14,8.14,8.14,8.14,100
2022-12-08,8.48,8.48,8.4,8.4,740
2022-12-09,8.4,8.4,8.4,8.4,200
2022-12-12,8.57,8.57,8.57,8.57,200
2022-12-13,8.48,8.48,8.48,8.48,200
2022-12-14,8.48,8.48,8.48,8.48,0
2022-12-15,8.48,8.48,8.48,8.48,200
2022-12-16,8.48,8.48,8.48,8.48,200
2022-12-19,8.48,8.48,8.48,8.48,0
2022-12-20,7.8,8.48,7.8,8.48,4500
2022-12-21,7.88,8.4,7.88,8.4,10900
2022-12-22,8.4,8.4,8.4,8.4,0
2022-12-23,8.4,8.4,8.4,8.4,0
2022-12-26,7.88,8.4,7.88,8.4,300
2022-12-27,8.4,8.4,8.4,8.4,200
2022-12-28,8.4,8.4,8.4,8.4,0
2022-12-29,8.4,8.4,8.4,8.4,0
2022-12-30,8.4,8.4,8.4,8.4,200
2023-01-03,8.23,8.4,8.23,8.4,1400
2023-01-04,8.4,8.48,8.4,8.48,3100
2023-01-05,8.48,8.57,8.48,8.57,10720
2023-01-06,8.57,8.57,8.48,8.57,1000
2023-01-09,8.57,8.57,8.57,8.57,0
2023-01-10,8.57,8.57,8.57,8.57,0
2023-01-11,8.4,8.48,8.4,8.48,7500
2023-01-12,8.57,8.57,8.57,8.57,160
2023-01-13,8.4,8.57,8.4,8.57,6100
2023-01-16,8.57,8.57,8.57,8.57,0
2023-01-17,8.57,8.57,8.57,8.57,0
2023-01-18,8.4,8.48,8.4,8.48,500
2023-01-19,8.48,8.48,8.48,8.48,400
2023-01-27,8.31,8.57,8.31,8.57,200
2023-01-30,8.57,9.08,8.48,9.08,16609
2023-01-31,9.08,9.08,9.08,9.08,0
2023-02-01,8.91,8.91,8.4,8.57,5300
2023-02-02,8.06,8.66,8.06,8.57,300
2023-02-03,8.14,8.14,8.14,8.14,200
2023-02-06,8.14,8.14,8.14,8.14,200
2023-02-07,8.57,8.57,8.57,8.57,100
2023-02-08,8.57,8.57,8.57,8.57,200
2023-02-09,8.48,8.48,8.48,8.48,400
2023-02-10,8.23,8.48,7.8,8.4,900
2023-02-13,8.4,8.4,8.31,8.31,2000
2023-02-14,8.14,8.48,7.97,8.48,8300
2023-02-15,8.48,8.57,8.23,8.57,5500
2023-02-16,8.57,8.57,8.57,8.57,1900
2023-02-17,8.48,8.91,8.48,8.91,700
2023-02-20,8.91,9.17,8.91,9.17,2300
2023-02-21,9.17,9.17,9.17,9.17,0
2023-02-22,9.17,9.17,9.17,9.17,0
2023-02-23,9.17,9.17,9.17,9.17,0
2023-02-24,8.57,9.08,8.4,9.08,3700
2023-02-27,8.31,9.0,8.31,9.0,1000
2023-02-28,8.57,8.83,8.31,8.74,7500
2023-03-01,8.23,8.91,8.23,8.91,300
2023-03-02,8.31,9.0,8.31,9.0,6000
2023-03-03,9.0,9.0,9.0,9.0,0
2023-03-06,8.14,8.91,8.14,8.66,6900
2023-03-07,9.0,9.0,8.14,8.14,1100
2023-03-08,8.23,8.74,8.23,8.48,2700
2023-03-09,8.57,8.57,8.57,8.57,100
2023-03-10,8.57,8.57,8.57,8.57,11200
2023-03-13,8.57,8.57,8.57,8.57,0
2023-03-14,8.57,8.57,8.57,8.57,0
2023-03-15,8.57,8.57,8.57,8.57,500
2023-03-16,8.57,8.57,8.57,8.57,0
2023-03-17,8.57,8.57,8.57,8.57,0
2023-03-20,8.57,8.57,8.57,8.57,20
2023-03-21,8.57,8.57,8.57,8.57,0
2023-03-22,8.14,8.57,8.14,8.57,1600
2023-03-23,8.57,8.57,8.57,8.57,0
2023-03-24,7.8,8.74,7.8,8.74,1200
2023-03-27,8.74,8.74,8.74,8.74,0
2023-03-28,8.74,8.74,8.74,8.74,0
2023-03-29,8.74,8.74,8.74,8.74,0
2023-03-30,8.74,8.74,8.74,8.74,0
2023-03-31,8.74,8.74,8.74,8.74,1
2023-04-03,8.74,8.74,8.74,8.74,0
2023-04-04,8.66,8.74,8.66,8.74,1200
2023-04-05,8.74,8.74,8.74,8.74,0
2023-04-06,8.66,8.66,8.66,8.66,400
2023-04-07,8.66,8.66,8.66,8.66,2000
2023-04-10,8.57,8.91,8.57,8.66,4500
2023-04-11,8.66,8.66,8.66,8.66,0
2023-04-12,8.57,9.0,8.57,9.0,2900
2023-04-13,8.74,8.91,8.57,8.91,4800
2023-04-14,8.83,8.83,8.83,8.83,3100
2023-04-17,8.57,9.26,8.57,9.26,2100
2023-04-18,8.57,8.74,8.48,8.74,4300
2023-04-19,8.74,8.74,8.74,8.74,0
2023-04-20,8.31,8.57,8.14,8.57,2500
2023-04-21,8.57,8.57,8.57,8.57,0
2023-04-24,8.23,8.48,8.06,8.48,9200
2023-04-25,8.48,8.57,8.23,8.57,2100
2023-04-26,7.97,8.57,7.88,8.57,2080
2023-04-27,8.57,8.57,8.57,8.57,0
2023-04-28,8.57,8.74,8.48,8.57,401
2023-05-04,8.31,8.57,8.31,8.57,2500
2023-05-05,8.31,8.74,8.31,8.74,600
2023-05-08,8.74,8.74,8.31,8.66,5851
2023-05-09,8.66,8.66,8.66,8.66,0
2023-05-10,8.23,8.57,8.14,8.57,6700
2023-05-11,8.48,9.17,8.48,9.17,700
2023-05-12,8.57,8.91,8.57,8.74,2478
2023-05-15,8.4,8.74,8.4,8.74,1200
2023-05-16,8.23,8.74,8.23,8.74,200
2023-05-17,8.74,8.74,8.74,8.74,1
2023-05-18,8.48,8.74,8.48,8.74,1100
2023-05-19,8.48,8.48,8.48,8.48,1723
2023-05-22,8.48,8.57,8.48,8.57,1000
2023-05-23,8.57,8.57,8.48,8.48,1720
2023-05-24,8.48,8.66,8.48,8.48,6900
2023-05-25,8.48,8.57,8.48,8.48,5200
2023-05-26,8.57,8.66,8.57,8.66,2800
2023-05-29,8.74,8.74,8.66,8.66,2903
2023-05-30,8.57,8.66,8.57,8.66,12300
2023-05-31,8.66,8.66,8.57,8.66,34102
2023-06-01,8.66,8.66,8.66,8.66,1800
2023-06-02,8.48,8.48,8.48,8.48,100
2023-06-05,8.48,8.66,8.48,8.66,11000
2023-06-06,8.66,8.66,8.66,8.66,3300
2023-06-07,8.57,8.57,8.57,8.57,3300
2023-06-08,8.57,8.57,8.57,8.57,41800
2023-06-09,8.57,8.57,8.48,8.57,3200
2023-06-12,8.57,8.57,8.48,8.57,2400
2023-06-13,8.48,8.57,8.48,8.48,11101
2023-06-14,8.48,8.57,8.48,8.57,4207
2023-06-15,8.48,8.48,8.4,8.48,1700
2023-06-16,8.48,8.57,8.48,8.48,3000
2023-06-19,8.57,8.57,8.48,8.48,1200
2023-06-20,8.57,8.57,8.48,8.48,3200
2023-06-21,8.4,8.48,8.4,8.48,700
2023-06-22,8.48,8.48,8.48,8.48,7900
2023-06-23,8.57,8.57,8.57,8.57,400
2023-06-26,8.74,9.43,8.74,9.43,81406
2023-06-27,10.11,10.11,9.08,9.08,8700
2023-06-28,9.08,9.08,8.57,8.57,51947
2023-06-29,8.91,8.91,8.74,8.74,2100
2023-06-30,8.66,8.66,8.66,8.66,2000
2023-07-03,8.74,8.74,8.74,8.74,1000
2023-07-04,8.48,8.57,8.48,8.57,900
2023-07-05,8.66,8.66,8.66,8.66,420
2023-07-06,8.66,8.66,8.66,8.66,1600
2023-07-07,8.4,8.66,8.4,8.66,1800
2023-07-10,8.66,8.66,8.66,8.66,1800
2023-07-11,8.4,9.43,8.4,9.43,1200
2023-07-12,8.74,8.74,8.74,8.74,601
2023-07-13,8.74,8.74,8.74,8.74,200
2023-07-14,8.74,8.74,8.74,8.74,800
2023-07-17,8.74,8.74,8.74,8.74,1000
2023-07-18,8.66,8.66,8.57,8.57,3000
2023-07-19,8.74,8.74,8.57,8.57,3000
2023-07-20,8.66,8.74,8.66,8.74,500
2023-07-21,8.74,8.74,8.74,8.74,0
2023-07-24,9.0,9.0,8.91,8.91,1106
2023-07-25,8.57,8.74,8.48,8.57,27700
2023-07-26,8.57,8.57,8.48,8.48,7000
2023-07-27,8.57,8.57,8.4,8.4,5200
2023-07-28,8.4,8.48,8.4,8.48,3400
2023-07-31,9.0,9.0,8.48,8.74,800
2023-08-01,8.57,8.57,8.57,8.57,6400
2023-08-02,8.4,8.57,8.4,8.57,7300
2023-08-03,8.66,8.66,8.66,8.66,1000
2023-08-04,8.57,8.91,8.57,8.91,17301
2023-08-07,9.0,9.08,9.0,9.0,1314
2023-08-08,9.0,9.34,9.0,9.26,51960
2023-08-09,9.26,9.26,9.0,9.17,40606
2023-08-10,9.08,9.26,9.08,9.26,4106
2023-08-11,9.08,9.26,9.08,9.26,9150
2023-08-14,9.17,9.26,9.17,9.17,10946
2023-08-15,9.17,9.34,9.17,9.34,9045
2023-08-16,9.26,9.26,9.08,9.26,23314
2023-08-17,9.26,9.81,9.07,9.07,2902
2023-08-18,8.98,8.98,8.33,8.52,27600
2023-08-21,8.52,8.52,8.14,8.24,13200
2023-08-22,8.52,8.89,8.24,8.24,4000
2023-08-23,8.42,8.79,8.33,8.42,2200
2023-08-24,8.33,8.33,8.33,8.33,100
2023-08-25,8.33,8.89,8.33,8.89,2300
2023-08-28,8.89,8.89,8.89,8.89,1
2023-08-29,8.89,8.89,8.33,8.7,2240
2023-08-30,8.42,8.79,8.42,8.79,3000
2023-08-31,8.79,8.79,8.42,8.42,2301
2023-09-05,8.42,8.61,8.33,8.61,2900
2023-09-06,8.52,8.61,8.33,8.61,1500
2023-09-07,8.61,8.61,8.61,8.61,0
2023-09-08,8.7,8.7,8.61,8.61,2700
2023-09-11,8.7,8.7,8.42,8.42,4622
2023-09-12,8.42,8.42,8.42,8.42,60
2023-09-13,8.52,8.61,8.52,8.52,2200
2023-09-14,8.52,8.52,8.52,8.52,100
2023-09-15,8.42,8.52,8.42,8.52,3700
2023-09-18,8.52,8.52,8.33,8.52,1465
2023-09-19,8.42,8.52,8.42,8.52,1800
2023-09-20,8.61,8.61,8.61,8.61,100
2023-09-21,8.61,8.61,8.61,8.61,100
2023-09-22,8.42,8.79,8.42,8.42,4100
2023-09-25,8.42,8.52,8.42,8.52,4700
2023-09-26,8.52,8.52,8.52,8.52,1
2023-09-27,8.33,8.33,8.33,8.33,800
2023-09-28,8.79,8.79,8.79,8.79,1000
2023-09-29,8.79,8.79,8.79,8.79,2100
2023-10-02,8.79,8.79,8.79,8.79,0
2023-10-03,8.33,8.42,8.33,8.42,2000
2023-10-04,8.42,8.42,8.42,8.42,0
2023-10-05,8.42,8.42,8.42,8.42,0
2023-10-06,8.79,8.79,8.79,8.79,101
2023-10-09,8.79,8.79,8.7,8.7,800
2023-10-10,8.33,8.33,8.33,8.33,1002
2023-10-11,8.79,8.79,8.79,8.79,1600
2023-10-12,8.79,8.79,8.79,8.79,2
2023-10-13,8.7,8.7,8.7,8.7,1500
2023-10-16,8.7,8.7,8.7,8.7,0
2023-10-17,7.96,8.7,7.96,8.52,61000
2023-10-18,8.52,8.52,8.52,8.52,0
2023-10-19,7.87,7.87,7.87,7.87,100
2023-10-20,7.77,8.24,7.77,8.24,402
2023-10-23,8.24,8.24,8.24,8.24,500
2023-10-24,8.24,8.24,8.14,8.24,3000
2023-10-25,8.24,8.24,8.24,8.24,1100
2023-10-26,8.24,8.24,8.24,8.24,0
2023-10-27,7.59,7.87,7.59,7.87,1200
2023-10-30,7.87,7.87,7.87,7.87,1000
2023-10-31,7.87,7.87,7.87,7.87,0
2023-11-01,7.87,7.87,7.87,7.87,0
2023-11-02,7.22,8.05,7.22,8.05,700
2023-11-03,8.14,8.14,7.68,7.68,900
2023-11-06,8.14,8.14,7.87,7.87,1100
2023-11-07,7.87,7.87,7.87,7.87,0
2023-11-08,7.96,8.05,7.96,8.05,3700
2023-11-09,8.24,8.24,8.24,8.24,1206
2023-11-10,8.24,8.24,8.24,8.24,0
2023-11-13,7.77,7.87,7.77,7.87,300
2023-11-14,7.87,7.87,7.87,7.87,16
2023-11-15,7.96,8.14,7.96,8.14,4501
2023-11-16,8.24,8.24,8.24,8.24,400
2023-11-17,8.05,8.05,8.05,8.05,700
2023-11-20,8.14,8.14,8.14,8.14,1600
2023-11-21,8.14,8.14,8.14,8.14,301
2023-11-22,7.96,7.96,7.96,7.96,100
2023-11-23,7.96,8.24,7.96,8.14,2600
2023-11-24,8.14,8.14,8.14,8.14,0
2023-11-27,7.5,7.5,7.5,7.5,200
2023-11-28,7.59,7.59,7.59,7.59,1000
2023-11-29,7.59,7.59,7.59,7.59,0
2023-11-30,7.87,7.87,7.87,7.87,3002
2023-12-01,7.87,7.87,7.87,7.87,0
2023-12-04,7.87,7.87,7.87,7.87,106
2023-12-05,7.87,7.87,7.87,7.87,100
2023-12-06,8.05,8.05,8.05,8.05,100
2023-12-07,8.24,8.24,8.05,8.05,2200
2023-12-08,8.05,8.05,7.87,7.87,2500
2023-12-11,7.87,7.87,7.87,7.87,13800
2023-12-12,7.87,7.87,7.87,7.87,2600
2023-12-13,7.5,7.5,7.5,7.5,100
2023-12-14,8.14,8.14,7.4,8.05,600
2023-12-15,8.05,8.05,8.05,8.05,0
2023-12-18,7.5,7.87,7.4,7.5,6100
2023-12-19,7.5,7.87,7.31,7.31,13000
2023-12-20,7.4,7.77,7.22,7.4,600
2023-12-21,7.4,7.4,7.4,7.4,0
2023-12-22,7.4,7.4,7.4,7.4,0
2023-12-25,7.96,7.96,7.77,7.77,4500
2023-12-26,7.77,7.96,7.77,7.96,4200
2023-12-27,7.96,7.96,7.96,7.96,0
2023-12-28,7.96,7.96,7.96,7.96,6
2023-12-29,7.96,7.96,7.77,7.77,2200
2024-01-02,7.77,7.77,7.77,7.77,0
2024-01-03,7.77,7.77,7.22,7.22,6800
2024-01-04,7.68,7.77,6.94,7.68,13454
2024-01-05,7.68,7.77,7.4,7.4,7800
2024-01-08,7.4,7.4,6.76,6.76,8700
2024-01-09,7.4,7.4,6.57,6.94,8440
2024-01-10,6.94,7.4,6.66,6.66,6911
2024-01-11,6.76,7.31,6.29,6.57,9800
2024-01-12,6.76,6.76,6.39,6.66,6500
2024-01-15,7.03,7.22,6.94,7.03,4200
2024-01-16,7.03,7.03,6.76,6.76,1001
2024-01-17,6.76,7.22,6.76,7.22,2100
2024-01-18,7.22,7.22,6.94,7.22,3410
2024-01-19,7.31,7.5,7.03,7.22,8300
2024-01-22,7.13,7.22,7.13,7.22,202
2024-01-23,7.31,7.31,7.22,7.22,1800
2024-01-24,7.22,7.4,7.22,7.31,3700
2024-01-25,7.4,7.4,7.31,7.31,1101
2024-01-26,7.5,7.5,7.5,7.5,100
2024-01-29,7.4,7.4,7.4,7.4,2600
2024-01-30,7.22,7.59,7.22,7.59,200
2024-01-31,7.68,7.87,7.68,7.87,210
2024-02-01,7.87,7.87,7.87,7.87,1
2024-02-02,7.87,7.87,7.87,7.87,0
2024-02-05,7.87,7.87,7.87,7.87,30
2024-02-06,7.77,7.77,7.4,7.4,3200
2024-02-07,7.5,7.77,7.5,7.5,3015
2024-02-15,7.68,7.68,7.68,7.68,100
2024-02-16,7.77,7.77,7.77,7.77,109
2024-02-19,7.68,7.77,7.31,7.77,901
2024-02-20,7.77,7.87,7.77,7.77,6514
2024-02-21,7.87,7.87,7.87,7.87,127
2024-02-22,7.77,7.77,7.68,7.68,900
2024-02-23,7.68,7.77,7.68,7.77,1002
2024-02-26,7.77,7.96,7.77,7.77,710
2024-02-27,7.87,7.87,7.77,7.77,900
2024-02-28,8.05,8.05,8.05,8.05,102
2024-02-29,7.87,7.87,7.77,7.77,635
2024-03-01,7.68,7.77,7.5,7.77,2508
2024-03-04,7.59,7.77,7.59,7.77,1100
2024-03-05,7.77,7.77,7.77,7.77,0
2024-03-06,7.59,7.68,7.59,7.68,1700
2024-03-07,7.68,7.68,7.68,7.68,0
2024-03-08,7.68,7.68,7.68,7.68,20
2024-03-11,7.77,7.77,7.77,7.77,100
2024-03-12,7.77,7.77,7.77,7.77,0
2024-03-13,7.77,7.77,7.77,7.77,0
2024-03-14,7.68,7.87,7.4,7.68,2700
2024-03-15,7.5,7.68,7.5,7.68,13100
2024-03-18,7.4,7.87,7.4,7.87,1100
2024-03-19,7.87,7.87,7.87,7.87,0
2024-03-20,7.22,7.87,7.22,7.87,500
2024-03-21,7.4,7.4,7.4,7.4,1006
2024-03-22,7.4,7.59,7.4,7.4,9200
2024-03-25,7.4,7.59,7.31,7.59,3120
2024-03-26,7.59,7.59,7.59,7.59,0
2024-03-27,6.94,7.59,6.94,7.31,4400
2024-03-28,7.31,7.31,7.31,7.31,1916
2024-03-29,6.94,7.03,6.94,7.03,200
2024-04-01,7.03,7.22,7.03,7.22,1700
2024-04-02,7.22,7.22,7.22,7.22,1501
2024-04-03,7.4,7.4,7.31,7.31,500
2024-04-04,7.31,7.31,7.31,7.31,0
2024-04-05,7.31,7.31,7.31,7.31,20
2024-04-08,7.31,7.31,7.31,7.31,1
2024-04-09,7.31,7.4,7.22,7.4,3500
2024-04-10,7.4,7.4,7.4,7.4,5
2024-04-11,7.4,7.4,7.4,7.4,1
2024-04-12,7.03,7.4,7.03,7.4,3600
2024-04-15,7.4,7.4,7.4,7.4,18200
2024-04-16,7.22,7.22,7.22,7.22,3401
2024-04-17,7.03,7.13,7.03,7.13,3105
2024-04-19,7.31,7.31,7.31,7.31,1000
2024-04-22,7.31,7.31,7.31,7.31,65
2024-04-23,7.31,7.31,7.31,7.31,11
2024-04-24,7.22,7.4,7.22,7.4,1300
2024-04-25,7.4,7.4,7.4,7.4,3
2024-04-26,7.31,7.31,7.31,7.31,900
2024-05-02,7.31,7.31,7.03,7.03,2100
2024-05-03,7.31,7.31,7.31,7.31,1100
2024-05-06,7.22,7.22,7.22,7.22,200
2024-05-07,7.22,7.22,7.22,7.22,1000
2024-05-08,7.31,7.31,7.31,7.31,2109
2024-05-09,7.31,7.31,7.22,7.22,800
2024-05-10,7.22,7.22,7.22,7.22,0
2024-05-13,7.4,7.4,7.31,7.31,1401
2024-05-14,7.22,7.4,7.22,7.4,1100
2024-05-15,7.31,7.31,7.31,7.31,4910
2024-05-16,7.31,7.31,7.31,7.31,0
2024-05-17,7.59,7.59,7.59,7.59,5000
2024-05-20,7.4,7.4,7.4,7.4,1002
2024-05-21,7.4,7.4,7.4,7.4,428
2024-05-22,7.5,7.5,7.5,7.5,12300
2024-05-23,7.4,7.4,7.4,7.4,2000
2024-05-24,7.4,7.4,7.4,7.4,3000
2024-05-27,7.4,7.4,7.4,7.4,0
2024-05-28,7.4,7.59,7.4,7.59,7800
2024-05-29,7.68,7.68,7.68,7.68,118
2024-05-30,7.77,7.87,7.77,7.87,1100
2024-05-31,7.5,7.5,7.5,7.5,300
2024-06-03,7.4,7.4,7.4,7.4,500
2024-06-04,7.5,7.5,7.5,7.5,2503
2024-06-05,7.5,7.5,7.5,7.5,0
2024-06-06,7.59,7.59,7.5,7.5,600
2024-06-07,7.59,7.87,7.59,7.59,18800
2024-06-10,7.87,8.05,7.77,7.77,5832
2024-06-11,7.87,7.87,7.68,7.68,9528
2024-06-12,7.68,7.87,7.68,7.68,1914
2024-06-13,7.68,7.68,7.59,7.68,4300
2024-06-14,7.68,7.68,7.68,7.68,1302
2024-06-17,7.59,7.59,7.59,7.59,1000
2024-06-18,7.68,8.33,7.68,8.05,63700
2024-06-19,8.24,8.24,8.24,8.24,145
2024-06-20,8.24,8.98,8.24,8.98,121475
2024-06-21,9.35,9.81,9.26,9.81,114827
2024-06-24,10.74,10.74,9.53,10.18,49835
2024-06-25,10.18,10.18,9.35,9.9,5100
2024-06-26,10.0,10.64,9.44,9.44,23025
2024-06-27,8.98,9.26,8.61,8.98,40700
2024-06-28,9.72,9.72,8.7,8.79,4217
2024-07-01,8.52,8.7,7.96,8.7,109800
2024-07-02,8.61,8.7,8.24,8.7,26018
2024-07-03,7.87,9.53,7.87,8.89,2200
2024-07-04,8.98,8.98,8.98,8.98,500
2024-07-05,8.89,8.89,8.89,8.89,1200
2024-07-08,8.89,8.89,8.89,8.89,0
2024-07-09,8.33,8.79,8.14,8.79,8606
2024-07-10,8.89,8.89,8.89,8.89,110
2024-07-11,8.79,8.79,8.79,8.79,301
2024-07-12,8.42,8.52,8.42,8.42,3900
2024-07-15,9.16,9.16,9.16,9.16,107
2024-07-16,8.89,8.89,8.89,8.89,100
2024-07-17,8.61,8.61,8.61,8.61,1000
2024-07-18,8.61,8.61,8.61,8.61,505
2024-07-19,8.61,8.61,8.61,8.61,0
2024-07-22,8.61,8.61,8.61,8.61,2500
2024-07-23,8.61,8.61,8.61,8.61,1
2024-07-24,8.61,8.61,8.61,8.61,0
2024-07-25,8.61,8.61,8.61,8.61,0
2024-07-26,8.61,8.61,8.61,8.61,100
2024-07-29,8.61,8.61,8.61,8.61,0
2024-07-30,8.61,9.44,7.77,7.77,42021
2024-07-31,7.77,7.77,7.77,7.77,400
2024-08-01,7.59,7.59,7.59,7.59,100
2024-08-02,8.33,8.33,7.77,7.77,1400
2024-08-05,8.33,8.33,7.77,7.77,1322
2024-08-06,8.33,8.52,8.05,8.05,1912
2024-08-07,7.5,7.59,7.5,7.59,211
2024-08-08,7.59,7.59,7.59,7.59,10
2024-08-09,8.24,8.24,7.68,7.68,803
2024-08-12,7.68,7.68,7.68,7.68,1
2024-08-13,7.87,7.87,7.87,7.87,1010
2024-08-14,7.87,7.87,7.87,7.87,800
2024-08-15,7.87,7.87,7.87,7.87,1
2024-08-16,7.87,7.87,7.87,7.87,500
2024-08-19,7.87,7.87,7.4,7.5,1732
2024-08-20,7.59,7.68,7.59,7.59,1700
2024-08-21,7.59,7.59,7.59,7.59,0
2024-08-22,7.59,7.59,7.31,7.31,10674
2024-08-23,7.31,7.87,6.94,7.77,4100
2024-08-26,7.77,7.77,7.68,7.68,210
2024-08-27,7.68,7.68,7.68,7.68,400
2024-08-28,7.68,7.68,7.68,7.68,0
2024-08-29,7.68,7.68,7.68,7.68,120
2024-08-30,7.59,7.59,7.59,7.59,100
2024-09-04,7.5,7.5,7.5,7.5,2000
2024-09-05,7.77,7.77,7.5,7.5,2201
2024-09-06,7.5,7.5,7.5,7.5,0
2024-09-09,7.5,7.5,7.5,7.5,0
2024-09-10,7.5,7.5,7.5,7.5,3
2024-09-11,7.5,7.5,7.5,7.5,0
2024-09-12,7.5,7.5,7.5,7.5,1
2024-09-13,7.5,7.5,7.5,7.5,1
2024-09-16,7.5,7.5,7.5,7.5,0
2024-09-17,7.5,7.5,7.5,7.5,101
2024-09-18,7.5,7.5,7.5,7.5,3
2024-09-19,7.5,7.5,7.5,7.5,0
2024-09-20,7.5,7.5,7.5,7.5,0
2024-09-23,7.5,7.5,7.5,7.5,3159
2024-09-24,7.69,7.69,7.69,7.69,2000
2024-09-25,7.21,7.97,6.93,7.97,5905
2024-09-26,7.97,7.97,7.97,7.97,20
2024-09-27,7.97,7.97,7.97,7.97,0
2024-09-30,7.97,7.97,7.97,7.97,0
2024-10-01,7.97,7.97,7.97,7.97,10
2024-10-02,7.97,7.97,7.97,7.97,0
2024-10-03,7.97,7.97,7.97,7.97,2000
2024-10-04,7.69,7.69,7.69,7.69,800
2024-10-07,7.59,7.59,7.59,7.59,415
2024-10-08,7.59,7.59,7.59,7.59,0
2024-10-09,7.59,7.59,7.59,7.59,0
2024-10-10,7.59,7.59,7.59,7.59,0
2024-10-11,7.59,7.59,7.59,7.59,0
2024-10-14,7.59,7.59,7.59,7.59,815
2024-10-15,7.5,7.5,7.4,7.4,2360
2024-10-16,7.31,7.31,7.31,7.31,1500
2024-10-17,7.21,7.21,7.12,7.12,505
2024-10-18,6.74,6.74,6.74,6.74,100
2024-10-21,6.74,6.74,6.74,6.74,0
2024-10-22,7.4,7.4,7.4,7.4,900
2024-10-23,7.4,7.4,7.4,7.4,8
2024-10-24,7.4,7.4,7.4,7.4,0
2024-10-25,7.4,7.4,7.4,7.4,0
2024-10-28,7.4,7.4,7.4,7.4,0
2024-10-29,7.21,7.69,7.21,7.69,200
2024-10-30,7.69,7.69,7.69,7.69,0
2024-10-31,7.69,8.07,7.69,8.07,6060
2024-11-01,8.07,8.07,8.07,8.07,0
2024-11-04,8.07,8.07,8.07,8.07,60
2024-11-05,8.07,8.07,8.07,8.07,0
2024-11-06,8.07,8.07,8.07,8.07,0
2024-11-07,8.07,8.07,8.07,8.07,5
2024-11-08,7.4,7.4,7.31,7.4,460
2024-11-11,7.4,7.4,7.4,7.4,0
2024-11-12,7.59,7.59,7.59,7.59,5000
2024-11-13,7.59,7.59,7.59,7.59,0
2024-11-14,7.59,7.59,7.59,7.59,0
2024-11-15,7.59,7.59,7.59,7.59,1
2024-11-18,7.59,7.59,7.59,7.59,0
2024-11-19,7.59,7.59,7.59,7.59,0
2024-11-20,7.59,7.59,7.59,7.59,0
2024-11-21,7.59,7.59,7.59,7.59,0
2024-11-22,6.93,6.93,6.93,6.93,3075
2024-11-25,7.12,7.12,7.02,7.02,801
2024-11-26,7.21,7.21,7.21,7.21,8400
2024-11-27,7.02,7.21,7.02,7.21,1800
2024-11-28,7.59,7.59,7.59,7.59,360
2024-11-29,7.12,7.59,7.12,7.59,900
2024-12-02,7.59,7.59,7.59,7.59,0
2024-12-03,7.12,7.12,7.12,7.12,200
2024-12-04,7.12,7.12,7.12,7.12,0
2024-12-05,7.4,7.59,7.4,7.5,801
2024-12-06,7.5,7.5,7.5,7.5,0
2024-12-09,7.5,7.5,7.5,7.5,0
2024-12-10,7.5,7.5,7.5,7.5,0
2024-12-11,7.5,7.5,7.5,7.5,0
2024-12-12,7.5,7.5,7.5,7.5,0
2024-12-13,7.5,7.5,7.5,7.5,1
2024-12-16,7.5,7.5,7.5,7.5,1
2024-12-17,7.5,7.5,7.5,7.5,0
2024-12-18,7.5,7.5,7.5,7.5,0
2024-12-19,7.5,7.5,7.5,7.5,43
2024-12-20,7.5,7.5,7.5,7.5,0
2024-12-23,7.21,7.21,7.21,7.21,100
2024-12-24,7.78,7.78,7.78,7.78,500
2024-12-25,7.21,7.59,7.02,7.59,14500
2024-12-26,7.88,7.88,7.88,7.88,100
2024-12-27,7.59,7.59,7.21,7.5,23600
2024-12-30,7.5,7.5,7.5,7.5,0
2024-12-31,7.4,7.4,7.12,7.12,3700
2025-01-02,7.4,7.4,7.31,7.31,1700
2025-01-03,7.31,7.31,7.31,7.31,0
2025-01-06,7.21,7.21,7.21,7.21,500
2025-01-07,7.21,7.21,7.21,7.21,0
2025-01-08,7.4,7.4,7.4,7.4,4100
2025-01-09,7.59,7.59,7.59,7.59,2000
2025-01-10,7.59,7.59,7.59,7.59,1
2025-01-13,7.59,7.59,7.59,7.59,0
2025-01-14,7.21,7.4,7.21,7.4,400
2025-01-15,7.4,7.4,7.4,7.4,0
2025-01-16,7.4,7.4,7.4,7.4,1
2025-01-17,7.5,7.5,7.5,7.5,500
2025-01-20,7.4,7.4,7.21,7.21,7521
2025-01-21,7.4,7.4,7.4,7.4,1000
2025-01-22,7.4,7.4,7.4,7.4,10
2025-01-23,7.4,7.4,7.4,7.4,0
2025-01-24,7.5,7.5,7.5,7.5,100
2025-02-03,7.5,8.07,7.5,8.07,800
2025-02-04,8.07,8.07,8.07,8.07,0
2025-02-05,7.69,8.07,7.59,8.07,1400
2025-02-06,7.69,7.97,7.69,7.97,4700
2025-02-07,8.07,8.26,8.07,8.07,9900
2025-02-10,8.07,8.07,8.07,8.07,1100
2025-02-11,8.07,8.07,8.07,8.07,100
2025-02-12,8.07,8.07,8.07,8.07,1017
2025-02-13,8.07,8.07,8.07,8.07,1
2025-02-14,8.07,8.07,8.07,8.07,0
2025-02-17,8.07,8.07,8.07,8.07,800
2025-02-18,8.26,8.26,8.26,8.26,1901
2025-02-19,8.26,8.26,8.26,8.26,5101
2025-02-20,8.26,8.26,8.26,8.26,10800
2025-02-21,8.26,8.35,8.26,8.35,8200
2025-02-24,8.35,8.35,8.35,8.35,10
2025-02-25,8.45,8.45,8.35,8.45,4000
2025-02-26,8.45,8.45,8.45,8.45,17
2025-02-27,8.45,8.45,8.45,8.45,0
2025-02-28,8.35,8.35,8.35,8.35,1400
2025-03-03,7.59,8.54,7.59,8.54,200
2025-03-04,8.54,8.54,8.54,8.54,3
2025-03-05,8.54,8.54,8.54,8.54,0
2025-03-06,8.54,8.54,8.54,8.54,0
2025-03-07,8.54,8.54,8.54,8.54,0
2025-03-10,8.73,8.73,8.73,8.73,501
2025-03-11,8.54,8.54,8.54,8.54,500
2025-03-12,8.16,8.16,8.16,8.16,3000
2025-03-13,8.16,8.16,8.16,8.16,0
2025-03-14,8.07,8.07,8.07,8.07,2611
2025-03-17,8.07,8.16,8.07,8.16,383
2025-03-18,8.16,8.16,8.16,8.16,0
2025-03-19,8.16,8.16,8.16,8.16,0
2025-03-20,8.26,8.26,8.16,8.26,31800
2025-03-21,8.26,8.26,8.26,8.26,1517
2025-03-24,8.26,8.26,8.26,8.26,0
2025-03-25,8.26,8.26,8.26,8.26,100
2025-03-26,8.26,8.26,8.26,8.26,0
2025-03-27,8.54,8.54,8.54,8.54,100
2025-03-28,8.54,8.54,8.54,8.54,0
2025-03-31,8.54,8.54,8.54,8.54,0
2025-04-01,8.54,8.54,8.54,8.54,1
2025-04-02,8.16,8.26,8.16,8.16,3800
2025-04-03,7.97,7.97,7.88,7.97,4100
2025-04-04,7.97,8.07,7.97,8.07,900
2025-04-08,8.07,8.07,8.07,8.07,0
2025-04-09,8.45,8.45,8.45,8.45,100
2025-04-10,8.45,8.45,8.45,8.45,301
2025-04-11,8.45,8.45,8.45,8.45,0
2025-04-14,8.45,8.45,8.45,8.45,1
2025-04-15,8.45,8.45,8.45,8.45,0
2025-04-16,8.54,8.54,8.54,8.54,100
2025-04-17,8.54,8.54,8.54,8.54,0
2025-04-18,9.4,9.4,7.97,8.54,520
2025-04-21,8.07,8.54,8.07,8.54,600
2025-04-22,7.88,8.54,7.78,8.54,1428
2025-04-23,8.54,8.54,7.69,8.45,2900
2025-04-24,8.54,9.21,8.54,9.21,104820
2025-04-25,10.06,10.06,9.11,9.68,4100
2025-04-28,9.58,9.58,9.58,9.58,3900
2025-04-29,9.58,9.58,9.21,9.21,3810
2025-05-05,8.92,9.49,8.92,9.49,1100
2025-05-06,10.44,10.44,9.11,9.49,2900
2025-05-07,9.49,9.49,9.49,9.49,10
2025-05-08,9.49,9.49,9.49,9.49,497
2025-05-09,9.4,9.49,9.3,9.49,3000
2025-05-12,9.3,9.3,9.3,9.3,500
2025-05-13,9.49,9.49,9.49,9.49,100
2025-05-14,10.06,10.06,9.11,9.49,300
2025-05-15,9.3,9.3,8.73,9.02,25900
2025-05-16,9.4,9.4,9.02,9.4,1029
2025-05-19,9.11,9.49,9.11,9.49,500
2025-05-20,9.4,9.49,9.4,9.49,390
2025-05-21,9.49,9.49,9.49,9.49,300
2025-05-22,9.4,9.4,9.4,9.4,161
2025-05-23,9.3,9.4,9.21,9.21,1500
2025-05-26,9.3,9.4,9.3,9.3,2704
2025-05-27,9.3,9.4,9.3,9.4,9900
2025-05-28,9.58,9.68,9.4,9.58,20801
2025-05-29,9.49,9.49,9.3,9.3,250
2025-05-30,9.3,9.58,9.3,9.58,800
2025-06-02,9.49,9.49,8.92,9.49,9313
2025-06-03,9.49,9.49,9.3,9.49,1901
2025-06-04,9.3,9.49,9.3,9.49,11301
2025-06-05,9.49,9.49,9.3,9.3,23208
2025-06-06,9.49,9.49,9.3,9.3,414
2025-06-09,9.6,9.6,9.1,9.5,2200
2025-06-10,9.5,9.5,9.5,9.5,1
2025-06-11,9.3,9.5,8.8,9.5,1601
2025-06-12,9.4,9.4,9.4,9.4,100
2025-06-13,9.1,9.4,9.1,9.4,201
2025-06-16,9.4,9.4,9.1,9.4,619
2025-06-17,9.4,9.4,9.4,9.4,0
2025-06-18,9.4,9.4,9.4,9.4,0
2025-06-19,8.9,9.1,8.9,9.1,200
2025-06-20,9.2,9.2,9.2,9.2,600
2025-06-23,9.2,9.2,9.2,9.2,800
2025-06-24,9.4,9.4,9.4,9.4,100
2025-06-25,9.4,9.4,9.3,9.3,6300
2025-06-27,9.3,9.3,9.3,9.3,100
2025-06-30,9.2,9.3,9.0,9.3,600
2025-07-02,8.9,8.9,8.9,8.9,100
2025-07-03,8.8,9.3,8.8,9.1,5900
2025-07-04,9.2,9.2,9.1,9.2,2500
2025-07-07,9.2,9.2,9.2,9.2,1600
2025-07-08,9.2,9.3,9.2,9.2,800
2025-07-10,9.2,9.6,9.2,9.5,400
2025-07-11,9.2,9.3,9.2,9.3,8800
2025-07-14,9.3,9.4,9.2,9.4,8600
2025-07-15,9.3,9.3,9.3,9.3,100
2025-07-16,9.1,9.4,8.9,9.4,300
2025-07-17,9.1,9.2,9.1,9.2,7800
2025-07-18,8.8,9.0,8.7,9.0,4700
2025-07-21,9.0,9.4,9.0,9.4,2400
2025-07-22,9.4,9.4,9.3,9.3,3400
2025-07-23,10.2,10.2,9.2,9.2,5500
2025-07-25,9.4,9.4,9.0,9.4,26400
2025-07-28,9.5,9.5,9.0,9.5,8800
2025-07-31,9.5,9.6,8.8,9.6,5200
2025-08-01,9.0,9.6,9.0,9.6,7200
2025-08-05,9.0,9.6,9.0,9.6,600
2025-08-06,9.1,9.3,9.1,9.3,2700
2025-08-07,9.4,9.4,9.3,9.3,1700
2025-08-08,9.3,9.3,9.3,9.3,4000
2025-08-11,9.4,9.4,9.4,9.4,900
2025-08-12,9.3,9.5,9.3,9.5,28800
2025-08-13,9.3,9.5,9.3,9.5,2100
2025-08-15,9.5,9.5,9.4,9.4,3100
2025-08-18,9.5,9.5,9.3,9.5,8200
2025-08-19,9.1,9.6,9.1,9.5,1500
2025-08-21,9.3,9.5,9.3,9.5,1100
2025-08-27,9.1,9.5,9.1,9.5,1600
2025-08-28,9.5,9.5,9.5,9.5,200
2025-08-29,9.5,9.6,9.3,9.6,7800
2025-09-09,9.1,9.6,9.1,9.5,6700
2025-09-12,9.6,9.6,9.6,9.6,100
2025-09-17,9.2,9.3,9.2,9.3,2900
2025-09-19,9.3,9.3,9.3,9.3,1200
2025-09-22,9.3,9.5,9.2,9.5,1100
2025-09-24,9.4,9.5,9.4,9.5,2100
2025-09-25,9.3,9.5,9.3,9.5,4400
2025-09-26,9.4,9.5,9.4,9.5,2100
2025-09-29,9.1,9.4,9.1,9.4,300
2025-09-30,9.4,9.4,9.3,9.3,1000
2025-10-01,9.5,9.5,9.3,9.4,600
2025-10-02,9.4,9.4,9.4,9.4,100
2025-10-06,9.4,9.4,9.4,9.4,500
2025-10-10,9.0,9.5,9.0,9.5,600
2025-10-13,9.0,9.5,8.9,9.5,13800
2025-10-15,9.0,9.4,8.6,9.4,2800
