time,open,high,low,close,volume
2006-12-20,23.33,37.33,23.33,37.33,13100
2006-12-21,27.72,27.72,24.08,25.2,19200
2006-12-22,24.73,24.73,24.73,24.73,200
2006-12-25,24.73,24.73,24.27,24.27,300
2006-12-26,24.27,24.27,24.27,24.27,0
2006-12-27,24.27,24.27,24.27,24.27,0
2006-12-28,24.27,24.27,24.27,24.27,0
2006-12-29,26.88,26.88,23.33,23.33,10100
2007-01-02,23.33,23.33,23.33,23.33,0
2007-01-03,23.8,23.8,23.8,23.8,100
2007-01-04,23.33,23.33,23.33,23.33,100
2007-01-05,23.33,23.33,23.33,23.33,1500
2007-01-08,23.33,23.33,23.33,23.33,0
2007-01-09,23.33,23.33,23.33,23.33,0
2007-01-10,23.33,23.33,23.33,23.33,0
2007-01-11,21.0,23.33,21.0,22.87,3000
2007-01-12,21.47,22.49,21.47,21.47,2500
2007-01-15,23.24,24.27,19.97,23.33,20900
2007-01-16,25.48,25.48,23.33,24.83,14800
2007-01-17,27.25,27.25,25.2,26.13,18900
2007-01-18,27.07,27.07,25.95,26.13,3000
2007-01-19,25.67,25.67,25.2,25.2,7700
2007-01-22,25.2,25.67,24.27,25.2,19500
2007-01-23,25.2,25.29,24.73,24.73,6000
2007-01-24,24.27,24.27,24.27,24.27,1000
2007-01-25,24.45,24.45,24.17,24.45,2100
2007-01-26,24.27,24.27,24.27,24.27,1000
2007-01-29,24.27,24.27,23.33,23.33,500
2007-01-30,24.73,24.73,24.17,24.17,2600
2007-01-31,24.27,25.76,24.27,25.57,18400
2007-02-01,26.13,27.81,25.76,27.07,17800
2007-02-02,29.03,29.03,26.6,26.6,17100
2007-02-05,27.53,27.53,26.13,27.07,11600
2007-02-06,27.07,27.07,26.6,26.97,10100
2007-02-07,26.6,27.07,26.13,26.51,3400
2007-02-08,26.32,26.32,26.23,26.23,1500
2007-02-09,25.2,25.2,25.2,25.2,4000
2007-02-12,25.01,26.13,25.01,25.76,2800
2007-02-13,26.13,26.32,25.67,25.67,11100
2007-02-14,27.07,27.07,26.13,26.6,19900
2007-02-15,27.07,29.03,27.07,29.03,12700
2007-02-26,31.27,31.45,31.27,31.45,11400
2007-02-27,34.53,34.53,34.53,34.53,22100
2007-02-28,37.99,37.99,37.99,37.99,49200
2007-03-01,41.72,41.72,41.72,41.72,61400
2007-03-02,45.83,45.83,45.83,41.72,54500
2007-03-05,50.4,50.4,50.4,50.4,17200
2007-03-06,55.44,55.44,55.44,55.44,44500
2007-03-07,60.94,60.94,60.94,60.94,76600
2007-03-08,67.01,67.01,66.92,67.01,62100
2007-03-09,73.64,73.64,63.56,63.56,44900
2007-03-12,70.0,70.0,62.9,62.9,11100
2007-03-13,57.12,58.8,57.12,57.12,17200
2007-03-14,49.93,51.42,49.93,57.12,13200
2007-03-15,44.99,44.99,44.99,44.99,17300
2007-03-16,40.51,49.46,40.51,49.46,41300
2007-03-19,47.41,47.41,47.41,47.41,21000
2007-03-20,52.08,52.08,52.08,52.08,86000
2007-03-21,56.0,57.21,52.08,55.44,19400
2007-03-22,55.06,56.0,50.4,50.4,13100
2007-03-23,48.53,48.62,47.41,48.06,14000
2007-03-26,43.87,46.66,43.21,48.06,9100
2007-03-27,39.67,41.07,39.67,48.06,5500
2007-03-28,36.03,42.93,36.03,42.93,14300
2007-03-29,40.6,40.6,40.6,40.6,400
2007-03-30,44.61,44.61,44.61,40.6,7600
2007-04-02,45.73,45.73,40.69,42.93,13900
2007-04-03,45.27,45.27,39.85,42.0,10000
2007-04-04,41.53,42.47,41.07,41.07,12400
2007-04-05,39.67,42.0,39.67,40.13,4400
2007-04-06,40.13,40.88,39.85,39.85,14400
2007-04-09,39.01,41.07,39.01,39.67,7200
2007-04-10,40.13,40.13,37.33,39.67,11300
2007-04-11,39.67,39.67,38.73,39.2,8000
2007-04-12,38.27,38.27,37.33,37.33,3300
2007-04-13,37.33,37.33,35.93,36.21,5300
2007-04-16,33.13,38.27,33.13,33.13,6900
2007-04-17,30.05,33.6,30.05,30.24,6800
2007-04-18,34.35,34.35,34.35,34.35,7200
2007-04-19,37.71,37.71,34.35,34.35,23100
2007-04-20,37.33,37.33,33.6,33.6,7500
2007-04-23,33.41,33.41,31.55,31.73,3100
2007-04-24,33.6,34.53,32.2,34.53,2400
2007-04-25,33.6,34.53,32.67,34.53,3200
2007-05-02,35.47,35.47,32.67,32.67,2600
2007-05-03,34.91,34.91,33.6,33.79,2000
2007-05-04,33.13,34.07,31.73,33.97,3300
2007-05-07,33.13,35.37,33.13,35.37,3100
2007-05-08,35.47,35.47,34.07,34.53,3000
2007-05-09,35.47,35.47,33.6,34.53,1100
2007-05-10,34.53,34.53,33.6,33.6,2300
2007-05-11,33.6,33.6,32.67,33.6,2600
2007-05-14,33.6,33.6,32.67,33.13,6800
2007-05-15,32.67,33.13,32.57,32.57,1200
2007-05-16,31.73,32.2,30.8,31.73,6600
2007-05-17,31.55,31.73,31.55,31.73,2700
2007-05-18,31.73,32.67,31.27,32.67,4700
2007-05-21,32.11,34.91,31.73,34.91,9200
2007-05-22,36.68,36.68,35.47,36.68,48800
2007-05-23,40.23,40.23,37.05,39.2,40800
2007-05-24,39.67,39.67,36.03,36.03,6100
2007-05-25,35.47,37.33,33.32,37.33,8300
2007-05-28,36.4,36.4,35.0,35.93,5600
2007-05-29,35.93,35.93,32.01,34.53,2200
2007-05-30,33.13,34.53,33.13,34.53,4500
2007-05-31,34.72,35.0,34.07,34.07,18100
2007-06-01,34.53,35.0,33.6,34.07,15100
2007-06-04,34.16,34.35,33.6,33.6,1900
2007-06-05,33.6,33.6,32.76,33.13,7700
2007-06-06,33.23,35.47,33.13,35.47,4200
2007-06-07,34.07,34.53,34.07,34.07,5200
2007-06-08,34.53,34.53,33.13,33.6,4000
2007-06-11,33.6,33.6,33.6,33.6,2800
2007-06-12,33.13,33.6,33.13,33.13,6900
2007-06-13,33.41,33.41,33.13,33.41,1500
2007-06-14,33.41,33.6,33.23,33.6,2000
2007-06-15,33.32,33.32,32.76,32.76,500
2007-06-18,32.67,32.85,32.2,32.67,1700
2007-06-19,32.67,32.67,32.2,32.67,3300
2007-06-20,32.29,32.29,32.2,32.2,1600
2007-06-21,31.73,31.73,31.73,31.73,500
2007-06-22,29.87,31.27,29.87,29.87,2600
2007-06-25,29.87,30.33,28.93,30.33,1300
2007-06-26,29.59,30.8,29.59,29.87,5500
2007-06-27,29.87,29.87,28.93,28.93,3900
2007-06-28,29.87,29.87,28.0,28.0,5500
2007-06-29,28.93,28.93,28.0,28.0,8900
2007-07-02,28.93,28.93,27.07,27.07,2400
2007-07-03,28.93,28.93,27.07,26.6,3500
2007-07-04,28.93,29.87,28.93,29.59,3600
2007-07-05,30.8,30.8,27.07,27.07,1400
2007-07-06,28.93,28.65,28.65,28.65,0
2007-07-09,28.0,28.0,28.0,28.0,2200
2007-07-10,27.07,28.93,27.07,28.93,1600
2007-07-11,29.87,29.87,28.93,28.47,3100
2007-07-12,28.93,28.93,28.0,28.0,1900
2007-07-13,27.07,28.0,27.07,27.07,1600
2007-07-16,28.0,28.0,28.0,27.53,100
2007-07-17,28.0,28.0,28.0,27.91,4600
2007-07-18,28.0,28.93,27.07,27.07,1700
2007-07-19,28.0,27.91,27.91,27.91,0
2007-07-20,28.0,28.0,27.07,27.07,2500
2007-07-23,27.07,27.07,27.07,26.69,3600
2007-07-24,27.07,27.07,27.07,27.16,900
2007-07-25,27.07,27.07,27.07,27.07,600
2007-07-26,27.07,27.07,25.2,27.16,3700
2007-07-27,26.13,26.13,26.13,25.67,200
2007-07-30,26.13,26.13,25.2,25.2,3400
2007-07-31,25.2,25.2,25.2,25.2,500
2007-08-01,27.07,27.07,27.07,27.07,400
2007-08-02,27.07,27.07,27.07,26.88,1100
2007-08-03,27.07,27.07,26.13,25.95,2000
2007-08-06,26.13,26.04,26.04,26.04,0
2007-08-07,24.27,24.27,24.27,23.89,1800
2007-08-08,23.33,24.27,23.33,23.8,2000
2007-08-09,23.33,23.71,23.71,23.71,0
2007-08-10,23.33,24.27,23.33,23.71,2200
2007-08-13,23.33,23.33,23.33,23.52,2500
2007-08-14,23.33,23.33,23.33,23.43,1500
2007-08-15,23.33,23.33,23.33,23.33,800
2007-08-16,23.33,23.33,23.33,23.33,2200
2007-08-17,23.33,23.33,23.33,23.33,800
2007-08-20,23.33,23.33,21.47,21.47,2400
2007-08-21,22.4,22.4,21.47,21.47,5500
2007-08-22,22.4,22.4,21.47,21.65,2400
2007-08-23,21.47,21.47,21.47,21.47,600
2007-08-24,21.47,21.47,21.47,21.47,0
2007-08-27,20.53,21.47,20.53,20.53,1700
2007-08-28,21.47,21.47,21.47,21.47,900
2007-08-29,22.4,23.33,22.4,23.33,7000
2007-08-30,23.33,23.33,22.4,23.33,1000
2007-08-31,23.33,23.33,23.33,23.33,1400
2007-09-04,24.27,24.27,24.27,23.8,100
2007-09-05,23.33,23.33,23.33,22.87,1000
2007-09-06,22.4,22.4,22.4,22.4,2100
2007-09-07,22.4,23.33,22.4,22.87,1700
2007-09-10,22.87,22.87,22.87,22.87,2600
2007-09-11,23.33,25.2,23.33,25.11,10800
2007-09-12,25.67,27.25,25.67,27.07,28100
2007-09-13,27.72,27.72,25.48,26.13,16200
2007-09-14,26.6,26.88,26.13,26.23,2500
2007-09-17,26.04,26.13,25.2,26.13,3600
2007-09-18,26.13,26.32,25.67,25.67,2200
2007-09-19,26.13,27.07,26.13,26.6,6400
2007-09-20,27.81,27.81,26.04,26.04,6800
2007-09-21,26.32,26.32,25.67,26.04,9100
2007-09-24,26.13,26.41,25.39,26.32,16800
2007-09-25,26.6,28.75,26.6,28.56,19400
2007-09-26,31.08,31.08,28.93,29.87,23900
2007-09-27,30.33,30.8,30.05,30.8,9700
2007-09-28,30.8,32.67,30.8,32.57,12500
2007-10-01,34.16,35.37,34.16,35.37,25900
2007-10-02,38.83,38.83,36.4,38.64,73900
2007-10-03,38.27,38.27,36.4,38.08,22700
2007-10-04,37.8,41.63,37.8,40.79,36700
2007-10-05,41.07,42.0,39.2,39.2,27900
2007-10-08,40.13,40.13,38.27,38.27,21100
2007-10-09,39.67,39.76,36.96,37.8,15600
2007-10-10,38.27,39.2,36.87,37.8,11600
2007-10-11,37.33,38.73,36.87,36.87,19700
2007-10-12,37.33,39.2,37.33,38.45,33600
2007-10-15,40.13,42.28,39.2,42.28,44100
2007-10-16,45.83,45.92,44.8,45.92,49400
2007-10-17,50.4,50.49,44.8,44.8,50400
2007-10-18,46.66,46.66,44.61,44.61,15300
2007-10-19,40.69,49.46,40.69,48.53,44600
2007-10-22,49.0,49.09,46.66,47.97,71700
2007-10-23,48.53,52.82,48.53,52.82,97700
2007-10-24,57.12,57.12,54.6,57.12,34100
2007-10-25,62.62,62.62,62.62,62.62,26100
2007-10-26,68.88,68.88,56.37,64.4,156300
2007-10-29,70.93,70.93,59.54,60.85,49700
2007-10-30,55.06,60.66,55.06,56.84,52200
2007-10-31,55.53,55.53,52.73,53.85,36900
2007-11-01,51.42,59.08,51.42,59.08,25200
2007-11-02,62.06,62.06,56.0,57.4,37300
2007-11-05,56.0,57.86,54.13,54.6,19100
2007-11-06,51.33,55.62,51.33,54.6,19200
2007-11-07,53.1,58.8,53.1,56.93,55300
2007-11-08,56.93,56.93,54.13,55.06,9200
2007-11-09,52.36,52.36,49.46,51.33,18300
2007-11-12,50.4,50.86,47.13,47.13,17100
2007-11-13,46.66,46.66,44.24,44.24,15200
2007-11-14,44.33,48.72,44.33,48.72,29100
2007-11-15,49.0,49.0,45.27,46.2,20300
2007-11-16,44.8,46.57,44.8,46.48,20300
2007-11-19,48.53,48.53,45.73,47.13,16500
2007-11-20,46.2,46.66,45.27,46.2,13100
2007-11-21,42.93,44.33,42.75,43.87,37400
2007-11-22,43.96,47.6,43.87,44.8,17000
2007-11-23,46.66,46.66,45.73,45.73,5800
2007-11-26,45.27,46.85,45.27,46.85,14200
2007-11-27,48.06,49.0,45.92,46.66,9800
2007-11-28,48.44,48.44,46.2,46.66,10300
2007-11-29,47.6,48.53,46.66,47.41,6600
2007-11-30,48.53,48.53,46.66,47.6,16300
2007-12-03,48.53,49.0,47.6,49.0,14900
2007-12-04,49.46,53.01,48.53,51.8,49300
2007-12-05,53.29,53.66,49.0,51.8,19600
2007-12-06,52.26,56.0,50.4,51.33,16600
2007-12-07,51.33,52.26,51.05,51.89,18100
2007-12-10,54.13,54.13,49.56,50.86,10000
2007-12-11,48.53,50.4,48.06,49.0,24900
2007-12-12,48.34,52.26,48.06,49.46,20900
2007-12-13,48.53,48.62,47.6,47.69,12300
2007-12-14,46.66,48.53,46.66,48.53,5600
2007-12-17,47.13,47.6,46.2,46.66,10300
2007-12-18,46.66,47.6,46.29,46.66,15500
2007-12-19,48.62,49.93,47.13,48.53,17800
2007-12-20,48.53,48.53,45.73,47.97,6200
2007-12-21,49.46,49.46,45.73,47.97,14000
2007-12-24,47.6,48.53,46.85,47.22,8300
2007-12-25,46.76,47.13,46.66,47.13,5000
2007-12-26,46.66,48.25,46.66,47.13,6100
2007-12-27,48.06,48.06,46.66,47.6,3100
2007-12-28,47.6,48.34,47.13,48.06,8200
2008-01-02,47.6,47.6,46.66,46.66,2900
2008-01-03,46.66,46.66,45.83,45.83,1000
2008-01-04,45.27,47.04,45.27,45.73,2900
2008-01-07,42.0,42.93,42.0,42.47,2700
2008-01-08,44.8,45.73,41.07,42.93,7800
2008-01-09,44.15,44.33,42.0,42.09,4100
2008-01-10,40.6,42.0,39.2,40.6,8100
2008-01-11,40.6,40.6,39.48,40.13,3700
2008-01-14,38.27,38.36,36.12,37.24,10800
2008-01-15,35.0,35.47,32.95,33.04,23300
2008-01-16,33.13,36.4,33.13,36.4,8300
2008-01-17,37.33,39.76,36.21,38.27,12600
2008-01-18,37.33,40.13,37.33,39.2,14900
2008-01-21,39.11,39.2,38.17,38.17,6700
2008-01-22,37.8,37.89,37.33,37.33,3100
2008-01-23,37.8,38.36,36.4,36.87,6100
2008-01-24,37.43,38.27,36.4,36.4,4700
2008-01-25,36.4,37.05,36.4,36.4,8000
2008-01-28,37.33,37.33,35.47,36.77,3200
2008-01-29,35.47,38.27,35.47,37.33,8500
2008-01-30,40.6,40.79,40.13,40.79,25400
2008-01-31,42.0,42.0,38.27,39.67,7700
2008-02-01,42.0,42.47,41.07,42.0,8800
2008-02-12,38.27,41.07,38.27,41.07,300
2008-02-13,42.0,42.0,36.49,36.49,900
2008-02-14,39.2,39.95,37.33,38.73,5600
2008-02-15,37.43,38.27,37.43,38.08,2900
2008-02-18,35.47,36.4,34.07,36.4,12500
2008-02-19,35.47,38.27,34.63,36.31,3500
2008-02-20,36.4,36.4,34.53,34.53,3500
2008-02-21,32.76,32.76,31.83,31.83,11000
2008-02-22,28.75,29.4,28.75,29.4,6600
2008-02-25,31.27,31.55,31.27,31.55,2200
2008-02-26,31.73,32.67,27.07,28.0,12700
2008-02-27,28.93,31.64,28.0,28.47,11200
2008-02-28,28.93,29.96,28.93,29.4,6500
2008-02-29,29.87,29.87,28.56,28.93,7200
2008-03-03,28.09,28.09,26.13,26.13,7000
2008-03-04,26.13,26.13,23.89,23.89,6900
2008-03-05,21.75,24.08,21.75,21.75,11700
2008-03-06,23.99,23.99,23.99,23.99,400
2008-03-07,26.32,26.32,26.32,26.32,600
2008-03-10,28.93,28.93,26.6,28.0,37500
2008-03-11,27.07,27.07,26.13,26.13,7200
2008-03-12,27.53,29.03,26.13,27.07,14900
2008-03-13,28.93,29.87,27.25,28.0,3100
2008-03-14,26.6,28.0,26.6,27.16,3400
2008-03-17,24.73,25.2,24.36,24.36,3600
2008-03-18,24.64,24.64,22.21,22.21,12500
2008-03-19,20.53,24.27,20.44,22.31,9500
2008-03-20,22.12,22.12,21.47,21.47,900
2008-03-21,21.47,21.47,19.79,19.88,14700
2008-03-24,19.88,19.88,18.11,18.11,11500
2008-03-25,16.71,16.71,16.71,16.71,6700
2008-03-26,15.87,18.29,15.87,18.11,21200
2008-03-27,18.01,18.01,18.01,18.01,1000
2008-03-28,18.01,18.01,18.01,18.01,0
2008-03-31,18.29,18.29,18.29,18.29,100
2008-04-01,18.57,18.57,18.57,18.57,400
2008-04-02,18.85,18.85,18.85,18.85,2300
2008-04-03,19.23,19.23,19.23,19.23,100
2008-04-04,19.6,19.6,19.6,19.6,300
2008-04-07,20.16,20.16,20.16,20.16,2100
2008-04-08,20.72,20.72,19.6,20.53,32100
2008-04-09,21.09,21.09,19.97,19.97,5100
2008-04-10,19.41,19.41,19.41,19.41,900
2008-04-11,19.97,19.97,18.85,18.85,7700
2008-04-16,18.39,18.85,18.29,18.29,15000
2008-04-17,18.67,18.95,18.39,18.95,15000
2008-04-18,19.41,19.41,18.29,19.41,19500
2008-04-21,19.51,19.51,19.51,19.51,8800
2008-04-22,20.07,20.07,20.07,20.07,11900
2008-04-23,20.63,20.63,19.51,19.6,30700
2008-04-24,19.69,20.53,19.69,19.69,4700
2008-04-25,19.41,19.6,19.41,19.6,24000
2008-04-28,18.85,19.97,18.85,19.6,12200
2008-04-29,20.25,20.25,19.13,19.23,3300
2008-05-05,18.95,18.95,18.95,18.95,2000
2008-05-06,18.39,18.39,18.39,18.39,6200
2008-05-07,17.92,17.92,17.92,17.92,2500
2008-05-08,17.45,17.45,17.45,17.45,300
2008-05-09,16.99,16.99,16.99,16.99,1400
2008-05-12,16.52,16.52,16.52,16.52,1200
2008-05-13,16.05,16.05,16.05,16.05,100
2008-05-14,15.59,15.59,15.59,15.59,500
2008-05-15,15.12,15.12,15.12,15.12,2000
2008-05-16,14.75,15.49,14.75,14.75,15500
2008-05-19,14.84,14.84,14.47,14.47,3100
2008-05-20,14.09,14.09,14.09,14.09,400
2008-05-21,13.72,13.72,13.72,13.72,2600
2008-05-22,13.35,13.35,13.35,13.35,100
2008-05-23,12.97,12.97,12.97,12.97,400
2008-05-26,12.6,12.6,12.6,12.6,1200
2008-05-27,12.23,12.23,12.23,12.23,100
2008-05-28,11.95,12.51,11.95,12.51,16400
2008-05-29,12.32,12.32,12.32,12.32,8400
2008-05-30,12.6,12.6,12.32,12.6,9300
2008-06-02,12.51,12.51,12.23,12.23,3500
2008-06-03,12.13,12.13,12.04,12.04,1000
2008-06-04,11.76,11.76,11.76,11.76,3200
2008-06-05,11.48,11.48,11.48,11.48,1400
2008-06-06,11.2,11.2,11.2,11.2,600
2008-06-09,10.92,10.92,10.92,10.92,1900
2008-06-10,10.64,11.2,10.64,11.2,5800
2008-06-11,11.29,11.29,11.29,11.29,1600
2008-06-12,11.57,11.57,11.57,11.57,1100
2008-06-13,11.85,11.85,11.85,11.85,200
2008-06-16,12.13,12.13,12.13,12.13,100
2008-06-17,12.41,12.41,12.41,12.41,100
2008-06-18,12.69,12.69,12.13,12.13,12100
2008-06-19,12.04,12.04,12.04,12.04,900
2008-06-20,11.57,11.57,11.57,11.57,6500
2008-06-23,11.39,11.95,11.39,11.95,11700
2008-06-24,12.41,12.41,12.41,12.41,4600
2008-06-25,12.88,12.88,12.88,12.88,7900
2008-06-26,13.25,13.35,12.41,12.97,10100
2008-06-27,12.69,13.07,12.69,13.07,12400
2008-06-30,12.69,13.25,12.69,13.25,13500
2008-07-01,13.63,13.63,13.63,13.63,1800
2008-07-02,14.09,14.09,14.09,14.09,19200
2008-07-03,14.65,14.65,14.47,14.65,2900
2008-07-04,15.21,15.21,15.12,15.12,11100
2008-07-07,15.77,15.77,14.65,14.65,15300
2008-07-08,14.65,15.77,14.65,15.59,29900
2008-07-09,15.49,15.68,15.49,15.68,11200
2008-07-10,16.24,16.24,16.24,16.24,4100
2008-07-11,16.71,16.8,16.52,16.8,8100
2008-07-14,17.36,17.36,16.33,17.36,28700
2008-07-15,17.83,17.83,17.83,17.83,1400
2008-07-16,18.48,18.48,17.73,18.48,33000
2008-07-17,19.13,19.13,19.13,19.13,4300
2008-07-18,19.79,19.79,18.39,18.39,17800
2008-07-21,17.83,17.83,17.83,17.83,500
2008-07-22,17.83,17.83,17.83,17.83,0
2008-07-23,17.17,17.17,17.17,17.17,100
2008-07-24,16.52,16.52,16.52,16.52,1400
2008-07-25,15.87,15.87,15.87,15.87,2200
2008-07-28,15.31,15.31,15.31,15.31,14200
2008-07-29,14.75,15.87,14.75,14.93,17000
2008-07-30,15.03,15.12,14.93,14.93,9500
2008-07-31,14.37,14.37,14.37,14.37,900
2008-08-01,13.81,14.93,13.81,14.93,18100
2008-08-04,13.91,15.03,13.91,14.19,13100
2008-08-05,13.72,13.72,13.63,13.63,15400
2008-08-06,13.16,14.09,13.16,14.09,6800
2008-08-07,14.0,14.37,13.63,14.28,10900
2008-08-08,14.19,14.65,14.0,14.09,5700
2008-08-11,14.75,14.84,14.75,14.84,3500
2008-08-12,15.4,15.4,15.4,15.4,13300
2008-08-13,15.59,15.96,14.93,15.96,26300
2008-08-14,16.33,16.33,16.33,16.33,3500
2008-08-15,16.99,16.99,16.99,16.99,4500
2008-08-18,18.11,18.11,17.17,18.11,53000
2008-08-19,19.23,19.23,16.8,16.89,16200
2008-08-20,16.15,18.57,16.15,17.73,24400
2008-08-21,17.17,18.2,16.8,18.2,13100
2008-08-22,19.13,19.13,19.13,19.13,51700
2008-08-25,20.44,20.44,20.44,20.44,8600
2008-08-26,21.84,21.84,21.84,21.84,1400
2008-08-27,23.33,23.33,23.33,23.33,10800
2008-08-28,24.92,24.92,23.33,24.92,115200
2008-08-29,23.05,26.41,23.05,26.41,44000
2008-09-03,27.53,27.53,27.53,27.53,800
2008-09-04,29.4,29.4,26.6,29.4,33700
2008-09-05,30.99,30.99,27.07,28.0,47700
2008-09-08,26.23,26.23,26.23,26.23,4600
2008-09-09,24.45,26.6,24.45,24.45,24700
2008-09-10,22.96,23.52,22.96,22.96,8000
2008-09-11,21.37,22.4,21.37,21.37,8800
2008-09-12,19.97,19.97,19.97,19.97,5000
2008-09-15,18.67,21.28,18.67,19.13,22900
2008-09-16,18.85,18.85,18.01,18.01,16100
2008-09-17,16.89,16.89,16.89,16.89,1400
2008-09-18,15.87,16.05,15.77,15.77,5300
2008-09-19,15.21,16.89,14.93,16.89,11400
2008-09-22,17.27,17.27,17.27,17.27,3000
2008-09-23,17.92,17.92,16.15,17.27,26200
2008-09-24,16.05,16.8,15.96,15.96,13300
2008-09-25,15.03,16.89,14.93,16.8,25100
2008-09-26,17.27,17.27,16.33,17.27,19000
2008-09-29,16.52,18.2,16.52,17.27,7800
2008-09-30,16.24,16.24,16.24,16.24,1000
2008-10-01,15.31,16.8,15.31,15.87,12700
2008-10-02,16.33,16.99,16.24,16.61,5300
2008-10-03,16.61,16.61,15.87,15.87,7400
2008-10-06,14.93,15.12,14.93,14.93,13200
2008-10-07,13.91,14.0,13.91,13.91,25400
2008-10-08,13.07,14.47,13.07,14.47,6800
2008-10-09,14.0,14.56,14.0,14.56,14600
2008-10-10,13.44,14.75,13.35,13.35,3000
2008-10-13,14.47,14.47,13.72,14.0,1900
2008-10-14,14.75,14.75,14.75,14.75,200
2008-10-15,15.77,15.77,14.93,15.77,20700
2008-10-16,14.84,15.59,14.84,15.59,10900
2008-10-17,16.05,16.05,15.31,15.87,6700
2008-10-20,15.4,16.33,15.4,16.33,5700
2008-10-21,16.71,16.89,16.33,16.89,10400
2008-10-22,16.8,16.8,15.59,16.15,4100
2008-10-23,14.84,14.93,14.84,14.84,4300
2008-10-24,13.81,15.4,13.81,15.4,7100
2008-10-27,13.53,13.53,13.16,13.25,3600
2008-10-28,13.07,14.0,13.07,14.0,1700
2008-10-29,14.0,14.0,13.16,14.0,8900
2008-10-30,14.0,14.75,14.0,14.37,2400
2008-10-31,15.21,15.4,14.93,15.4,2700
2008-11-03,14.93,15.31,14.19,15.31,3000
2008-11-04,14.93,15.31,14.93,15.31,19300
2008-11-05,16.24,16.24,15.87,16.24,19400
2008-11-06,15.87,15.96,15.4,15.87,15600
2008-11-07,14.75,15.96,14.65,15.96,16700
2008-11-10,15.4,15.68,14.93,15.68,5700
2008-11-11,14.37,14.84,14.37,14.84,14300
2008-11-12,13.53,14.47,13.53,14.37,3000
2008-11-13,14.47,15.21,14.37,15.21,6100
2008-11-14,15.77,15.77,14.93,14.93,1500
2008-11-17,14.47,15.31,14.28,15.31,7500
2008-11-18,15.31,15.31,15.31,15.31,0
2008-11-19,14.37,14.37,14.37,14.37,500
2008-11-20,14.37,15.31,14.37,15.31,5800
2008-11-21,15.59,15.59,15.59,15.59,600
2008-11-24,14.75,14.93,14.56,14.65,3800
2008-11-25,14.65,14.65,14.65,14.65,0
2008-11-26,14.0,14.0,14.0,14.0,700
2008-11-27,13.53,13.53,13.53,13.53,100
2008-11-28,13.81,14.47,13.81,14.47,1100
2008-12-01,14.47,14.47,13.63,13.63,600
2008-12-02,14.75,14.75,14.75,14.75,2300
2008-12-03,14.75,14.75,14.75,14.75,0
2008-12-04,14.0,14.19,14.0,14.0,2400
2008-12-05,13.07,14.84,13.07,14.84,1700
2008-12-08,13.72,13.72,13.63,13.63,2200
2008-12-09,13.63,13.63,13.63,13.63,0
2008-12-10,13.07,14.47,13.07,14.47,1200
2008-12-11,14.47,14.47,14.47,14.47,0
2008-12-12,12.32,14.0,12.32,14.0,2200
2008-12-15,14.0,14.0,14.0,14.0,0
2008-12-16,14.0,14.0,14.0,14.0,0
2008-12-17,14.75,14.75,12.97,13.07,1300
2008-12-18,12.32,13.16,12.32,13.16,1600
2008-12-19,13.35,13.35,13.07,13.35,3300
2008-12-22,14.09,14.09,13.53,13.53,6200
2008-12-23,13.91,13.91,12.97,12.97,2400
2008-12-24,12.97,12.97,12.97,12.97,0
2008-12-25,12.97,12.97,12.97,12.97,0
2008-12-26,12.97,12.97,12.97,12.97,0
2008-12-29,12.97,12.97,12.97,12.97,0
2008-12-30,13.63,13.63,13.63,13.63,600
2008-12-31,13.16,13.16,13.16,13.16,1600
2009-01-02,13.53,13.53,13.07,13.07,300
2009-01-05,13.07,13.07,13.07,13.07,0
2009-01-06,14.0,14.0,14.0,14.0,100
2009-01-07,14.37,14.37,14.0,14.0,2100
2009-01-08,13.81,13.81,13.35,13.44,3900
2009-01-09,13.25,13.25,13.25,13.25,200
2009-01-12,12.88,13.81,12.6,13.81,3800
2009-01-13,13.81,13.81,13.81,13.81,0
2009-01-14,13.25,13.25,13.07,13.07,600
2009-01-15,13.16,13.16,13.07,13.07,2500
2009-01-16,13.07,13.07,13.07,13.07,0
2009-01-19,13.07,13.07,13.07,13.07,0
2009-01-20,13.07,13.07,13.07,13.07,0
2009-01-21,12.32,12.32,12.32,12.32,400
2009-01-22,12.32,12.32,12.32,12.32,0
2009-01-23,13.07,13.07,13.07,13.07,100
2009-02-02,13.07,13.07,13.07,13.07,0
2009-02-03,12.23,12.23,12.23,12.23,100
2009-02-04,12.23,12.23,12.23,12.23,0
2009-02-05,11.67,11.67,11.39,11.39,1400
2009-02-06,11.39,12.13,11.39,11.95,3800
2009-02-09,11.76,11.95,11.67,11.67,12600
2009-02-10,11.85,12.04,11.85,11.95,12600
2009-02-11,11.95,12.13,11.95,12.13,900
2009-02-12,12.13,12.13,11.95,11.95,5500
2009-02-13,12.13,12.13,12.13,12.13,1700
2009-02-16,12.13,12.13,11.95,11.95,4200
2009-02-17,11.76,12.13,11.76,12.13,7000
2009-02-18,11.95,12.04,11.95,11.95,10900
2009-02-19,11.85,12.13,11.85,12.13,4700
2009-02-20,11.85,12.13,11.85,12.13,1600
2009-02-23,12.88,12.88,12.88,12.88,8800
2009-02-24,13.07,13.07,12.13,12.13,3300
2009-02-25,12.69,12.88,12.69,12.69,3700
2009-02-26,12.79,13.07,12.79,13.07,4500
2009-02-27,12.97,13.53,12.97,13.53,5300
2009-03-02,13.81,13.81,13.16,13.72,11600
2009-03-03,14.47,14.47,13.91,14.09,8400
2009-03-04,12.23,12.41,12.13,12.13,3200
2009-03-05,12.13,12.13,12.13,12.13,0
2009-03-06,12.13,12.13,12.13,12.13,0
2009-03-09,11.95,11.95,11.85,11.95,5600
2009-03-10,11.85,12.04,11.85,11.95,1000
2009-03-11,11.95,11.95,11.95,11.95,0
2009-03-12,11.95,11.95,11.29,11.29,600
2009-03-13,11.85,11.85,11.85,11.85,500
2009-03-16,12.41,12.41,12.41,12.41,4900
2009-03-17,12.97,12.97,12.41,12.41,5500
2009-03-18,13.25,13.25,12.79,12.79,7400
2009-03-19,13.07,13.07,13.07,13.07,600
2009-03-20,12.88,13.72,12.88,13.72,4900
2009-03-23,13.53,13.91,13.53,13.91,4900
2009-03-24,13.72,13.91,13.07,13.07,7400
2009-03-25,13.53,14.19,13.44,13.53,12400
2009-03-26,14.0,14.37,13.91,13.91,5000
2009-03-27,14.37,14.37,13.53,13.53,8800
2009-03-30,14.37,14.56,13.91,13.91,5000
2009-03-31,13.53,14.19,13.53,13.53,8000
2009-04-01,14.19,14.37,14.0,14.0,6800
2009-04-02,14.09,14.09,13.63,13.63,5000
2009-04-03,13.91,14.19,13.91,14.0,16800
2009-04-07,13.44,14.0,13.44,14.0,4100
2009-04-08,12.97,14.0,12.97,13.07,6900
2009-04-09,13.07,14.0,13.07,13.91,6100
2009-04-10,13.91,14.0,13.44,13.81,10300
2009-04-13,14.19,14.65,14.0,14.47,56000
2009-04-14,14.93,15.49,14.09,14.09,5200
2009-04-15,13.91,13.91,13.72,13.72,1700
2009-04-16,14.37,14.37,12.88,13.44,2800
2009-04-17,13.44,13.44,12.32,13.44,8400
2009-04-20,13.07,13.07,11.67,11.76,7700
2009-04-21,11.2,12.04,11.2,12.04,6600
2009-04-22,12.6,12.6,12.6,12.6,2900
2009-04-23,13.44,13.44,13.25,13.25,200
2009-04-24,14.28,14.28,12.41,12.41,8700
2009-04-27,13.25,13.25,11.85,12.51,4400
2009-04-28,12.97,12.97,12.13,12.79,4600
2009-04-29,12.6,12.6,11.76,12.32,2200
2009-05-04,13.07,13.07,12.6,13.07,33600
2009-05-05,13.91,13.91,12.23,13.25,16500
2009-05-06,12.79,12.88,12.79,12.79,3600
2009-05-07,13.07,13.16,12.88,13.16,10200
2009-05-08,13.07,13.44,12.88,12.97,4700
2009-05-11,13.16,13.16,12.51,12.6,9700
2009-05-12,13.25,13.44,13.07,13.44,22500
2009-05-13,12.51,13.91,12.51,13.44,12100
2009-05-14,13.25,13.25,12.88,13.07,2600
2009-05-15,13.16,13.53,13.07,13.07,17100
2009-05-18,13.07,13.07,12.88,12.88,7800
2009-05-19,13.53,13.53,13.16,13.35,10700
2009-05-20,13.35,14.28,13.35,14.28,28300
2009-05-21,14.65,14.65,14.65,14.65,10000
2009-05-22,15.4,15.59,14.09,14.93,53100
2009-05-25,15.87,16.43,15.77,16.43,36100
2009-05-26,15.87,16.33,15.59,15.77,12300
2009-05-27,16.71,16.71,14.93,14.93,16300
2009-05-28,14.56,14.84,14.56,14.56,12500
2009-05-29,14.09,14.47,13.72,14.0,17100
2009-06-01,14.93,15.12,14.93,15.12,7700
2009-06-02,16.15,16.15,15.12,15.12,9700
2009-06-03,15.4,15.4,14.65,14.93,5900
2009-06-04,14.28,15.59,14.28,15.12,26400
2009-06-05,15.68,16.15,15.59,16.15,41700
2009-06-08,17.17,17.17,17.08,17.17,33700
2009-06-09,18.29,18.29,17.17,17.36,30600
2009-06-10,17.27,17.27,16.43,16.43,13200
2009-06-11,16.71,16.89,15.96,16.52,22300
2009-06-12,16.71,16.71,15.4,16.33,39100
2009-06-15,14.93,16.71,14.93,15.21,33200
2009-06-16,14.84,15.49,14.75,14.75,21200
2009-06-17,14.93,15.87,14.75,15.87,6800
2009-06-18,16.15,16.24,15.87,16.15,29000
2009-06-19,16.8,16.8,15.77,15.87,8000
2009-06-22,15.21,15.21,15.21,15.21,3700
2009-06-23,14.19,14.28,14.19,14.19,11700
2009-06-24,13.91,14.93,13.25,14.93,7100
2009-06-25,15.4,15.4,13.72,14.93,2800
2009-06-26,14.37,14.37,14.37,14.37,1700
2009-06-29,14.93,14.93,14.0,14.0,900
2009-06-30,13.81,14.47,13.53,13.53,4900
2009-07-01,13.81,13.81,12.88,12.88,8400
2009-07-02,12.69,13.91,12.69,13.81,5600
2009-07-03,12.69,13.53,12.69,13.07,3600
2009-07-06,13.81,13.91,13.81,13.91,5000
2009-07-07,13.81,13.81,13.53,13.53,2000
2009-07-08,14.56,14.56,13.63,13.72,3100
2009-07-09,14.28,14.28,13.81,13.81,1700
2009-07-10,14.0,14.0,13.25,13.25,600
2009-07-13,12.88,12.88,12.88,12.88,1000
2009-07-14,13.07,13.07,12.41,12.41,11100
2009-07-15,13.07,13.07,12.88,12.88,600
2009-07-16,13.72,13.72,13.07,13.07,2000
2009-07-17,12.79,13.16,12.79,13.16,400
2009-07-20,12.6,13.07,12.6,13.07,2200
2009-07-21,13.07,13.25,13.07,13.25,800
2009-07-22,13.53,13.53,13.53,13.53,200
2009-07-23,12.6,13.25,12.6,13.16,3600
2009-07-24,13.81,13.91,13.81,13.91,6500
2009-07-27,14.84,14.84,14.19,14.75,9900
2009-07-28,15.77,15.77,13.91,13.91,10400
2009-07-29,14.56,15.49,14.56,15.49,38900
2009-07-30,16.33,16.33,15.49,15.87,54300
2009-07-31,16.33,16.43,15.87,15.87,26000
2009-08-03,16.61,16.61,15.03,16.15,4800
2009-08-04,16.15,16.15,15.12,15.12,16200
2009-08-05,14.75,15.03,14.75,14.84,4700
2009-08-06,14.93,15.4,14.0,15.4,10800
2009-08-07,14.93,15.21,14.28,15.03,3500
2009-08-10,14.93,15.21,14.84,15.21,12200
2009-08-11,14.93,15.77,14.84,15.31,29000
2009-08-12,15.77,15.77,15.4,15.4,700
2009-08-13,14.93,14.93,14.93,14.93,3700
2009-08-14,14.75,14.93,14.56,14.93,5100
2009-08-17,15.21,15.21,14.37,14.37,3900
2009-08-18,13.63,14.37,13.63,14.37,14300
2009-08-19,14.93,14.93,14.75,14.93,13800
2009-08-20,15.68,15.68,14.09,14.93,10400
2009-08-21,15.68,15.77,15.4,15.4,9700
2009-08-24,15.12,15.12,14.93,14.93,1900
2009-08-25,15.31,15.31,14.47,14.93,6400
2009-08-26,14.93,15.4,14.93,15.4,15900
2009-08-27,15.4,15.4,15.12,15.12,5700
2009-08-28,15.4,15.77,15.31,15.77,10500
2009-08-31,15.21,16.43,15.21,16.43,33400
2009-09-01,17.17,17.17,16.05,16.15,35500
2009-09-03,16.8,16.8,15.87,16.15,23900
2009-09-04,16.05,16.33,15.87,15.87,12200
2009-09-07,15.87,16.05,15.12,16.05,22500
2009-09-08,16.61,16.8,16.33,16.8,45100
2009-09-09,17.55,17.83,16.71,17.73,67400
2009-09-10,17.27,18.2,16.8,17.08,8500
2009-09-11,17.73,18.01,16.8,17.64,21800
2009-09-14,17.64,18.2,16.61,18.2,67700
2009-09-15,17.73,18.39,17.36,18.39,87900
2009-09-16,19.23,19.23,18.67,19.23,64500
2009-09-17,19.6,20.07,18.01,19.04,25700
2009-09-18,17.73,18.11,17.73,17.73,28300
2009-09-21,18.67,19.04,18.2,19.04,61600
2009-09-22,19.6,20.07,18.76,20.07,44400
2009-09-23,20.53,21.0,20.07,20.07,38900
2009-09-24,20.53,20.53,19.51,19.51,9800
2009-09-25,18.39,19.6,18.39,19.6,29500
2009-09-28,20.16,20.16,19.13,19.51,21200
2009-09-29,19.69,19.69,18.67,18.67,29500
2009-09-30,18.67,19.6,18.67,19.6,55400
2009-10-01,20.35,20.35,18.85,19.51,11900
2009-10-02,17.92,18.67,17.92,18.67,9400
2009-10-05,17.73,19.13,17.73,18.67,5100
2009-10-06,18.67,19.32,18.2,19.32,27100
2009-10-07,19.88,20.07,19.79,20.07,30700
2009-10-08,21.28,21.47,20.53,21.47,62200
2009-10-09,22.59,22.59,22.4,22.59,27800
2009-10-12,24.08,24.08,24.08,24.08,13000
2009-10-13,25.76,25.76,24.73,25.76,59300
2009-10-14,27.25,27.35,25.67,27.35,87100
2009-10-15,28.93,28.93,27.81,28.93,70300
2009-10-16,30.8,30.8,29.87,30.8,69600
2009-10-19,32.67,32.67,28.75,28.93,16300
2009-10-20,29.87,31.83,29.87,31.83,60600
2009-10-21,31.73,32.85,31.36,32.85,65200
2009-10-22,34.07,34.07,32.67,33.6,19600
2009-10-23,33.6,33.6,30.71,30.71,11000
2009-10-26,29.96,29.96,29.96,29.96,900
2009-10-27,27.91,27.91,27.91,27.91,3300
2009-10-28,26.04,27.07,26.04,26.13,34000
2009-10-29,26.13,26.13,24.55,24.55,36500
2009-10-30,26.23,26.23,25.57,26.23,20000
2009-11-02,26.13,26.13,24.36,24.36,9100
2009-11-03,22.87,22.87,22.68,22.68,19500
2009-11-04,22.4,22.4,21.09,21.09,39000
2009-11-05,21.28,22.68,21.09,22.68,11100
2009-11-06,23.99,23.99,23.33,23.71,20400
2009-11-09,23.8,23.8,22.21,23.33,13300
2009-11-10,21.0,21.19,20.91,21.09,1800
2009-11-11,21.93,22.4,21.93,22.4,7000
2009-11-12,23.8,23.8,23.33,23.8,17400
2009-11-13,23.8,23.89,22.96,23.71,1700
2009-11-16,22.87,24.27,22.4,23.43,42700
2009-11-17,23.33,23.43,22.87,23.24,36300
2009-11-18,23.33,24.83,23.33,24.83,39200
2009-11-19,25.85,25.85,25.67,25.67,7900
2009-11-20,25.95,26.13,24.27,25.57,20900
2009-11-23,26.6,26.6,23.8,23.8,2100
2009-11-24,24.73,25.2,22.4,23.33,13900
2009-11-25,24.27,24.27,22.96,22.96,1800
2009-11-26,22.12,22.12,22.12,22.12,100
2009-11-27,20.63,23.52,20.63,22.87,17200
2009-11-30,22.31,22.31,21.47,21.47,3100
2009-12-01,23.43,23.43,23.24,23.43,17400
2009-12-02,24.27,24.27,22.12,22.12,500
2009-12-03,21.84,23.43,21.84,21.84,8200
2009-12-04,23.61,23.61,20.81,20.81,7000
2009-12-07,21.93,21.93,19.6,19.79,4700
2009-12-08,21.0,21.0,19.6,19.6,2000
2009-12-09,20.35,20.35,18.85,18.85,1100
2009-12-10,18.95,18.95,17.64,17.64,500
2009-12-11,16.71,16.71,16.71,16.71,5200
2009-12-14,16.8,16.8,15.59,16.43,19400
2009-12-15,16.71,16.71,14.93,16.05,8200
2009-12-16,15.03,15.03,14.93,14.93,9100
2009-12-17,14.0,14.09,14.0,14.09,1000
2009-12-18,15.03,15.03,14.93,15.03,10000
2009-12-21,15.59,16.05,15.59,16.05,4000
2009-12-22,16.99,16.99,15.59,15.96,5400
2009-12-23,17.73,17.73,17.73,17.73,200
2009-12-24,17.73,18.67,16.52,18.2,19200
2009-12-25,19.13,19.13,19.13,19.13,19200
2009-12-28,20.44,20.44,19.97,20.44,14000
2009-12-29,20.53,21.47,19.13,19.32,7500
2009-12-30,19.79,20.07,19.32,20.07,19800
2009-12-31,20.81,20.91,20.81,20.91,19800
2010-01-04,22.31,22.31,22.31,22.31,7200
2010-01-05,23.8,23.8,23.71,23.8,33400
2010-01-06,23.61,23.89,22.21,22.21,13600
2010-01-07,21.37,23.05,21.09,21.09,19400
2010-01-08,23.61,23.71,21.47,21.47,6900
2010-01-11,23.05,23.05,21.47,21.47,9700
2010-01-12,21.47,21.47,20.72,20.72,7300
2010-01-13,20.07,21.56,19.6,21.56,10400
2010-01-14,21.75,21.75,20.81,20.81,5200
2010-01-15,20.72,20.72,19.97,20.07,2100
2010-01-18,20.07,20.44,18.67,18.67,1100
2010-01-19,20.44,20.44,20.35,20.35,1400
2010-01-20,21.47,21.47,19.13,19.13,1900
2010-01-21,20.07,20.53,18.2,18.39,11500
2010-01-22,20.53,20.53,19.6,19.6,8300
2010-01-25,20.44,21.56,20.44,21.56,16800
2010-01-26,21.93,22.03,21.47,22.03,21000
2010-01-27,20.16,21.47,20.16,21.47,1000
2010-01-28,19.32,19.32,19.23,19.32,2300
2010-01-29,20.35,20.35,19.6,19.6,900
2010-02-01,21.19,21.19,21.19,21.19,200
2010-02-02,21.65,21.65,21.65,21.65,200
2010-02-03,21.65,21.65,21.65,21.65,0
2010-02-04,20.35,20.35,20.16,20.16,4100
2010-02-05,18.85,18.85,18.76,18.76,19600
2010-02-08,17.55,18.2,17.45,18.2,14800
2010-02-09,17.27,18.76,16.8,18.76,5100
2010-02-10,18.95,18.95,18.85,18.95,1100
2010-02-11,17.73,17.92,17.73,17.83,900
2010-02-12,18.2,18.67,17.92,18.2,4000
2010-02-22,17.73,18.48,17.73,17.92,2300
2010-02-23,17.83,17.83,17.27,17.27,2700
2010-02-24,17.55,17.55,17.08,17.45,1800
2010-02-25,17.45,17.45,16.8,17.45,3200
2010-02-26,16.8,18.57,16.8,17.45,2600
2010-03-01,17.45,18.11,17.45,18.11,2000
2010-03-02,18.76,19.13,17.73,19.13,19900
2010-03-03,19.6,19.97,19.32,19.97,15000
2010-03-04,20.91,20.91,19.6,20.07,56600
2010-03-05,20.91,21.0,19.13,19.13,22000
2010-03-08,20.53,20.63,19.32,20.63,47000
2010-03-09,21.19,21.19,21.0,21.19,38000
2010-03-10,21.19,22.31,20.53,22.31,9800
2010-03-11,21.47,21.47,21.0,21.47,11400
2010-03-12,21.28,22.4,21.09,22.4,16600
2010-03-15,22.21,22.31,21.0,21.28,44700
2010-03-16,20.35,20.35,19.88,19.88,17100
2010-03-17,19.97,19.97,18.76,19.13,8500
2010-03-18,19.32,20.63,19.23,20.35,5100
2010-03-19,19.88,19.88,19.32,19.6,8600
2010-03-22,20.81,20.81,19.51,19.51,5200
2010-03-23,20.35,20.44,19.41,19.6,8200
2010-03-24,20.53,21.0,19.23,19.69,31300
2010-03-25,19.6,20.07,19.04,19.32,15100
2010-03-26,19.69,19.69,19.6,19.69,5800
2010-03-29,19.13,19.69,19.13,19.69,2700
2010-03-30,20.35,20.35,19.6,19.6,13200
2010-03-31,21.0,21.0,19.41,19.79,17500
2010-04-01,20.07,20.25,20.07,20.07,5400
2010-04-02,20.53,20.72,20.16,20.25,13300
2010-04-05,20.72,21.47,20.44,20.81,12500
2010-04-06,20.25,20.25,19.51,19.51,12600
2010-04-07,19.6,20.16,19.6,20.16,12600
2010-04-08,20.53,21.19,20.53,21.19,96800
2010-04-09,22.31,22.49,22.31,22.49,120200
2010-04-12,23.89,23.99,21.75,22.12,30900
2010-04-13,21.47,21.47,21.19,21.19,44600
2010-04-14,21.84,21.84,19.79,20.16,24900
2010-04-15,20.53,21.09,20.53,21.09,35900
2010-04-16,21.47,22.12,21.0,22.12,64900
2010-04-19,23.33,23.33,21.19,22.49,69600
2010-04-20,22.4,23.33,22.4,22.77,48200
2010-04-21,23.33,24.36,23.33,24.36,110900
2010-04-22,25.2,25.2,23.33,23.33,92200
2010-04-26,23.33,23.43,22.31,22.31,35300
2010-04-27,22.77,22.87,22.03,22.4,27000
2010-04-28,22.21,22.77,22.21,22.77,32900
2010-04-29,23.33,23.33,22.49,22.87,40100
2010-05-04,23.33,24.36,23.33,24.36,131400
2010-05-05,24.17,25.67,24.17,24.92,75600
2010-05-06,25.2,25.2,24.27,24.92,41900
2010-05-07,25.2,25.2,22.96,23.8,36900
2010-05-10,23.61,25.2,23.15,23.33,53300
2010-05-11,24.27,24.64,23.99,24.27,68200
2010-05-12,24.27,24.27,22.59,22.68,39300
2010-05-13,23.33,24.08,22.87,22.87,12100
2010-05-14,23.15,24.27,23.15,23.33,25400
2010-05-17,23.8,23.8,22.49,22.49,6900
2010-05-18,21.65,22.68,21.47,22.03,12900
2010-05-19,23.05,23.05,20.72,21.0,14200
2010-05-20,20.0,21.6,19.6,21.5,22700
2010-05-21,19.5,20.1,19.4,19.4,34200
2010-05-24,19.0,20.0,19.0,19.9,12000
2010-05-25,19.8,20.2,19.0,19.0,3100
2010-05-26,21.4,21.5,20.8,21.5,13400
2010-05-27,21.0,21.6,20.7,20.8,17500
2010-05-28,21.8,22.3,21.8,22.3,19100
2010-05-31,23.0,23.0,21.0,21.2,3900
2010-06-01,21.3,21.4,21.0,21.3,3700
2010-06-02,20.0,21.3,20.0,21.2,7300
2010-06-03,21.1,21.2,20.8,21.1,11100
2010-06-04,21.7,21.9,21.1,21.1,2300
2010-06-07,20.1,20.1,20.1,20.1,8300
2010-06-08,20.2,20.5,20.1,20.2,7400
2010-06-09,20.8,21.0,20.1,20.2,12200
2010-06-10,19.5,20.6,19.4,20.2,30200
2010-06-11,21.4,21.4,20.4,20.4,13500
2010-06-14,20.7,21.1,20.6,20.6,5600
2010-06-15,20.3,21.0,20.0,20.5,14300
2010-06-16,20.5,21.0,20.4,20.8,7600
2010-06-17,20.0,20.5,20.0,20.5,2100
2010-06-18,20.6,20.8,20.4,20.8,12800
2010-06-21,21.0,21.6,21.0,21.5,17800
2010-06-22,21.5,22.0,21.0,21.0,18900
2010-06-23,21.0,21.7,21.0,21.7,20800
2010-06-24,21.0,22.0,21.0,21.5,15500
2010-06-25,21.5,21.5,20.6,20.8,7300
2010-06-28,21.2,21.2,20.9,20.9,2000
2010-06-29,21.1,21.1,21.0,21.1,4800
2010-06-30,20.2,20.5,20.2,20.5,7000
2010-07-01,20.0,20.8,20.0,20.8,17400
2010-07-02,20.5,20.5,20.5,20.5,2200
2010-07-05,20.6,20.6,20.6,20.6,600
2010-07-06,20.0,20.2,19.2,19.2,10800
2010-07-07,20.6,20.6,19.7,20.2,4800
2010-07-08,20.0,20.0,19.6,19.6,3400
2010-07-09,20.0,20.0,20.0,20.0,3000
2010-07-12,20.6,20.6,19.1,20.5,7100
2010-07-13,20.7,21.0,20.0,21.0,12400
2010-07-14,21.7,21.7,20.1,20.2,10900
2010-07-15,19.6,20.5,19.4,20.5,13500
2010-07-16,19.7,20.9,19.7,20.9,33400
2010-07-19,22.0,22.2,21.0,22.2,38100
2010-07-20,23.6,23.6,23.5,23.6,22100
2010-07-21,25.2,25.2,22.1,22.8,72500
2010-07-22,22.3,22.6,22.1,22.1,22800
2010-07-23,22.0,22.0,21.2,21.2,3200
2010-07-26,21.7,21.9,21.4,21.9,5900
2010-07-27,22.9,22.9,20.5,20.9,15000
2010-07-28,20.5,20.7,20.4,20.4,15900
2010-07-29,20.6,21.0,20.5,21.0,15800
2010-07-30,20.6,21.5,20.5,20.6,24100
2010-08-02,21.5,21.8,19.3,20.0,12700
2010-08-03,20.5,20.5,19.0,19.3,6800
2010-08-04,20.0,20.0,19.3,19.3,2800
2010-08-05,20.7,20.7,19.5,20.0,1300
2010-08-06,20.0,20.0,19.0,19.0,2100
2010-08-09,19.2,19.2,18.3,18.3,3600
2010-08-10,19.8,19.8,17.4,17.5,15800
2010-08-11,18.5,18.6,18.2,18.2,4600
2010-08-12,17.4,17.4,17.3,17.3,4300
2010-08-13,16.8,17.9,16.2,17.8,1900
2010-08-16,18.4,18.8,18.2,18.8,8100
2010-08-17,19.5,19.5,18.8,18.8,1900
2010-08-18,18.0,18.0,17.7,17.7,5400
2010-08-19,18.0,18.0,18.0,18.0,100
2010-08-20,18.5,18.5,17.5,17.5,3100
2010-08-23,17.5,17.5,17.5,17.5,0
2010-08-24,16.6,16.8,16.6,16.6,4900
2010-08-25,15.5,15.5,15.5,15.5,5100
2010-08-26,16.5,16.5,15.0,15.0,6400
2010-08-27,15.5,15.5,15.5,15.5,2500
2010-08-30,16.5,16.5,16.5,16.5,2200
2010-08-31,17.5,17.6,17.5,17.5,7900
2010-09-01,18.5,18.5,17.8,18.0,3000
2010-09-06,18.5,18.5,18.0,18.1,8300
2010-09-07,17.3,18.8,17.3,17.4,6400
2010-09-08,16.5,16.5,16.3,16.3,11000
2010-09-09,17.3,17.4,17.0,17.0,1400
2010-09-10,16.5,16.5,16.1,16.1,11400
2010-09-13,16.8,16.8,16.8,16.8,100
2010-09-14,16.0,16.1,15.9,15.9,25300
2010-09-15,16.1,16.1,15.1,15.9,3500
2010-09-16,15.6,16.4,15.4,16.4,5700
2010-09-17,16.9,16.9,16.3,16.6,1500
2010-09-20,16.4,16.4,16.0,16.0,1700
2010-09-21,15.5,16.1,15.5,15.6,1600
2010-09-22,15.2,16.0,15.0,16.0,4000
2010-09-23,16.0,16.0,16.0,16.0,0
2010-09-24,15.6,15.6,15.6,15.6,300
2010-09-27,15.1,15.2,15.1,15.2,2200
2010-09-28,15.2,15.9,15.2,15.9,300
2010-09-29,15.3,15.3,15.3,15.3,1000
2010-09-30,16.2,16.2,16.2,16.2,100
2010-10-01,15.9,15.9,15.9,15.9,300
2010-10-04,15.9,15.9,15.9,15.9,0
2010-10-05,16.8,16.8,16.0,16.0,600
2010-10-06,15.9,16.1,15.9,16.1,1400
2010-10-07,15.0,15.0,15.0,15.0,3000
2010-10-08,14.4,14.4,14.2,14.2,4100
2010-10-11,13.5,13.6,13.3,13.3,7600
2010-10-12,13.0,13.1,13.0,13.1,3800
2010-10-13,13.9,13.9,13.7,13.9,3400
2010-10-14,13.9,13.9,13.9,13.9,2600
2010-10-15,14.0,14.1,14.0,14.1,1000
2010-10-18,13.2,13.3,13.2,13.3,1600
2010-10-19,14.1,14.1,12.7,13.0,2100
2010-10-20,13.8,13.8,13.8,13.8,100
2010-10-21,13.8,13.8,13.8,13.8,100
2010-10-22,13.8,13.8,13.8,13.8,0
2010-10-25,14.7,14.7,12.9,12.9,10200
2010-10-26,13.5,13.5,12.6,13.0,1800
2010-10-27,12.6,12.6,12.6,12.6,400
2010-10-28,13.0,13.0,13.0,13.0,100
2010-10-29,13.0,13.4,13.0,13.2,3600
2010-11-01,12.6,12.6,12.6,12.6,500
2010-11-02,13.3,13.3,11.8,11.9,6600
2010-11-03,11.4,11.4,11.3,11.3,3000
2010-11-04,12.0,12.0,12.0,12.0,100
2010-11-05,11.8,12.0,11.3,11.3,5400
2010-11-08,11.1,11.1,10.9,10.9,21400
2010-11-09,10.8,10.8,10.3,10.3,1400
2010-11-10,10.3,10.3,10.3,10.3,2000
2010-11-11,10.3,10.4,9.6,10.0,16100
2010-11-12,10.0,10.0,10.0,10.0,200
2010-11-15,10.2,10.2,9.5,9.5,6800
2010-11-16,10.4,10.4,10.4,10.4,1300
2010-11-17,9.7,10.2,9.7,10.2,1500
2010-11-18,10.2,10.2,9.3,9.3,2100
2010-11-19,10.1,10.1,10.1,10.1,100
2010-11-22,10.5,10.5,10.4,10.4,900
2010-11-23,10.5,10.5,9.7,9.7,10000
2010-11-24,9.4,9.9,9.4,9.9,2200
2010-11-25,9.4,9.4,9.4,9.4,1800
2010-11-26,9.0,9.2,8.9,9.0,5800
2010-11-29,9.0,9.6,9.0,9.6,3100
2010-11-30,10.1,10.1,9.7,10.1,16000
2010-12-01,9.3,10.5,9.3,10.0,6300
2010-12-02,10.2,10.4,9.8,10.4,3600
2010-12-03,10.7,10.9,10.7,10.9,17400
2010-12-06,11.5,11.5,11.4,11.5,13500
2010-12-07,11.7,11.7,10.7,10.7,4100
2010-12-08,10.5,10.5,10.1,10.1,12900
2010-12-09,9.6,9.8,9.6,9.8,1900
2010-12-10,10.3,10.3,10.3,10.3,7700
2010-12-13,11.0,11.0,11.0,11.0,12400
2010-12-14,11.6,11.6,11.6,11.6,100
2010-12-15,11.6,11.6,10.8,11.0,10400
2010-12-16,11.4,11.4,11.4,11.4,100
2010-12-17,11.0,11.0,10.7,10.9,3000
2010-12-20,10.8,10.8,10.7,10.7,1100
2010-12-21,11.4,11.4,10.5,10.6,3400
2010-12-22,10.7,10.7,10.7,10.7,100
2010-12-23,10.3,10.3,10.2,10.3,2900
2010-12-24,11.0,11.0,11.0,11.0,100
2010-12-27,10.4,10.4,10.3,10.3,5100
2010-12-28,10.7,10.7,10.7,10.7,100
2010-12-29,11.0,11.0,10.5,10.5,600
2010-12-30,10.5,10.5,10.4,10.4,4500
2010-12-31,9.7,9.7,9.7,9.7,200
2011-01-04,10.3,10.3,10.3,10.3,100
2011-01-05,9.7,9.8,9.7,9.8,300
2011-01-06,10.2,10.3,10.2,10.3,3600
2011-01-07,10.3,10.3,10.3,10.3,0
2011-01-10,10.2,10.2,10.2,10.2,500
2011-01-11,10.2,10.2,10.2,10.2,0
2011-01-12,10.2,10.2,10.2,10.2,0
2011-01-13,10.0,10.0,9.9,9.9,2100
2011-01-14,9.5,9.5,9.3,9.3,4800
2011-01-17,9.0,10.0,9.0,10.0,1600
2011-01-18,10.0,10.0,10.0,10.0,100
2011-01-19,10.0,10.0,10.0,10.0,500
2011-01-20,10.0,10.0,10.0,10.0,0
2011-01-21,9.6,9.7,9.6,9.7,400
2011-01-24,9.5,9.6,9.5,9.6,1200
2011-01-25,9.5,9.5,9.0,9.0,3600
2011-01-26,9.5,9.5,9.5,9.5,100
2011-01-27,9.2,9.2,9.1,9.1,3600
2011-01-28,9.2,9.6,9.1,9.6,2200
2011-02-08,9.9,9.9,9.9,9.9,100
2011-02-09,10.5,10.5,10.2,10.2,900
2011-02-10,10.9,10.9,10.3,10.3,200
2011-02-11,10.3,10.3,10.3,10.3,0
2011-02-14,11.3,11.3,11.3,11.3,100
2011-02-15,10.6,10.6,10.6,10.6,100
2011-02-16,11.0,11.0,11.0,11.0,100
2011-02-17,10.3,10.3,10.3,10.3,500
2011-02-18,10.3,10.3,10.3,10.3,0
2011-02-21,10.3,10.3,10.3,10.3,300
2011-02-22,10.9,10.9,10.9,10.9,100
2011-02-23,10.5,10.5,10.5,10.5,1800
2011-02-24,10.5,10.5,10.5,10.5,0
2011-02-25,9.8,9.8,9.8,9.8,400
2011-02-28,10.4,10.4,9.2,9.2,1100
2011-03-01,9.3,9.3,9.3,9.3,2600
2011-03-02,9.3,9.3,9.3,9.3,0
2011-03-03,9.3,9.3,9.3,9.3,0
2011-03-04,9.9,9.9,9.5,9.5,1600
2011-03-07,9.1,9.1,9.1,9.1,900
2011-03-08,9.1,9.1,8.5,8.5,6700
2011-03-09,8.5,8.5,8.5,8.5,0
2011-03-10,9.0,9.0,8.1,8.1,1400
2011-03-11,9.0,9.0,8.0,8.0,1800
2011-03-14,8.7,8.7,7.7,8.2,1300
2011-03-15,7.4,7.4,7.4,7.4,1000
2011-03-16,7.8,7.8,7.8,7.8,100
2011-03-17,7.3,8.0,7.3,7.4,3300
2011-03-18,7.8,7.8,7.8,7.8,100
2011-03-21,7.3,8.1,7.3,8.1,7100
2011-03-22,8.6,8.6,8.6,8.6,200
2011-03-23,8.0,8.0,8.0,8.0,1700
2011-03-24,7.7,7.7,7.5,7.5,3400
2011-03-25,7.5,7.5,7.5,7.5,900
2011-03-28,8.0,8.0,7.5,7.5,1500
2011-03-29,7.1,7.1,7.1,7.1,300
2011-03-30,7.0,7.0,6.7,6.7,500
2011-03-31,7.3,7.3,7.0,7.0,300
2011-04-01,7.0,7.0,7.0,7.0,0
2011-04-04,7.0,7.0,7.0,7.0,200
2011-04-05,6.7,6.7,6.7,6.7,1000
2011-04-06,6.7,6.7,6.7,6.7,500
2011-04-07,6.4,6.4,6.3,6.3,500
2011-04-08,6.3,6.3,6.3,6.3,0
2011-04-13,6.8,6.8,6.4,6.4,400
2011-04-14,6.9,6.9,6.9,6.9,300
2011-04-15,6.6,6.6,6.5,6.5,600
2011-04-18,7.0,7.0,7.0,7.0,100
2011-04-19,7.0,7.0,7.0,7.0,0
2011-04-20,7.3,7.3,6.6,7.2,600
2011-04-21,7.1,7.4,7.1,7.3,500
2011-04-22,7.5,7.5,6.8,6.8,400
2011-04-25,7.4,7.4,7.4,7.4,100
2011-04-26,7.4,7.4,7.4,7.4,100
2011-04-27,7.7,7.7,7.7,7.7,100
2011-04-28,7.7,7.7,7.7,7.7,0
2011-04-29,7.7,7.7,7.7,7.7,0
2011-05-04,8.1,8.1,8.0,8.0,1600
2011-05-05,7.6,7.6,7.6,7.6,100
2011-05-06,7.6,7.6,7.6,7.6,0
2011-05-09,7.1,7.1,7.1,7.1,100
2011-05-10,6.7,7.4,6.7,6.7,1500
2011-05-11,7.4,7.4,6.7,6.8,700
2011-05-12,6.5,6.5,6.5,6.5,2500
2011-05-13,6.8,6.8,6.8,6.8,200
2011-05-16,7.1,7.1,7.1,7.1,100
2011-05-17,7.4,7.4,7.4,7.4,100
2011-05-18,7.4,7.4,7.4,7.4,0
2011-05-19,7.4,7.4,7.4,7.4,0
2011-05-20,7.4,7.4,7.4,7.4,0
2011-05-23,7.4,7.4,7.4,7.4,0
2011-05-24,7.4,7.4,7.4,7.4,0
2011-05-25,6.9,6.9,6.9,6.9,200
2011-05-26,6.5,6.5,6.5,6.5,100
2011-05-27,6.1,6.1,6.1,6.1,100
2011-05-30,5.7,5.7,5.7,5.7,200
2011-05-31,5.4,5.4,5.4,5.4,2500
2011-06-01,5.1,5.2,5.1,5.2,10400
2011-06-02,5.0,5.3,4.9,5.0,28100
2011-06-03,5.1,5.1,4.8,4.8,7000
2011-06-06,4.7,4.7,4.7,4.7,9700
2011-06-07,5.0,5.0,5.0,5.0,900
2011-06-08,5.1,5.1,4.8,4.9,2800
2011-06-09,4.9,5.0,4.7,5.0,2100
2011-06-10,5.0,5.2,5.0,5.2,5100
2011-06-13,5.0,5.5,5.0,5.5,1700
2011-06-14,5.7,5.7,5.6,5.6,8800
2011-06-15,5.4,5.4,5.4,5.4,2300
2011-06-16,5.4,5.4,5.4,5.4,1000
2011-06-17,5.4,5.4,5.4,5.4,200
2011-06-20,5.1,5.1,5.1,5.1,1000
2011-06-21,5.0,5.0,5.0,5.0,700
2011-06-22,5.0,5.0,5.0,5.0,5100
2011-06-23,5.0,5.0,4.9,4.9,900
2011-06-24,4.8,4.8,4.8,4.8,100
2011-06-27,4.5,4.8,4.5,4.8,500
2011-06-28,5.0,5.0,5.0,5.0,4000
2011-06-29,5.0,5.0,5.0,5.0,0
2011-06-30,5.0,5.0,5.0,5.0,0
2011-07-01,4.7,4.7,4.7,4.7,300
2011-07-04,4.7,4.7,4.7,4.7,0
2011-07-05,4.7,4.7,4.7,4.7,0
2011-07-06,4.7,4.7,4.7,4.7,1300
2011-07-07,4.9,4.9,4.7,4.7,700
2011-07-08,4.7,4.8,4.7,4.8,2700
2011-07-11,4.7,4.8,4.4,4.4,7800
2011-07-12,4.7,4.7,4.5,4.5,700
2011-07-13,4.7,4.7,4.7,4.7,100
2011-07-14,4.7,4.7,4.7,4.7,5000
2011-07-15,4.7,4.7,4.7,4.7,4800
2011-07-18,4.7,4.7,4.7,4.7,0
2011-07-19,4.6,4.7,4.6,4.7,1100
2011-07-20,4.8,4.8,4.8,4.8,100
2011-07-21,4.6,4.6,4.6,4.6,1000
2011-07-22,4.9,4.9,4.9,4.9,1300
2011-07-25,5.1,5.1,5.1,5.1,100
2011-07-26,4.8,4.8,4.8,4.8,100
2011-07-27,5.0,5.0,5.0,5.0,100
2011-07-28,5.3,5.3,4.7,4.7,300
2011-07-29,5.2,5.2,4.6,4.7,1900
2011-08-01,4.6,4.7,4.6,4.7,600
2011-08-02,4.6,4.7,4.6,4.7,1000
2011-08-03,4.4,5.0,4.4,5.0,500
2011-08-04,4.6,4.8,4.6,4.8,2100
2011-08-05,4.6,4.8,4.6,4.8,400
2011-08-08,5.1,5.1,4.5,4.5,1900
2011-08-09,4.3,4.3,4.3,4.3,900
2011-08-10,4.6,4.6,4.6,4.6,100
2011-08-11,4.3,4.3,4.3,4.3,200
2011-08-12,4.6,4.6,4.6,4.6,200
2011-08-15,4.3,4.3,4.3,4.3,200
2011-08-16,4.1,4.1,4.1,4.1,700
2011-08-17,4.3,4.3,4.2,4.2,1200
2011-08-18,4.0,4.2,4.0,4.0,2300
2011-08-19,4.1,4.1,4.1,4.1,2800
2011-08-22,4.1,4.1,4.1,4.1,0
2011-08-23,4.3,4.3,4.3,4.3,1100
2011-08-24,4.0,4.0,4.0,4.0,1700
2011-08-25,3.8,3.8,3.8,3.8,200
2011-08-26,3.9,4.0,3.9,4.0,900
2011-08-29,3.8,3.8,3.8,3.8,200
2011-08-30,4.0,4.0,3.9,4.0,3400
2011-08-31,4.0,4.2,4.0,4.2,700
2011-09-01,3.9,4.3,3.9,4.3,800
2011-09-05,4.2,4.2,4.2,4.2,5000
2011-09-06,4.0,4.0,4.0,4.0,200
2011-09-07,3.8,3.9,3.8,3.9,300
2011-09-08,4.0,4.0,4.0,4.0,800
2011-09-09,3.8,4.1,3.8,4.1,600
2011-09-12,4.2,4.2,4.2,4.2,1000
2011-09-13,4.0,4.4,4.0,4.4,3600
2011-09-14,4.7,4.7,4.7,4.7,2800
2011-09-15,4.5,4.6,4.4,4.4,19600
2011-09-16,4.2,4.3,4.2,4.3,2400
2011-09-19,4.5,4.5,4.5,4.5,1000
2011-09-20,4.6,4.7,4.6,4.7,200
2011-09-21,4.8,4.8,4.4,4.4,2100
2011-09-22,4.4,4.4,4.4,4.4,0
2011-09-23,4.2,4.2,4.2,4.2,200
2011-09-26,4.2,4.2,4.2,4.2,7200
2011-09-27,4.3,4.3,4.3,4.3,200
2011-09-28,4.1,4.3,4.1,4.2,4600
2011-09-29,4.2,4.2,4.2,4.2,1100
2011-09-30,4.0,4.0,4.0,4.0,6000
2011-10-03,4.0,4.0,4.0,4.0,1000
2011-10-04,4.1,4.1,4.0,4.0,400
2011-10-05,3.9,4.0,3.9,3.9,800
2011-10-06,4.0,4.2,4.0,4.2,600
2011-10-07,4.0,4.0,4.0,4.0,1700
2011-10-10,3.9,3.9,3.9,3.9,2300
2011-10-11,3.8,3.8,3.7,3.7,400
2011-10-12,3.8,3.8,3.8,3.8,500
2011-10-13,3.6,3.6,3.6,3.8,200
2011-10-14,3.7,3.7,3.7,3.7,200
2011-10-17,3.9,3.9,3.6,3.6,500
2011-10-18,3.5,3.5,3.5,3.5,200
2011-10-19,3.3,3.5,3.3,3.5,600
2011-10-20,3.5,3.5,3.5,3.5,0
2011-10-21,3.3,3.4,3.3,3.4,300
2011-10-24,3.5,3.5,3.5,3.5,1300
2011-10-25,3.5,3.5,3.5,3.5,0
2011-10-26,3.7,3.7,3.7,3.7,100
2011-10-27,3.5,3.7,3.5,3.6,800
2011-10-28,3.9,3.9,3.9,3.9,100
2011-10-31,4.1,4.1,4.1,4.1,100
2011-11-01,3.9,3.9,3.9,3.9,100
2011-11-02,3.8,3.8,3.8,3.8,1000
2011-11-03,3.6,3.6,3.6,3.6,100
2011-11-04,3.5,3.5,3.5,3.5,1300
2011-11-07,3.3,3.5,3.3,3.5,2200
2011-11-08,3.5,3.5,3.5,3.5,0
2011-11-09,3.3,3.3,3.3,3.3,200
2011-11-10,3.3,3.3,3.3,3.3,0
2011-11-11,3.2,3.3,3.2,3.3,2100
2011-11-14,3.0,3.0,3.0,3.0,6000
2011-11-15,2.9,2.9,2.9,2.9,100
2011-11-16,2.7,2.8,2.7,2.8,1000
2011-11-17,2.8,2.8,2.8,2.8,0
2011-11-18,2.8,2.8,2.8,2.8,3100
2011-11-21,2.8,2.8,2.8,2.8,4000
2011-11-22,2.7,2.9,2.7,2.9,2400
2011-11-23,2.9,2.9,2.9,2.9,1000
2011-11-24,2.7,3.1,2.7,3.1,1200
2011-11-25,3.2,3.2,3.2,3.2,100
2011-11-28,3.4,3.4,3.4,3.4,200
2011-11-29,3.4,3.4,3.4,3.4,0
2011-11-30,3.6,3.6,3.2,3.2,3200
2011-12-01,3.2,3.2,3.2,3.2,0
2011-12-02,3.2,3.2,3.2,3.2,400
2011-12-05,3.3,3.4,3.3,3.4,200
2011-12-06,3.2,3.5,3.2,3.4,300
2011-12-07,3.6,3.6,3.6,3.6,100
2011-12-08,3.6,3.6,3.6,3.6,0
2011-12-09,3.4,3.4,3.4,3.4,1000
2011-12-12,3.6,3.6,3.6,3.6,200
2011-12-13,3.6,3.6,3.6,3.6,0
2011-12-14,3.6,3.6,3.6,3.6,0
2011-12-15,3.6,3.6,3.6,3.6,0
2011-12-16,3.6,3.6,3.6,3.6,0
2011-12-19,3.4,3.4,3.4,3.4,500
2011-12-20,3.2,3.2,3.2,3.2,500
2011-12-21,3.2,3.2,3.2,3.2,0
2011-12-22,3.2,3.2,3.2,3.2,0
2011-12-23,3.0,3.0,3.0,3.0,12500
2011-12-26,2.8,2.8,2.8,2.8,500
2011-12-27,2.7,2.7,2.7,2.7,500
2011-12-28,2.7,2.7,2.7,2.7,0
2011-12-29,2.7,2.7,2.6,2.6,1600
2011-12-30,2.8,2.8,2.7,2.7,300
2012-01-03,2.7,2.7,2.7,2.7,500
2012-01-04,2.7,2.7,2.7,2.7,0
2012-01-05,2.6,2.6,2.6,2.6,100
2012-01-06,2.7,2.7,2.7,2.7,100
2012-01-09,2.8,2.8,2.8,2.8,200
2012-01-10,2.8,2.8,2.8,2.8,0
2012-01-11,2.7,2.7,2.7,2.7,1700
2012-01-12,2.7,2.7,2.7,2.7,0
2012-01-13,2.7,2.7,2.7,2.7,0
2012-01-16,2.8,2.8,2.8,2.8,100
2012-01-17,2.9,2.9,2.9,2.9,100
2012-01-18,3.1,3.1,3.1,3.1,100
2012-01-19,2.9,3.1,2.9,2.9,2000
2012-01-20,2.9,2.9,2.9,2.9,0
2012-01-30,2.8,3.0,2.8,3.0,600
2012-01-31,2.9,2.9,2.8,2.8,700
2012-02-01,2.9,2.9,2.9,2.9,100
2012-02-02,3.1,3.1,3.1,3.1,100
2012-02-03,3.3,3.3,3.3,3.3,1100
2012-02-06,3.3,3.3,3.3,3.3,0
2012-02-07,3.3,3.3,3.3,3.3,0
2012-02-08,3.5,3.5,3.5,3.5,100
2012-02-09,3.5,3.5,3.5,3.5,0
2012-02-10,3.5,3.5,3.5,3.5,0
2012-02-13,3.5,3.5,3.5,3.5,0
2012-02-14,3.5,3.5,3.5,3.5,0
2012-02-15,3.5,3.5,3.5,3.5,0
2012-02-16,3.5,3.5,3.5,3.5,0
2012-02-17,3.3,3.3,3.3,3.3,200
2012-02-20,3.5,3.5,3.2,3.2,300
2012-02-21,3.5,3.5,3.5,3.5,100
2012-02-22,3.5,3.5,3.5,3.5,0
2012-02-23,3.5,3.5,3.3,3.3,7500
2012-02-24,3.2,3.3,3.1,3.3,5500
2012-02-27,3.5,3.5,3.4,3.4,2000
2012-02-28,3.5,3.6,3.2,3.2,1700
2012-02-29,3.5,3.5,3.5,3.5,100
2012-03-01,3.7,3.7,3.7,3.7,100
2012-03-02,3.9,3.9,3.9,3.9,200
2012-03-05,4.1,4.1,4.1,4.1,9800
2012-03-06,4.3,4.3,4.2,4.2,200
2012-03-07,4.0,4.0,4.0,4.0,100
2012-03-08,4.0,4.0,4.0,4.0,0
2012-03-09,4.2,4.2,4.2,4.2,100
2012-03-12,4.0,4.0,4.0,4.0,52100
2012-03-13,4.2,4.2,4.0,4.1,6100
2012-03-14,4.3,4.3,4.3,4.3,300
2012-03-15,4.0,4.5,4.0,4.5,1200
2012-03-16,4.7,4.7,4.1,4.5,5500
2012-03-19,4.6,4.6,4.3,4.3,8200
2012-03-20,4.6,4.6,4.6,4.6,100
2012-03-21,4.3,4.3,4.3,4.3,1400
2012-03-22,4.6,4.6,4.0,4.0,16900
2012-03-23,4.3,4.3,4.1,4.1,2500
2012-03-26,3.9,4.3,3.9,4.3,7600
2012-03-27,4.6,4.6,4.0,4.3,11500
2012-03-28,4.3,4.3,4.0,4.2,1200
2012-03-29,4.0,4.0,4.0,4.0,5100
2012-03-30,3.8,4.0,3.8,4.0,7100
2012-04-03,4.2,4.2,4.2,4.2,100
2012-04-04,4.0,4.0,4.0,4.0,100
2012-04-05,4.0,4.0,4.0,4.0,0
2012-04-06,3.8,3.8,3.8,3.8,6400
2012-04-09,3.6,3.7,3.6,3.7,6500
2012-04-10,3.9,3.9,3.5,3.5,12800
2012-04-11,3.4,3.4,3.3,3.3,9300
2012-04-12,3.3,3.5,3.2,3.2,14500
2012-04-13,3.5,3.5,3.2,3.2,9500
2012-04-16,3.1,3.4,3.1,3.4,6300
2012-04-17,3.4,3.6,3.4,3.6,3100
2012-04-18,3.8,3.8,3.6,3.8,3800
2012-04-19,3.9,3.9,3.7,3.7,800
2012-04-20,3.6,3.6,3.5,3.6,4300
2012-04-23,3.5,3.6,3.5,3.6,1100
2012-04-24,3.4,3.6,3.4,3.6,1600
2012-04-25,3.5,3.6,3.4,3.6,1700
2012-04-26,3.6,3.6,3.4,3.4,8700
2012-04-27,3.5,3.6,3.5,3.6,7600
2012-05-02,3.7,3.7,3.6,3.6,1600
2012-05-03,3.6,3.6,3.6,3.6,500
2012-05-04,3.8,3.8,3.8,3.8,12200
2012-05-07,3.9,4.0,3.9,4.0,20700
2012-05-08,4.2,4.2,4.2,4.2,12900
2012-05-09,4.0,4.4,4.0,4.4,12600
2012-05-10,4.7,4.7,4.6,4.7,57200
2012-05-11,4.6,4.9,4.4,4.6,23400
2012-05-14,4.6,4.6,4.3,4.3,10600
2012-05-15,4.3,4.3,4.0,4.0,4000
2012-05-16,3.8,4.2,3.8,4.2,15700
2012-05-17,3.7,4.1,3.7,4.1,1300
2012-05-18,4.1,4.1,4.1,4.1,100
2012-05-21,4.0,4.3,4.0,4.3,1000
2012-05-22,4.0,4.3,4.0,4.3,400
2012-05-23,4.0,4.4,4.0,4.4,2100
2012-05-24,4.5,4.5,4.5,4.5,100
2012-05-25,4.4,4.4,4.4,4.4,900
2012-05-28,4.4,4.4,4.4,4.4,0
2012-05-29,4.4,4.4,4.4,4.4,0
2012-05-30,4.4,4.4,4.4,4.4,0
2012-05-31,4.4,4.4,4.4,4.4,0
2012-06-01,4.4,4.4,4.4,4.4,0
2012-06-04,4.4,4.4,4.4,4.4,0
2012-06-05,4.4,4.4,4.4,4.4,0
2012-06-06,4.1,4.3,4.1,4.3,400
2012-06-07,4.2,4.2,4.2,4.2,100
2012-06-08,4.2,4.2,4.0,4.0,1300
2012-06-11,3.8,3.8,3.8,3.8,8100
2012-06-12,3.6,3.8,3.6,3.8,6600
2012-06-13,3.8,3.8,3.8,3.8,0
2012-06-14,4.0,4.0,4.0,4.0,100
2012-06-15,3.8,3.8,3.8,3.8,300
2012-06-18,3.6,3.8,3.6,3.8,5100
2012-06-19,3.8,3.8,3.8,3.8,0
2012-06-20,3.8,3.8,3.8,3.8,0
2012-06-21,3.6,3.6,3.6,3.6,2700
2012-06-22,3.8,3.8,3.8,3.8,100
2012-06-25,4.0,4.0,4.0,4.0,100
2012-06-26,4.2,4.2,4.2,4.2,100
2012-06-27,4.2,4.2,4.2,4.2,0
2012-06-28,4.4,4.4,4.4,4.4,100
2012-06-29,4.4,4.4,4.4,4.4,0
2012-07-02,4.4,4.4,4.4,4.4,0
2012-07-03,4.4,4.4,4.4,4.4,0
2012-07-04,4.4,4.4,4.4,4.4,0
2012-07-05,4.4,4.4,4.4,4.4,0
2012-07-06,4.4,4.4,4.4,4.4,0
2012-07-09,4.4,4.4,4.4,4.4,0
2012-07-10,4.4,4.4,4.4,4.4,0
2012-07-11,4.4,4.4,4.4,4.4,0
2012-07-12,4.4,4.4,4.4,4.4,0
2012-07-13,4.4,4.4,4.4,4.4,0
2012-07-16,4.4,4.4,4.4,4.4,0
2012-07-17,4.4,4.4,4.4,4.4,0
2012-07-18,4.4,4.4,4.4,4.4,0
2012-07-19,4.1,4.1,4.1,4.1,100
2012-07-20,4.1,4.1,4.1,4.1,0
2012-07-23,3.9,3.9,3.9,3.9,100
2012-07-24,3.7,4.1,3.7,4.1,15000
2012-07-25,4.1,4.1,4.1,4.1,0
2012-07-26,3.9,3.9,3.9,3.9,13500
2012-07-27,3.9,3.9,3.9,3.9,0
2012-07-30,3.9,3.9,3.9,3.9,0
2012-07-31,3.9,3.9,3.9,3.9,0
2012-08-01,3.7,3.7,3.7,3.7,400
2012-08-02,3.7,3.7,3.7,3.7,0
2012-08-03,3.7,3.7,3.7,3.7,0
2012-08-06,3.7,3.7,3.7,3.7,0
2012-08-07,3.5,3.5,3.5,3.5,2000
2012-08-08,3.3,3.3,3.3,3.3,6100
2012-08-09,3.3,3.3,3.3,3.3,0
2012-08-10,3.1,3.1,3.1,3.1,100
2012-08-13,3.3,3.3,2.9,2.9,6100
2012-08-14,3.1,3.1,2.9,2.9,2000
2012-08-15,3.1,3.1,3.1,3.1,4000
2012-08-16,3.0,3.0,3.0,3.0,2500
2012-08-17,3.0,3.0,3.0,3.0,7000
2012-08-20,3.2,3.2,3.0,3.0,3900
2012-08-21,3.0,3.0,3.0,3.0,1000
2012-08-22,3.0,3.0,3.0,3.0,0
2012-08-23,2.9,3.2,2.8,3.2,7500
2012-08-24,2.7,2.7,2.7,2.7,10000
2012-08-27,2.7,2.7,2.7,2.7,0
2012-08-28,2.8,2.8,2.8,2.8,5000
2012-08-29,2.9,2.9,2.9,2.9,100
2012-08-30,2.9,2.9,2.9,2.9,0
2012-08-31,2.9,2.9,2.9,2.9,0
2012-09-04,3.1,3.1,3.1,3.1,100
2012-09-05,3.0,3.0,3.0,3.0,2000
2012-09-06,2.9,3.1,2.9,3.1,1100
2012-09-07,3.1,3.1,3.1,3.1,0
2012-09-10,2.9,3.3,2.9,3.3,23600
2012-09-11,3.1,3.5,3.1,3.5,200
2012-09-12,3.3,3.3,3.3,3.3,100
2012-09-13,3.1,3.1,3.1,3.1,100
2012-09-14,3.2,3.2,3.2,3.2,100
2012-09-17,3.4,3.4,3.4,3.4,100
2012-09-18,3.4,3.4,3.4,3.4,0
2012-09-19,3.4,3.4,3.4,3.4,0
2012-09-20,3.4,3.4,3.4,3.4,0
2012-09-21,3.4,3.4,3.4,3.4,0
2012-09-24,3.4,3.4,3.4,3.4,0
2012-09-25,3.4,3.4,3.4,3.4,0
2012-09-26,3.5,3.5,3.5,3.5,100
2012-09-27,3.6,3.6,3.6,3.6,100
2012-09-28,3.6,3.6,3.6,3.6,0
2012-10-01,3.6,3.6,3.6,3.6,0
2012-10-02,3.6,3.6,3.6,3.6,0
2012-10-03,3.6,3.6,3.6,3.6,0
2012-10-04,3.6,3.6,3.6,3.6,0
2012-10-05,3.6,3.6,3.6,3.6,0
2012-10-08,3.6,3.6,3.6,3.6,0
2012-10-09,3.6,3.6,3.6,3.6,0
2012-10-10,3.4,3.4,3.4,3.4,300
2012-10-11,3.4,3.4,3.4,3.4,0
2012-10-12,3.6,3.6,3.6,3.6,100
2012-10-15,3.6,3.6,3.6,3.6,0
2012-10-16,3.6,3.6,3.6,3.6,0
2012-10-17,3.6,3.6,3.6,3.6,0
2012-10-18,3.6,3.6,3.6,3.6,0
2012-10-19,3.6,3.6,3.6,3.6,0
2012-10-22,3.6,3.6,3.6,3.6,0
2012-10-23,3.6,3.6,3.6,3.6,0
2012-10-24,3.6,3.6,3.6,3.6,0
2012-10-25,3.6,3.6,3.6,3.6,0
2012-10-26,3.6,3.6,3.6,3.6,0
2012-10-29,3.6,3.6,3.6,3.6,0
2012-10-30,3.6,3.6,3.6,3.6,0
2012-10-31,3.6,3.6,3.6,3.6,0
2012-11-01,3.6,3.6,3.6,3.6,0
2012-11-02,3.6,3.6,3.6,3.6,0
2012-11-05,3.6,3.6,3.6,3.6,0
2012-11-06,3.6,3.6,3.6,3.6,0
2012-11-07,3.6,3.6,3.6,3.6,0
2012-11-08,3.6,3.6,3.6,3.6,0
2012-11-09,3.6,3.6,3.6,3.6,0
2012-11-12,3.6,3.6,3.6,3.6,0
2012-11-13,3.6,3.6,3.6,3.6,0
2012-11-14,3.6,3.6,3.6,3.6,0
2012-11-15,3.6,3.6,3.6,3.6,0
2012-11-16,3.6,3.6,3.6,3.6,0
2012-11-19,3.6,3.6,3.6,3.6,0
2012-11-20,3.6,3.6,3.6,3.6,0
2012-11-21,3.6,3.6,3.6,3.6,0
2012-11-22,3.6,3.6,3.6,3.6,0
2012-11-23,3.6,3.6,3.6,3.6,0
2012-11-26,3.6,3.6,3.6,3.6,0
2012-11-27,3.6,3.6,3.6,3.6,0
2012-11-28,3.6,3.6,3.6,3.6,0
2012-11-29,3.6,3.6,3.6,3.6,0
2012-11-30,3.6,3.6,3.6,3.6,0
2012-12-03,3.6,3.6,3.6,3.6,0
2012-12-04,3.6,3.6,3.6,3.6,0
2012-12-05,3.6,3.6,3.6,3.6,0
2012-12-06,3.6,3.6,3.6,3.6,0
2012-12-07,3.6,3.6,3.6,3.6,0
2012-12-10,3.6,3.6,3.6,3.6,0
2012-12-11,3.6,3.6,3.6,3.6,0
2012-12-12,3.6,3.6,3.6,3.6,0
2012-12-13,3.6,3.6,3.6,3.6,0
2012-12-14,3.6,3.6,3.6,3.6,0
2012-12-17,3.6,3.6,3.6,3.6,0
2012-12-18,3.6,3.6,3.6,3.6,0
2012-12-19,3.6,3.6,3.6,3.6,0
2012-12-20,3.6,3.6,3.6,3.6,0
2012-12-21,3.6,3.6,3.6,3.6,0
2012-12-24,3.6,3.6,3.6,3.6,0
2012-12-25,3.6,3.6,3.6,3.6,0
2012-12-26,3.6,3.6,3.6,3.6,0
2012-12-27,3.6,3.6,3.6,3.6,0
2012-12-28,3.6,3.6,3.6,3.6,0
2013-01-02,3.6,3.6,3.6,3.6,0
2013-01-03,3.6,3.6,3.6,3.6,0
2013-01-04,3.6,3.6,3.6,3.6,0
2013-01-07,3.6,3.6,3.6,3.6,0
2013-01-08,3.6,3.6,3.6,3.6,0
2013-01-09,3.6,3.6,3.6,3.6,0
2013-01-10,3.6,3.6,3.6,3.6,0
2013-01-11,3.6,3.6,3.6,3.6,0
2013-01-14,3.6,3.6,3.6,3.6,0
2013-01-15,3.6,3.6,3.6,3.6,0
2013-01-16,3.6,3.6,3.6,3.6,0
2013-01-17,3.6,3.6,3.6,3.6,0
2013-01-18,3.6,3.6,3.6,3.6,0
2013-01-21,3.6,3.6,3.6,3.6,0
2013-01-22,3.6,3.6,3.6,3.6,0
2013-01-23,3.6,3.6,3.6,3.6,0
2013-01-24,3.6,3.6,3.6,3.6,0
2013-01-25,3.6,3.6,3.6,3.6,0
2013-01-28,3.6,3.6,3.6,3.6,0
2013-01-29,3.6,3.6,3.6,3.6,0
2013-01-30,3.8,3.8,3.8,3.8,100
2013-01-31,3.8,3.8,3.8,3.8,0
2013-02-01,3.8,3.8,3.8,3.8,0
2013-02-04,3.8,3.8,3.8,3.8,0
2013-02-05,3.8,3.8,3.8,3.8,0
2013-02-06,4.0,4.0,4.0,4.0,100
2013-02-07,4.0,4.0,4.0,4.0,0
2013-02-08,4.0,4.0,4.0,4.0,0
2013-02-18,4.0,4.0,4.0,4.0,0
2013-02-19,4.0,4.0,4.0,4.0,0
2013-02-20,4.0,4.0,4.0,4.0,100
2013-02-21,4.0,4.0,4.0,4.0,0
2013-02-22,4.4,4.4,4.4,4.4,100
2013-02-25,4.4,4.4,4.4,4.4,0
2013-02-26,4.4,4.4,4.4,4.4,0
2013-02-27,4.4,4.4,4.4,4.4,0
2013-02-28,4.4,4.4,4.4,4.4,0
2013-03-01,4.4,4.4,4.4,4.4,0
2013-03-04,4.4,4.4,4.4,4.4,0
2013-03-05,4.4,4.4,4.4,4.4,0
2013-03-06,4.4,4.4,4.4,4.4,0
2013-03-07,4.4,4.4,4.4,4.4,0
2013-03-08,4.4,4.4,4.4,4.4,0
2013-03-11,4.4,4.4,4.4,4.4,0
2013-03-12,4.4,4.4,4.4,4.4,0
2013-03-13,4.4,4.4,4.4,4.4,0
2013-03-14,4.4,4.4,4.4,4.4,0
2013-03-15,4.4,4.4,4.4,4.4,0
2013-03-18,4.4,4.4,4.4,4.4,0
2013-03-19,4.4,4.4,4.4,4.4,0
2013-03-20,4.0,4.0,4.0,4.0,200
2013-03-21,4.0,4.0,4.0,4.0,0
2013-03-22,4.0,4.0,4.0,4.0,0
2013-03-25,4.0,4.0,4.0,4.0,0
2013-03-26,4.0,4.0,4.0,4.0,0
2013-03-27,4.0,4.0,4.0,4.0,0
2013-03-28,4.0,4.0,4.0,4.0,0
2013-03-29,4.0,4.0,4.0,4.0,0
2013-04-01,4.0,4.0,4.0,4.0,0
2013-04-02,4.0,4.0,4.0,4.0,0
2013-04-03,4.0,4.0,4.0,4.0,0
2013-04-04,4.0,4.0,4.0,4.0,0
2013-04-05,4.0,4.0,4.0,4.0,0
2013-04-08,4.0,4.0,4.0,4.0,0
2013-04-09,4.0,4.0,4.0,4.0,0
2013-04-10,3.6,3.6,3.6,3.6,100
2013-04-11,3.6,3.6,3.6,3.6,0
2013-04-12,3.6,3.6,3.6,3.6,0
2013-04-15,3.6,3.6,3.6,3.6,0
2013-04-16,3.6,3.6,3.6,3.6,0
2013-04-17,3.6,3.6,3.6,3.6,0
2013-04-18,3.6,3.6,3.6,3.6,0
2013-04-22,3.6,3.6,3.6,3.6,0
2013-04-23,3.6,3.6,3.6,3.6,0
2013-04-24,3.6,3.6,3.6,3.6,0
2013-04-25,3.6,3.6,3.6,3.6,0
2013-04-26,3.6,3.6,3.6,3.6,0
2013-05-02,3.6,3.6,3.6,3.6,0
2013-05-03,3.6,3.6,3.6,3.6,0
2013-05-06,3.6,3.6,3.6,3.6,0
2013-05-07,3.6,3.6,3.6,3.6,0
2013-05-08,3.6,3.6,3.6,3.6,0
2013-05-09,3.6,3.6,3.6,3.6,0
2013-05-10,3.6,3.6,3.6,3.6,0
2013-05-13,3.6,3.6,3.6,3.6,0
2013-05-14,3.6,3.6,3.6,3.6,0
2013-05-15,3.6,3.6,3.6,3.6,0
2013-05-16,3.6,3.6,3.6,3.6,0
2013-05-17,3.6,3.6,3.6,3.6,0
2013-05-20,3.6,3.6,3.6,3.6,0
2013-05-21,3.6,3.6,3.6,3.6,0
2013-05-22,3.6,3.6,3.6,3.6,0
2014-08-07,3.0,3.0,3.0,3.0,23000
2014-08-08,3.3,3.3,3.3,3.3,500
2014-08-11,3.6,3.6,3.6,3.6,100
2014-08-12,3.9,3.9,3.9,3.9,100
2014-08-13,4.2,4.2,4.2,4.2,100
2014-08-14,3.8,3.8,3.8,3.8,2100
2014-08-15,3.8,3.8,3.8,3.8,0
2014-08-18,3.5,3.5,3.5,3.5,5900
2014-08-19,3.2,3.3,3.2,3.3,8000
2014-08-20,3.4,3.5,3.2,3.5,11700
2014-08-21,3.4,3.4,3.2,3.2,5100
2014-08-22,3.5,3.5,3.3,3.3,8100
2014-08-25,3.2,3.2,3.2,3.2,100
2014-08-26,3.2,3.2,3.2,3.2,0
2014-08-27,3.5,3.5,3.3,3.3,6400
2014-08-28,3.3,3.7,3.3,3.3,500
2014-08-29,3.7,3.7,3.5,3.5,12700
2014-09-03,3.5,3.5,3.5,3.5,100
2014-09-04,3.8,3.8,3.6,3.6,5100
2014-09-05,3.8,3.9,3.6,3.6,1400
2014-09-08,3.8,4.1,3.8,3.9,49300
2014-09-09,4.2,4.2,3.9,3.9,19100
2014-09-10,4.2,4.2,3.9,3.9,2600
2014-09-11,4.0,4.0,4.0,4.0,700
2014-09-12,3.9,3.9,3.9,3.9,3900
2014-09-15,3.8,4.1,3.8,3.9,7600
2014-09-16,3.8,4.1,3.8,3.9,6700
2014-09-17,4.0,4.1,4.0,4.1,700
2014-09-18,4.4,4.4,4.0,4.0,5800
2014-09-19,4.0,4.0,3.8,3.8,1100
2014-09-22,3.7,3.7,3.7,3.7,100
2014-09-23,3.7,3.7,3.7,3.7,5200
2014-09-24,3.7,4.0,3.7,3.7,1200
2014-09-25,3.8,3.8,3.5,3.5,800
2014-09-26,3.8,3.8,3.8,3.8,100
2014-09-29,3.8,3.8,3.8,3.8,600
2014-09-30,4.1,4.1,3.8,3.8,3000
2014-10-01,4.2,4.2,3.8,3.8,500
2014-10-02,3.9,3.9,3.9,3.9,100
2014-10-03,4.2,4.2,3.8,3.8,1800
2014-10-06,4.1,4.1,3.9,3.9,600
2014-10-07,3.9,3.9,3.9,3.9,100
2014-10-08,3.9,3.9,3.9,3.9,0
2014-10-09,4.2,4.2,4.2,4.2,800
2014-10-10,3.9,3.9,3.9,3.9,100
2014-10-13,3.9,3.9,3.9,3.9,0
2014-10-14,3.6,3.6,3.6,3.6,100
2014-10-15,3.6,3.6,3.6,3.6,0
2014-10-16,3.6,3.6,3.6,3.6,0
2014-10-17,3.8,3.8,3.6,3.6,1700
2014-10-20,3.7,3.7,3.7,3.7,2500
2014-10-21,4.0,4.0,4.0,4.0,100
2014-10-22,3.7,3.7,3.7,3.7,3000
2014-10-23,4.0,4.0,4.0,4.0,500
2014-10-24,3.8,4.4,3.8,4.0,15000
2014-10-27,3.9,3.9,3.9,3.9,400
2014-10-28,3.9,3.9,3.9,3.9,0
2014-10-29,3.9,4.2,3.9,4.2,7700
2014-10-30,4.2,4.2,4.2,4.2,0
2014-10-31,4.2,4.2,4.2,4.2,0
2014-11-03,4.2,4.2,4.2,4.2,0
2014-11-04,3.9,4.4,3.9,4.4,6000
2014-11-05,3.7,3.7,3.7,3.7,700
2014-11-06,3.9,3.9,3.8,3.8,1000
2014-11-07,3.8,3.8,3.8,3.8,100
2014-11-10,3.8,3.8,3.8,3.8,900
2014-11-11,3.8,3.8,3.8,3.8,800
2014-11-12,3.5,3.5,3.5,3.5,3000
2014-11-13,3.5,3.5,3.5,3.5,0
2014-11-14,3.5,3.5,3.5,3.5,0
2014-11-17,3.5,3.5,3.5,3.5,0
2014-11-18,3.5,3.5,3.5,3.5,0
2014-11-19,3.5,3.5,3.5,3.5,0
2014-11-20,3.6,3.6,3.6,3.6,1800
2014-11-21,3.6,3.6,3.6,3.6,0
2014-11-24,3.3,3.3,3.3,3.3,3000
2014-11-25,3.3,3.3,3.3,3.3,0
2014-11-26,3.3,3.3,3.3,3.3,0
2014-11-27,3.3,3.3,3.3,3.3,0
2014-11-28,3.3,3.3,3.3,3.3,0
2014-12-01,3.3,3.3,3.3,3.3,0
2014-12-02,3.5,3.5,3.3,3.3,1100
2014-12-03,3.3,3.3,3.3,3.3,0
2014-12-04,3.3,3.3,3.3,3.3,0
2014-12-05,3.3,3.3,3.3,3.3,0
2014-12-08,3.3,3.3,3.3,3.3,0
2014-12-09,3.3,3.3,3.3,3.3,1600
2014-12-10,3.4,3.4,3.4,3.4,1000
2014-12-11,3.4,3.4,3.3,3.3,1300
2014-12-12,3.3,3.3,3.3,3.3,0
2014-12-15,3.3,3.3,3.3,3.3,0
2014-12-16,3.3,3.3,3.3,3.3,0
2014-12-17,3.3,3.3,3.3,3.3,0
2014-12-18,3.3,3.3,3.3,3.3,0
2014-12-19,3.6,3.6,3.6,3.6,3000
2014-12-22,3.6,3.6,3.6,3.6,0
2014-12-23,3.9,3.9,3.9,3.9,4500
2014-12-24,3.6,3.6,3.6,3.6,3000
2014-12-25,3.6,3.6,3.6,3.6,0
2014-12-26,3.7,3.7,3.7,3.7,3000
2014-12-29,3.7,3.7,3.7,3.7,0
2014-12-30,3.4,3.4,3.4,3.4,200
2014-12-31,3.4,3.4,3.3,3.3,1300
2015-01-05,3.5,3.5,3.5,3.5,2700
2015-01-06,3.5,3.5,3.5,3.5,0
2015-01-07,3.5,3.5,3.5,3.5,0
2015-01-08,3.5,3.5,3.5,3.5,0
2015-01-09,3.5,3.5,3.5,3.5,0
2015-01-12,3.4,3.4,3.4,3.4,3000
2015-01-13,3.3,3.3,3.3,3.3,700
2015-01-14,3.4,3.4,3.4,3.4,1100
2015-01-15,3.4,3.7,3.4,3.7,7200
2015-01-16,3.4,3.4,3.4,3.4,5000
2015-01-19,3.1,3.1,3.1,3.1,3000
2015-01-20,3.0,3.4,3.0,3.2,6100
2015-01-21,3.0,3.0,3.0,3.0,5000
2015-01-22,3.0,3.0,3.0,3.0,7300
2015-01-23,2.8,2.8,2.7,2.7,5000
2015-01-26,2.7,2.7,2.7,2.7,3900
2015-01-27,2.6,2.6,2.6,2.6,4600
2015-01-28,2.6,2.6,2.6,2.6,4400
2015-01-29,2.6,2.6,2.6,2.6,0
2015-01-30,2.6,2.6,2.6,2.6,0
2015-02-02,2.6,2.6,2.6,2.6,4100
2015-02-03,2.6,2.6,2.6,2.6,4300
2015-02-04,2.5,2.5,2.5,2.5,4700
2015-02-05,2.5,2.5,2.5,2.5,4000
2015-02-06,2.4,2.4,2.4,2.4,1900
2015-02-09,2.4,2.4,2.4,2.4,4600
2015-02-10,2.4,2.4,2.4,2.4,0
2015-02-11,2.4,2.4,2.4,2.4,4000
2015-02-12,2.4,2.4,2.3,2.4,11000
2015-02-13,2.6,2.6,2.6,2.6,751700
2015-02-24,2.6,2.6,2.6,2.6,0
2015-02-25,2.6,2.6,2.6,2.6,0
2015-02-26,2.8,2.8,2.8,2.8,900
2015-02-27,2.8,2.8,2.8,2.8,0
2015-03-02,3.0,3.0,3.0,3.0,400
2015-03-03,3.3,3.3,3.3,3.3,700
2015-03-04,3.6,3.6,3.6,3.6,2000
2015-03-05,3.9,3.9,3.9,3.9,2700
2015-03-06,4.2,4.2,4.2,4.2,100
2015-03-09,4.5,4.5,4.5,4.5,100
2015-03-10,4.4,4.5,4.4,4.5,8500
2015-03-11,4.1,4.1,4.1,4.1,10800
2015-03-12,3.7,3.7,3.7,3.7,100
2015-03-13,3.6,3.6,3.6,3.6,100
2015-03-16,3.6,3.6,3.6,3.6,0
2015-03-17,3.6,3.6,3.6,3.6,0
2015-03-18,3.6,3.9,3.6,3.9,3000
2015-03-19,4.0,4.0,4.0,4.0,1800
2015-03-20,4.4,4.4,4.4,4.4,100
2015-03-23,4.6,4.8,4.6,4.8,11700
2015-03-24,4.8,4.8,4.8,4.8,0
2015-03-25,4.5,4.5,4.4,4.4,5500
2015-03-26,4.3,4.5,4.3,4.5,33400
2015-03-27,4.5,4.5,4.5,4.5,0
2015-03-30,4.5,4.5,4.5,4.5,0
2015-03-31,4.5,4.5,4.5,4.5,0
2015-04-01,4.5,4.5,4.5,4.5,0
2015-04-02,4.5,4.5,4.5,4.5,0
2015-04-03,4.5,4.5,4.5,4.5,0
2015-04-06,4.5,4.5,4.5,4.5,0
2015-04-07,4.5,4.5,4.5,4.5,0
2015-04-08,4.5,4.5,4.5,4.5,0
2015-04-09,4.5,4.5,4.5,4.5,0
2015-04-10,4.1,4.1,4.1,4.1,100
2015-04-13,4.1,4.1,4.1,4.1,0
2015-04-14,4.1,4.1,4.1,4.1,0
2015-04-15,4.1,4.1,4.1,4.1,0
2015-04-16,4.5,4.5,4.2,4.2,270000
2015-04-17,4.2,4.2,4.0,4.0,344000
2015-04-20,4.0,4.0,4.0,4.0,0
2015-04-21,4.0,4.0,4.0,4.0,0
2015-04-22,4.1,4.5,4.1,4.5,2100
2015-04-23,4.5,4.5,3.8,4.5,130100
2015-04-24,3.8,3.8,3.8,3.8,100
2015-04-27,4.1,4.1,4.1,4.1,2100
2015-05-04,4.1,4.1,4.1,4.1,0
2015-05-05,4.1,4.1,4.1,4.1,0
2015-05-06,4.4,4.5,4.4,4.5,1600
2015-05-07,4.4,4.4,4.4,4.4,3000
2015-05-08,4.4,4.4,4.4,4.4,14300
2015-05-11,4.4,4.4,4.4,4.4,0
2015-05-12,4.4,4.4,4.4,4.4,0
2015-05-13,4.8,4.8,4.8,4.8,2200
2015-05-14,4.8,4.8,4.8,4.8,0
2015-05-15,4.6,4.8,4.6,4.8,3800
2015-05-18,4.6,4.6,4.6,4.6,2600
2015-05-19,4.7,4.7,4.7,4.7,1100
2015-05-20,4.7,4.7,4.7,4.7,14200
2015-05-21,4.7,4.7,4.7,4.7,0
2015-05-22,4.7,4.7,4.7,4.7,500
2015-05-25,4.7,4.7,4.7,4.7,0
2015-05-26,4.7,4.7,4.7,4.7,1300
2015-05-27,4.7,4.7,4.7,4.7,1300
2015-05-28,4.7,4.7,4.7,4.7,0
2015-05-29,4.7,4.7,4.7,4.7,2100
2015-06-01,4.7,4.7,4.7,4.7,1000
2015-06-02,4.7,4.7,4.7,4.7,0
2015-06-03,4.7,4.7,4.7,4.7,0
2015-06-04,4.7,4.7,4.7,4.7,0
2015-06-05,4.7,4.7,4.7,4.7,0
2015-06-08,4.7,4.7,4.7,4.7,1000
2015-06-09,4.7,4.7,4.7,4.7,1000
2015-06-10,5.1,5.1,4.7,4.7,1600
2015-06-11,4.7,4.7,4.7,4.7,0
2015-06-12,4.4,5.1,4.4,5.1,600
2015-06-15,5.1,5.1,5.1,5.1,0
2015-06-16,5.2,5.2,5.2,5.2,100
2015-06-17,5.6,5.6,5.6,5.6,100
2015-06-18,5.6,5.6,5.6,5.6,0
2015-06-19,5.6,5.6,5.6,5.6,0
2015-06-22,5.6,5.6,5.6,5.6,0
2015-06-23,5.1,5.1,5.1,5.1,100
2015-06-24,5.1,5.1,5.1,5.1,0
2015-06-25,5.1,5.1,5.1,5.1,0
2015-06-26,5.1,5.1,5.1,5.1,0
2015-06-29,5.1,5.1,5.1,5.1,0
2015-06-30,5.1,5.1,5.1,5.1,0
2015-07-01,5.1,5.1,5.1,5.1,0
2015-07-02,5.1,5.1,5.1,5.1,0
2015-07-03,5.1,5.1,5.1,5.1,0
2015-07-06,5.1,5.1,5.1,5.1,0
2015-07-07,5.1,5.1,5.1,5.1,0
2015-07-08,4.7,4.7,4.7,4.7,690000
2015-07-09,5.4,5.4,4.7,4.7,348300
2015-07-10,4.7,4.7,4.7,4.7,0
2015-07-13,4.7,4.7,4.7,4.7,0
2015-07-14,4.7,4.7,4.7,4.7,0
2015-07-15,4.7,4.7,4.7,4.7,0
2015-07-16,4.7,4.7,4.7,4.7,0
2015-07-17,4.7,4.7,4.7,4.7,0
2015-07-20,4.7,4.7,4.7,4.7,0
2015-07-21,4.0,4.0,4.0,4.0,100
2015-07-22,4.0,4.0,4.0,4.0,0
2015-07-23,4.0,4.0,4.0,4.0,0
2015-07-24,4.0,4.6,4.0,4.6,800
2015-07-27,4.5,4.5,4.5,4.5,500
2015-07-28,4.5,4.5,4.5,4.5,32600
2015-07-29,4.5,4.5,4.5,4.5,0
2015-07-30,4.5,4.5,4.5,4.5,0
2015-07-31,4.5,4.5,4.5,4.5,11900
2015-08-03,4.4,4.5,4.4,4.5,700
2015-08-04,4.5,4.5,4.5,4.5,0
2015-08-05,4.5,4.5,4.5,4.5,0
2015-08-06,5.0,5.0,5.0,5.0,100
2015-08-07,5.0,5.0,5.0,5.0,0
2015-08-10,4.3,4.3,4.3,4.3,200
2015-08-11,4.3,4.3,4.3,4.3,0
2015-08-12,4.3,4.3,4.3,4.3,0
2015-08-13,4.3,4.3,4.3,4.3,0
2015-08-14,4.3,4.3,4.3,4.3,0
2015-08-17,4.3,4.3,4.3,4.3,0
2015-08-18,4.3,4.3,4.3,4.3,0
2015-08-19,4.3,4.3,4.3,4.3,0
2015-08-20,4.3,4.3,4.3,4.3,0
2015-08-21,4.3,4.3,4.3,4.3,0
2015-08-24,4.3,4.3,4.3,4.3,0
2015-08-25,4.3,4.3,4.3,4.3,0
2015-08-26,4.3,4.3,4.3,4.3,0
2015-08-27,4.3,4.3,4.3,4.3,0
2015-08-28,4.3,4.3,4.3,4.3,0
2015-08-31,4.3,4.3,4.3,4.3,0
2015-09-01,4.3,4.3,4.3,4.3,0
2015-09-03,4.9,4.9,4.9,4.9,100
2015-09-04,4.9,4.9,4.9,4.9,0
2015-09-07,4.9,4.9,4.9,4.9,0
2015-09-08,4.9,4.9,4.9,4.9,0
2015-09-09,5.4,5.4,5.4,5.4,100
2015-09-10,5.4,5.4,5.4,5.4,0
2015-09-11,5.4,5.4,5.4,5.4,0
2015-09-14,4.6,4.6,4.6,4.6,4000
2015-09-15,4.6,4.6,4.6,4.6,0
2015-09-16,4.6,4.6,4.6,4.6,0
2015-09-17,4.6,4.6,4.6,4.6,0
2015-09-18,4.6,4.6,4.6,4.6,0
2015-09-21,4.6,4.6,4.6,4.6,0
2015-09-22,4.6,4.6,4.6,4.6,0
2015-09-23,4.6,4.6,4.6,4.6,0
2015-09-24,4.6,4.6,4.6,4.6,0
2015-09-25,4.6,4.6,4.6,4.6,0
2015-09-28,4.6,4.6,4.6,4.6,0
2015-09-29,4.6,4.6,4.6,4.6,0
2015-09-30,4.6,4.6,4.6,4.6,0
2015-10-01,4.6,4.6,4.6,4.6,0
2015-10-02,4.6,4.6,4.6,4.6,0
2015-10-05,4.6,4.6,4.6,4.6,0
2015-10-06,4.6,4.6,4.6,4.6,0
2015-10-07,4.6,4.6,4.6,4.6,0
2015-10-08,4.6,4.6,4.6,4.6,0
2015-10-09,4.6,4.6,4.6,4.6,0
2015-10-12,4.6,4.6,4.6,4.6,0
2015-10-13,4.6,4.6,4.6,4.6,0
2015-10-14,4.6,4.6,4.6,4.6,0
2015-10-15,4.6,4.6,4.6,4.6,0
2015-10-16,4.6,4.6,4.6,4.6,0
2015-10-19,4.6,4.6,4.6,4.6,0
2015-10-20,4.6,4.6,4.6,4.6,0
2015-10-21,4.6,4.6,4.6,4.6,0
2015-10-22,4.6,4.6,4.6,4.6,0
2015-10-23,4.6,4.7,4.6,4.7,3000
2015-10-26,5.2,5.2,5.2,5.2,100
2015-10-27,5.2,5.2,5.2,5.2,0
2015-10-28,5.2,5.2,5.2,5.2,0
2015-10-29,5.2,5.2,5.2,5.2,0
2015-10-30,5.2,5.2,5.2,5.2,0
2015-11-02,5.2,5.2,5.2,5.2,0
2015-11-03,5.2,5.2,5.2,5.2,0
2015-11-04,5.2,5.2,5.2,5.2,0
2015-11-05,5.2,5.2,5.2,5.2,0
2015-11-06,5.2,5.2,5.2,5.2,0
2015-11-09,5.2,5.2,5.2,5.2,0
2015-11-10,4.5,4.5,4.5,4.5,500
2015-11-11,4.5,4.5,4.5,4.5,14900
2015-11-12,4.5,4.5,4.5,4.5,500
2015-11-13,4.5,4.5,4.5,4.5,3700
2015-11-16,4.5,4.5,4.5,4.5,0
2015-11-17,4.5,4.5,4.5,4.5,0
2015-11-18,4.5,4.5,4.5,4.5,0
2015-11-19,4.5,4.5,4.5,4.5,0
2015-11-20,4.5,4.5,4.5,4.5,0
2015-11-23,4.5,4.5,4.5,4.5,0
2015-11-24,4.5,4.5,4.5,4.5,0
2015-11-25,4.5,4.5,4.5,4.5,10400
2015-11-26,4.5,4.5,4.5,4.5,0
2015-11-27,4.5,4.5,4.5,4.5,0
2015-11-30,4.5,4.5,4.5,4.5,1700
2015-12-01,4.5,4.5,4.5,4.5,0
2015-12-02,4.5,4.5,4.5,4.5,0
2015-12-03,4.5,4.5,4.5,4.5,45000
2015-12-04,4.5,4.5,4.5,4.5,0
2015-12-07,4.5,4.5,4.5,4.5,0
2015-12-08,3.9,3.9,3.9,3.9,5000
2015-12-09,3.9,3.9,3.9,3.9,0
2015-12-10,3.9,3.9,3.9,3.9,0
2015-12-11,3.9,3.9,3.9,3.9,0
2015-12-14,3.9,3.9,3.9,3.9,0
2015-12-15,4.2,4.2,4.2,4.2,1200
2015-12-16,4.5,4.5,4.5,4.5,100
2015-12-17,4.5,4.5,4.5,4.5,0
2015-12-18,4.5,4.5,4.5,4.5,0
2015-12-21,4.5,4.5,4.5,4.5,6500
2015-12-22,4.5,4.5,4.5,4.5,11700
2015-12-23,4.5,4.5,4.5,4.5,0
2015-12-24,4.5,4.5,4.5,4.5,0
2015-12-25,4.5,4.5,4.5,4.5,800
2015-12-28,4.5,4.5,4.5,4.5,0
2015-12-29,4.5,4.5,4.5,4.5,0
2015-12-30,4.5,4.5,4.5,4.5,0
2015-12-31,4.5,4.5,4.5,4.5,13980
2016-01-04,4.5,4.5,4.5,4.5,0
2016-01-05,4.5,4.5,4.5,4.5,1000
2016-01-06,4.5,4.5,4.5,4.5,0
2016-01-07,4.5,4.5,4.5,4.5,0
2016-01-08,4.5,4.5,4.5,4.5,0
2016-01-11,4.5,4.5,4.5,4.5,0
2016-01-12,4.5,4.5,4.5,4.5,0
2016-01-13,4.5,4.5,4.5,4.5,1000
2016-01-14,4.5,4.5,4.5,4.5,0
2016-01-15,4.5,4.5,4.5,4.5,1800
2016-01-18,4.5,4.5,4.5,4.5,1000
2016-01-19,4.5,4.5,4.5,4.5,3200
2016-01-20,4.5,4.5,4.5,4.5,0
2016-01-21,4.5,4.5,4.5,4.5,0
2016-01-22,4.5,4.5,4.5,4.5,0
2016-01-25,4.5,4.5,4.5,4.5,0
2016-01-26,4.5,4.5,4.5,4.5,13800
2016-01-27,4.5,4.5,4.5,4.5,0
2016-01-28,4.5,4.5,4.5,4.5,0
2016-01-29,4.5,4.5,4.5,4.5,0
2016-02-01,4.5,4.5,4.5,4.5,0
2016-02-02,4.6,4.6,3.9,4.6,23600
2016-02-03,4.6,4.6,4.6,4.6,0
2016-02-04,4.6,4.6,4.6,4.6,0
2016-02-05,4.6,4.6,4.6,4.6,0
2016-02-15,4.6,4.6,4.6,4.6,0
2016-02-16,4.5,4.5,4.5,4.5,500
2016-02-17,4.5,4.5,4.5,4.5,0
2016-02-18,4.5,4.5,4.5,4.5,0
2016-02-19,4.5,4.5,4.5,4.5,500
2016-02-22,4.5,4.5,4.5,4.5,1500
2016-02-23,4.5,4.5,4.5,4.5,700
2016-02-24,4.5,4.5,4.5,4.5,2400
2016-02-25,4.5,4.5,4.5,4.5,0
2016-02-26,4.5,4.5,4.5,4.5,0
2016-02-29,4.5,4.5,4.5,4.5,0
2016-03-01,4.5,4.5,4.5,4.5,1500
2016-03-02,4.5,4.5,4.5,4.5,0
2016-03-03,4.5,4.5,4.5,4.5,0
2016-03-04,4.5,4.5,4.5,4.5,3000
2016-03-07,4.5,4.5,4.5,4.5,0
2016-03-08,4.5,4.5,4.5,4.5,0
2016-03-09,4.5,4.5,4.5,4.5,0
2016-03-10,3.9,3.9,3.9,3.9,100
2016-03-11,4.4,4.4,4.4,4.4,100
2016-03-14,4.5,4.5,4.5,4.5,200
2016-03-15,4.5,4.5,4.5,4.5,0
2016-03-16,4.5,4.5,4.5,4.5,0
2016-03-17,4.5,4.5,4.5,4.5,0
2016-03-18,4.5,4.5,4.5,4.5,0
2016-03-21,4.5,4.5,4.5,4.5,300
2016-03-22,4.5,4.5,4.5,4.5,2800
2016-03-23,4.5,4.5,4.5,4.5,0
2016-03-24,4.5,4.5,4.5,4.5,0
2016-03-25,4.5,4.5,4.5,4.5,0
2016-03-28,4.5,4.5,4.5,4.5,200
2016-03-29,4.5,4.5,4.5,4.5,70
2016-03-30,4.5,4.5,4.5,4.5,0
2016-03-31,4.5,4.5,4.5,4.5,0
2016-04-01,4.5,4.5,4.5,4.5,500
2016-04-04,4.5,4.5,4.5,4.5,1000
2016-04-05,4.5,4.5,4.5,4.5,0
2016-04-06,4.5,4.5,4.5,4.5,0
2016-04-07,4.5,4.5,4.5,4.5,1000
2016-04-08,4.5,4.5,4.5,4.5,0
2016-04-11,4.5,4.5,4.5,4.5,800
2016-04-12,4.5,4.5,4.5,4.5,0
2016-04-13,3.9,4.5,3.9,4.5,200
2016-04-14,4.5,4.5,4.5,4.5,100
2016-04-15,4.5,4.5,4.5,4.5,0
2016-04-19,4.5,4.5,4.5,4.5,1000
2016-04-20,4.5,4.5,4.5,4.5,1000
2016-04-21,4.5,4.5,4.5,4.5,0
2016-04-22,4.5,4.5,4.5,4.5,0
2016-04-25,4.5,4.5,4.5,4.5,500
2016-04-26,4.5,4.5,4.5,4.5,0
2016-04-27,4.5,4.5,4.5,4.5,0
2016-04-28,4.5,4.5,4.5,4.5,0
2016-04-29,4.5,4.5,4.5,4.5,0
2016-05-04,4.5,4.5,4.5,4.5,2100
2016-05-05,4.5,4.5,4.5,4.5,0
2016-05-06,4.5,4.5,4.5,4.5,500
2016-05-09,3.9,4.5,3.9,4.5,600
2016-05-10,4.5,4.5,4.5,4.5,0
2016-05-11,4.5,4.5,4.5,4.5,0
2016-05-12,4.5,4.5,4.5,4.5,0
2016-05-13,4.5,4.5,4.5,4.5,0
2016-05-16,4.5,4.5,4.5,4.5,0
2016-05-17,4.5,4.5,4.5,4.5,0
2016-05-18,4.5,4.5,4.5,4.5,0
2016-05-19,4.5,4.5,4.5,4.5,0
2016-05-20,4.5,4.5,4.5,4.5,0
2016-05-23,4.5,4.5,4.5,4.5,0
2016-05-24,4.5,4.5,4.5,4.5,0
2016-05-25,4.5,4.5,4.5,4.5,0
2016-05-26,4.5,4.5,4.5,4.5,0
2016-05-27,4.5,4.5,4.5,4.5,0
2016-05-30,4.5,4.5,4.5,4.5,0
2016-05-31,4.5,4.5,4.5,4.5,0
2016-06-01,4.5,4.5,4.5,4.5,0
2016-06-02,4.5,4.5,4.5,4.5,0
2016-06-03,4.0,4.0,4.0,4.0,5100
2016-06-06,4.0,4.0,4.0,4.0,0
2016-06-07,4.0,4.0,4.0,4.0,0
2016-06-08,4.0,4.0,4.0,4.0,300
2016-06-09,4.0,4.0,4.0,4.0,0
2016-06-10,3.6,3.6,3.6,3.6,300
2016-06-13,3.6,3.6,3.6,3.6,0
2016-06-14,3.6,3.6,3.6,3.6,0
2016-06-15,4.0,4.0,4.0,4.0,300
2016-06-16,4.5,4.5,3.5,4.5,4300
2016-06-17,4.5,4.5,4.5,4.5,0
2016-06-20,4.5,4.5,4.5,4.5,0
2016-06-21,4.5,4.5,4.5,4.5,6000
2016-06-22,4.5,4.5,4.5,4.5,7800
2016-06-23,4.5,4.5,4.5,4.5,0
2016-06-24,4.5,4.5,4.5,4.5,0
2016-06-27,4.5,4.5,4.5,4.5,0
2016-06-28,4.5,4.5,4.5,4.5,0
2016-06-29,4.5,4.5,4.5,4.5,0
2016-06-30,5.0,5.0,5.0,5.0,4000
2016-07-01,5.0,5.0,5.0,5.0,0
2016-07-04,5.0,5.0,5.0,5.0,0
2016-07-05,5.0,5.0,5.0,5.0,0
2016-07-06,5.0,5.0,5.0,5.0,0
2016-07-07,5.0,5.0,5.0,5.0,0
2016-07-08,4.5,4.5,4.5,4.5,2000
2016-07-11,4.5,4.5,4.5,4.5,0
2016-07-12,4.5,4.5,4.5,4.5,0
2016-07-13,4.5,4.5,4.5,4.5,0
2016-07-14,4.5,4.5,4.5,4.5,0
2016-07-15,4.5,4.5,4.5,4.5,0
2016-07-18,4.5,4.5,4.5,4.5,0
2016-07-19,4.5,4.5,4.5,4.5,0
2016-07-20,4.5,4.5,4.5,4.5,500
2016-07-21,4.5,4.5,4.5,4.5,0
2016-07-22,4.5,4.5,4.5,4.5,0
2016-07-25,4.5,4.5,4.5,4.5,0
2016-07-26,4.5,4.5,4.5,4.5,3700
2016-07-27,4.5,4.5,4.5,4.5,0
2016-07-28,4.5,4.5,4.5,4.5,0
2016-07-29,4.5,4.5,4.5,4.5,7600
2016-08-01,4.5,4.5,4.5,4.5,0
2016-08-02,4.5,4.5,4.5,4.5,0
2016-08-03,4.5,4.5,4.5,4.5,0
2016-08-04,4.5,4.5,4.5,4.5,0
2016-08-05,4.5,4.5,4.5,4.5,0
2016-08-08,4.5,4.5,4.5,4.5,0
2016-08-09,4.5,4.5,4.5,4.5,0
2016-08-10,4.5,4.5,4.5,4.5,0
2016-08-11,4.5,4.5,4.5,4.5,0
2016-08-12,4.5,4.5,4.5,4.5,0
2016-08-15,4.5,4.5,4.5,4.5,0
2016-08-16,4.5,4.5,4.5,4.5,0
2016-08-17,4.5,4.5,4.5,4.5,0
2016-08-18,4.5,4.5,4.5,4.5,0
2016-08-19,4.5,4.5,4.5,4.5,0
2016-08-22,4.5,4.5,4.5,4.5,0
2016-08-23,4.5,4.5,4.5,4.5,0
2016-08-24,4.5,4.5,4.5,4.5,0
2016-08-25,4.5,4.5,4.5,4.5,2600
2016-08-26,4.5,4.5,4.5,4.5,0
2016-08-29,4.5,4.5,4.5,4.5,0
2016-08-30,4.5,4.5,4.5,4.5,0
2016-08-31,4.5,4.5,4.5,4.5,0
2016-09-01,4.5,4.5,4.5,4.5,0
2016-09-05,4.5,4.5,4.5,4.5,0
2016-09-06,4.5,4.5,4.5,4.5,0
2016-09-07,3.9,3.9,3.9,3.9,1000
2016-09-08,3.9,3.9,3.9,3.9,0
2016-09-09,3.9,3.9,3.9,3.9,0
2016-09-12,4.0,4.0,4.0,4.0,900
2016-09-13,4.0,4.0,4.0,4.0,0
2016-09-14,4.0,4.0,4.0,4.0,0
2016-09-15,4.0,4.0,4.0,4.0,0
2016-09-16,4.0,4.0,4.0,4.0,0
2016-09-19,4.0,4.0,4.0,4.0,0
2016-09-20,4.0,4.0,4.0,4.0,0
2016-09-21,4.0,4.0,4.0,4.0,1500
2016-09-22,4.0,4.0,4.0,4.0,0
2016-09-23,4.0,4.0,4.0,4.0,0
2016-09-26,4.0,4.0,4.0,4.0,1000
2016-09-27,3.5,3.5,3.5,3.5,200
2016-09-28,4.0,4.0,4.0,4.0,4800
2016-09-29,4.0,4.0,4.0,4.0,0
2016-09-30,4.0,4.0,4.0,4.0,0
2016-10-03,4.0,4.0,4.0,4.0,0
2016-10-04,4.0,4.0,4.0,4.0,1500
2016-10-05,4.0,4.0,4.0,4.0,1000
2016-10-06,4.0,4.0,4.0,4.0,0
2016-10-07,4.0,4.0,4.0,4.0,0
2016-10-10,3.5,4.0,3.5,4.0,4200
2016-10-11,4.0,4.0,4.0,4.0,0
2016-10-12,4.0,4.0,4.0,4.0,0
2016-10-13,4.0,4.0,4.0,4.0,0
2016-10-14,3.3,3.3,3.3,3.3,200
2016-10-17,3.3,3.3,3.3,3.3,0
2016-10-18,3.3,3.3,3.3,3.3,0
2016-10-19,3.3,3.3,3.3,3.3,0
2016-10-20,3.3,3.3,3.3,3.3,0
2016-10-21,3.3,3.3,3.3,3.3,0
2016-10-24,3.3,3.3,3.3,3.3,0
2016-10-25,3.0,3.0,3.0,3.0,100
2016-10-26,3.0,3.0,3.0,3.0,0
2016-10-27,3.0,3.0,3.0,3.0,0
2016-10-28,3.0,3.0,3.0,3.0,0
2016-10-31,3.0,3.0,3.0,3.0,0
2016-11-01,3.0,3.0,3.0,3.0,0
2016-11-02,3.0,3.0,3.0,3.0,0
2016-11-03,3.0,3.0,3.0,3.0,0
2016-11-04,3.0,3.0,3.0,3.0,0
2016-11-07,3.0,3.0,3.0,3.0,0
2016-11-08,2.7,2.7,2.7,2.7,300
2016-11-09,2.7,2.7,2.7,2.7,0
2016-11-10,2.7,2.7,2.7,2.7,0
2016-11-11,2.7,2.7,2.7,2.7,0
2016-11-14,2.7,2.7,2.7,2.7,0
2016-11-15,2.7,2.7,2.7,2.7,0
2016-11-16,2.7,2.7,2.7,2.7,0
2016-11-17,2.7,2.7,2.7,2.7,0
2016-11-18,2.7,2.7,2.7,2.7,0
2016-11-21,2.7,2.7,2.7,2.7,0
2016-11-22,2.7,2.7,2.7,2.7,0
2016-11-23,2.7,2.7,2.7,2.7,0
2016-11-24,2.7,2.7,2.7,2.7,0
2016-11-25,2.7,2.7,2.7,2.7,0
2016-11-28,2.7,2.7,2.7,2.7,0
2016-11-29,2.7,2.7,2.7,2.7,0
2016-11-30,2.7,2.7,2.7,2.7,700
2016-12-01,2.7,2.7,2.7,2.7,0
2016-12-02,2.7,2.7,2.7,2.7,0
2016-12-05,2.7,2.7,2.7,2.7,0
2016-12-06,2.7,2.7,2.7,2.7,0
2016-12-07,2.7,2.7,2.7,2.7,0
2016-12-08,2.7,2.7,2.7,2.7,0
2016-12-09,2.7,2.7,2.7,2.7,0
2016-12-12,2.7,2.7,2.7,2.7,0
2016-12-13,2.7,2.7,2.7,2.7,0
2016-12-14,2.7,2.7,2.7,2.7,0
2016-12-15,2.7,2.7,2.7,2.7,0
2016-12-16,2.7,2.7,2.7,2.7,0
2016-12-19,2.7,2.7,2.7,2.7,0
2016-12-20,2.7,2.7,2.7,2.7,0
2016-12-21,2.7,2.7,2.7,2.7,0
2016-12-22,2.7,2.7,2.7,2.7,0
2016-12-23,2.7,2.7,2.7,2.7,0
2016-12-26,2.7,2.7,2.7,2.7,0
2016-12-27,2.7,2.7,2.7,2.7,0
2016-12-28,2.7,2.7,2.7,2.7,0
2016-12-29,2.7,2.7,2.7,2.7,0
2016-12-30,2.7,2.7,2.7,2.7,0
2017-01-03,2.7,2.7,2.7,2.7,0
2017-01-04,2.7,2.7,2.7,2.7,0
2017-01-05,2.7,2.7,2.7,2.7,0
2017-01-06,2.7,2.7,2.7,2.7,0
2017-01-09,2.7,2.7,2.7,2.7,0
2017-01-10,2.7,2.7,2.7,2.7,0
2017-01-11,2.7,2.7,2.7,2.7,0
2017-01-12,2.7,2.7,2.7,2.7,0
2017-01-13,2.7,2.7,2.7,2.7,0
2017-01-16,2.7,2.7,2.7,2.7,0
2017-01-17,2.7,2.7,2.7,2.7,0
2017-01-18,2.7,2.7,2.7,2.7,0
2017-01-19,2.7,2.7,2.7,2.7,0
2017-01-20,2.7,2.7,2.7,2.7,0
2017-01-23,2.7,2.7,2.7,2.7,0
2017-01-24,2.7,2.7,2.7,2.7,0
2017-01-25,2.7,2.7,2.7,2.7,0
2017-02-02,2.7,2.7,2.7,2.7,0
2017-02-03,2.7,2.7,2.7,2.7,0
2017-02-06,2.7,2.7,2.7,2.7,0
2017-02-07,2.7,2.7,2.7,2.7,0
2017-02-08,2.7,2.7,2.7,2.7,0
2017-02-09,2.7,2.7,2.7,2.7,0
2017-02-10,2.7,2.7,2.7,2.7,0
2017-02-13,2.7,2.7,2.7,2.7,0
2017-02-14,2.7,2.7,2.7,2.7,0
2017-02-15,2.7,2.7,2.7,2.7,0
2017-02-16,2.7,2.7,2.7,2.7,0
2017-02-17,2.7,2.7,2.7,2.7,0
2017-02-20,2.7,2.7,2.7,2.7,0
2017-02-21,2.7,2.7,2.7,2.7,0
2017-02-22,2.7,2.7,2.7,2.7,0
2017-02-23,2.7,2.7,2.7,2.7,0
2017-02-24,2.7,2.7,2.7,2.7,0
2017-02-27,2.7,2.7,2.7,2.7,0
2017-02-28,2.7,2.7,2.7,2.7,0
2017-03-01,2.7,2.7,2.7,2.7,0
2017-03-02,2.7,2.7,2.7,2.7,0
2017-03-03,2.7,2.7,2.7,2.7,0
2017-03-06,2.7,2.7,2.7,2.7,0
2017-03-07,2.7,2.7,2.7,2.7,0
2017-03-08,2.7,2.7,2.7,2.7,0
2017-03-09,2.7,2.7,2.7,2.7,0
2017-03-10,2.7,2.7,2.7,2.7,0
2017-03-13,2.7,2.7,2.7,2.7,0
2017-03-14,2.7,2.7,2.7,2.7,0
2017-03-15,2.7,2.7,2.7,2.7,0
2017-03-16,2.7,2.7,2.7,2.7,0
2017-03-17,2.7,2.7,2.7,2.7,0
2017-03-20,2.7,2.7,2.7,2.7,0
2017-03-21,2.7,2.7,2.7,2.7,0
2017-03-22,2.7,2.7,2.7,2.7,0
2017-03-23,2.7,2.7,2.7,2.7,0
2017-03-24,2.7,2.7,2.7,2.7,0
2017-03-27,2.7,2.7,2.7,2.7,0
2017-03-28,2.7,2.7,2.7,2.7,0
2017-03-29,2.7,2.7,2.7,2.7,0
2017-03-30,2.7,2.7,2.7,2.7,0
2017-03-31,2.7,2.7,2.7,2.7,0
2017-04-03,2.7,2.7,2.7,2.7,0
2017-04-04,2.7,2.7,2.7,2.7,0
2017-04-05,2.7,2.7,2.7,2.7,0
2017-04-07,2.7,2.7,2.7,2.7,0
2017-04-10,2.7,2.7,2.7,2.7,0
2017-04-11,3.7,3.7,3.7,3.7,2000
2017-04-12,3.7,3.7,3.7,3.7,0
2017-04-13,3.7,3.7,3.7,3.7,0
2017-04-14,3.7,3.7,3.7,3.7,0
2017-04-17,3.7,3.7,3.7,3.7,0
2017-04-18,3.7,3.7,3.7,3.7,0
2017-04-19,3.7,3.7,3.7,3.7,0
2017-04-20,3.7,3.7,3.7,3.7,0
2017-04-21,3.7,3.7,3.7,3.7,0
2017-04-24,3.7,3.7,3.7,3.7,0
2017-04-25,3.7,3.7,3.7,3.7,0
2017-04-26,3.7,3.7,3.7,3.7,0
2017-04-27,3.7,3.7,3.7,3.7,0
2017-04-28,3.7,3.7,3.7,3.7,0
2017-05-03,3.7,3.7,3.7,3.7,0
2017-05-04,3.2,3.2,3.2,3.2,3000
2017-05-05,3.2,3.2,3.2,3.2,0
2017-05-08,3.2,3.2,3.2,3.2,0
2017-05-09,3.2,3.2,3.2,3.2,0
2017-05-10,3.2,3.2,3.2,3.2,0
2017-05-11,3.2,3.2,3.2,3.2,0
2017-05-12,3.2,3.2,3.2,3.2,0
2017-05-15,3.2,3.2,3.2,3.2,0
2017-05-16,3.2,3.2,3.2,3.2,0
2017-05-17,3.2,3.2,3.2,3.2,0
2017-05-18,3.2,3.2,3.2,3.2,0
2017-05-19,3.2,3.2,3.2,3.2,0
2017-05-22,3.2,3.2,3.2,3.2,0
2017-05-23,3.2,3.2,3.2,3.2,0
2017-05-24,3.2,3.2,3.2,3.2,0
2017-05-25,3.2,3.2,3.2,3.2,0
2017-05-26,3.2,3.2,3.2,3.2,0
2017-05-29,3.2,3.2,3.2,3.2,0
2017-05-30,3.2,3.2,3.2,3.2,0
2017-05-31,3.2,3.2,3.2,3.2,0
2017-06-01,3.2,3.2,3.2,3.2,0
2017-06-02,3.2,3.2,3.2,3.2,0
2017-06-05,3.2,3.2,3.2,3.2,0
2017-06-06,3.2,3.2,3.2,3.2,0
2017-06-07,3.2,3.2,3.2,3.2,0
2017-06-08,3.2,3.2,3.2,3.2,0
2017-06-09,3.2,3.2,3.2,3.2,0
2017-06-12,3.2,3.2,3.2,3.2,0
2017-06-13,3.2,3.2,3.2,3.2,0
2017-06-14,3.2,3.2,3.2,3.2,0
2017-06-15,3.2,3.2,3.2,3.2,0
2017-06-16,3.2,3.2,3.2,3.2,0
2017-06-19,3.2,3.2,3.2,3.2,0
2017-06-20,3.2,3.2,3.2,3.2,0
2017-06-21,3.2,3.2,3.2,3.2,0
2017-06-22,3.2,3.2,3.2,3.2,0
2017-06-23,3.2,3.2,3.2,3.2,0
2017-06-26,3.2,3.2,3.2,3.2,0
2017-06-27,3.2,3.2,3.2,3.2,0
2017-06-28,3.2,3.2,3.2,3.2,0
2017-06-29,3.2,3.2,3.2,3.2,0
2017-06-30,3.2,3.2,3.2,3.2,0
2017-07-03,3.2,3.2,3.2,3.2,0
2017-07-04,3.2,3.2,3.2,3.2,0
2017-07-05,3.2,3.2,3.2,3.2,0
2017-07-06,3.2,3.2,3.2,3.2,0
2017-07-07,3.2,3.2,3.2,3.2,0
2017-07-10,3.2,3.2,3.2,3.2,0
2017-07-11,3.2,3.2,3.2,3.2,0
2017-07-12,3.2,3.2,3.2,3.2,0
2017-07-13,2.0,2.0,2.0,2.0,100
2017-07-14,1.7,1.7,1.7,1.7,900
2017-07-17,1.7,1.7,1.7,1.7,0
2017-07-18,1.7,1.7,1.7,1.7,800
2017-07-19,1.5,1.5,1.5,1.5,300
2017-07-20,1.5,1.5,1.5,1.5,0
2017-07-21,1.5,1.5,1.5,1.5,0
2017-07-24,1.5,1.5,1.5,1.5,0
2017-07-25,1.7,1.7,1.7,1.7,100
2017-07-26,1.9,1.9,1.9,1.9,100
2017-07-27,1.9,1.9,1.9,1.9,0
2017-07-28,1.9,1.9,1.9,1.9,0
2017-07-31,1.9,1.9,1.9,1.9,0
2017-08-01,2.1,2.1,2.1,2.1,100
2017-08-02,2.1,2.1,2.1,2.1,0
2017-08-03,2.3,2.3,2.3,2.3,100
2017-08-04,2.5,2.5,2.5,2.5,100
2017-08-07,2.5,2.5,2.5,2.5,0
2017-08-08,2.5,2.5,2.5,2.5,0
2017-08-09,2.5,2.5,2.5,2.5,0
2017-08-10,2.5,2.5,2.5,2.5,0
2017-08-11,2.5,2.5,2.5,2.5,0
2017-08-14,2.5,2.5,2.5,2.5,0
2017-08-15,2.5,2.5,2.5,2.5,0
2017-08-16,2.5,2.5,2.5,2.5,0
2017-08-17,2.5,2.5,2.5,2.5,0
2017-08-18,2.5,2.5,2.5,2.5,0
2017-08-21,2.5,2.5,2.5,2.5,0
2017-08-22,2.5,2.5,2.5,2.5,0
2017-08-23,2.5,2.5,2.5,2.5,0
2017-08-24,2.5,2.5,2.5,2.5,0
2017-08-25,2.5,2.5,2.5,2.5,0
2017-08-28,2.5,2.5,2.5,2.5,0
2017-08-29,2.5,2.5,2.5,2.5,0
2017-08-30,2.5,2.5,2.5,2.5,0
2017-08-31,2.5,2.5,2.5,2.5,0
2017-09-01,2.5,2.5,2.5,2.5,0
2017-09-05,2.5,2.5,2.5,2.5,0
2017-09-06,2.5,2.5,2.5,2.5,0
2017-09-07,2.5,2.5,2.5,2.5,0
2017-09-08,2.5,2.5,2.5,2.5,0
2017-09-11,2.5,2.5,2.5,2.5,0
2017-09-12,2.5,2.5,2.5,2.5,0
2017-09-13,2.5,2.5,2.5,2.5,0
2017-09-14,2.5,2.5,2.5,2.5,0
2017-09-15,2.5,2.5,2.5,2.5,0
2017-09-18,2.5,2.5,2.5,2.5,0
2017-09-19,2.5,2.5,2.5,2.5,0
2017-09-20,2.5,2.5,2.5,2.5,0
2017-09-21,2.5,2.5,2.5,2.5,0
2017-09-22,2.5,2.5,2.5,2.5,0
2017-09-25,2.5,2.5,2.5,2.5,0
2017-09-26,2.5,2.5,2.5,2.5,0
2017-09-27,2.5,2.5,2.5,2.5,0
2017-09-28,2.5,2.5,2.5,2.5,0
2017-09-29,2.5,2.5,2.5,2.5,0
2017-10-02,2.5,2.5,2.5,2.5,0
2017-10-03,2.5,2.5,2.5,2.5,0
2017-10-04,2.5,2.5,2.5,2.5,0
2017-10-05,2.5,2.5,2.5,2.5,0
2017-10-06,2.5,2.5,2.5,2.5,0
2017-10-09,2.5,2.5,2.5,2.5,0
2017-10-10,2.5,2.5,2.5,2.5,0
2017-10-11,2.5,2.5,2.5,2.5,0
2017-10-12,2.5,2.5,2.5,2.5,0
2017-10-13,2.5,2.5,2.5,2.5,0
2017-10-16,2.5,2.5,2.5,2.5,0
2017-10-17,2.5,2.5,2.5,2.5,0
2017-10-18,1.5,1.5,1.5,1.5,500
2017-10-19,1.5,1.5,1.5,1.5,0
2017-10-20,1.5,1.5,1.5,1.5,0
2017-10-23,1.5,1.5,1.5,1.5,0
2017-10-24,1.5,1.5,1.5,1.5,0
2017-10-25,1.5,1.5,1.5,1.5,0
2017-10-26,1.5,1.5,1.5,1.5,0
2017-10-27,1.5,1.5,1.5,1.5,0
2017-10-30,1.5,1.5,1.5,1.5,0
2017-10-31,1.5,1.5,1.5,1.5,0
2017-11-01,1.5,1.5,1.5,1.5,0
2017-11-02,1.5,1.5,1.5,1.5,0
2017-11-03,1.5,1.5,1.5,1.5,0
2017-11-06,1.5,1.5,1.5,1.5,0
2017-11-07,1.5,1.5,1.5,1.5,0
2017-11-08,1.5,1.5,1.5,1.5,0
2017-11-09,1.5,1.5,1.5,1.5,0
2017-11-10,1.5,1.5,1.5,1.5,0
2017-11-13,1.5,1.5,1.5,1.5,0
2017-11-14,1.5,1.5,1.5,1.5,0
2017-11-15,1.5,1.5,1.5,1.5,0
2017-11-16,1.5,1.5,1.5,1.5,0
2017-11-17,1.5,1.5,1.5,1.5,0
2017-11-20,1.5,1.5,1.5,1.5,0
2017-11-21,1.5,1.5,1.5,1.5,0
2017-11-22,1.5,1.5,1.5,1.5,0
2017-11-23,1.5,1.5,1.5,1.5,0
2017-11-24,1.5,1.5,1.5,1.5,0
2017-11-27,1.5,1.5,1.5,1.5,0
2017-11-28,1.5,1.5,1.5,1.5,0
2017-11-29,1.5,1.5,1.5,1.5,0
2017-11-30,1.5,1.5,1.5,1.5,0
2017-12-01,1.5,1.5,1.5,1.5,0
2017-12-04,1.5,1.5,1.5,1.5,0
2017-12-05,1.5,1.5,1.5,1.5,0
2017-12-06,1.5,1.5,1.5,1.5,0
2017-12-07,2.0,1.5,2.0,2.0,700
2017-12-08,2.0,2.0,2.0,2.0,0
2017-12-11,2.0,2.0,2.0,2.0,0
2017-12-12,2.0,2.0,2.0,2.0,0
2017-12-13,2.0,2.0,2.0,2.0,0
2017-12-14,2.0,2.0,2.0,2.0,0
2017-12-15,2.0,2.0,2.0,2.0,0
2017-12-18,2.0,2.0,2.0,2.0,0
2017-12-19,2.0,2.0,2.0,2.0,0
2017-12-20,2.0,2.0,2.0,2.0,0
2017-12-21,2.0,2.0,2.0,2.0,0
2017-12-22,2.0,2.0,2.0,2.0,0
2017-12-25,2.0,2.0,2.0,2.0,0
2017-12-26,2.0,2.0,2.0,2.0,0
2017-12-27,2.0,2.0,2.0,2.0,0
2017-12-28,2.0,2.0,2.0,2.0,0
2017-12-29,2.0,2.0,2.0,2.0,0
2018-01-02,2.0,2.0,2.0,2.0,0
2018-01-03,2.0,2.0,2.0,2.0,0
2018-01-04,2.0,2.0,2.0,2.0,0
2018-01-05,2.0,2.0,2.0,2.0,0
2018-01-08,2.0,2.0,2.0,2.0,0
2018-01-09,2.0,2.0,2.0,2.0,0
2018-01-10,2.0,2.0,2.0,2.0,0
2018-01-11,2.0,2.0,2.0,2.0,0
2018-01-12,2.0,2.0,2.0,2.0,0
2018-01-15,2.0,2.0,2.0,2.0,0
2018-01-16,2.0,2.0,2.0,2.0,0
2018-01-17,2.0,2.0,2.0,2.0,0
2018-01-18,2.0,2.0,2.0,2.0,0
2018-01-19,2.0,2.0,2.0,2.0,0
2018-01-22,2.0,2.0,2.0,2.0,0
2018-01-23,2.0,2.0,2.0,2.0,0
2018-01-24,2.0,2.0,2.0,2.0,0
2018-01-25,2.0,2.0,2.0,2.0,0
2018-01-26,2.0,2.0,2.0,2.0,0
2018-01-29,2.0,2.0,2.0,2.0,0
2018-01-30,2.0,2.0,2.0,2.0,0
2018-01-31,2.0,2.0,2.0,2.0,0
2018-02-01,2.0,2.0,2.0,2.0,0
2018-02-02,2.0,2.0,2.0,2.0,0
2018-02-05,2.0,2.0,2.0,2.0,0
2018-02-06,2.0,2.0,2.0,2.0,0
2018-02-07,2.0,2.0,2.0,2.0,0
2018-02-08,2.0,2.0,2.0,2.0,0
2018-02-09,2.0,2.0,2.0,2.0,0
2018-02-12,2.0,2.0,2.0,2.0,0
2018-02-13,2.0,2.0,2.0,2.0,0
2018-02-21,2.0,2.0,2.0,2.0,0
2018-02-22,2.0,2.0,2.0,2.0,0
2018-02-23,2.0,2.0,2.0,2.0,0
2018-02-26,2.0,2.0,2.0,2.0,0
2018-02-27,2.0,2.0,2.0,2.0,0
2018-02-28,2.0,2.0,2.0,2.0,1500
2018-03-01,1.7,2.0,1.7,2.0,1200
2018-03-02,1.9,1.9,1.9,1.9,0
2018-03-05,1.9,1.9,1.9,1.9,0
2018-03-06,1.9,1.9,1.9,1.9,0
2018-03-07,1.9,1.9,1.9,1.9,0
2018-03-08,1.9,1.9,1.9,1.9,0
2018-03-09,1.9,1.9,1.9,1.9,0
2018-03-12,1.9,1.9,1.9,1.9,0
2018-03-13,1.9,1.9,1.9,1.9,0
2018-03-14,1.9,1.9,1.9,1.9,0
2018-03-15,1.9,1.9,1.9,1.9,0
2018-03-16,1.9,1.9,1.9,1.9,0
2018-03-19,1.9,1.9,1.9,1.9,0
2018-03-20,1.9,1.9,1.9,1.9,0
2018-03-21,1.9,1.9,1.9,1.9,0
2018-03-22,1.9,1.9,1.9,1.9,0
2018-03-23,1.9,1.9,1.9,1.9,0
2018-03-26,1.9,1.9,1.9,1.9,0
2018-03-27,1.9,1.9,1.9,1.9,0
2018-03-28,1.9,1.9,1.9,1.9,0
2018-03-29,1.9,1.9,1.9,1.9,0
2018-03-30,1.9,1.9,1.9,1.9,0
2018-04-02,1.9,1.9,1.9,1.9,0
2018-04-03,1.9,1.9,1.9,1.9,0
2018-04-04,1.9,1.9,1.9,1.9,0
2018-04-05,1.9,1.9,1.9,1.9,0
2018-04-06,1.7,1.7,1.7,1.7,5100
2018-04-09,1.7,1.7,1.7,1.7,0
2018-04-10,1.7,1.7,1.7,1.7,0
2018-04-11,1.7,1.7,1.7,1.7,0
2018-04-12,1.7,1.7,1.7,1.7,0
2018-04-13,1.7,1.7,1.7,1.7,0
2018-04-16,1.7,1.7,1.7,1.7,0
2018-04-17,1.7,1.7,1.7,1.7,0
2018-04-18,1.7,1.7,1.7,1.7,0
2018-04-19,1.7,1.7,1.7,1.7,0
2018-04-20,1.7,1.7,1.7,1.7,0
2018-04-23,1.7,1.7,1.7,1.7,0
2018-04-24,1.5,1.5,1.5,1.5,11600
2018-04-26,1.5,1.5,1.5,1.5,0
2018-04-27,1.5,1.5,1.5,1.5,0
2018-05-02,1.5,1.5,1.5,1.5,0
2018-05-03,1.5,1.5,1.5,1.5,2000
2018-05-04,1.5,1.5,1.5,1.5,0
2018-05-07,1.5,1.5,1.5,1.5,0
2018-05-08,1.5,1.5,1.5,1.5,0
2018-05-09,1.5,1.5,1.5,1.5,0
2018-05-10,1.5,1.5,1.5,1.5,0
2018-05-11,1.5,1.5,1.5,1.5,0
2018-05-14,1.5,1.5,1.5,1.5,0
2018-05-15,1.5,1.5,1.5,1.5,0
2018-05-16,1.5,1.5,1.5,1.5,0
2018-05-17,1.5,1.5,1.5,1.5,0
2018-05-18,1.5,1.5,1.5,1.5,0
2018-05-21,1.5,1.5,1.5,1.5,0
2018-05-22,1.5,1.5,1.5,1.5,0
2018-05-23,1.5,1.5,1.5,1.5,0
2018-05-24,1.5,1.5,1.5,1.5,0
2018-05-25,1.5,1.5,1.5,1.5,0
2018-05-28,1.5,1.5,1.5,1.5,0
2018-05-29,1.5,1.5,1.5,1.5,0
2018-05-30,1.5,1.5,1.5,1.5,0
2018-05-31,1.5,1.5,1.5,1.5,0
2018-06-01,1.5,1.5,1.5,1.5,0
2018-06-04,1.5,1.5,1.5,1.5,0
2018-06-05,1.5,1.5,1.5,1.5,0
2018-06-06,1.5,1.5,1.5,1.5,0
2018-06-07,1.5,1.5,1.5,1.5,0
2018-06-08,1.5,1.5,1.5,1.5,0
2018-06-11,1.5,1.5,1.5,1.5,0
2018-06-12,1.5,1.5,1.5,1.5,0
2018-06-13,1.5,1.5,1.5,1.5,0
2018-06-14,1.5,1.5,1.5,1.5,0
2018-06-15,1.5,1.5,1.5,1.5,0
2018-06-18,1.5,1.5,1.5,1.5,0
2018-06-19,1.5,1.5,1.5,1.5,0
2018-06-20,1.5,1.5,1.5,1.5,0
2018-06-21,1.5,1.5,1.5,1.5,0
2018-06-22,1.5,1.5,1.5,1.5,0
2018-06-25,1.5,1.5,1.5,1.5,0
2018-06-26,1.5,1.5,1.5,1.5,0
2018-06-27,1.5,1.5,1.5,1.5,0
2018-06-28,1.5,1.5,1.5,1.5,0
2018-06-29,1.5,1.5,1.5,1.5,0
2018-07-02,1.5,1.5,1.5,1.5,0
2018-07-03,1.5,1.5,1.5,1.5,0
2018-07-04,1.5,1.5,1.5,1.5,0
2018-07-05,1.5,1.5,1.5,1.5,0
2018-07-06,1.5,1.5,1.5,1.5,0
2018-07-09,1.5,1.5,1.5,1.5,0
2018-07-10,1.5,1.5,1.5,1.5,0
2018-07-11,1.5,1.5,1.5,1.5,0
2018-07-12,1.5,1.5,1.5,1.5,0
2018-07-13,1.5,1.5,1.5,1.5,0
2018-07-16,1.5,1.5,1.5,1.5,0
2018-07-17,1.5,1.5,1.5,1.5,0
2018-07-18,1.5,1.5,1.5,1.5,0
2018-07-19,1.5,1.5,1.5,1.5,0
2018-07-20,1.5,1.5,1.5,1.5,0
2018-07-23,1.5,1.5,1.5,1.5,0
2018-07-24,1.5,1.5,1.5,1.5,0
2018-07-25,1.5,1.5,1.5,1.5,0
2018-07-26,1.5,1.5,1.5,1.5,0
2018-07-27,1.5,1.5,1.5,1.5,0
2018-07-30,1.5,1.5,1.5,1.5,0
2018-07-31,1.5,1.5,1.5,1.5,0
2018-08-01,1.5,1.5,1.5,1.5,0
2018-08-02,1.5,1.5,1.5,1.5,0
2018-08-03,2.0,2.0,2.0,2.0,300
2018-08-06,2.0,2.0,2.0,2.0,0
2018-08-07,2.0,2.0,2.0,2.0,0
2018-08-08,2.3,2.3,2.3,2.3,100
2018-08-09,2.6,2.6,2.6,2.6,100
2018-08-10,2.9,2.9,2.9,2.9,100
2018-08-13,2.9,2.9,2.9,2.9,0
2018-08-14,2.9,2.9,2.9,2.9,0
2018-08-15,2.5,2.5,2.5,2.5,300
2018-08-16,2.5,2.5,2.5,2.5,0
2018-08-17,2.5,2.5,2.5,2.5,0
2018-08-20,2.8,2.8,2.8,2.8,300
2018-08-21,2.8,2.8,2.8,2.8,0
2018-08-22,2.8,2.8,2.8,2.8,0
2018-08-23,2.4,2.4,2.4,2.4,300
2018-08-24,2.4,2.4,2.4,2.4,0
2018-08-27,2.4,2.4,2.4,2.4,0
2018-08-28,2.7,2.7,2.7,2.7,100
2018-08-29,3.0,3.0,3.0,3.0,100
2018-08-30,3.3,3.3,3.3,3.3,120
2018-08-31,2.9,2.9,2.9,2.9,100
2018-09-04,2.9,2.9,2.9,2.9,100
2018-09-05,2.9,2.9,2.9,2.9,100
2018-09-06,3.2,3.2,2.5,2.5,1400
2018-09-07,2.9,2.9,2.9,2.9,100
2018-09-10,3.3,3.3,3.3,3.3,100
2018-09-11,3.3,3.3,3.3,3.3,0
2018-09-12,2.9,2.9,2.9,2.9,200
2018-09-13,2.9,2.9,2.9,2.9,0
2018-09-14,2.9,2.9,2.9,2.9,0
2018-09-17,3.3,3.3,2.5,2.5,300
2018-09-18,2.6,2.6,2.6,2.6,100
2018-09-19,2.3,2.3,2.3,2.3,200
2018-09-20,2.6,2.6,2.0,2.0,500
2018-09-21,1.8,2.4,1.8,2.4,300
2018-09-24,1.8,1.8,1.7,1.7,2000
2018-09-25,1.7,1.7,1.7,1.7,0
2018-09-26,1.9,1.9,1.6,1.9,400
2018-09-27,1.8,1.8,1.8,1.8,0
2018-09-28,1.8,1.8,1.8,1.8,0
2018-10-01,1.6,1.6,1.6,1.6,700
2018-10-02,1.7,1.7,1.7,1.7,100
2018-10-03,1.7,1.7,1.7,1.7,0
2018-10-04,1.7,1.7,1.7,1.7,0
2018-10-05,1.5,1.5,1.5,1.5,520
2018-10-08,1.5,1.5,1.5,1.5,0
2018-10-09,1.4,1.4,1.4,1.4,1000
2018-10-10,1.4,1.4,1.4,1.4,0
2018-10-11,1.4,1.4,1.4,1.4,0
2018-10-12,1.4,1.4,1.4,1.4,0
2018-10-15,1.2,1.2,1.2,1.2,500
2018-10-16,1.2,1.2,1.2,1.2,0
2018-10-17,1.2,1.2,1.2,1.2,0
2018-10-18,1.2,1.2,1.2,1.2,0
2018-10-19,1.2,1.2,1.2,1.2,0
2018-10-22,1.2,1.2,1.2,1.2,0
2018-10-23,1.2,1.2,1.2,1.2,0
2018-10-24,1.2,1.2,1.2,1.2,0
2018-10-25,1.2,1.2,1.2,1.2,0
2018-10-26,1.2,1.2,1.2,1.2,0
2018-10-29,1.2,1.2,1.2,1.2,0
2018-10-30,1.2,1.2,1.2,1.2,0
2018-10-31,1.2,1.2,1.2,1.2,0
2018-11-01,1.2,1.2,1.2,1.2,0
2018-11-02,1.2,1.2,1.2,1.2,0
2018-11-05,1.3,1.3,1.3,1.3,500
2018-11-06,1.3,1.3,1.3,1.3,0
2018-11-07,1.3,1.3,1.3,1.3,0
2018-11-08,1.3,1.3,1.3,1.3,0
2018-11-09,1.3,1.3,1.3,1.3,0
2018-11-12,1.3,1.3,1.3,1.3,0
2018-11-13,1.3,1.3,1.3,1.3,0
2018-11-14,1.2,1.2,1.2,1.2,200
2018-11-15,1.2,1.2,1.2,1.2,0
2018-11-16,1.1,1.1,1.1,1.1,100
2018-11-19,1.1,1.1,1.1,1.1,0
2018-11-20,1.1,1.1,1.1,1.1,0
2018-11-21,1.1,1.1,1.1,1.1,0
2018-11-22,1.1,1.1,1.1,1.1,0
2018-11-23,1.2,1.2,1.2,1.2,100
2018-11-26,1.2,1.2,1.2,1.2,0
2018-11-27,1.2,1.2,1.2,1.2,0
2018-11-28,1.2,1.2,1.2,1.2,0
2018-11-29,1.2,1.2,1.2,1.2,0
2018-11-30,1.2,1.2,1.2,1.2,0
2018-12-03,1.2,1.2,1.2,1.2,0
2018-12-04,1.2,1.2,1.2,1.2,200
2018-12-05,1.2,1.2,1.2,1.2,0
2018-12-06,1.2,1.2,1.2,1.2,0
2018-12-07,1.2,1.2,1.2,1.2,0
2018-12-10,1.2,1.2,1.2,1.2,0
2018-12-11,1.2,1.2,1.2,1.2,0
2018-12-12,1.2,1.2,1.2,1.2,0
2018-12-13,1.2,1.2,1.2,1.2,0
2018-12-14,1.2,1.2,1.2,1.2,0
2018-12-17,1.2,1.2,1.2,1.2,0
2018-12-18,1.2,1.2,1.2,1.2,0
2018-12-19,1.2,1.2,1.2,1.2,0
2018-12-20,1.2,1.2,1.2,1.2,0
2018-12-21,1.2,1.2,1.2,1.2,0
2018-12-24,1.1,1.1,1.1,1.1,100
2018-12-25,1.1,1.1,1.1,1.1,0
2018-12-26,1.1,1.1,1.1,1.1,0
2018-12-27,1.1,1.1,1.1,1.1,0
2018-12-28,1.1,1.1,1.1,1.1,0
2019-01-02,1.1,1.1,1.1,1.1,0
2019-01-03,1.1,1.1,1.1,1.1,0
2019-01-04,1.1,1.1,1.1,1.1,0
2019-01-07,1.1,1.1,1.1,1.1,0
2019-01-08,1.1,1.1,1.1,1.1,0
2019-01-09,1.1,1.1,1.1,1.1,0
2019-01-10,1.1,1.1,1.1,1.1,0
2019-01-11,1.1,1.1,1.1,1.1,0
2019-01-14,1.1,1.1,1.1,1.1,0
2019-01-15,1.1,1.1,1.1,1.1,0
2019-01-16,1.1,1.1,1.1,1.1,0
2019-01-17,1.1,1.1,1.1,1.1,0
2019-01-18,1.1,1.1,1.1,1.1,0
2019-01-21,1.1,1.1,1.1,1.1,0
2019-01-22,1.1,1.1,1.1,1.1,0
2019-01-23,1.1,1.1,1.1,1.1,0
2019-01-24,1.1,1.1,1.1,1.1,0
2019-01-25,1.1,1.1,1.1,1.1,0
2019-01-28,1.1,1.1,1.1,1.1,0
2019-01-29,1.1,1.1,1.1,1.1,0
2019-01-30,1.1,1.1,1.1,1.1,0
2019-01-31,1.1,1.1,1.1,1.1,0
2019-02-01,1.1,1.1,1.1,1.1,0
2019-02-11,1.1,1.1,1.1,1.1,0
2019-02-12,1.1,1.1,1.1,1.1,0
2019-02-13,1.1,1.1,1.1,1.1,0
2019-02-14,1.1,1.1,1.1,1.1,0
2019-02-15,1.1,1.1,1.1,1.1,0
2019-02-18,1.1,1.1,1.1,1.1,0
2019-02-19,1.1,1.1,1.1,1.1,0
2019-02-20,1.1,1.1,1.1,1.1,0
2019-02-21,1.1,1.1,1.1,1.1,0
2019-02-22,1.1,1.1,1.1,1.1,0
2019-02-25,1.1,1.1,1.1,1.1,0
2019-02-26,1.1,1.1,1.1,1.1,0
2019-02-27,1.1,1.1,1.1,1.1,0
2019-02-28,1.1,1.1,1.1,1.1,0
2019-03-01,1.1,1.1,1.1,1.1,0
2019-03-04,0.7,0.7,0.7,0.7,300
2019-03-05,0.7,0.7,0.7,0.7,0
2019-03-06,0.7,0.7,0.7,0.7,0
2019-03-07,0.7,0.7,0.7,0.7,0
2019-03-08,0.8,0.8,0.8,0.8,1200
2019-03-11,0.8,0.8,0.8,0.8,0
2019-03-12,0.8,0.8,0.8,0.8,0
2019-03-13,0.8,0.8,0.8,0.8,0
2019-03-14,0.8,0.8,0.8,0.8,0
2019-03-15,0.8,0.8,0.8,0.8,0
2019-03-18,0.8,0.8,0.8,0.8,0
2019-03-19,0.8,0.8,0.8,0.8,0
2019-03-20,0.8,0.8,0.8,0.8,800
2019-03-21,0.8,0.8,0.8,0.8,0
2019-03-22,0.8,0.8,0.8,0.8,0
2019-03-25,0.8,0.8,0.8,0.8,0
2019-03-26,0.8,0.8,0.8,0.8,0
2019-03-27,0.8,0.8,0.8,0.8,0
2019-03-28,0.8,0.8,0.8,0.8,0
2019-03-29,0.8,0.8,0.8,0.8,0
2019-04-01,0.8,0.8,0.8,0.8,0
2019-04-02,0.8,0.8,0.8,0.8,0
2019-04-03,0.9,0.9,0.9,0.9,100
2019-04-04,0.9,0.9,0.9,0.9,0
2019-04-05,0.9,0.9,0.9,0.9,0
2019-04-08,0.9,0.9,0.9,0.9,0
2019-04-09,0.9,0.9,0.9,0.9,0
2019-04-10,0.9,0.9,0.9,0.9,0
2019-04-11,0.9,0.9,0.9,0.9,0
2019-04-12,0.9,0.9,0.9,0.9,0
2019-04-16,0.9,0.9,0.9,0.9,0
2019-04-17,0.9,0.9,0.9,0.9,0
2019-04-18,0.9,0.9,0.9,0.9,0
2019-04-19,0.9,0.9,0.9,0.9,0
2019-04-22,0.9,0.9,0.9,0.9,0
2019-04-23,0.9,0.9,0.9,0.9,0
2019-04-24,0.9,0.9,0.9,0.9,0
2019-04-25,0.9,0.9,0.9,0.9,0
2019-04-26,0.9,0.9,0.9,0.9,0
2019-05-02,0.9,0.9,0.9,0.9,0
2019-05-03,0.9,0.9,0.9,0.9,0
2019-05-06,0.9,0.9,0.9,0.9,0
2019-05-07,0.9,0.9,0.9,0.9,0
2019-05-08,0.9,0.9,0.9,0.9,0
2019-05-09,0.9,0.9,0.9,0.9,0
2019-05-10,0.9,0.9,0.9,0.9,0
2019-05-13,0.9,0.9,0.9,0.9,0
2019-05-14,0.9,0.9,0.9,0.9,0
2019-05-15,0.9,0.9,0.9,0.9,0
2019-05-16,0.9,0.9,0.9,0.9,0
2019-05-17,0.9,0.9,0.9,0.9,0
2019-05-20,0.9,0.9,0.9,0.9,0
2019-05-21,0.9,0.9,0.9,0.9,0
2019-05-22,0.9,0.9,0.9,0.9,0
2019-05-23,0.9,0.9,0.9,0.9,0
2019-05-24,0.9,0.9,0.9,0.9,0
2019-05-27,0.6,1.2,0.6,1.2,200
2019-05-28,0.9,1.2,1.2,1.2,0
2019-05-29,0.9,1.2,1.2,1.2,0
2019-05-30,0.9,1.2,1.2,1.2,0
2019-05-31,0.9,1.2,1.2,1.2,0
2019-06-03,0.9,1.2,1.2,1.2,0
2019-06-04,0.8,0.8,0.8,0.8,200
2019-06-05,0.8,0.8,0.8,0.8,0
2019-06-06,0.8,0.8,0.8,0.8,0
2019-06-07,0.8,0.8,0.8,0.8,0
2019-06-10,0.8,0.8,0.8,0.8,0
2019-06-11,0.8,0.8,0.8,0.8,0
2019-06-12,0.8,0.8,0.8,0.8,0
2019-06-13,0.8,0.8,0.8,0.8,0
2019-06-14,0.8,0.8,0.8,0.8,0
2019-06-17,0.8,0.8,0.8,0.8,0
2019-06-18,0.8,0.8,0.8,0.8,0
2019-06-19,0.7,0.7,0.7,0.7,300
2019-06-20,0.7,0.7,0.7,0.7,0
2019-06-21,0.7,0.7,0.7,0.7,0
2019-06-24,0.6,0.6,0.6,0.6,1200
2019-06-25,0.6,0.6,0.6,0.6,0
2019-06-26,0.5,0.5,0.5,0.5,100
2019-06-27,0.5,0.5,0.5,0.5,3800
2019-06-28,0.4,0.4,0.4,0.4,100
2019-07-01,0.4,0.4,0.4,0.4,0
2019-07-02,0.5,0.5,0.5,0.5,100
2019-07-03,0.6,0.6,0.6,0.6,100
2019-07-04,0.7,0.7,0.7,0.6,100
2019-07-05,0.8,0.8,0.8,0.8,1300
2019-07-08,0.9,0.9,0.9,0.9,100
2019-07-09,1.0,1.0,1.0,1.0,100
2019-07-10,1.1,1.1,1.1,1.1,100
2019-07-11,1.2,1.2,1.2,1.2,3100
2019-07-12,1.2,1.2,1.2,1.2,0
2019-07-15,1.3,1.3,1.3,1.3,100
2019-07-16,1.4,1.4,1.4,1.4,200
2019-07-17,1.6,1.6,1.6,1.6,100
2019-07-18,1.8,1.8,1.8,1.8,100
2019-07-19,2.0,2.0,2.0,2.0,1700
2019-07-22,2.3,2.3,2.3,2.3,100
2019-07-23,2.6,2.6,2.6,2.6,300
2019-07-24,2.9,2.9,2.9,2.9,600
2019-07-25,3.3,3.3,3.3,3.3,7100
2019-07-26,3.7,3.7,3.7,3.7,1900
2019-07-29,4.2,4.2,4.2,4.2,500
2019-07-30,4.8,4.8,4.8,4.8,100
2019-07-31,5.5,5.5,5.5,5.5,2400
2019-08-01,6.3,6.3,6.3,6.3,5600
2019-08-02,7.2,7.2,7.2,7.2,1600
2019-08-05,8.2,8.2,8.2,8.2,1790
2019-08-06,9.4,9.4,9.4,9.4,8040
2019-08-07,9.4,9.4,8.7,8.7,1800
2019-08-08,7.8,7.8,7.8,7.8,6700
2019-08-09,6.7,6.7,6.7,6.7,500
2019-08-12,5.7,5.7,5.7,5.7,3700
2019-08-13,4.9,4.9,4.9,4.9,500
2019-08-14,5.6,5.6,4.2,4.2,1400
2019-08-15,3.8,3.8,3.8,3.8,1000
2019-08-16,3.3,3.3,3.3,3.3,400
2019-08-19,2.9,2.9,2.9,2.9,600
2019-08-20,3.3,3.3,2.5,3.3,3910
2019-08-21,3.3,3.3,3.3,3.3,610
2019-08-22,3.7,3.7,3.7,3.7,800
2019-08-23,4.0,4.2,4.0,4.2,320
2019-08-26,4.1,4.1,4.1,4.1,600
2019-08-27,3.5,3.5,3.5,3.5,700
2019-08-28,3.0,3.0,3.0,3.0,2000
2019-08-29,2.6,2.6,2.6,2.6,500
2019-08-30,2.6,2.9,2.3,2.9,3900
2019-09-03,2.6,2.6,2.3,2.3,1700
2019-09-04,2.3,2.3,2.3,2.3,0
2019-09-05,2.6,2.6,2.0,2.6,1500
2019-09-06,2.5,2.5,2.5,2.5,100
2019-09-09,2.2,2.2,2.2,2.2,310
2019-09-10,2.5,2.5,2.5,2.5,1100
2019-09-11,2.8,2.8,2.8,2.8,1100
2019-09-12,3.2,3.2,3.2,3.2,300
2019-09-13,3.6,3.6,3.6,3.6,100
2019-09-16,3.1,3.1,3.1,3.1,1000
2019-09-17,2.7,2.7,2.7,2.7,2100
2019-09-18,2.4,2.4,2.4,2.4,190
2019-09-19,2.7,2.7,2.7,2.7,500
2019-09-20,2.7,2.7,2.7,2.7,0
2019-09-23,2.9,2.9,2.9,2.9,100
2019-09-24,3.0,3.0,2.6,2.6,2700
2019-09-25,2.9,2.6,2.6,2.6,0
2019-09-26,3.3,3.3,3.3,3.3,100
2019-09-27,3.5,3.5,2.9,2.9,200
2019-09-30,3.2,2.9,2.9,2.9,0
2019-10-01,3.5,3.5,3.5,3.5,100
2019-10-02,3.0,3.0,3.0,3.0,100
2019-10-03,2.6,2.6,2.6,2.6,200
2019-10-04,2.6,2.6,2.6,2.6,0
2019-10-07,2.6,2.6,2.6,2.6,0
2019-10-08,2.6,2.6,2.6,2.6,0
2019-10-09,2.3,2.3,2.3,2.3,2340
2019-10-10,2.3,2.3,2.3,2.3,200
2019-10-11,2.3,2.3,2.3,2.3,0
2019-10-14,2.3,2.3,2.3,2.3,0
2019-10-15,2.1,2.1,2.1,2.1,500
2019-10-16,2.1,2.1,2.1,2.1,500
2019-10-17,2.1,2.1,2.1,2.1,900
2019-10-18,2.4,2.4,2.4,2.4,100
2019-10-21,2.7,2.7,2.7,2.7,100
2019-10-22,2.7,2.7,2.7,2.7,0
2019-10-23,2.7,2.7,2.7,2.7,0
2019-10-24,2.7,2.7,2.7,2.7,0
2019-10-25,2.5,3.1,2.5,3.1,1300
2019-10-28,2.9,3.1,3.1,3.1,0
2019-10-29,3.3,3.3,2.5,2.5,2520
2019-10-30,3.7,3.7,3.7,3.7,300
2019-10-31,4.1,4.1,4.1,3.7,100
2019-11-01,4.7,4.7,4.7,4.7,2300
2019-11-04,4.7,4.7,4.7,4.7,0
2019-11-05,4.0,4.0,4.0,4.0,100
2019-11-06,3.4,3.4,3.4,3.4,100
2019-11-07,3.4,3.4,3.4,3.4,0
2019-11-08,3.4,3.4,3.4,3.4,0
2019-11-11,3.9,3.9,3.9,3.9,100
2019-11-12,3.9,3.9,3.9,3.9,0
2019-11-13,3.9,3.9,3.9,3.9,0
2019-11-14,3.9,3.9,3.9,3.9,0
2019-11-15,3.9,3.9,3.9,3.9,0
2019-11-18,3.6,3.6,3.6,3.6,300
2019-11-19,3.6,3.6,3.6,3.6,0
2019-11-20,3.6,3.6,3.6,3.6,0
2019-11-21,3.1,3.1,3.1,3.1,200
2019-11-22,3.1,3.1,3.1,3.1,0
2019-11-25,3.1,3.1,3.1,3.1,0
2019-11-26,3.1,3.1,3.1,3.1,0
2019-11-27,3.1,3.1,3.1,3.1,0
2019-11-28,3.1,3.1,3.1,3.1,0
2019-11-29,3.1,3.1,3.1,3.1,0
2019-12-02,3.1,3.1,3.1,3.1,0
2019-12-03,3.1,3.1,3.1,3.1,0
2019-12-04,3.1,3.1,3.1,3.1,0
2019-12-05,3.5,3.5,3.5,3.5,100
2019-12-06,3.5,3.5,3.5,3.5,0
2019-12-09,3.0,3.0,3.0,3.0,100
2019-12-10,3.0,3.0,3.0,3.0,0
2019-12-11,2.6,2.6,2.6,2.6,200
2019-12-12,2.6,2.6,2.3,2.3,4300
2019-12-13,2.4,2.3,2.3,2.3,0
2019-12-16,2.4,2.3,2.3,2.3,0
2019-12-17,2.7,2.7,2.6,2.6,5000
2019-12-18,2.9,2.9,2.9,2.9,230
2019-12-19,3.3,3.3,3.3,3.3,100
2019-12-20,3.3,3.3,3.3,3.3,0
2019-12-23,3.7,3.7,3.7,3.7,100
2019-12-24,4.2,4.2,4.2,4.2,100
2019-12-25,4.2,4.2,4.2,4.2,0
2019-12-26,4.8,4.8,4.8,4.8,100
2019-12-27,5.0,5.0,5.0,5.0,2500
2019-12-30,5.1,5.1,4.3,4.3,4600
2019-12-31,4.4,4.4,4.4,4.4,100
2020-01-02,3.8,3.8,3.8,3.8,100
2020-01-03,3.3,3.3,3.3,3.3,200
2020-01-06,3.3,3.3,3.3,3.3,0
2020-01-07,3.3,3.3,3.3,3.3,0
2020-01-08,3.3,3.3,3.3,3.3,0
2020-01-09,3.3,3.3,3.3,3.3,0
2020-01-10,3.3,3.3,3.3,3.3,0
2020-01-13,2.9,2.9,2.9,2.9,100
2020-01-14,2.9,2.9,2.9,2.9,0
2020-01-15,2.9,2.9,2.9,2.9,0
2020-01-16,2.5,2.5,2.5,2.5,100
2020-01-17,2.5,2.5,2.5,2.5,0
2020-01-20,2.5,2.5,2.5,2.5,0
2020-01-21,2.5,2.5,2.5,2.5,0
2020-01-22,2.5,2.5,2.5,2.5,0
2020-01-30,2.5,2.5,2.5,2.5,0
2020-01-31,2.2,2.2,2.2,2.2,1530
2020-02-03,2.2,2.2,2.2,2.2,0
2020-02-04,2.2,2.2,2.2,2.2,0
2020-02-05,2.2,2.2,2.2,2.2,0
2020-02-06,2.2,2.2,2.2,2.2,0
2020-02-07,2.2,2.2,2.2,2.2,0
2020-02-10,2.0,2.0,2.0,2.0,200
2020-02-11,2.0,2.0,2.0,2.0,300
2020-02-12,2.0,2.0,2.0,2.0,0
2020-02-13,2.0,2.0,2.0,2.0,0
2020-02-14,2.0,2.0,2.0,2.0,200
2020-02-17,2.0,2.0,2.0,2.0,0
2020-02-18,2.0,2.0,2.0,2.0,0
2020-02-19,2.0,2.0,2.0,2.0,0
2020-02-20,2.0,2.0,2.0,2.0,0
2020-02-21,2.0,2.0,2.0,2.0,0
2020-02-24,2.0,2.0,2.0,2.0,0
2020-02-25,2.0,2.0,2.0,2.0,0
2020-02-26,2.0,2.0,2.0,2.0,600
2020-02-27,2.0,2.0,1.7,1.7,500
2020-02-28,1.8,1.7,1.7,1.7,0
2020-03-02,2.0,2.0,2.0,2.0,600
2020-03-03,2.0,2.0,2.0,2.0,0
2020-03-04,2.0,2.0,2.0,2.0,0
2020-03-05,2.0,2.0,2.0,2.0,0
2020-03-06,2.0,2.0,2.0,2.0,0
2020-03-09,1.8,1.8,1.8,1.8,500
2020-03-10,1.8,1.8,1.8,1.8,0
2020-03-11,1.7,1.7,1.6,1.6,1000
2020-03-12,1.7,1.6,1.6,1.6,0
2020-03-13,1.7,1.6,1.6,1.6,0
2020-03-16,1.7,1.6,1.6,1.6,0
2020-03-17,1.9,1.9,1.9,1.9,500
2020-03-18,2.1,2.1,1.8,1.8,2100
2020-03-19,2.1,2.1,2.1,2.1,300
2020-03-20,2.4,2.4,1.9,2.2,2600
2020-03-23,2.3,2.3,2.3,2.3,700
2020-03-24,2.6,2.6,2.6,2.6,500
2020-03-25,2.9,2.9,2.9,2.9,1000
2020-03-26,3.3,3.3,3.3,3.3,1400
2020-03-27,3.7,3.7,3.7,3.7,200
2020-03-30,4.2,4.2,4.1,4.1,300
2020-03-31,4.7,4.7,4.7,4.7,270
2020-04-01,5.1,5.2,5.1,5.2,2700
2020-04-03,5.2,5.2,5.2,5.2,0
2020-04-06,4.5,4.5,4.5,4.5,1000
2020-04-07,3.9,3.9,3.9,3.9,1500
2020-04-08,4.4,4.4,3.4,3.4,300
2020-04-09,3.2,3.2,3.2,3.2,2000
2020-04-10,3.0,3.0,3.0,3.0,1000
2020-04-13,3.0,3.0,3.0,3.0,0
2020-04-14,3.0,3.0,3.0,3.0,0
2020-04-15,3.0,3.0,3.0,3.0,0
2020-04-16,3.0,3.0,3.0,3.0,0
2020-04-17,3.0,3.0,3.0,3.0,0
2020-04-20,3.0,3.0,3.0,3.0,0
2020-04-21,3.0,3.0,3.0,3.0,0
2020-04-22,3.0,3.0,3.0,3.0,0
2020-04-23,3.0,3.0,3.0,3.0,0
2020-04-24,3.0,3.0,3.0,3.0,0
2020-04-27,3.0,3.0,3.0,3.0,0
2020-04-28,3.0,3.0,3.0,3.0,0
2020-04-29,3.0,3.0,3.0,3.0,0
2020-05-04,3.0,3.0,3.0,3.0,0
2020-05-05,3.0,3.0,3.0,3.0,0
2020-05-06,3.0,3.0,3.0,3.0,0
2020-05-07,3.0,3.0,3.0,3.0,0
2020-05-08,3.0,3.0,3.0,3.0,0
2020-05-11,3.0,3.0,3.0,3.0,0
2020-05-12,3.0,3.0,3.0,3.0,0
2020-05-13,3.0,3.0,3.0,3.0,0
2020-05-14,3.0,3.0,3.0,3.0,0
2020-05-15,2.6,2.6,2.6,2.6,200
2020-05-18,2.6,2.6,2.6,2.6,0
2020-05-19,2.6,2.6,2.6,2.6,0
2020-05-20,2.6,2.6,2.6,2.6,0
2020-05-21,2.6,2.6,2.6,2.6,0
2020-05-22,2.3,2.3,2.3,2.3,1000
2020-05-25,2.3,2.3,2.3,2.3,0
2020-05-26,2.3,2.3,2.3,2.3,0
2020-05-27,2.3,2.3,2.3,2.3,0
2020-05-28,2.3,2.3,2.3,2.3,0
2020-05-29,2.0,2.0,2.0,2.0,1000
2020-06-01,2.0,2.0,2.0,2.0,0
2020-06-02,2.0,2.0,2.0,2.0,0
2020-06-03,2.0,2.0,2.0,2.0,0
2020-06-04,2.0,2.0,2.0,2.0,0
2020-06-05,1.7,1.7,1.7,1.7,3250
2020-06-08,1.7,1.7,1.7,1.7,0
2020-06-09,1.7,1.7,1.7,1.7,0
2020-06-10,1.7,1.7,1.7,1.7,0
2020-06-11,1.7,1.7,1.7,1.7,0
2020-06-12,1.7,1.7,1.7,1.7,0
2020-06-15,1.7,1.7,1.7,1.7,0
2020-06-16,1.7,1.7,1.7,1.7,0
2020-06-17,1.7,1.7,1.7,1.7,0
2020-06-18,1.7,1.7,1.7,1.7,0
2020-06-19,1.5,1.7,1.5,1.7,2000
2020-06-22,1.6,1.7,1.7,1.7,0
2020-06-23,1.6,1.7,1.7,1.7,0
2020-06-24,1.6,1.7,1.7,1.7,0
2020-06-25,1.6,1.7,1.7,1.7,0
2020-06-26,1.6,1.7,1.7,1.7,0
2020-06-29,1.6,1.7,1.7,1.7,0
2020-06-30,1.6,1.7,1.7,1.7,0
2020-07-01,1.6,1.7,1.7,1.7,0
2020-07-02,1.6,1.7,1.7,1.7,0
2020-07-03,1.6,1.8,1.6,1.8,15100
2020-07-06,1.7,1.8,1.8,1.8,0
2020-07-07,1.7,1.8,1.8,1.8,0
2020-07-08,1.7,1.8,1.8,1.8,0
2020-07-09,1.7,1.8,1.8,1.8,0
2020-07-10,1.8,1.8,1.8,1.8,3000
2020-07-13,1.8,1.8,1.8,1.8,0
2020-07-14,1.8,1.8,1.8,1.8,0
2020-07-15,1.8,1.8,1.8,1.8,0
2020-07-16,1.8,1.8,1.8,1.8,0
2020-07-17,1.8,2.0,1.8,2.0,3100
2020-07-20,1.8,2.0,2.0,2.0,0
2020-07-21,1.8,2.0,2.0,2.0,0
2020-07-22,1.8,2.0,2.0,2.0,0
2020-07-23,1.8,2.0,2.0,2.0,0
2020-07-24,1.8,2.0,2.0,2.0,0
2020-07-27,1.8,2.0,2.0,2.0,0
2020-07-28,1.8,2.0,2.0,2.0,0
2020-07-29,1.8,2.0,2.0,2.0,0
2020-07-30,1.8,2.0,2.0,2.0,0
2020-07-31,1.8,2.0,2.0,2.0,0
2020-08-03,1.8,2.0,2.0,2.0,0
2020-08-04,1.8,2.0,2.0,2.0,0
2020-08-05,1.8,2.0,2.0,2.0,0
2020-08-06,1.8,2.0,2.0,2.0,0
2020-08-07,1.8,2.0,2.0,2.0,0
2020-08-10,1.8,2.0,2.0,2.0,0
2020-08-11,1.8,2.0,2.0,2.0,0
2020-08-12,1.8,2.0,2.0,2.0,0
2020-08-13,1.8,2.0,2.0,2.0,0
2020-08-14,1.8,2.0,2.0,2.0,0
2020-08-17,1.8,2.0,2.0,2.0,0
2020-08-18,1.8,2.0,2.0,2.0,0
2020-08-19,1.8,2.0,2.0,2.0,0
2020-08-20,1.8,2.0,2.0,2.0,0
2020-08-21,1.8,2.0,1.8,2.0,29100
2020-08-24,1.8,2.0,2.0,2.0,0
2020-08-25,1.8,2.0,2.0,2.0,0
2020-08-26,1.8,2.0,2.0,2.0,0
2020-08-27,1.8,2.0,2.0,2.0,0
2020-08-28,1.8,1.8,1.8,2.0,1
2020-08-31,1.8,2.0,2.0,2.0,0
2020-09-01,1.8,2.0,2.0,2.0,0
2020-09-03,1.8,2.0,2.0,2.0,0
2020-09-04,1.8,1.8,1.8,2.0,1
2020-09-07,1.8,2.0,2.0,2.0,0
2020-09-08,1.8,2.0,2.0,2.0,0
2020-09-09,1.8,2.0,2.0,2.0,0
2020-09-10,1.8,2.0,2.0,2.0,0
2020-09-11,1.8,1.8,1.8,1.8,100
2020-09-14,1.8,1.8,1.8,1.8,0
2020-09-15,1.8,1.8,1.8,1.8,0
2020-09-16,1.8,1.8,1.8,1.8,0
2020-09-17,1.8,1.8,1.8,1.8,0
2020-09-18,1.8,1.8,1.8,1.8,0
2020-09-21,1.8,1.8,1.8,1.8,0
2020-09-22,1.8,1.8,1.8,1.8,0
2020-09-23,1.8,1.8,1.8,1.8,0
2020-09-24,1.8,1.8,1.8,1.8,0
2020-09-25,1.8,1.8,1.8,1.8,0
2020-09-28,1.8,1.8,1.8,1.8,0
2020-09-29,1.8,1.8,1.8,1.8,0
2020-09-30,1.8,1.8,1.8,1.8,0
2020-10-01,1.8,1.8,1.8,1.8,0
2020-10-02,1.7,1.7,1.7,1.7,1000
2020-10-05,1.7,1.7,1.7,1.7,0
2020-10-06,1.7,1.7,1.7,1.7,0
2020-10-07,1.7,1.7,1.7,1.7,0
2020-10-08,1.7,1.7,1.7,1.7,0
2020-10-09,1.7,1.7,1.7,1.7,0
2020-10-12,1.7,1.7,1.7,1.7,0
2020-10-13,1.7,1.7,1.7,1.7,0
2020-10-14,1.7,1.7,1.7,1.7,0
2020-10-15,1.7,1.7,1.7,1.7,0
2020-10-16,1.7,1.7,1.7,1.7,800
2020-10-19,1.7,1.7,1.7,1.7,0
2020-10-20,1.7,1.7,1.7,1.7,0
2020-10-21,1.7,1.7,1.7,1.7,0
2020-10-22,1.7,1.7,1.7,1.7,0
2020-10-23,1.7,1.7,1.7,1.7,1800
2020-10-26,1.7,1.7,1.7,1.7,0
2020-10-27,1.7,1.7,1.7,1.7,0
2020-10-28,1.7,1.7,1.7,1.7,0
2020-10-29,1.7,1.7,1.7,1.7,0
2020-10-30,1.8,1.9,1.7,1.7,2800
2020-11-02,1.7,1.7,1.7,1.7,0
2020-11-03,1.7,1.7,1.7,1.7,0
2020-11-04,1.7,1.7,1.7,1.7,0
2020-11-05,1.7,1.7,1.7,1.7,0
2020-11-06,1.8,1.8,1.8,1.8,2000
2020-11-09,1.8,1.8,1.8,1.8,0
2020-11-10,1.8,1.8,1.8,1.8,0
2020-11-11,1.8,1.8,1.8,1.8,0
2020-11-12,1.8,1.8,1.8,1.8,0
2020-11-13,2.0,2.0,2.0,2.0,100
2020-11-16,2.0,2.0,2.0,2.0,0
2020-11-17,2.0,2.0,2.0,2.0,0
2020-11-18,2.0,2.0,2.0,2.0,0
2020-11-19,2.0,2.0,2.0,2.0,0
2020-11-20,2.0,2.0,2.0,2.0,0
2020-11-23,2.0,2.0,2.0,2.0,0
2020-11-24,2.0,2.0,2.0,2.0,0
2020-11-25,2.0,2.0,2.0,2.0,0
2020-11-26,2.0,2.0,2.0,2.0,0
2020-11-27,2.0,2.1,2.0,2.1,1100
2020-11-30,2.0,2.1,2.1,2.1,0
2020-12-01,2.0,2.1,2.1,2.1,0
2020-12-02,2.0,2.1,2.1,2.1,0
2020-12-03,2.0,2.1,2.1,2.1,0
2020-12-04,2.0,2.1,2.1,2.1,0
2020-12-07,2.0,2.1,2.1,2.1,0
2020-12-08,2.0,2.1,2.1,2.1,0
2020-12-09,2.0,2.1,2.1,2.1,0
2020-12-10,2.0,2.1,2.1,2.1,0
2020-12-11,2.0,2.1,2.1,2.1,0
2020-12-14,2.0,2.1,2.1,2.1,0
2020-12-15,2.0,2.1,2.1,2.1,0
2020-12-16,2.0,2.1,2.1,2.1,0
2020-12-17,2.0,2.1,2.1,2.1,0
2020-12-18,2.2,2.2,2.2,2.2,2000
2020-12-21,2.2,2.2,2.2,2.2,0
2020-12-22,2.2,2.2,2.2,2.2,0
2020-12-23,2.2,2.2,2.2,2.2,0
2020-12-24,2.2,2.2,2.2,2.2,0
2020-12-25,2.4,2.5,2.4,2.5,2000
2020-12-28,2.5,2.5,2.5,2.5,0
2020-12-29,2.5,2.5,2.5,2.5,0
2020-12-30,2.5,2.5,2.5,2.5,0
2020-12-31,2.5,2.5,2.5,2.5,0
2021-01-04,2.5,2.5,2.5,2.5,0
2021-01-05,2.5,2.5,2.5,2.5,0
2021-01-06,2.5,2.5,2.5,2.5,0
2021-01-07,2.5,2.5,2.5,2.5,0
2021-01-08,2.8,2.8,2.8,2.8,100
2021-01-11,2.8,2.8,2.8,2.8,0
2021-01-12,2.8,2.8,2.8,2.8,0
2021-01-13,2.8,2.8,2.8,2.8,0
2021-01-14,2.8,2.8,2.8,2.8,0
2021-01-15,3.1,3.1,3.1,3.1,600
2021-01-18,3.1,3.1,3.1,3.1,0
2021-01-19,3.1,3.1,3.1,3.1,0
2021-01-20,3.1,3.1,3.1,3.1,0
2021-01-21,3.1,3.1,3.1,3.1,0
2021-01-22,3.1,3.1,3.1,3.1,0
2021-01-25,3.1,3.1,3.1,3.1,0
2021-01-26,3.1,3.1,3.1,3.1,0
2021-01-27,3.1,3.1,3.1,3.1,0
2021-01-28,3.1,3.1,3.1,3.1,0
2021-01-29,3.1,3.1,3.1,3.1,1100
2021-02-01,3.1,3.1,3.1,3.1,0
2021-02-02,3.1,3.1,3.1,3.1,0
2021-02-03,3.1,3.1,3.1,3.1,0
2021-02-04,3.1,3.1,3.1,3.1,0
2021-02-05,3.1,3.1,3.1,3.1,1110
2021-02-08,3.1,3.1,3.1,3.1,0
2021-02-09,3.1,3.1,3.1,3.1,0
2021-02-17,3.1,3.1,3.1,3.1,0
2021-02-18,3.1,3.1,3.1,3.1,0
2021-02-19,3.1,3.1,3.1,3.1,0
2021-02-22,3.1,3.1,3.1,3.1,0
2021-02-23,3.1,3.1,3.1,3.1,0
2021-02-24,3.1,3.1,3.1,3.1,0
2021-02-25,3.1,3.1,3.1,3.1,0
2021-02-26,2.7,2.7,2.7,2.7,100
2021-03-01,2.7,2.7,2.7,2.7,0
2021-03-02,2.7,2.7,2.7,2.7,0
2021-03-03,2.7,2.7,2.7,2.7,0
2021-03-04,2.7,2.7,2.7,2.7,0
2021-03-05,2.7,2.7,2.7,2.7,90
2021-03-08,2.7,2.7,2.7,2.7,0
2021-03-09,2.7,2.7,2.7,2.7,0
2021-03-10,2.7,2.7,2.7,2.7,0
2021-03-11,2.7,2.7,2.7,2.7,0
2021-03-12,2.9,2.9,2.9,2.9,1200
2021-03-15,2.9,2.9,2.9,2.9,0
2021-03-16,2.9,2.9,2.9,2.9,0
2021-03-17,2.9,2.9,2.9,2.9,0
2021-03-18,2.9,2.9,2.9,2.9,0
2021-03-19,3.0,3.1,2.5,2.5,300
2021-03-22,2.9,2.5,2.5,2.5,0
2021-03-23,2.9,2.5,2.5,2.5,0
2021-03-24,2.9,2.5,2.5,2.5,0
2021-03-25,2.9,2.5,2.5,2.5,0
2021-03-26,3.0,3.0,3.0,3.0,4500
2021-03-29,3.0,3.0,3.0,3.0,0
2021-03-30,3.0,3.0,3.0,3.0,0
2021-03-31,3.0,3.0,3.0,3.0,0
2021-04-01,3.0,3.0,3.0,3.0,0
2021-04-02,3.0,3.0,3.0,3.0,200
2021-04-05,3.0,3.0,3.0,3.0,0
2021-04-06,3.0,3.0,3.0,3.0,0
2021-04-07,3.0,3.0,3.0,3.0,0
2021-04-08,3.0,3.0,3.0,3.0,0
2021-04-09,3.4,3.4,3.0,3.4,7420
2021-04-12,3.4,3.9,3.4,3.9,4248
2021-04-13,4.0,4.2,4.0,4.2,400
2021-04-14,4.6,4.8,4.6,4.8,2100
2021-04-15,5.5,5.5,5.5,5.5,4200
2021-04-16,6.3,6.3,6.3,6.3,8600
2021-04-19,7.2,7.2,5.4,6.3,5400
2021-04-20,5.1,5.3,5.1,5.2,5830
2021-04-22,5.9,5.9,5.8,5.8,401
2021-04-23,5.1,5.1,5.1,5.1,200
2021-04-26,5.7,5.7,5.1,5.1,200
2021-04-27,4.6,4.6,4.6,4.6,4710
2021-04-28,4.6,5.2,4.0,4.8,7110
2021-04-29,5.1,5.1,3.9,5.0,800
2021-05-04,5.2,5.2,5.2,5.2,100
2021-05-05,5.2,5.2,4.5,4.5,3110
2021-05-06,5.0,5.0,5.0,5.0,100
2021-05-07,4.7,4.7,4.7,4.7,1110
2021-05-10,5.4,5.4,5.4,5.4,100
2021-05-11,5.4,5.4,5.4,5.4,0
2021-05-12,5.4,5.7,5.4,5.7,500
2021-05-13,5.6,5.6,5.6,5.6,100
2021-05-14,5.6,5.6,5.6,5.6,0
2021-05-17,5.6,5.6,5.6,5.6,100
2021-05-18,5.5,5.5,5.5,5.5,100
2021-05-19,5.4,5.5,5.4,5.5,5000
2021-05-20,5.5,5.5,5.5,5.5,0
2021-05-21,5.5,5.5,5.5,5.5,0
2021-05-24,4.7,4.9,4.7,4.9,1200
2021-05-25,4.0,5.0,4.0,4.9,2700
2021-05-26,5.1,5.1,5.1,5.1,100
2021-05-27,4.4,4.4,4.4,4.4,100
2021-05-28,4.4,4.8,4.4,4.4,900
2021-05-31,4.8,4.8,4.8,4.8,100
2021-06-01,4.8,4.8,4.8,4.8,0
2021-06-02,5.5,5.5,4.9,4.9,300
2021-06-03,4.4,4.4,4.4,4.4,500
2021-06-04,3.9,4.5,3.9,4.5,300
2021-06-07,4.8,4.8,4.8,4.8,300
2021-06-08,4.2,4.2,4.1,4.1,1200
2021-06-09,4.4,4.4,4.4,4.4,200
2021-06-10,5.0,5.0,4.0,4.0,2800
2021-06-11,4.5,4.5,4.5,4.5,2000
2021-06-14,4.4,4.4,4.3,4.3,200
2021-06-15,4.4,4.4,4.3,4.3,400
2021-06-16,4.3,4.3,3.8,4.3,2400
2021-06-17,3.7,3.7,3.5,3.5,3506
2021-06-18,4.0,4.1,4.0,4.1,6100
2021-06-21,4.6,4.6,4.5,4.5,600
2021-06-22,4.1,4.1,4.0,4.0,4100
2021-06-23,4.0,4.6,4.0,4.5,4100
2021-06-24,4.9,4.9,4.1,4.1,600
2021-06-25,4.1,4.5,4.1,4.5,1300
2021-06-28,5.0,5.0,4.2,4.6,5804
2021-06-29,5.1,5.1,4.7,4.7,1200
2021-06-30,4.9,4.7,4.7,4.7,0
2021-07-01,4.9,4.7,4.7,4.7,0
2021-07-02,4.9,4.9,4.2,4.7,2300
2021-07-05,3.8,4.6,3.8,3.9,2100
2021-07-06,4.8,4.8,3.8,3.9,3200
2021-07-07,4.2,3.9,3.9,3.9,0
2021-07-08,4.2,3.9,3.9,3.9,0
2021-07-09,4.2,3.9,3.9,3.9,0
2021-07-12,3.6,3.6,3.6,3.6,300
2021-07-13,3.9,4.1,3.9,4.1,1500
2021-07-14,4.6,4.6,4.0,4.5,2000
2021-07-15,5.0,5.0,3.9,4.6,6600
2021-07-16,4.8,4.8,4.3,4.6,1100
2021-07-19,5.0,5.0,4.9,4.9,400
2021-07-20,4.8,4.8,4.3,4.3,3900
2021-07-21,4.8,4.8,4.3,4.3,1200
2021-07-22,4.9,4.9,4.2,4.2,1700
2021-07-23,3.9,4.5,3.9,4.4,1000
2021-07-26,4.5,4.5,4.0,4.0,200
2021-07-27,4.8,4.8,3.7,4.5,9300
2021-07-28,4.4,4.4,3.4,3.4,21314
2021-07-29,3.4,3.8,3.3,3.8,1300
2021-07-30,3.4,3.4,3.4,3.4,3700
2021-08-02,3.3,3.8,3.2,3.7,8400
2021-08-03,3.2,3.7,3.2,3.6,1100
2021-08-04,3.5,3.5,3.5,3.5,500
2021-08-05,3.3,3.8,3.3,3.7,3200
2021-08-06,3.5,3.5,3.5,3.5,1200
2021-08-09,3.4,3.4,3.3,3.4,10200
2021-08-10,3.4,3.7,3.4,3.6,4000
2021-08-11,3.7,3.8,3.7,3.8,2700
2021-08-12,3.8,3.9,3.6,3.8,9200
2021-08-13,3.6,3.8,3.6,3.8,3300
2021-08-16,3.6,3.9,3.6,3.9,3100
2021-08-17,3.7,3.7,3.6,3.7,2500
2021-08-18,3.6,4.0,3.4,3.6,22600
2021-08-19,3.7,4.2,3.6,4.2,27000
2021-08-20,4.5,4.5,3.8,3.9,400
2021-08-23,4.1,4.1,4.0,4.1,6600
2021-08-24,3.9,4.2,3.5,3.7,12700
2021-08-25,3.9,3.9,3.6,3.9,1300
2021-08-26,3.9,4.0,3.8,3.8,5400
2021-08-27,3.5,3.9,3.5,3.8,8100
2021-08-30,3.6,3.9,3.6,3.8,14400
2021-08-31,3.8,3.9,3.8,3.9,2800
2021-09-01,3.9,3.9,3.9,3.9,2901
2021-09-06,3.9,4.1,3.7,4.0,8100
2021-09-07,3.9,4.2,3.9,4.0,11400
2021-09-08,4.2,4.2,4.1,4.2,3400
2021-09-09,4.0,4.6,3.7,4.6,20901
2021-09-10,4.2,4.4,4.1,4.1,2700
2021-09-13,3.9,4.1,3.9,4.0,2000
2021-09-14,3.9,4.4,3.9,4.4,32900
2021-09-15,4.9,4.9,4.9,4.9,16301
2021-09-16,5.6,5.6,5.6,5.6,15000
2021-09-17,6.4,6.4,5.5,5.7,15900
2021-09-20,5.2,5.8,5.2,5.8,6300
2021-09-21,5.7,5.7,5.3,5.3,3500
2021-09-22,5.6,6.3,5.6,6.3,19500
2021-09-23,6.5,6.6,6.3,6.3,5600
2021-09-24,6.5,6.5,6.5,6.5,0
2021-09-27,6.5,6.5,6.5,6.5,0
2021-09-28,6.0,6.0,6.0,6.0,300
2021-09-29,6.0,6.0,5.1,5.2,16014
2021-09-30,5.2,5.4,5.1,5.4,7700
2021-10-01,5.7,5.7,5.7,5.7,100
2021-10-04,5.7,5.7,5.7,5.7,0
2021-10-05,5.4,5.4,4.9,4.9,12500
2021-10-06,5.1,5.5,4.8,5.4,4900
2021-10-07,5.7,5.7,5.6,5.6,800
2021-10-08,5.0,5.5,5.0,5.5,1100
2021-10-11,5.1,5.5,5.0,5.0,3800
2021-10-12,5.1,5.4,4.4,5.3,4400
2021-10-13,5.2,5.2,5.2,5.2,100
2021-10-14,4.9,5.3,4.7,5.3,5400
2021-10-15,5.1,5.1,5.0,5.0,2000
2021-10-18,5.1,5.1,5.0,5.0,6701
2021-10-19,5.0,5.0,5.0,5.0,1300
2021-10-20,5.0,5.3,5.0,5.3,7200
2021-10-21,5.3,5.8,5.3,5.8,18401
2021-10-22,5.8,5.9,5.6,5.6,3100
2021-10-25,5.7,5.8,5.6,5.6,3000
2021-10-26,5.7,5.8,5.7,5.8,700
2021-10-27,5.9,5.9,5.6,5.8,7100
2021-10-28,5.8,6.1,5.8,5.9,5615
2021-10-29,5.8,6.2,5.8,6.2,12400
2021-11-01,6.3,6.5,6.3,6.4,4300
2021-11-02,6.4,6.4,6.4,6.4,3900
2021-11-03,6.3,6.4,6.2,6.2,3300
2021-11-04,6.3,6.3,6.0,6.3,11200
2021-11-05,6.1,6.8,6.1,6.6,1800
2021-11-08,6.6,7.0,6.2,6.5,13810
2021-11-09,6.7,6.7,6.5,6.5,5600
2021-11-10,6.2,7.4,6.2,7.4,19500
2021-11-11,8.2,8.2,8.0,8.2,36909
2021-11-12,9.0,9.3,9.0,9.3,11601
2021-11-15,9.3,10.5,9.3,10.1,20200
2021-11-16,10.0,10.3,8.5,8.9,10139
2021-11-17,8.7,8.7,8.3,8.6,13500
2021-11-18,8.4,9.5,8.1,8.3,8400
2021-11-19,8.5,8.8,8.2,8.7,26200
2021-11-22,8.4,9.0,8.2,9.0,7600
2021-11-23,7.6,8.4,7.6,8.4,4200
2021-11-24,8.2,8.3,8.2,8.3,6000
2021-11-25,8.3,8.5,8.3,8.5,5611
2021-11-26,8.2,8.5,8.1,8.1,9100
2021-11-29,8.0,8.0,7.9,7.9,8500
2021-11-30,7.9,7.9,7.9,7.9,1800
2021-12-01,7.8,7.9,7.6,7.9,3000
2021-12-02,7.9,8.4,7.9,8.4,8100
2021-12-03,6.9,8.3,6.9,7.9,13100
2021-12-06,7.9,7.9,7.9,7.9,311
2021-12-07,6.8,8.0,6.8,8.0,2500
2021-12-08,7.2,8.0,7.2,8.0,300
2021-12-09,7.7,7.7,7.7,7.7,400
2021-12-10,7.7,7.7,7.6,7.7,3811
2021-12-13,7.0,8.0,7.0,8.0,10300
2021-12-14,7.8,8.8,7.8,8.2,5200
2021-12-15,9.6,9.6,8.6,8.6,2200
2021-12-16,8.5,8.5,8.5,8.5,100
2021-12-17,7.4,7.4,7.4,7.4,200
2021-12-20,7.2,7.9,7.2,7.9,4800
2021-12-21,7.5,7.5,7.0,7.5,6200
2021-12-22,7.8,7.8,7.2,7.5,6200
2021-12-23,6.7,7.9,6.7,7.2,7100
2021-12-24,7.5,7.5,7.2,7.5,9300
2021-12-27,7.3,7.3,7.3,7.3,500
2021-12-28,7.3,7.5,7.0,7.2,1500
2021-12-29,7.1,7.5,7.1,7.5,4700
2021-12-30,7.5,7.5,7.4,7.4,1600
2021-12-31,7.3,7.5,7.3,7.3,1300
2022-01-04,7.3,7.5,7.0,7.5,11300
2022-01-05,7.3,7.5,7.3,7.5,800
2022-01-06,7.5,7.5,7.3,7.5,6511
2022-01-07,7.4,7.5,7.4,7.5,4300
2022-01-10,7.5,8.5,7.4,8.3,28400
2022-01-11,8.3,9.2,8.3,9.2,15400
2022-01-12,9.1,10.1,9.0,9.0,7200
2022-01-13,9.0,9.0,8.1,8.1,7600
2022-01-14,7.1,8.3,7.1,8.2,700
2022-01-17,7.0,7.1,7.0,7.1,300
2022-01-18,7.0,7.2,7.0,7.2,2100
2022-01-19,6.0,8.0,6.0,8.0,1300
2022-01-20,6.2,6.4,6.2,6.4,1500
2022-01-21,6.3,7.0,6.2,7.0,1100
2022-01-24,6.2,6.2,6.2,6.2,100
2022-01-25,6.2,7.1,6.2,7.1,400
2022-01-26,6.4,6.4,6.4,6.4,0
2022-01-27,6.6,6.6,6.6,6.6,900
2022-01-28,7.3,7.3,7.3,7.3,100
2022-02-07,8.2,8.3,6.4,6.4,700
2022-02-08,7.7,7.7,7.7,7.7,100
2022-02-09,7.7,7.7,7.7,7.7,0
2022-02-10,7.7,7.7,6.6,6.7,3300
2022-02-11,6.8,6.8,6.8,6.8,0
2022-02-14,6.1,6.3,6.1,6.3,300
2022-02-15,6.6,6.6,6.4,6.6,700
2022-02-16,6.7,6.7,6.6,6.7,5400
2022-02-17,6.6,6.6,6.6,6.6,200
2022-02-18,6.6,6.7,6.6,6.7,1300
2022-02-21,7.1,7.1,7.0,7.0,500
2022-02-22,7.2,7.2,6.7,6.7,700
2022-02-23,7.2,7.2,7.0,7.0,1600
2022-02-24,6.6,7.2,6.6,7.2,3400
2022-02-25,6.7,6.7,6.6,6.6,5000
2022-02-28,7.0,7.0,6.6,6.6,3000
2022-03-01,7.4,7.4,7.2,7.2,2200
2022-03-02,7.2,7.2,7.2,7.2,100
2022-03-03,7.3,7.3,6.8,7.2,1300
2022-03-04,7.1,7.1,6.5,7.0,1300
2022-03-07,7.0,7.0,7.0,7.0,3000
2022-03-08,6.7,7.0,6.7,7.0,10700
2022-03-09,7.3,7.3,7.0,7.0,1500
2022-03-10,6.7,6.9,6.7,6.9,1700
2022-03-11,7.0,7.0,6.7,6.7,500
2022-03-14,7.0,7.0,6.7,7.0,2300
2022-03-15,7.0,7.0,6.6,6.7,600
2022-03-16,6.7,6.8,6.7,6.7,1100
2022-03-17,7.0,7.5,7.0,7.5,13000
2022-03-18,7.9,7.9,7.5,7.5,7100
2022-03-21,7.5,7.5,7.2,7.2,5700
2022-03-22,7.2,8.3,7.2,7.3,4200
2022-03-23,8.2,8.2,8.0,8.0,12000
2022-03-24,7.3,7.5,7.3,7.5,700
2022-03-25,7.4,7.6,7.3,7.4,5700
2022-03-28,7.3,7.5,7.0,7.2,5500
2022-03-29,7.1,7.1,7.0,7.1,6300
2022-03-30,7.5,7.5,7.4,7.4,600
2022-03-31,7.4,7.4,7.0,7.0,1800
2022-04-01,6.2,7.3,6.2,6.8,1500
2022-04-04,7.2,7.2,7.2,7.2,2500
2022-04-05,7.2,7.2,7.2,7.2,0
2022-04-06,7.2,7.3,7.2,7.2,700
2022-04-07,6.5,6.7,6.5,6.6,1000
2022-04-08,6.6,6.6,6.6,6.6,0
2022-04-12,6.6,6.6,6.6,6.6,300
2022-04-13,6.6,6.6,6.6,6.6,1300
2022-04-14,6.6,6.6,6.6,6.6,2
2022-04-15,6.6,6.6,6.6,6.6,0
2022-04-18,7.0,7.0,7.0,7.0,100
2022-04-19,7.0,7.0,7.0,7.0,0
2022-04-20,7.0,7.0,7.0,7.0,0
2022-04-21,6.0,6.0,6.0,6.0,600
2022-04-22,6.0,6.0,6.0,6.0,0
2022-04-25,6.0,6.0,6.0,6.0,0
2022-04-26,6.0,6.9,6.0,6.9,800
2022-04-27,7.0,7.0,7.0,7.0,100
2022-04-28,7.0,7.0,7.0,7.0,0
2022-04-29,7.0,7.0,7.0,7.0,0
2022-05-04,7.0,7.0,7.0,7.0,0
2022-05-05,7.0,7.0,7.0,7.0,0
2022-05-06,7.0,7.0,7.0,7.0,0
2022-05-09,7.0,7.0,7.0,7.0,0
2022-05-10,7.0,7.0,7.0,7.0,0
2022-05-11,6.0,7.0,6.0,7.0,1000
2022-05-12,6.1,6.1,6.1,6.1,0
2022-05-13,6.1,6.1,6.1,6.1,100
2022-05-16,6.1,6.1,6.1,6.1,0
2022-05-17,6.7,6.7,6.7,6.7,500
2022-05-18,6.7,6.7,6.7,6.7,0
2022-05-19,6.7,6.7,6.7,6.7,0
2022-05-20,6.0,6.0,6.0,6.0,600
2022-05-23,6.0,6.0,6.0,6.0,100
2022-05-24,6.0,6.0,6.0,6.0,0
2022-05-25,6.0,6.0,6.0,6.0,0
2022-05-26,5.9,6.2,5.9,6.2,2500
2022-05-27,6.1,6.1,6.1,6.1,0
2022-05-30,6.1,6.1,6.1,6.1,0
2022-05-31,6.1,6.1,6.1,6.1,0
2022-06-01,6.1,6.1,6.1,6.1,0
2022-06-02,5.8,5.8,5.8,5.8,100
2022-06-03,5.8,5.8,5.8,5.8,0
2022-06-06,5.1,5.1,5.1,5.1,100
2022-06-07,5.1,5.1,5.1,5.1,0
2022-06-08,5.1,5.1,5.1,5.1,0
2022-06-09,5.1,5.1,5.1,5.1,0
2022-06-10,4.4,4.4,4.4,4.4,100
2022-06-13,4.0,4.0,3.8,3.8,400
2022-06-14,3.9,4.4,3.9,4.4,200
2022-06-15,4.8,4.8,4.8,4.8,200
2022-06-16,5.5,5.5,5.5,5.5,700
2022-06-17,5.5,5.5,5.5,5.5,0
2022-06-20,4.7,4.7,4.7,4.7,100
2022-06-21,4.0,4.0,4.0,4.0,200
2022-06-22,4.6,4.6,4.6,4.6,100
2022-06-23,4.6,4.6,4.6,4.6,0
2022-06-24,4.1,4.1,4.1,4.1,400
2022-06-27,3.7,4.1,3.7,4.1,400
2022-06-28,4.0,4.0,4.0,4.0,600
2022-06-29,4.0,4.0,4.0,4.0,0
2022-06-30,4.0,4.0,4.0,4.0,0
2022-07-01,4.0,4.0,4.0,4.0,0
2022-07-04,4.0,4.0,4.0,4.0,0
2022-07-05,4.6,4.6,4.6,4.6,500
2022-07-06,4.6,4.6,4.6,4.6,0
2022-07-07,4.0,4.0,4.0,4.0,1000
2022-07-08,3.5,3.5,3.5,3.5,300
2022-07-11,4.0,4.0,4.0,4.0,5700
2022-07-12,4.0,4.0,4.0,4.0,0
2022-07-13,4.2,4.2,4.2,4.2,100
2022-07-14,4.2,4.2,4.2,4.2,0
2022-07-15,4.2,4.2,4.2,4.2,0
2022-07-18,4.2,4.2,4.2,4.2,1300
2022-07-19,3.8,3.8,3.8,3.8,100
2022-07-20,3.7,3.7,3.3,3.3,2500
2022-07-21,3.9,3.9,3.9,3.9,300
2022-07-22,4.4,4.4,4.4,4.4,1000
2022-07-25,4.2,4.2,4.2,4.2,100
2022-07-26,4.1,4.1,4.0,4.0,1500
2022-07-27,4.0,4.0,4.0,4.0,0
2022-07-28,3.4,4.0,3.4,4.0,600
2022-07-29,4.1,4.3,4.1,4.3,3600
2022-08-01,4.3,4.9,4.3,4.9,4100
2022-08-02,4.9,5.1,4.9,5.1,3900
2022-08-03,5.8,5.8,5.8,5.8,100
2022-08-04,5.8,5.8,5.8,5.8,3800
2022-08-05,5.8,5.8,5.8,5.8,0
2022-08-08,5.0,5.0,5.0,5.0,100
2022-08-09,4.3,4.5,4.3,4.4,11900
2022-08-10,4.9,4.9,4.8,4.8,800
2022-08-11,5.0,5.0,5.0,5.0,300
2022-08-12,4.4,4.6,4.3,4.6,3870
2022-08-15,5.0,5.0,4.4,4.4,1600
2022-08-16,4.6,4.7,4.6,4.6,11000
2022-08-17,4.6,4.6,4.5,4.5,2400
2022-08-18,4.4,4.4,4.4,4.4,754
2022-08-19,4.5,4.5,4.4,4.4,1600
2022-08-22,4.4,4.4,4.4,4.4,1000
2022-08-23,3.9,5.0,3.9,4.0,1800
2022-08-24,4.0,4.0,4.0,4.0,0
2022-08-25,4.0,4.0,4.0,4.0,6200
2022-08-26,4.4,4.4,4.4,4.4,1500
2022-08-29,3.9,4.3,3.9,4.3,500
2022-08-30,4.0,4.0,4.0,4.0,400
2022-08-31,4.0,4.0,4.0,4.0,1500
2022-09-05,3.9,4.1,3.9,4.0,600
2022-09-06,4.0,4.0,4.0,4.0,0
2022-09-07,4.0,4.0,4.0,4.0,1600
2022-09-08,4.5,4.5,4.5,4.5,100
2022-09-09,4.5,4.5,4.5,4.5,0
2022-09-12,4.0,4.0,4.0,4.0,1000
2022-09-13,4.2,4.2,4.2,4.2,200
2022-09-14,4.1,4.2,4.1,4.2,800
2022-09-15,3.8,3.8,3.8,3.8,100
2022-09-16,3.6,4.2,3.6,4.2,300
2022-09-19,3.7,4.0,3.7,3.9,700
2022-09-20,3.9,3.9,3.9,3.9,10
2022-09-21,3.9,3.9,3.9,3.9,100
2022-09-22,3.9,3.9,3.9,3.9,0
2022-09-23,3.6,3.6,3.4,3.4,15000
2022-09-26,3.4,3.4,3.4,3.4,0
2022-09-27,3.5,3.5,3.5,3.5,2700
2022-09-28,3.5,3.5,3.3,3.3,1800
2022-09-29,3.5,3.5,3.5,3.5,100
2022-09-30,3.1,3.6,3.1,3.3,2600
2022-10-03,3.3,3.3,3.3,3.3,200
2022-10-04,3.2,3.2,3.2,3.2,1001
2022-10-05,3.4,3.4,3.3,3.3,200
2022-10-06,3.6,3.6,3.4,3.4,600
2022-10-07,3.4,3.4,3.4,3.4,200
2022-10-10,3.5,3.5,3.5,3.5,100
2022-10-11,3.6,3.6,3.6,3.6,100
2022-10-12,3.1,3.3,3.1,3.3,8400
2022-10-13,3.4,3.4,2.9,2.9,200
2022-10-14,2.9,3.0,2.9,3.0,1600
2022-10-17,3.1,3.3,3.0,3.2,1801
2022-10-18,3.1,3.1,2.9,2.9,800
2022-10-19,3.0,3.0,3.0,3.0,0
2022-10-20,3.0,3.0,3.0,3.0,0
2022-10-21,3.0,3.0,3.0,3.0,0
2022-10-24,3.0,3.0,3.0,3.0,0
2022-10-25,3.0,3.0,2.9,2.9,500
2022-10-26,3.2,3.2,3.2,3.2,200
2022-10-27,3.1,3.1,3.0,3.0,500
2022-10-28,2.8,2.9,2.7,2.9,1200
2022-10-31,2.8,2.8,2.4,2.4,3100
2022-11-01,2.7,2.7,2.7,2.7,2800
2022-11-02,2.9,2.9,2.7,2.7,1500
2022-11-03,2.7,2.9,2.7,2.7,600
2022-11-04,2.6,2.6,2.3,2.3,2000
2022-11-07,2.7,2.7,2.6,2.6,1600
2022-11-08,2.5,2.5,2.4,2.4,300
2022-11-09,2.7,2.7,2.7,2.7,600
2022-11-10,2.5,2.5,2.5,2.5,100
2022-11-11,2.5,2.5,2.5,2.5,0
2022-11-14,2.3,2.4,2.2,2.2,5000
2022-11-15,2.2,2.3,2.2,2.3,400
2022-11-16,2.1,2.5,2.0,2.5,800
2022-11-17,2.5,2.5,2.5,2.5,1700
2022-11-18,2.5,2.5,2.5,2.5,800
2022-11-21,2.4,2.7,2.4,2.7,400
2022-11-22,2.7,2.7,2.4,2.5,1800
2022-11-23,2.5,2.5,2.5,2.5,0
2022-11-24,2.5,2.5,2.5,2.5,30
2022-11-25,2.5,2.5,2.5,2.5,300
2022-11-28,2.5,2.5,2.5,2.5,1000
2022-11-29,2.5,2.6,2.5,2.6,2100
2022-11-30,2.6,2.6,2.6,2.6,200
2022-12-01,2.6,2.6,2.6,2.6,300
2022-12-02,2.6,2.6,2.6,2.6,700
2022-12-05,2.6,2.9,2.6,2.9,3600
2022-12-06,2.9,3.1,2.8,2.8,3700
2022-12-07,3.2,3.2,2.9,2.9,200
2022-12-08,2.7,2.7,2.7,2.7,1600
2022-12-09,2.5,2.5,2.4,2.4,1100
2022-12-12,2.4,2.4,2.4,2.4,0
2022-12-13,2.3,2.5,2.3,2.5,500
2022-12-14,2.5,2.6,2.4,2.4,1553
2022-12-15,2.5,2.5,2.5,2.5,200
2022-12-16,2.5,2.5,2.5,2.5,1
2022-12-19,2.5,2.5,2.5,2.5,0
2022-12-20,2.5,2.5,2.5,2.5,100
2022-12-21,2.8,2.8,2.6,2.6,600
2022-12-22,2.6,2.6,2.6,2.6,0
2022-12-23,2.6,2.6,2.6,2.6,1
2022-12-26,2.6,2.6,2.5,2.5,300
2022-12-27,2.6,2.6,2.6,2.6,0
2022-12-28,2.6,2.6,2.6,2.6,0
2022-12-29,2.5,2.5,2.5,2.5,100
2022-12-30,2.5,2.5,2.5,2.5,0
2023-01-03,2.4,2.4,2.4,2.4,400
2023-01-04,2.4,2.4,2.4,2.4,100
2023-01-05,2.4,2.4,2.4,2.4,0
2023-01-06,2.4,2.4,2.4,2.4,0
2023-01-09,2.4,2.4,2.4,2.4,300
2023-01-10,2.3,2.3,2.3,2.3,5100
2023-01-11,2.5,2.5,2.5,2.5,300
2023-01-12,2.4,2.4,2.4,2.4,300
2023-01-13,2.4,2.6,2.4,2.6,14800
2023-01-16,2.7,2.7,2.7,2.7,1100
2023-01-17,2.7,2.7,2.7,2.7,100
2023-01-18,3.0,3.0,2.7,3.0,900
2023-01-19,3.0,3.0,2.7,2.9,700
2023-01-27,2.7,3.2,2.7,3.2,700
2023-01-30,2.8,2.8,2.8,2.8,0
2023-01-31,2.8,2.8,2.8,2.8,200
2023-02-01,2.8,2.8,2.8,2.8,47
2023-02-02,2.8,2.8,2.8,2.8,0
2023-02-03,2.8,2.8,2.8,2.8,0
2023-02-06,2.8,2.8,2.8,2.8,0
2023-02-07,2.7,2.8,2.7,2.8,353
2023-02-08,2.8,2.8,2.8,2.8,0
2023-02-09,2.8,2.8,2.8,2.8,254
2023-02-10,2.7,2.7,2.7,2.7,400
2023-02-13,2.7,2.7,2.7,2.7,0
2023-02-14,2.7,2.7,2.7,2.7,0
2023-02-15,2.7,2.7,2.7,2.7,3
2023-02-16,2.9,2.9,2.7,2.9,400
2023-02-17,3.0,3.3,3.0,3.3,3704
2023-02-20,2.8,3.2,2.8,3.2,1403
2023-02-21,3.1,3.1,2.7,2.7,4104
2023-02-22,2.7,3.0,2.4,3.0,1800
2023-02-23,2.8,2.8,2.8,2.8,300
2023-02-24,2.9,2.9,2.8,2.8,300
2023-02-27,2.5,2.5,2.4,2.4,400
2023-02-28,2.3,2.4,2.3,2.3,2200
2023-03-01,2.5,2.5,2.5,2.5,100
2023-03-02,2.7,2.7,2.7,2.7,100
2023-03-03,2.9,2.9,2.9,2.9,100
2023-03-06,2.9,2.9,2.9,2.9,100
2023-03-07,3.1,3.1,3.1,3.1,100
2023-03-08,2.7,2.9,2.7,2.9,6200
2023-03-09,2.9,2.9,2.7,2.7,200
2023-03-10,2.8,2.8,2.8,2.8,0
2023-03-13,2.6,2.6,2.6,2.6,1900
2023-03-14,2.5,2.5,2.3,2.3,3600
2023-03-15,2.4,2.6,2.4,2.6,700
2023-03-16,2.5,2.5,2.5,2.5,0
2023-03-17,2.5,2.5,2.5,2.5,100
2023-03-20,2.5,2.5,2.5,2.5,0
2023-03-21,2.5,2.5,2.5,2.5,1
2023-03-22,2.8,2.8,2.8,2.8,200
2023-03-23,2.8,2.8,2.8,2.8,0
2023-03-24,2.8,2.8,2.8,2.8,0
2023-03-27,2.8,2.8,2.8,2.8,0
2023-03-28,2.8,2.8,2.8,2.8,0
2023-03-29,2.8,2.8,2.8,2.8,0
2023-03-30,2.8,2.8,2.8,2.8,100
2023-03-31,2.8,2.8,2.8,2.8,0
2023-04-03,2.8,2.8,2.8,2.8,0
2023-04-04,2.8,2.8,2.8,2.8,100
2023-04-05,2.8,2.8,2.8,2.8,0
2023-04-06,2.8,2.8,2.8,2.8,1
2023-04-07,2.8,2.8,2.8,2.8,0
2023-04-10,2.8,2.8,2.8,2.8,1
2023-04-11,2.8,2.8,2.8,2.8,1
2023-04-12,3.0,3.0,3.0,3.0,100
2023-04-13,3.0,3.0,3.0,3.0,0
2023-04-14,3.0,3.0,3.0,3.0,0
2023-04-17,3.0,3.0,3.0,3.0,0
2023-04-18,3.0,3.0,3.0,3.0,0
2023-04-19,3.0,3.0,3.0,3.0,0
2023-04-20,3.0,3.0,3.0,3.0,0
2023-04-21,3.0,3.0,3.0,3.0,100
2023-04-24,2.6,2.8,2.6,2.6,1300
2023-04-25,2.6,2.6,2.6,2.6,0
2023-04-26,2.8,2.8,2.8,2.8,200
2023-04-27,2.8,2.8,2.8,2.8,0
2023-04-28,2.8,2.8,2.8,2.8,0
2023-05-04,2.9,2.9,2.5,2.8,700
2023-05-05,2.8,2.8,2.8,2.8,400
2023-05-08,2.8,2.8,2.8,2.8,0
2023-05-09,3.2,3.2,2.5,2.9,1000
2023-05-10,2.5,2.9,2.5,2.8,9301
2023-05-11,2.8,2.8,2.5,2.8,500
2023-05-12,2.7,2.7,2.5,2.7,300
2023-05-15,2.5,2.8,2.5,2.6,3600
2023-05-16,2.5,2.6,2.5,2.5,1000
2023-05-17,2.5,2.5,2.4,2.4,300
2023-05-18,2.7,2.7,2.5,2.5,2600
2023-05-19,2.5,2.5,2.5,2.5,200
2023-05-22,2.5,2.5,2.4,2.5,6500
2023-05-23,2.5,2.5,2.5,2.5,0
2023-05-24,2.5,2.5,2.5,2.5,1000
2023-05-25,2.5,2.5,2.5,2.5,0
2023-05-26,2.4,2.5,2.4,2.5,900
2023-05-29,2.4,2.6,2.4,2.5,2300
2023-05-30,2.5,2.5,2.5,2.5,200
2023-05-31,2.7,2.7,2.7,2.7,3300
2023-06-01,2.7,2.7,2.7,2.7,1700
2023-06-02,2.7,2.7,2.7,2.7,0
2023-06-05,2.7,2.7,2.7,2.7,100
2023-06-06,2.6,2.7,2.6,2.7,400
2023-06-07,2.7,2.9,2.7,2.9,9700
2023-06-08,2.8,2.8,2.8,2.8,2
2023-06-09,2.8,2.8,2.8,2.8,1
2023-06-12,2.5,2.8,2.4,2.7,2100
2023-06-13,2.6,2.9,2.6,2.9,2800
2023-06-14,2.8,2.9,2.8,2.9,900
2023-06-15,2.8,2.8,2.8,2.8,1300
2023-06-16,2.7,2.7,2.7,2.7,905
2023-06-19,2.6,2.6,2.5,2.5,1500
2023-06-20,2.8,2.8,2.7,2.7,200
2023-06-21,2.8,2.8,2.8,2.8,0
2023-06-22,2.8,2.8,2.8,2.8,0
2023-06-23,2.6,2.6,2.5,2.6,2100
2023-06-26,2.5,2.7,2.5,2.7,2401
2023-06-27,2.7,2.8,2.7,2.8,1100
2023-06-28,2.8,2.8,2.8,2.8,0
2023-06-29,2.6,2.6,2.5,2.5,1101
2023-06-30,2.5,2.6,2.5,2.6,300
2023-07-03,2.5,2.5,2.5,2.5,200
2023-07-04,2.6,2.6,2.6,2.6,400
2023-07-05,2.6,2.6,2.6,2.6,0
2023-07-06,2.5,2.5,2.5,2.5,201
2023-07-07,2.5,2.5,2.4,2.4,700
2023-07-10,2.6,2.6,2.6,2.6,200
2023-07-11,2.6,2.6,2.6,2.6,0
2023-07-12,2.6,2.6,2.6,2.6,0
2023-07-13,2.6,2.6,2.6,2.6,0
2023-07-14,2.8,2.9,2.6,2.6,3716
2023-07-17,2.7,2.7,2.7,2.7,0
2023-07-18,2.7,2.7,2.7,2.7,100
2023-07-19,2.7,2.7,2.6,2.6,700
2023-07-20,2.6,2.8,2.6,2.7,300
2023-07-21,2.6,2.6,2.6,2.6,100
2023-07-24,2.6,2.6,2.4,2.6,2448
2023-07-25,2.5,2.6,2.5,2.6,900
2023-07-26,2.6,2.6,2.6,2.6,1068
2023-07-27,2.7,2.7,2.6,2.6,401
2023-07-28,2.7,2.7,2.7,2.7,2
2023-07-31,2.6,2.7,2.6,2.7,704
2023-08-01,2.6,2.6,2.6,2.6,801
2023-08-02,2.6,2.6,2.6,2.6,1000
2023-08-03,2.7,2.8,2.7,2.8,4500
2023-08-04,2.9,3.0,2.8,2.9,1200
2023-08-07,2.8,2.8,2.8,2.8,3500
2023-08-08,2.9,2.9,2.9,2.9,200
2023-08-09,2.9,3.0,2.9,3.0,4500
2023-08-10,3.0,3.3,3.0,3.3,10223
2023-08-11,3.5,3.6,3.4,3.6,17300
2023-08-14,3.6,4.1,3.6,4.1,8226
2023-08-15,4.5,4.6,4.4,4.4,18476
2023-08-16,4.8,5.1,4.8,5.1,10301
2023-08-17,5.3,5.3,4.3,4.4,7901
2023-08-18,4.2,4.6,4.0,4.0,10602
2023-08-21,3.5,3.8,3.5,3.7,2702
2023-08-22,3.8,3.8,3.8,3.8,901
2023-08-23,3.8,3.9,3.8,3.8,601
2023-08-24,3.9,3.9,3.9,3.9,100
2023-08-25,3.9,3.9,3.5,3.7,700
2023-08-28,3.6,3.7,3.5,3.5,1901
2023-08-29,3.6,3.7,3.6,3.7,600
2023-08-30,3.6,3.8,3.6,3.8,300
2023-08-31,3.8,3.8,3.7,3.7,200
2023-09-05,4.0,4.0,3.6,3.9,1203
2023-09-06,3.5,3.6,3.5,3.5,1400
2023-09-07,3.5,3.5,3.5,3.5,500
2023-09-08,3.9,3.9,3.3,3.3,500
2023-09-11,3.3,3.3,3.3,3.3,600
2023-09-12,3.6,3.6,3.6,3.6,100
2023-09-13,3.6,3.6,3.6,3.6,400
2023-09-14,3.6,3.6,3.6,3.6,4
2023-09-15,3.6,3.6,3.6,3.6,200
2023-09-18,3.6,3.6,3.6,3.6,0
2023-09-19,3.1,3.5,3.1,3.5,1302
2023-09-20,3.2,3.2,3.0,3.2,1800
2023-09-21,3.2,3.2,3.2,3.2,400
2023-09-22,3.2,3.2,3.2,3.2,0
2023-09-25,3.2,3.2,3.1,3.1,1300
2023-09-26,3.1,3.1,3.1,3.1,500
2023-09-27,2.9,3.0,2.7,2.7,6100
2023-09-28,2.9,3.0,2.9,3.0,3500
2023-09-29,2.9,2.9,2.9,2.9,100
2023-10-02,2.8,2.8,2.8,2.8,400
2023-10-03,2.8,2.8,2.6,2.7,710
2023-10-04,2.7,2.7,2.7,2.7,2400
2023-10-05,2.8,2.8,2.8,2.8,500
2023-10-06,2.7,2.7,2.6,2.6,1200
2023-10-09,2.6,2.7,2.6,2.7,1304
2023-10-10,2.8,2.8,2.8,2.8,100
2023-10-11,2.8,2.8,2.8,2.8,0
2023-10-12,2.8,2.8,2.8,2.8,0
2023-10-13,2.6,2.6,2.6,2.6,400
2023-10-16,2.6,2.6,2.6,2.6,0
2023-10-17,2.6,2.6,2.6,2.6,0
2023-10-18,2.6,2.6,2.6,2.6,100
2023-10-19,2.5,2.5,2.5,2.5,100
2023-10-20,2.5,2.6,2.5,2.6,500
2023-10-23,2.6,2.6,2.6,2.6,0
2023-10-24,2.6,2.6,2.6,2.6,100
2023-10-25,2.6,2.6,2.6,2.6,0
2023-10-26,2.5,2.5,2.5,2.5,900
2023-10-27,2.6,2.6,2.6,2.6,100
2023-10-30,2.6,2.6,2.6,2.6,500
2023-10-31,2.6,2.6,2.6,2.6,0
2023-11-01,2.5,2.5,2.3,2.3,1500
2023-11-02,2.3,2.3,2.3,2.3,0
2023-11-03,2.3,2.3,2.3,2.3,0
2023-11-06,2.3,2.3,2.3,2.3,0
2023-11-07,2.4,2.4,2.3,2.3,1000
2023-11-08,2.5,2.5,2.5,2.5,100
2023-11-09,2.5,2.5,2.5,2.5,0
2023-11-10,2.5,2.5,2.5,2.5,0
2023-11-13,2.4,2.4,2.3,2.3,2900
2023-11-14,2.3,2.5,2.3,2.5,1100
2023-11-15,2.4,2.4,2.4,2.4,300
2023-11-16,2.4,2.4,2.3,2.3,600
2023-11-17,2.4,2.4,2.4,2.4,0
2023-11-20,2.6,2.6,2.6,2.6,2302
2023-11-21,2.6,2.6,2.6,2.6,0
2023-11-22,2.6,2.6,2.6,2.6,8
2023-11-23,2.7,2.7,2.7,2.7,400
2023-11-24,2.7,2.7,2.7,2.7,0
2023-11-27,2.7,2.7,2.7,2.7,0
2023-11-28,2.7,2.7,2.7,2.7,100
2023-11-29,2.7,2.7,2.7,2.7,0
2023-11-30,2.7,2.7,2.7,2.7,0
2023-12-01,2.5,2.5,2.5,2.5,100
2023-12-04,2.5,2.5,2.5,2.5,500
2023-12-05,2.5,2.5,2.5,2.5,100
2023-12-06,2.5,2.5,2.5,2.5,0
2023-12-07,2.5,2.5,2.5,2.5,0
2023-12-08,2.5,2.5,2.5,2.5,200
2023-12-11,2.4,2.4,2.3,2.3,200
2023-12-12,2.4,2.4,2.4,2.4,0
2023-12-13,2.4,2.4,2.4,2.4,200
2023-12-14,2.4,2.5,2.4,2.5,200
2023-12-15,2.5,2.5,2.5,2.5,0
2023-12-18,2.5,2.5,2.5,2.5,0
2023-12-19,2.4,2.4,2.4,2.4,800
2023-12-20,2.4,2.4,2.4,2.4,0
2023-12-21,2.4,2.4,2.4,2.4,100
2023-12-22,2.4,2.4,2.4,2.4,0
2023-12-25,2.4,2.4,2.4,2.4,0
2023-12-26,2.4,2.4,2.4,2.4,1000
2023-12-27,2.4,2.4,2.4,2.4,0
2023-12-28,2.3,2.5,2.3,2.5,1000
2023-12-29,2.5,2.5,2.5,2.5,0
2024-01-02,2.5,2.5,2.5,2.5,0
2024-01-03,2.5,2.5,2.5,2.5,0
2024-01-04,2.5,2.5,2.5,2.5,500
2024-01-05,2.5,2.5,2.5,2.5,0
2024-01-08,2.5,2.5,2.5,2.5,0
2024-01-09,2.5,2.5,2.5,2.5,700
2024-01-10,2.5,2.5,2.5,2.5,0
2024-01-11,2.5,2.5,2.5,2.5,0
2024-01-12,2.5,2.5,2.5,2.5,200
2024-01-15,2.5,2.5,2.5,2.5,2400
2024-01-16,2.5,2.5,2.5,2.5,0
2024-01-17,2.5,2.5,2.3,2.5,1800
2024-01-18,2.4,2.4,2.4,2.4,200
2024-01-19,2.5,2.5,2.5,2.5,700
2024-01-22,2.5,2.5,2.4,2.5,2600
2024-01-23,2.4,2.4,2.4,2.4,900
2024-01-24,2.4,2.4,2.4,2.4,0
2024-01-25,2.5,2.5,2.5,2.5,1300
2024-01-26,2.5,2.5,2.5,2.5,0
2024-01-29,2.5,2.5,2.5,2.5,0
2024-01-30,2.5,2.5,2.5,2.5,1000
2024-01-31,2.5,2.5,2.5,2.5,0
2024-02-01,2.5,2.5,2.5,2.5,0
2024-02-02,2.5,2.5,2.5,2.5,1800
2024-02-05,2.5,2.5,2.5,2.5,200
2024-02-06,2.5,2.5,2.5,2.5,1
2024-02-07,2.4,2.4,2.2,2.3,1000
2024-02-15,2.3,2.3,2.3,2.3,100
2024-02-16,2.3,2.3,2.3,2.3,2000
2024-02-19,2.5,2.6,2.5,2.6,200
2024-02-20,2.6,2.6,2.6,2.6,0
2024-02-21,2.6,2.7,2.6,2.7,400
2024-02-22,2.7,3.1,2.7,3.1,10115
2024-02-23,3.3,3.4,3.1,3.4,1700
2024-02-26,3.7,3.7,3.6,3.7,3201
2024-02-27,3.7,4.2,3.7,4.2,1527
2024-02-28,4.0,4.2,3.4,4.1,2641
2024-02-29,3.7,3.7,3.3,3.3,4400
2024-03-01,3.5,3.5,2.9,2.9,8200
2024-03-04,2.9,2.9,2.9,2.9,236
2024-03-05,2.7,2.8,2.6,2.8,4900
2024-03-06,2.6,2.6,2.6,2.6,0
2024-03-07,2.9,2.9,2.8,2.9,4300
2024-03-08,3.0,3.1,3.0,3.1,5900
2024-03-11,2.9,3.3,2.9,3.3,200
2024-03-12,3.1,3.1,3.1,3.1,1600
2024-03-13,2.8,3.4,2.7,3.4,8200
2024-03-14,3.0,3.0,3.0,3.0,1000
2024-03-15,3.0,3.0,2.6,2.6,3800
2024-03-18,2.9,2.9,2.8,2.8,1200
2024-03-19,2.7,2.7,2.7,2.7,900
2024-03-20,2.8,2.9,2.8,2.9,2500
2024-03-21,2.9,2.9,2.9,2.9,0
2024-03-22,2.6,2.7,2.6,2.6,2500
2024-03-25,2.7,2.7,2.7,2.7,200
2024-03-26,2.7,2.7,2.7,2.7,2200
2024-03-27,2.7,2.7,2.7,2.7,0
2024-03-28,2.8,3.1,2.8,3.0,3900
2024-03-29,3.1,3.1,3.1,3.1,0
2024-04-01,2.8,2.8,2.8,2.8,800
2024-04-02,2.8,2.8,2.8,2.8,200
2024-04-03,2.8,2.8,2.8,2.8,100
2024-04-04,2.8,2.8,2.8,2.8,0
2024-04-05,2.8,2.8,2.8,2.8,100
2024-04-08,2.8,2.8,2.8,2.8,0
2024-04-09,2.8,2.8,2.8,2.8,0
2024-04-10,2.8,2.8,2.8,2.8,0
2024-04-11,2.8,2.8,2.8,2.8,0
2024-04-12,2.6,2.7,2.6,2.7,1900
2024-04-15,2.7,2.7,2.7,2.7,0
2024-04-16,2.7,2.7,2.7,2.7,0
2024-04-17,2.7,2.7,2.7,2.7,0
2024-04-19,2.3,2.3,2.3,2.3,4727
2024-04-22,2.3,2.3,2.3,2.3,0
2024-04-23,2.3,2.3,2.3,2.3,0
2024-04-24,2.3,2.3,2.3,2.3,0
2024-04-25,2.3,2.3,2.3,2.3,0
2024-04-26,2.1,2.1,2.0,2.0,2527
2024-05-02,2.0,2.0,2.0,2.0,0
2024-05-03,2.2,2.2,2.2,2.2,300
2024-05-06,2.2,2.2,2.2,2.2,0
2024-05-07,2.2,2.2,2.2,2.2,0
2024-05-08,2.2,2.2,2.2,2.2,0
2024-05-09,2.2,2.2,2.2,2.2,0
2024-05-10,2.1,2.1,2.1,2.1,700
2024-05-13,2.1,2.1,2.1,2.1,0
2024-05-14,2.1,2.1,2.1,2.1,0
2024-05-15,2.1,2.1,2.1,2.1,0
2024-05-16,2.1,2.1,2.1,2.1,0
2024-05-17,2.1,2.2,2.1,2.1,4323
2024-05-20,2.1,2.1,2.1,2.1,0
2024-05-21,2.1,2.1,2.1,2.1,0
2024-05-22,2.1,2.1,2.1,2.1,0
2024-05-23,2.1,2.1,2.1,2.1,0
2024-05-24,2.1,2.1,1.9,1.9,1902
2024-05-27,2.0,2.0,2.0,2.0,0
2024-05-28,2.0,2.0,2.0,2.0,0
2024-05-29,2.0,2.0,2.0,2.0,0
2024-05-30,2.0,2.0,2.0,2.0,0
2024-05-31,2.0,2.0,1.7,1.7,3202
2024-06-03,1.8,1.8,1.8,1.8,0
2024-06-04,1.8,1.8,1.8,1.8,0
2024-06-05,1.8,1.8,1.8,1.8,0
2024-06-06,1.8,1.8,1.8,1.8,0
2024-06-07,2.0,2.0,2.0,2.0,3602
2024-06-10,2.0,2.0,2.0,2.0,0
2024-06-11,2.0,2.0,2.0,2.0,0
2024-06-12,2.0,2.0,2.0,2.0,0
2024-06-13,2.0,2.0,2.0,2.0,0
2024-06-14,1.7,2.2,1.7,2.2,3800
2024-06-17,1.8,1.8,1.8,1.8,0
2024-06-18,1.8,1.8,1.8,1.8,0
2024-06-19,1.8,1.8,1.8,1.8,0
2024-06-20,1.8,1.8,1.8,1.8,0
2024-06-21,1.8,1.8,1.8,1.8,100
2024-06-24,1.8,1.8,1.8,1.8,0
2024-06-25,1.8,1.8,1.8,1.8,0
2024-06-26,1.8,1.8,1.8,1.8,0
2024-06-27,1.8,1.8,1.8,1.8,0
2024-06-28,2.0,2.0,2.0,2.0,1000
2024-07-01,2.0,2.0,2.0,2.0,0
2024-07-02,2.0,2.0,2.0,2.0,0
2024-07-03,2.0,2.0,2.0,2.0,0
2024-07-04,2.0,2.0,2.0,2.0,0
2024-07-05,1.8,1.9,1.7,1.9,2400
2024-07-08,1.7,1.7,1.7,1.7,0
2024-07-09,1.7,1.7,1.7,1.7,0
2024-07-10,1.7,1.7,1.7,1.7,0
2024-07-11,1.7,1.7,1.7,1.7,0
2024-07-12,1.8,1.9,1.7,1.7,700
2024-07-15,1.8,1.8,1.8,1.8,0
2024-07-16,1.8,1.8,1.8,1.8,0
2024-07-17,1.8,1.8,1.8,1.8,0
2024-07-18,1.8,1.8,1.8,1.8,0
2024-07-19,1.6,1.6,1.6,1.6,1600
2024-07-22,1.6,1.6,1.6,1.6,0
2024-07-23,1.6,1.6,1.6,1.6,0
2024-07-24,1.6,1.6,1.6,1.6,0
2024-07-25,1.6,1.6,1.6,1.6,0
2024-08-02,1.8,1.8,1.8,1.8,600
2024-08-09,2.0,2.0,2.0,2.0,100
2024-08-16,2.3,2.3,2.3,2.3,1400
2024-09-20,2.0,2.0,2.0,2.0,1000
2024-11-08,1.8,1.8,1.8,1.8,700
2024-11-15,1.7,1.7,1.7,1.7,100
2024-11-22,1.6,1.7,1.5,1.5,500
2024-11-29,1.8,1.8,1.8,1.8,400
2024-12-06,1.8,1.8,1.8,1.8,1700
2024-12-13,2.0,2.0,2.0,2.0,100
2024-12-27,1.8,1.8,1.7,1.7,300
2025-01-10,1.9,1.9,1.9,1.9,300
2025-01-17,2.0,2.1,2.0,2.1,1500
2025-02-07,2.3,2.4,2.3,2.4,1400
2025-02-14,2.6,2.6,2.6,2.6,200
2025-02-21,2.8,2.8,2.8,2.8,100
2025-03-07,2.8,2.8,2.8,2.8,4000
2025-03-14,3.2,3.2,3.2,3.2,7500
2025-05-23,3.1,3.1,3.1,3.1,100
2025-06-06,2.7,2.7,2.7,2.7,1500
2025-06-13,3.1,3.1,2.4,2.4,3900
2025-06-20,2.7,2.7,2.7,2.7,300
2025-07-11,2.6,3.0,2.6,3.0,5000
2025-07-25,2.6,2.6,2.5,2.5,500
2025-08-01,2.5,2.5,2.5,2.5,200
2025-08-08,2.3,2.7,2.3,2.7,500
2025-08-15,2.3,2.5,2.2,2.2,2600
2025-08-22,2.0,2.0,2.0,2.0,700
2025-08-29,2.0,2.0,2.0,2.0,300
2025-09-05,2.0,2.3,2.0,2.2,2100
2025-09-12,2.2,2.2,2.2,2.2,700
2025-10-03,2.2,2.2,2.2,2.2,2200
2025-10-10,2.4,2.4,2.4,2.4,1000
