time,open,high,low,close,volume
2006-12-27,21.96,21.96,21.96,21.96,10200
2006-12-28,21.96,21.96,21.96,21.96,0
2006-12-29,24.16,24.16,24.16,24.16,3800
2007-01-02,26.52,26.52,26.52,24.16,800
2007-01-03,29.12,29.12,29.12,29.12,1200
2007-01-04,29.12,29.12,29.12,29.12,0
2007-01-05,31.97,31.97,31.97,31.97,500
2007-01-08,32.54,33.35,32.54,32.54,4800
2007-01-09,33.76,33.76,33.76,33.76,900
2007-01-10,33.76,33.76,33.76,33.76,0
2007-01-11,33.76,33.76,33.76,33.76,0
2007-01-12,33.76,33.76,33.76,33.76,1000
2007-01-15,33.76,33.76,33.76,33.76,0
2007-01-16,33.76,33.76,33.76,33.76,0
2007-01-17,33.76,33.76,33.76,33.76,1000
2007-01-18,33.35,33.35,33.35,33.35,200
2007-01-19,31.56,31.56,31.56,31.56,800
2007-01-22,34.65,34.65,31.56,31.56,3000
2007-01-23,36.6,36.6,31.97,31.97,2100
2007-01-24,31.32,31.97,29.04,30.1,11700
2007-01-25,30.1,30.5,30.1,30.5,2300
2007-01-26,30.5,30.5,30.26,30.26,9400
2007-01-29,30.1,30.91,30.1,30.91,9600
2007-01-30,33.35,33.35,33.35,33.35,14400
2007-01-31,36.68,36.68,36.68,36.68,5800
2007-02-01,40.34,40.34,40.34,40.34,5500
2007-02-02,44.33,44.33,44.33,44.33,3200
2007-02-05,48.72,48.72,48.72,48.72,12900
2007-02-06,53.52,53.52,53.52,53.52,28600
2007-02-07,58.81,58.81,58.81,58.81,3600
2007-02-08,64.66,64.66,64.66,64.66,8700
2007-02-09,71.09,71.09,64.26,70.77,41700
2007-02-12,62.96,71.58,62.96,69.14,26100
2007-02-13,69.95,76.46,69.38,73.21,12900
2007-02-14,70.77,71.09,69.55,70.77,15900
2007-02-15,72.23,72.23,69.95,71.58,12400
2007-02-26,78.25,78.25,78.25,78.25,6600
2007-02-27,86.06,86.06,86.06,86.06,3600
2007-02-28,94.6,94.6,85.41,85.41,20400
2007-03-01,103.87,103.87,94.35,94.35,22100
2007-03-02,100.05,101.67,97.61,94.35,10600
2007-03-05,109.48,109.48,100.86,106.47,16400
2007-03-06,117.05,117.05,105.74,113.88,22300
2007-03-07,120.38,120.55,109.81,116.32,10200
2007-03-08,127.95,127.95,114.69,116.32,13700
2007-03-09,119.16,122.01,119.16,120.38,13000
2007-03-12,120.38,120.38,113.88,113.88,11700
2007-03-13,113.06,120.38,107.29,107.29,18600
2007-03-14,101.84,102.49,101.84,107.29,8700
2007-03-15,91.83,91.83,91.83,91.83,18400
2007-03-16,91.83,100.94,82.97,100.94,2300
2007-03-19,104.2,104.2,104.2,104.2,21900
2007-03-20,114.61,114.61,108.18,108.18,4300
2007-03-21,108.18,108.18,104.11,106.55,3500
2007-03-22,95.98,105.74,95.98,105.74,16800
2007-03-23,105.74,105.74,101.67,103.3,2100
2007-03-26,97.85,108.18,97.85,103.3,8700
2007-03-27,94.35,94.35,90.53,103.3,1900
2007-03-28,93.46,93.54,84.51,93.54,8000
2007-03-29,85.41,95.49,85.41,95.49,18800
2007-03-30,103.3,103.3,95.98,95.49,5900
2007-04-02,95.98,101.67,91.91,91.91,8900
2007-04-03,90.29,90.29,88.09,88.09,1300
2007-04-04,79.63,97.2,79.63,97.2,12500
2007-04-05,92.73,97.61,92.73,92.73,21100
2007-04-06,97.61,97.61,89.47,93.54,2200
2007-04-09,92.73,97.61,92.73,97.61,19500
2007-04-10,100.05,104.93,97.61,104.93,14900
2007-04-11,103.3,110.78,103.3,110.78,32200
2007-04-12,118.67,118.67,113.06,118.67,38000
2007-04-13,129.82,129.82,117.94,117.94,13000
2007-04-16,124.45,124.45,110.7,110.7,13100
2007-04-17,104.52,109.81,101.59,101.59,9500
2007-04-18,103.71,109.81,101.67,106.64,28700
2007-04-19,112.25,112.25,101.67,107.29,4300
2007-04-20,105.74,105.74,102.49,102.49,12100
2007-04-23,98.5,102.49,93.54,97.2,6400
2007-04-24,95.98,95.98,89.47,90.29,8300
2007-04-25,94.35,101.35,93.13,101.35,3800
2007-05-02,101.35,105.74,97.61,97.61,4100
2007-05-03,102.49,103.3,101.67,102.49,2100
2007-05-04,103.22,103.22,100.86,100.86,1800
2007-05-07,100.86,100.86,97.69,98.42,4800
2007-05-08,89.64,105.74,89.64,101.67,8900
2007-05-09,104.93,105.74,101.67,101.67,10300
2007-05-10,104.11,104.11,100.86,100.86,3700
2007-05-11,100.05,100.86,98.42,100.05,10700
2007-05-14,97.61,102.49,97.61,101.67,12800
2007-05-15,101.67,103.3,99.23,99.23,16800
2007-05-16,98.42,101.76,98.42,100.86,9800
2007-05-17,100.45,102.49,100.45,102.49,3100
2007-05-18,102.49,111.43,102.49,111.35,32500
2007-05-21,113.06,118.84,113.06,118.84,10100
2007-05-22,130.55,130.63,130.55,130.63,14100
2007-05-23,143.65,143.65,130.14,130.14,53000
2007-05-24,130.14,130.14,128.27,128.27,11400
2007-05-25,115.58,138.28,115.58,131.77,58800
2007-05-28,139.58,139.58,132.58,139.58,49000
2007-05-29,149.66,151.21,140.72,143.97,25100
2007-05-30,143.97,146.41,138.28,143.97,26600
2007-05-31,144.78,145.52,142.34,144.78,32600
2007-06-01,146.41,146.41,138.28,139.5,32700
2007-06-04,139.01,139.01,134.7,135.92,16500
2007-06-05,134.21,134.21,129.33,130.14,22800
2007-06-06,130.14,137.46,126.89,131.77,15500
2007-06-07,134.21,135.02,131.77,135.02,6500
2007-06-08,135.84,137.46,133.32,133.4,7400
2007-06-11,135.84,135.84,133.4,133.4,9300
2007-06-12,134.21,136.65,133.56,136.65,15800
2007-06-13,135.02,138.28,135.02,135.1,17900
2007-06-14,135.43,136.65,135.43,136.24,7100
2007-06-15,135.02,135.02,134.21,135.02,5700
2007-06-18,133.4,135.43,133.4,134.86,4100
2007-06-19,135.43,137.46,133.4,134.05,2600
2007-06-20,133.4,133.4,129.74,133.32,4900
2007-06-21,131.85,131.85,129.74,130.06,15000
2007-06-22,130.22,130.22,122.42,126.08,2700
2007-06-25,126.89,128.11,126.89,127.7,1500
2007-06-26,127.7,128.11,126.89,127.7,4600
2007-06-27,38.23,38.23,37.42,125.26,4300
2007-06-28,122.9,124.04,120.38,122.01,4600
2007-06-29,36.6,36.6,36.6,122.82,1700
2007-07-02,36.6,36.6,33.35,110.3,5300
2007-07-03,30.91,30.91,30.91,102.24,3400
2007-07-04,30.91,32.54,30.91,108.99,10200
2007-07-05,31.72,31.72,28.47,96.79,5400
2007-07-06,29.28,30.91,28.47,101.67,3200
2007-07-09,30.1,30.1,29.28,98.01,2700
2007-07-10,30.1,31.72,30.1,102.89,5800
2007-07-11,31.72,31.72,31.72,105.74,4200
2007-07-12,30.1,31.72,30.1,104.85,4600
2007-07-13,30.91,32.54,30.1,104.93,6900
2007-07-16,30.1,30.91,30.1,100.86,4700
2007-07-17,30.91,30.91,30.91,103.3,900
2007-07-18,31.72,31.72,30.1,103.71,2700
2007-07-19,30.91,30.91,30.1,102.49,12600
2007-07-20,30.91,30.91,30.91,103.3,8100
2007-07-23,31.72,34.16,31.72,113.63,9500
2007-07-24,34.16,35.79,34.16,119.24,9100
2007-07-25,36.6,36.6,31.72,108.59,5400
2007-07-26,31.72,31.72,31.72,105.74,1800
2007-07-27,31.72,31.72,31.72,107.37,600
2007-07-30,31.72,31.72,31.72,106.55,3300
2007-07-31,31.72,31.72,30.1,102.49,1600
2007-08-01,31.72,33.35,31.72,109.89,4600
2007-08-02,31.72,31.72,31.72,105.01,1700
2007-08-03,31.72,31.72,30.91,102.89,1000
2007-08-06,30.91,30.91,30.91,104.11,1900
2007-08-07,30.91,31.72,30.91,105.74,6100
2007-08-08,32.54,32.54,31.72,105.33,3600
2007-08-09,31.72,31.72,31.72,105.33,1900
2007-08-10,31.72,31.72,30.91,104.52,800
2007-08-13,31.72,31.72,30.91,104.11,600
2007-08-14,31.72,31.72,30.91,103.38,2400
2007-08-15,30.91,30.91,30.91,102.49,3700
2007-08-16,30.91,30.91,30.1,102.49,1400
2007-08-17,29.28,29.28,29.28,97.61,6000
2007-08-20,30.91,30.91,30.91,102.08,100
2007-08-21,30.91,30.91,29.28,97.61,2600
2007-08-22,29.28,29.28,28.47,95.98,6100
2007-08-23,27.66,27.66,27.66,92.73,4100
2007-08-24,27.66,29.28,27.66,97.61,5300
2007-08-27,29.28,29.28,28.47,96.79,2900
2007-08-28,28.47,28.47,27.66,95.17,1200
2007-08-29,28.47,28.47,28.47,94.76,1100
2007-08-30,28.47,29.28,27.66,96.79,12600
2007-08-31,29.28,29.28,29.28,98.42,1800
2007-09-04,30.1,30.91,29.28,102.49,3400
2007-09-05,30.91,30.91,30.1,101.19,13300
2007-09-06,30.1,30.1,29.28,101.67,6200
2007-09-07,30.1,30.91,30.1,101.67,4900
2007-09-10,112.0,112.0,110.62,112.0,25800
2007-09-11,36.6,36.6,34.98,122.17,16700
2007-09-12,134.21,134.21,117.94,128.52,36900
2007-09-13,126.08,130.63,118.76,119.57,18900
2007-09-14,122.01,122.01,113.88,117.13,13500
2007-09-17,116.4,127.54,116.32,126.08,15200
2007-09-18,130.14,130.31,124.45,126.08,32200
2007-09-19,130.14,130.14,127.05,130.14,25400
2007-09-20,130.14,131.69,128.52,131.36,20800
2007-09-21,130.14,130.14,127.54,129.33,24100
2007-09-24,130.14,136.65,130.14,135.02,13900
2007-09-25,138.28,139.9,136.65,139.09,18200
2007-09-26,138.28,139.9,136.24,137.06,18200
2007-09-27,139.09,147.63,137.79,146.41,28600
2007-09-28,146.41,157.23,146.41,157.23,29600
2007-10-01,170.81,171.22,170.81,171.22,10900
2007-10-02,188.3,188.3,188.3,188.3,7900
2007-10-03,207.09,207.09,186.27,207.09,88100
2007-10-04,225.96,225.96,209.04,225.96,42600
2007-10-05,243.94,245.89,231.82,245.89,46900
2007-10-08,260.29,260.29,227.75,235.88,20500
2007-10-09,234.26,234.26,219.37,221.24,33900
2007-10-10,213.11,244.1,212.3,239.14,25500
2007-10-11,253.7,253.7,253.7,253.7,37100
2007-10-12,278.99,278.99,260.29,274.03,57000
2007-10-15,301.36,301.36,292.82,301.36,20300
2007-10-16,331.13,331.13,331.13,331.13,14600
2007-10-17,364.24,364.24,353.83,353.83,57800
2007-10-18,400.19,400.52,327.8,344.88,69400
2007-10-19,345.69,380.02,329.42,380.02,62100
2007-10-22,402.14,402.14,383.11,402.14,48800
2007-10-23,131.61,131.61,131.61,131.61,200
2007-10-24,144.7,144.7,144.7,144.7,100
2007-10-25,159.1,159.1,159.1,159.1,400
2007-10-26,174.96,174.96,174.96,174.96,6600
2007-10-29,192.45,192.45,170.81,179.76,92700
2007-10-30,203.35,203.35,168.37,179.6,41700
2007-10-31,177.32,177.32,162.76,162.76,41700
2007-11-01,147.79,180.49,147.79,180.49,40600
2007-11-02,191.64,191.64,163.49,175.69,45900
2007-11-05,178.95,187.08,165.53,170.24,24000
2007-11-06,162.68,166.75,158.61,166.75,20400
2007-11-07,153.73,170.89,153.73,164.31,36000
2007-11-08,159.43,162.68,152.1,153.73,27700
2007-11-09,146.41,146.41,140.64,140.72,44300
2007-11-12,134.21,134.21,127.62,127.62,27900
2007-11-13,129.33,129.33,116.48,116.48,12900
2007-11-14,125.26,128.92,109.81,128.92,99500
2007-11-15,138.28,138.93,126.08,128.52,15100
2007-11-16,122.01,123.64,120.38,123.64,15900
2007-11-19,122.01,122.01,120.38,121.93,22400
2007-11-20,126.08,130.14,114.69,118.35,14900
2007-11-21,115.5,115.91,106.47,113.88,16200
2007-11-22,108.34,119.57,108.34,115.5,25200
2007-11-23,112.25,114.69,112.25,113.06,15200
2007-11-26,113.06,117.94,112.25,115.1,12100
2007-11-27,117.21,121.6,114.69,117.05,25500
2007-11-28,119.57,120.38,117.13,117.94,9200
2007-11-29,117.94,122.01,117.13,120.38,18700
2007-11-30,117.94,117.94,110.62,116.32,33600
2007-12-03,120.38,120.38,113.96,118.35,25300
2007-12-04,118.76,127.78,118.76,126.89,48700
2007-12-05,128.11,134.21,122.82,127.7,32100
2007-12-06,126.08,126.89,120.79,124.37,29000
2007-12-07,122.01,126.89,121.2,125.99,16100
2007-12-10,126.08,126.08,119.57,121.93,12100
2007-12-11,118.02,119.98,117.13,117.21,19400
2007-12-12,116.72,122.82,116.32,118.92,17700
2007-12-13,119.57,119.98,117.13,117.78,16300
2007-12-14,117.94,117.94,116.32,116.97,10300
2007-12-17,115.26,115.5,110.62,112.25,7300
2007-12-18,109.81,115.1,108.99,113.88,9100
2007-12-19,119.57,120.22,117.94,117.94,16900
2007-12-20,117.78,117.78,114.69,115.5,2300
2007-12-21,103.95,116.32,103.95,115.5,9600
2007-12-24,113.88,115.91,113.88,114.69,2800
2007-12-25,114.77,114.77,111.84,113.06,4400
2007-12-26,113.06,117.13,113.06,113.88,7700
2007-12-27,117.94,117.94,113.06,113.88,5600
2007-12-28,114.69,114.69,113.14,113.14,5900
2008-01-02,111.52,113.88,111.52,111.6,1200
2008-01-03,109.81,111.43,109.81,109.81,2500
2008-01-04,106.15,106.15,101.67,104.11,9000
2008-01-07,102.08,102.08,95.98,98.26,6200
2008-01-08,97.61,105.74,97.61,97.61,7000
2008-01-09,100.05,100.45,97.61,97.61,2400
2008-01-10,94.6,94.6,92.32,94.35,4400
2008-01-11,92.73,101.67,92.73,94.35,12500
2008-01-14,94.35,94.35,87.85,87.85,12000
2008-01-15,89.47,89.47,81.26,81.34,12600
2008-01-16,89.64,89.64,85.41,89.64,11500
2008-01-17,97.61,98.1,88.01,93.38,20300
2008-01-18,93.95,97.44,91.1,94.35,12400
2008-01-21,91.1,93.13,91.1,92.73,4800
2008-01-22,91.83,91.83,83.45,87.85,20800
2008-01-23,84.59,85.41,79.71,84.59,11100
2008-01-24,89.39,89.47,78.09,78.09,13900
2008-01-25,82.15,86.22,81.34,83.78,5000
2008-01-28,88.33,90.29,84.59,86.87,27200
2008-01-29,87.03,94.76,87.03,93.54,30700
2008-01-30,99.64,99.64,99.64,99.64,5600
2008-01-31,109.56,109.56,97.61,109.56,61900
2008-02-01,114.69,116.48,113.88,116.48,20900
2008-02-12,122.01,122.01,105.82,116.32,26200
2008-02-13,115.5,115.5,111.43,113.79,14900
2008-02-14,111.43,117.86,111.43,113.88,32700
2008-02-15,111.43,111.43,107.45,109.81,18500
2008-02-18,101.67,105.74,98.83,104.52,21800
2008-02-19,100.05,108.18,99.23,103.3,21600
2008-02-20,102.49,104.11,92.81,94.35,16400
2008-02-21,89.47,89.47,87.68,87.68,15100
2008-02-22,81.34,93.54,81.34,88.66,43400
2008-02-25,93.54,95.41,93.54,95.41,6100
2008-02-26,104.03,104.03,85.81,87.03,22800
2008-02-27,86.22,96.79,86.22,87.85,26300
2008-02-28,96.71,96.71,87.03,89.47,18500
2008-02-29,87.03,90.29,87.03,89.47,15100
2008-03-03,87.85,89.47,80.12,81.34,18400
2008-03-04,77.35,77.35,73.94,73.94,6600
2008-03-05,67.02,73.21,67.02,72.31,32700
2008-03-06,74.34,74.34,74.34,74.34,1900
2008-03-07,81.75,81.75,81.75,81.75,6200
2008-03-10,89.88,89.88,81.75,86.22,49400
2008-03-11,79.31,83.78,78.82,78.82,26800
2008-03-12,80.12,87.03,80.12,82.97,14400
2008-03-13,85.41,87.85,84.59,85.33,17200
2008-03-14,83.78,86.63,80.61,82.97,12100
2008-03-17,76.46,76.87,74.99,74.99,21400
2008-03-18,73.29,73.29,67.92,67.92,30100
2008-03-19,68.0,73.21,65.07,66.78,22400
2008-03-20,67.51,68.33,61.82,63.44,16900
2008-03-21,63.93,64.01,59.78,60.35,17000
2008-03-24,55.31,55.31,55.31,55.31,2600
2008-03-25,49.78,49.78,49.78,49.78,1400
2008-03-26,44.82,54.74,44.82,47.18,26200
2008-03-27,47.99,48.72,47.99,48.72,4000
2008-03-28,49.62,49.62,49.62,49.62,100
2008-03-31,50.59,50.59,50.59,50.59,1900
2008-04-01,51.57,51.57,51.57,51.57,100
2008-04-02,52.55,52.55,52.55,52.55,100
2008-04-03,53.52,53.52,53.52,53.52,300
2008-04-04,54.58,54.58,54.58,54.58,100
2008-04-07,56.21,56.21,56.21,56.21,5500
2008-04-08,57.83,57.83,54.58,57.34,39800
2008-04-09,54.66,54.66,54.58,54.58,6300
2008-04-10,52.95,52.95,52.95,52.95,200
2008-04-11,52.95,52.95,52.95,52.95,0
2008-04-16,51.41,51.41,51.41,51.41,100
2008-04-17,49.94,51.41,49.94,49.94,369500
2008-04-18,48.56,48.56,48.56,48.56,2000
2008-04-21,47.18,47.18,47.18,47.18,200
2008-04-22,45.79,45.79,45.79,45.79,100
2008-04-23,44.49,44.49,44.49,44.49,200
2008-04-24,43.19,43.19,43.19,43.19,100
2008-04-25,41.97,41.97,41.97,41.97,100
2008-04-28,40.75,40.75,40.75,40.75,1100
2008-04-29,39.53,39.53,39.53,39.53,100
2008-05-05,38.39,38.39,38.39,38.39,200
2008-05-06,37.25,37.25,37.25,37.25,600
2008-05-07,36.2,36.2,36.2,36.2,100
2008-05-08,36.2,36.2,36.2,36.2,0
2008-05-09,35.14,35.14,35.14,35.14,5000
2008-05-12,34.16,34.16,34.16,34.16,100
2008-05-13,33.19,33.19,33.19,33.19,100
2008-05-14,32.21,32.21,32.21,32.21,100
2008-05-15,31.32,31.32,31.32,31.32,100
2008-05-16,30.42,30.42,30.42,30.42,100
2008-05-19,29.53,29.53,29.53,29.53,100
2008-05-20,28.71,28.71,28.71,28.71,1700
2008-05-21,27.9,27.9,27.9,27.9,100
2008-05-22,27.09,27.09,27.09,27.09,100
2008-05-23,26.35,26.35,26.35,26.35,100
2008-05-26,25.62,25.62,25.62,25.62,100
2008-05-27,25.62,25.62,25.62,25.62,0
2008-05-28,24.89,24.89,24.89,24.89,800
2008-05-29,24.89,24.89,24.89,24.89,0
2008-05-30,24.16,24.16,24.16,24.16,100
2008-06-02,23.51,23.51,23.51,23.51,100
2008-06-03,22.86,22.86,22.86,22.86,200
2008-06-04,22.86,22.86,22.86,22.86,0
2008-06-05,22.21,22.21,22.21,22.21,100
2008-06-06,21.55,21.55,21.55,21.55,100
2008-06-09,20.99,20.99,20.99,20.99,100
2008-06-10,20.42,20.42,20.42,20.42,3800
2008-06-11,19.85,19.85,19.85,19.85,42500
2008-06-12,19.28,19.28,19.28,19.28,12200
2008-06-13,18.71,18.71,18.71,18.71,19300
2008-06-16,18.22,19.2,18.22,19.2,999800
2008-06-17,18.95,18.95,18.95,18.95,6100
2008-06-18,19.44,19.44,18.46,18.46,145100
2008-06-19,18.55,18.55,18.55,18.55,2000
2008-06-20,17.81,17.81,17.81,17.81,100
2008-06-23,17.16,17.16,17.16,17.16,75400
2008-06-24,16.51,16.51,16.51,16.51,36900
2008-06-25,15.86,17.0,15.86,15.94,515600
2008-06-26,16.02,16.59,15.45,16.02,397100
2008-06-27,15.45,16.27,15.29,16.02,226200
2008-06-30,15.21,16.35,15.21,16.35,211600
2008-07-01,16.59,16.59,16.43,16.59,87400
2008-07-02,17.24,17.24,16.43,17.24,531800
2008-07-03,17.81,17.81,17.81,17.81,23800
2008-07-04,18.46,18.46,18.46,18.46,67500
2008-07-07,19.2,19.2,17.73,18.71,716500
2008-07-08,19.11,19.52,18.06,18.87,420600
2008-07-09,19.52,19.52,18.79,19.52,241400
2008-07-10,20.17,20.25,19.52,20.25,92500
2008-07-11,20.99,20.99,20.99,20.99,20100
2008-07-14,21.8,21.8,21.8,21.8,17300
2008-07-15,22.61,22.61,22.61,22.61,45900
2008-07-16,23.51,23.51,21.72,23.51,548000
2008-07-17,24.16,24.16,24.16,24.16,10000
2008-07-18,25.05,25.05,23.34,24.4,690800
2008-07-21,24.24,24.24,23.75,23.75,59500
2008-07-22,22.86,22.86,22.86,22.86,100
2008-07-23,21.96,21.96,21.96,21.96,2200
2008-07-24,21.15,22.61,21.15,21.15,520900
2008-07-25,20.74,20.82,20.74,20.74,120500
2008-07-28,19.93,21.15,19.93,21.07,252900
2008-07-29,21.15,21.31,20.5,21.31,139200
2008-07-30,21.96,22.04,20.42,21.23,145400
2008-07-31,20.74,20.9,19.44,20.58,224700
2008-08-01,19.52,20.33,19.44,19.44,240400
2008-08-04,18.79,18.79,18.79,18.79,22500
2008-08-05,18.06,18.06,18.06,18.06,3400
2008-08-06,17.41,18.63,17.41,18.06,245100
2008-08-07,17.89,18.46,17.49,18.06,130800
2008-08-08,18.06,18.87,17.89,18.87,120200
2008-08-11,19.36,19.36,19.36,19.36,10200
2008-08-12,20.09,20.09,19.52,20.09,191600
2008-08-13,20.74,20.74,19.68,20.74,234000
2008-08-14,21.31,21.31,20.42,21.31,145900
2008-08-15,22.12,22.12,22.12,22.12,18300
2008-08-18,23.67,23.67,22.86,23.67,194900
2008-08-19,25.3,25.3,23.67,25.3,706000
2008-08-20,26.84,26.84,24.24,26.68,613500
2008-08-21,28.22,28.22,26.76,28.22,96100
2008-08-22,30.1,30.1,30.1,30.1,21500
2008-08-25,32.13,32.13,32.13,32.13,11900
2008-08-26,34.33,34.33,34.33,34.33,100
2008-08-27,36.68,36.68,36.68,36.68,2000
2008-08-28,39.21,39.21,36.68,39.21,1087300
2008-08-29,41.48,41.56,39.04,41.56,529100
2008-09-03,44.17,44.17,44.17,44.17,14900
2008-09-04,47.26,47.26,44.74,47.26,396900
2008-09-05,50.11,50.35,43.92,44.33,714500
2008-09-08,42.7,42.7,42.7,42.7,65800
2008-09-09,39.77,45.14,39.77,39.77,517100
2008-09-10,38.39,40.67,38.15,38.15,120600
2008-09-11,36.36,37.42,36.36,36.36,109800
2008-09-12,33.92,33.92,33.92,33.92,48000
2008-09-15,31.56,35.71,31.56,32.94,608500
2008-09-16,32.54,32.7,30.18,30.18,96800
2008-09-17,28.39,28.39,28.39,28.39,90700
2008-09-18,26.44,26.44,26.44,26.44,10500
2008-09-19,24.65,28.22,24.65,28.22,166600
2008-09-22,28.22,28.22,28.22,28.22,5100
2008-09-23,28.22,29.28,26.27,27.66,410400
2008-09-24,26.84,28.22,26.03,26.84,155300
2008-09-25,25.46,29.04,25.46,29.04,292600
2008-09-26,30.18,30.18,28.55,30.18,357600
2008-09-29,30.91,31.89,28.47,30.75,259200
2008-09-30,28.47,28.47,28.47,28.47,500
2008-10-01,28.47,30.1,27.09,28.47,152400
2008-10-02,28.88,30.1,28.47,29.85,152400
2008-10-03,28.47,29.69,28.31,28.88,90100
2008-10-06,28.88,28.88,26.84,26.84,100700
2008-10-07,25.13,25.13,25.13,25.13,7100
2008-10-08,23.43,24.4,23.43,23.43,197900
2008-10-09,21.8,24.65,21.8,22.29,311800
2008-10-10,20.9,20.9,20.9,20.9,31600
2008-10-13,21.96,21.96,19.52,20.33,92800
2008-10-14,21.64,21.64,21.64,21.64,1600
2008-10-15,23.02,23.1,20.74,23.1,304300
2008-10-16,21.15,22.69,20.9,21.55,123600
2008-10-17,23.26,23.26,21.8,22.61,120100
2008-10-20,22.78,23.91,21.55,21.96,80100
2008-10-21,22.12,23.67,22.12,23.02,181900
2008-10-22,22.21,22.37,21.8,22.04,71900
2008-10-23,20.99,21.15,20.58,20.58,79700
2008-10-24,19.93,19.93,19.28,19.28,78900
2008-10-27,18.14,19.36,18.06,18.06,261300
2008-10-28,16.84,18.71,16.84,18.55,267600
2008-10-29,18.46,18.46,18.14,18.46,133500
2008-10-30,19.11,19.68,19.11,19.68,170300
2008-10-31,20.82,20.82,20.82,20.82,69400
2008-11-03,22.21,22.21,20.74,22.21,382900
2008-11-04,23.1,23.1,22.78,23.1,85500
2008-11-05,24.65,24.65,24.65,24.65,5400
2008-11-06,26.03,26.35,23.59,26.35,583700
2008-11-07,24.81,27.66,24.4,25.78,463000
2008-11-10,27.41,27.41,26.44,27.41,352100
2008-11-11,27.33,27.33,25.46,25.46,158900
2008-11-12,24.08,25.87,24.08,24.56,359000
2008-11-13,22.69,25.13,22.69,24.73,174500
2008-11-14,25.7,25.7,24.08,25.62,273900
2008-11-17,24.4,25.22,23.91,24.16,81000
2008-11-18,23.67,24.0,23.43,23.67,134500
2008-11-19,24.56,24.56,22.45,22.78,90900
2008-11-20,21.47,21.96,21.39,21.39,157100
2008-11-21,19.93,21.8,19.93,21.07,255100
2008-11-24,21.88,21.96,20.58,20.99,184900
2008-11-25,22.45,22.45,21.07,21.96,172000
2008-11-26,21.64,21.96,20.74,20.74,121600
2008-11-27,21.07,21.88,20.17,20.42,140600
2008-11-28,21.07,21.88,20.74,21.88,112400
2008-12-01,23.1,23.18,21.31,22.53,184700
2008-12-02,21.55,21.96,21.31,21.55,94400
2008-12-03,21.8,22.12,21.55,21.8,62500
2008-12-04,22.37,22.69,21.88,22.29,96200
2008-12-05,21.96,21.96,20.82,21.15,96400
2008-12-08,20.9,20.9,19.6,19.85,131300
2008-12-09,20.33,21.15,19.52,20.5,77100
2008-12-10,19.6,19.93,19.11,19.36,68300
2008-12-11,19.6,20.74,19.28,20.33,132900
2008-12-12,20.33,21.64,20.33,21.64,165000
2008-12-15,22.94,22.94,22.37,22.94,183100
2008-12-16,24.0,24.4,21.39,21.55,169600
2008-12-17,22.45,22.94,21.64,22.61,209800
2008-12-18,22.45,22.69,22.04,22.69,100500
2008-12-19,22.86,23.51,22.37,23.18,193800
2008-12-22,24.0,24.56,23.59,24.0,190400
2008-12-23,22.78,22.78,22.45,22.45,152800
2008-12-24,22.53,22.69,21.55,22.21,57500
2008-12-25,21.96,22.53,21.15,21.55,69600
2008-12-26,21.55,22.21,21.15,22.04,76700
2008-12-29,21.31,22.04,21.31,21.72,50300
2008-12-30,21.31,22.12,21.31,21.96,79000
2008-12-31,22.12,22.37,21.72,21.8,72000
2009-01-02,21.8,21.8,21.55,21.8,52800
2009-01-05,21.96,21.96,21.15,21.8,46900
2009-01-06,21.88,23.02,21.55,23.02,147400
2009-01-07,24.0,24.08,23.51,23.91,291500
2009-01-08,22.45,23.59,22.45,22.78,129800
2009-01-09,22.78,23.34,22.78,23.1,92000
2009-01-12,23.18,23.26,22.69,22.86,63500
2009-01-13,22.69,22.69,22.12,22.61,78300
2009-01-14,23.1,23.18,22.45,22.78,56300
2009-01-15,22.78,22.86,22.37,22.61,78900
2009-01-16,22.78,22.86,22.53,22.61,40000
2009-01-19,22.61,22.61,22.12,22.29,31300
2009-01-20,22.04,22.21,21.96,22.21,36700
2009-01-21,22.21,22.21,21.8,21.88,33600
2009-01-22,21.96,22.53,21.96,22.21,8700
2009-01-23,22.12,22.12,21.64,21.72,115400
2009-02-02,21.64,21.8,20.99,21.39,35700
2009-02-03,21.31,21.31,20.01,20.25,114100
2009-02-04,20.33,20.99,19.52,20.33,54300
2009-02-05,19.93,19.93,18.95,18.95,98000
2009-02-06,17.98,20.01,17.98,19.93,111900
2009-02-09,19.93,20.74,19.6,20.66,98300
2009-02-10,20.42,20.42,19.6,19.93,46700
2009-02-11,19.44,19.68,19.11,19.52,58600
2009-02-12,19.11,19.93,19.11,19.77,43300
2009-02-13,19.36,19.6,19.36,19.6,37000
2009-02-16,19.52,20.17,19.2,19.44,82500
2009-02-17,19.11,19.2,18.3,18.71,141400
2009-02-18,18.06,18.3,17.49,17.81,86900
2009-02-19,17.89,18.55,17.65,18.06,125700
2009-02-20,18.06,18.06,17.08,17.98,42600
2009-02-23,17.08,17.49,16.59,16.76,95800
2009-02-24,15.94,16.27,15.7,15.94,126600
2009-02-25,16.76,17.0,16.67,17.0,131000
2009-02-26,18.14,18.14,16.43,17.41,148000
2009-02-27,16.67,17.81,16.59,17.49,88000
2009-03-02,17.08,17.89,16.76,17.41,91800
2009-03-03,16.84,17.08,16.76,16.92,62100
2009-03-04,16.92,17.33,16.84,17.33,50100
2009-03-05,18.06,18.3,17.81,18.06,159900
2009-03-06,17.57,17.89,17.49,17.89,90900
2009-03-09,18.3,18.3,17.81,17.98,83200
2009-03-10,18.06,19.11,17.73,19.11,175600
2009-03-11,19.52,19.77,19.28,19.77,214800
2009-03-12,19.2,19.68,18.46,18.55,203600
2009-03-13,18.87,20.09,18.87,18.95,118000
2009-03-16,19.52,19.77,19.2,19.52,144000
2009-03-17,19.68,20.82,19.68,20.82,259300
2009-03-18,21.96,22.04,21.72,22.04,162900
2009-03-19,23.51,23.51,21.64,21.96,365000
2009-03-20,22.53,22.69,21.31,21.55,255500
2009-03-23,20.5,21.64,20.33,20.33,209800
2009-03-24,21.96,21.96,21.55,21.96,188600
2009-03-25,21.96,22.69,21.15,22.12,191400
2009-03-26,22.78,22.94,21.96,22.21,224500
2009-03-27,22.29,22.78,21.31,21.55,229300
2009-03-30,21.31,21.64,20.66,20.99,158900
2009-03-31,20.17,21.47,19.52,21.39,255000
2009-04-01,21.39,21.8,20.99,21.8,118900
2009-04-02,22.78,23.1,22.12,22.53,204600
2009-04-03,23.59,24.16,22.78,24.16,369700
2009-04-07,25.13,25.7,23.59,25.7,451300
2009-04-08,26.44,26.44,23.83,23.91,361500
2009-04-09,24.4,26.03,23.59,24.24,291800
2009-04-10,25.62,25.78,25.46,25.78,225000
2009-04-13,27.57,27.57,27.41,27.57,121100
2009-04-14,29.36,29.44,27.25,28.22,443200
2009-04-15,26.84,27.66,26.27,26.27,346900
2009-04-16,26.84,27.66,24.65,25.05,386000
2009-04-17,27.09,27.25,23.83,23.83,248500
2009-04-20,22.45,22.45,22.45,22.45,18800
2009-04-21,20.9,21.55,20.9,21.55,351400
2009-04-22,21.88,22.45,21.55,22.45,253600
2009-04-23,22.29,22.94,21.55,21.96,164500
2009-04-24,21.88,21.96,20.66,21.15,180300
2009-04-27,20.5,22.37,20.5,21.15,114900
2009-04-28,20.99,22.69,20.99,22.69,219600
2009-04-29,22.12,23.18,21.96,22.78,194500
2009-05-04,24.24,24.24,24.24,24.24,26500
2009-05-05,25.87,25.87,24.81,25.87,456600
2009-05-06,25.62,25.62,24.08,24.32,342600
2009-05-07,26.03,26.35,25.54,26.19,307600
2009-05-08,24.48,26.35,24.4,25.95,297000
2009-05-11,26.03,26.03,24.81,24.89,287000
2009-05-12,24.4,26.03,23.67,25.62,233200
2009-05-13,26.03,26.27,24.56,25.95,502500
2009-05-14,25.87,26.76,24.81,26.68,371700
2009-05-15,26.44,27.82,26.44,27.82,283100
2009-05-18,29.44,29.44,27.66,27.98,217300
2009-05-19,29.04,29.69,27.66,28.22,350900
2009-05-20,26.84,28.14,26.84,27.57,306600
2009-05-21,26.68,27.98,26.19,27.98,291400
2009-05-22,29.28,29.28,27.66,29.28,962800
2009-05-25,31.15,31.15,30.91,31.15,297100
2009-05-26,33.19,33.27,30.18,30.99,454400
2009-05-27,32.13,32.13,29.77,29.77,262500
2009-05-28,27.82,27.82,27.82,27.82,52000
2009-05-29,25.95,28.06,25.95,27.66,618300
2009-06-01,28.14,28.39,27.17,28.39,195700
2009-06-02,29.93,29.93,28.71,29.12,237000
2009-06-03,29.28,29.28,27.66,28.47,238000
2009-06-04,28.39,30.34,27.09,30.34,673600
2009-06-05,31.64,31.64,31.64,31.64,116100
2009-06-08,33.84,33.84,33.84,33.84,98100
2009-06-09,34.57,35.63,31.48,31.56,679500
2009-06-10,31.32,31.32,30.1,30.34,507700
2009-06-11,30.18,32.45,30.18,32.45,360900
2009-06-12,33.27,33.76,30.91,31.64,291100
2009-06-15,30.58,30.91,30.01,30.1,268600
2009-06-16,28.88,28.88,28.14,28.14,117200
2009-06-17,27.41,28.96,26.19,28.47,298000
2009-06-18,29.2,29.2,28.47,29.2,138400
2009-06-19,30.5,30.75,27.66,28.88,127600
2009-06-22,29.12,29.12,27.09,27.09,133600
2009-06-23,25.3,26.76,25.3,25.3,217000
2009-06-24,25.3,27.09,25.3,27.09,113300
2009-06-25,26.03,28.47,25.78,26.03,174200
2009-06-26,28.22,28.22,25.95,26.11,129400
2009-06-29,26.44,26.44,25.46,25.78,155000
2009-06-30,26.03,26.84,24.81,25.22,146400
2009-07-01,24.16,24.16,23.83,24.16,219200
2009-07-02,25.22,25.54,23.91,25.22,105400
2009-07-03,23.59,25.05,23.18,24.81,46700
2009-07-06,24.65,26.11,24.65,26.11,93000
2009-07-07,27.25,27.25,24.81,25.95,94800
2009-07-08,25.22,26.27,24.97,26.11,127100
2009-07-09,26.03,27.57,26.03,27.33,399400
2009-07-10,27.57,27.66,26.52,26.84,138700
2009-07-13,26.84,27.09,25.62,26.19,54300
2009-07-14,26.84,26.84,24.65,25.13,124600
2009-07-15,26.03,26.03,25.13,25.54,175200
2009-07-16,27.41,27.41,25.62,26.19,77800
2009-07-17,26.03,26.03,25.22,25.46,90600
2009-07-20,25.22,25.22,23.91,24.4,109300
2009-07-21,24.81,25.22,24.4,24.4,95100
2009-07-22,24.81,25.13,24.4,24.56,86400
2009-07-23,25.22,26.44,23.59,26.44,136300
2009-07-24,27.66,27.9,27.66,27.9,134400
2009-07-27,29.61,29.69,27.66,28.79,200700
2009-07-28,27.82,28.79,26.84,26.84,160200
2009-07-29,27.0,28.22,26.6,26.84,105100
2009-07-30,26.19,27.0,26.03,26.84,73900
2009-07-31,28.14,28.22,26.84,27.66,105300
2009-08-03,27.57,28.31,26.84,27.25,49200
2009-08-04,27.98,28.06,27.25,27.49,64000
2009-08-05,27.66,27.66,26.92,27.33,74600
2009-08-06,26.84,27.98,26.84,27.41,81300
2009-08-07,27.25,27.66,27.25,27.49,141800
2009-08-10,28.06,29.44,28.06,29.28,275100
2009-08-11,29.44,30.99,28.79,30.99,510600
2009-08-12,31.64,32.54,30.91,31.4,453000
2009-08-13,32.05,32.13,29.77,29.77,313500
2009-08-14,29.28,29.69,28.55,29.77,188000
2009-08-17,29.04,29.69,28.71,28.88,184200
2009-08-18,28.31,29.44,28.22,29.44,176300
2009-08-19,30.1,30.5,29.28,30.1,219100
2009-08-20,30.34,31.32,29.93,30.5,209500
2009-08-21,30.91,32.45,30.91,31.72,789500
2009-08-24,34.24,34.24,32.78,34.24,813900
2009-08-25,32.54,34.89,32.54,32.94,284900
2009-08-26,33.35,34.16,32.29,33.35,290600
2009-08-27,32.94,34.08,32.37,33.84,334000
2009-08-28,33.35,34.98,33.35,34.57,448300
2009-08-31,35.79,36.77,34.98,36.77,513900
2009-09-01,36.6,36.6,34.41,35.79,278200
2009-09-03,34.16,34.57,33.35,34.0,286800
2009-09-04,33.76,34.81,31.97,33.02,349200
2009-09-07,33.35,33.92,31.32,32.94,260600
2009-09-08,33.35,34.41,32.54,33.84,239500
2009-09-09,33.35,34.0,32.78,33.11,188200
2009-09-10,33.35,34.57,32.78,34.49,428300
2009-09-11,34.98,35.63,34.57,35.14,492600
2009-09-14,35.38,37.5,35.06,37.5,866400
2009-09-15,38.23,38.64,36.11,38.39,414900
2009-09-16,38.23,38.55,36.2,36.6,375500
2009-09-17,36.68,37.01,34.98,35.79,360600
2009-09-18,35.79,38.07,35.38,37.25,327500
2009-09-21,38.64,39.37,38.23,39.37,597900
2009-09-22,41.89,41.89,40.67,41.89,522500
2009-09-23,44.41,44.41,41.48,41.73,676700
2009-09-24,40.91,43.84,40.91,42.22,573600
2009-09-25,42.3,43.52,40.18,43.11,554900
2009-09-28,43.52,44.66,42.13,42.95,571500
2009-09-29,43.52,45.71,42.78,45.71,749800
2009-09-30,47.91,47.91,45.55,47.91,782400
2009-10-01,47.99,49.21,44.33,44.49,635000
2009-10-02,43.11,43.92,42.62,43.92,520300
2009-10-05,42.46,44.33,42.13,42.7,255700
2009-10-06,43.92,45.14,42.38,44.74,440500
2009-10-07,45.55,46.69,44.82,46.69,275500
2009-10-08,49.21,49.21,45.55,48.4,545800
2009-10-09,48.8,50.51,48.8,50.51,839500
2009-10-12,53.93,53.93,53.93,53.93,54200
2009-10-13,57.67,57.67,55.31,57.67,886700
2009-10-14,61.33,61.33,56.77,60.52,811800
2009-10-15,62.55,63.85,56.53,56.86,744500
2009-10-16,57.75,58.4,54.33,57.26,916600
2009-10-19,59.38,59.38,56.94,59.38,527100
2009-10-20,63.44,63.44,60.6,62.22,707100
2009-10-21,61.82,61.82,58.16,59.38,578700
2009-10-22,59.38,59.38,56.94,57.34,420500
2009-10-23,58.56,58.56,54.09,54.09,581100
2009-10-26,51.24,56.94,50.92,52.87,360600
2009-10-27,50.43,50.76,49.13,49.62,404500
2009-10-28,46.36,52.46,46.36,51.57,267200
2009-10-29,51.65,51.65,47.99,49.62,223200
2009-10-30,50.43,51.89,49.21,51.73,263200
2009-11-02,47.5,49.7,47.5,47.5,124300
2009-11-03,47.18,47.18,44.33,44.33,151500
2009-11-04,42.3,45.55,41.81,43.27,333000
2009-11-05,43.76,46.69,43.76,46.53,320000
2009-11-06,48.4,48.97,46.36,46.77,349600
2009-11-09,46.36,46.36,44.98,44.98,119400
2009-11-10,44.33,45.55,42.05,42.7,349600
2009-11-11,42.7,44.25,41.48,43.35,197200
2009-11-12,43.52,44.74,41.48,43.92,227900
2009-11-13,43.76,45.47,42.22,44.66,182700
2009-11-16,44.33,47.26,44.33,47.26,564100
2009-11-17,48.8,48.8,46.44,46.77,183800
2009-11-18,46.36,47.26,44.9,47.18,251700
2009-11-19,48.4,48.4,46.93,47.1,201900
2009-11-20,47.34,47.58,45.96,46.53,181200
2009-11-23,46.2,46.36,43.35,43.44,190100
2009-11-24,43.52,43.92,41.32,41.89,280500
2009-11-25,42.3,42.3,39.37,39.37,278700
2009-11-26,37.99,37.99,37.09,37.09,53000
2009-11-27,34.65,38.96,34.65,34.98,356600
2009-11-30,33.19,37.42,33.19,36.6,132600
2009-12-01,37.01,38.96,37.01,38.88,244800
2009-12-02,39.45,39.45,36.11,36.36,161500
2009-12-03,35.38,37.33,34.89,35.79,127900
2009-12-04,36.52,37.01,35.55,36.85,170600
2009-12-07,36.68,37.42,35.87,37.33,133000
2009-12-08,36.68,36.85,34.98,35.06,81200
2009-12-09,34.16,34.16,33.11,33.11,143300
2009-12-10,32.54,33.76,30.91,30.91,153400
2009-12-11,29.69,30.91,29.28,29.28,129700
2009-12-14,30.1,31.07,27.41,30.83,153100
2009-12-15,29.93,30.75,28.88,29.28,83200
2009-12-16,29.69,29.69,27.74,27.74,82100
2009-12-17,26.11,27.66,25.95,26.76,197400
2009-12-18,26.84,27.9,26.84,27.9,172200
2009-12-21,29.61,29.61,28.47,29.61,81700
2009-12-22,31.32,31.56,30.5,30.75,324400
2009-12-23,30.5,33.43,30.1,33.35,363900
2009-12-24,33.35,34.57,32.13,34.57,243500
2009-12-25,35.79,36.11,35.79,36.11,57600
2009-12-28,38.15,38.64,36.6,38.64,390500
2009-12-29,38.39,39.04,36.6,36.68,448900
2009-12-30,36.2,39.86,36.2,39.69,277800
2009-12-31,40.67,41.32,39.04,41.24,382300
2010-01-04,43.6,43.92,43.52,43.92,42600
2010-01-05,46.93,46.93,45.14,46.36,313800
2010-01-06,45.22,46.77,44.33,44.57,412900
2010-01-07,44.74,45.55,42.7,43.11,429500
2010-01-08,43.84,47.5,41.48,44.74,303500
2010-01-11,45.31,45.47,43.27,43.6,168600
2010-01-12,42.7,44.09,41.08,41.08,300300
2010-01-13,40.67,45.06,39.29,43.92,400900
2010-01-14,44.41,44.41,43.27,44.41,333800
2010-01-15,46.36,46.36,42.78,43.52,154500
2010-01-18,43.52,44.0,41.08,41.32,204600
2010-01-19,38.88,43.11,38.55,42.13,129500
2010-01-20,42.38,42.38,39.21,39.45,115300
2010-01-21,38.23,39.86,37.66,38.07,330600
2010-01-22,35.46,38.88,35.46,38.47,147300
2010-01-25,38.23,39.21,37.82,38.96,112700
2010-01-26,39.77,41.4,39.77,41.4,124200
2010-01-27,43.84,43.92,39.61,40.26,241300
2010-01-28,40.67,40.67,39.04,39.29,143900
2010-01-29,37.82,40.26,37.82,40.02,139600
2010-02-01,39.86,40.67,39.29,39.53,63100
2010-02-02,40.34,40.34,39.45,39.61,68200
2010-02-03,39.45,40.26,39.45,40.1,156700
2010-02-04,40.26,41.48,40.02,41.32,135900
2010-02-05,41.48,41.48,39.86,40.26,158500
2010-02-08,39.86,40.26,39.53,39.86,52600
2010-02-09,39.04,39.86,38.15,38.39,82100
2010-02-10,39.29,40.1,39.29,39.86,62200
2010-02-11,39.04,40.43,38.64,40.26,85100
2010-02-12,40.67,41.16,40.26,40.59,55800
2010-02-22,41.56,41.56,40.34,40.34,36100
2010-02-23,39.86,39.86,39.04,39.12,71700
2010-02-24,38.64,39.61,38.55,39.61,94600
2010-02-25,39.45,40.26,39.12,39.45,41500
2010-02-26,39.45,39.77,39.21,39.37,39500
2010-03-01,39.86,41.73,39.86,41.48,165200
2010-03-02,41.89,43.27,40.83,42.3,442600
2010-03-03,42.3,45.31,42.3,45.31,380400
2010-03-04,47.26,47.26,45.55,46.2,492300
2010-03-05,46.93,47.99,45.63,47.42,345700
2010-03-08,47.99,49.62,46.93,47.42,218400
2010-03-09,46.36,47.1,45.55,46.36,301900
2010-03-10,46.61,48.4,45.39,47.01,416400
2010-03-11,47.18,48.64,47.18,47.66,314500
2010-03-12,47.66,48.4,47.34,47.99,256700
2010-03-15,47.99,49.62,47.83,47.99,259300
2010-03-16,47.18,47.58,45.14,45.47,370200
2010-03-17,45.55,46.28,43.11,44.17,294500
2010-03-18,45.31,46.36,43.76,46.28,159400
2010-03-19,45.96,47.34,44.98,45.14,186900
2010-03-22,45.47,45.55,44.49,44.57,122600
2010-03-23,44.0,44.74,43.19,43.76,144300
2010-03-24,43.76,45.47,43.6,43.92,127800
2010-03-25,43.27,43.92,41.89,42.46,177700
2010-03-26,42.62,43.27,41.89,42.87,109800
2010-03-29,43.52,44.33,42.7,43.35,188200
2010-03-30,44.66,44.66,43.19,43.19,138200
2010-03-31,42.3,43.76,42.05,42.13,144800
2010-04-01,42.3,43.19,41.56,42.7,132300
2010-04-02,43.11,43.92,42.87,43.19,170000
2010-04-05,43.52,45.96,43.52,45.22,245100
2010-04-06,46.28,47.83,46.2,47.18,723400
2010-04-07,47.18,49.62,47.18,49.13,479200
2010-04-08,48.8,51.73,48.8,51.73,669600
2010-04-09,52.87,52.87,48.15,50.02,358200
2010-04-12,47.42,51.16,47.1,48.23,286600
2010-04-13,48.4,48.48,46.36,46.77,295400
2010-04-14,46.36,48.23,46.36,47.99,229400
2010-04-15,48.07,50.84,47.99,50.84,655900
2010-04-16,52.06,52.06,49.7,50.02,300400
2010-04-19,49.62,52.46,47.99,50.84,470600
2010-04-20,50.43,50.84,48.88,49.37,226200
2010-04-21,48.8,52.95,48.8,52.95,920400
2010-04-22,53.03,54.09,48.8,50.35,354800
2010-04-26,51.0,51.0,47.99,47.99,341900
2010-04-27,49.62,50.02,48.4,48.8,250400
2010-04-28,47.99,49.62,47.18,48.07,389300
2010-04-29,50.02,51.24,49.21,49.54,312900
2010-05-04,50.02,51.57,49.78,49.86,242300
2010-05-05,48.48,49.54,47.99,48.8,141800
2010-05-06,48.8,49.54,48.07,49.54,241000
2010-05-07,48.15,48.4,46.44,47.01,315900
2010-05-10,46.36,47.42,44.74,46.28,183400
2010-05-11,46.93,47.99,45.63,46.04,217000
2010-05-12,45.96,45.96,43.27,43.52,323000
2010-05-13,44.33,46.36,43.92,45.06,216900
2010-05-14,44.74,45.14,44.0,44.9,132500
2010-05-17,45.55,46.2,43.44,43.92,117500
2010-05-18,44.57,45.47,43.27,43.6,169600
2010-05-19,42.7,43.76,41.08,41.48,228100
2010-05-20,42.22,43.11,38.8,41.73,270600
2010-05-21,40.67,40.67,38.23,38.23,266500
2010-05-24,38.8,40.18,38.8,39.86,163700
2010-05-25,39.86,40.02,39.04,39.04,167400
2010-05-26,39.69,42.13,39.69,42.13,190500
2010-05-27,41.65,42.62,40.26,42.13,186000
2010-05-28,42.7,44.49,42.7,44.49,201800
2010-05-31,46.36,46.36,43.6,43.68,230900
2010-06-01,43.03,44.33,43.03,44.0,127100
2010-06-02,42.46,44.17,42.46,43.92,163300
2010-06-03,45.31,46.36,43.68,44.49,86100
2010-06-04,45.14,47.99,44.74,46.2,395700
2010-06-07,43.19,45.79,43.19,43.19,352100
2010-06-08,43.11,44.66,42.7,44.25,114700
2010-06-09,44.09,45.39,43.92,43.92,88100
2010-06-10,44.57,44.57,43.52,44.0,49900
2010-06-11,45.06,45.06,43.84,43.84,86700
2010-06-14,44.82,45.88,44.74,45.55,177400
2010-06-15,45.88,46.28,44.66,44.82,170600
2010-06-16,45.55,46.2,44.74,45.31,206900
2010-06-17,45.55,45.55,44.17,44.74,234800
2010-06-18,45.14,45.39,44.33,44.33,137600
2010-06-21,45.14,46.36,44.74,44.82,193500
2010-06-22,45.96,46.12,43.92,44.74,87800
2010-06-23,44.74,45.22,43.92,44.09,114400
2010-06-24,44.74,45.55,43.68,44.33,129800
2010-06-25,44.33,44.57,42.7,42.95,178700
2010-06-28,44.25,44.25,43.11,43.35,90200
2010-06-29,44.41,44.57,43.27,43.6,132400
2010-06-30,42.87,44.33,41.48,42.54,127700
2010-07-01,42.7,43.11,42.05,42.3,112500
2010-07-02,42.54,43.11,42.54,42.62,106300
2010-07-05,43.92,44.49,43.11,43.35,126900
2010-07-06,43.92,43.92,42.3,42.3,163000
2010-07-07,43.11,43.84,42.13,42.3,99000
2010-07-08,43.44,43.76,41.48,42.3,95000
2010-07-09,42.3,42.78,41.89,41.89,105800
2010-07-12,42.46,43.92,42.38,42.78,116600
2010-07-13,43.92,45.39,43.6,43.84,138300
2010-07-14,44.74,45.22,43.52,43.92,74400
2010-07-15,44.25,44.33,42.95,43.03,118000
2010-07-16,43.92,44.98,43.27,43.68,257400
2010-07-19,44.74,46.77,43.92,45.31,395700
2010-07-20,45.96,45.96,44.09,44.09,75100
2010-07-21,44.74,45.55,44.74,44.82,322400
2010-07-22,45.47,45.47,44.0,44.33,83900
2010-07-23,45.06,45.31,43.6,43.6,104200
2010-07-26,44.49,44.49,43.35,43.6,89200
2010-07-27,44.33,44.49,42.95,43.19,89200
2010-07-28,42.3,43.84,41.16,41.89,259400
2010-07-29,42.22,42.22,40.83,41.48,120700
2010-07-30,41.48,42.95,41.16,41.48,104400
2010-08-02,42.62,42.62,40.83,40.83,35400
2010-08-03,41.81,41.81,40.67,40.75,106200
2010-08-04,41.4,41.4,39.21,39.69,58900
2010-08-05,40.59,41.0,39.29,39.94,82900
2010-08-06,39.86,40.26,38.88,39.37,81400
2010-08-09,39.86,40.18,38.23,38.23,148200
2010-08-10,39.21,39.37,36.44,36.77,209000
2010-08-11,37.01,37.74,37.01,37.5,110000
2010-08-12,37.01,37.5,34.89,34.89,140200
2010-08-13,34.16,35.95,34.16,35.87,253000
2010-08-16,36.52,37.99,35.79,37.99,201600
2010-08-17,38.23,38.55,36.44,36.93,91000
2010-08-18,36.2,37.74,35.79,36.03,95400
2010-08-19,36.6,37.25,35.3,35.63,66700
2010-08-20,36.11,36.44,34.24,35.79,120800
2010-08-23,36.11,36.11,34.57,34.89,70900
2010-08-24,35.38,35.46,33.35,33.35,150300
2010-08-25,33.35,34.57,31.48,31.48,190200
2010-08-26,32.13,32.45,30.01,30.75,94800
2010-08-27,31.32,32.54,29.69,30.91,99400
2010-08-30,31.8,34.0,31.8,34.0,131700
2010-08-31,33.35,34.57,33.35,34.0,122800
2010-09-01,34.08,34.65,33.19,34.57,142100
2010-09-06,34.98,36.44,34.98,36.36,174100
2010-09-07,37.33,37.33,34.33,34.98,67400
2010-09-08,34.33,34.89,33.67,34.0,78400
2010-09-09,34.57,35.71,34.0,34.98,74100
2010-09-10,35.71,35.71,32.54,32.94,105600
2010-09-13,33.35,34.0,31.4,31.72,75400
2010-09-14,32.7,33.19,32.13,33.02,39500
2010-09-15,31.8,32.54,31.56,31.64,44300
2010-09-16,31.97,32.13,31.32,31.8,45300
2010-09-17,31.72,33.76,30.91,33.51,79900
2010-09-20,34.98,34.98,32.54,32.94,69400
2010-09-21,33.51,33.84,32.54,33.02,91300
2010-09-22,32.94,33.19,32.29,32.29,41800
2010-09-23,31.8,32.05,30.99,31.48,107100
2010-09-24,32.05,32.37,31.56,31.72,38100
2010-09-27,32.13,33.35,31.97,32.21,67100
2010-09-28,33.67,33.67,32.62,32.78,60700
2010-09-29,33.35,34.33,32.54,32.62,125300
2010-09-30,32.94,32.94,32.54,32.86,53400
2010-10-01,32.62,32.78,32.21,32.29,26500
2010-10-04,33.14,33.65,31.18,31.26,76400
2010-10-05,30.67,31.95,30.67,31.78,78800
2010-10-06,31.95,33.14,31.61,32.46,43800
2010-10-07,32.8,32.8,31.86,31.95,34700
2010-10-08,31.09,32.37,30.67,30.67,44600
2010-10-11,31.78,32.12,30.92,30.92,10500
2010-10-12,31.09,31.61,30.58,30.58,63500
2010-10-13,30.24,31.44,30.24,30.58,35700
2010-10-14,30.75,30.92,30.67,30.67,13300
2010-10-15,30.67,31.01,30.24,30.33,14600
2010-10-18,30.58,30.58,30.24,30.41,8000
2010-10-19,30.58,31.01,28.71,29.13,16400
2010-10-20,28.45,29.31,27.52,27.52,66000
2010-10-21,27.69,27.86,26.83,27.26,20300
2010-10-22,26.66,27.18,25.64,27.01,277800
2010-10-25,25.73,26.24,25.3,25.9,76000
2010-10-26,27.18,27.6,27.09,27.6,126000
2010-10-27,28.11,28.71,27.43,27.43,96900
2010-10-28,26.58,26.83,25.98,25.98,43900
2010-10-29,26.41,26.66,26.41,26.66,26400
2010-11-01,26.66,26.66,26.07,26.15,21100
2010-11-02,26.32,26.32,24.96,25.13,88700
2010-11-03,26.32,26.32,24.96,24.96,70300
2010-11-04,25.22,25.9,24.88,25.73,97800
2010-11-05,26.41,26.92,25.64,25.98,140900
2010-11-08,26.41,26.41,25.05,25.05,48500
2010-11-09,25.13,25.13,24.02,24.02,88000
2010-11-10,25.64,25.64,24.02,25.39,109600
2010-11-11,24.28,24.53,23.94,24.02,59500
2010-11-12,23.94,23.94,22.49,22.83,241700
2010-11-15,23.0,23.0,21.04,21.04,247000
2010-11-16,21.98,21.98,20.45,21.13,117000
2010-11-17,21.3,21.3,20.62,21.3,35900
2010-11-18,21.47,22.4,21.47,22.32,68100
2010-11-19,22.32,22.32,20.62,20.79,104200
2010-11-22,20.36,21.72,20.36,21.72,105600
2010-11-23,21.3,22.4,21.3,22.15,91900
2010-11-24,21.47,22.66,21.38,22.4,98900
2010-11-25,22.32,23.85,22.32,23.85,164300
2010-11-26,25.13,25.22,23.68,25.22,313700
2010-11-29,25.3,26.83,24.45,26.83,167900
2010-11-30,26.41,27.69,25.98,27.69,171300
2010-12-01,26.58,28.45,26.07,26.83,101300
2010-12-02,25.56,28.79,25.22,28.79,303800
2010-12-03,29.73,29.82,29.56,29.82,205100
2010-12-06,31.26,31.86,30.92,31.52,305700
2010-12-07,30.5,31.95,29.39,29.56,195900
2010-12-08,28.96,30.41,28.45,28.45,234800
2010-12-09,27.43,29.82,26.92,28.79,202900
2010-12-10,28.96,29.56,28.62,29.56,178800
2010-12-13,31.18,31.52,31.18,31.52,81800
2010-12-14,33.56,33.65,30.67,31.18,329800
2010-12-15,31.52,33.14,31.09,31.52,204700
2010-12-16,29.9,30.75,29.65,29.65,194000
2010-12-17,30.67,31.44,29.73,31.09,194500
2010-12-20,31.09,31.35,30.24,30.5,101000
2010-12-21,29.39,30.67,28.96,29.56,85000
2010-12-22,30.24,30.24,28.96,28.96,68700
2010-12-23,29.31,29.39,27.69,28.28,72600
2010-12-24,28.37,28.79,28.11,28.45,75200
2010-12-27,28.54,28.62,28.11,28.62,74200
2010-12-28,29.82,30.41,29.39,30.41,72300
2010-12-29,30.67,30.67,28.79,29.39,47200
2010-12-30,29.39,30.24,28.54,28.96,37200
2010-12-31,29.9,30.24,28.79,28.96,61700
2011-01-04,29.65,29.65,29.13,29.13,41700
2011-01-05,29.05,29.22,28.62,28.62,62100
2011-01-06,28.54,28.79,28.45,28.79,21100
2011-01-07,29.48,29.48,28.62,28.79,53900
2011-01-10,28.11,28.37,27.52,27.52,71900
2011-01-11,27.43,27.69,26.92,27.01,53500
2011-01-12,27.26,27.94,27.26,27.69,37500
2011-01-13,27.69,28.11,27.35,27.69,21800
2011-01-14,27.69,27.86,27.26,27.69,47100
2011-01-17,27.6,29.48,27.6,28.71,68600
2011-01-18,28.11,29.39,28.11,28.11,45900
2011-01-19,28.79,28.79,27.77,28.11,48000
2011-01-20,28.11,28.96,28.11,28.11,66000
2011-01-21,28.79,28.88,28.28,28.45,121200
2011-01-24,28.62,28.62,27.43,27.6,43700
2011-01-25,27.26,28.03,27.26,27.69,15700
2011-01-26,28.03,28.11,27.86,28.11,27300
2011-01-27,28.11,28.88,28.11,28.88,11700
2011-01-28,28.2,28.54,28.11,28.11,27400
2011-02-08,28.28,28.28,27.77,27.77,13100
2011-02-09,28.96,28.96,27.94,27.94,17200
2011-02-10,28.37,28.37,27.26,27.69,50100
2011-02-11,27.69,27.94,27.69,27.86,10100
2011-02-14,28.54,28.54,27.69,27.77,30200
2011-02-15,27.94,27.94,26.92,27.26,57400
2011-02-16,26.41,27.26,26.32,26.41,49700
2011-02-17,25.98,25.98,25.3,25.3,68700
2011-02-18,25.56,25.56,23.85,23.85,71000
2011-02-21,23.0,23.0,22.66,22.66,190200
2011-02-22,22.58,22.66,21.72,22.23,145600
2011-02-23,23.0,23.34,22.15,22.58,94800
2011-02-24,22.15,22.4,21.64,22.06,79500
2011-02-25,22.4,23.0,22.15,23.0,51800
2011-02-28,22.83,23.68,22.58,22.58,46700
2011-03-01,22.83,22.92,22.15,22.23,26600
2011-03-02,21.81,21.81,21.13,21.3,126400
2011-03-03,20.87,21.38,20.45,20.53,53100
2011-03-04,20.87,20.87,20.45,20.62,34100
2011-03-07,20.62,21.3,20.62,20.7,45400
2011-03-08,20.87,21.3,20.7,20.7,48600
2011-03-09,20.45,20.79,20.36,20.36,20800
2011-03-10,20.62,21.81,20.62,21.81,81000
2011-03-11,22.83,23.17,22.83,23.17,197800
2011-03-14,23.85,23.85,21.55,21.64,51500
2011-03-15,22.4,22.4,21.3,21.81,31700
2011-03-16,22.06,22.32,21.81,22.06,27400
2011-03-17,22.23,22.58,21.21,21.72,61700
2011-03-18,21.98,23.0,21.98,23.0,107800
2011-03-21,23.0,23.43,22.23,22.32,126000
2011-03-22,22.66,22.66,21.47,21.47,71100
2011-03-23,21.3,22.15,21.3,21.72,37800
2011-03-24,21.89,22.15,21.47,21.55,18600
2011-03-25,21.64,22.06,21.13,21.13,45600
2011-03-28,22.06,22.06,21.3,21.38,13400
2011-03-29,21.64,21.64,20.87,20.96,25300
2011-03-30,20.53,20.96,20.53,20.87,11700
2011-03-31,20.87,21.04,20.79,20.79,14200
2011-04-01,20.87,20.87,20.53,20.62,13300
2011-04-04,20.45,20.45,19.93,19.93,20400
2011-04-05,20.1,20.19,19.76,20.19,14600
2011-04-06,20.19,20.79,20.19,20.7,24200
2011-04-07,20.45,20.53,20.1,20.1,34200
2011-04-08,20.19,20.28,19.93,20.28,30300
2011-04-13,20.02,20.02,19.76,19.85,7700
2011-04-14,19.68,19.68,19.34,19.51,34200
2011-04-15,19.34,19.34,18.74,18.83,37300
2011-04-18,18.91,18.91,17.72,17.98,90900
2011-04-19,18.66,18.66,17.89,18.06,11100
2011-04-20,16.78,18.49,16.78,17.55,17400
2011-04-21,17.89,17.89,17.21,17.29,60500
2011-04-22,17.38,17.38,16.7,17.04,51400
2011-04-25,17.98,18.06,17.89,18.06,45600
2011-04-26,18.06,18.15,16.95,16.95,23700
2011-04-27,17.8,17.8,16.53,17.04,56400
2011-04-28,17.72,17.72,16.53,16.61,6200
2011-04-29,16.95,17.04,16.95,17.04,25600
2011-05-04,17.04,17.04,16.53,16.61,20800
2011-05-05,16.53,16.53,16.27,16.27,23400
2011-05-06,16.27,16.61,16.19,16.44,11200
2011-05-09,16.95,16.95,16.44,16.78,4600
2011-05-10,17.29,17.29,16.7,16.87,11900
2011-05-11,16.36,16.53,16.36,16.36,7400
2011-05-12,16.19,16.36,16.02,16.36,5500
2011-05-13,16.19,16.19,16.02,16.02,10700
2011-05-16,16.19,16.19,14.99,14.99,103800
2011-05-17,15.25,15.25,14.4,14.57,39400
2011-05-18,14.23,14.31,13.8,14.06,53200
2011-05-19,13.97,14.4,13.63,13.63,32500
2011-05-20,13.55,13.55,13.03,13.12,29000
2011-05-23,12.35,12.78,12.35,12.44,109600
2011-05-24,11.84,12.01,11.59,11.59,92500
2011-05-25,10.99,11.07,10.9,10.9,71500
2011-05-26,10.9,11.5,10.22,11.25,85900
2011-05-27,11.25,11.25,11.25,11.25,36100
2011-05-30,11.59,11.76,10.9,11.07,54900
2011-05-31,10.73,11.33,10.73,10.99,16900
2011-06-01,10.65,11.5,10.65,11.5,56100
2011-06-02,12.01,12.18,12.01,12.18,18400
2011-06-03,12.95,13.03,12.27,12.69,194200
2011-06-06,12.1,12.78,12.1,12.52,149300
2011-06-07,12.69,13.12,12.69,13.12,29200
2011-06-08,13.8,13.8,12.78,13.12,69900
2011-06-09,12.78,13.89,12.78,13.89,187900
2011-06-10,14.06,14.23,14.06,14.23,37400
2011-06-13,15.16,15.16,14.4,15.16,110000
2011-06-14,14.99,15.85,14.48,14.65,96800
2011-06-15,14.31,14.4,14.14,14.14,161900
2011-06-16,14.23,14.23,13.46,14.06,51800
2011-06-17,13.46,13.46,12.86,12.95,80000
2011-06-20,13.2,13.29,12.35,12.52,41400
2011-06-21,12.69,13.46,12.61,13.46,53300
2011-06-22,13.2,13.89,13.03,13.46,45600
2011-06-23,13.63,13.63,13.2,13.29,42700
2011-06-24,13.55,13.63,13.29,13.46,39300
2011-06-27,13.72,13.72,13.29,13.37,36500
2011-06-28,13.46,13.46,12.95,13.03,25500
2011-06-29,12.86,13.12,12.69,13.03,31800
2011-06-30,12.86,12.86,12.52,12.69,8500
2011-07-01,12.18,12.35,11.93,12.01,28700
2011-07-04,12.1,12.35,12.1,12.1,12600
2011-07-05,12.78,12.86,12.78,12.86,46400
2011-07-06,12.86,12.95,12.44,12.61,9300
2011-07-07,12.69,13.12,12.52,12.52,3700
2011-07-08,13.46,13.46,12.61,12.86,29700
2011-07-11,12.69,12.69,12.44,12.69,23100
2011-07-12,12.44,12.69,12.27,12.69,32500
2011-07-13,13.03,13.03,12.61,12.78,8900
2011-07-14,13.72,13.72,12.61,12.61,4600
2011-07-15,13.72,13.72,12.61,12.61,2300
2011-07-18,13.12,13.12,12.78,12.78,15000
2011-07-19,13.03,13.03,12.35,12.35,8500
2011-07-20,13.46,13.46,12.44,13.03,4900
2011-07-21,12.61,12.61,12.44,12.61,7600
2011-07-22,12.69,12.69,12.44,12.52,5600
2011-07-25,13.2,13.2,12.44,12.44,17200
2011-07-26,12.69,12.78,12.35,12.78,9400
2011-07-27,13.03,13.12,12.18,12.35,16100
2011-07-28,12.61,12.69,12.52,12.52,12700
2011-07-29,12.44,12.52,12.27,12.35,16700
2011-08-01,12.35,12.35,12.35,12.35,21800
2011-08-02,12.27,12.27,11.84,11.93,23300
2011-08-03,11.84,12.1,11.67,11.76,12800
2011-08-04,12.1,12.61,12.01,12.61,50300
2011-08-05,12.52,12.78,12.44,12.44,4300
2011-08-08,12.69,12.69,12.01,12.01,2700
2011-08-09,11.67,11.67,11.42,11.42,19300
2011-08-10,11.93,12.01,11.76,11.93,6000
2011-08-11,11.33,11.67,11.25,11.67,16500
2011-08-12,11.33,11.42,11.33,11.42,9200
2011-08-15,11.5,11.5,11.25,11.25,24200
2011-08-16,11.33,11.59,11.16,11.42,18900
2011-08-17,11.5,12.1,11.5,12.1,42900
2011-08-18,12.35,12.35,11.93,11.93,7300
2011-08-19,11.93,11.93,11.67,11.93,4900
2011-08-22,11.84,12.61,11.84,12.61,78400
2011-08-23,12.78,12.78,12.18,12.44,40800
2011-08-24,12.95,12.95,12.01,12.18,12300
2011-08-25,12.27,12.44,12.1,12.44,7200
2011-08-26,12.18,12.35,11.93,11.93,9800
2011-08-29,12.35,12.86,12.01,12.86,50500
2011-08-30,13.03,13.55,12.86,12.86,67800
2011-08-31,13.12,13.37,12.95,12.95,84800
2011-09-01,13.03,13.89,12.95,13.89,105700
2011-09-05,13.2,14.14,13.2,14.14,257100
2011-09-06,13.46,14.06,13.29,13.55,43900
2011-09-07,14.31,14.57,14.06,14.57,113600
2011-09-08,15.25,15.25,14.4,14.48,99100
2011-09-09,14.74,14.82,13.89,14.14,90200
2011-09-12,14.31,15.25,14.31,15.25,204800
2011-09-13,15.76,16.02,15.5,16.02,203700
2011-09-14,15.16,16.19,14.82,14.82,180000
2011-09-15,16.19,16.19,14.4,14.4,184300
2011-09-16,14.48,14.48,13.55,13.55,129100
2011-09-19,13.46,14.06,13.46,13.8,29400
2011-09-20,13.72,13.72,13.12,13.29,54300
2011-09-21,13.46,13.63,12.86,13.29,54300
2011-09-22,12.78,14.06,12.52,13.8,36000
2011-09-23,13.63,13.63,13.29,13.37,23300
2011-09-26,13.37,13.46,13.2,13.29,41500
2011-09-27,13.29,13.63,13.2,13.29,44300
2011-09-28,13.37,13.46,13.2,13.2,55800
2011-09-29,13.29,13.29,12.61,12.78,70100
2011-09-30,12.35,12.78,12.35,12.44,26700
2011-10-03,12.44,12.44,12.1,12.18,47300
2011-10-04,12.01,12.44,12.01,12.18,25600
2011-10-05,12.27,12.35,12.1,12.1,20100
2011-10-06,12.61,12.86,12.44,12.86,27000
2011-10-07,12.61,12.69,12.35,12.44,5100
2011-10-10,12.27,12.35,12.1,12.27,32200
2011-10-11,12.61,12.61,12.27,12.27,8500
2011-10-12,12.1,12.44,11.93,11.93,34600
2011-10-13,12.01,12.1,11.84,12.1,10000
2011-10-14,12.1,12.1,11.93,11.93,7300
2011-10-17,12.1,12.1,11.76,11.84,44200
2011-10-18,11.76,11.76,11.67,11.76,27900
2011-10-19,11.84,11.84,11.67,11.84,33500
2011-10-20,12.35,12.35,11.76,12.1,12500
2011-10-21,12.52,12.52,12.18,12.52,17800
2011-10-24,12.52,12.52,11.93,12.1,15700
2011-10-25,12.01,12.01,11.84,11.84,1800
2011-10-26,11.93,11.93,11.76,11.76,9600
2011-10-27,11.93,11.93,11.76,11.76,6700
2011-10-28,11.93,12.52,11.76,12.44,75300
2011-10-31,12.78,13.12,12.18,12.18,18000
2011-11-01,12.1,12.1,11.84,11.84,17100
2011-11-02,11.93,11.93,11.67,11.76,13600
2011-11-03,11.93,11.93,11.5,11.59,9800
2011-11-04,11.59,11.59,11.42,11.5,12600
2011-11-07,11.42,11.42,10.99,11.25,23300
2011-11-08,11.07,11.33,10.73,10.82,25200
2011-11-09,11.5,11.5,10.82,10.82,5400
2011-11-10,10.73,10.73,10.31,10.48,7900
2011-11-11,10.73,10.73,10.48,10.65,2700
2011-11-14,10.22,10.22,10.05,10.05,1800
2011-11-15,10.22,10.31,9.97,10.05,10700
2011-11-16,10.31,10.56,10.14,10.56,6200
2011-11-17,10.14,10.22,10.05,10.22,6400
2011-11-18,9.8,9.97,9.71,9.97,14300
2011-11-21,9.71,10.05,9.71,10.05,3100
2011-11-22,9.54,9.63,9.54,9.63,3500
2011-11-23,9.63,10.05,9.63,9.8,2400
2011-11-24,9.71,9.8,9.63,9.63,4000
2011-11-25,9.63,9.63,9.63,9.63,4800
2011-11-28,10.22,10.22,9.54,10.14,3700
2011-11-29,10.14,10.14,10.14,10.14,900
2011-11-30,9.8,9.8,9.71,9.8,4000
2011-12-01,9.63,9.8,9.63,9.63,5300
2011-12-02,9.71,9.97,9.71,9.97,4600
2011-12-05,10.05,10.48,10.05,10.48,30300
2011-12-06,10.99,11.07,10.22,10.31,17300
2011-12-07,10.22,10.22,10.22,10.22,1300
2011-12-08,10.22,10.22,9.97,9.97,1700
2011-12-09,9.97,9.97,9.71,9.71,22500
2011-12-12,9.71,9.71,9.54,9.54,9100
2011-12-13,9.63,9.63,9.37,9.46,4500
2011-12-14,9.46,9.46,9.03,9.03,11100
2011-12-15,8.6,8.77,8.6,8.6,16500
2011-12-16,8.6,9.12,8.6,8.94,9100
2011-12-19,9.12,9.12,8.52,8.77,5100
2011-12-20,8.26,8.69,8.18,8.35,12100
2011-12-21,8.69,8.69,8.69,8.69,1500
2011-12-22,8.43,8.43,8.09,8.09,15600
2011-12-23,7.84,7.84,7.67,7.75,26500
2011-12-26,7.33,7.5,7.24,7.24,19300
2011-12-27,6.99,6.99,6.82,6.99,28800
2011-12-28,7.24,7.24,6.9,7.16,19900
2011-12-29,6.9,6.99,6.82,6.99,3100
2011-12-30,6.82,7.16,6.82,7.07,7900
2012-01-03,7.41,7.41,6.99,7.16,15500
2012-01-04,7.33,7.41,7.07,7.07,1800
2012-01-05,7.24,7.24,6.99,6.99,1600
2012-01-06,6.82,7.07,6.82,7.07,1000
2012-01-09,6.99,7.16,6.99,7.16,12800
2012-01-10,7.24,7.5,7.24,7.5,15600
2012-01-11,7.33,7.67,7.33,7.33,20500
2012-01-12,6.99,7.07,6.99,7.07,4800
2012-01-13,7.24,7.24,7.16,7.24,10100
2012-01-16,7.33,7.67,7.33,7.67,1300
2012-01-17,7.33,7.33,7.07,7.16,11000
2012-01-18,7.24,7.33,7.07,7.24,13600
2012-01-19,7.67,7.67,7.58,7.67,17200
2012-01-20,8.09,8.09,7.33,7.33,8300
2012-01-30,7.58,7.92,7.58,7.92,3100
2012-01-31,8.09,8.26,7.84,8.09,30000
2012-02-01,7.92,8.01,7.92,8.01,29700
2012-02-02,8.35,8.52,8.35,8.52,81100
2012-02-03,9.03,9.03,8.43,8.52,25000
2012-02-06,8.09,8.09,8.01,8.01,38400
2012-02-07,8.01,8.01,7.58,7.58,19600
2012-02-08,7.33,8.01,7.33,7.92,20700
2012-02-09,7.75,7.92,7.67,7.75,77600
2012-02-10,7.75,7.84,7.41,7.5,17400
2012-02-13,8.09,8.09,8.09,8.09,4500
2012-02-14,8.6,8.6,8.26,8.6,284300
2012-02-15,8.35,8.77,8.01,8.35,157200
2012-02-16,8.09,8.6,8.09,8.6,80300
2012-02-17,8.52,8.94,8.52,8.77,70700
2012-02-20,8.94,9.37,8.77,9.37,137300
2012-02-21,9.8,9.8,9.2,9.4,105400
2012-02-22,9.5,9.9,9.3,9.8,105200
2012-02-23,10.1,10.2,9.6,10.0,84700
2012-02-24,10.2,10.5,10.0,10.0,93200
2012-02-27,10.0,10.6,10.0,10.6,132800
2012-02-28,10.5,10.5,9.7,9.9,118200
2012-02-29,9.6,9.9,9.5,9.8,134600
2012-03-01,9.7,10.2,9.5,10.1,156400
2012-03-02,9.9,10.4,9.8,10.4,76500
2012-03-05,10.5,10.9,10.5,10.9,36300
2012-03-06,11.6,11.6,10.9,11.0,265800
2012-03-07,10.9,11.2,10.7,10.9,100400
2012-03-08,10.5,11.1,10.2,10.3,120200
2012-03-09,11.0,11.0,10.3,10.6,25700
2012-03-12,10.5,10.5,9.9,10.1,104100
2012-03-13,10.3,10.4,9.9,10.1,66200
2012-03-14,10.4,10.4,9.6,9.7,60200
2012-03-15,9.5,10.4,9.5,10.4,53000
2012-03-16,10.8,10.9,10.6,10.7,150700
2012-03-19,10.3,10.7,10.2,10.3,73500
2012-03-20,10.3,10.6,10.3,10.6,37100
2012-03-21,10.8,11.1,10.5,11.0,119800
2012-03-22,11.2,11.3,10.6,11.0,89200
2012-03-23,11.0,11.7,11.0,11.5,178100
2012-03-26,11.8,12.1,11.5,12.1,132600
2012-03-27,12.3,12.6,11.4,11.4,134800
2012-03-28,11.1,11.6,10.8,11.5,108300
2012-03-29,11.5,11.5,10.7,10.7,61000
2012-03-30,10.5,10.6,10.0,10.6,132400
2012-04-03,10.1,10.7,9.9,10.6,68900
2012-04-04,10.6,10.6,10.1,10.2,26400
2012-04-05,10.1,10.6,10.0,10.4,30000
2012-04-06,10.5,10.6,10.3,10.4,54900
2012-04-09,10.6,11.0,10.6,10.9,56300
2012-04-10,10.7,10.9,10.5,10.7,34000
2012-04-11,10.9,11.4,10.8,11.4,183100
2012-04-12,11.9,12.1,11.8,12.1,309900
2012-04-13,12.0,12.1,11.4,11.4,74900
2012-04-16,12.0,12.4,11.6,12.3,74000
2012-04-17,11.9,12.6,11.9,12.0,173800
2012-04-18,12.1,12.4,11.6,11.9,191100
2012-04-19,12.0,12.0,11.4,11.7,107000
2012-04-20,11.6,11.8,11.4,11.5,88700
2012-04-23,11.7,11.7,11.1,11.6,31100
2012-04-24,11.4,12.0,11.2,12.0,74700
2012-04-25,12.0,12.3,11.9,12.0,108700
2012-04-26,12.1,12.4,11.8,11.8,63500
2012-04-27,11.7,12.2,11.7,12.0,41900
2012-05-02,12.4,12.8,12.4,12.8,280900
2012-05-03,12.8,12.8,12.3,12.4,74400
2012-05-04,12.5,13.0,12.4,12.9,107200
2012-05-07,12.9,13.8,12.9,13.8,157000
2012-05-08,14.0,14.2,13.2,13.2,151000
2012-05-09,13.2,13.5,13.0,13.4,95800
2012-05-10,13.4,13.8,13.0,13.4,117800
2012-05-11,13.1,13.1,12.6,12.7,74800
2012-05-14,12.5,12.8,11.9,11.9,125700
2012-05-15,11.8,12.1,11.4,11.4,51200
2012-05-16,11.4,11.8,11.3,11.6,56200
2012-05-17,11.1,11.8,11.1,11.3,37700
2012-05-18,11.0,11.0,10.6,10.7,104000
2012-05-21,10.8,11.3,10.8,11.3,35800
2012-05-22,11.4,11.7,11.0,11.0,23100
2012-05-23,10.9,10.9,10.3,10.3,82800
2012-05-24,10.3,10.3,9.6,10.0,55300
2012-05-25,10.6,10.7,10.6,10.7,38000
2012-05-28,11.2,11.2,10.7,11.2,43200
2012-05-29,10.6,11.0,10.6,10.9,47300
2012-05-30,10.8,11.2,10.7,11.0,16600
2012-05-31,10.6,10.6,10.2,10.3,33700
2012-06-01,10.7,10.7,10.2,10.4,5100
2012-06-04,10.3,10.3,9.9,10.0,43300
2012-06-05,9.8,10.5,9.8,10.2,80400
2012-06-06,10.8,10.8,10.2,10.2,25600
2012-06-07,10.8,10.9,10.3,10.9,48200
2012-06-08,11.0,11.6,10.9,11.3,99500
2012-06-11,10.6,11.5,10.6,11.4,10700
2012-06-12,11.0,11.5,10.8,11.0,29700
2012-06-13,10.8,11.0,10.8,11.0,13600
2012-06-14,10.7,11.2,10.7,11.0,7200
2012-06-15,11.2,11.2,11.0,11.0,9800
2012-06-18,11.3,11.7,11.3,11.7,225000
2012-06-19,12.0,12.4,11.7,12.2,105000
2012-06-20,12.1,12.6,11.9,12.5,116100
2012-06-21,12.4,12.6,12.3,12.4,39900
2012-06-22,12.1,12.1,11.6,11.7,75500
2012-06-25,11.3,11.7,10.9,11.1,36200
2012-06-26,11.0,11.0,10.6,10.7,50400
2012-06-27,10.7,10.7,10.0,10.0,153500
2012-06-28,10.0,10.2,9.5,10.1,17100
2012-06-29,10.0,10.0,9.7,9.7,189000
2012-07-02,9.7,10.0,9.5,9.5,35000
2012-07-03,9.5,9.5,9.1,9.4,23800
2012-07-04,9.4,9.4,9.0,9.0,32400
2012-07-05,9.0,9.6,9.0,9.6,17000
2012-07-06,9.5,9.8,9.4,9.4,20100
2012-07-09,9.0,9.2,8.8,8.9,48800
2012-07-10,8.4,9.0,8.4,9.0,12800
2012-07-11,9.2,9.2,8.6,9.1,7900
2012-07-12,9.1,9.3,9.1,9.2,6000
2012-07-13,9.5,9.9,9.5,9.8,25600
2012-07-16,10.1,10.1,9.3,9.5,20400
2012-07-17,9.0,9.8,9.0,9.8,21800
2012-07-18,9.6,9.7,9.5,9.7,16200
2012-07-19,10.0,10.3,9.5,10.3,69200
2012-07-20,10.2,10.4,9.9,9.9,35100
2012-07-23,9.6,9.7,9.5,9.7,6900
2012-07-24,9.2,9.5,9.1,9.5,2900
2012-07-25,9.5,9.5,9.5,9.5,500
2012-07-26,9.5,9.7,9.3,9.7,18400
2012-07-27,9.7,9.7,9.4,9.6,7500
2012-07-30,9.4,9.4,9.4,9.4,1300
2012-07-31,9.9,9.9,9.2,9.3,22800
2012-08-01,9.1,9.3,9.0,9.3,9800
2012-08-02,9.3,9.5,9.3,9.5,1700
2012-08-03,9.4,9.5,9.2,9.5,17500
2012-08-06,9.7,9.8,9.6,9.8,10100
2012-08-07,9.8,9.8,9.8,9.8,0
2012-08-08,9.8,9.8,9.8,9.8,8600
2012-08-09,9.6,9.8,9.6,9.7,28800
2012-08-10,9.8,10.0,9.5,9.5,28600
2012-08-13,9.3,9.6,9.3,9.6,700
2012-08-14,9.7,9.7,9.4,9.4,10100
2012-08-15,9.4,9.5,9.4,9.5,9400
2012-08-16,9.5,9.5,9.4,9.4,24900
2012-08-17,9.4,9.4,9.0,9.3,15300
2012-08-20,9.3,9.4,9.3,9.4,23700
2012-08-21,9.3,9.3,8.8,8.8,87200
2012-08-22,8.5,8.5,8.2,8.3,50200
2012-08-23,7.8,7.8,7.7,7.7,29600
2012-08-24,7.5,8.2,7.3,7.8,49600
2012-08-27,7.7,7.7,7.3,7.3,45800
2012-08-28,7.2,7.3,6.9,7.2,32000
2012-08-29,7.4,7.7,7.3,7.7,44800
2012-08-30,8.0,8.0,8.0,8.0,100
2012-08-31,7.9,7.9,7.7,7.7,2500
2012-09-04,7.7,7.9,7.4,7.7,25200
2012-09-05,7.3,7.7,7.3,7.7,5800
2012-09-06,7.6,7.6,7.4,7.5,4500
2012-09-07,7.3,7.5,7.3,7.5,5300
2012-09-10,7.2,7.2,7.0,7.0,12800
2012-09-11,6.9,7.1,6.7,7.1,13100
2012-09-12,6.9,6.9,6.7,6.9,7500
2012-09-13,6.8,7.0,6.7,7.0,26800
2012-09-14,7.0,7.2,7.0,7.2,7400
2012-09-17,7.0,7.0,7.0,7.0,6700
2012-09-18,6.7,7.0,6.7,7.0,3100
2012-09-19,6.9,6.9,6.8,6.9,5100
2012-09-20,6.9,6.9,6.5,6.8,16400
2012-09-21,6.7,6.9,6.7,6.9,1500
2012-09-24,6.8,7.0,6.5,6.5,7600
2012-09-25,6.2,6.4,6.1,6.4,22500
2012-09-26,6.4,6.5,6.4,6.5,8900
2012-09-27,6.3,6.6,6.3,6.6,900
2012-09-28,6.3,6.4,6.2,6.4,14900
2012-10-01,6.0,6.3,6.0,6.0,5900
2012-10-02,5.8,6.0,5.6,6.0,10200
2012-10-03,6.0,6.1,6.0,6.0,13400
2012-10-04,6.0,6.0,5.9,6.0,5500
2012-10-05,5.8,5.9,5.8,5.9,5700
2012-10-08,5.9,6.3,5.9,6.3,9100
2012-10-09,6.2,6.3,6.2,6.3,7100
2012-10-10,6.1,6.2,6.1,6.1,9200
2012-10-11,6.4,6.5,6.4,6.4,1700
2012-10-12,6.1,6.3,6.1,6.3,1000
2012-10-15,6.2,6.2,6.0,6.2,1200
2012-10-16,6.1,6.3,6.1,6.3,4900
2012-10-17,6.1,6.3,5.9,6.2,3300
2012-10-18,6.3,6.3,6.1,6.3,6400
2012-10-19,6.1,6.1,5.9,6.0,2800
2012-10-22,5.7,5.7,5.6,5.7,10500
2012-10-23,5.8,5.9,5.8,5.9,1100
2012-10-24,6.0,6.0,6.0,6.0,100
2012-10-25,5.6,5.9,5.6,5.9,16900
2012-10-26,5.9,5.9,5.9,5.9,0
2012-10-29,5.9,5.9,5.9,5.9,0
2012-10-30,5.5,5.8,5.5,5.6,18200
2012-10-31,5.4,5.4,5.4,5.4,6000
2012-11-01,5.4,5.4,5.4,5.4,2000
2012-11-02,5.1,5.1,5.1,5.1,15200
2012-11-05,5.1,5.1,4.8,5.0,5600
2012-11-06,5.0,5.0,4.8,4.8,1300
2012-11-07,5.1,5.1,5.1,5.1,100
2012-11-08,4.9,5.1,4.9,5.1,400
2012-11-09,5.0,5.0,5.0,5.0,9800
2012-11-12,5.2,5.2,5.2,5.2,100
2012-11-13,5.5,5.5,5.4,5.4,7000
2012-11-14,5.6,5.6,5.6,5.6,100
2012-11-15,5.3,5.5,5.3,5.5,2100
2012-11-16,5.2,5.4,5.2,5.4,5700
2012-11-19,5.1,5.1,5.1,5.1,2700
2012-11-20,5.4,5.4,4.8,5.3,3700
2012-11-21,5.1,5.1,5.0,5.1,1400
2012-11-22,5.0,5.0,5.0,5.0,4900
2012-11-23,5.0,5.1,5.0,5.1,3900
2012-11-26,4.8,5.0,4.8,5.0,1900
2012-11-27,5.0,5.0,5.0,5.0,200
2012-11-28,4.9,4.9,4.7,4.9,5400
2012-11-29,4.9,5.0,4.9,5.0,4000
2012-11-30,5.0,5.0,4.9,5.0,1100
2012-12-03,5.3,5.3,4.7,5.0,10300
2012-12-04,5.0,5.0,5.0,5.0,5400
2012-12-05,5.1,5.1,5.0,5.0,16100
2012-12-06,5.0,5.0,5.0,5.0,4200
2012-12-07,4.9,5.0,4.9,5.0,400
2012-12-10,5.1,5.2,5.1,5.1,51400
2012-12-11,5.0,5.0,4.9,4.9,37000
2012-12-12,5.0,5.2,4.9,5.0,53700
2012-12-13,5.0,5.2,5.0,5.2,64200
2012-12-14,5.1,5.3,5.0,5.1,33500
2012-12-17,5.1,5.2,5.0,5.2,23400
2012-12-18,5.2,5.2,5.1,5.1,51600
2012-12-19,5.2,5.4,5.2,5.4,127800
2012-12-20,5.6,5.6,5.4,5.5,33300
2012-12-21,5.5,5.6,5.5,5.5,11900
2012-12-24,5.5,5.7,5.4,5.6,20700
2012-12-25,5.4,5.5,5.2,5.4,160500
2012-12-26,5.3,5.4,5.2,5.4,16300
2012-12-27,5.3,5.6,5.3,5.5,38700
2012-12-28,5.4,5.6,5.3,5.6,48600
2013-01-02,5.6,5.8,5.6,5.8,131400
2013-01-03,6.0,6.2,5.8,6.0,174300
2013-01-04,5.9,6.3,5.9,6.3,50900
2013-01-07,6.1,6.3,6.0,6.0,54000
2013-01-08,5.8,6.0,5.6,6.0,96300
2013-01-09,6.0,6.2,5.7,5.7,67300
2013-01-10,5.7,5.9,5.7,5.9,3000
2013-01-11,5.9,6.0,5.8,5.8,23300
2013-01-14,5.6,5.8,5.4,5.8,34900
2013-01-15,5.9,6.2,5.8,6.1,44500
2013-01-16,6.3,6.7,6.1,6.7,162100
2013-01-17,7.3,7.3,6.7,7.2,209200
2013-01-18,7.1,7.1,6.9,7.0,42300
2013-01-21,6.8,6.8,6.3,6.3,108300
2013-01-22,6.1,6.1,5.8,5.9,132200
2013-01-23,5.9,6.1,5.5,5.8,31700
2013-01-24,6.0,6.1,5.7,6.1,18500
2013-01-25,6.1,6.4,5.8,5.8,20700
2013-01-28,6.0,6.4,6.0,6.3,27900
2013-01-29,6.2,6.3,6.1,6.3,41700
2013-01-30,6.3,6.5,6.2,6.2,14000
2013-01-31,6.3,6.5,6.1,6.2,27600
2013-02-01,6.2,6.2,5.9,6.0,19800
2013-02-04,6.2,6.2,6.0,6.0,4300
2013-02-05,6.0,6.0,5.8,6.0,8100
2013-02-06,6.1,6.1,6.0,6.0,18300
2013-02-07,6.0,6.2,6.0,6.2,5600
2013-02-08,6.4,6.5,6.4,6.4,27300
2013-02-18,6.6,7.0,6.6,6.9,57900
2013-02-19,6.9,7.0,6.7,6.7,61700
2013-02-20,6.8,6.9,6.6,6.8,24100
2013-02-21,6.7,7.0,6.2,6.2,82600
2013-02-22,6.5,6.5,6.1,6.4,13500
2013-02-25,6.5,6.7,6.3,6.7,9700
2013-02-26,6.6,6.6,6.0,6.0,49800
2013-02-27,6.1,6.1,6.0,6.1,5000
2013-02-28,6.7,6.7,6.1,6.3,9100
2013-03-01,6.5,6.5,6.1,6.1,2800
2013-03-04,6.0,6.0,5.6,5.8,30800
2013-03-05,5.5,5.8,5.4,5.4,13800
2013-03-06,5.8,5.8,5.6,5.7,7900
2013-03-07,5.7,5.7,5.5,5.5,5600
2013-03-08,5.5,5.7,5.5,5.6,14300
2013-03-11,5.6,6.0,5.6,5.9,30100
2013-03-12,6.0,6.0,6.0,6.0,1300
2013-03-13,5.7,5.9,5.5,5.9,8900
2013-03-14,5.8,5.9,5.8,5.9,1100
2013-03-15,6.1,6.1,5.9,6.0,3800
2013-03-18,5.9,5.9,5.8,5.9,3900
2013-03-19,5.9,6.1,5.9,5.9,8500
2013-03-20,6.0,6.2,5.5,6.0,7600
2013-03-21,5.8,6.0,5.4,6.0,7600
2013-03-22,5.6,5.6,5.5,5.5,10900
2013-03-25,5.8,5.8,5.5,5.7,6600
2013-03-26,5.6,5.8,5.5,5.7,20100
2013-03-27,5.7,5.8,5.7,5.8,1300
2013-03-28,5.6,5.6,5.6,5.6,100
2013-03-29,5.6,5.7,5.3,5.7,3600
2013-04-01,5.7,5.8,5.7,5.8,18900
2013-04-02,5.7,5.8,5.7,5.7,2100
2013-04-03,5.7,5.8,5.5,5.8,17300
2013-04-04,5.5,5.7,5.4,5.7,5400
2013-04-05,5.4,5.6,5.3,5.5,8700
2013-04-08,5.5,5.5,5.4,5.5,8200
2013-04-09,5.2,5.4,5.2,5.4,11400
2013-04-10,5.2,5.4,4.9,5.3,52700
2013-04-11,5.2,5.3,5.2,5.3,13300
2013-04-12,5.4,5.4,5.2,5.2,6000
2013-04-15,5.1,5.1,4.8,4.8,9100
2013-04-16,4.7,4.9,4.7,4.9,6700
2013-04-17,4.8,5.1,4.7,5.1,1700
2013-04-18,5.0,5.1,4.9,4.9,9400
2013-04-22,4.9,5.3,4.9,5.3,26300
2013-04-23,5.6,5.8,5.4,5.6,51400
2013-04-24,5.6,5.7,5.6,5.7,8100
2013-04-25,5.6,5.7,5.4,5.6,9100
2013-04-26,5.2,5.6,5.2,5.6,4600
2013-05-02,5.2,5.6,5.2,5.6,6700
2013-05-03,5.5,5.6,5.3,5.6,1400
2013-05-06,5.6,5.8,5.5,5.7,15100
2013-05-07,5.6,5.7,5.6,5.7,5800
2013-05-08,5.7,5.8,5.5,5.6,4100
2013-05-09,5.4,5.8,5.4,5.7,15500
2013-05-10,5.7,5.7,5.4,5.4,11000
2013-05-13,5.6,5.6,5.4,5.4,2100
2013-05-14,5.5,5.5,5.3,5.3,6200
2013-05-15,5.2,5.4,5.2,5.4,4600
2013-05-16,5.4,5.8,5.4,5.5,30100
2013-05-17,5.7,5.8,5.5,5.5,14600
2013-05-20,5.7,5.8,5.7,5.8,2600
2013-05-21,5.9,6.1,5.8,6.0,38700
2013-05-22,6.3,6.3,5.9,6.1,29200
2013-05-23,6.2,6.2,6.0,6.1,39800
2013-05-24,6.2,6.2,6.0,6.1,13200
2013-05-27,6.1,6.3,6.1,6.3,36100
2013-05-28,6.5,6.5,6.0,6.4,47000
2013-05-29,6.0,6.6,6.0,6.0,45000
2013-05-30,6.0,6.3,6.0,6.1,33700
2013-05-31,6.5,6.5,6.0,6.2,50200
2013-06-03,6.3,6.3,6.0,6.0,49700
2013-06-04,6.2,6.3,6.0,6.0,59100
2013-06-05,6.1,6.2,6.1,6.2,37600
2013-06-06,6.3,6.6,6.2,6.5,74200
2013-06-07,6.6,7.1,6.5,7.1,126300
2013-06-10,7.2,7.2,6.9,7.0,83700
2013-06-11,6.9,7.0,6.6,6.9,33900
2013-06-12,6.6,6.9,6.6,6.9,50800
2013-06-13,6.9,7.5,6.7,7.5,78500
2013-06-14,7.2,7.8,7.2,7.8,232700
2013-06-17,7.7,8.1,7.2,7.4,40600
2013-06-18,7.5,7.5,7.0,7.4,31700
2013-06-19,7.3,7.5,6.8,6.8,34000
2013-06-20,6.6,7.1,6.6,6.6,36000
2013-06-21,6.5,6.8,6.5,6.6,1100
2013-06-24,6.9,7.2,6.7,7.1,35200
2013-06-25,7.1,7.1,6.4,6.8,46100
2013-06-26,6.8,6.8,6.4,6.8,7800
2013-06-27,6.7,7.0,6.6,6.8,20600
2013-06-28,6.7,6.8,6.6,6.7,38000
2013-07-01,6.3,6.6,6.3,6.6,31300
2013-07-02,6.5,6.7,6.4,6.6,61600
2013-07-03,6.7,6.7,6.4,6.6,12300
2013-07-04,6.6,6.7,6.5,6.6,4400
2013-07-05,6.6,6.6,6.4,6.6,6000
2013-07-08,6.7,7.1,6.4,6.8,18400
2013-07-09,6.9,6.9,6.5,6.8,8800
2013-07-10,6.8,6.8,6.3,6.6,29300
2013-07-11,6.6,6.6,6.2,6.4,18500
2013-07-12,6.5,6.8,6.3,6.8,8500
2013-07-15,6.8,6.8,6.2,6.6,13300
2013-07-16,6.3,6.5,6.3,6.5,9800
2013-07-17,6.1,6.7,6.1,6.5,22700
2013-07-18,6.3,6.5,6.1,6.2,18500
2013-07-19,6.2,6.3,6.2,6.2,3200
2013-07-22,6.2,6.3,6.2,6.3,4300
2013-07-23,6.2,6.3,6.2,6.3,5900
2013-07-24,6.1,6.1,6.0,6.1,8100
2013-07-25,6.1,6.1,6.1,6.1,2000
2013-07-26,6.0,6.0,5.9,5.9,13000
2013-07-29,6.0,6.0,5.9,5.9,2900
2013-07-30,5.8,6.0,5.7,6.0,18300
2013-07-31,6.0,6.0,6.0,6.0,0
2013-08-01,6.1,6.1,5.7,5.8,2800
2013-08-02,5.9,5.9,5.9,5.9,7900
2013-08-05,6.1,6.1,5.9,6.1,2200
2013-08-06,6.0,6.2,6.0,6.2,13500
2013-08-07,6.1,6.2,6.0,6.2,10800
2013-08-08,6.2,6.2,6.2,6.2,12000
2013-08-09,6.1,6.2,6.1,6.2,20000
2013-08-12,6.2,6.2,6.1,6.1,4200
2013-08-13,6.1,6.2,6.1,6.2,13800
2013-08-14,6.1,6.2,6.1,6.1,22900
2013-08-15,6.0,6.2,6.0,6.1,22300
2013-08-16,6.1,6.2,6.0,6.2,18200
2013-08-19,6.1,6.3,6.1,6.2,10900
2013-08-20,6.3,6.4,6.2,6.4,13100
2013-08-21,6.3,6.5,6.3,6.3,8500
2013-08-22,6.4,6.4,6.4,6.4,28600
2013-08-23,6.4,6.6,6.4,6.4,46800
2013-08-26,6.4,6.4,6.4,6.4,29600
2013-08-27,6.4,6.5,6.4,6.5,20400
2013-08-28,6.2,6.2,6.2,6.2,13600
2013-08-29,6.4,6.4,6.4,6.4,100
2013-08-30,6.4,6.4,6.2,6.2,14100
2013-09-03,6.2,6.2,6.2,6.2,2800
2013-09-04,6.0,6.5,5.9,6.2,12500
2013-09-05,6.3,6.3,6.1,6.1,22500
2013-09-06,6.1,6.1,6.1,6.1,600
2013-09-09,5.9,6.2,5.9,6.1,14400
2013-09-10,6.2,6.2,6.2,6.2,3000
2013-09-11,5.9,6.3,5.9,6.3,200
2013-09-12,6.2,6.4,5.9,5.9,23600
2013-09-13,6.0,6.2,6.0,6.0,11200
2013-09-16,6.4,6.6,6.0,6.0,62700
2013-09-17,6.6,6.6,6.5,6.5,90500
2013-09-18,6.5,6.5,6.2,6.2,7000
2013-09-19,6.2,6.4,6.2,6.4,5500
2013-09-20,6.5,6.6,6.3,6.3,8300
2013-09-23,6.4,6.5,6.3,6.5,1333
2013-09-24,6.5,6.8,6.5,6.8,2700
2013-09-25,6.8,6.8,6.8,6.8,0
2013-09-26,6.4,6.4,6.4,6.4,200
2013-09-27,6.6,6.6,6.6,6.6,200
2013-09-30,6.5,6.5,6.3,6.3,2500
2013-10-01,6.4,6.5,6.4,6.5,1391
2013-10-02,6.5,6.5,6.3,6.3,6900
2013-10-03,6.3,6.3,6.3,6.3,1148
2013-10-04,6.3,6.5,6.3,6.5,900
2013-10-07,6.5,6.5,6.3,6.4,8733
2013-10-08,6.3,6.3,6.3,6.3,13400
2013-10-09,6.3,6.5,6.3,6.3,13900
2013-10-10,6.5,6.5,6.3,6.3,28700
2013-10-11,6.3,6.6,6.3,6.6,27600
2013-10-14,6.7,6.8,6.7,6.8,56000
2013-10-15,6.9,7.0,6.8,7.0,55300
2013-10-16,7.0,7.0,6.9,7.0,9600
2013-10-17,6.9,7.0,6.9,7.0,28500
2013-10-18,6.9,7.0,6.9,7.0,26500
2013-10-21,6.8,7.2,6.8,7.2,44400
2013-10-22,7.3,7.3,7.0,7.0,55800
2013-10-23,7.0,7.1,7.0,7.1,11400
2013-10-24,7.4,7.4,7.1,7.3,27600
2013-10-25,7.2,7.4,7.2,7.4,43300
2013-10-28,7.4,7.4,7.3,7.3,29117
2013-10-29,7.4,7.5,7.3,7.4,57400
2013-10-30,7.4,7.6,7.3,7.6,32100
2013-10-31,7.7,7.7,7.6,7.7,51200
2013-11-01,7.8,8.4,7.8,8.4,68800
2013-11-04,8.8,9.2,8.8,9.1,87722
2013-11-05,9.3,9.5,8.6,8.8,42000
2013-11-06,9.0,9.0,8.5,8.8,36600
2013-11-07,8.8,9.1,8.8,8.9,96400
2013-11-08,8.9,9.0,8.8,9.0,82900
2013-11-11,8.8,9.2,8.8,9.2,60100
2013-11-12,9.2,9.5,8.3,9.0,132700
2013-11-13,9.0,9.0,8.9,9.0,35100
2013-11-14,9.0,9.3,9.0,9.0,59920
2013-11-15,8.9,9.1,8.9,9.0,45500
2013-11-18,9.1,9.2,9.0,9.1,64602
2013-11-19,9.1,9.2,9.1,9.1,33900
2013-11-20,9.1,9.9,9.1,9.9,41100
2013-11-21,9.7,9.9,9.7,9.7,93100
2013-11-22,9.6,9.6,9.5,9.7,55622
2013-11-25,9.7,9.7,9.5,9.6,150400
2013-11-26,9.5,9.5,9.2,9.3,36100
2013-11-27,9.3,9.8,9.3,9.6,121600
2013-11-28,9.7,9.7,9.7,9.7,21400
2013-11-29,9.6,9.7,9.5,9.7,74700
2013-12-02,9.7,10.2,9.7,10.2,58400
2013-12-03,10.4,10.8,10.4,10.6,53700
2013-12-04,10.5,11.2,10.5,10.7,57600
2013-12-05,11.2,11.4,11.0,11.4,33300
2013-12-06,11.4,12.0,11.3,11.6,81600
2013-12-09,11.6,12.1,11.6,12.0,15900
2013-12-10,12.0,13.2,12.0,13.2,180001
2013-12-11,13.5,14.0,13.1,13.1,73400
2013-12-12,12.3,14.0,12.2,14.0,56800
2013-12-13,13.3,15.4,13.3,14.6,343300
2013-12-16,14.7,16.0,14.7,16.0,181100
2013-12-17,15.9,16.0,14.6,15.4,53123
2013-12-18,14.6,15.0,14.1,15.0,54039
2013-12-19,14.9,15.0,14.3,14.8,30700
2013-12-20,14.5,15.0,13.6,13.6,39700
2013-12-23,13.6,14.2,13.2,14.2,47900
2013-12-24,14.5,14.5,13.6,13.6,30500
2013-12-25,13.2,13.3,12.8,12.9,29600
2013-12-26,12.8,13.1,11.8,12.3,334400
2013-12-27,12.1,13.5,12.1,13.5,102939
2013-12-30,12.8,12.8,12.3,12.3,20500
2013-12-31,12.2,12.2,11.2,11.8,128500
2014-01-02,12.0,12.0,11.2,11.4,30700
2014-01-03,11.2,11.3,10.9,11.1,34100
2014-01-06,11.1,11.2,10.9,11.2,42600
2014-01-07,11.2,11.2,10.8,10.8,30600
2014-01-08,11.1,11.1,10.8,10.9,32200
2014-01-09,10.8,11.0,10.8,10.9,59600
2014-01-10,10.9,11.3,10.9,11.0,453700
2014-01-13,10.9,11.1,10.9,10.9,101900
2014-01-14,10.9,11.3,10.8,10.9,339700
2014-01-15,10.9,10.9,10.8,10.8,203100
2014-01-16,10.7,10.8,9.8,9.9,334410
2014-01-17,9.6,9.7,9.0,9.0,304000
2014-01-20,8.6,8.9,8.1,8.2,369910
2014-01-21,8.2,8.9,8.2,8.9,40600
2014-01-22,9.0,9.0,8.2,8.2,69100
2014-01-23,8.5,8.7,8.3,8.7,65740
2014-01-24,8.8,8.9,8.5,8.6,59200
2014-01-27,8.7,8.9,8.6,8.7,40303
2014-02-06,8.7,8.9,8.6,8.9,31300
2014-02-07,8.9,9.0,8.8,8.8,49310
2014-02-10,8.8,9.6,8.8,9.6,145900
2014-02-11,9.6,10.1,9.5,9.5,120320
2014-02-12,9.7,10.0,9.4,10.0,95400
2014-02-13,10.0,10.4,10.0,10.2,201900
2014-02-14,10.2,10.3,10.0,10.2,118500
2014-02-17,10.1,11.2,10.0,11.2,158500
2014-02-18,11.5,12.2,11.5,11.9,184000
2014-02-19,11.9,12.0,11.4,11.8,110500
2014-02-20,11.9,11.9,10.7,10.9,298700
2014-02-21,10.7,11.1,10.7,11.1,72800
2014-02-24,11.0,11.5,11.0,11.5,78300
2014-02-25,11.4,11.5,11.0,11.2,83100
2014-02-26,11.2,11.2,10.8,11.2,74800
2014-02-27,11.2,11.5,10.9,10.9,74400
2014-02-28,11.0,11.1,10.8,11.1,60800
2014-03-03,10.8,11.0,10.7,10.8,85100
2014-03-04,10.8,10.9,10.4,10.8,78100
2014-03-05,10.9,10.9,10.8,10.9,48500
2014-03-06,10.9,11.0,10.9,11.0,59420
2014-03-07,10.9,11.1,10.9,11.0,51100
2014-03-10,10.9,11.6,10.8,11.5,103293
2014-03-11,11.7,12.1,11.5,12.0,158907
2014-03-12,12.0,12.2,11.7,11.7,160200
2014-03-13,11.5,12.0,11.5,11.9,110099
2014-03-14,11.9,11.9,11.8,11.9,65700
2014-03-17,12.2,12.9,12.1,12.7,233500
2014-03-18,13.0,13.0,12.6,12.8,112029
2014-03-19,12.8,13.2,12.7,13.0,79000
2014-03-20,12.7,12.8,12.5,12.7,89500
2014-03-21,12.7,13.1,12.7,12.9,68931
2014-03-24,13.1,13.8,13.1,13.5,114700
2014-03-25,13.7,13.7,13.1,13.3,147529
2014-03-26,13.5,13.5,12.1,12.9,158900
2014-03-27,12.8,13.0,12.5,13.0,131100
2014-03-28,13.2,13.7,13.2,13.7,84900
2014-03-31,13.7,14.2,13.7,14.0,124600
2014-04-01,13.7,13.7,13.1,13.1,54800
2014-04-02,13.1,13.1,12.4,12.9,101100
2014-04-03,12.9,13.4,12.9,13.4,47000
2014-04-04,13.4,13.4,12.7,13.0,14000
2014-04-07,13.2,13.2,13.0,13.1,11600
2014-04-08,13.2,13.2,12.9,13.2,19700
2014-04-10,13.0,13.1,12.7,12.9,74600
2014-04-11,12.6,12.8,12.5,12.7,35800
2014-04-14,12.7,12.9,12.5,12.7,32600
2014-04-15,12.3,12.6,12.2,12.4,52495
2014-04-16,12.0,12.1,11.3,11.6,28300
2014-04-17,11.6,11.9,11.6,11.9,13300
2014-04-18,11.1,11.5,10.8,10.8,49500
2014-04-21,11.2,11.2,10.5,10.5,5900
2014-04-22,11.0,11.2,10.5,11.2,12100
2014-04-23,11.1,11.1,10.7,11.0,11800
2014-04-24,10.7,10.9,10.7,10.9,300
2014-04-25,10.9,11.0,10.9,11.0,7400
2014-04-28,11.0,11.0,10.9,10.9,15500
2014-04-29,10.8,10.9,10.7,10.9,5200
2014-05-05,10.5,10.5,10.0,10.0,22200
2014-05-06,9.2,9.9,9.1,9.8,19800
2014-05-07,10.1,10.1,9.7,9.8,5600
2014-05-08,9.2,9.2,8.9,8.9,66700
2014-05-09,8.9,9.4,8.9,9.4,20700
2014-05-12,9.7,9.7,8.5,8.5,12400
2014-05-13,8.5,8.5,8.0,8.0,17100
2014-05-14,8.0,8.8,8.0,8.7,24100
2014-05-15,9.0,9.1,8.1,8.7,25400
2014-05-16,8.9,8.9,8.7,8.9,4500
2014-05-19,9.5,9.5,8.7,9.2,21800
2014-05-20,9.4,9.4,8.9,9.4,23300
2014-05-21,9.4,10.3,9.0,9.0,17600
2014-05-22,9.5,9.6,9.0,9.4,12700
2014-05-23,9.3,9.7,9.2,9.5,1800
2014-05-26,9.3,9.6,9.3,9.6,10200
2014-05-27,9.4,10.2,9.4,10.0,11600
2014-05-28,10.1,10.1,9.7,10.0,15300
2014-05-29,10.0,10.0,9.6,9.6,23300
2014-05-30,9.5,9.7,9.5,9.5,3800
2014-06-02,9.3,9.4,9.3,9.4,5400
2014-06-03,9.1,9.5,9.1,9.4,3500
2014-06-04,9.4,9.5,9.3,9.5,25500
2014-06-05,9.5,10.0,9.5,10.0,4600
2014-06-06,9.9,10.0,9.8,10.0,1500
2014-06-09,10.2,10.2,9.8,9.8,7005
2014-06-10,9.7,9.7,8.9,9.3,9100
2014-06-11,9.8,9.8,9.5,9.8,13600
2014-06-12,10.5,10.5,9.5,9.6,31200
2014-06-13,9.9,9.9,9.8,9.9,7100
2014-06-16,10.1,10.1,9.8,10.0,35900
2014-06-17,9.8,10.1,9.7,9.8,31100
2014-06-18,10.0,10.3,9.9,9.9,45500
2014-06-19,9.7,9.9,9.6,9.9,41600
2014-06-20,9.9,10.1,9.7,9.7,16500
2014-06-23,10.0,10.0,9.7,9.7,4700
2014-06-24,9.7,9.8,9.7,9.7,8300
2014-06-25,9.6,9.9,9.6,9.7,6100
2014-06-26,9.7,9.7,9.6,9.7,49700
2014-06-27,9.6,9.7,9.3,9.5,49300
2014-06-30,9.5,9.6,9.4,9.5,24200
2014-07-01,9.4,9.6,9.4,9.5,20900
2014-07-02,9.6,9.6,9.3,9.6,16900
2014-07-03,9.6,9.8,9.6,9.6,25400
2014-07-04,9.7,9.7,9.6,9.7,27200
2014-07-07,10.0,10.0,9.7,9.7,44900
2014-07-08,9.5,9.8,9.4,9.8,11100
2014-07-09,9.8,9.9,9.7,9.9,30400
2014-07-10,9.7,9.9,9.7,9.7,67300
2014-07-11,9.7,9.8,9.7,9.7,37300
2014-07-14,9.7,9.7,9.6,9.7,19400
2014-07-15,9.7,9.8,9.7,9.8,24900
2014-07-16,9.9,10.0,9.7,9.8,56800
2014-07-17,9.9,9.9,9.5,9.5,17200
2014-07-18,9.6,9.7,9.5,9.6,29400
2014-07-21,9.7,9.7,9.6,9.6,5100
2014-07-22,9.5,9.6,9.5,9.5,8100
2014-07-23,9.7,9.7,9.5,9.5,24500
2014-07-24,9.6,9.7,9.5,9.6,16800
2014-07-25,9.6,9.6,9.4,9.4,36000
2014-07-28,9.4,9.4,9.0,9.0,21100
2014-07-29,9.0,9.3,9.0,9.3,16500
2014-07-30,9.3,9.4,9.3,9.4,5600
2014-07-31,9.4,9.6,9.4,9.6,48000
2014-08-01,9.5,9.6,9.5,9.6,14400
2014-08-04,9.4,9.5,9.4,9.5,1700
2014-08-05,9.8,9.8,9.5,9.6,12900
2014-08-06,9.8,10.5,9.8,10.5,124900
2014-08-07,11.5,11.5,11.0,11.3,172630
2014-08-08,11.5,11.5,10.8,11.0,103300
2014-08-11,12.0,12.1,11.0,11.4,113400
2014-08-12,11.6,11.6,11.0,11.2,34500
2014-08-13,11.2,11.2,10.9,11.2,33300
2014-08-14,11.1,11.2,10.9,10.9,90900
2014-08-15,10.9,11.1,10.7,10.9,33600
2014-08-18,11.0,11.5,10.9,11.3,78200
2014-08-19,11.5,11.9,11.5,11.9,184900
2014-08-20,11.9,12.1,11.9,11.9,66400
2014-08-21,12.0,12.0,11.4,11.4,49800
2014-08-22,11.5,11.8,11.5,11.6,42900
2014-08-25,11.9,12.6,11.6,11.7,85500
2014-08-26,11.7,12.3,11.5,12.3,121400
2014-08-27,12.3,12.5,11.9,12.1,124000
2014-08-28,12.1,12.2,12.0,12.1,89100
2014-08-29,12.1,12.4,11.9,12.0,62900
2014-09-03,12.1,12.5,11.9,11.9,81400
2014-09-04,12.2,13.0,12.1,13.0,383500
2014-09-05,13.5,13.7,13.0,13.1,146300
2014-09-08,13.7,13.9,13.1,13.3,96600
2014-09-09,13.4,13.4,12.0,12.3,351700
2014-09-10,12.4,12.7,11.7,12.6,126000
2014-09-11,12.5,12.6,12.2,12.4,87400
2014-09-12,12.3,12.5,12.2,12.5,140700
2014-09-15,12.5,13.1,12.4,12.8,106400
2014-09-16,12.5,12.7,12.4,12.6,92300
2014-09-17,13.0,13.0,12.4,12.7,141900
2014-09-18,13.0,13.9,12.6,12.8,211100
2014-09-19,12.8,12.9,12.6,12.9,39229
2014-09-22,13.2,13.3,12.7,13.0,109000
2014-09-23,12.9,13.3,12.9,13.0,194100
2014-09-24,12.9,13.0,12.8,12.9,59600
2014-09-25,12.8,13.0,12.8,13.0,81700
2014-09-26,13.0,13.1,12.7,12.7,70400
2014-09-29,12.8,13.0,12.6,12.6,67900
2014-09-30,12.5,12.8,12.5,12.8,36300
2014-10-01,12.9,13.0,12.8,12.9,39200
2014-10-02,13.0,13.0,12.7,12.9,74203
2014-10-03,12.9,13.3,12.9,13.1,180800
2014-10-06,13.3,13.5,13.1,13.3,81848
2014-10-07,13.4,13.8,13.4,13.8,154809
2014-10-08,14.0,14.0,13.2,13.5,122952
2014-10-09,13.8,13.8,13.3,13.3,46300
2014-10-10,13.2,13.2,13.0,13.0,104200
2014-10-13,13.0,13.5,13.0,13.3,153800
2014-10-14,13.3,13.3,13.1,13.1,52400
2014-10-15,12.9,13.0,12.8,12.8,61900
2014-10-16,12.9,13.0,12.6,12.7,98400
2014-10-17,12.7,13.8,12.7,13.1,145100
2014-10-20,13.5,13.7,13.4,13.5,150500
2014-10-21,13.5,13.5,13.2,13.4,47400
2014-10-22,13.2,13.5,13.2,13.4,61200
2014-10-23,13.2,13.5,13.0,13.0,98500
2014-10-24,13.1,13.1,12.9,13.0,99800
2014-10-27,12.8,13.0,12.1,12.4,63900
2014-10-28,12.5,12.6,12.5,12.6,100800
2014-10-29,12.7,12.9,12.7,12.9,46400
2014-10-30,12.9,12.9,12.8,12.8,9300
2014-10-31,12.8,13.0,12.8,13.0,21200
2014-11-03,13.0,13.5,13.0,13.0,79900
2014-11-04,13.1,13.2,13.1,13.2,37100
2014-11-05,13.0,13.1,12.9,13.1,72600
2014-11-06,13.2,13.3,13.0,13.2,93600
2014-11-07,13.2,13.2,12.9,13.2,22400
2014-11-10,13.2,13.2,13.1,13.2,43300
2014-11-11,13.1,13.2,13.1,13.1,18100
2014-11-12,13.2,13.2,13.0,13.1,60700
2014-11-13,13.0,14.0,13.0,13.8,466300
2014-11-14,13.8,13.8,13.5,13.6,16350
2014-11-17,13.6,13.8,13.5,13.7,47800
2014-11-18,13.3,13.6,13.1,13.1,105300
2014-11-19,13.4,13.4,13.0,13.0,42200
2014-11-20,13.4,13.5,13.1,13.5,68900
2014-11-21,13.8,13.8,13.0,13.4,47900
2014-11-24,13.3,13.4,12.9,12.9,86350
2014-11-25,13.7,13.7,12.8,13.2,30100
2014-11-26,13.7,13.7,12.7,13.0,30310
2014-11-27,13.2,13.2,12.8,13.0,10210
2014-11-28,13.5,13.5,12.8,13.0,32228
2014-12-01,13.0,13.0,12.8,12.9,15200
2014-12-02,12.9,13.3,12.8,12.9,26000
2014-12-03,13.4,13.4,12.9,12.9,13500
2014-12-04,13.1,13.1,12.7,12.8,58200
2014-12-05,13.1,13.1,12.8,12.8,13772
2014-12-08,12.9,12.9,12.7,12.7,34300
2014-12-09,12.6,12.6,12.0,12.0,73810
2014-12-10,12.0,12.4,12.0,12.4,48772
2014-12-11,12.1,12.4,12.0,12.1,34100
2014-12-12,12.1,12.2,12.0,12.2,32200
2014-12-15,12.3,12.3,12.0,12.0,12800
2014-12-16,12.1,12.2,11.6,11.6,14075
2014-12-17,12.0,12.1,11.0,11.0,34600
2014-12-18,10.9,11.8,10.9,11.8,28700
2014-12-19,11.9,11.9,11.2,11.2,7800
2014-12-22,11.5,11.7,11.2,11.5,14059
2014-12-23,11.3,11.5,11.1,11.3,28800
2014-12-24,11.3,11.5,11.0,11.4,22900
2014-12-25,11.0,11.5,11.0,11.4,7762
2014-12-26,11.1,11.3,11.1,11.2,18700
2014-12-29,11.4,11.4,10.8,10.8,16599
2014-12-30,10.9,11.4,10.6,11.4,24500
2014-12-31,11.4,11.6,11.4,11.4,38711
2015-01-05,11.4,11.4,11.2,11.2,7800
2015-01-06,10.8,12.2,10.8,12.2,7900
2015-01-07,11.7,12.0,11.4,11.4,10910
2015-01-08,11.5,12.0,11.2,11.4,28700
2015-01-09,11.4,11.7,11.4,11.7,12650
2015-01-12,11.6,11.6,11.4,11.5,6325
2015-01-13,11.2,11.5,11.2,11.5,5600
2015-01-14,11.2,11.5,11.1,11.5,13600
2015-01-15,11.4,11.5,11.4,11.4,15800
2015-01-16,11.4,11.4,11.4,11.4,9500
2015-01-19,11.4,11.4,11.1,11.3,16400
2015-01-20,11.1,11.3,11.1,11.3,8700
2015-01-21,11.2,11.4,11.2,11.3,11600
2015-01-22,11.3,11.5,11.2,11.5,9900
2015-01-23,11.4,11.5,11.4,11.4,15900
2015-01-26,11.5,11.6,11.4,11.5,11849
2015-01-27,11.4,11.5,11.3,11.4,21325
2015-01-28,11.4,11.6,11.4,11.6,16373
2015-01-29,11.7,11.7,11.5,11.6,1700
2015-01-30,11.6,11.6,11.5,11.6,32800
2015-02-02,11.5,11.5,11.3,11.4,7100
2015-02-03,11.2,11.3,11.2,11.3,11600
2015-02-04,11.2,11.3,11.1,11.2,5300
2015-02-05,11.1,11.4,11.1,11.2,7900
2015-02-06,11.3,11.3,11.3,11.3,400
2015-02-09,11.3,11.3,11.0,11.3,18700
2015-02-10,11.1,11.5,10.9,11.4,23600
2015-02-11,11.4,11.5,11.4,11.5,4026
2015-02-12,11.5,11.8,11.5,11.8,6100
2015-02-13,11.5,11.5,11.2,11.2,44927
2015-02-24,11.0,11.1,10.8,11.0,34000
2015-02-25,10.9,11.0,10.7,10.9,65019
2015-02-26,10.5,10.8,10.5,10.8,21300
2015-02-27,10.8,11.0,10.8,10.8,38400
2015-03-02,10.8,11.4,10.8,11.4,27700
2015-03-03,11.3,11.4,11.0,11.4,29000
2015-03-04,11.4,11.4,11.4,11.4,5000
2015-03-05,11.2,11.3,11.0,11.0,49100
2015-03-06,9.9,11.2,9.9,11.2,18600
2015-03-09,11.1,11.2,10.9,11.1,17200
2015-03-10,11.1,11.1,10.9,11.0,5300
2015-03-11,11.0,11.0,10.8,10.9,30300
2015-03-12,11.0,11.0,10.9,10.9,3200
2015-03-13,10.9,10.9,10.9,10.9,20700
2015-03-16,10.8,10.9,10.7,10.8,16700
2015-03-17,10.8,10.8,10.7,10.7,14600
2015-03-18,10.7,10.7,10.6,10.7,14700
2015-03-19,10.7,10.7,10.6,10.7,15000
2015-03-20,10.6,10.7,10.6,10.7,4200
2015-03-23,10.6,10.7,10.5,10.5,13100
2015-03-24,10.6,10.6,10.5,10.5,11400
2015-03-25,10.5,10.5,10.4,10.5,6600
2015-03-26,10.5,10.8,10.5,10.8,9400
2015-03-27,10.6,10.6,10.5,10.5,9000
2015-03-30,10.7,10.7,10.4,10.4,1300
2015-03-31,10.4,10.4,10.3,10.4,19500
2015-04-01,10.1,10.3,10.0,10.3,19100
2015-04-02,10.1,10.4,10.1,10.4,6900
2015-04-03,10.2,10.3,10.0,10.3,14700
2015-04-06,10.1,10.3,10.1,10.3,1350
2015-04-07,10.0,10.3,10.0,10.3,21542
2015-04-08,10.3,10.4,10.2,10.4,17000
2015-04-09,10.4,10.4,10.4,10.4,18400
2015-04-10,10.3,10.4,10.3,10.4,16200
2015-04-13,11.0,11.1,11.0,11.1,1000
2015-04-14,10.3,10.8,10.3,10.8,5800
2015-04-15,10.3,10.6,10.3,10.6,5600
2015-04-16,10.6,10.6,10.6,10.6,0
2015-04-17,10.2,10.5,10.2,10.5,3500
2015-04-20,10.3,10.5,10.3,10.5,2000
2015-04-21,10.5,10.5,10.5,10.5,0
2015-04-22,10.4,10.9,10.4,10.6,42000
2015-04-23,10.6,11.0,10.6,10.7,22510
2015-04-24,10.9,11.2,10.8,11.1,61258
2015-04-27,11.0,11.0,11.0,11.0,2500
2015-05-04,10.9,11.0,10.0,10.8,33700
2015-05-05,10.7,10.7,10.3,10.6,30200
2015-05-06,10.3,10.3,10.0,10.0,4900
2015-05-07,9.7,10.4,9.7,10.3,25100
2015-05-08,9.9,10.2,9.8,10.2,23300
2015-05-11,10.0,10.1,10.0,10.0,4110
2015-05-12,10.0,10.0,10.0,10.0,11400
2015-05-13,9.7,9.9,9.0,9.9,13200
2015-05-14,9.6,10.2,9.6,10.2,20500
2015-05-15,10.1,10.2,9.9,9.9,46000
2015-05-18,9.5,9.8,9.4,9.7,5400
2015-05-19,9.4,9.9,9.3,9.9,8300
2015-05-20,9.9,10.2,9.9,10.2,35700
2015-05-21,9.8,10.3,9.8,10.2,42600
2015-05-22,10.2,10.2,10.0,10.2,6200
2015-05-25,9.9,10.2,9.9,10.2,3900
2015-05-26,10.0,10.3,10.0,10.3,5400
2015-05-27,10.2,10.3,10.2,10.2,32100
2015-05-28,10.2,10.5,10.1,10.5,25100
2015-05-29,10.3,10.4,10.2,10.4,24010
2015-06-01,10.4,10.5,10.4,10.5,400
2015-06-02,10.3,10.3,10.0,10.3,10700
2015-06-03,10.2,10.2,10.1,10.1,7300
2015-06-04,10.0,10.0,10.0,10.0,10400
2015-06-05,9.7,10.1,9.7,10.1,6100
2015-06-08,10.0,10.1,9.5,10.1,10400
2015-06-09,9.7,9.7,9.2,9.7,37400
2015-06-10,9.6,10.0,9.5,10.0,37800
2015-06-11,10.0,10.4,9.6,10.0,76500
2015-06-12,9.8,10.1,9.8,9.8,14300
2015-06-15,10.0,10.7,10.0,10.7,81500
2015-06-16,10.7,11.5,10.4,10.9,62500
2015-06-17,10.8,10.8,10.4,10.4,9500
2015-06-18,9.6,10.7,9.6,10.7,41000
2015-06-19,10.2,10.6,9.9,10.0,36900
2015-06-22,10.6,10.6,10.0,10.4,33800
2015-06-23,10.5,10.5,10.0,10.3,5000
2015-06-24,10.0,10.2,10.0,10.1,21200
2015-06-25,10.1,10.1,10.0,10.0,12900
2015-06-26,10.0,10.2,10.0,10.2,11300
2015-06-29,9.9,9.9,9.9,9.9,7500
2015-06-30,9.8,9.9,9.8,9.8,10800
2015-07-01,9.8,9.9,9.7,9.9,2000
2015-07-02,9.7,10.1,9.7,10.1,2910
2015-07-03,10.3,10.3,10.0,10.2,68100
2015-07-06,10.2,10.2,10.0,10.2,18200
2015-07-07,10.1,10.1,10.0,10.1,22298
2015-07-08,10.0,10.1,10.0,10.0,33900
2015-07-09,10.0,10.1,9.7,9.7,63100
2015-07-10,10.1,10.3,10.0,10.1,71200
2015-07-13,10.2,10.3,10.0,10.0,48100
2015-07-14,10.0,10.1,9.9,10.0,19600
2015-07-15,10.0,10.0,9.7,9.7,27300
2015-07-16,9.8,9.8,9.7,9.8,21800
2015-07-17,9.8,10.0,9.6,9.6,16800
2015-07-20,9.9,9.9,9.7,9.9,3000
2015-07-21,9.9,9.9,9.7,9.8,2300
2015-07-22,9.8,9.8,9.6,9.8,6100
2015-07-23,9.5,9.9,9.5,9.9,5200
2015-07-24,9.8,9.8,9.7,9.8,23700
2015-07-27,9.8,9.9,9.8,9.9,1600
2015-07-28,9.9,10.0,9.6,9.9,38100
2015-07-29,9.9,9.9,9.8,9.9,27100
2015-07-30,9.9,9.9,9.6,9.6,36000
2015-07-31,9.6,9.8,9.6,9.8,3100
2015-08-03,9.1,9.8,9.1,9.8,1600
2015-08-04,9.1,9.5,8.9,9.3,15000
2015-08-05,9.5,9.5,9.2,9.3,48100
2015-08-06,9.5,9.7,9.1,9.1,64400
2015-08-07,9.6,10.0,9.6,9.6,262800
2015-08-10,10.5,10.5,10.5,10.5,55256
2015-08-11,11.5,11.5,11.2,11.5,68500
2015-08-12,12.6,12.6,11.1,11.6,346700
2015-08-13,11.8,12.2,11.3,11.3,80450
2015-08-14,11.5,11.7,11.0,11.7,65000
2015-08-17,11.5,11.7,10.9,10.9,123406
2015-08-18,10.5,11.9,10.5,11.1,275400
2015-08-19,11.2,11.5,11.0,11.1,76200
2015-08-20,10.8,11.3,10.8,10.9,24600
2015-08-21,10.3,11.1,9.9,10.7,77700
2015-08-24,10.3,10.7,9.7,9.7,186000
2015-08-25,9.7,10.2,9.7,10.1,48700
2015-08-26,10.2,10.5,10.1,10.4,149500
2015-08-27,10.4,10.8,10.4,10.5,168600
2015-08-28,10.6,10.7,10.5,10.5,157900
2015-08-31,10.7,10.8,10.4,10.5,40600
2015-09-01,10.7,10.7,10.4,10.5,54500
2015-09-03,10.2,10.5,10.2,10.5,32300
2015-09-04,10.5,10.6,10.4,10.5,104700
2015-09-07,10.8,10.8,10.5,10.5,41600
2015-09-08,10.5,10.7,10.5,10.5,46440
2015-09-09,10.7,11.5,10.6,10.6,106700
2015-09-10,10.7,11.1,10.7,11.0,151800
2015-09-11,10.9,11.1,10.9,10.9,57240
2015-09-14,11.0,11.1,10.8,10.8,67149
2015-09-15,10.8,10.9,10.8,10.8,134100
2015-09-16,10.8,11.1,10.4,10.4,72500
2015-09-17,10.9,11.2,10.9,10.9,141500
2015-09-18,11.0,11.1,10.9,11.0,20900
2015-09-21,11.3,11.3,11.1,11.1,25400
2015-09-22,11.1,11.2,10.9,10.9,22000
2015-09-23,10.9,11.2,10.9,11.1,83500
2015-09-24,11.2,11.3,11.1,11.1,65300
2015-09-25,11.0,11.0,11.0,11.0,100
2015-09-28,11.0,11.4,11.0,11.4,62700
2015-09-29,11.1,11.2,11.0,11.1,40800
2015-09-30,11.0,11.0,11.0,11.0,27246
2015-10-01,11.0,11.0,10.9,11.0,5200
2015-10-02,11.0,11.0,11.0,11.0,35100
2015-10-05,11.0,11.2,11.0,11.2,25100
2015-10-06,11.2,11.4,11.2,11.4,27000
2015-10-07,11.0,11.0,10.8,10.8,9100
2015-10-08,11.0,11.0,10.6,10.6,64900
2015-10-09,10.8,10.9,10.6,10.6,48700
2015-10-12,10.9,10.9,10.6,10.7,36400
2015-10-13,10.7,11.0,10.7,10.7,156600
2015-10-14,10.9,11.0,10.7,11.0,107100
2015-10-15,11.0,11.0,11.0,11.0,0
2015-10-16,10.9,10.9,10.6,10.7,18800
2015-10-19,10.7,10.7,10.6,10.6,3800
2015-10-20,10.5,10.7,10.5,10.7,19000
2015-10-21,10.8,10.8,10.3,10.7,14900
2015-10-22,10.4,10.7,10.3,10.7,6200
2015-10-23,10.3,10.7,10.3,10.7,1100
2015-10-26,10.2,10.6,10.1,10.6,3900
2015-10-27,10.5,10.5,10.3,10.3,1000
2015-10-28,10.4,10.4,10.4,10.4,500
2015-10-29,10.4,10.4,9.4,9.9,97600
2015-10-30,9.9,10.2,9.7,9.7,11005
2015-11-02,10.0,10.0,9.5,9.5,19200
2015-11-03,9.4,9.5,9.0,9.4,30200
2015-11-04,9.4,9.5,9.3,9.4,52700
2015-11-05,9.5,9.6,9.5,9.6,8300
2015-11-06,9.6,9.6,9.6,9.6,0
2015-11-09,9.4,10.0,9.4,10.0,3100
2015-11-10,9.7,10.0,9.6,10.0,8200
2015-11-11,10.0,10.0,10.0,10.0,0
2015-11-12,9.9,9.9,9.9,9.9,300
2015-11-13,9.8,9.8,9.3,9.8,8300
2015-11-16,9.5,9.8,9.3,9.7,12700
2015-11-17,9.6,9.9,9.1,9.1,22500
2015-11-18,9.3,9.7,9.1,9.7,18400
2015-11-19,9.3,9.6,9.3,9.6,5943
2015-11-20,9.3,9.6,9.3,9.6,5100
2015-11-23,9.6,9.7,9.5,9.5,22400
2015-11-24,9.3,9.4,9.3,9.4,3700
2015-11-25,9.4,9.4,9.4,9.4,0
2015-11-26,9.4,9.5,9.4,9.4,1000
2015-11-27,9.6,9.6,9.6,9.6,100
2015-11-30,9.6,9.7,9.2,9.2,15800
2015-12-01,9.2,9.2,9.2,9.2,1500
2015-12-02,9.2,9.2,9.2,9.2,0
2015-12-03,9.2,9.3,9.2,9.3,3100
2015-12-04,9.5,9.5,9.5,9.5,11800
2015-12-07,9.5,9.5,9.4,9.5,53400
2015-12-08,9.5,9.6,9.4,9.4,26510
2015-12-09,9.5,9.5,9.5,9.5,100
2015-12-10,9.4,9.5,9.4,9.5,20000
2015-12-11,9.0,9.5,9.0,9.5,600
2015-12-14,9.5,9.5,9.5,9.5,0
2015-12-15,9.5,9.5,9.5,9.5,0
2015-12-16,9.5,9.5,9.5,9.5,0
2015-12-17,9.4,9.5,9.4,9.4,41000
2015-12-18,9.4,9.5,9.3,9.4,29400
2015-12-21,9.4,9.4,9.4,9.4,0
2015-12-22,9.3,9.4,9.3,9.3,35600
2015-12-23,9.3,9.3,9.2,9.3,24700
2015-12-24,9.3,9.4,9.2,9.3,66000
2015-12-25,9.3,9.3,9.3,9.3,0
2015-12-28,9.3,9.4,9.2,9.3,98700
2015-12-29,9.3,9.6,9.3,9.6,55300
2015-12-30,9.5,9.6,9.3,9.6,5300
2015-12-31,9.4,9.6,9.4,9.6,8500
2016-01-04,10.0,10.0,10.0,10.0,100
2016-01-05,10.0,10.0,10.0,10.0,0
2016-01-06,10.0,10.0,10.0,10.0,0
2016-01-07,9.7,10.0,9.7,10.0,8700
2016-01-08,9.2,9.8,9.2,9.8,700
2016-01-11,9.8,9.8,9.8,9.8,0
2016-01-12,9.8,9.8,9.8,9.8,0
2016-01-13,8.9,9.7,8.9,9.7,333
2016-01-14,8.8,9.8,8.8,9.8,4400
2016-01-15,9.8,9.8,9.8,9.8,0
2016-01-18,9.3,9.3,8.9,8.9,22400
2016-01-19,8.1,9.1,8.1,9.1,1300
2016-01-20,9.6,9.6,9.6,9.6,100
2016-01-21,9.6,9.6,9.6,9.6,0
2016-01-22,8.9,9.6,8.9,9.6,800
2016-01-25,9.6,9.6,9.6,9.6,0
2016-01-26,8.9,8.9,8.8,8.8,2200
2016-01-27,8.7,9.5,8.7,9.5,4100
2016-01-28,9.0,9.2,9.0,9.2,600
2016-01-29,9.0,9.0,9.0,9.0,500
2016-02-01,9.0,9.0,9.0,9.0,600
2016-02-02,9.0,9.0,9.0,9.0,500
2016-02-03,9.5,9.5,9.5,9.5,100
2016-02-04,9.5,9.5,9.5,9.5,0
2016-02-05,9.7,9.7,9.7,9.7,100
2016-02-15,9.4,9.4,9.4,9.4,300
2016-02-16,9.4,9.4,9.4,9.4,0
2016-02-17,9.4,9.4,9.4,9.4,0
2016-02-18,9.4,9.4,9.4,9.4,0
2016-02-19,9.4,9.4,9.4,9.4,0
2016-02-22,9.0,9.0,8.6,9.0,7100
2016-02-23,8.5,8.9,8.4,8.9,10100
2016-02-24,8.9,8.9,8.9,8.9,0
2016-02-25,8.4,8.8,8.4,8.8,3500
2016-02-26,8.8,8.8,8.8,8.8,0
2016-02-29,8.8,8.8,8.8,8.8,0
2016-03-01,8.8,8.8,8.8,8.8,0
2016-03-02,8.8,8.8,8.8,8.8,500
2016-03-03,8.7,8.7,8.6,8.7,1600
2016-03-04,8.8,8.8,8.8,8.8,2000
2016-03-07,8.8,8.8,8.5,8.6,4300
2016-03-08,8.6,8.7,8.3,8.7,8700
2016-03-09,8.6,8.6,8.6,8.6,100
2016-03-10,8.6,8.8,8.6,8.8,6000
2016-03-11,8.8,9.3,8.8,9.3,22500
2016-03-14,9.3,9.3,9.3,9.3,0
2016-03-15,9.0,9.0,8.6,8.8,13000
2016-03-16,8.8,9.0,8.8,9.0,3300
2016-03-17,8.9,8.9,8.9,8.9,200
2016-03-18,8.9,9.0,8.8,9.0,6900
2016-03-21,8.9,9.0,8.7,9.0,34800
2016-03-22,9.0,9.0,9.0,9.0,38000
2016-03-23,9.1,9.1,9.1,9.1,100
2016-03-24,9.1,9.1,9.1,9.1,0
2016-03-25,9.1,9.1,9.1,9.1,0
2016-03-28,9.1,9.1,9.1,9.1,0
2016-03-29,9.1,9.1,9.1,9.1,0
2016-03-30,8.2,8.8,8.2,8.8,1100
2016-03-31,8.8,8.8,8.8,8.8,0
2016-04-01,8.8,8.8,8.8,8.8,0
2016-04-04,8.8,8.8,8.7,8.8,1400
2016-04-05,8.0,8.7,8.0,8.7,2800
2016-04-06,8.5,8.7,8.5,8.7,1900
2016-04-07,8.7,8.7,8.7,8.7,0
2016-04-08,8.7,8.7,8.7,8.7,1500
2016-04-11,8.7,8.7,8.7,8.7,0
2016-04-12,8.7,8.7,8.7,8.7,0
2016-04-13,8.7,8.7,8.7,8.7,0
2016-04-14,8.7,8.7,8.7,8.7,0
2016-04-15,8.0,8.5,7.9,8.5,4906
2016-04-19,8.5,8.5,8.5,8.5,0
2016-04-20,7.7,8.3,7.7,8.3,9500
2016-04-21,8.3,8.3,7.6,8.2,13000
2016-04-22,7.4,8.1,7.4,8.0,811
2016-04-25,8.5,8.5,8.5,8.5,100
2016-04-26,8.5,8.5,8.5,8.5,0
2016-04-27,7.7,8.0,7.7,7.7,16300
2016-04-28,8.0,8.0,7.9,8.0,1800
2016-04-29,8.0,8.0,8.0,8.0,50
2016-05-04,8.0,8.0,8.0,8.0,0
2016-05-05,7.4,7.7,7.4,7.7,1248
2016-05-06,7.0,7.7,7.0,7.6,600
2016-05-09,7.6,7.6,7.6,7.6,0
2016-05-10,8.1,8.1,7.7,7.7,13400
2016-05-11,7.7,7.7,7.5,7.6,500
2016-05-12,7.5,7.6,7.0,7.4,6700
2016-05-13,7.0,7.2,7.0,7.2,9600
2016-05-16,7.8,7.8,7.5,7.6,7300
2016-05-17,6.9,7.3,6.9,7.3,2100
2016-05-18,7.6,7.6,6.7,7.0,1500
2016-05-19,7.0,7.2,7.0,7.2,8200
2016-05-20,7.0,7.0,6.7,7.0,8500
2016-05-23,7.0,7.1,6.9,7.1,97400
2016-05-24,7.1,7.1,7.1,7.1,0
2016-05-25,7.0,7.1,6.9,7.0,23600
2016-05-26,7.0,7.0,7.0,7.0,0
2016-05-27,6.8,7.1,6.8,7.1,9500
2016-05-30,6.8,7.0,6.8,7.0,11100
2016-05-31,7.0,7.4,7.0,7.4,300
2016-06-01,7.0,7.3,7.0,7.3,400
2016-06-02,7.0,7.1,7.0,7.1,700
2016-06-03,7.0,7.0,7.0,7.0,100
2016-06-06,7.0,7.2,7.0,7.2,3100
2016-06-07,7.0,7.1,7.0,7.0,36600
2016-06-08,7.0,7.1,6.9,7.1,126400
2016-06-09,7.1,7.1,7.1,7.1,0
2016-06-10,7.8,7.8,7.8,7.8,100
2016-06-13,7.1,7.6,7.1,7.6,2100
2016-06-14,7.6,7.6,7.6,7.6,0
2016-06-15,7.6,7.6,7.6,7.6,0
2016-06-16,7.0,7.3,7.0,7.3,200
2016-06-17,7.3,7.3,7.3,7.3,0
2016-06-20,7.3,7.3,7.3,7.3,1000
2016-06-21,7.3,7.3,7.3,7.3,0
2016-06-22,7.3,7.3,7.3,7.3,0
2016-06-23,7.3,7.3,7.3,7.3,0
2016-06-24,7.3,7.3,7.3,7.3,0
2016-06-27,7.3,7.3,7.3,7.3,0
2016-06-28,7.3,7.3,7.3,7.3,0
2016-06-29,7.3,7.3,7.3,7.3,0
2016-06-30,7.3,7.3,7.3,7.3,0
2016-07-01,7.3,7.3,7.3,7.3,0
2016-07-04,7.1,7.1,7.0,7.1,57000
2016-07-05,6.9,7.7,6.9,7.7,9200
2016-07-06,8.2,8.3,8.2,8.3,42100
2016-07-07,7.5,8.2,7.5,8.2,2100
2016-07-08,7.4,7.9,7.4,7.9,3300
2016-07-11,7.2,7.6,7.2,7.5,6300
2016-07-12,7.5,7.5,7.5,7.5,0
2016-07-13,7.5,7.5,7.5,7.5,0
2016-07-14,7.5,7.5,7.5,7.5,500
2016-07-15,7.5,7.5,7.5,7.5,0
2016-07-18,7.5,7.5,7.5,7.5,11
2016-07-19,7.9,7.9,7.9,7.9,100
2016-07-20,7.9,7.9,7.9,7.9,0
2016-07-21,7.9,7.9,7.9,7.9,0
2016-07-22,7.2,7.2,7.2,7.2,5500
2016-07-25,7.2,7.2,7.2,7.2,500
2016-07-26,6.7,7.0,6.7,7.0,1300
2016-07-27,7.0,7.0,7.0,7.0,11
2016-07-28,6.7,7.0,6.7,7.0,46400
2016-07-29,7.0,7.0,7.0,7.0,0
2016-08-01,7.0,7.0,7.0,7.0,0
2016-08-02,7.0,7.0,7.0,7.0,10
2016-08-03,6.5,6.5,6.3,6.3,2900
2016-08-04,6.7,6.7,5.8,6.7,20000
2016-08-05,6.1,6.7,6.1,6.1,65600
2016-08-08,6.0,6.3,5.9,6.2,119800
2016-08-09,6.0,6.1,5.6,5.6,20100
2016-08-10,5.1,6.0,5.1,6.0,200
2016-08-11,5.6,6.0,5.5,6.0,8600
2016-08-12,5.7,6.0,5.7,6.0,36200
2016-08-15,5.9,5.9,5.9,5.9,500
2016-08-16,6.4,6.4,6.0,6.0,9801
2016-08-17,6.0,6.0,6.0,6.0,200
2016-08-18,6.2,6.2,6.2,6.2,100
2016-08-19,6.0,6.0,6.0,6.0,900
2016-08-22,5.7,5.7,5.4,5.7,31700
2016-08-23,5.8,5.8,5.8,5.8,8500
2016-08-24,5.5,5.9,5.5,5.9,400
2016-08-25,5.9,5.9,5.9,5.9,8
2016-08-26,5.9,5.9,5.9,5.9,0
2016-08-29,5.9,5.9,5.9,5.9,0
2016-08-30,5.9,5.9,5.9,5.9,0
2016-08-31,5.9,5.9,5.9,5.9,0
2016-09-01,5.9,5.9,5.9,5.9,0
2016-09-05,5.9,5.9,5.9,5.9,0
2016-09-06,5.8,5.8,5.4,5.7,6200
2016-09-07,5.5,5.7,5.5,5.7,2300
2016-09-08,5.8,5.8,5.7,5.7,3600
2016-09-09,5.4,5.5,5.4,5.4,6000
2016-09-12,5.5,5.5,5.5,5.5,100
2016-09-13,5.5,5.7,5.5,5.7,88400
2016-09-14,5.7,5.8,5.7,5.8,13700
2016-09-15,5.8,5.8,5.3,5.8,1200
2016-09-16,5.4,5.4,5.4,5.4,800
2016-09-19,5.5,5.7,5.5,5.7,1000
2016-09-20,5.7,5.7,5.7,5.7,0
2016-09-21,5.7,5.7,5.7,5.7,0
2016-09-22,5.4,5.6,5.4,5.6,2500
2016-09-23,5.6,5.6,5.6,5.6,0
2016-09-26,5.4,5.4,5.4,5.4,7400
2016-09-27,5.0,5.4,5.0,5.4,8600
2016-09-28,5.1,5.4,5.1,5.4,1100
2016-09-29,5.1,5.4,5.1,5.4,1100
2016-09-30,5.4,5.4,5.4,5.4,0
2016-10-03,5.4,5.4,5.4,5.4,100
2016-10-04,5.3,5.3,5.3,5.3,2000
2016-10-05,4.9,5.5,4.9,5.3,12400
2016-10-06,4.9,5.5,4.9,5.5,1700
2016-10-07,5.0,5.5,5.0,5.5,1300
2016-10-10,5.5,5.5,5.5,5.5,0
2016-10-11,5.5,5.5,5.5,5.5,0
2016-10-12,5.5,5.5,5.5,5.5,0
2016-10-13,5.5,5.5,5.5,5.5,0
2016-10-14,5.0,5.5,5.0,5.5,70100
2016-10-17,5.5,5.5,5.5,5.5,100
2016-10-18,5.4,5.4,5.4,5.4,100
2016-10-19,5.4,5.4,5.4,5.4,0
2016-10-20,5.4,5.4,5.4,5.4,0
2016-10-21,5.0,5.4,5.0,5.4,43500
2016-10-24,5.2,5.3,4.9,5.3,39000
2016-10-25,5.2,5.2,5.2,5.2,6100
2016-10-26,5.2,5.2,5.2,5.2,0
2016-10-27,5.0,5.0,5.0,5.0,1300
2016-10-28,5.0,5.0,5.0,5.0,500
2016-10-31,5.3,5.3,5.3,5.3,100
2016-11-01,4.8,5.0,4.8,5.0,14200
2016-11-02,5.2,5.4,5.2,5.4,46000
2016-11-03,5.0,5.0,4.9,5.0,3100
2016-11-04,5.0,5.0,5.0,5.0,0
2016-11-07,4.6,5.3,4.6,5.3,2800
2016-11-08,5.1,5.1,5.1,5.1,100
2016-11-09,4.6,5.0,4.6,4.6,600
2016-11-10,4.5,4.9,4.3,4.9,44900
2016-11-11,4.8,4.8,4.8,4.8,167
2016-11-14,4.4,4.9,4.4,4.9,1800
2016-11-15,4.5,4.8,4.5,4.8,1100
2016-11-16,4.9,4.9,4.9,4.9,200
2016-11-17,4.9,4.9,4.9,4.9,0
2016-11-18,4.8,4.8,4.5,4.8,50100
2016-11-21,4.6,5.0,4.6,5.0,1907
2016-11-22,4.9,4.9,4.9,4.9,500
2016-11-23,4.6,4.9,4.6,4.9,1900
2016-11-24,4.9,4.9,4.9,4.9,3
2016-11-25,4.9,4.9,4.9,4.9,0
2016-11-28,4.5,4.8,4.5,4.8,700
2016-11-29,4.8,4.8,4.8,4.8,0
2016-11-30,4.8,4.8,4.8,4.8,0
2016-12-01,4.8,4.8,4.8,4.8,0
2016-12-02,4.8,4.8,4.8,4.8,0
2016-12-05,4.8,4.8,4.8,4.8,0
2016-12-06,4.4,4.8,4.4,4.8,500
2016-12-07,4.9,4.9,4.9,4.9,30500
2016-12-08,4.8,4.9,4.8,4.9,1400
2016-12-09,4.5,4.7,4.5,4.7,600
2016-12-12,4.3,4.3,4.3,4.3,91000
2016-12-13,4.5,4.5,3.9,4.5,3500
2016-12-14,4.4,4.4,4.4,4.4,300
2016-12-15,4.6,4.8,4.6,4.8,1100
2016-12-16,4.9,4.9,4.9,4.9,100
2016-12-19,4.9,4.9,4.9,4.9,0
2016-12-20,4.9,4.9,4.9,4.9,0
2016-12-21,4.5,5.0,4.5,5.0,1000
2016-12-22,4.8,4.8,4.7,4.8,7400
2016-12-23,4.9,5.0,4.9,5.0,600
2016-12-26,5.0,5.0,5.0,5.0,0
2016-12-27,4.6,4.9,4.5,4.9,16600
2016-12-28,4.9,4.9,4.9,4.9,0
2016-12-29,4.8,4.9,4.8,4.9,400
2016-12-30,4.5,4.8,4.5,4.8,200
2017-01-03,4.9,4.9,4.9,4.9,100
2017-01-04,4.6,4.9,4.6,4.9,9400
2017-01-05,4.9,4.9,4.9,4.9,0
2017-01-06,4.9,4.9,4.9,4.9,0
2017-01-09,4.9,4.9,4.9,4.9,0
2017-01-10,5.0,5.0,5.0,5.0,100
2017-01-11,5.0,5.0,5.0,5.0,0
2017-01-12,5.0,5.0,5.0,5.0,0
2017-01-13,5.0,5.0,5.0,5.0,0
2017-01-16,5.0,5.0,5.0,5.0,0
2017-01-17,4.5,4.9,4.5,4.9,2700
2017-01-18,4.9,5.0,4.9,5.0,49900
2017-01-19,5.0,5.0,5.0,5.0,0
2017-01-20,4.6,4.7,4.6,4.7,5000
2017-01-23,4.6,4.6,4.6,4.6,5000
2017-01-24,4.6,4.6,4.6,4.6,3400
2017-01-25,4.3,4.9,4.2,4.9,30600
2017-02-02,4.9,4.9,4.9,4.9,0
2017-02-03,4.9,4.9,4.9,4.9,1000
2017-02-06,4.9,4.9,4.9,4.9,0
2017-02-07,4.9,4.9,4.9,4.9,0
2017-02-08,4.9,4.9,4.9,4.9,0
2017-02-09,4.6,4.8,4.6,4.8,2500
2017-02-10,4.6,4.9,4.5,4.9,10200
2017-02-13,4.5,4.9,4.5,4.9,1000
2017-02-14,4.9,4.9,4.9,4.9,0
2017-02-15,4.6,4.9,4.6,4.9,4600
2017-02-16,4.6,4.6,4.6,4.6,8500
2017-02-17,4.3,4.7,4.3,4.7,200
2017-02-20,4.7,4.7,4.7,4.7,0
2017-02-21,4.5,4.6,4.5,4.6,20200
2017-02-22,4.6,4.6,4.6,4.6,100
2017-02-23,4.6,4.6,4.6,4.6,0
2017-02-24,4.5,4.6,4.4,4.6,37810
2017-02-27,4.7,4.7,4.7,4.7,100
2017-02-28,4.7,4.7,4.7,4.7,0
2017-03-01,4.4,4.6,4.4,4.6,29600
2017-03-02,4.3,4.4,4.2,4.4,28300
2017-03-03,4.3,4.5,4.3,4.5,10100
2017-03-06,4.3,4.3,4.3,4.3,1100
2017-03-07,4.3,4.3,4.3,4.3,13000
2017-03-08,4.3,4.4,4.3,4.3,23100
2017-03-09,4.3,4.4,4.3,4.4,6000
2017-03-10,4.4,4.5,4.3,4.5,6300
2017-03-13,4.2,4.5,4.2,4.5,6200
2017-03-14,4.2,4.4,4.1,4.4,19900
2017-03-15,4.2,4.4,4.2,4.4,17400
2017-03-16,4.3,4.4,4.2,4.4,27700
2017-03-17,4.3,4.4,4.3,4.3,13200
2017-03-20,4.3,4.5,4.3,4.4,15400
2017-03-21,4.8,4.8,4.2,4.4,15916
2017-03-22,4.4,4.5,4.4,4.5,300
2017-03-23,4.5,4.5,4.5,4.5,0
2017-03-24,4.2,4.5,4.1,4.5,39100
2017-03-27,4.3,4.5,4.3,4.5,9719
2017-03-28,4.5,4.5,4.2,4.5,10301
2017-03-29,4.2,4.4,4.2,4.4,8900
2017-03-30,4.5,4.8,4.5,4.8,49700
2017-03-31,5.1,5.1,4.5,4.9,17294
2017-04-03,4.9,4.9,4.9,4.9,0
2017-04-04,4.6,4.9,4.5,4.5,22908
2017-04-05,4.7,4.9,4.4,4.4,5128
2017-04-07,4.3,4.3,4.2,4.3,23600
2017-04-10,4.3,4.3,4.3,4.3,0
2017-04-11,4.3,4.3,4.3,4.3,0
2017-04-12,4.3,4.3,4.3,4.3,0
2017-04-13,4.3,4.3,4.3,4.3,0
2017-04-14,4.1,4.4,3.9,4.1,42200
2017-04-17,4.1,4.1,4.1,4.1,0
2017-04-18,4.1,4.2,4.1,4.2,200
2017-04-19,4.2,4.2,4.2,4.2,0
2017-04-20,4.2,4.2,3.9,4.0,15500
2017-04-21,3.9,4.0,3.7,4.0,59600
2017-04-24,4.0,4.0,3.7,3.7,18300
2017-04-25,3.7,3.9,3.7,3.9,3100
2017-04-26,3.7,3.8,3.6,3.8,15200
2017-04-27,3.6,3.7,3.6,3.7,1408
2017-04-28,3.6,3.7,3.6,3.7,1100
2017-05-03,3.6,3.6,3.5,3.6,4500
2017-05-04,3.7,3.9,3.7,3.9,26800
2017-05-05,3.9,3.9,3.9,3.9,0
2017-05-08,3.8,3.9,3.7,3.9,4100
2017-05-09,3.7,3.7,3.6,3.7,2200
2017-05-10,3.7,3.8,3.7,3.8,20100
2017-05-11,3.7,3.9,3.7,3.9,22900
2017-05-12,3.7,3.8,3.7,3.8,13800
2017-05-15,3.7,3.7,3.5,3.6,5200
2017-05-16,3.6,3.9,3.6,3.8,19600
2017-05-17,3.8,3.8,3.8,3.8,10200
2017-05-18,3.7,3.8,3.6,3.8,14600
2017-05-19,3.7,3.7,3.6,3.7,11100
2017-05-22,3.7,3.7,3.7,3.7,0
2017-05-23,3.6,3.7,3.6,3.7,23300
2017-05-24,3.7,3.8,3.7,3.8,4200
2017-05-25,3.8,3.8,3.8,3.8,0
2017-05-26,3.7,3.7,3.5,3.7,23200
2017-05-29,3.7,3.7,3.6,3.7,1200
2017-05-30,3.6,3.7,3.6,3.6,5600
2017-05-31,3.6,3.7,3.6,3.7,3600
2017-06-01,3.6,3.6,3.6,3.6,13800
2017-06-02,3.7,3.9,3.6,3.8,20800
2017-06-05,3.7,3.8,3.7,3.8,8900
2017-06-06,3.7,3.7,3.7,3.7,800
2017-06-07,3.6,3.7,3.6,3.7,5700
2017-06-08,3.6,3.6,3.5,3.6,1746
2017-06-09,3.6,3.6,3.6,3.6,1800
2017-06-12,3.6,3.7,3.6,3.7,31700
2017-06-13,3.7,3.8,3.7,3.7,85000
2017-06-14,3.7,3.7,3.7,3.7,0
2017-06-15,3.6,3.7,3.6,3.7,3000
2017-06-16,3.6,3.6,3.5,3.6,11900
2017-06-19,3.6,3.7,3.6,3.7,3800
2017-06-20,3.7,3.7,3.5,3.7,2200
2017-06-21,3.5,3.7,3.4,3.7,10100
2017-06-22,3.5,3.5,3.5,3.5,200
2017-06-23,3.7,3.7,3.7,3.7,5200
2017-06-26,3.4,3.7,3.4,3.7,1346
2017-06-27,3.5,3.7,3.5,3.7,300
2017-06-28,3.4,3.6,3.4,3.6,700
2017-06-29,3.5,3.6,3.4,3.6,5100
2017-06-30,3.5,3.6,3.5,3.6,6200
2017-07-03,3.5,3.7,3.5,3.7,32400
2017-07-04,3.6,3.7,3.6,3.7,6200
2017-07-05,3.7,3.7,3.7,3.7,100
2017-07-06,3.6,3.7,3.6,3.7,16500
2017-07-07,3.7,3.7,3.6,3.6,16300
2017-07-10,3.5,3.6,3.5,3.6,10600
2017-07-11,3.5,3.6,3.5,3.6,3630
2017-07-12,3.5,3.6,3.5,3.6,8700
2017-07-13,3.5,3.6,3.4,3.6,16600
2017-07-14,3.6,3.6,3.5,3.6,39300
2017-07-17,3.6,3.6,3.6,3.6,100
2017-07-18,3.6,3.6,3.6,3.6,0
2017-07-19,3.5,3.5,3.4,3.5,10016
2017-07-20,3.5,3.5,3.4,3.5,10250
2017-07-21,3.5,3.6,3.5,3.5,11800
2017-07-24,3.5,3.5,3.4,3.5,23600
2017-07-25,3.4,3.5,3.4,3.5,12100
2017-07-26,3.5,3.5,3.4,3.5,4800
2017-07-27,3.4,3.5,3.4,3.5,1300
2017-07-28,3.4,3.5,3.3,3.4,34600
2017-07-31,3.4,3.5,3.4,3.5,15200
2017-08-01,3.4,3.5,3.4,3.4,61800
2017-08-02,3.4,3.4,3.4,3.4,16044
2017-08-03,3.4,3.5,3.4,3.5,4800
2017-08-04,3.5,3.6,3.5,3.6,11200
2017-08-07,3.6,3.6,3.6,3.6,21000
2017-08-08,3.6,3.6,3.4,3.5,13700
2017-08-09,3.4,3.6,3.4,3.6,26000
2017-08-10,3.6,3.6,3.4,3.6,4400
2017-08-11,3.6,3.7,3.4,3.7,8800
2017-08-14,3.4,3.6,3.4,3.4,307707
2017-08-15,3.5,3.7,3.5,3.6,29824
2017-08-16,3.5,3.6,3.3,3.5,104600
2017-08-17,3.4,3.5,3.3,3.5,174400
2017-08-18,3.5,3.5,3.4,3.5,10300
2017-08-21,3.4,3.5,3.4,3.5,3000
2017-08-22,3.5,3.5,3.5,3.5,100
2017-08-23,3.4,3.5,3.2,3.5,2200
2017-08-24,3.3,3.5,3.2,3.5,18600
2017-08-25,3.3,3.3,3.2,3.2,10300
2017-08-28,3.4,3.4,3.4,3.4,200
2017-08-29,3.3,3.4,3.3,3.4,3000
2017-08-30,3.4,3.4,3.3,3.3,800
2017-08-31,3.2,3.3,3.2,3.3,10200
2017-09-01,3.2,3.3,3.2,3.3,5640
2017-09-05,3.2,3.2,3.1,3.1,20000
2017-09-06,3.0,3.3,3.0,3.3,54500
2017-09-07,3.2,3.2,3.1,3.2,21510
2017-09-08,3.1,3.2,3.1,3.2,3600
2017-09-11,3.1,3.1,3.1,3.1,3700
2017-09-12,3.0,3.2,3.0,3.2,3900
2017-09-13,3.2,3.2,3.2,3.2,0
2017-09-14,3.1,3.1,3.1,3.1,13400
2017-09-15,3.2,3.2,2.8,2.8,72500
2017-09-18,3.0,3.0,2.9,3.0,2800
2017-09-19,3.0,3.2,3.0,3.2,400
2017-09-20,3.0,3.1,3.0,3.1,20100
2017-09-21,3.1,3.1,3.1,3.1,0
2017-09-22,3.0,3.1,3.0,3.1,1100
2017-09-25,3.0,3.1,3.0,3.1,78593
2017-09-26,3.0,3.1,3.0,3.1,1200
2017-09-27,2.9,3.1,2.9,3.1,1200
2017-09-28,2.9,3.1,2.9,3.1,300
2017-09-29,2.8,3.0,2.8,3.0,7600
2017-10-02,3.0,3.1,3.0,3.1,1307
2017-10-03,3.0,3.1,3.0,3.1,4000
2017-10-04,3.0,3.1,3.0,3.1,3100
2017-10-05,3.0,3.1,3.0,3.0,5100
2017-10-06,3.0,3.1,3.0,3.1,1000
2017-10-09,3.0,3.1,3.0,3.1,4900
2017-10-10,3.0,3.1,3.0,3.1,1000
2017-10-11,3.0,3.1,3.0,3.1,1000
2017-10-12,3.0,3.1,3.0,3.0,19200
2017-10-13,3.0,3.0,3.0,3.0,1400
2017-10-16,3.0,3.0,3.0,3.0,14000
2017-10-17,3.0,3.3,3.0,3.3,23800
2017-10-18,3.6,3.6,3.6,3.6,14650
2017-10-19,3.9,3.9,3.6,3.7,13433
2017-10-20,3.6,3.6,3.5,3.5,59200
2017-10-23,3.5,3.5,3.2,3.2,10228
2017-10-24,3.0,3.3,3.0,3.3,9100
2017-10-25,3.1,3.3,3.0,3.3,11400
2017-10-26,3.0,3.2,3.0,3.2,300
2017-10-27,3.2,3.2,3.2,3.2,27000
2017-10-30,3.0,3.1,3.0,3.0,6400
2017-10-31,3.0,3.2,3.0,3.2,8200
2017-11-01,3.1,3.2,3.1,3.2,53900
2017-11-02,3.1,3.2,3.1,3.2,20300
2017-11-03,3.1,3.2,3.1,3.2,10948
2017-11-06,2.9,3.2,2.9,3.2,400
2017-11-07,3.2,3.2,3.2,3.2,0
2017-11-08,2.9,3.1,2.9,3.1,6100
2017-11-09,3.2,3.2,3.2,3.2,200
2017-11-10,3.1,3.2,3.1,3.2,7100
2017-11-13,3.2,3.3,3.1,3.1,17000
2017-11-14,3.2,3.2,3.1,3.2,5500
2017-11-15,3.2,3.3,3.2,3.2,12700
2017-11-16,3.3,3.5,3.3,3.5,9110
2017-11-17,3.3,3.5,3.2,3.5,10550
2017-11-20,3.5,3.5,3.5,3.5,0
2017-11-21,3.2,3.4,3.2,3.4,3834
2017-11-22,3.1,3.1,3.1,3.1,600
2017-11-23,3.2,3.3,3.0,3.3,1500
2017-11-24,3.0,3.4,3.0,3.4,1100
2017-11-27,3.5,3.5,3.5,3.5,400
2017-11-28,3.5,3.5,3.5,3.5,0
2017-11-29,3.2,3.4,3.2,3.4,200
2017-11-30,3.2,3.4,3.2,3.4,11100
2017-12-01,3.3,3.3,3.2,3.2,27200
2017-12-04,3.2,3.5,3.2,3.5,600
2017-12-05,3.2,3.5,3.2,3.5,9200
2017-12-06,3.2,3.4,3.2,3.4,200
2017-12-07,3.1,3.7,3.1,3.7,9700
2017-12-08,3.4,3.6,3.4,3.6,300
2017-12-11,3.3,3.5,3.3,3.5,1200
2017-12-12,3.2,3.4,3.2,3.2,500
2017-12-13,3.0,3.5,3.0,3.5,320
2017-12-14,3.5,3.5,3.5,3.5,0
2017-12-15,3.2,3.5,3.2,3.5,20200
2017-12-18,3.5,3.5,3.5,3.5,0
2017-12-19,3.5,3.5,3.5,3.5,26700
2017-12-20,3.4,3.5,3.4,3.5,30300
2017-12-21,3.5,3.5,3.5,3.5,11800
2017-12-22,3.5,3.6,3.5,3.6,14700
2017-12-25,3.5,3.7,3.5,3.7,21400
2017-12-26,3.6,3.8,3.6,3.7,10100
2017-12-27,3.7,3.9,3.7,3.7,13900
2017-12-28,3.7,3.8,3.4,3.7,20900
2017-12-29,3.7,3.7,3.7,3.7,0
2018-01-02,3.9,3.9,3.6,3.6,9100
2018-01-03,3.9,3.9,3.8,3.8,10300
2018-01-04,3.9,4.0,3.6,3.9,600
2018-01-05,3.8,3.8,3.8,3.8,100
2018-01-08,3.8,3.8,3.8,3.8,0
2018-01-09,3.8,3.8,3.8,3.8,0
2018-01-10,3.7,3.7,3.7,3.7,500
2018-01-11,3.7,3.7,3.7,3.7,0
2018-01-12,3.5,3.8,3.5,3.8,400
2018-01-15,3.8,3.8,3.8,3.8,200
2018-01-16,3.5,3.7,3.5,3.7,1700
2018-01-17,3.7,3.7,3.7,3.7,0
2018-01-18,3.7,3.8,3.7,3.8,6141
2018-01-19,3.7,3.8,3.7,3.7,20500
2018-01-22,3.8,4.0,3.5,4.0,14100
2018-01-23,4.0,4.0,4.0,4.0,8500
2018-01-24,4.0,4.4,4.0,4.4,21400
2018-01-25,4.0,4.7,4.0,4.3,21108
2018-01-26,4.3,4.5,4.0,4.0,8240
2018-01-29,4.0,4.0,3.7,4.0,8400
2018-01-30,4.0,4.1,4.0,4.1,1300
2018-01-31,4.1,4.2,4.0,4.0,20400
2018-02-01,4.0,4.0,3.7,3.7,7100
2018-02-02,3.8,4.0,3.7,3.8,6700
2018-02-05,4.1,4.1,3.8,4.0,3100
2018-02-06,3.6,3.9,3.6,3.9,2200
2018-02-07,3.8,4.0,3.8,4.0,7040
2018-02-08,3.9,4.0,3.9,4.0,1600
2018-02-09,3.9,3.9,3.9,3.9,2100
2018-02-12,3.7,4.2,3.7,4.2,3100
2018-02-13,4.2,4.2,4.2,4.2,0
2018-02-21,3.9,4.2,3.9,4.2,6200
2018-02-22,4.2,4.2,4.2,4.2,0
2018-02-23,4.0,4.2,4.0,4.2,13800
2018-02-26,4.0,4.1,4.0,4.1,9100
2018-02-27,4.5,4.5,4.0,4.0,3700
2018-02-28,4.1,4.1,4.1,4.1,100
2018-03-01,4.1,4.1,4.1,4.1,0
2018-03-02,4.0,4.0,3.8,4.0,13600
2018-03-05,4.0,4.0,4.0,4.0,0
2018-03-06,3.6,3.6,3.6,3.6,600
2018-03-07,3.9,3.9,3.9,3.9,200
2018-03-08,3.6,4.2,3.6,4.1,32900
2018-03-09,3.8,3.9,3.7,3.9,17500
2018-03-12,3.6,3.9,3.6,3.9,25500
2018-03-13,3.9,3.9,3.9,3.9,0
2018-03-14,3.6,3.7,3.6,3.6,27500
2018-03-15,3.5,3.5,3.5,3.5,2601
2018-03-16,3.3,3.4,3.2,3.2,58400
2018-03-19,3.5,3.5,3.5,3.5,109
2018-03-20,3.5,3.5,3.5,3.5,1
2018-03-21,3.5,3.5,3.5,3.5,2000
2018-03-22,3.4,3.4,3.4,3.4,15000
2018-03-23,3.4,3.4,3.4,3.4,0
2018-03-26,3.6,3.6,3.6,3.6,100
2018-03-27,3.3,3.3,3.3,3.3,4350
2018-03-28,3.0,3.6,3.0,3.6,4530
2018-03-29,3.5,3.5,3.4,3.4,4210
2018-03-30,3.1,3.1,3.1,3.1,9800
2018-04-02,3.1,3.4,3.1,3.1,24200
2018-04-03,3.1,3.4,3.1,3.1,5440
2018-04-04,3.1,3.1,3.1,3.1,3000
2018-04-05,2.9,3.2,2.8,3.2,4300
2018-04-06,2.9,3.1,2.9,3.1,5400
2018-04-09,2.8,3.0,2.8,2.9,4400
2018-04-10,2.8,3.0,2.8,3.0,210
2018-04-11,2.7,2.7,2.7,2.7,22240
2018-04-12,2.7,2.7,2.5,2.6,23200
2018-04-13,2.5,2.7,2.5,2.6,29200
2018-04-16,2.6,2.8,2.6,2.8,3200
2018-04-17,2.7,2.8,2.7,2.8,300
2018-04-18,2.7,2.7,2.7,2.7,6000
2018-04-19,2.7,2.8,2.7,2.8,12100
2018-04-20,2.7,2.7,2.7,2.7,900
2018-04-23,2.7,2.7,2.7,2.7,3500
2018-04-24,2.7,2.7,2.7,2.7,0
2018-04-26,2.6,2.6,2.6,2.6,1000
2018-04-27,2.7,2.7,2.7,2.7,100
2018-05-02,2.5,2.8,2.5,2.8,31800
2018-05-03,2.6,2.6,2.6,2.6,1700
2018-05-04,2.6,2.6,2.6,2.6,100
2018-05-07,2.8,2.8,2.8,2.8,150
2018-05-08,2.6,2.6,2.6,2.6,16358
2018-05-09,2.4,2.8,2.4,2.8,17200
2018-05-10,2.6,2.8,2.6,2.8,400
2018-05-11,3.0,3.0,3.0,3.0,100
2018-05-14,3.0,3.0,2.7,2.7,177600
2018-05-15,2.5,2.8,2.5,2.8,14200
2018-05-16,3.0,3.0,3.0,3.0,100
2018-05-17,2.9,3.0,2.9,3.0,16070
2018-05-18,3.0,3.0,3.0,3.0,8
2018-05-21,3.0,3.0,3.0,3.0,18
2018-05-22,2.7,3.0,2.7,3.0,5504
2018-05-23,3.0,3.0,3.0,3.0,0
2018-05-24,3.0,3.0,3.0,3.0,0
2018-06-01,3.0,4.0,3.0,4.0,200
2018-06-04,3.5,3.5,3.5,3.5,0
2018-06-05,3.4,3.4,3.4,3.4,187500
2018-06-06,3.8,3.8,3.8,3.8,500
2018-06-07,3.8,3.8,3.8,3.8,0
2018-06-08,3.8,3.8,3.8,3.8,0
2018-06-11,3.8,3.8,3.8,3.8,0
2018-06-12,3.8,3.8,3.8,3.8,0
2018-06-13,3.8,3.8,3.8,3.8,0
2018-06-14,3.8,3.8,3.8,3.8,0
2018-06-15,3.8,3.8,3.8,3.8,0
2018-06-18,3.8,3.8,3.8,3.8,0
2018-06-19,3.8,3.8,3.8,3.8,0
2018-06-20,3.8,3.8,3.8,3.8,0
2018-06-21,3.8,3.8,3.8,3.8,0
2018-06-22,3.8,3.8,3.8,3.8,0
2018-06-25,3.8,3.8,3.8,3.8,0
2018-06-26,3.8,3.8,3.8,3.8,0
2018-06-27,3.8,3.8,3.8,3.8,0
2018-06-28,3.8,3.8,3.8,3.8,0
2018-06-29,3.8,3.8,3.8,3.8,0
2018-07-02,3.8,3.8,3.8,3.8,0
2018-07-03,3.4,3.4,3.4,3.4,2000
2018-07-04,3.8,3.8,3.8,3.8,100
2018-07-05,3.7,3.7,3.7,3.7,10000
2018-07-06,3.7,3.7,3.7,3.7,0
2018-07-09,3.7,3.7,3.7,3.7,0
2018-07-10,3.7,3.7,3.7,3.7,0
2018-07-11,3.6,3.6,3.6,3.6,7000
2018-07-12,3.5,3.5,3.5,3.5,7300
2018-07-13,3.5,3.5,3.5,3.5,0
2018-07-16,3.0,3.5,3.0,3.5,192600
2018-07-17,3.5,3.5,3.5,3.5,100
2018-07-18,3.0,3.4,3.0,3.4,10710
2018-07-19,3.4,3.4,2.9,3.4,55100
2018-07-20,2.9,2.9,2.9,2.9,949
2018-07-23,2.5,3.3,2.5,0.0,27300
2018-07-24,2.8,2.8,2.8,2.8,100
2018-07-25,3.0,3.0,3.0,3.0,106
2018-07-26,3.0,3.0,3.0,3.0,0
2018-07-27,3.1,3.1,3.1,3.1,100
2018-07-30,3.1,3.1,3.1,3.1,0
2018-07-31,3.1,3.1,3.1,3.1,0
2018-08-01,3.0,3.0,3.0,3.0,4000
2018-08-02,3.0,3.0,3.0,3.0,0
2018-08-03,3.0,3.0,3.0,3.0,0
2018-08-06,3.0,3.0,3.0,3.0,0
2018-08-07,3.0,3.0,3.0,3.0,0
2018-08-08,3.0,3.0,3.0,3.0,0
2018-08-09,3.0,3.0,3.0,3.0,0
2018-08-10,3.0,3.0,3.0,3.0,0
2018-08-13,3.0,3.0,3.0,3.0,0
2018-08-14,3.0,3.0,3.0,3.0,0
2018-08-15,3.0,3.0,3.0,3.0,0
2018-08-16,3.0,3.0,3.0,3.0,0
2018-08-17,3.0,3.0,3.0,3.0,0
2018-08-20,2.6,3.0,2.6,2.9,10900
2018-08-21,3.2,3.2,2.9,2.9,37600
2018-08-22,3.0,3.0,3.0,3.0,70000
2018-08-23,3.3,3.3,3.3,3.3,100
2018-08-24,3.3,3.3,3.3,3.3,0
2018-08-27,3.3,3.3,3.3,3.3,40
2018-08-28,3.3,3.3,3.3,3.3,0
2018-08-29,3.3,3.3,3.3,3.3,0
2018-08-30,3.3,3.3,3.3,3.3,90
2018-08-31,3.7,3.7,3.2,3.2,200
2018-09-04,3.5,3.5,3.5,3.5,0
2018-09-05,3.5,3.5,3.5,3.5,0
2018-09-06,3.5,3.5,3.5,3.5,0
2018-09-07,3.3,3.4,3.3,3.4,6600
2018-09-10,3.4,3.4,3.4,3.4,0
2018-09-11,3.0,3.0,3.0,3.0,10000
2018-09-12,3.3,3.3,3.3,3.3,100
2018-09-13,3.3,3.3,3.3,3.3,0
2018-09-14,3.3,3.3,3.3,3.3,0
2018-09-17,3.3,3.3,3.3,3.3,0
2018-09-18,3.3,3.3,3.3,3.3,0
2018-09-19,3.0,3.0,3.0,3.0,58600
2018-09-20,3.3,3.3,3.3,3.3,100
2018-09-21,3.3,3.3,3.3,3.3,0
2018-09-24,3.3,3.3,3.3,3.3,0
2018-09-25,3.3,3.3,3.3,3.3,0
2018-09-26,3.0,3.0,3.0,3.0,4300
2018-09-27,3.3,3.3,3.3,3.3,100
2018-09-28,3.3,3.3,3.3,3.3,0
2018-10-01,3.3,3.3,3.3,3.3,0
2018-10-02,3.3,3.3,3.3,3.3,0
2018-10-03,3.2,3.2,3.2,3.2,52000
2018-10-04,3.1,3.1,3.1,3.1,2000
2018-10-05,3.0,3.0,3.0,3.0,1000
2018-10-08,3.3,3.3,3.3,3.3,100
2018-10-09,3.0,3.0,3.0,3.0,5000
2018-10-10,3.3,3.3,3.3,3.3,100
2018-10-11,3.0,3.0,2.9,3.0,14900
2018-10-12,3.3,3.3,3.3,3.3,100
2018-10-15,3.6,3.6,2.9,3.3,500
2018-10-16,3.2,3.2,3.2,3.2,0
2018-10-17,3.0,3.0,3.0,3.0,2200
2018-10-18,3.0,3.0,3.0,3.0,1400
2018-10-19,3.3,3.3,3.3,3.3,100
2018-10-22,3.3,3.3,3.3,3.3,0
2018-10-23,3.2,3.3,3.2,3.3,10000
2018-10-24,3.3,3.3,3.3,3.3,100
2018-10-25,3.3,3.3,3.3,3.3,0
2018-10-26,3.3,3.3,3.3,3.3,0
2018-10-29,3.3,3.3,3.3,3.3,0
2018-10-30,3.3,3.3,3.3,3.3,0
2018-10-31,3.3,3.3,3.3,3.3,0
2018-11-01,3.3,3.3,3.3,3.3,0
2018-11-02,3.0,3.7,3.0,3.6,88589
2018-11-05,3.3,3.3,3.3,3.3,0
2018-11-06,3.7,3.7,3.7,3.7,100
2018-11-07,3.9,4.0,3.9,4.0,300
2018-11-08,4.0,4.0,4.0,4.0,0
2018-11-09,4.0,4.0,4.0,4.0,0
2018-11-12,4.0,4.0,4.0,4.0,0
2018-11-13,4.0,4.0,4.0,4.0,0
2018-11-14,4.0,4.0,4.0,4.0,0
2018-11-15,3.9,3.9,3.9,3.9,47400
2018-11-16,3.9,3.9,3.9,3.9,0
2018-11-19,3.9,3.9,3.9,3.9,0
2018-11-20,3.9,3.9,3.9,3.9,0
2018-11-21,3.9,3.9,3.9,3.9,0
2018-11-22,3.9,3.9,3.9,3.9,0
2018-11-23,3.8,3.8,3.8,3.8,11211
2018-11-26,4.0,4.0,4.0,4.0,100
2018-11-27,4.0,4.0,4.0,4.0,0
2018-11-28,4.0,4.0,4.0,4.0,0
2018-11-29,4.0,4.0,4.0,4.0,0
2018-11-30,4.0,4.0,4.0,4.0,0
2018-12-03,3.8,3.8,3.8,3.8,26000
2018-12-04,3.8,3.8,3.8,3.8,0
2018-12-05,4.0,4.0,4.0,4.0,100
2018-12-06,4.0,4.0,4.0,4.0,0
2018-12-07,3.5,3.5,3.5,3.5,100
2018-12-10,3.8,3.8,3.8,3.8,100
2018-12-11,3.9,3.9,3.9,3.9,100
2018-12-12,3.9,3.9,3.9,3.9,0
2018-12-13,3.9,3.9,3.9,3.9,0
2018-12-14,3.9,3.9,3.9,3.9,0
2018-12-17,3.9,3.9,3.9,3.9,0
2018-12-18,3.4,3.4,3.4,3.4,5200
2018-12-19,3.4,3.4,3.4,3.4,0
2018-12-20,3.6,3.6,3.6,3.6,100
2018-12-21,3.6,3.6,3.6,3.6,0
2018-12-24,3.6,3.6,3.6,3.6,0
2018-12-25,3.6,3.6,3.6,3.6,0
2018-12-26,3.9,3.9,3.9,3.9,100
2018-12-27,3.9,3.9,3.9,3.9,100
2018-12-28,3.9,3.9,3.9,3.9,0
2019-01-02,3.9,3.9,3.9,3.9,0
2019-01-03,3.9,3.9,3.9,3.9,0
2019-01-04,3.9,3.9,3.9,3.9,0
2019-01-07,3.9,3.9,3.9,3.9,0
2019-01-08,3.9,3.9,3.9,3.9,0
2019-01-09,3.4,3.4,3.4,3.4,300
2019-01-10,3.8,3.8,2.9,3.8,4700
2019-01-11,3.5,3.5,3.5,3.8,49
2019-01-14,3.5,3.8,3.8,3.8,0
2019-01-15,3.5,3.8,3.8,3.8,0
2019-01-16,3.0,3.6,3.0,3.6,1100
2019-01-17,3.5,3.5,3.5,3.5,100
2019-01-18,3.5,3.5,3.5,3.5,0
2019-01-21,3.5,3.5,3.5,3.5,0
2019-01-22,3.5,3.5,3.5,3.5,0
2019-01-23,3.5,3.5,3.5,3.5,0
2019-01-24,3.6,3.8,3.6,3.8,200
2019-01-25,3.7,3.8,3.8,3.8,0
2019-01-28,3.7,3.8,3.8,3.8,0
2019-01-29,3.7,3.8,3.8,3.8,0
2019-01-30,3.7,3.8,3.8,3.8,0
2019-01-31,3.8,3.8,3.8,3.8,100
2019-02-01,3.8,3.8,3.8,3.8,0
2019-02-11,3.8,3.8,3.8,3.8,0
2019-02-12,3.8,3.8,3.8,3.8,0
2019-02-13,3.8,3.8,3.8,3.8,0
2019-02-14,3.8,3.8,3.8,3.8,0
2019-02-15,3.8,3.8,3.8,3.8,0
2019-02-18,3.8,3.8,3.8,3.8,0
2019-02-19,3.8,3.8,3.8,3.8,0
2019-02-20,3.8,3.8,3.8,3.8,0
2019-02-21,3.8,3.8,3.8,3.8,0
2019-02-22,3.3,3.3,3.3,3.3,4000
2019-02-25,3.5,3.5,3.5,3.5,100
2019-02-26,3.8,3.8,3.8,3.8,100
2019-02-27,3.3,3.5,3.3,3.4,15400
2019-02-28,3.5,3.5,3.5,3.5,100
2019-03-01,3.5,3.5,3.5,3.5,13700
2019-03-04,3.8,3.8,3.8,3.8,100
2019-03-05,4.0,4.0,4.0,4.0,100
2019-03-06,4.0,4.0,4.0,4.0,0
2019-03-07,4.0,4.0,4.0,4.0,0
2019-03-08,4.0,4.0,4.0,4.0,0
2019-03-11,4.0,4.0,4.0,4.0,0
2019-03-12,4.0,4.0,4.0,4.0,0
2019-03-13,4.0,4.0,4.0,4.0,0
2019-03-14,4.0,4.0,4.0,4.0,0
2019-03-15,4.0,4.0,4.0,4.0,0
2019-03-18,3.8,3.8,3.8,3.8,1000
2019-03-19,3.8,3.8,3.8,3.8,0
2019-03-20,3.8,3.8,3.8,3.8,0
2019-03-21,3.8,3.8,3.8,3.8,0
2019-03-22,3.8,3.8,3.8,3.8,0
2019-03-25,3.8,3.8,3.8,3.8,0
2019-03-26,3.8,3.8,3.8,3.8,0
2019-03-27,4.0,4.0,4.0,4.0,100
2019-03-28,4.0,4.0,4.0,4.0,0
2019-03-29,4.0,4.0,4.0,4.0,0
2019-04-01,4.0,4.0,4.0,4.0,0
2019-04-02,3.8,3.9,3.8,3.9,32200
2019-04-03,3.7,3.7,3.7,3.7,3800
2019-04-04,3.9,3.9,3.9,3.9,100
2019-04-05,3.7,3.7,3.7,3.7,100
2019-04-08,3.7,3.7,3.7,3.7,10400
2019-04-09,3.7,3.7,3.7,3.7,0
2019-04-10,3.7,3.7,3.7,3.7,49
2019-04-11,3.7,3.7,3.7,3.7,0
2019-04-12,3.7,3.7,3.7,3.7,0
2019-04-16,3.8,3.8,3.8,3.8,100
2019-04-17,3.7,3.7,3.7,3.7,180000
2019-04-18,3.7,3.7,3.7,3.7,0
2019-04-19,3.7,3.7,3.7,3.7,0
2019-04-22,4.0,4.0,4.0,4.0,100
2019-04-23,4.0,4.0,4.0,4.0,0
2019-04-24,4.0,4.0,4.0,4.0,0
2019-04-25,4.0,4.0,4.0,4.0,0
2019-04-26,3.7,3.7,3.7,3.7,100
2019-05-02,3.2,3.2,3.2,3.2,500
2019-05-03,3.6,3.6,3.6,3.6,100
2019-05-06,3.6,3.6,3.6,3.6,0
2019-05-07,3.6,3.6,3.6,3.6,0
2019-05-08,3.6,3.6,3.6,3.6,0
2019-05-09,3.6,3.6,3.6,3.6,0
2019-05-10,3.6,3.6,3.6,3.6,0
2019-05-13,3.1,3.8,3.1,3.8,1900
2019-05-14,3.7,3.7,3.7,3.7,400
2019-05-15,3.7,3.7,3.7,3.7,0
2019-05-16,3.7,3.7,3.7,3.7,0
2019-05-17,3.7,3.7,3.7,3.7,0
2019-05-20,3.7,3.7,3.7,3.7,0
2019-05-21,3.7,3.7,3.7,3.7,0
2019-05-22,3.7,3.7,3.7,3.7,0
2019-05-23,4.0,4.0,4.0,4.0,100
2019-05-24,4.0,4.0,4.0,4.0,0
2019-05-27,4.0,4.0,4.0,4.0,0
2019-05-28,4.0,4.0,4.0,4.0,0
2019-05-29,3.4,3.4,3.4,3.4,4000
2019-05-30,3.8,3.8,3.8,3.8,100
2019-05-31,3.5,3.8,3.3,3.3,1600
2019-06-03,3.5,3.9,3.5,3.8,1300
2019-06-04,3.8,3.8,3.8,3.8,100
2019-06-05,3.8,3.8,3.8,3.8,0
2019-06-06,3.8,3.8,3.8,3.8,40
2019-06-07,3.8,3.8,3.8,3.8,0
2019-06-10,3.8,3.8,3.8,3.8,0
2019-06-11,3.8,3.8,3.8,3.8,0
2019-06-12,3.8,3.8,3.8,3.8,0
2019-06-13,3.8,3.8,3.8,3.8,0
2019-06-14,3.8,3.8,3.8,3.8,0
2019-06-17,3.8,3.8,3.8,3.8,0
2019-06-18,3.8,3.8,3.8,3.8,0
2019-06-19,3.8,3.8,3.8,3.8,20
2019-06-20,3.8,3.8,3.8,3.8,0
2019-06-21,3.8,3.8,3.8,3.8,0
2019-06-24,3.3,3.4,3.3,3.4,199000
2019-06-25,3.6,3.6,3.6,3.6,100
2019-06-26,3.6,3.6,3.6,3.6,0
2019-06-27,3.7,3.7,3.7,3.7,100
2019-06-28,3.4,3.4,3.4,3.4,52000
2019-07-01,3.6,3.9,3.6,3.9,28200
2019-07-02,3.8,3.9,3.9,3.9,0
2019-07-03,4.1,4.1,4.1,4.1,100
2019-07-04,4.1,4.1,4.1,4.1,0
2019-07-05,4.3,4.3,4.3,4.3,100
2019-07-08,4.5,4.5,4.5,4.5,100
2019-07-09,4.5,4.5,4.5,4.5,53800
2019-07-10,4.5,4.5,4.5,4.5,0
2019-07-11,4.5,4.5,4.5,4.5,0
2019-07-12,3.9,3.9,3.9,3.9,42400
2019-07-15,4.3,4.3,4.3,4.3,100
2019-07-16,4.3,4.3,4.3,4.3,0
2019-07-17,4.4,4.4,4.4,4.4,100
2019-07-18,4.4,4.4,4.4,4.4,0
2019-07-19,4.4,4.4,4.4,4.4,0
2019-07-22,4.4,4.4,4.4,4.4,0
2019-07-23,4.4,4.4,4.4,4.4,0
2019-07-24,4.4,4.4,4.4,4.4,0
2019-07-25,4.4,4.4,4.4,4.4,0
2019-07-26,4.4,4.4,4.4,4.4,0
2019-07-29,4.4,4.4,4.4,4.4,0
2019-07-30,4.4,4.4,4.4,4.4,0
2019-07-31,4.4,4.4,4.4,4.4,0
2019-08-01,4.4,4.4,4.4,4.4,0
2019-08-02,4.4,4.4,4.4,4.4,0
2019-08-05,4.4,4.4,4.4,4.4,0
2019-08-06,4.4,4.4,4.4,4.4,0
2019-08-07,4.4,4.4,4.4,4.4,0
2019-08-08,4.0,4.0,4.0,4.0,40000
2019-08-09,4.0,4.0,4.0,4.0,0
2019-08-12,4.0,4.0,4.0,4.0,31
2019-08-13,4.0,4.4,4.0,4.4,500
2019-08-14,4.4,4.4,4.4,4.4,100
2019-08-15,4.5,4.5,4.5,4.5,100
2019-08-16,4.5,4.5,4.5,4.5,0
2019-08-19,4.5,4.5,4.5,4.5,0
2019-08-20,4.5,4.8,4.5,4.8,28400
2019-08-21,4.7,4.8,4.8,4.8,0
2019-08-22,4.0,4.8,4.0,4.8,44500
2019-08-23,4.2,4.2,4.2,4.2,40000
2019-08-26,4.7,4.7,4.7,4.7,100
2019-08-27,5.0,5.0,5.0,5.0,100
2019-08-28,5.0,5.0,5.0,5.0,100
2019-08-29,5.0,5.0,4.4,4.5,1500
2019-08-30,4.6,4.5,4.5,4.5,0
2019-09-03,4.6,4.5,4.5,4.5,0
2019-09-04,5.0,5.0,5.0,5.0,100
2019-09-05,5.0,5.0,5.0,5.0,0
2019-09-06,5.0,5.0,5.0,5.0,0
2019-09-09,5.0,5.0,5.0,5.0,0
2019-09-10,5.0,5.0,5.0,5.0,0
2019-09-11,5.0,5.0,5.0,5.0,0
2019-09-12,5.0,5.0,5.0,5.0,0
2019-09-13,5.0,5.0,5.0,5.0,0
2019-09-16,5.0,5.0,5.0,5.0,0
2019-09-17,5.0,5.0,5.0,5.0,0
2019-09-18,5.4,5.4,5.4,5.4,100
2019-09-19,5.4,5.4,5.4,5.4,0
2019-09-20,6.0,6.0,6.0,6.0,100
2019-09-23,6.0,6.0,6.0,6.0,0
2019-09-24,6.2,6.2,6.2,6.2,100
2019-09-25,6.2,6.2,6.2,6.2,0
2019-09-26,6.2,6.2,6.2,6.2,0
2019-09-27,6.2,6.2,6.2,6.2,0
2019-09-30,6.0,6.0,6.0,6.0,91500
2019-10-01,6.0,6.0,6.0,6.0,0
2019-10-02,6.0,6.0,6.0,6.0,0
2019-10-03,5.7,5.7,5.7,5.7,33000
2019-10-04,5.6,5.6,5.6,5.6,180000
2019-10-07,5.6,5.6,5.6,5.6,0
2019-10-08,5.6,5.6,5.6,5.6,0
2019-10-09,5.6,5.6,5.6,5.6,0
2019-10-10,5.6,5.6,5.6,5.6,0
2019-10-11,5.6,5.6,5.6,5.6,0
2019-10-14,5.6,5.6,5.6,5.6,0
2019-10-15,5.6,5.6,5.6,5.6,0
2019-10-16,5.6,5.6,5.6,5.6,0
2019-10-17,5.6,5.6,5.6,5.6,0
2019-10-18,5.6,5.6,5.6,5.6,0
2019-10-21,5.0,5.0,5.0,5.0,16600
2019-10-22,5.0,5.0,5.0,5.0,0
2019-10-23,5.7,5.7,5.7,5.7,200
2019-10-24,5.7,5.7,5.7,5.7,0
2019-10-25,5.7,5.7,5.7,5.7,0
2019-10-28,5.4,5.4,5.4,5.4,10000
2019-10-29,5.4,5.4,5.4,5.4,0
2019-10-30,5.2,5.2,5.2,5.2,600
2019-10-31,5.2,5.2,5.2,5.2,0
2019-11-01,5.0,5.0,5.0,5.0,3800
2019-11-04,5.0,5.0,5.0,5.0,0
2019-11-05,4.7,4.7,4.3,4.3,2100
2019-11-06,4.0,4.0,3.7,3.7,14600
2019-11-07,4.2,4.2,4.2,4.2,100
2019-11-08,4.3,4.3,4.2,4.2,37500
2019-11-11,4.7,4.7,4.7,4.7,100
2019-11-12,4.7,4.7,4.7,4.7,0
2019-11-13,4.7,4.7,4.7,4.7,0
2019-11-14,4.7,4.7,4.7,4.7,0
2019-11-15,4.7,4.7,4.7,4.7,0
2019-11-18,4.7,4.7,4.7,4.7,0
2019-11-19,4.7,4.7,4.7,4.7,0
2019-11-20,4.7,4.7,4.7,4.7,0
2019-11-21,4.7,4.7,4.7,4.7,0
2019-11-22,4.0,4.0,4.0,4.0,7000
2019-11-25,4.5,4.5,4.5,4.5,100
2019-11-26,3.9,3.9,3.9,3.9,22000
2019-11-27,4.4,4.4,4.4,4.4,100
2019-11-28,4.4,4.4,4.4,4.4,0
2019-11-29,4.4,4.4,4.4,4.4,0
2019-12-02,4.4,4.4,4.4,4.4,0
2019-12-03,4.4,4.4,4.4,4.4,0
2019-12-04,4.4,4.4,4.4,4.4,0
2019-12-05,4.4,4.4,4.4,4.4,0
2019-12-06,3.8,3.8,3.8,3.8,10200
2019-12-09,3.8,3.8,3.8,3.8,0
2019-12-10,3.8,3.8,3.8,3.8,0
2019-12-11,3.8,3.8,3.8,3.8,0
2019-12-12,3.8,3.8,3.8,3.8,0
2019-12-13,3.8,3.8,3.8,3.8,0
2019-12-16,4.1,4.1,4.1,4.1,100
2019-12-17,4.1,4.1,4.1,4.1,0
2019-12-18,4.1,4.1,4.1,4.1,0
2019-12-19,4.1,4.1,4.1,4.1,0
2019-12-20,4.4,4.4,4.4,4.4,120
2019-12-23,4.8,4.8,4.8,4.8,100
2019-12-24,5.3,5.3,5.3,5.3,100
2019-12-25,5.3,5.3,5.3,5.3,0
2019-12-26,5.3,5.3,5.3,5.3,0
2019-12-27,5.3,5.3,5.3,5.3,0
2019-12-30,5.3,5.3,5.3,5.3,0
2019-12-31,5.3,5.3,5.3,5.3,0
2020-01-02,5.8,5.8,5.8,5.8,100
2020-01-03,5.8,5.8,5.8,5.8,0
2020-01-06,5.8,5.8,5.8,5.8,0
2020-01-07,5.8,5.8,5.8,5.8,0
2020-01-08,5.8,5.8,5.8,5.8,0
2020-01-09,5.8,5.8,5.8,5.8,0
2020-01-10,5.8,5.8,5.8,5.8,0
2020-01-13,5.8,5.8,5.8,5.8,0
2020-01-14,5.8,5.8,5.8,5.8,0
2020-01-15,5.8,5.8,5.8,5.8,0
2020-01-16,5.8,5.8,5.8,5.8,0
2020-01-17,5.8,5.8,5.8,5.8,0
2020-01-20,5.8,5.8,5.8,5.8,0
2020-01-21,5.8,5.8,5.8,5.8,0
2020-01-22,5.8,5.8,5.8,5.8,0
2020-01-30,5.8,5.8,5.8,5.8,0
2020-01-31,5.8,5.8,5.8,5.8,0
2020-02-03,5.8,5.8,5.8,5.8,0
2020-02-04,5.8,5.8,5.8,5.8,0
2020-02-05,5.0,5.0,5.0,5.0,100
2020-02-06,5.0,5.0,5.0,5.0,0
2020-02-07,4.3,4.3,4.3,4.3,100
2020-02-10,4.3,4.3,4.3,4.3,0
2020-02-11,3.7,3.7,3.7,3.7,100
2020-02-12,3.7,3.7,3.7,3.7,0
2020-02-13,4.2,4.2,4.2,4.2,100
2020-02-14,4.2,4.2,4.2,4.2,0
2020-02-17,4.2,4.2,4.2,4.2,1
2020-02-18,4.2,4.2,4.2,4.2,0
2020-02-19,3.6,4.2,3.6,4.2,3100
2020-02-20,3.6,4.2,4.2,4.2,0
2020-02-21,3.6,4.2,4.2,4.2,0
2020-02-24,3.1,3.1,3.1,3.1,3000
2020-02-25,3.1,3.1,3.1,3.1,0
2020-02-26,3.1,3.1,3.1,3.1,0
2020-02-27,3.1,3.1,3.1,3.1,0
2020-02-28,3.5,3.5,3.5,3.5,100
2020-03-02,3.5,3.5,3.5,3.5,0
2020-03-03,4.0,4.0,4.0,4.0,100
2020-03-04,4.0,4.0,4.0,4.0,0
2020-03-05,4.0,4.0,4.0,4.0,0
2020-03-06,4.6,4.6,4.6,4.6,100
2020-03-09,4.6,4.6,4.6,4.6,0
2020-03-10,4.0,5.0,4.0,5.0,19200
2020-03-11,5.0,5.0,5.0,5.0,0
2020-03-12,5.0,5.0,5.0,5.0,0
2020-03-13,4.3,4.3,4.3,4.3,100
2020-03-16,3.7,3.7,3.7,3.7,1000
2020-03-17,4.1,4.1,4.1,4.1,100
2020-03-18,4.1,4.1,4.1,4.1,0
2020-03-19,4.1,4.1,4.1,4.1,0
2020-03-20,4.1,4.1,4.1,4.1,0
2020-03-23,4.1,4.1,4.1,4.1,0
2020-03-24,4.1,4.1,4.1,4.1,0
2020-03-25,3.5,3.5,3.5,3.5,6100
2020-03-26,3.0,3.5,3.0,3.5,70500
2020-03-27,2.7,2.8,2.7,2.7,27800
2020-03-30,2.7,3.0,2.6,2.6,28300
2020-03-31,2.8,2.8,2.8,2.8,139
2020-04-01,2.8,2.8,2.8,2.8,0
2020-04-03,2.8,2.8,2.8,2.8,0
2020-04-06,2.8,2.8,2.8,2.8,0
2020-04-07,2.8,2.8,2.7,2.8,29100
2020-04-08,2.8,2.8,2.8,2.8,0
2020-04-09,2.8,2.8,2.8,2.8,16000
2020-04-10,2.8,2.9,2.8,2.8,107400
2020-04-13,2.8,2.8,2.8,2.8,11500
2020-04-14,2.8,2.8,2.8,2.8,13900
2020-04-15,2.8,2.8,2.8,2.8,0
2020-04-16,2.8,2.8,2.8,2.8,0
2020-04-17,2.8,2.8,2.8,2.8,0
2020-04-20,2.8,2.8,2.8,2.8,100
2020-04-21,2.8,2.8,2.8,2.8,0
2020-04-22,2.8,2.8,2.8,2.8,3000
2020-04-23,2.8,2.8,2.8,2.8,5410
2020-04-24,2.8,2.8,2.8,2.8,4029
2020-04-27,2.8,2.8,2.8,2.8,6306
2020-04-28,2.8,2.8,2.8,2.8,8000
2020-04-29,2.8,2.8,2.8,2.8,2500
2020-05-04,2.8,2.8,2.8,2.8,12000
2020-05-05,2.8,2.8,2.8,2.8,1000
2020-05-06,2.8,2.8,2.8,2.8,0
2020-05-07,2.8,2.8,2.8,2.8,800
2020-05-08,2.8,2.8,2.8,2.8,0
2020-05-11,2.9,2.9,2.9,2.9,100
2020-05-12,2.8,2.8,2.8,2.8,1200
2020-05-13,2.8,2.8,2.8,2.8,7200
2020-05-14,2.8,2.8,2.8,2.8,1006
2020-05-15,2.8,2.8,2.8,2.8,0
2020-05-18,2.8,2.8,2.8,2.8,0
2020-05-19,2.8,2.8,2.8,2.8,1500
2020-05-20,2.8,2.8,2.8,2.8,0
2020-05-21,2.8,2.8,2.8,2.8,0
2020-05-22,2.8,3.2,2.8,3.2,140000
2020-05-25,3.1,3.5,3.1,3.2,44900
2020-05-26,3.9,3.9,3.9,3.9,5000
2020-05-27,3.9,3.9,3.9,3.9,0
2020-05-28,3.9,3.9,3.9,3.9,0
2020-05-29,4.2,4.2,4.2,4.2,159
2020-06-01,4.6,4.6,3.6,3.6,8100
2020-06-02,3.4,3.4,3.2,3.2,38000
2020-06-03,3.4,3.2,3.2,3.2,0
2020-06-04,3.4,3.2,3.2,3.2,0
2020-06-05,3.2,3.3,3.2,3.3,1000
2020-06-08,3.3,3.3,3.3,3.3,0
2020-06-09,3.3,3.3,3.3,3.3,0
2020-06-10,2.9,2.9,2.9,2.9,1700
2020-06-11,3.0,3.0,3.0,3.0,100
2020-06-12,2.9,2.9,2.7,2.9,1400
2020-06-15,2.8,2.9,2.9,2.9,0
2020-06-16,2.8,2.9,2.9,2.9,0
2020-06-17,2.8,2.9,2.9,2.9,0
2020-06-18,2.8,2.8,2.8,2.8,3900
2020-06-19,2.8,2.8,2.8,2.8,0
2020-06-22,2.8,2.8,2.8,2.8,0
2020-06-23,2.8,2.8,2.8,2.8,1100
2020-06-24,2.8,2.8,2.8,2.8,2000
2020-06-25,2.8,2.8,2.8,2.8,0
2020-06-26,2.8,2.8,2.8,2.8,65
2020-06-29,2.8,2.8,2.8,2.8,0
2020-06-30,2.8,2.8,2.8,2.8,0
2020-07-01,2.8,2.8,2.8,2.8,0
2020-07-02,2.8,2.8,2.8,2.8,0
2020-07-03,2.8,2.8,2.8,2.8,0
2020-07-06,2.8,2.8,2.8,2.8,100
2020-07-07,2.8,2.8,2.8,2.8,0
2020-07-08,2.8,2.8,2.8,2.8,0
2020-07-09,2.8,2.8,2.8,2.8,0
2020-07-10,2.8,2.8,2.8,2.8,900
2020-07-13,2.8,2.8,2.8,2.8,0
2020-07-14,2.8,2.8,2.8,2.8,0
2020-07-15,2.8,2.8,2.8,2.8,0
2020-07-16,3.2,3.2,3.2,3.2,124400
2020-07-17,3.2,3.2,3.2,3.2,20
2020-07-20,3.2,3.2,3.2,3.2,0
2020-07-21,3.2,3.2,3.2,3.2,0
2020-07-22,3.2,3.2,3.2,3.2,0
2020-07-23,3.2,3.2,3.2,3.2,0
2020-07-24,3.2,3.2,3.2,3.2,0
2020-07-27,3.2,3.2,3.2,3.2,0
2020-07-28,3.2,3.2,3.2,3.2,0
2020-07-29,3.2,3.2,3.2,3.2,0
2020-07-30,3.2,3.2,3.2,3.2,0
2020-07-31,3.2,3.2,3.2,3.2,0
2020-08-03,3.2,3.2,3.2,3.2,0
2020-08-04,3.2,3.2,3.2,3.2,0
2020-08-05,3.2,3.2,3.2,3.2,1000
2020-08-06,3.2,3.2,3.2,3.2,0
2020-08-07,3.2,3.5,3.2,3.5,87600
2020-08-10,3.0,3.0,3.0,3.0,1000
2020-08-11,2.9,2.9,2.9,2.9,100
2020-08-12,2.9,2.9,2.9,2.9,0
2020-08-13,3.2,3.2,3.2,3.2,151200
2020-08-14,3.2,3.6,3.2,3.6,4500
2020-08-17,3.6,3.6,3.6,3.6,22400
2020-08-18,3.6,3.6,3.6,3.6,36800
2020-08-19,3.6,3.6,3.6,3.6,0
2020-08-20,3.1,3.1,3.1,3.1,7900
2020-08-21,3.0,3.0,3.0,3.0,11400
2020-08-24,3.0,3.0,3.0,3.0,0
2020-08-25,3.2,3.2,3.2,3.2,8800
2020-08-26,3.3,3.5,3.2,3.2,16001
2020-08-27,3.3,3.2,3.2,3.2,0
2020-08-28,3.3,3.2,3.2,3.2,0
2020-08-31,3.3,3.3,3.3,3.2,1
2020-09-01,3.3,3.3,3.3,3.3,13600
2020-09-03,3.3,3.3,3.3,3.3,0
2020-09-04,3.2,3.2,3.1,3.1,23500
2020-09-07,3.0,3.0,3.0,3.0,2700
2020-09-08,3.0,3.0,3.0,3.0,96300
2020-09-09,3.0,3.0,3.0,3.0,52000
2020-09-10,3.0,3.0,3.0,3.0,32600
2020-09-11,3.0,3.0,3.0,3.0,100
2020-09-14,3.1,3.1,3.1,3.1,7200
2020-09-15,3.1,3.3,3.1,3.2,15000
2020-09-16,3.6,3.6,3.6,3.6,100
2020-09-17,3.7,3.7,3.1,3.1,1100
2020-09-18,3.0,3.3,3.0,3.3,400
2020-09-21,3.0,3.0,3.0,3.0,2500
2020-09-22,3.0,3.0,3.0,3.0,0
2020-09-23,3.0,3.0,3.0,3.0,8000
2020-09-24,3.0,3.0,3.0,3.0,20300
2020-09-25,3.0,3.0,3.0,3.0,9000
2020-09-28,3.0,3.0,3.0,3.0,0
2020-09-29,3.0,3.0,3.0,3.0,4500
2020-09-30,3.0,3.0,3.0,3.0,4700
2020-10-01,3.0,3.0,3.0,3.0,5801
2020-10-02,3.0,3.0,3.0,3.0,11000
2020-10-05,3.0,3.0,3.0,3.0,500
2020-10-06,3.0,3.0,3.0,3.0,0
2020-10-07,3.0,3.0,3.0,3.0,3000
2020-10-08,3.0,3.0,3.0,3.0,1600
2020-10-09,3.0,3.0,3.0,3.0,0
2020-10-12,3.0,3.0,3.0,3.0,0
2020-10-13,3.3,3.3,3.3,3.3,100
2020-10-14,3.3,3.3,3.0,3.0,8800
2020-10-15,3.0,3.0,3.0,3.0,1000
2020-10-16,3.0,3.0,3.0,3.0,0
2020-10-19,3.4,3.4,3.4,3.4,100
2020-10-20,3.0,3.0,3.0,3.0,3000
2020-10-21,3.0,3.0,3.0,3.0,8900
2020-10-22,3.2,3.2,3.2,3.2,100
2020-10-23,3.2,3.2,3.2,3.2,0
2020-10-26,3.2,3.2,3.2,3.2,0
2020-10-27,3.1,3.1,3.1,3.1,4000
2020-10-28,3.0,3.0,3.0,3.0,7800
2020-10-29,3.0,3.0,3.0,3.0,2500
2020-10-30,3.0,3.0,3.0,3.0,1000
2020-11-02,3.0,3.0,3.0,3.0,0
2020-11-03,3.0,3.0,3.0,3.0,200
2020-11-04,3.0,3.0,3.0,3.0,0
2020-11-05,3.0,3.0,3.0,3.0,0
2020-11-06,3.0,3.0,3.0,3.0,0
2020-11-09,3.0,3.0,3.0,3.0,0
2020-11-10,3.0,3.0,3.0,3.0,0
2020-11-11,3.0,3.0,3.0,3.0,2000
2020-11-12,3.0,3.0,3.0,3.0,0
2020-11-13,3.0,3.0,3.0,3.0,0
2020-11-16,3.0,3.0,3.0,3.0,8800
2020-11-17,3.0,3.0,3.0,3.0,0
2020-11-18,3.0,3.0,3.0,3.0,0
2020-11-19,3.0,3.0,3.0,3.0,0
2020-11-20,3.0,3.0,3.0,3.0,0
2020-11-23,3.0,3.0,3.0,3.0,0
2020-11-24,3.0,3.0,3.0,3.0,0
2020-11-25,2.6,2.6,2.6,2.6,1000
2020-11-26,2.9,2.9,2.9,2.9,1500
2020-11-27,2.9,2.9,2.9,2.9,0
2020-11-30,2.9,2.9,2.9,2.9,0
2020-12-01,2.9,2.9,2.9,2.9,0
2020-12-02,3.0,3.0,3.0,3.0,500
2020-12-03,3.0,3.0,3.0,3.0,2000
2020-12-04,3.0,3.0,3.0,3.0,0
2020-12-07,3.0,3.0,3.0,3.0,0
2020-12-08,3.0,3.0,3.0,3.0,0
2020-12-09,3.0,3.0,3.0,3.0,0
2020-12-10,3.0,3.0,3.0,3.0,0
2020-12-11,3.0,3.0,3.0,3.0,8200
2020-12-14,3.0,3.0,3.0,3.0,0
2020-12-15,3.1,3.2,3.1,3.2,48300
2020-12-16,3.2,3.2,3.2,3.2,0
2020-12-17,3.2,3.2,3.2,3.2,0
2020-12-18,3.0,3.0,3.0,3.0,3000
2020-12-21,3.0,3.0,3.0,3.0,1500
2020-12-22,3.1,3.1,3.1,3.1,1000
2020-12-23,3.1,3.1,3.1,3.1,0
2020-12-24,3.1,3.1,3.1,3.1,0
2020-12-25,3.0,3.0,3.0,3.0,1000
2020-12-28,3.0,3.4,3.0,3.4,2700
2020-12-29,3.2,3.2,3.2,3.2,200
2020-12-30,3.2,3.2,3.2,3.2,0
2020-12-31,3.2,3.2,3.2,3.2,4
2021-01-04,3.5,3.6,3.5,3.6,5300
2021-01-05,3.0,3.0,3.0,3.0,300
2021-01-06,3.4,3.4,3.4,3.4,300
2021-01-07,3.4,3.5,3.0,3.1,5209
2021-01-08,3.1,3.1,2.7,3.0,10700
2021-01-11,2.9,3.0,3.0,3.0,0
2021-01-12,3.3,3.3,3.1,3.1,2900
2021-01-13,3.4,3.4,3.0,3.1,1205
2021-01-14,3.1,3.2,3.1,3.2,2210
2021-01-15,3.0,3.1,3.0,3.1,2412
2021-01-18,3.1,3.4,3.1,3.4,4200
2021-01-19,3.5,3.5,3.3,3.5,17500
2021-01-20,3.1,3.1,3.1,3.1,412
2021-01-21,3.1,3.1,3.1,3.1,2500
2021-01-22,3.1,3.2,3.1,3.2,3836
2021-01-25,3.1,3.1,3.1,3.1,1100
2021-01-26,3.3,3.5,3.3,3.5,11700
2021-01-27,3.2,3.2,3.1,3.1,700
2021-01-28,3.3,3.3,3.2,3.2,11000
2021-01-29,3.3,3.4,3.1,3.1,3000
2021-02-01,3.1,3.1,3.1,3.1,7700
2021-02-02,3.1,3.1,3.1,3.1,800
2021-02-03,3.1,3.1,3.1,3.1,0
2021-02-04,3.1,3.1,3.1,3.1,0
2021-02-05,3.1,3.1,3.1,3.1,0
2021-02-08,3.1,3.1,3.1,3.1,5300
2021-02-09,3.1,3.1,3.1,3.1,0
2021-02-17,3.1,3.1,3.1,3.1,1000
2021-02-18,3.1,3.1,3.1,3.1,8000
2021-02-19,3.2,3.2,3.2,3.2,1000
2021-02-22,3.2,3.2,3.2,3.2,500
2021-02-23,3.4,3.5,3.4,3.4,44500
2021-02-24,3.5,3.8,3.2,3.8,9100
2021-02-25,3.5,3.8,3.8,3.8,0
2021-02-26,3.3,3.3,3.3,3.3,100
2021-03-01,3.2,3.2,3.2,3.2,3000
2021-03-02,3.2,3.2,3.2,3.2,0
2021-03-03,3.2,3.6,3.2,3.6,5200
2021-03-04,3.7,3.7,3.7,3.7,200
2021-03-05,4.0,4.0,3.4,3.4,11500
2021-03-08,3.5,4.0,3.5,3.6,21120
2021-03-09,3.6,4.0,3.6,3.6,3700
2021-03-10,3.9,4.4,3.9,4.1,74500
2021-03-11,3.7,3.7,3.7,3.7,200
2021-03-12,3.7,4.0,3.7,3.8,8800
2021-03-15,3.7,4.0,3.7,4.0,32300
2021-03-16,4.0,4.0,4.0,4.0,23500
2021-03-17,3.8,4.0,3.8,4.0,9900
2021-03-18,3.8,3.8,3.7,3.7,700
2021-03-19,3.7,3.8,3.6,3.8,8500
2021-03-22,3.8,4.1,3.8,4.0,30000
2021-03-23,4.2,4.6,4.2,4.6,154200
2021-03-24,5.1,5.1,4.5,5.1,22200
2021-03-25,5.0,5.0,4.4,4.4,32110
2021-03-26,4.5,5.2,4.3,5.2,24228
2021-03-29,4.4,5.0,4.3,5.0,43400
2021-03-30,4.6,4.7,4.6,4.7,13000
2021-03-31,4.9,5.2,4.3,4.3,5000
2021-04-01,4.5,4.6,4.2,4.6,20400
2021-04-02,4.6,4.6,4.4,4.6,2300
2021-04-05,4.7,5.0,4.7,4.9,7900
2021-04-06,5.2,5.6,5.0,5.6,77500
2021-04-07,6.0,6.0,5.7,5.7,13610
2021-04-08,5.7,5.7,5.6,5.6,9700
2021-04-09,5.6,5.6,5.6,5.6,521
2021-04-12,5.4,5.9,5.3,5.9,36147
2021-04-13,5.8,5.8,5.2,5.2,11100
2021-04-14,5.3,6.0,5.3,6.0,17600
2021-04-15,5.7,5.7,5.1,5.2,1800
2021-04-16,5.2,5.2,4.7,4.7,349700
2021-04-19,4.8,4.8,4.4,4.6,6600
2021-04-20,4.7,4.7,4.7,4.7,1200
2021-04-22,4.7,4.9,4.3,4.3,20000
2021-04-23,4.2,4.2,4.2,4.2,2000
2021-04-26,4.6,4.6,4.6,4.6,100
2021-04-27,4.2,4.2,4.2,4.2,1600
2021-04-28,4.0,4.2,4.0,4.2,252100
2021-04-29,4.0,4.3,3.6,3.8,16700
2021-05-04,3.8,4.2,3.8,4.0,18600
2021-05-05,4.2,4.6,4.2,4.6,8000
2021-05-06,4.2,4.2,4.2,4.2,2700
2021-05-07,4.4,4.4,4.0,4.1,43900
2021-05-10,4.1,4.7,3.5,4.5,17600
2021-05-11,4.0,4.0,4.0,4.0,2000
2021-05-12,4.4,4.4,3.8,3.8,6000
2021-05-13,4.3,4.4,4.3,4.4,6100
2021-05-14,4.5,4.5,4.2,4.2,2900
2021-05-17,4.4,4.4,4.4,4.4,1700
2021-05-18,4.4,4.4,3.8,4.0,5300
2021-05-19,4.0,4.0,4.0,4.0,100
2021-05-20,4.2,4.2,4.2,4.2,100
2021-05-21,4.4,4.4,3.7,3.7,17100
2021-05-24,4.2,4.2,3.8,3.8,500
2021-05-25,3.9,4.2,3.7,3.8,1100
2021-05-26,4.2,4.2,3.7,3.8,700
2021-05-27,4.1,4.1,3.7,3.7,1100
2021-05-28,3.6,3.6,3.6,3.6,5400
2021-05-31,3.6,3.6,3.5,3.5,1300
2021-06-01,3.6,3.6,3.6,3.6,1700
2021-06-02,3.6,3.6,3.6,3.6,1000
2021-06-03,3.6,3.6,3.6,3.6,800
2021-06-04,4.1,4.1,3.7,3.7,8900
2021-06-07,3.9,3.9,3.8,3.8,500
2021-06-08,4.0,4.3,3.7,3.7,6600
2021-06-09,3.7,3.7,3.7,3.7,11000
2021-06-10,3.9,4.0,3.9,4.0,3600
2021-06-11,4.2,4.2,3.8,3.8,3400
2021-06-14,3.8,3.9,3.8,3.9,6100
2021-06-15,4.0,4.0,4.0,4.0,100
2021-06-16,3.7,4.3,3.7,4.2,9100
2021-06-17,3.7,3.7,3.7,3.7,100
2021-06-18,4.1,4.1,4.1,4.1,100
2021-06-21,4.3,4.3,4.0,4.3,2900
2021-06-22,4.4,4.4,4.4,4.4,100
2021-06-23,4.4,4.4,4.4,4.4,0
2021-06-24,3.8,4.2,3.8,4.2,3040
2021-06-25,4.3,4.3,4.3,4.3,100
2021-06-28,3.8,3.8,3.8,3.8,1000
2021-06-29,4.3,4.3,3.8,3.8,22100
2021-06-30,4.0,4.0,3.9,3.9,1000
2021-07-01,3.9,4.0,3.9,4.0,10262
2021-07-02,4.0,4.1,4.0,4.0,8300
2021-07-05,3.9,4.2,3.9,4.2,27900
2021-07-06,4.0,4.0,4.0,4.0,200
2021-07-07,3.9,4.0,3.9,4.0,16300
2021-07-08,3.9,3.9,3.9,3.9,200
2021-07-09,3.9,3.9,3.9,3.9,0
2021-07-12,3.8,3.9,3.8,3.9,5100
2021-07-13,3.9,3.9,3.9,3.9,2000
2021-07-14,3.9,3.9,3.9,3.9,0
2021-07-15,3.9,3.9,3.9,3.9,500
2021-07-16,3.8,4.0,3.8,4.0,1000
2021-07-19,3.9,4.0,4.0,4.0,0
2021-07-20,3.9,4.0,4.0,4.0,0
2021-07-21,4.2,4.2,4.2,4.2,100
2021-07-22,4.2,4.2,4.2,4.2,0
2021-07-23,4.0,4.1,4.0,4.1,11000
2021-07-26,3.7,3.7,3.7,3.7,3000
2021-07-27,3.7,3.7,3.7,3.7,1000
2021-07-28,3.8,3.8,3.8,3.8,6200
2021-07-29,3.8,3.8,3.8,3.8,1600
2021-07-30,3.8,3.8,3.8,3.8,0
2021-08-02,3.8,3.8,3.7,3.7,2500
2021-08-03,4.0,4.0,4.0,4.0,3000
2021-08-04,3.8,3.8,3.8,3.8,300
2021-08-05,4.2,4.2,4.2,4.2,100
2021-08-06,3.9,3.9,3.9,3.9,3500
2021-08-09,4.2,4.4,3.9,3.9,2100
2021-08-10,4.0,3.9,3.9,3.9,0
2021-08-11,4.0,4.0,4.0,3.9,98
2021-08-12,3.7,3.7,3.7,3.7,200
2021-08-13,3.7,3.7,3.7,3.7,0
2021-08-16,3.7,3.7,3.7,3.7,400
2021-08-17,4.0,4.0,3.8,3.8,2600
2021-08-18,3.8,3.8,3.8,3.8,200
2021-08-19,3.8,3.8,3.8,3.8,0
2021-08-20,3.8,3.8,3.8,3.8,0
2021-08-23,3.8,3.8,3.8,3.8,5000
2021-08-24,3.8,3.8,3.5,3.5,10000
2021-08-25,3.6,3.6,3.6,3.6,200
2021-08-26,3.6,3.6,3.6,3.6,2000
2021-08-27,3.6,3.6,3.6,3.6,0
2021-08-30,3.7,3.7,3.7,3.7,1200
2021-08-31,3.7,3.7,3.7,3.7,300
2021-09-01,3.7,4.0,3.7,3.9,15700
2021-09-06,4.0,4.3,4.0,4.3,12000
2021-09-07,4.0,4.4,4.0,4.4,7400
2021-09-08,3.8,4.0,3.8,4.0,4500
2021-09-09,4.3,4.3,4.0,4.0,1100
2021-09-10,4.0,4.0,4.0,4.0,100
2021-09-13,4.2,4.4,4.2,4.4,12500
2021-09-14,4.3,4.7,4.3,4.5,22300
2021-09-15,4.2,5.0,4.2,4.5,10400
2021-09-16,4.5,4.9,4.5,4.9,112400
2021-09-17,5.2,5.3,4.6,5.0,13000
2021-09-20,4.4,5.3,4.4,5.0,25300
2021-09-21,4.2,5.1,4.2,4.9,26200
2021-09-22,4.7,5.4,4.7,5.4,65300
2021-09-23,6.0,6.2,5.4,5.7,31300
2021-09-24,5.1,6.0,5.0,5.4,55000
2021-09-27,5.2,5.4,4.6,4.8,20600
2021-09-28,4.2,4.9,4.2,4.9,18300
2021-09-29,5.0,5.0,4.8,4.8,9700
2021-09-30,4.4,5.0,4.4,4.7,13700
2021-10-01,4.6,4.8,4.6,4.8,4000
2021-10-04,4.4,4.7,4.4,4.6,45200
2021-10-05,4.4,4.8,4.4,4.7,5300
2021-10-06,5.3,5.3,4.3,4.8,23600
2021-10-07,5.1,5.1,4.6,4.9,35900
2021-10-08,4.7,4.7,4.5,4.5,3000
2021-10-11,4.6,4.8,4.6,4.8,7600
2021-10-12,4.7,5.4,4.7,5.3,53000
2021-10-13,4.7,5.2,4.7,5.2,9600
2021-10-14,4.8,5.5,4.8,5.0,31200
2021-10-15,4.9,5.3,4.9,5.1,21900
2021-10-18,5.0,5.1,5.0,5.1,13200
2021-10-19,4.5,5.2,4.5,5.1,20600
2021-10-20,5.1,5.4,5.1,5.4,31600
2021-10-21,5.5,5.5,5.1,5.5,37300
2021-10-22,5.4,6.0,5.1,5.9,78436
2021-10-25,5.8,5.9,5.5,5.6,27600
2021-10-26,5.1,5.7,5.1,5.7,30500
2021-10-27,5.7,6.3,5.6,6.3,92300
2021-10-28,6.3,6.8,6.2,6.7,33700
2021-10-29,6.6,7.0,6.3,6.8,31925
2021-11-01,6.3,7.3,6.3,6.4,32000
2021-11-02,7.0,7.0,5.9,7.0,73248
2021-11-03,7.0,7.0,6.7,6.7,103200
2021-11-04,6.1,6.9,6.1,6.7,22600
2021-11-05,6.5,6.6,6.4,6.6,53500
2021-11-08,6.8,6.8,6.3,6.6,47900
2021-11-09,5.8,6.7,5.8,6.6,32900
2021-11-10,6.6,6.6,6.4,6.5,9700
2021-11-11,5.8,7.2,5.8,7.1,70339
2021-11-12,7.2,7.8,7.2,7.8,59921
2021-11-15,8.5,8.7,8.5,8.7,12800
2021-11-16,10.0,10.0,9.9,10.0,392297
2021-11-17,11.0,11.0,9.4,9.9,110901
2021-11-18,9.9,11.6,9.4,11.6,88051
2021-11-19,12.3,12.4,12.3,12.4,240200
2021-11-22,14.2,14.2,10.6,10.8,188600
2021-11-23,10.3,10.3,9.3,10.3,52600
2021-11-24,11.0,11.3,10.1,10.6,69800
2021-11-25,10.7,11.0,10.4,10.5,90047
2021-11-26,11.3,11.3,9.3,10.1,51200
2021-11-29,8.5,10.2,8.5,10.2,54608
2021-11-30,10.9,10.9,9.9,10.0,30820
2021-12-01,10.8,10.8,9.4,9.7,82200
2021-12-02,8.8,10.2,8.8,10.0,48700
2021-12-03,10.0,10.6,9.9,10.2,73701
2021-12-06,10.1,10.1,9.5,9.5,25900
2021-12-07,9.6,9.6,9.0,9.4,73600
2021-12-08,9.4,9.4,9.1,9.1,32000
2021-12-09,9.2,9.3,8.6,9.0,43900
2021-12-10,9.0,9.0,8.6,8.8,24600
2021-12-13,8.9,9.3,8.5,8.9,66030
2021-12-14,9.3,9.3,8.5,8.7,27000
2021-12-15,9.2,9.2,8.5,8.5,38735
2021-12-16,8.5,8.5,8.1,8.2,74620
2021-12-17,8.3,8.3,8.0,8.3,37800
2021-12-20,8.3,8.3,7.7,8.0,60042
2021-12-21,7.9,8.2,7.8,8.0,45108
2021-12-22,8.0,9.2,7.8,9.1,93890
2021-12-23,8.9,9.6,8.9,9.5,65100
2021-12-24,9.4,9.4,8.7,8.9,36300
2021-12-27,9.0,9.0,8.3,8.6,24500
2021-12-28,9.0,9.0,8.6,8.6,55500
2021-12-29,8.1,8.7,8.1,8.6,44300
2021-12-30,8.8,9.0,8.6,8.8,21600
2021-12-31,9.1,9.1,8.3,8.7,7900
2022-01-04,8.8,8.8,8.5,8.5,8000
2022-01-05,7.5,8.8,7.5,8.6,8400
2022-01-06,7.9,8.8,7.4,8.5,33000
2022-01-07,8.5,9.1,8.3,9.0,98200
2022-01-10,9.0,10.2,9.0,10.2,160957
2022-01-11,10.1,10.3,9.5,10.1,105500
2022-01-12,10.0,10.2,9.2,9.8,50900
2022-01-13,9.9,9.9,8.6,8.9,72400
2022-01-14,8.5,9.3,8.5,8.5,20416
2022-01-17,10.0,10.0,8.5,9.0,2900
2022-01-18,7.9,8.0,7.6,8.0,32110
2022-01-19,7.5,7.9,7.5,7.9,4500
2022-01-20,8.6,8.6,6.8,8.4,8700
2022-01-21,9.0,9.0,7.5,8.6,13500
2022-01-24,8.8,9.7,8.0,8.2,13100
2022-01-25,8.7,8.7,7.8,7.9,31600
2022-01-26,8.6,8.6,7.8,7.8,22800
2022-01-27,8.4,8.4,7.2,7.4,7300
2022-01-28,7.4,7.9,7.4,7.9,7200
2022-02-07,7.9,7.9,7.9,7.9,8100
2022-02-08,7.9,7.9,7.8,7.8,400
2022-02-09,8.0,8.6,7.5,7.5,10800
2022-02-10,8.0,8.0,7.6,7.6,2000
2022-02-11,8.0,8.0,7.5,7.7,8300
2022-02-14,7.6,7.6,7.3,7.3,6700
2022-02-15,7.1,7.7,7.1,7.2,9700
2022-02-16,7.7,7.8,7.5,7.8,10400
2022-02-17,7.0,7.9,7.0,7.9,8808
2022-02-18,7.3,7.7,7.3,7.6,1103
2022-02-21,7.6,7.8,7.3,7.6,8400
2022-02-22,7.6,7.6,7.1,7.5,41400
2022-02-23,7.5,7.5,7.5,7.5,3200
2022-02-24,7.4,7.4,7.1,7.2,7000
2022-02-25,7.2,7.5,7.2,7.3,6900
2022-02-28,7.4,7.5,7.3,7.5,22600
2022-03-01,7.6,8.0,7.6,8.0,35400
2022-03-02,8.0,8.0,7.5,7.6,2100
2022-03-03,7.6,7.8,7.5,7.6,22700
2022-03-04,7.6,8.2,7.6,8.2,82103
2022-03-07,8.2,8.7,8.0,8.2,16401
2022-03-08,7.6,8.4,7.6,8.0,39900
2022-03-09,7.8,8.0,7.7,8.0,19708
2022-03-10,8.3,8.9,7.8,8.9,106000
2022-03-11,8.9,9.1,8.4,8.9,67400
2022-03-14,8.8,8.8,8.4,8.6,23700
2022-03-15,8.2,8.9,8.2,8.7,13500
2022-03-16,8.4,8.8,8.4,8.7,40109
2022-03-17,8.7,8.8,8.5,8.8,19100
2022-03-18,8.6,9.4,8.6,8.8,45408
2022-03-21,8.9,9.1,8.8,8.8,41600
2022-03-22,9.0,9.0,8.7,8.7,31401
2022-03-23,8.7,8.8,8.6,8.8,42200
2022-03-24,8.7,8.9,8.6,8.9,9600
2022-03-25,8.8,8.9,8.7,8.8,31526
2022-03-28,8.8,8.8,8.4,8.6,29400
2022-03-29,8.5,8.8,8.5,8.8,18800
2022-03-30,8.6,8.6,8.5,8.5,11900
2022-03-31,8.5,8.5,7.5,8.0,37200
2022-04-01,8.0,8.2,8.0,8.2,14200
2022-04-04,8.0,8.0,7.9,8.0,6100
2022-04-05,7.8,8.0,7.8,8.0,5800
2022-04-06,7.9,7.9,7.7,7.7,35200
2022-04-07,7.7,7.7,7.5,7.5,9400
2022-04-08,7.6,7.6,7.4,7.4,16900
2022-04-12,7.5,7.5,7.2,7.3,21900
2022-04-13,7.2,7.2,7.0,7.1,21300
2022-04-14,7.2,7.4,7.2,7.3,12300
2022-04-15,7.4,7.4,7.1,7.3,4600
2022-04-18,6.6,6.8,6.6,6.7,9300
2022-04-19,5.8,6.7,5.8,6.1,24100
2022-04-20,6.2,6.2,5.6,6.0,51500
2022-04-21,5.8,5.9,5.3,5.3,50008
2022-04-22,5.1,6.0,5.1,5.4,10300
2022-04-25,5.6,5.6,5.5,5.5,18922
2022-04-26,5.4,5.7,5.3,5.7,10700
2022-04-27,5.9,5.9,5.5,5.5,11100
2022-04-28,6.0,6.1,5.8,5.8,19200
2022-04-29,5.9,6.0,5.9,5.9,2800
2022-05-04,5.9,5.9,5.8,5.8,600
2022-05-05,5.8,5.8,5.4,5.6,14200
2022-05-06,5.8,5.8,5.8,5.8,1100
2022-05-09,5.4,5.4,5.4,5.4,48900
2022-05-10,5.4,5.4,5.4,5.4,0
2022-05-11,5.5,5.7,5.4,5.4,6600
2022-05-12,6.0,6.1,5.6,5.6,4100
2022-05-13,5.4,5.4,5.4,5.4,14300
2022-05-16,5.3,5.4,5.3,5.4,4800
2022-05-17,5.4,5.5,5.3,5.5,16000
2022-05-18,5.4,5.4,5.4,5.4,100
2022-05-19,5.4,5.9,5.4,5.5,4000
2022-05-20,5.8,5.8,5.8,5.8,100
2022-05-23,5.5,5.6,5.5,5.6,7000
2022-05-24,5.3,5.3,5.3,5.3,1400
2022-05-25,5.3,5.6,5.3,5.6,1600
2022-05-26,5.8,5.9,5.7,5.7,3200
2022-05-27,5.5,6.0,5.5,5.9,2300
2022-05-30,5.6,5.6,5.6,5.6,5189
2022-05-31,5.6,5.6,5.6,5.6,500
2022-06-01,5.5,5.6,5.5,5.6,5400
2022-06-02,5.5,5.5,5.5,5.5,8100
2022-06-03,5.5,5.5,5.5,5.5,4100
2022-06-06,5.5,5.5,5.5,5.5,19100
2022-06-07,5.5,5.5,5.5,5.5,10700
2022-06-08,5.4,5.4,5.4,5.4,1200
2022-06-09,5.7,5.9,5.7,5.9,200
2022-06-10,5.8,5.8,5.8,5.8,0
2022-06-13,5.8,5.8,5.8,5.8,0
2022-06-14,5.8,5.8,5.8,5.8,0
2022-06-15,5.8,5.8,5.8,5.8,0
2022-06-16,5.8,5.8,5.8,5.8,0
2022-06-17,5.2,5.3,5.2,5.2,1800
2022-06-20,5.2,5.2,5.2,5.2,0
2022-06-21,5.1,5.1,5.1,5.1,3900
2022-06-22,5.1,5.1,5.0,5.0,800
2022-06-23,5.0,5.0,5.0,5.0,1000
2022-06-24,5.0,5.0,5.0,5.0,800
2022-06-27,5.0,5.0,5.0,5.0,4000
2022-06-28,5.0,5.0,5.0,5.0,2000
2022-06-29,5.0,5.0,5.0,5.0,4000
2022-06-30,5.0,5.0,5.0,5.0,25300
2022-07-01,5.0,5.0,5.0,5.0,300
2022-07-04,5.2,5.2,4.8,5.1,21300
2022-07-05,4.8,5.0,4.8,5.0,200
2022-07-06,4.8,4.8,4.8,4.8,2800
2022-07-07,4.8,4.8,4.8,4.8,6000
2022-07-08,4.8,4.8,4.8,4.8,100
2022-07-11,4.7,4.7,4.7,4.7,1900
2022-07-12,5.0,5.0,5.0,5.0,100
2022-07-13,5.0,5.0,5.0,5.0,0
2022-07-14,5.0,5.0,5.0,5.0,2700
2022-07-15,5.0,5.0,5.0,5.0,98
2022-07-18,5.0,5.0,5.0,5.0,500
2022-07-19,5.0,5.0,5.0,5.0,0
2022-07-20,4.7,4.9,4.7,4.9,1500
2022-07-21,4.8,4.9,4.8,4.8,4000
2022-07-22,4.8,4.8,4.8,4.8,5400
2022-07-25,5.4,5.4,4.5,4.9,800
2022-07-26,4.7,5.0,4.5,5.0,2900
2022-07-27,5.2,5.2,4.5,4.5,400
2022-07-28,4.6,4.9,4.6,4.9,1702
2022-07-29,5.0,5.0,4.5,5.0,1902
2022-08-01,5.5,5.5,5.0,5.0,1100
2022-08-02,5.0,5.1,5.0,5.1,2600
2022-08-03,4.6,5.0,4.6,5.0,4602
2022-08-04,4.7,4.7,4.6,4.6,13800
2022-08-05,5.0,5.0,5.0,5.0,100
2022-08-08,5.0,5.0,5.0,5.0,0
2022-08-09,5.0,5.2,5.0,5.1,7800
2022-08-10,5.0,5.0,5.0,5.0,1000
2022-08-11,5.0,5.0,5.0,5.0,100
2022-08-12,4.6,5.5,4.6,5.5,7200
2022-08-15,5.2,5.3,5.0,5.0,7200
2022-08-16,5.2,5.2,4.6,5.1,12900
2022-08-17,4.9,4.9,4.9,4.9,1000
2022-08-18,4.9,4.9,4.9,4.9,11500
2022-08-19,4.9,4.9,4.9,4.9,2900
2022-08-22,4.9,5.0,4.9,5.0,9800
2022-08-23,4.9,4.9,4.9,4.9,200
2022-08-24,4.9,4.9,4.9,4.9,600
2022-08-25,4.9,4.9,4.9,4.9,1300
2022-08-26,4.9,4.9,4.9,4.9,12600
2022-08-29,4.9,4.9,4.9,4.9,5000
2022-08-30,4.3,5.0,4.3,5.0,900
2022-08-31,5.0,5.0,5.0,5.0,27000
2022-09-05,4.9,4.9,4.9,4.9,7600
2022-09-06,5.6,5.6,4.9,4.9,3300
2022-09-07,4.9,4.9,4.9,4.9,7500
2022-09-08,4.9,4.9,4.9,4.9,7100
2022-09-09,5.1,5.1,5.1,5.1,100
2022-09-12,4.9,5.1,4.9,5.1,600
2022-09-13,5.1,5.1,5.1,5.1,48
2022-09-14,5.1,5.1,5.1,5.1,0
2022-09-15,5.0,5.0,5.0,5.0,100
2022-09-16,5.2,5.2,5.2,5.2,100
2022-09-19,5.2,5.2,5.2,5.2,0
2022-09-20,4.8,4.8,4.8,4.8,5500
2022-09-21,4.8,4.8,4.8,4.8,5000
2022-09-22,5.2,5.2,5.2,5.2,3000
2022-09-23,5.2,5.2,5.2,5.2,0
2022-09-26,4.8,4.8,4.8,4.8,7800
2022-09-27,4.8,4.8,4.8,4.8,1248
2022-09-28,4.5,4.5,4.5,4.5,900
2022-09-29,4.5,4.5,4.5,4.5,0
2022-09-30,4.5,4.5,4.5,4.5,8300
2022-10-03,4.5,4.5,4.5,4.5,7900
2022-10-04,4.5,4.5,4.5,4.5,4
2022-10-05,4.5,4.5,4.5,4.5,42
2022-10-06,4.5,4.5,4.5,4.5,103
2022-10-07,4.5,4.5,4.5,4.5,11600
2022-10-10,4.5,4.5,4.5,4.5,0
2022-10-11,4.5,4.5,4.5,4.5,100
2022-10-12,4.5,4.5,4.5,4.5,0
2022-10-13,4.5,4.5,4.5,4.5,200
2022-10-14,4.5,4.5,4.5,4.5,0
2022-10-17,4.5,4.5,4.5,4.5,100
2022-10-18,4.5,4.5,4.5,4.5,0
2022-10-19,5.0,5.0,4.0,4.0,200
2022-10-20,4.5,4.5,4.5,4.5,0
2022-10-21,4.5,4.5,4.5,4.5,3000
2022-10-24,4.5,4.5,4.5,4.5,100
2022-10-25,4.5,4.5,4.4,4.4,4000
2022-10-26,4.5,4.5,4.5,4.5,27600
2022-10-27,4.5,4.9,4.5,4.9,4900
2022-10-28,4.6,4.6,4.6,4.6,0
2022-10-31,4.6,4.6,4.6,4.6,0
2022-11-01,4.5,4.5,4.5,4.5,11002
2022-11-02,4.5,4.5,4.5,4.5,10400
2022-11-03,4.5,4.5,4.5,4.5,0
2022-11-04,4.5,4.5,4.5,4.5,20100
2022-11-07,4.5,4.5,4.5,4.5,33500
2022-11-08,4.5,4.5,4.5,4.5,2000
2022-11-09,4.5,4.5,4.5,4.5,21000
2022-11-10,4.5,4.5,4.5,4.5,14100
2022-11-11,4.5,4.5,4.5,4.5,7200
2022-11-14,4.5,4.5,4.5,4.5,31000
2022-11-15,4.5,4.5,4.0,4.0,103000
2022-11-16,3.9,4.1,3.9,4.1,9100
2022-11-17,4.4,4.4,4.4,4.4,100
2022-11-18,4.4,5.0,4.4,5.0,200
2022-11-21,4.7,4.7,4.7,4.7,0
2022-11-22,5.0,5.0,5.0,5.0,100
2022-11-23,4.3,4.3,4.3,4.3,106
2022-11-24,4.8,4.8,4.8,4.8,155
2022-11-25,4.8,4.8,4.1,4.8,3100
2022-11-28,4.2,4.2,4.2,4.2,300
2022-11-29,4.5,4.5,4.5,4.5,100
2022-11-30,4.5,4.5,4.5,4.5,0
2022-12-01,4.1,4.4,4.1,4.4,22649
2022-12-02,4.1,4.1,4.1,4.1,11700
2022-12-05,4.1,4.1,4.1,4.1,0
2022-12-06,4.1,4.1,4.1,4.1,100
2022-12-07,4.1,4.1,4.1,4.1,0
2022-12-08,4.1,4.1,4.1,4.1,0
2022-12-09,4.1,4.1,4.1,4.1,2100
2022-12-12,4.1,4.1,4.1,4.1,0
2022-12-13,4.1,4.1,4.1,4.1,0
2022-12-14,4.1,4.1,4.1,4.1,0
2022-12-15,4.1,4.1,4.1,4.1,0
2022-12-16,4.1,4.1,4.1,4.1,0
2022-12-19,4.1,4.1,4.1,4.1,200
2022-12-20,4.1,4.1,4.1,4.1,0
2022-12-21,4.1,4.1,4.1,4.1,0
2022-12-22,4.1,4.1,4.1,4.1,0
2022-12-23,4.1,4.1,4.1,4.1,1
2022-12-26,4.1,4.1,4.1,4.1,0
2022-12-27,4.1,4.1,4.1,4.1,0
2022-12-28,4.1,4.1,4.1,4.1,0
2022-12-29,4.1,4.1,4.1,4.1,0
2022-12-30,4.1,4.1,4.1,4.1,0
2023-01-03,4.7,4.7,4.1,4.1,10100
2023-01-04,4.1,4.1,4.1,4.1,600
2023-01-05,4.1,4.1,4.1,4.1,0
2023-01-06,4.1,4.1,4.1,4.1,0
2023-01-09,4.1,4.1,4.1,4.1,0
2023-01-10,4.1,4.1,4.1,4.1,0
2023-01-11,4.1,4.1,4.1,4.1,0
2023-01-12,4.1,4.1,4.1,4.1,0
2023-01-13,4.1,4.1,4.1,4.1,3
2023-01-16,4.1,4.1,4.1,4.1,2000
2023-01-17,4.1,4.1,4.1,4.1,0
2023-01-18,4.1,4.1,4.1,4.1,0
2023-01-19,4.1,4.1,4.1,4.1,0
2023-01-27,4.1,4.1,4.1,4.1,0
2023-01-30,4.1,4.1,4.1,4.1,0
2023-01-31,4.1,4.1,4.1,4.1,0
2023-02-01,4.1,4.7,4.1,4.7,2600
2023-02-02,4.1,4.1,4.1,4.1,0
2023-02-03,4.1,4.1,4.1,4.1,0
2023-02-06,4.2,4.2,4.2,4.2,2900
2023-02-07,4.2,4.2,4.2,4.2,0
2023-02-08,4.2,4.2,4.2,4.2,0
2023-02-09,4.2,4.2,4.2,4.2,0
2023-02-10,4.2,4.2,4.2,4.2,0
2023-02-13,4.1,4.1,4.1,4.1,12000
2023-02-14,4.1,4.1,4.1,4.1,0
2023-02-15,4.1,4.1,4.1,4.1,0
2023-02-16,4.1,4.1,4.1,4.1,1500
2023-02-17,4.1,4.1,4.1,4.1,0
2023-02-20,4.1,4.1,4.1,4.1,0
2023-02-21,4.1,4.1,4.1,4.1,0
2023-02-22,4.1,4.1,4.1,4.1,0
2023-02-23,4.1,4.1,4.1,4.1,300
2023-02-24,4.1,4.1,4.1,4.1,0
2023-02-27,4.1,4.1,4.1,4.1,10000
2023-02-28,4.1,4.1,4.1,4.1,0
2023-03-01,4.7,4.7,3.5,4.1,2100
2023-03-02,4.1,4.1,4.1,4.1,0
2023-03-03,4.1,4.1,4.1,4.1,0
2023-03-06,4.1,4.1,4.1,4.1,48
2023-03-07,4.1,4.2,4.1,4.2,200
2023-03-08,4.1,4.1,4.1,4.1,1000
2023-03-09,4.5,4.5,4.5,4.5,2000
2023-03-10,4.0,4.0,4.0,4.0,500
2023-03-13,4.0,4.0,4.0,4.0,100
2023-03-14,4.0,4.0,4.0,4.0,0
2023-03-15,4.0,4.0,4.0,4.0,0
2023-03-16,4.0,4.0,4.0,4.0,0
2023-03-17,4.0,4.0,4.0,4.0,0
2023-03-20,4.0,4.0,4.0,4.0,0
2023-03-21,4.6,4.6,4.4,4.4,400
2023-03-22,4.0,4.0,4.0,4.0,200
2023-03-23,4.0,4.0,4.0,4.0,0
2023-03-24,4.0,4.0,4.0,4.0,0
2023-03-27,4.0,4.6,4.0,4.6,322
2023-03-28,4.2,4.2,4.2,4.2,717
2023-03-29,4.2,4.2,4.2,4.2,0
2023-03-30,4.2,4.2,4.2,4.2,31
2023-03-31,4.1,4.1,4.1,4.1,100
2023-04-03,4.1,4.1,4.1,4.1,100
2023-04-04,4.1,4.1,4.1,4.1,500
2023-04-05,4.1,4.1,4.1,4.1,500
2023-04-06,4.1,4.1,4.1,4.1,200
2023-04-07,4.1,4.1,4.1,4.1,333
2023-04-10,4.2,4.2,4.1,4.2,2400
2023-04-11,4.2,4.2,4.2,4.2,0
2023-04-12,4.2,4.2,4.2,4.2,0
2023-04-13,4.3,4.3,4.3,4.3,500
2023-04-14,4.3,4.3,4.3,4.3,1000
2023-04-17,4.3,4.3,4.3,4.3,0
2023-04-18,4.3,4.3,4.3,4.3,0
2023-04-19,4.3,4.3,4.3,4.3,0
2023-04-20,4.3,4.3,4.3,4.3,0
2023-04-21,4.3,4.3,4.3,4.3,0
2023-04-24,4.3,4.3,4.3,4.3,500
2023-04-25,4.3,4.3,4.3,4.3,0
2023-04-26,4.3,4.3,4.3,4.3,0
2023-04-27,4.3,4.3,4.3,4.3,0
2023-04-28,4.3,4.3,4.3,4.3,0
2023-05-04,4.3,4.3,4.3,4.3,0
2023-05-05,4.3,4.3,4.3,4.3,0
2023-05-08,4.3,4.3,4.3,4.3,1
2023-05-09,4.3,4.3,4.3,4.3,0
2023-05-10,4.3,4.3,4.3,4.3,0
2023-05-11,4.3,4.3,4.3,4.3,900
2023-05-12,4.3,4.3,4.3,4.3,0
2023-05-15,4.3,4.3,4.3,4.3,0
2023-05-16,4.3,4.3,4.3,4.3,0
2023-05-17,4.3,4.3,4.3,4.3,0
2023-05-18,4.3,4.3,4.3,4.3,0
2023-05-19,4.3,4.3,4.3,4.3,0
2023-05-22,4.3,4.3,4.3,4.3,0
2023-05-23,4.3,4.3,4.3,4.3,0
2023-05-24,4.3,4.3,4.3,4.3,0
2023-05-25,4.3,4.3,4.3,4.3,0
2023-05-26,4.2,4.2,4.2,4.2,200
2023-05-29,4.2,4.2,4.2,4.2,100
2023-05-30,4.2,4.2,4.2,4.2,0
2023-05-31,4.2,4.2,4.2,4.2,41
2023-06-01,4.2,4.2,4.2,4.2,0
2023-06-02,4.2,4.2,4.2,4.2,0
2023-06-05,4.2,4.2,4.2,4.2,0
2023-06-06,4.2,4.2,4.2,4.2,0
2023-06-07,4.2,4.2,4.2,4.2,0
2023-06-08,4.2,4.2,4.2,4.2,0
2023-06-09,4.2,4.2,4.2,4.2,0
2023-06-12,4.2,4.2,4.2,4.2,0
2023-06-13,3.7,3.7,3.7,3.7,600
2023-06-14,4.2,4.2,4.2,4.2,6720
2023-06-15,4.8,4.8,4.6,4.8,4300
2023-06-16,4.0,4.9,4.0,4.9,320
2023-06-19,4.0,4.7,4.0,4.7,900
2023-06-20,4.1,4.1,4.1,4.1,4300
2023-06-21,4.1,4.1,4.1,4.1,0
2023-06-22,4.5,4.5,4.5,4.5,100
2023-06-23,4.5,4.6,4.5,4.6,900
2023-06-26,4.5,4.5,4.5,4.5,10
2023-06-27,4.1,4.4,4.1,4.4,5620
2023-06-28,4.1,4.1,4.1,4.1,0
2023-06-29,4.1,4.1,4.1,4.1,0
2023-06-30,4.1,4.1,4.1,4.1,0
2023-07-03,4.1,4.1,4.1,4.1,0
2023-07-04,4.1,4.1,4.1,4.1,0
2023-07-05,4.4,4.4,4.4,4.4,100
2023-07-06,5.0,5.0,4.0,4.5,700
2023-07-07,4.8,4.8,3.6,4.4,300
2023-07-10,4.4,4.4,3.8,4.3,600
2023-07-11,4.6,4.6,4.4,4.5,2300
2023-07-12,4.7,4.7,4.1,4.1,1500
2023-07-13,4.4,4.4,4.0,4.0,1800
2023-07-14,4.0,4.0,4.0,4.0,0
2023-07-17,4.6,4.6,4.5,4.5,2223
2023-07-18,4.0,4.1,4.0,4.1,3848
2023-07-19,4.0,4.2,4.0,4.1,3000
2023-07-20,4.2,4.2,4.2,4.2,0
2023-07-21,4.5,4.5,4.1,4.1,400
2023-07-24,4.4,4.4,4.4,4.4,100
2023-07-25,4.4,4.4,4.4,4.4,0
2023-07-26,4.2,4.2,4.2,4.2,300
2023-07-27,4.3,4.3,4.3,4.3,100
2023-07-28,4.5,4.5,4.5,4.5,1500
2023-07-31,4.6,4.7,4.6,4.7,3012
2023-08-01,4.1,4.6,4.1,4.6,1308
2023-08-02,4.7,4.7,4.2,4.2,400
2023-08-03,4.5,4.5,4.5,4.5,0
2023-08-04,4.5,4.5,4.5,4.5,900
2023-08-07,4.5,4.5,4.5,4.5,3500
2023-08-08,4.7,4.7,4.0,4.7,1200
2023-08-09,4.5,4.7,4.5,4.7,11302
2023-08-10,4.7,5.2,4.7,5.0,5440
2023-08-11,4.5,4.5,4.5,4.5,1715
2023-08-14,4.3,4.9,4.3,4.9,7400
2023-08-15,4.7,4.7,4.7,4.7,180
2023-08-16,4.4,4.8,4.4,4.8,1146
2023-08-17,4.4,4.8,4.4,4.8,5330
2023-08-18,4.5,4.5,4.5,4.5,0
2023-08-21,4.5,4.5,4.5,4.5,0
2023-08-22,4.3,4.3,4.3,4.3,2200
2023-08-23,4.3,4.3,4.3,4.3,1000
2023-08-24,4.4,4.4,4.4,4.4,100
2023-08-25,4.1,4.1,4.1,4.1,100
2023-08-28,4.1,4.1,4.1,4.1,0
2023-08-29,4.1,4.1,4.1,4.1,0
2023-08-30,4.6,4.6,4.6,4.6,100
2023-08-31,4.2,4.3,4.2,4.3,600
2023-09-05,4.5,4.5,4.5,4.5,100
2023-09-06,4.5,4.5,4.5,4.5,0
2023-09-07,4.2,4.2,4.2,4.2,800
2023-09-08,4.2,4.2,4.2,4.2,0
2023-09-11,4.2,4.2,4.2,4.2,125
2023-09-12,4.2,4.2,4.2,4.2,100
2023-09-13,4.2,4.2,4.2,4.2,0
2023-09-14,4.2,4.2,4.2,4.2,0
2023-09-15,4.2,4.2,4.2,4.2,3
2023-09-18,4.2,4.2,4.2,4.2,0
2023-09-19,4.1,4.1,4.1,4.1,500
2023-09-20,4.0,4.0,4.0,4.0,500
2023-09-21,4.0,4.0,4.0,4.0,11000
2023-09-22,4.0,4.0,3.5,3.5,600
2023-09-25,3.7,3.7,3.7,3.7,0
2023-09-26,3.5,3.5,3.5,3.5,4000
2023-09-27,3.5,3.5,3.5,3.5,0
2023-09-28,3.5,3.5,3.5,3.5,0
2023-09-29,3.5,3.5,3.5,3.5,0
2023-10-02,4.0,4.0,4.0,4.0,120
2023-10-03,4.0,4.0,4.0,4.0,0
2023-10-04,3.5,3.6,3.5,3.6,5008
2023-10-05,4.0,4.0,4.0,4.0,100
2023-10-06,4.0,4.0,4.0,4.0,0
2023-10-09,4.0,4.0,4.0,4.0,0
2023-10-10,4.0,4.0,4.0,4.0,0
2023-10-11,4.0,4.0,4.0,4.0,0
2023-10-12,4.0,4.0,4.0,4.0,0
2023-10-13,4.0,4.0,4.0,4.0,0
2023-10-16,4.0,4.0,4.0,4.0,0
2023-10-17,4.0,4.0,4.0,4.0,0
2023-10-18,4.0,4.0,4.0,4.0,0
2023-10-19,4.0,4.0,4.0,4.0,0
2023-10-20,4.0,4.0,4.0,4.0,0
2023-10-23,4.0,4.0,4.0,4.0,0
2023-10-24,4.0,4.0,4.0,4.0,1500
2023-10-25,4.0,4.0,4.0,4.0,4
2023-10-26,3.4,4.3,3.4,4.3,700
2023-10-27,3.7,3.7,3.7,3.7,0
2023-10-30,4.0,4.0,3.6,3.6,50300
2023-10-31,3.8,3.8,3.8,3.8,0
2023-11-01,3.8,3.8,3.8,3.8,0
2023-11-02,3.8,3.8,3.8,3.8,0
2023-11-03,3.8,3.8,3.8,3.8,0
2023-11-06,3.6,4.3,3.6,4.3,3300
2023-11-07,4.2,4.2,4.2,4.2,400
2023-11-08,4.2,4.2,4.2,4.2,0
2023-11-09,4.2,4.2,4.2,4.2,0
2023-11-10,3.8,3.8,3.8,3.8,4000
2023-11-13,4.3,4.3,4.3,4.3,1000
2023-11-14,4.3,4.3,4.3,4.3,0
2023-11-15,4.3,4.3,4.3,4.3,0
2023-11-16,4.3,4.3,4.3,4.3,0
2023-11-17,4.2,4.2,4.2,4.2,200
2023-11-20,4.2,4.2,4.2,4.2,0
2023-11-21,4.2,4.2,4.2,4.2,0
2023-11-22,4.2,4.2,4.2,4.2,104
2023-11-23,4.2,4.2,4.2,4.2,0
2023-11-24,4.2,4.2,4.2,4.2,0
2023-11-27,4.2,4.2,4.2,4.2,10
2023-11-28,4.2,4.2,4.2,4.2,0
2023-11-29,4.2,4.2,4.2,4.2,0
2023-11-30,4.2,4.2,4.2,4.2,0
2023-12-01,3.6,4.2,3.6,4.2,1100
2023-12-04,3.7,3.7,3.7,3.7,300
2023-12-05,3.7,3.7,3.7,3.7,1200
2023-12-06,3.7,3.7,3.7,3.7,100
2023-12-07,3.7,3.7,3.7,3.7,200
2023-12-08,4.2,4.2,4.0,4.0,1400
2023-12-11,4.2,4.2,3.8,3.9,8100
2023-12-12,3.8,3.8,3.8,3.8,0
2023-12-13,3.8,3.8,3.8,3.8,0
2023-12-14,3.8,3.8,3.8,3.8,0
2023-12-15,4.2,4.2,3.7,3.7,14200
2023-12-18,3.3,3.3,3.3,3.3,200
2023-12-19,3.3,3.3,3.3,3.3,0
2023-12-20,3.3,3.3,3.3,3.3,13
2023-12-21,3.4,3.4,3.4,3.4,1000
2023-12-22,3.4,3.4,3.4,3.4,10000
2023-12-25,3.4,3.4,3.4,3.4,0
2023-12-26,3.4,3.4,3.4,3.4,0
2023-12-27,3.4,3.4,3.4,3.4,0
2023-12-28,3.4,3.4,3.4,3.4,8800
2023-12-29,3.0,3.0,3.0,3.0,100
2024-01-02,3.1,3.1,3.1,3.1,600
2024-01-03,3.1,3.1,3.1,3.1,400
2024-01-04,3.1,3.1,3.1,3.1,0
2024-01-05,3.4,3.4,3.4,3.4,100
2024-01-08,3.4,3.4,3.4,3.4,0
2024-01-09,3.4,3.4,3.4,3.4,0
2024-01-10,3.1,3.1,3.1,3.1,700
2024-01-11,3.1,3.1,3.1,3.1,0
2024-01-12,3.1,3.1,3.1,3.1,0
2024-01-15,3.1,3.1,3.1,3.1,0
2024-01-16,3.1,3.1,3.1,3.1,0
2024-01-17,3.1,3.1,3.1,3.1,0
2024-01-18,3.1,3.1,3.1,3.1,246
2024-01-19,3.5,3.5,3.4,3.4,300
2024-01-22,3.1,3.1,3.1,3.1,200
2024-01-23,3.0,3.0,3.0,3.0,1000
2024-01-24,3.0,3.0,3.0,3.0,21
2024-01-25,3.4,3.4,3.4,3.4,1202
2024-01-26,3.4,3.4,3.4,3.4,0
2024-01-29,3.4,3.4,3.4,3.4,0
2024-01-30,3.4,3.4,3.4,3.4,0
2024-01-31,3.4,3.4,3.4,3.4,0
2024-02-01,3.4,3.4,3.4,3.4,0
2024-02-02,3.4,3.4,3.4,3.4,0
2024-02-05,3.4,3.4,3.4,3.4,0
2024-02-06,3.4,3.4,3.4,3.4,0
2024-02-07,3.4,3.4,3.4,3.4,0
2024-02-15,3.4,3.4,3.4,3.4,0
2024-02-16,3.4,3.4,3.4,3.4,0
2024-02-19,3.4,3.4,3.4,3.4,10
2024-02-20,2.9,2.9,2.9,2.9,30000
2024-02-21,3.3,3.3,3.0,3.0,600
2024-02-22,3.1,3.1,3.1,3.1,0
2024-02-23,3.5,3.5,3.5,3.5,2442
2024-02-26,3.5,3.5,3.5,3.5,100
2024-02-27,3.5,3.5,3.5,3.5,0
2024-02-28,3.5,3.5,3.5,3.5,0
2024-02-29,3.5,3.5,3.5,3.5,0
2024-03-01,3.5,3.5,3.5,3.5,0
2024-03-04,3.0,3.5,3.0,3.5,1700
2024-03-05,3.1,3.2,3.1,3.2,500
2024-03-06,3.5,3.6,3.4,3.4,5121
2024-03-07,3.4,3.4,3.4,3.4,600
2024-03-08,3.4,3.4,3.4,3.4,0
2024-03-11,3.4,3.4,3.4,3.4,0
2024-03-12,3.4,3.4,3.4,3.4,0
2024-03-13,3.1,3.1,3.1,3.1,200
2024-03-14,3.4,3.5,3.4,3.5,900
2024-03-15,3.6,3.7,3.6,3.7,610
2024-03-18,3.3,3.3,3.3,3.3,201
2024-03-19,2.9,2.9,2.9,2.9,100
2024-03-20,3.3,3.3,3.1,3.3,837
2024-03-21,3.1,3.7,3.1,3.7,4400
2024-03-22,3.3,4.2,3.3,4.2,1800
2024-03-25,3.9,4.7,3.7,4.5,6100
2024-03-26,4.2,4.8,3.9,4.0,1700
2024-03-27,4.8,4.9,3.7,3.7,1500
2024-03-28,3.8,4.8,3.8,4.1,7335
2024-03-29,3.9,3.9,3.9,3.9,100
2024-04-01,4.1,4.1,4.1,4.1,900
2024-04-02,4.1,4.1,4.1,4.1,0
2024-04-03,3.5,3.5,3.5,3.5,1000
2024-04-04,3.6,3.6,3.5,3.5,1501
2024-04-05,3.6,3.6,3.6,3.6,200
2024-04-08,3.6,3.6,3.6,3.6,100
2024-04-09,3.6,3.6,3.6,3.6,0
2024-04-10,3.6,3.6,3.6,3.6,0
2024-04-11,3.6,3.6,3.6,3.6,0
2024-04-12,3.5,3.5,3.1,3.2,4900
2024-04-15,3.4,3.4,3.4,3.4,0
2024-04-16,3.4,3.4,3.4,3.4,0
2024-04-17,3.4,3.4,3.4,3.4,0
2024-04-19,3.4,3.4,3.4,3.4,0
2024-04-22,3.4,3.4,3.4,3.4,0
2024-04-23,3.4,3.4,3.4,3.4,0
2024-04-24,3.4,3.4,3.4,3.4,0
2024-04-25,3.4,3.4,3.4,3.4,0
2024-04-26,3.2,3.2,3.2,3.2,3000
2024-05-02,3.2,3.2,3.2,3.2,0
2024-05-03,3.2,3.2,3.2,3.2,500
2024-05-06,3.2,3.2,3.2,3.2,0
2024-05-07,3.2,3.2,3.2,3.2,0
2024-05-08,3.2,3.2,3.2,3.2,0
2024-05-09,3.2,3.2,3.2,3.2,0
2024-05-10,3.2,3.6,3.2,3.6,3100
2024-05-13,3.6,3.6,3.6,3.6,0
2024-05-14,3.6,3.6,3.6,3.6,0
2024-05-15,3.6,3.6,3.6,3.6,0
2024-05-16,3.6,3.6,3.6,3.6,0
2024-05-17,3.6,3.6,3.6,3.6,0
2024-05-20,3.6,3.6,3.6,3.6,0
2024-05-21,3.6,3.6,3.6,3.6,0
2024-05-22,3.6,3.6,3.6,3.6,0
2024-05-23,3.6,3.6,3.6,3.6,0
2024-05-24,3.6,3.6,3.6,3.6,0
2024-05-27,3.6,3.6,3.6,3.6,0
2024-05-28,3.6,3.6,3.6,3.6,0
2024-05-29,3.6,3.6,3.6,3.6,0
2024-05-30,3.6,3.6,3.6,3.6,0
2024-05-31,3.2,3.2,3.2,3.2,2900
2024-06-03,3.2,3.2,3.2,3.2,0
2024-06-04,3.2,3.2,3.2,3.2,0
2024-06-05,3.2,3.2,3.2,3.2,0
2024-06-06,3.2,3.2,3.2,3.2,0
2024-06-07,3.3,3.4,3.3,3.4,1000
2024-06-10,3.3,3.3,3.3,3.3,0
2024-06-11,3.3,3.3,3.3,3.3,0
2024-06-12,3.3,3.3,3.3,3.3,0
2024-06-13,3.3,3.3,3.3,3.3,0
2024-06-14,3.3,3.3,3.3,3.3,0
2024-06-17,3.3,3.3,3.3,3.3,0
2024-06-18,3.3,3.3,3.3,3.3,0
2024-06-19,3.3,3.3,3.3,3.3,0
2024-06-20,3.3,3.3,3.3,3.3,0
2024-06-21,3.3,3.6,3.3,3.6,1200
2024-06-24,3.5,3.5,3.5,3.5,0
2024-06-25,3.5,3.5,3.5,3.5,0
2024-06-26,3.5,3.5,3.5,3.5,0
2024-06-27,3.5,3.5,3.5,3.5,0
2024-06-28,3.1,3.1,3.1,3.1,100
2024-07-01,3.1,3.1,3.1,3.1,0
2024-07-02,3.1,3.1,3.1,3.1,0
2024-07-03,3.1,3.1,3.1,3.1,0
2024-07-04,3.1,3.1,3.1,3.1,0
2024-07-05,3.1,3.1,3.1,3.1,0
2024-07-08,3.1,3.1,3.1,3.1,0
2024-07-09,3.1,3.1,3.1,3.1,0
2024-07-10,3.1,3.1,3.1,3.1,0
2024-07-11,3.1,3.1,3.1,3.1,0
2024-07-12,3.1,3.1,3.1,3.1,0
2024-07-15,3.1,3.1,3.1,3.1,0
2024-07-16,3.1,3.1,3.1,3.1,0
2024-07-17,3.1,3.1,3.1,3.1,0
2024-07-18,3.1,3.1,3.1,3.1,0
2024-07-19,2.8,2.8,2.8,2.8,300
2024-07-22,2.8,2.8,2.8,2.8,0
2024-07-23,2.8,2.8,2.8,2.8,0
2024-07-24,2.8,2.8,2.8,2.8,0
2024-07-25,2.8,2.8,2.8,2.8,0
2024-07-26,2.8,2.8,2.8,2.8,1400
2024-08-23,3.2,3.2,3.2,3.2,200
2024-08-30,3.6,3.6,3.1,3.1,1700
2024-09-06,3.6,3.6,3.6,3.6,1000
2024-10-04,3.2,3.2,3.2,3.2,6400
2024-10-11,3.2,3.2,3.2,3.2,1200
2024-11-08,2.8,2.9,2.8,2.9,28100
2024-11-15,2.9,2.9,2.9,2.9,100
2024-11-22,2.9,2.9,2.9,2.9,2300
2024-12-20,2.9,2.9,2.9,2.9,300
2024-12-27,2.9,2.9,2.9,2.9,2200
2025-01-03,2.9,2.9,2.9,2.9,1000
2025-01-24,2.8,2.9,2.8,2.9,1400
2025-02-21,3.0,3.0,3.0,3.0,100
2025-03-07,2.9,2.9,2.9,2.9,4100
2025-03-14,2.9,2.9,2.9,2.9,100
2025-03-21,3.2,3.2,2.9,2.9,300
2025-03-28,2.9,2.9,2.9,2.9,7000
2025-04-04,2.9,2.9,2.9,2.9,100
2025-04-25,2.9,3.0,2.9,3.0,1400
2025-05-09,3.0,3.0,3.0,3.0,300
2025-05-30,2.7,2.7,2.7,2.7,100
2025-06-06,2.7,2.9,2.6,2.9,2100
2025-06-13,2.8,2.8,2.8,2.8,3000
2025-06-20,2.8,2.8,2.8,2.8,6000
2025-06-27,2.8,2.8,2.8,2.8,8000
2025-07-18,2.8,2.8,2.8,2.8,1400
2025-07-25,2.4,2.8,2.4,2.8,1700
2025-08-01,2.7,2.7,2.7,2.7,500
2025-08-08,2.8,2.8,2.8,2.8,900
2025-08-15,2.9,3.2,2.9,3.2,1200
2025-08-22,2.8,2.8,2.8,2.8,1200
2025-08-29,2.8,2.8,2.8,2.8,700
2025-09-05,2.9,2.9,2.9,2.9,100
2025-09-12,2.9,2.9,2.9,2.9,1000
2025-09-26,2.9,2.9,2.9,2.9,1100
