time,open,high,low,close,volume
2007-12-25,90.82,90.82,77.92,85.09,15800
2007-12-26,81.26,90.15,81.26,90.15,19300
2007-12-27,87.96,93.69,87.96,93.69,20700
2007-12-28,93.69,100.38,93.21,100.29,18700
2008-01-02,101.15,103.25,98.47,98.47,18200
2008-01-03,94.84,96.56,91.97,91.97,13800
2008-01-04,90.82,90.82,85.09,86.04,17300
2008-01-07,86.04,86.04,78.49,79.83,15400
2008-01-08,76.48,84.9,76.01,78.97,15000
2008-01-09,84.13,84.13,73.61,73.61,8000
2008-01-10,73.61,76.48,69.79,73.61,16800
2008-01-11,76.48,79.64,76.48,78.87,25000
2008-01-14,74.57,75.53,71.22,71.32,6300
2008-01-15,66.92,66.92,66.06,66.06,13900
2008-01-16,66.16,72.75,66.16,72.75,8000
2008-01-17,78.49,78.59,69.31,72.66,19000
2008-01-18,72.85,78.4,72.56,74.57,14800
2008-01-21,74.57,76.48,72.66,75.53,5100
2008-01-22,74.57,74.57,71.7,71.8,8200
2008-01-23,72.66,72.66,65.49,67.88,11700
2008-01-24,68.83,72.66,64.53,65.58,12600
2008-01-25,66.92,68.83,65.58,66.92,13500
2008-01-28,65.49,67.02,65.01,65.97,5600
2008-01-29,68.36,71.7,67.4,70.75,17500
2008-01-30,74.57,77.06,74.57,76.58,19600
2008-01-31,76.87,82.22,70.75,74.76,5500
2008-02-01,76.96,77.06,75.53,75.53,17000
2008-02-12,74.57,76.48,74.57,75.05,2300
2008-02-13,76.01,76.01,67.88,69.79,4900
2008-02-14,72.66,74.57,70.75,71.7,5800
2008-02-15,71.7,71.7,68.83,69.79,3300
2008-02-18,69.79,69.79,63.19,66.92,9200
2008-02-19,61.19,67.4,60.71,62.14,12200
2008-02-20,65.01,65.01,58.13,58.13,5700
2008-02-21,58.32,58.32,54.49,54.49,6200
2008-02-22,49.24,55.45,49.14,50.0,19300
2008-02-25,54.3,54.4,54.3,54.4,8900
2008-02-26,57.17,57.17,49.04,49.04,3700
2008-02-27,54.3,54.3,46.85,47.8,2400
2008-02-28,54.3,54.3,46.37,46.46,8400
2008-02-29,48.66,48.76,45.89,45.89,17900
2008-03-03,51.53,51.53,42.26,42.35,17600
2008-03-04,41.3,41.3,40.25,40.25,8000
2008-03-05,36.33,37.38,36.33,37.38,19800
2008-03-06,40.06,40.06,40.06,40.06,2900
2008-03-07,43.98,43.98,43.98,43.98,1800
2008-03-10,48.38,48.38,47.42,47.42,23600
2008-03-11,43.98,43.98,43.6,43.6,12800
2008-03-12,43.5,47.99,43.02,44.93,12300
2008-03-13,45.41,45.89,44.17,45.89,4000
2008-03-14,43.98,45.89,43.98,44.74,10100
2008-03-17,42.54,42.54,40.06,40.06,14200
2008-03-18,37.29,37.29,36.62,36.62,17100
2008-03-19,34.42,40.15,33.94,34.9,10800
2008-03-20,39.29,39.29,34.42,34.9,11800
2008-03-21,33.46,33.56,33.17,33.17,20000
2008-03-24,30.59,31.55,30.12,30.12,6900
2008-03-25,27.34,27.73,27.34,27.34,8000
2008-03-26,24.67,29.83,24.67,29.16,12300
2008-03-27,26.58,26.58,26.58,26.58,100
2008-03-28,27.06,27.06,27.06,27.06,300
2008-03-31,27.53,27.53,27.53,27.53,200
2008-04-01,28.01,28.01,28.01,28.01,100
2008-04-02,28.49,28.49,28.49,28.49,100
2008-04-03,28.97,28.97,28.97,28.97,100
2008-04-04,29.54,29.54,29.54,29.54,100
2008-04-07,30.4,30.4,30.4,30.4,100
2008-04-08,31.26,31.26,30.59,31.26,41100
2008-04-09,32.12,32.12,30.4,30.4,15400
2008-04-10,30.21,30.21,30.21,30.21,100
2008-04-11,29.35,29.35,29.35,29.35,500
2008-04-16,28.49,28.49,28.49,28.49,2000
2008-04-17,27.73,29.16,27.73,28.68,7600
2008-04-18,28.68,28.68,27.15,28.59,1900
2008-04-21,28.68,28.68,27.44,28.59,3200
2008-04-22,27.53,27.63,27.53,27.53,8700
2008-04-23,26.77,26.77,26.77,26.77,7500
2008-04-24,26.0,26.0,26.0,26.0,6100
2008-04-25,25.24,25.34,25.24,25.24,3500
2008-04-28,25.24,25.62,25.14,25.34,6000
2008-04-29,24.67,25.43,24.67,24.67,5500
2008-05-05,24.0,24.0,24.0,24.0,600
2008-05-06,23.33,23.33,23.33,23.33,700
2008-05-07,22.66,22.66,22.66,22.66,500
2008-05-08,21.99,21.99,21.99,21.99,500
2008-05-09,21.42,21.42,21.42,21.42,200
2008-05-12,20.84,20.84,20.84,20.84,2600
2008-05-13,20.27,20.27,20.27,20.27,100
2008-05-14,19.69,19.69,19.69,19.69,100
2008-05-15,19.12,19.12,19.12,19.12,1700
2008-05-16,18.55,19.69,18.55,18.55,5400
2008-05-19,18.26,18.26,18.26,18.26,100
2008-05-20,17.78,17.78,17.78,17.78,300
2008-05-21,17.78,17.78,17.78,17.78,0
2008-05-22,17.3,17.3,17.3,17.3,100
2008-05-23,16.83,16.83,16.83,16.83,200
2008-05-26,16.35,16.35,16.35,16.35,100
2008-05-27,15.87,15.87,15.87,15.87,400
2008-05-28,15.49,16.06,15.49,15.97,5000
2008-05-29,15.97,15.97,15.49,15.49,12100
2008-05-30,15.2,15.2,15.2,15.2,3700
2008-06-02,14.82,14.82,14.82,14.82,2000
2008-06-03,14.44,14.44,14.44,14.44,3100
2008-06-04,14.05,14.05,14.05,14.05,200
2008-06-05,13.67,13.67,13.67,13.67,100
2008-06-06,13.29,13.29,13.29,13.29,2500
2008-06-09,12.91,12.91,12.91,12.91,1300
2008-06-10,12.52,13.29,12.52,13.0,14100
2008-06-11,12.62,12.91,12.62,12.91,1000
2008-06-12,13.0,13.0,13.0,13.0,2300
2008-06-13,13.38,13.38,13.38,13.38,100
2008-06-16,13.77,13.77,13.77,13.77,1700
2008-06-17,14.15,14.15,14.15,14.15,400
2008-06-18,14.53,14.53,13.77,13.77,15900
2008-06-19,13.77,13.77,13.77,13.77,8200
2008-06-20,13.29,13.29,13.29,13.29,300
2008-06-23,12.81,13.38,12.81,12.91,33600
2008-06-24,13.19,13.38,13.19,13.38,1800
2008-06-25,13.38,13.77,13.38,13.77,300
2008-06-26,14.15,14.15,14.05,14.15,18500
2008-06-27,13.67,14.63,13.67,14.44,19900
2008-06-30,14.72,14.91,14.72,14.91,5600
2008-07-01,15.39,15.39,15.39,15.39,100
2008-07-02,15.97,15.97,15.97,15.97,5200
2008-07-03,16.54,16.54,16.54,16.54,100
2008-07-04,16.54,16.54,16.54,16.54,0
2008-07-07,17.11,17.11,16.25,17.11,39300
2008-07-08,17.78,17.78,17.78,17.78,8100
2008-07-09,18.45,18.45,18.45,18.45,100
2008-07-10,19.12,19.12,19.12,19.12,500
2008-07-11,19.89,19.89,19.89,19.89,200
2008-07-14,20.65,20.65,20.65,20.65,300
2008-07-15,21.42,21.42,21.42,21.42,2800
2008-07-16,22.18,22.18,22.18,22.18,7100
2008-07-17,23.04,23.04,23.04,23.04,100
2008-07-18,23.9,23.9,23.9,23.9,6100
2008-07-21,24.86,24.86,22.94,22.94,65500
2008-07-22,23.14,23.14,23.14,23.14,600
2008-07-23,22.28,23.9,22.28,23.9,18700
2008-07-24,22.94,23.42,22.47,23.33,20300
2008-07-25,23.23,23.42,22.37,22.37,13200
2008-07-28,22.47,23.33,22.47,23.04,7600
2008-07-29,24.0,24.0,23.71,23.9,8800
2008-07-30,23.04,24.19,23.04,23.23,12500
2008-07-31,23.33,23.52,22.47,23.52,17100
2008-08-01,22.66,23.33,21.8,21.8,8000
2008-08-04,21.32,21.32,21.32,21.32,7300
2008-08-05,21.32,21.32,21.32,21.32,0
2008-08-06,20.55,20.55,20.55,20.55,15300
2008-08-07,19.79,20.08,19.79,19.79,12800
2008-08-08,19.03,20.08,19.03,20.08,6400
2008-08-11,20.27,20.27,20.27,20.27,6300
2008-08-12,21.03,21.03,20.55,21.03,12200
2008-08-13,21.22,21.22,20.55,20.55,5300
2008-08-14,21.03,21.7,21.03,21.7,18300
2008-08-15,22.47,22.47,22.47,22.47,1100
2008-08-18,23.71,24.0,23.42,24.0,17400
2008-08-19,23.9,23.9,23.52,23.81,20200
2008-08-20,23.42,23.71,22.18,23.33,18000
2008-08-21,21.99,24.0,21.99,24.0,12300
2008-08-22,23.9,25.24,23.9,25.24,22800
2008-08-25,26.96,26.96,26.96,26.96,1700
2008-08-26,28.78,28.78,28.78,28.78,500
2008-08-27,30.78,30.78,30.59,30.78,13900
2008-08-28,30.59,30.59,28.59,28.59,7600
2008-08-29,26.77,29.64,26.77,29.64,7300
2008-09-03,28.78,28.78,28.78,28.78,20000
2008-09-04,30.59,30.78,28.68,30.59,13800
2008-09-05,30.12,30.12,28.3,28.3,3800
2008-09-08,28.68,28.68,26.96,26.96,14700
2008-09-09,27.82,28.97,27.73,27.73,8900
2008-09-10,27.06,27.06,26.58,26.58,4500
2008-09-11,26.77,26.77,24.95,24.95,6100
2008-09-12,23.33,23.33,23.33,23.33,1800
2008-09-15,24.86,24.95,22.56,24.95,2700
2008-09-16,24.19,24.19,24.19,24.19,100
2008-09-17,22.56,22.56,22.56,22.56,1000
2008-09-18,21.03,21.03,21.03,21.03,1000
2008-09-19,22.47,22.47,22.47,22.47,700
2008-09-22,24.0,24.0,24.0,24.0,100
2008-09-23,25.62,25.62,23.9,23.9,5600
2008-09-24,22.94,22.94,22.94,22.94,1000
2008-09-25,21.42,24.38,21.42,23.9,4400
2008-09-26,22.75,22.75,21.22,22.66,7900
2008-09-29,23.42,23.42,23.42,23.42,100
2008-09-30,23.42,23.42,23.42,23.42,0
2008-10-01,21.8,21.8,21.8,21.8,1000
2008-10-02,21.8,22.75,20.36,21.99,5500
2008-10-03,20.55,20.55,20.27,20.27,1500
2008-10-06,19.31,19.31,19.12,19.12,2600
2008-10-07,17.88,17.88,17.88,17.88,900
2008-10-08,16.64,16.64,16.64,16.64,1100
2008-10-09,15.49,15.49,15.49,15.49,4500
2008-10-10,14.53,14.53,14.53,14.53,100
2008-10-13,14.15,14.34,14.15,14.15,2900
2008-10-14,15.11,15.11,15.11,15.11,1000
2008-10-15,14.05,15.77,14.05,15.3,2700
2008-10-16,14.34,15.3,14.34,15.3,2900
2008-10-17,15.49,15.49,15.49,15.49,200
2008-10-20,16.25,16.25,14.72,14.72,6900
2008-10-21,15.11,15.77,15.11,15.68,4600
2008-10-22,15.3,15.3,15.3,15.3,1900
2008-10-23,14.34,14.34,14.24,14.24,6800
2008-10-24,13.38,13.38,13.38,13.38,1600
2008-10-27,12.91,12.91,12.52,12.52,1700
2008-10-28,12.62,12.62,12.43,12.62,3700
2008-10-29,13.38,13.38,13.38,13.38,3400
2008-10-30,12.62,12.62,12.62,12.62,600
2008-10-31,13.48,13.48,13.48,13.48,100
2008-11-03,13.86,14.34,13.86,14.34,500
2008-11-04,13.38,15.2,13.38,15.2,4000
2008-11-05,15.58,15.58,15.58,15.58,30300
2008-11-06,16.25,16.64,16.25,16.25,2100
2008-11-07,15.3,15.3,15.3,15.3,1900
2008-11-10,16.35,16.35,15.3,15.3,16900
2008-11-11,15.68,15.68,15.01,15.01,2500
2008-11-12,14.82,14.82,14.34,14.34,14200
2008-11-13,15.39,15.39,15.39,15.39,2400
2008-11-14,16.44,16.44,15.49,16.25,19600
2008-11-17,15.77,15.77,15.77,15.77,400
2008-11-18,15.58,16.54,15.58,15.77,3600
2008-11-19,16.25,16.25,15.68,16.25,7300
2008-11-20,15.01,16.25,14.82,14.82,1200
2008-11-21,15.01,15.01,15.01,15.01,2000
2008-11-24,15.58,15.58,15.39,15.39,2500
2008-11-25,15.3,15.39,15.3,15.39,1300
2008-11-26,15.3,15.3,15.3,15.3,2000
2008-11-27,14.24,14.24,14.24,14.24,100
2008-11-28,15.2,15.2,15.2,15.2,1900
2008-12-01,15.2,15.2,14.82,14.82,23000
2008-12-02,13.96,13.96,13.96,13.96,4200
2008-12-03,13.48,13.48,13.0,13.0,11900
2008-12-04,13.1,13.38,12.91,13.0,5000
2008-12-05,12.52,12.52,12.14,12.14,8100
2008-12-08,11.95,12.43,11.95,12.43,1400
2008-12-09,12.52,12.52,12.52,12.52,200
2008-12-10,12.52,12.52,12.52,12.52,0
2008-12-11,12.33,12.43,12.24,12.24,5000
2008-12-12,12.43,13.19,12.43,13.19,11200
2008-12-15,13.29,13.67,13.29,13.48,6500
2008-12-16,12.52,12.52,12.52,12.52,2000
2008-12-17,12.43,12.52,11.95,12.52,5200
2008-12-18,11.95,12.14,11.95,12.14,10000
2008-12-19,11.95,12.72,11.95,12.72,2600
2008-12-22,12.81,12.81,12.52,12.52,3600
2008-12-23,12.52,12.52,12.52,12.52,0
2008-12-24,12.52,12.52,12.52,12.52,0
2008-12-25,12.43,12.43,12.43,12.43,300
2008-12-26,12.43,12.43,11.95,11.95,900
2008-12-29,11.85,11.85,11.76,11.76,700
2008-12-30,12.43,12.62,12.43,12.62,13900
2008-12-31,12.43,12.43,11.85,11.85,1200
2009-01-02,11.76,11.76,11.38,11.38,17900
2009-01-05,12.24,12.24,12.24,12.24,3200
2009-01-06,11.57,12.43,11.57,12.43,4400
2009-01-07,12.43,13.19,12.33,13.19,11300
2009-01-08,13.96,13.96,13.38,13.96,37700
2009-01-09,13.1,13.38,13.0,13.19,2200
2009-01-12,13.19,13.86,13.19,13.38,1900
2009-01-13,13.29,13.29,13.0,13.0,3300
2009-01-14,13.1,13.1,12.91,12.91,14700
2009-01-15,13.1,13.1,13.1,13.1,100
2009-01-16,12.52,12.62,12.52,12.62,3500
2009-01-19,12.91,12.91,12.52,12.52,1900
2009-01-20,12.81,12.81,12.81,12.81,100
2009-01-21,12.52,12.52,12.52,12.52,100
2009-01-22,12.62,13.19,12.62,13.19,3800
2009-01-23,13.1,13.1,13.1,13.1,100
2009-02-02,13.1,13.1,13.1,13.1,0
2009-02-03,12.43,12.81,12.43,12.81,1400
2009-02-04,13.29,13.29,13.29,13.29,300
2009-02-05,12.52,12.52,12.43,12.43,1200
2009-02-06,13.0,13.0,13.0,13.0,300
2009-02-09,12.91,13.1,12.91,13.1,2100
2009-02-10,12.43,12.43,12.14,12.14,3300
2009-02-11,11.57,12.62,11.57,12.62,2300
2009-02-12,12.52,12.72,12.24,12.62,2500
2009-02-13,12.81,12.81,12.14,12.52,6400
2009-02-16,12.43,12.43,12.43,12.43,1500
2009-02-17,11.95,11.95,11.57,11.57,7400
2009-02-18,11.47,11.47,10.99,11.47,2300
2009-02-19,11.09,11.28,11.09,11.09,2800
2009-02-20,11.47,11.47,11.47,11.47,100
2009-02-23,10.99,10.99,10.71,10.8,2900
2009-02-24,11.47,11.47,11.47,11.47,100
2009-02-25,11.95,12.05,11.57,11.57,6900
2009-02-26,12.24,12.24,11.76,11.85,3500
2009-02-27,11.47,11.85,11.47,11.47,3200
2009-03-02,12.24,12.24,12.24,12.24,100
2009-03-03,11.95,12.43,11.95,12.43,700
2009-03-04,12.43,12.43,12.43,12.43,100
2009-03-05,12.24,12.24,11.95,11.95,3400
2009-03-06,11.95,11.95,11.95,11.95,0
2009-03-09,11.38,11.76,11.38,11.38,1100
2009-03-10,11.57,11.76,11.47,11.47,4600
2009-03-11,12.43,12.43,11.47,11.85,7900
2009-03-12,11.09,11.66,11.09,11.66,800
2009-03-13,12.24,12.24,12.24,12.24,1100
2009-03-16,11.95,12.14,11.66,11.95,7000
2009-03-17,11.95,12.43,11.95,12.43,9800
2009-03-18,12.43,12.91,12.24,12.91,18500
2009-03-19,12.43,13.38,12.43,12.43,6500
2009-03-20,12.05,12.05,11.95,11.95,4200
2009-03-23,12.72,12.72,12.72,12.72,16600
2009-03-24,13.58,13.58,13.48,13.58,53600
2009-03-25,14.44,14.44,13.0,14.34,31400
2009-03-26,15.11,15.2,14.53,15.01,12000
2009-03-27,15.87,15.87,15.3,15.87,26100
2009-03-30,16.16,16.16,14.72,14.72,12800
2009-03-31,14.82,14.82,14.05,14.05,20600
2009-04-01,14.34,14.91,14.34,14.82,9700
2009-04-02,15.3,15.3,14.91,15.2,26700
2009-04-03,14.24,14.44,14.24,14.44,11500
2009-04-07,15.3,15.3,14.72,15.01,13500
2009-04-08,13.96,14.05,13.96,14.05,9900
2009-04-09,13.48,13.48,13.19,13.19,5900
2009-04-10,13.38,13.96,13.19,13.86,29100
2009-04-13,14.24,14.63,14.24,14.63,22000
2009-04-14,15.49,15.49,14.63,15.49,40900
2009-04-15,14.34,16.16,14.34,15.3,13000
2009-04-16,16.25,16.25,15.39,16.06,18900
2009-04-17,15.49,15.49,15.01,15.01,5800
2009-04-20,14.34,14.34,14.05,14.05,9000
2009-04-21,13.29,13.29,13.1,13.1,12000
2009-04-22,13.1,13.96,13.1,13.96,5000
2009-04-23,13.96,13.96,13.96,13.96,100
2009-04-24,13.0,13.0,13.0,13.0,5200
2009-04-27,13.0,13.0,13.0,13.0,500
2009-04-28,13.38,13.86,13.38,13.86,9300
2009-04-29,13.77,13.86,13.58,13.58,2700
2009-05-04,14.53,14.63,14.44,14.63,6800
2009-05-05,15.58,15.58,15.3,15.58,22500
2009-05-06,14.44,14.44,14.44,14.44,13600
2009-05-07,15.2,15.39,14.53,15.11,10200
2009-05-08,14.24,14.34,14.15,14.34,4800
2009-05-11,14.24,14.24,13.96,14.15,7300
2009-05-12,13.38,15.11,13.38,15.11,11500
2009-05-13,15.3,15.87,15.11,15.87,59500
2009-05-14,16.54,16.54,15.58,16.16,12600
2009-05-15,17.11,17.11,15.58,16.73,5400
2009-05-18,18.07,18.07,18.07,18.07,27200
2009-05-19,19.31,19.31,19.31,19.31,18900
2009-05-20,20.65,20.65,18.45,20.65,70800
2009-05-21,19.12,21.61,19.12,21.61,31400
2009-05-22,21.99,21.99,19.89,19.89,30500
2009-05-25,19.89,21.51,19.89,21.51,40400
2009-05-26,22.37,22.37,21.51,22.37,36300
2009-05-27,23.81,23.81,21.99,22.85,28700
2009-05-28,24.38,24.38,23.42,24.38,26400
2009-05-29,26.0,26.0,26.0,26.0,22700
2009-06-01,27.82,27.82,26.0,27.82,81200
2009-06-02,29.64,29.64,29.16,29.64,86500
2009-06-03,31.64,31.64,29.64,31.64,73700
2009-06-04,21.7,21.7,21.7,21.7,6500
2009-06-05,23.14,23.14,23.14,23.14,200
2009-06-08,24.67,24.67,24.67,24.67,7000
2009-06-09,26.39,26.39,25.43,26.39,40200
2009-06-10,27.25,27.73,24.38,24.38,26000
2009-06-11,24.76,25.72,23.04,24.76,17400
2009-06-12,23.81,23.81,21.7,21.7,30800
2009-06-15,21.03,21.03,20.65,20.65,12800
2009-06-16,19.22,19.22,19.22,19.22,1800
2009-06-17,17.88,18.64,17.88,18.55,18800
2009-06-18,19.12,19.22,17.97,19.22,28500
2009-06-19,20.46,20.46,19.22,19.5,8600
2009-06-22,18.45,18.45,18.45,18.45,2100
2009-06-23,17.21,17.21,17.21,17.21,1600
2009-06-24,16.06,18.36,16.06,18.26,5400
2009-06-25,18.64,18.64,16.64,17.21,10700
2009-06-26,16.73,16.83,16.73,16.83,1300
2009-06-29,15.68,16.73,15.68,16.16,2900
2009-06-30,16.16,16.25,15.3,15.58,5500
2009-07-01,16.25,16.25,14.72,14.72,3600
2009-07-02,13.86,15.3,13.86,14.82,10100
2009-07-03,14.82,15.2,14.34,15.2,4500
2009-07-06,15.2,15.97,15.2,15.97,5100
2009-07-07,15.68,15.68,15.68,15.68,2200
2009-07-08,14.63,15.77,14.63,15.77,600
2009-07-09,15.2,15.2,14.82,14.82,400
2009-07-10,15.2,15.2,14.34,14.82,1100
2009-07-13,14.34,15.3,14.34,15.3,600
2009-07-14,15.49,15.49,14.63,14.63,1100
2009-07-15,15.39,15.68,14.72,15.3,6100
2009-07-16,16.06,16.06,15.3,15.3,13400
2009-07-17,14.72,15.3,14.72,15.3,7000
2009-07-20,14.34,14.44,14.34,14.44,2500
2009-07-21,13.86,15.11,13.48,15.11,3100
2009-07-22,14.05,14.34,14.05,14.15,4000
2009-07-23,13.48,15.11,13.48,15.11,7300
2009-07-24,15.39,15.39,15.39,15.39,3400
2009-07-27,16.25,16.25,15.3,15.77,8900
2009-07-28,14.82,14.91,14.72,14.72,7700
2009-07-29,14.72,15.11,14.72,15.01,6800
2009-07-30,14.34,14.34,14.34,14.34,1400
2009-07-31,15.2,15.3,14.82,15.11,800
2009-08-03,15.77,15.77,15.11,15.11,2700
2009-08-04,16.64,16.64,16.06,16.25,12100
2009-08-05,15.39,15.39,15.3,15.3,3200
2009-08-06,15.39,15.39,15.3,15.3,2600
2009-08-07,15.2,15.77,14.44,14.44,2000
2009-08-10,15.3,15.39,15.01,15.39,2400
2009-08-11,14.82,16.35,14.82,16.35,31300
2009-08-12,16.35,16.54,16.25,16.44,15100
2009-08-13,16.06,16.06,15.68,15.97,2400
2009-08-14,15.3,15.3,14.82,15.97,5100
2009-08-17,15.3,15.3,15.11,15.3,3600
2009-08-18,15.01,15.3,15.01,15.3,2900
2009-08-19,15.39,15.58,15.11,15.58,5000
2009-08-20,15.77,15.77,15.58,15.58,8400
2009-08-21,15.58,16.64,15.58,15.87,23800
2009-08-24,16.73,16.73,15.77,15.87,6800
2009-08-25,16.25,16.25,15.49,15.58,4500
2009-08-26,16.25,16.25,15.77,15.87,4600
2009-08-27,15.77,15.77,15.68,15.77,5500
2009-08-28,16.44,16.83,16.44,16.83,26000
2009-08-31,17.21,17.97,17.21,17.97,31500
2009-09-01,19.03,19.03,18.16,19.03,45700
2009-09-03,18.83,19.79,18.83,18.83,20900
2009-09-04,19.22,19.22,17.88,17.88,8700
2009-09-07,18.64,18.64,17.4,17.4,9400
2009-09-08,19.12,19.12,17.21,18.36,10400
2009-09-09,17.69,17.88,17.69,17.88,7500
2009-09-10,18.16,18.16,17.78,17.97,15400
2009-09-11,18.16,18.16,16.83,17.97,9200
2009-09-14,17.88,18.74,17.88,18.74,26200
2009-09-15,19.12,19.79,18.64,19.79,29800
2009-09-16,19.79,20.84,19.79,20.84,33400
2009-09-17,21.99,21.99,21.8,21.99,50300
2009-09-18,22.94,23.42,21.03,23.42,26000
2009-09-21,23.81,24.09,23.81,24.09,40400
2009-09-22,24.86,25.34,24.47,24.67,10400
2009-09-23,25.34,25.34,23.42,23.42,27100
2009-09-24,22.75,22.94,22.75,22.75,17200
2009-09-25,22.47,24.28,21.22,22.94,26000
2009-09-28,22.08,22.08,21.32,21.61,24100
2009-09-29,22.94,23.04,22.47,23.04,19100
2009-09-30,24.38,24.47,24.38,24.47,51400
2009-10-01,26.1,26.1,25.34,26.0,98500
2009-10-02,24.19,24.47,24.19,24.19,25900
2009-10-05,22.94,23.52,22.94,22.94,8200
2009-10-06,23.42,24.38,23.23,24.38,13400
2009-10-07,25.24,25.24,25.05,25.24,38000
2009-10-08,26.96,26.96,25.81,26.86,59000
2009-10-09,27.25,28.3,27.25,28.3,143000
2009-10-12,30.12,30.12,30.02,30.12,25700
2009-10-13,32.22,32.22,32.03,32.22,50200
2009-10-14,34.42,34.42,30.02,34.42,81300
2009-10-15,35.66,35.66,35.18,35.66,80500
2009-10-16,33.17,35.66,33.17,33.17,116300
2009-10-19,31.07,33.37,31.07,31.93,97500
2009-10-20,32.51,34.42,32.51,34.42,54400
2009-10-21,35.37,35.37,34.42,34.9,113800
2009-10-22,34.42,34.42,32.51,32.51,83500
2009-10-23,31.55,31.55,30.5,30.5,40800
2009-10-26,28.39,28.87,28.39,28.39,41200
2009-10-27,26.58,26.58,26.58,26.58,11900
2009-10-28,24.76,28.39,24.76,27.44,66700
2009-10-29,27.25,27.25,24.86,25.62,34400
2009-10-30,26.77,26.77,26.29,26.77,19200
2009-11-02,26.77,26.86,24.95,25.05,28500
2009-11-03,26.77,26.77,23.52,24.86,16300
2009-11-04,24.86,25.72,24.57,25.72,44700
2009-11-05,26.77,26.77,26.58,26.77,24700
2009-11-06,28.2,28.49,25.34,27.73,19100
2009-11-09,28.2,28.2,26.29,26.29,1700
2009-11-10,26.58,26.58,24.57,24.57,39200
2009-11-11,26.2,26.2,24.47,25.81,21100
2009-11-12,25.72,25.81,25.24,25.53,19300
2009-11-13,25.43,25.43,24.86,25.05,8300
2009-11-16,26.29,26.96,24.86,26.96,66400
2009-11-17,26.29,26.86,26.1,26.48,31400
2009-11-18,26.77,26.77,25.81,26.67,11200
2009-11-19,26.77,26.77,25.81,26.48,14900
2009-11-20,26.0,26.0,25.34,25.53,5700
2009-11-23,26.77,26.77,24.38,24.57,4000
2009-11-24,26.1,26.1,23.9,23.9,3400
2009-11-25,24.86,24.86,22.37,22.37,2900
2009-11-26,20.94,20.94,20.94,20.94,1200
2009-11-27,19.5,22.37,19.5,21.51,20300
2009-11-30,20.08,21.42,20.08,21.42,10700
2009-12-01,22.66,22.66,22.66,22.66,10200
2009-12-02,23.81,23.81,21.13,21.61,5800
2009-12-03,21.42,21.51,20.08,21.22,8000
2009-12-04,21.99,21.99,21.03,21.03,4100
2009-12-07,21.42,21.42,21.03,21.03,1500
2009-12-08,21.89,21.89,19.69,19.69,1600
2009-12-09,19.69,19.69,18.45,18.45,7900
2009-12-10,18.16,18.16,17.3,17.3,7900
2009-12-11,16.73,16.73,16.64,16.64,1400
2009-12-14,15.49,17.4,15.49,16.64,7300
2009-12-15,16.06,16.06,15.87,15.87,6400
2009-12-16,15.01,15.3,14.91,14.91,5900
2009-12-17,14.34,15.49,13.96,15.49,12400
2009-12-18,14.82,15.01,14.72,15.01,19200
2009-12-21,15.87,15.87,15.87,15.87,8200
2009-12-22,16.54,16.92,16.25,16.73,33500
2009-12-23,16.92,17.5,15.87,17.5,12100
2009-12-24,17.5,18.07,16.16,18.07,37700
2009-12-25,18.64,18.74,18.64,18.74,400
2009-12-28,19.98,19.98,19.12,19.98,16900
2009-12-29,20.08,21.22,20.08,21.03,44300
2009-12-30,22.56,22.56,21.13,22.56,59100
2009-12-31,23.81,23.9,23.23,23.9,36000
2010-01-04,25.34,25.34,25.34,25.34,13000
2010-01-05,27.06,27.06,26.58,26.58,53000
2010-01-06,27.73,27.73,25.14,25.14,32000
2010-01-07,23.81,25.53,23.81,23.81,65200
2010-01-08,25.14,25.24,22.66,23.9,22100
2010-01-11,26.0,26.39,22.94,23.42,11900
2010-01-12,23.04,24.86,22.94,22.94,7500
2010-01-13,21.61,23.9,21.61,23.23,58600
2010-01-14,23.52,23.81,22.94,23.71,42200
2010-01-15,22.94,22.94,21.99,21.99,13500
2010-01-18,21.03,21.13,20.75,20.75,10600
2010-01-19,20.55,21.13,20.55,21.13,12600
2010-01-20,22.37,22.37,20.55,20.55,5100
2010-01-21,20.94,22.28,19.5,19.5,13800
2010-01-22,21.03,21.51,19.31,21.51,30900
2010-01-25,21.61,21.61,20.55,21.22,7300
2010-01-26,20.84,22.28,20.84,22.28,30100
2010-01-27,23.57,23.57,20.79,20.79,5900
2010-01-28,19.9,20.4,19.9,20.4,3900
2010-01-29,19.8,20.7,19.31,20.7,5400
2010-02-01,18.81,20.1,18.71,20.1,3800
2010-02-02,20.3,20.3,19.8,19.8,3800
2010-02-03,20.1,20.1,19.31,19.8,8500
2010-02-04,20.1,20.5,20.1,20.3,14200
2010-02-05,20.3,20.5,19.31,19.61,3200
2010-02-08,19.8,19.8,19.8,19.8,1000
2010-02-09,18.42,19.7,18.42,18.52,3600
2010-02-10,19.8,19.8,19.8,19.8,300
2010-02-11,18.81,19.9,18.81,19.11,4700
2010-02-12,20.6,20.6,19.61,19.7,700
2010-02-22,20.89,20.89,19.8,19.9,4400
2010-02-23,19.01,20.2,18.81,18.81,5800
2010-02-24,18.71,19.61,18.71,19.31,6800
2010-02-25,18.81,19.31,18.81,19.31,4000
2010-02-26,19.01,19.8,19.01,19.8,11100
2010-03-01,19.8,19.8,19.31,19.8,15600
2010-03-02,19.8,20.79,19.51,19.8,16600
2010-03-03,19.8,21.59,19.8,21.59,30300
2010-03-04,21.49,22.28,21.49,21.78,45300
2010-03-05,22.77,22.77,22.18,22.77,14500
2010-03-08,23.57,23.57,22.87,23.37,18400
2010-03-09,23.37,23.37,22.38,22.38,17500
2010-03-10,22.28,22.28,21.39,21.78,17800
2010-03-11,22.68,22.77,21.78,22.18,22500
2010-03-12,22.18,22.18,21.88,22.18,12900
2010-03-15,22.58,22.58,21.78,21.78,38200
2010-03-16,21.78,21.78,20.5,20.7,28600
2010-03-17,20.79,21.29,20.3,20.79,26000
2010-03-18,20.79,21.49,20.79,21.19,14500
2010-03-19,21.19,21.19,20.79,20.79,5200
2010-03-22,20.79,20.79,20.79,20.79,1300
2010-03-23,20.3,20.6,20.1,20.2,12100
2010-03-24,21.0,21.0,20.5,20.5,13200
2010-03-25,21.0,21.0,19.5,19.8,5700
2010-03-26,20.5,20.6,20.0,20.2,13500
2010-03-29,20.1,20.2,20.1,20.1,8900
2010-03-30,19.5,19.7,19.3,19.7,12200
2010-03-31,19.6,19.6,19.5,19.5,7700
2010-04-01,19.0,20.0,19.0,19.1,1300
2010-04-02,19.8,19.8,19.5,19.5,5200
2010-04-05,20.3,20.3,19.9,20.3,8700
2010-04-06,20.3,21.2,20.0,20.0,7500
2010-04-07,20.0,20.5,19.7,20.0,10300
2010-04-08,20.6,21.5,20.6,21.5,47500
2010-04-09,21.5,22.0,21.1,21.1,39700
2010-04-12,21.7,21.7,20.4,20.6,16500
2010-04-13,20.7,20.7,20.2,20.2,16000
2010-04-14,20.5,20.9,20.5,20.7,7700
2010-04-15,21.0,21.0,20.1,20.8,29100
2010-04-16,21.2,21.5,20.5,20.5,37200
2010-04-19,21.5,22.0,20.2,20.5,69800
2010-04-20,22.5,22.8,21.9,22.8,122200
2010-04-21,23.7,24.2,23.7,24.2,69100
2010-04-22,25.8,25.8,23.0,23.7,57300
2010-04-26,23.1,23.2,23.1,23.1,22900
2010-04-27,23.0,23.0,21.5,22.1,28100
2010-04-28,22.8,23.0,22.3,23.0,36300
2010-04-29,23.9,24.1,23.7,24.1,80800
2010-05-04,24.8,24.9,24.0,24.2,58400
2010-05-05,23.9,24.0,23.0,24.0,29900
2010-05-06,24.5,25.0,23.9,24.8,76200
2010-05-07,23.1,24.9,23.1,23.7,42900
2010-05-10,22.6,23.4,21.9,22.4,51100
2010-05-11,22.6,23.0,22.5,22.5,14300
2010-05-12,22.6,22.6,21.1,21.1,39200
2010-05-13,21.0,22.0,21.0,21.6,17300
2010-05-14,22.0,22.3,21.8,22.3,14500
2010-05-17,22.1,22.2,21.2,21.2,9600
2010-05-18,21.0,21.0,21.0,21.0,3800
2010-05-19,22.0,22.0,19.6,19.6,22000
2010-05-20,18.5,19.7,18.4,19.5,76300
2010-05-21,17.4,17.6,17.4,17.4,29700
2010-05-24,18.6,18.6,18.0,18.5,5800
2010-05-25,18.0,18.5,17.6,18.3,15700
2010-05-26,18.6,19.2,18.0,19.1,42400
2010-05-27,17.8,18.9,17.8,18.6,15600
2010-05-28,20.0,20.0,19.7,20.0,25600
2010-05-31,19.0,19.2,18.8,18.8,4600
2010-06-01,18.1,19.0,18.0,18.5,7500
2010-06-02,18.5,18.8,18.1,18.7,10100
2010-06-03,18.7,18.7,18.4,18.4,18900
2010-06-04,18.4,18.5,17.9,18.4,23000
2010-06-07,18.0,18.1,17.0,17.3,17600
2010-06-08,17.0,17.8,17.0,17.8,34200
2010-06-09,18.4,18.4,17.7,17.7,8500
2010-06-10,18.0,18.0,17.7,17.9,11500
2010-06-11,18.3,18.4,18.0,18.1,31700
2010-06-14,18.5,19.4,18.2,19.4,73300
2010-06-15,19.0,19.9,18.9,19.0,26600
2010-06-16,19.3,19.6,19.2,19.5,23300
2010-06-17,19.0,19.0,18.8,18.8,26900
2010-06-18,18.4,19.0,18.4,18.9,11900
2010-06-21,19.0,20.0,18.9,20.0,96900
2010-06-22,19.7,20.0,19.6,19.8,49900
2010-06-23,19.8,19.8,18.8,19.3,22900
2010-06-24,19.3,19.6,19.2,19.3,21100
2010-06-25,19.4,19.4,18.6,18.7,33000
2010-06-28,19.5,19.5,18.7,18.9,14100
2010-06-29,18.9,19.0,18.7,18.9,12300
2010-06-30,18.4,18.5,18.3,18.5,19600
2010-07-01,18.1,18.5,18.0,18.3,25500
2010-07-02,18.2,18.5,18.0,18.5,11800
2010-07-05,19.3,19.4,18.4,19.2,12400
2010-07-06,18.8,18.8,18.5,18.5,19900
2010-07-07,18.8,18.8,18.2,18.3,12900
2010-07-08,18.5,18.6,18.5,18.5,3200
2010-07-09,18.6,18.8,18.4,18.6,30100
2010-07-12,18.7,18.7,18.4,18.6,18900
2010-07-13,18.7,19.3,18.6,19.3,29300
2010-07-14,19.0,19.3,18.8,19.0,15100
2010-07-15,19.0,20.3,19.0,20.3,155300
2010-07-16,21.3,21.5,21.0,21.5,88700
2010-07-19,22.9,23.0,22.1,23.0,213500
2010-07-20,23.0,24.5,23.0,24.2,184300
2010-07-21,24.0,24.0,22.7,22.7,119100
2010-07-22,22.0,22.2,21.3,21.3,69000
2010-07-23,21.4,21.4,20.1,20.8,71700
2010-07-26,21.9,21.9,20.2,20.6,45200
2010-07-27,20.2,20.5,19.6,20.0,36800
2010-07-28,19.9,19.9,18.7,19.2,34500
2010-07-29,18.5,19.5,18.5,19.5,42100
2010-07-30,19.5,20.2,19.5,20.2,29600
2010-08-02,20.0,20.2,19.2,19.3,30200
2010-08-03,19.5,19.5,19.0,19.0,18800
2010-08-04,18.2,19.0,18.2,18.3,24400
2010-08-05,19.2,19.2,18.3,18.6,56800
2010-08-06,18.2,18.9,18.2,18.6,6900
2010-08-09,18.1,18.1,17.3,17.4,33000
2010-08-10,18.0,18.0,16.3,16.8,48900
2010-08-11,17.5,17.6,17.0,17.6,38300
2010-08-12,16.6,16.6,16.3,16.5,35000
2010-08-13,16.4,17.5,16.4,17.5,26900
2010-08-16,18.2,18.4,18.2,18.4,16300
2010-08-17,18.2,18.3,17.7,17.7,4400
2010-08-18,17.0,17.0,16.8,16.9,30600
2010-08-19,17.0,17.2,16.7,16.9,27100
2010-08-20,16.6,17.5,16.5,16.5,30600
2010-08-23,16.5,16.5,15.8,15.8,13900
2010-08-24,16.0,16.0,14.9,14.9,35100
2010-08-25,14.5,14.5,14.0,14.0,16500
2010-08-26,13.2,14.5,13.2,14.1,24600
2010-08-27,14.5,14.5,13.7,13.7,5400
2010-08-30,14.9,14.9,14.9,14.9,15400
2010-08-31,15.5,15.9,15.0,15.9,38100
2010-09-01,16.6,16.9,15.8,16.9,36400
2010-09-06,17.3,17.6,17.3,17.6,60700
2010-09-07,18.6,18.6,16.7,16.9,13600
2010-09-08,16.3,16.4,15.9,16.1,37700
2010-09-09,17.1,17.2,16.2,17.1,29000
2010-09-10,16.8,16.8,15.8,15.8,22100
2010-09-13,15.1,15.5,15.0,15.0,13200
2010-09-14,15.9,16.1,15.9,16.1,10100
2010-09-15,16.8,16.8,15.0,15.4,9900
2010-09-16,16.3,16.3,15.5,15.5,1600
2010-09-17,16.5,16.8,16.3,16.8,20800
2010-09-20,17.5,17.5,16.2,16.3,12000
2010-09-21,15.8,16.0,15.8,15.8,8700
2010-09-22,16.3,16.3,16.3,16.3,200
2010-09-23,15.5,15.5,15.4,15.5,8500
2010-09-24,16.0,16.2,15.3,15.3,7400
2010-09-27,14.9,15.8,14.8,15.8,12700
2010-09-28,15.9,15.9,15.8,15.9,1600
2010-09-29,15.5,15.5,15.2,15.2,4100
2010-09-30,15.7,15.7,14.7,14.8,14300
2010-10-01,16.1,16.1,14.7,14.9,1100
2010-10-04,15.2,15.2,13.9,13.9,13900
2010-10-05,13.5,14.4,13.5,14.4,1100
2010-10-06,15.0,15.0,14.0,14.8,9600
2010-10-07,15.0,15.3,14.5,14.5,9100
2010-10-08,15.2,15.2,14.2,14.6,5200
2010-10-11,14.4,14.5,14.4,14.4,1000
2010-10-12,14.1,14.1,13.7,13.7,6200
2010-10-13,14.2,14.2,14.0,14.2,1900
2010-10-14,13.6,14.3,13.6,13.8,2700
2010-10-15,13.8,14.0,13.8,14.0,1200
2010-10-18,14.4,14.5,13.9,13.9,11900
2010-10-19,13.6,13.6,13.4,13.5,23600
2010-10-20,13.8,13.8,12.5,12.6,10100
2010-10-21,12.8,13.0,12.7,12.7,3400
2010-10-22,12.3,13.0,12.3,12.3,6100
2010-10-25,11.5,12.5,11.5,12.5,1200
2010-10-26,12.9,12.9,12.8,12.8,18300
2010-10-27,12.6,12.6,12.0,12.5,14400
2010-10-28,12.8,12.8,11.7,11.7,3100
2010-10-29,12.0,12.3,12.0,12.3,5100
2010-11-01,11.8,12.5,11.8,12.1,700
2010-11-02,11.8,11.8,11.6,11.8,2300
2010-11-03,11.5,11.5,11.5,11.5,3100
2010-11-04,11.5,11.9,11.5,11.5,8800
2010-11-05,12.4,12.4,11.7,11.9,11500
2010-11-08,11.7,11.7,11.4,11.4,7200
2010-11-09,11.0,11.4,10.7,10.7,19100
2010-11-10,10.4,10.6,10.4,10.6,1200
2010-11-11,10.3,10.3,10.1,10.1,8800
2010-11-12,9.8,10.2,9.5,9.6,9400
2010-11-15,9.8,10.0,9.1,9.1,18800
2010-11-16,9.2,9.8,8.7,9.8,34400
2010-11-17,9.4,9.4,9.0,9.0,12300
2010-11-18,9.8,9.8,9.8,9.8,21200
2010-11-19,10.0,10.0,9.5,9.5,9500
2010-11-22,9.8,9.8,9.2,9.5,13800
2010-11-23,9.8,9.8,9.4,9.7,3900
2010-11-24,9.9,10.2,9.3,9.9,13300
2010-11-25,10.3,10.5,10.2,10.4,36800
2010-11-26,11.0,11.0,10.3,10.5,6800
2010-11-29,10.2,11.2,10.2,11.1,12800
2010-11-30,11.0,11.5,11.0,11.5,31500
2010-12-01,12.3,12.3,10.8,10.8,31700
2010-12-02,10.7,12.0,10.7,11.8,24200
2010-12-03,12.2,12.4,12.0,12.4,39000
2010-12-06,12.9,13.2,12.5,12.5,46400
2010-12-07,13.5,13.5,12.2,12.2,14900
2010-12-08,11.6,11.6,11.5,11.5,23500
2010-12-09,10.8,11.6,10.8,11.6,29000
2010-12-10,11.8,12.0,11.6,12.0,30500
2010-12-13,12.7,12.7,12.7,12.7,28200
2010-12-14,13.3,13.3,11.9,11.9,32100
2010-12-15,12.5,12.5,11.5,11.5,7000
2010-12-16,12.0,12.0,11.2,11.2,22100
2010-12-17,11.5,11.9,11.2,11.8,7400
2010-12-20,12.0,12.0,11.1,11.1,6000
2010-12-21,11.5,11.8,11.0,11.0,13500
2010-12-22,11.5,11.5,11.5,11.5,100
2010-12-23,11.1,11.1,10.9,11.0,1500
2010-12-24,11.4,11.4,11.0,11.0,1300
2010-12-27,11.4,11.4,11.0,11.0,1800
2010-12-28,11.7,11.7,10.6,11.5,4300
2010-12-29,11.0,11.0,11.0,11.0,1500
2010-12-30,11.2,11.2,10.7,10.7,500
2010-12-31,11.0,11.5,10.8,11.5,12300
2011-01-04,11.5,11.5,11.2,11.2,1300
2011-01-05,10.8,10.9,10.7,10.8,8600
2011-01-06,11.4,11.4,11.4,11.4,100
2011-01-07,10.8,10.8,10.7,10.7,6200
2011-01-10,11.4,11.4,10.5,10.5,600
2011-01-11,11.3,11.3,10.2,10.2,3600
2011-01-12,10.8,10.8,10.2,10.2,2700
2011-01-13,10.8,10.8,10.5,10.6,4900
2011-01-14,11.2,11.2,11.2,11.2,100
2011-01-17,11.0,11.0,10.5,10.5,3500
2011-01-18,10.7,10.7,10.2,10.2,3600
2011-01-19,10.0,10.1,9.9,10.0,4900
2011-01-20,10.5,10.5,9.8,9.8,2100
2011-01-21,9.6,10.0,9.6,9.7,4400
2011-01-24,10.3,10.3,9.7,9.7,1300
2011-01-25,9.9,9.9,9.5,9.7,1700
2011-01-26,9.5,9.5,9.5,9.5,1000
2011-01-27,9.8,9.8,9.3,9.8,3200
2011-01-28,9.8,9.9,9.5,9.6,7200
2011-02-08,9.2,9.6,9.2,9.6,1100
2011-02-09,9.4,9.5,9.4,9.5,4000
2011-02-10,9.3,9.6,9.3,9.5,4300
2011-02-11,9.5,9.6,9.5,9.6,1600
2011-02-14,10.0,10.0,9.6,9.6,2800
2011-02-15,9.7,9.7,9.4,9.4,3800
2011-02-16,9.5,9.5,9.5,9.5,2800
2011-02-17,9.3,9.3,9.0,9.1,8000
2011-02-18,9.1,9.1,8.9,9.0,6300
2011-02-21,9.5,9.5,8.4,8.5,6000
2011-02-22,9.5,9.5,8.9,9.0,8500
2011-02-23,9.2,9.2,8.7,8.7,13700
2011-02-24,8.5,8.9,8.5,8.9,2500
2011-02-25,8.9,9.0,8.9,9.0,2400
2011-02-28,8.5,9.0,8.5,8.7,2900
2011-03-01,8.8,8.8,8.5,8.7,5300
2011-03-02,8.2,8.2,8.1,8.1,10300
2011-03-03,8.0,8.0,7.6,7.7,6700
2011-03-04,7.9,7.9,7.5,7.8,2800
2011-03-07,7.6,8.0,7.4,7.8,3800
2011-03-08,8.0,8.0,7.5,7.5,4800
2011-03-09,7.4,7.5,7.4,7.5,3700
2011-03-10,7.6,8.0,7.6,8.0,12900
2011-03-11,8.4,8.4,8.4,8.4,5300
2011-03-14,8.0,8.0,7.9,7.9,10700
2011-03-15,7.5,7.6,7.5,7.6,5400
2011-03-16,7.6,7.8,7.5,7.6,1600
2011-03-17,8.0,8.0,7.6,7.7,900
2011-03-18,7.7,8.0,7.7,8.0,8600
2011-03-21,7.8,7.8,7.5,7.6,6000
2011-03-22,7.8,7.9,7.6,7.6,4700
2011-03-23,8.0,8.0,7.7,7.8,3600
2011-03-24,7.9,7.9,7.8,7.8,8000
2011-03-25,7.7,7.7,7.5,7.5,3500
2011-03-28,7.6,7.9,7.6,7.8,3100
2011-03-29,7.8,7.8,7.6,7.6,1300
2011-03-30,7.5,7.5,7.4,7.4,3500
2011-03-31,7.8,7.8,7.6,7.6,600
2011-04-01,7.6,7.6,7.6,7.6,0
2011-04-04,7.4,7.5,7.4,7.4,2900
2011-04-05,7.4,7.4,7.1,7.1,2300
2011-04-06,7.5,7.7,7.5,7.7,5000
2011-04-07,7.6,7.7,7.6,7.7,600
2011-04-08,7.3,7.3,7.3,7.3,1000
2011-04-13,7.0,7.6,6.9,7.6,2500
2011-04-14,7.0,7.3,7.0,7.0,2100
2011-04-15,6.7,6.9,6.6,6.6,13300
2011-04-18,6.7,6.7,6.3,6.3,10100
2011-04-19,6.0,6.5,6.0,6.5,1100
2011-04-20,6.4,6.4,6.1,6.3,5000
2011-04-21,6.3,6.3,6.2,6.2,6700
2011-04-22,6.2,6.3,6.0,6.0,4700
2011-04-25,6.2,6.5,6.2,6.5,5200
2011-04-26,6.4,6.4,6.1,6.1,7000
2011-04-27,6.2,6.2,6.1,6.2,4600
2011-04-28,6.0,6.2,6.0,6.1,5300
2011-04-29,6.1,6.2,6.0,6.0,7400
2011-05-04,6.0,6.3,5.8,6.3,10500
2011-05-05,6.0,6.1,5.9,5.9,3900
2011-05-06,5.9,5.9,5.7,5.7,3900
2011-05-09,6.2,6.2,6.2,6.2,100
2011-05-10,6.2,6.2,5.8,5.8,4000
2011-05-11,6.1,6.2,6.1,6.2,2000
2011-05-12,5.9,6.1,5.9,5.9,2300
2011-05-13,6.2,6.2,6.2,6.2,100
2011-05-16,6.0,6.0,6.0,6.0,4000
2011-05-17,5.7,5.7,5.6,5.7,7700
2011-05-18,5.8,5.8,5.8,5.8,100
2011-05-19,5.6,5.6,5.5,5.6,3300
2011-05-20,5.8,5.8,5.3,5.3,22100
2011-05-23,5.3,5.3,5.0,5.0,13800
2011-05-24,4.9,4.9,4.7,4.7,23200
2011-05-25,4.5,4.5,4.4,4.5,29700
2011-05-26,4.2,4.5,4.2,4.5,5700
2011-05-27,4.6,4.6,4.6,4.6,7400
2011-05-30,4.9,4.9,4.8,4.9,6100
2011-05-31,4.9,5.0,4.6,5.0,1500
2011-06-01,5.2,5.2,5.1,5.2,11700
2011-06-02,5.4,5.5,5.4,5.5,13800
2011-06-03,5.8,5.8,5.3,5.3,12500
2011-06-06,5.3,5.3,5.3,5.3,0
2011-06-07,5.7,5.9,5.7,5.9,4100
2011-06-08,5.8,5.8,5.8,5.8,1000
2011-06-09,5.6,6.0,5.6,6.0,4300
2011-06-10,6.0,6.2,5.6,6.2,26800
2011-06-13,5.9,6.4,5.8,6.4,35800
2011-06-14,6.5,6.7,6.2,6.2,26400
2011-06-15,6.7,6.7,6.2,6.2,6100
2011-06-16,6.6,6.6,6.6,6.6,100
2011-06-17,6.6,6.6,6.2,6.3,4000
2011-06-20,6.5,6.5,6.2,6.5,35900
2011-06-21,6.4,6.9,6.4,6.9,59900
2011-06-22,7.0,7.3,6.9,6.9,44900
2011-06-23,6.7,7.2,6.7,7.2,41700
2011-06-24,7.1,7.2,6.9,7.2,27700
2011-06-27,7.0,7.1,6.9,7.1,4500
2011-06-28,7.0,7.0,6.8,6.8,800
2011-06-29,7.2,7.2,6.6,7.0,6100
2011-06-30,7.2,7.2,6.4,7.2,34600
2011-07-01,6.6,6.9,6.6,6.6,10700
2011-07-04,6.9,7.0,6.4,7.0,10500
2011-07-05,6.5,6.9,6.4,6.9,25900
2011-07-06,7.3,7.3,7.2,7.3,30800
2011-07-07,7.1,7.2,7.1,7.2,200
2011-07-08,7.2,7.6,7.2,7.6,32000
2011-07-11,7.5,7.9,7.5,7.9,35500
2011-07-12,8.2,8.3,8.0,8.1,24200
2011-07-13,8.4,8.6,8.4,8.6,18200
2011-07-14,8.8,9.2,8.8,9.2,19000
2011-07-15,9.5,9.5,9.0,9.4,12000
2011-07-18,9.0,9.9,8.9,9.9,139100
2011-07-19,9.9,9.9,9.7,9.7,39000
2011-07-20,9.3,9.3,9.3,9.3,3300
2011-07-21,8.7,8.7,8.7,8.7,2800
2011-07-22,8.1,8.1,8.1,8.1,100
2011-07-25,7.6,7.6,7.6,7.6,700
2011-07-26,7.1,7.1,7.1,7.1,900
2011-07-27,6.7,6.7,6.7,6.7,100
2011-07-28,6.3,6.7,6.3,6.3,14700
2011-07-29,6.6,6.6,6.1,6.1,4100
2011-08-01,6.0,6.2,6.0,6.2,1800
2011-08-02,6.2,6.4,6.2,6.3,2100
2011-08-03,6.7,6.7,6.5,6.7,900
2011-08-04,7.0,7.0,7.0,7.0,1300
2011-08-05,7.4,7.4,7.0,7.4,1800
2011-08-08,6.7,6.7,6.7,6.7,2400
2011-08-09,6.3,6.3,6.3,6.3,1100
2011-08-10,6.3,6.4,6.2,6.2,2100
2011-08-11,6.5,6.5,6.5,6.5,100
2011-08-12,6.5,6.5,6.3,6.3,600
2011-08-15,6.0,6.0,6.0,6.0,1500
2011-08-16,6.0,6.0,6.0,6.0,1500
2011-08-17,6.0,6.3,6.0,6.3,4600
2011-08-18,6.5,6.5,6.5,6.5,100
2011-08-19,6.1,6.1,6.1,6.1,2000
2011-08-22,5.7,6.3,5.7,5.8,2000
2011-08-23,6.0,6.0,5.6,5.6,7400
2011-08-24,5.7,6.0,5.6,5.9,5600
2011-08-25,6.0,6.0,5.9,6.0,6100
2011-08-26,6.0,6.0,6.0,6.0,200
2011-08-29,5.7,5.9,5.7,5.9,800
2011-08-30,6.2,6.2,6.2,6.2,13400
2011-08-31,5.8,6.6,5.8,6.6,9000
2011-09-01,6.8,6.8,6.2,6.2,5200
2011-09-05,6.0,6.6,6.0,6.0,26200
2011-09-06,6.3,6.3,5.7,5.7,15800
2011-09-07,6.0,6.0,6.0,6.0,1700
2011-09-08,6.4,6.4,6.4,6.4,10000
2011-09-09,6.7,6.7,6.5,6.5,4200
2011-09-12,6.2,6.9,6.2,6.9,12700
2011-09-13,7.2,7.2,7.1,7.2,22600
2011-09-14,7.7,7.7,7.0,7.0,4200
2011-09-15,7.4,7.4,7.2,7.2,300
2011-09-16,7.3,7.3,6.8,6.8,5700
2011-09-19,6.4,7.0,6.4,7.0,2600
2011-09-20,6.1,6.8,6.1,6.8,400
2011-09-21,6.8,6.8,6.8,6.8,0
2011-09-22,6.2,6.8,6.2,6.8,1700
2011-09-23,6.2,6.3,5.9,6.3,3700
2011-09-26,6.4,6.4,5.7,5.7,1800
2011-09-27,5.8,6.1,5.8,5.8,2300
2011-09-28,6.0,6.0,5.6,5.9,3000
2011-09-29,5.6,5.9,5.5,5.8,5200
2011-09-30,5.6,5.8,5.5,5.8,5100
2011-10-03,5.8,5.9,5.8,5.9,2100
2011-10-04,5.9,5.9,5.6,5.6,3700
2011-10-05,6.1,6.1,6.1,6.1,100
2011-10-06,6.2,6.2,6.2,6.2,400
2011-10-07,6.2,6.2,6.2,6.2,0
2011-10-10,6.2,6.2,6.0,6.0,3400
2011-10-11,5.9,5.9,5.9,5.9,200
2011-10-12,5.8,5.8,5.8,5.8,2300
2011-10-13,5.8,5.8,5.4,5.8,1600
2011-10-14,5.7,5.7,5.7,5.7,0
2011-10-17,5.7,5.7,5.7,5.7,2700
2011-10-18,5.5,5.5,5.5,5.5,100
2011-10-19,5.8,5.8,5.8,5.8,600
2011-10-20,6.0,6.0,6.0,6.0,100
2011-10-21,5.7,5.7,5.6,5.6,1100
2011-10-24,5.6,5.6,5.6,5.6,500
2011-10-25,5.6,5.6,5.6,5.6,0
2011-10-26,5.3,5.3,5.3,5.3,100
2011-10-27,5.6,5.6,5.6,5.6,200
2011-10-28,5.9,5.9,5.8,5.8,600
2011-10-31,5.4,5.4,5.4,5.4,4300
2011-11-01,5.1,5.4,5.1,5.1,1800
2011-11-02,5.4,5.4,5.4,5.4,100
2011-11-03,5.4,5.4,5.4,5.4,0
2011-11-04,5.1,5.4,5.1,5.4,2400
2011-11-07,4.8,4.8,4.8,4.8,800
2011-11-08,4.5,4.9,4.5,4.5,3000
2011-11-09,4.6,4.6,4.6,4.6,700
2011-11-10,4.9,4.9,4.9,4.9,100
2011-11-11,4.9,4.9,4.9,4.9,0
2011-11-14,5.2,5.2,4.6,4.6,600
2011-11-15,4.6,4.6,4.6,4.6,0
2011-11-16,5.0,5.0,5.0,5.0,100
2011-11-17,5.3,5.3,5.3,5.3,100
2011-11-18,5.3,5.3,5.3,5.3,0
2011-11-21,5.3,5.3,5.3,5.3,0
2011-11-22,5.3,5.3,5.3,5.3,0
2011-11-23,5.0,5.0,5.0,5.0,100
2011-11-24,5.0,5.0,5.0,5.0,0
2011-11-25,4.8,4.8,4.8,4.8,100
2011-11-28,4.8,4.8,4.8,4.8,0
2011-11-29,5.0,5.0,5.0,5.0,100
2011-11-30,5.0,5.0,5.0,5.0,0
2011-12-01,4.7,4.7,4.7,4.7,100
2011-12-02,4.4,4.4,4.4,4.4,1100
2011-12-05,4.1,4.5,4.1,4.5,6500
2011-12-06,4.8,4.8,4.4,4.7,1200
2011-12-07,4.7,4.7,4.7,4.7,0
2011-12-08,4.7,4.7,4.7,4.7,0
2011-12-09,4.7,4.7,4.7,4.7,100
2011-12-12,4.7,4.7,4.7,4.7,0
2011-12-13,4.9,4.9,4.5,4.5,300
2011-12-14,4.5,4.5,4.5,4.5,0
2011-12-15,4.5,4.5,4.5,4.5,0
2011-12-16,4.5,4.5,4.5,4.5,0
2011-12-19,4.5,4.5,4.5,4.5,0
2011-12-20,4.5,4.5,4.5,4.5,0
2011-12-21,5.0,5.0,5.0,5.0,100
2011-12-22,5.0,5.0,5.0,5.0,0
2011-12-23,5.3,5.3,5.3,5.3,100
2011-12-26,5.3,5.3,5.3,5.3,0
2011-12-27,5.3,5.3,5.3,5.3,0
2011-12-28,5.3,5.3,5.3,5.3,0
2011-12-29,5.3,5.3,5.3,5.3,0
2011-12-30,5.3,5.3,5.3,5.3,0
2012-01-03,5.3,5.3,5.3,5.3,0
2012-01-04,5.3,5.3,5.3,5.3,0
2012-01-05,5.3,5.3,5.3,5.3,0
2012-01-06,5.3,5.3,5.3,5.3,0
2012-01-09,5.3,5.3,5.3,5.3,0
2012-01-10,5.3,5.3,5.3,5.3,0
2012-01-11,5.3,5.3,5.3,5.3,0
2012-01-12,5.5,5.5,5.5,5.5,100
2012-01-13,5.5,5.5,5.5,5.5,0
2012-01-16,5.5,5.5,5.5,5.5,0
2012-01-17,5.5,5.5,5.5,5.5,0
2012-01-18,5.5,5.5,5.5,5.5,0
2012-01-19,5.5,5.5,5.5,5.5,0
2012-01-20,5.5,5.5,5.5,5.5,0
2012-01-30,5.8,5.8,5.8,5.8,100
2012-01-31,6.0,6.0,5.4,5.4,200
2012-02-01,5.4,5.4,5.4,5.4,0
2012-02-02,5.4,5.4,5.4,5.4,1000
2012-02-03,5.1,5.1,5.1,5.1,2100
2012-02-06,5.0,5.0,5.0,5.0,3000
2012-02-07,4.7,4.7,4.7,4.7,100
2012-02-08,4.5,4.5,4.5,4.5,2000
2012-02-09,4.2,4.2,4.2,4.2,10100
2012-02-10,4.0,4.0,4.0,4.0,10200
2012-02-13,4.2,4.2,4.2,4.2,100
2012-02-14,4.2,4.4,4.2,4.4,5600
2012-02-15,4.6,4.6,4.6,4.6,1200
2012-02-16,4.7,4.8,4.7,4.8,800
2012-02-17,5.0,5.0,5.0,5.0,100
2012-02-20,5.2,5.2,4.8,4.8,300
2012-02-21,5.2,5.2,5.2,5.2,100
2012-02-22,5.2,5.2,5.2,5.2,0
2012-02-23,5.4,5.4,4.9,4.9,500
2012-02-24,5.3,5.3,5.3,5.3,100
2012-02-27,5.5,5.5,5.0,5.0,4600
2012-02-28,4.7,4.7,4.7,4.7,10200
2012-02-29,4.9,4.9,4.7,4.7,9400
2012-03-01,5.0,5.0,4.5,4.6,3600
2012-03-02,4.9,4.9,4.4,4.7,7200
2012-03-05,4.9,4.9,4.9,4.9,15100
2012-03-06,5.2,5.2,4.9,4.9,4000
2012-03-07,4.7,4.7,4.7,4.7,1800
2012-03-08,4.9,4.9,4.4,4.4,15400
2012-03-09,4.2,4.2,4.2,4.2,2200
2012-03-12,4.0,4.1,4.0,4.1,2500
2012-03-13,4.3,4.3,4.2,4.2,4400
2012-03-14,4.3,4.3,4.2,4.2,2200
2012-03-15,4.0,4.3,4.0,4.3,6400
2012-03-16,4.3,4.3,4.2,4.3,2500
2012-03-19,4.4,4.5,4.3,4.4,5400
2012-03-20,4.6,4.7,4.4,4.4,1800
2012-03-21,4.8,4.8,4.5,4.7,5200
2012-03-22,4.7,4.7,4.7,4.7,100
2012-03-23,4.9,5.0,4.4,4.8,44300
2012-03-26,4.8,5.1,4.8,5.1,34100
2012-03-27,5.0,5.0,4.9,4.9,15900
2012-03-28,4.8,5.2,4.8,5.2,800
2012-03-29,5.0,5.2,5.0,5.2,300
2012-03-30,5.2,5.2,5.2,5.2,0
2012-04-03,5.0,5.0,5.0,5.0,200
2012-04-04,5.0,5.2,5.0,5.2,4000
2012-04-05,5.2,5.2,5.2,5.2,0
2012-04-06,5.0,5.0,5.0,5.0,100
2012-04-09,4.9,4.9,4.7,4.7,7400
2012-04-10,4.7,4.7,4.5,4.7,9600
2012-04-11,5.0,5.0,4.5,4.9,1200
2012-04-12,5.1,5.1,4.9,5.0,2800
2012-04-13,5.0,5.0,4.8,4.8,2100
2012-04-16,4.5,4.9,4.5,4.9,5000
2012-04-17,5.0,5.1,4.8,4.9,5000
2012-04-18,5.0,5.0,4.9,5.0,4100
2012-04-19,4.8,4.8,4.8,4.8,1600
2012-04-20,4.8,4.9,4.8,4.9,1100
2012-04-23,4.9,4.9,4.7,4.9,500
2012-04-24,4.6,4.9,4.6,4.9,2800
2012-04-25,4.7,4.8,4.7,4.7,11400
2012-04-26,4.8,4.8,4.8,4.8,100
2012-04-27,4.8,5.0,4.5,5.0,12400
2012-05-02,5.0,5.0,4.9,4.9,5100
2012-05-03,4.8,4.8,4.8,4.8,1000
2012-05-04,4.9,5.1,4.9,5.1,37100
2012-05-07,5.2,5.4,5.2,5.4,38400
2012-05-08,5.5,5.7,5.4,5.7,38900
2012-05-09,5.8,6.0,5.8,6.0,37700
2012-05-10,6.0,6.4,6.0,6.4,67800
2012-05-11,6.4,6.4,6.1,6.4,14000
2012-05-14,6.4,6.4,6.0,6.0,1700
2012-05-15,5.6,5.7,5.6,5.6,14700
2012-05-16,5.3,5.3,5.3,5.3,9100
2012-05-17,5.3,5.6,5.0,5.6,7700
2012-05-18,5.2,5.4,5.2,5.4,300
2012-05-21,5.5,5.7,5.5,5.7,3400
2012-05-22,5.4,5.4,5.4,5.4,3000
2012-05-23,5.2,5.2,5.1,5.1,700
2012-05-24,5.4,5.4,5.4,5.4,100
2012-05-25,5.1,5.3,5.1,5.1,7600
2012-05-28,5.2,5.2,4.9,5.0,8800
2012-05-29,5.2,5.2,4.7,4.7,200
2012-05-30,4.7,4.8,4.7,4.7,5000
2012-05-31,4.5,5.0,4.5,5.0,2100
2012-06-01,4.7,4.7,4.7,4.7,100
2012-06-04,4.5,4.5,4.5,4.5,500
2012-06-05,4.7,4.7,4.7,4.7,100
2012-06-06,4.9,4.9,4.4,4.6,3300
2012-06-07,4.7,4.7,4.5,4.7,4200
2012-06-08,4.5,4.5,4.5,4.5,5600
2012-06-11,4.6,4.6,4.5,4.5,12500
2012-06-12,4.5,4.5,4.5,4.5,0
2012-06-13,4.3,4.8,4.3,4.8,3100
2012-06-14,4.8,4.8,4.8,4.8,300
2012-06-15,4.6,4.6,4.6,4.6,400
2012-06-18,4.5,4.5,4.5,4.5,300
2012-06-19,4.4,4.7,4.3,4.7,3600
2012-06-20,4.4,4.7,4.4,4.7,1300
2012-06-21,4.4,4.6,4.4,4.6,3900
2012-06-22,4.3,4.5,4.3,4.5,1100
2012-06-25,4.5,4.5,4.5,4.5,0
2012-06-26,4.2,4.4,4.2,4.4,4100
2012-06-27,4.2,4.2,4.1,4.1,4900
2012-06-28,3.9,4.1,3.9,4.1,2500
2012-06-29,3.9,4.3,3.9,4.3,1800
2012-07-02,4.3,4.3,4.3,4.3,0
2012-07-03,4.3,4.3,4.3,4.3,0
2012-07-04,4.3,4.3,4.3,4.3,0
2012-07-05,4.0,4.0,4.0,4.0,1000
2012-07-06,4.2,4.2,4.2,4.2,100
2012-07-09,4.2,4.2,4.2,4.2,0
2012-07-10,4.2,4.2,4.2,4.2,0
2012-07-11,4.3,4.3,4.3,4.3,100
2012-07-12,4.4,4.4,4.4,4.4,100
2012-07-13,4.1,4.4,4.1,4.4,1400
2012-07-16,4.1,4.4,4.1,4.4,600
2012-07-17,4.2,4.4,4.2,4.4,300
2012-07-18,4.4,4.4,4.4,4.4,0
2012-07-19,4.4,4.5,4.4,4.5,900
2012-07-20,4.2,4.2,4.2,4.2,1300
2012-07-23,4.2,4.2,4.2,4.2,0
2012-07-24,4.0,4.2,4.0,4.2,400
2012-07-25,4.2,4.2,4.2,4.2,0
2012-07-26,4.2,4.2,4.2,4.2,0
2012-07-27,4.1,4.1,4.1,4.1,100
2012-07-30,4.1,4.1,4.1,4.1,0
2012-07-31,4.1,4.1,4.1,4.1,0
2012-08-01,4.2,4.2,3.9,3.9,1100
2012-08-02,3.7,3.9,3.7,3.9,200
2012-08-03,3.7,3.7,3.7,3.7,1000
2012-08-06,3.7,3.7,3.7,3.7,900
2012-08-07,3.7,3.7,3.7,3.7,100
2012-08-08,3.7,3.7,3.7,3.7,0
2012-08-09,3.6,3.6,3.6,3.6,2200
2012-08-10,3.6,3.6,3.5,3.5,2100
2012-08-13,3.5,3.5,3.5,3.5,0
2012-08-14,3.3,3.6,3.3,3.6,9700
2012-08-15,3.4,3.6,3.4,3.6,1100
2012-08-16,3.6,3.6,3.6,3.6,0
2012-08-17,3.8,3.8,3.8,3.8,100
2012-08-20,3.8,3.8,3.8,3.8,0
2012-08-21,3.8,3.8,3.8,3.8,0
2012-08-22,3.8,3.8,3.8,3.8,0
2012-08-23,3.8,3.8,3.8,3.8,0
2012-08-24,3.6,3.6,3.6,3.6,100
2012-08-27,3.6,3.6,3.6,3.6,0
2012-08-28,3.6,3.6,3.6,3.6,0
2012-08-29,3.4,3.4,3.4,3.4,1000
2012-08-30,3.4,3.4,3.4,3.4,0
2012-08-31,3.4,3.4,3.4,3.4,0
2012-09-04,3.4,3.4,3.4,3.4,0
2012-09-05,3.4,3.4,3.4,3.4,3500
2012-09-06,3.4,3.4,3.4,3.4,0
2012-09-07,3.4,3.4,3.4,3.4,0
2012-09-10,3.4,3.4,3.4,3.4,0
2012-09-11,3.4,3.4,3.4,3.4,0
2012-09-12,3.4,3.4,3.4,3.4,0
2012-09-13,3.4,3.4,3.4,3.4,0
2012-09-14,3.4,3.4,3.4,3.4,0
2012-09-17,3.5,3.5,3.5,3.5,100
2012-09-18,3.3,3.3,3.3,3.3,100
2012-09-19,3.1,3.1,3.1,3.1,200
2012-09-20,2.9,3.0,2.9,2.9,400
2012-09-21,2.7,2.7,2.7,2.7,300
2012-09-24,2.6,2.6,2.6,2.6,3000
2012-09-25,2.5,2.5,2.5,2.5,2000
2012-09-26,2.4,2.4,2.4,2.4,100
2012-09-27,2.3,2.3,2.3,2.3,100
2012-09-28,2.2,2.2,2.2,2.2,200
2012-10-01,2.2,2.2,2.2,2.2,0
2012-10-02,2.2,2.2,2.2,2.2,0
2012-10-03,2.1,2.1,2.1,2.1,200
2012-10-04,2.0,2.0,2.0,2.0,3100
2012-10-05,1.9,1.9,1.9,1.9,100
2012-10-08,1.8,2.0,1.8,1.8,3300
2012-10-09,1.7,1.9,1.7,1.7,13900
2012-10-10,1.7,1.8,1.6,1.8,3100
2012-10-11,1.7,1.7,1.7,1.7,12400
2012-10-12,1.7,1.7,1.7,1.7,0
2012-10-15,1.8,1.8,1.8,1.8,800
2012-10-16,1.7,1.7,1.7,1.7,1000
2012-10-17,1.7,1.7,1.7,1.7,0
2012-10-18,1.7,1.7,1.6,1.7,8800
2012-10-19,1.6,1.6,1.6,1.6,6600
2012-10-22,1.5,1.5,1.5,1.5,5200
2012-10-23,1.4,1.4,1.4,1.4,4000
2012-10-24,1.3,1.3,1.3,1.3,9300
2012-10-25,1.2,1.4,1.2,1.4,10100
2012-10-26,1.5,1.5,1.5,1.5,100
2012-10-29,1.4,1.4,1.4,1.4,1900
2012-10-30,1.3,1.3,1.3,1.3,1900
2012-10-31,1.3,1.3,1.3,1.3,300
2012-11-01,1.3,1.3,1.3,1.3,2100
2012-11-02,1.2,1.4,1.2,1.4,5000
2012-11-05,1.3,1.3,1.3,1.3,100
2012-11-06,1.3,1.3,1.2,1.2,1900
2012-11-07,1.1,1.3,1.1,1.3,1000
2012-11-08,1.3,1.3,1.3,1.3,100
2012-11-09,1.2,1.4,1.2,1.4,2200
2012-11-12,1.3,1.5,1.3,1.5,10300
2012-11-13,1.5,1.5,1.5,1.5,5000
2012-11-14,1.4,1.5,1.4,1.5,8200
2012-11-15,1.5,1.6,1.5,1.6,600
2012-11-16,1.5,1.5,1.5,1.5,16600
2012-11-19,1.6,1.6,1.6,1.6,4000
2012-11-20,1.6,1.6,1.6,1.6,0
2012-11-21,1.6,1.6,1.5,1.5,1100
2012-11-22,1.6,1.6,1.4,1.4,300
2012-11-23,1.4,1.5,1.4,1.5,600
2012-11-26,1.6,1.6,1.4,1.4,300
2012-11-27,1.6,1.6,1.4,1.4,6300
2012-11-28,1.4,1.4,1.4,1.4,0
2012-11-29,1.4,1.4,1.4,1.4,0
2012-11-30,1.5,1.5,1.4,1.4,400
2012-12-03,1.4,1.4,1.4,1.4,0
2012-12-04,1.4,1.4,1.4,1.4,0
2012-12-05,1.4,1.4,1.4,1.4,0
2012-12-06,1.5,1.5,1.5,1.5,300
2012-12-07,1.6,1.6,1.6,1.6,1100
2012-12-10,1.7,1.7,1.7,1.7,4300
2012-12-11,1.8,1.8,1.8,1.8,3700
2012-12-12,1.9,1.9,1.9,1.9,600
2012-12-13,2.0,2.0,2.0,2.0,600
2012-12-14,2.1,2.1,2.1,2.1,200
2012-12-17,2.1,2.1,2.1,2.1,100
2012-12-18,2.1,2.1,2.1,2.1,0
2012-12-19,2.1,2.1,2.1,2.1,0
2012-12-20,2.1,2.1,2.1,2.1,0
2012-12-21,2.1,2.1,2.1,2.1,0
2012-12-24,2.1,2.1,2.1,2.1,0
2012-12-25,2.0,2.0,2.0,2.0,600
2012-12-26,2.0,2.0,2.0,2.0,0
2012-12-27,2.0,2.0,2.0,2.0,0
2012-12-28,1.9,1.9,1.9,1.9,100
2013-01-02,1.8,2.0,1.8,2.0,400
2013-01-03,1.9,2.1,1.9,1.9,6100
2013-01-04,1.8,2.0,1.8,2.0,6300
2013-01-07,2.1,2.1,2.1,2.1,100
2013-01-08,2.2,2.2,2.2,2.2,100
2013-01-09,2.2,2.2,2.2,2.2,0
2013-01-10,2.1,2.1,2.1,2.1,100
2013-01-11,2.1,2.1,2.1,2.1,0
2013-01-14,2.0,2.0,2.0,2.0,14600
2013-01-15,2.0,2.0,2.0,2.0,100
2013-01-16,2.0,2.1,2.0,2.0,900
2013-01-17,1.9,1.9,1.9,1.9,700
2013-01-18,1.9,1.9,1.9,1.9,7000
2013-01-21,1.9,1.9,1.9,1.9,0
2013-01-22,1.9,1.9,1.9,1.9,0
2013-01-23,1.9,1.9,1.9,1.9,0
2013-01-24,1.8,1.8,1.8,1.8,200
2013-01-25,1.8,1.9,1.8,1.9,1200
2013-01-28,1.8,1.9,1.8,1.8,3600
2013-01-29,1.7,1.7,1.7,1.7,600
2013-01-30,1.6,1.6,1.6,1.6,100
2013-01-31,1.6,1.6,1.6,1.6,500
2013-02-01,1.6,1.6,1.6,1.6,0
2013-02-04,1.6,1.6,1.6,1.6,2000
2013-02-05,1.6,1.6,1.6,1.6,0
2013-02-06,1.7,1.7,1.7,1.7,100
2013-02-07,1.8,1.8,1.8,1.8,100
2013-02-08,1.9,1.9,1.9,1.9,4000
2013-02-18,2.0,2.0,2.0,2.0,2300
2013-02-19,2.2,2.2,2.2,2.2,13300
2013-02-20,2.2,2.2,2.2,2.2,0
2013-02-21,2.1,2.3,2.1,2.3,3000
2013-02-22,2.3,2.3,2.3,2.3,0
2013-02-25,2.3,2.3,2.3,2.3,2000
2013-02-26,2.3,2.3,2.3,2.3,0
2013-02-27,2.3,2.3,2.3,2.3,10000
2013-02-28,2.2,2.2,2.2,2.2,1200
2013-03-01,2.1,2.1,2.0,2.0,5000
2013-03-04,1.9,1.9,1.9,1.9,8000
2013-03-05,1.8,1.8,1.8,1.8,3000
2013-03-06,1.8,1.8,1.8,1.8,0
2013-03-07,1.7,1.7,1.7,1.7,200
2013-03-08,1.6,1.8,1.6,1.8,1100
2013-03-11,1.7,1.8,1.7,1.8,4200
2013-03-12,1.8,1.8,1.8,1.8,0
2013-03-13,1.7,1.8,1.7,1.8,7000
2013-03-14,1.7,1.7,1.7,1.7,5000
2013-03-15,1.7,1.7,1.7,1.7,600
2013-03-18,1.7,1.7,1.7,1.7,0
2013-03-19,1.7,1.7,1.7,1.7,0
2013-03-20,1.7,1.7,1.6,1.6,1500
2013-03-21,1.6,1.6,1.6,1.6,0
2013-03-22,1.6,1.6,1.6,1.6,0
2013-03-25,1.7,1.7,1.7,1.7,100
2013-03-26,1.7,1.7,1.7,1.7,0
2013-03-27,1.7,1.7,1.7,1.7,0
2013-03-28,1.8,1.8,1.8,1.8,100
2013-03-29,1.8,1.8,1.8,1.8,0
2013-04-01,1.9,1.9,1.9,1.9,100
2013-04-02,1.9,1.9,1.9,1.9,100
2013-04-03,1.9,1.9,1.9,1.9,0
2013-04-04,1.9,1.9,1.9,1.9,0
2013-04-05,1.9,1.9,1.9,1.9,0
2013-04-08,1.8,1.8,1.8,1.8,3300
2013-04-09,1.7,1.7,1.7,1.7,7000
2013-04-10,1.6,1.7,1.6,1.7,9600
2013-04-11,1.7,1.7,1.7,1.7,0
2013-04-12,1.7,1.7,1.7,1.7,0
2013-04-15,1.7,1.7,1.7,1.7,0
2013-04-16,1.7,1.7,1.7,1.7,0
2013-04-17,1.7,1.7,1.7,1.7,0
2013-04-18,1.7,1.7,1.7,1.7,0
2013-04-22,1.7,1.7,1.7,1.7,0
2013-04-23,1.6,1.6,1.6,1.6,1000
2013-04-24,1.6,1.6,1.6,1.6,0
2013-04-25,1.5,1.5,1.5,1.5,5000
2013-04-26,1.5,1.5,1.5,1.5,0
2013-05-02,1.4,1.4,1.4,1.4,3000
2013-05-03,1.3,1.3,1.3,1.3,3100
2013-05-06,1.2,1.2,1.2,1.2,17200
2013-05-07,1.1,1.1,1.1,1.1,6100
2013-05-08,1.0,1.0,1.0,1.0,11000
2013-05-09,0.9,0.9,0.9,0.9,7800
2013-05-10,0.8,0.8,0.8,0.8,16800
2013-05-13,0.7,0.8,0.7,0.7,13100
2013-05-14,0.7,0.8,0.7,0.8,3900
2013-05-15,0.7,0.9,0.7,0.9,7600
2013-05-16,1.0,1.0,1.0,1.0,1700
2013-05-17,0.9,0.9,0.9,0.9,3000
2013-05-20,0.8,0.8,0.8,0.8,12400
2014-12-02,1.2,1.2,1.2,1.2,300
2014-12-03,1.3,1.3,1.3,1.3,1000
2014-12-04,1.4,1.4,1.4,1.4,4800
2014-12-05,1.5,1.5,1.5,1.5,4700
2014-12-08,1.6,1.6,1.6,1.6,200
2014-12-09,1.7,1.7,1.7,1.7,16000
2014-12-10,1.8,1.8,1.8,1.8,3800
2014-12-11,1.9,1.9,1.9,1.9,8700
2014-12-12,2.0,2.0,2.0,2.0,16500
2014-12-15,2.2,2.2,2.2,2.2,6100
2014-12-16,2.4,2.4,2.4,2.4,2800
2014-12-17,2.4,2.4,2.2,2.2,5100
2014-12-18,2.4,2.4,2.4,2.4,100
2014-12-19,2.4,2.4,2.4,2.4,0
2014-12-22,2.2,2.4,2.2,2.4,1700
2014-12-23,2.0,2.0,2.0,2.0,1100
2014-12-24,2.0,2.0,2.0,2.0,0
2014-12-25,2.2,2.2,2.2,2.2,100
2014-12-26,2.2,2.2,2.2,2.2,0
2014-12-29,2.2,2.2,2.2,2.2,0
2014-12-30,2.2,2.2,2.2,2.2,0
2014-12-31,2.0,2.3,2.0,2.3,2400
2015-01-05,1.8,1.8,1.8,1.8,1000
2015-01-06,1.8,1.8,1.8,1.8,0
2015-01-07,1.9,1.9,1.9,1.9,100
2015-01-08,1.8,1.8,1.8,1.8,1400
2015-01-09,1.7,1.7,1.7,1.7,300
2015-01-12,1.7,1.7,1.7,1.7,0
2015-01-13,1.8,1.8,1.8,1.8,1200
2015-01-14,1.9,1.9,1.7,1.7,500
2015-01-15,1.8,1.8,1.8,1.8,300
2015-01-16,1.9,1.9,1.9,1.9,100
2015-01-19,1.9,1.9,1.9,1.9,0
2015-01-20,1.9,1.9,1.9,1.9,300
2015-01-21,2.0,2.0,2.0,2.0,100
2015-01-22,1.8,1.8,1.8,1.8,400
2015-01-23,1.8,1.8,1.8,1.8,0
2015-01-26,1.8,1.8,1.8,1.8,0
2015-01-27,1.8,1.8,1.8,1.8,1300
2015-01-28,1.8,1.8,1.8,1.8,1000
2015-01-29,1.9,1.9,1.9,1.9,100
2015-01-30,2.0,2.0,1.9,1.9,15100
2015-02-02,1.9,1.9,1.8,1.8,8000
2015-02-03,1.8,1.8,1.8,1.8,22000
2015-02-04,1.7,1.8,1.7,1.8,5800
2015-02-05,1.8,1.8,1.8,1.8,5500
2015-02-06,1.8,1.8,1.8,1.8,4900
2015-02-09,1.8,1.8,1.8,1.8,0
2015-02-10,1.8,1.9,1.8,1.9,6000
2015-02-11,1.9,1.9,1.9,1.9,14800
2015-02-12,1.9,1.9,1.9,1.9,500
2015-02-13,2.0,2.0,2.0,2.0,1600
2015-02-24,1.9,1.9,1.9,1.9,6000
2015-02-25,1.9,1.9,1.9,1.9,3800
2015-02-26,1.9,1.9,1.9,1.9,5300
2015-02-27,1.9,1.9,1.9,1.9,0
2015-03-02,1.9,1.9,1.9,1.9,6600
2015-03-03,2.0,2.0,2.0,2.0,1800
2015-03-04,2.0,2.0,2.0,2.0,0
2015-03-05,1.9,1.9,1.9,1.9,3700
2015-03-06,2.0,2.0,1.9,1.9,10600
2015-03-09,1.9,2.0,1.9,2.0,5000
2015-03-10,2.0,2.0,2.0,2.0,3000
2015-03-11,2.0,2.0,2.0,2.0,0
2015-03-12,1.9,1.9,1.9,1.9,200
2015-03-13,1.9,2.0,1.9,2.0,4900
2015-03-16,2.0,2.0,2.0,2.0,0
2015-03-17,2.0,2.0,2.0,2.0,0
2015-03-18,2.0,2.0,2.0,2.0,600
2015-03-19,2.0,2.0,2.0,2.0,0
2015-03-20,2.0,2.0,1.9,1.9,4500
2015-03-23,1.9,1.9,1.9,1.9,500
2015-03-24,2.0,2.0,1.9,1.9,1300
2015-03-25,2.0,2.0,1.9,1.9,5100
2015-03-26,1.9,2.0,1.9,1.9,9500
2015-03-27,2.0,2.0,2.0,2.0,7700
2015-03-30,2.0,2.0,2.0,2.0,1500
2015-03-31,1.9,1.9,1.9,2.0,500
2015-04-01,2.0,2.0,2.0,2.0,16800
2015-04-02,2.0,2.0,2.0,2.0,7600
2015-04-03,2.0,2.0,1.9,1.9,5000
2015-04-06,1.9,1.9,1.9,1.9,0
2015-04-07,1.9,1.9,1.9,1.9,5400
2015-04-08,1.9,1.9,1.9,1.9,0
2015-04-09,1.9,2.0,1.9,1.9,2000
2015-04-10,1.9,1.9,1.9,1.9,1000
2015-04-13,1.9,1.9,1.9,1.9,3400
2015-04-14,2.0,2.0,2.0,2.0,300
2015-04-15,2.0,2.0,2.0,2.0,800
2015-04-16,1.9,2.0,1.9,2.0,2300
2015-04-17,1.8,2.0,1.8,2.0,300
2015-04-20,2.0,2.0,2.0,2.0,100
2015-04-21,2.0,2.0,2.0,2.0,0
2015-04-22,2.0,2.0,2.0,2.0,0
2015-04-23,2.0,2.0,1.9,1.9,4000
2015-04-24,2.0,2.0,1.8,1.8,6300
2015-04-27,1.9,2.0,1.9,2.0,1200
2015-05-04,2.0,2.0,2.0,2.0,0
2015-05-05,1.9,1.9,1.9,1.9,1500
2015-05-06,2.0,2.0,1.9,1.9,5500
2015-05-07,1.9,2.0,1.9,1.9,6000
2015-05-08,2.0,2.0,1.9,1.9,1500
2015-05-11,2.1,2.2,1.9,1.9,1300
2015-05-12,1.9,1.9,1.9,1.9,300
2015-05-13,1.9,1.9,1.9,1.9,0
2015-05-14,2.0,2.0,2.0,2.0,100
2015-05-15,2.0,2.0,2.0,2.0,0
2015-05-18,2.0,2.0,2.0,2.0,0
2015-05-19,2.0,2.0,2.0,2.0,0
2015-05-20,2.2,2.2,1.9,1.9,3100
2015-05-21,2.0,2.0,2.0,2.0,500
2015-05-22,2.0,2.0,2.0,2.0,0
2015-05-25,2.0,2.0,2.0,2.0,0
2015-05-26,2.0,2.0,2.0,2.0,200
2015-05-27,2.0,2.0,2.0,2.0,0
2015-05-28,1.8,2.2,1.8,1.9,2300
2015-05-29,1.9,1.9,1.7,1.8,7900
2015-06-01,1.8,1.8,1.8,1.8,1100
2015-06-02,1.8,1.8,1.8,1.8,0
2015-06-03,1.8,1.8,1.8,1.8,0
2015-06-04,1.8,1.8,1.8,1.8,0
2015-06-05,1.9,1.9,1.9,1.9,1900
2015-06-08,2.0,2.0,2.0,2.0,100
2015-06-09,2.0,2.0,2.0,2.0,300
2015-06-10,1.9,1.9,1.9,1.9,200
2015-06-11,1.9,1.9,1.9,1.9,2200
2015-06-12,2.0,2.0,2.0,2.0,12900
2015-06-15,1.9,1.9,1.9,1.9,300
2015-06-16,1.9,1.9,1.9,1.9,0
2015-06-17,1.9,1.9,1.9,1.9,3000
2015-06-18,1.9,1.9,1.9,1.9,0
2015-06-19,1.9,2.0,1.9,1.9,55500
2015-06-22,1.8,1.9,1.8,1.9,500
2015-06-23,1.9,1.9,1.9,1.9,0
2015-06-24,1.8,1.8,1.8,1.8,1800
2015-06-25,1.9,1.9,1.9,1.9,700
2015-06-26,1.9,1.9,1.9,1.9,0
2015-06-29,1.9,2.0,1.9,2.0,1900
2015-06-30,2.0,2.0,2.0,2.0,0
2015-07-01,1.9,1.9,1.9,1.9,2000
2015-07-02,1.9,1.9,1.9,1.9,1500
2015-07-03,2.1,2.1,2.1,2.1,2900
2015-07-06,2.4,2.4,2.4,2.4,3000
2015-07-07,2.1,2.1,2.1,2.1,100
2015-07-08,2.1,2.1,2.1,2.1,0
2015-07-09,2.1,2.1,2.1,2.1,0
2015-07-10,2.4,2.4,2.1,2.1,1300
2015-07-13,2.1,2.1,2.1,2.1,100
2015-07-14,2.4,2.4,2.4,2.4,12400
2015-07-15,2.4,2.4,2.4,2.4,0
2015-07-16,2.2,2.2,2.2,2.2,200
2015-07-17,2.2,2.2,2.2,2.2,0
2015-07-20,2.2,2.2,2.2,2.2,1400
2015-07-21,2.1,2.1,2.1,2.1,200
2015-07-22,2.1,2.1,2.1,2.1,0
2015-07-23,2.2,2.4,2.2,2.4,2300
2015-07-24,2.4,2.4,2.4,2.4,0
2015-07-27,2.4,2.4,2.4,2.4,0
2015-07-28,2.3,2.3,2.2,2.2,4900
2015-07-29,2.2,2.2,2.2,2.2,0
2015-07-30,2.2,2.2,2.2,2.2,0
2015-07-31,2.0,2.0,2.0,2.0,300
2015-08-03,2.0,2.0,2.0,2.0,0
2015-08-04,2.0,2.3,2.0,2.3,4000
2015-08-05,2.1,2.1,2.1,2.1,500
2015-08-06,2.4,2.4,2.1,2.1,12000
2015-08-07,2.1,2.1,2.1,2.1,0
2015-08-10,2.1,2.1,2.1,2.1,0
2015-08-11,2.1,2.1,2.1,2.1,0
2015-08-12,2.1,2.1,2.1,2.1,500
2015-08-13,2.1,2.1,2.1,2.1,1000
2015-08-14,2.1,2.1,2.1,2.1,0
2015-08-17,2.1,2.1,2.1,2.1,0
2015-08-18,2.1,2.1,2.1,2.1,0
2015-08-19,2.1,2.1,2.1,2.1,0
2015-08-20,2.1,2.1,2.1,2.1,0
2015-08-21,2.1,2.1,2.1,2.1,0
2015-08-24,2.1,2.1,2.1,2.1,0
2015-08-25,2.1,2.1,2.1,2.1,0
2015-08-26,2.1,2.1,2.1,2.1,0
2015-08-27,2.0,2.0,2.0,2.0,100
2015-08-28,2.0,2.0,2.0,2.0,0
2015-08-31,2.3,2.3,2.3,2.3,1900
2015-09-01,2.3,2.3,2.3,2.3,0
2015-09-03,2.3,2.3,2.3,2.3,0
2015-09-04,2.3,2.3,2.3,2.3,0
2015-09-07,2.3,2.3,2.3,2.3,0
2015-09-08,2.3,2.3,2.3,2.3,0
2015-09-09,2.3,2.3,2.3,2.3,0
2015-09-10,2.3,2.3,2.3,2.3,0
2015-09-11,2.3,2.3,2.3,2.3,0
2015-09-14,2.3,2.3,2.3,2.3,0
2015-09-15,2.3,2.3,2.3,2.3,0
2015-09-16,2.3,2.3,2.3,2.3,0
2015-09-17,2.3,2.3,2.3,2.3,0
2015-09-18,2.6,2.6,2.6,2.6,100
2015-09-21,2.6,2.6,2.6,2.6,0
2015-09-22,2.6,2.6,2.6,2.6,0
2015-09-23,2.6,2.6,2.6,2.6,0
2015-09-24,2.6,2.6,2.6,2.6,0
2015-09-25,2.6,2.6,2.6,2.6,0
2015-09-28,2.9,2.9,2.9,2.9,100
2015-09-29,2.9,2.9,2.9,2.9,0
2015-09-30,2.9,2.9,2.9,2.9,0
2015-10-01,2.9,2.9,2.9,2.9,0
2015-10-02,2.9,2.9,2.9,2.9,0
2015-10-05,2.5,2.5,2.5,2.5,200
2015-10-06,2.2,2.2,2.2,2.2,200
2015-10-07,1.9,1.9,1.9,1.9,100
2015-10-08,1.9,1.9,1.9,1.9,100
2015-10-09,1.9,1.9,1.9,1.9,0
2015-10-12,1.9,1.9,1.9,1.9,0
2015-10-13,1.9,1.9,1.9,1.9,0
2015-10-14,1.9,1.9,1.9,1.9,1000
2015-10-15,1.9,1.9,1.9,1.9,0
2015-10-16,1.9,1.9,1.9,1.9,0
2015-10-19,1.9,1.9,1.9,1.9,0
2015-10-20,1.9,1.9,1.9,1.9,0
2015-10-21,1.9,1.9,1.9,1.9,0
2015-10-22,1.9,1.9,1.9,1.9,0
2015-10-23,1.9,1.9,1.9,1.9,0
2015-10-26,1.9,1.9,1.9,1.9,0
2015-10-27,1.9,1.9,1.9,1.9,0
2015-10-28,1.9,1.9,1.9,1.9,0
2015-10-29,1.7,1.7,1.7,1.7,200
2015-10-30,1.7,1.7,1.7,1.7,0
2015-11-02,1.7,1.7,1.7,1.7,0
2015-11-03,1.7,1.7,1.7,1.7,0
2015-11-04,1.5,1.5,1.5,1.5,300
2015-11-05,1.5,1.5,1.5,1.5,0
2015-11-06,1.5,1.5,1.5,1.5,0
2015-11-09,1.7,1.7,1.7,1.7,300
2015-11-10,1.7,1.7,1.7,1.7,0
2015-11-11,1.7,1.7,1.7,1.7,0
2015-11-12,1.7,1.7,1.7,1.7,0
2015-11-13,1.7,1.7,1.7,1.7,0
2015-11-16,1.7,1.7,1.7,1.7,0
2015-11-17,1.7,1.7,1.7,1.7,0
2015-11-18,1.7,1.7,1.7,1.7,0
2015-11-19,1.7,1.7,1.7,1.7,0
2015-11-20,1.7,1.7,1.7,1.7,0
2015-11-23,1.7,1.7,1.7,1.7,0
2015-11-24,1.7,1.7,1.7,1.7,0
2015-11-25,1.7,1.7,1.7,1.7,0
2015-11-26,1.7,1.7,1.7,1.7,0
2015-11-27,1.7,1.7,1.7,1.7,0
2015-11-30,1.7,1.7,1.7,1.7,0
2015-12-01,1.7,1.7,1.7,1.7,0
2015-12-02,1.7,1.7,1.7,1.7,0
2015-12-03,1.7,1.7,1.7,1.7,0
2015-12-04,1.7,1.7,1.7,1.7,0
2015-12-07,1.7,1.7,1.7,1.7,0
2015-12-08,1.7,1.7,1.7,1.7,0
2015-12-09,1.7,1.7,1.7,1.7,0
2015-12-10,1.7,1.7,1.7,1.7,0
2015-12-11,1.7,1.7,1.7,1.7,0
2015-12-14,1.7,1.7,1.7,1.7,0
2015-12-15,1.7,1.7,1.7,1.7,0
2015-12-16,1.7,1.7,1.7,1.7,0
2015-12-17,1.7,1.7,1.7,1.7,0
2015-12-18,1.7,1.7,1.7,1.7,0
2015-12-21,1.5,1.5,1.5,1.5,400
2015-12-22,1.5,1.5,1.5,1.5,0
2015-12-23,1.5,1.5,1.5,1.5,0
2015-12-24,1.5,1.5,1.5,1.5,0
2015-12-25,1.5,1.5,1.5,1.5,0
2015-12-28,1.5,1.5,1.5,1.5,0
2015-12-29,1.5,1.5,1.5,1.5,0
2015-12-30,1.5,1.5,1.5,1.5,100
2015-12-31,1.5,1.5,1.5,1.5,0
2016-01-04,1.5,1.5,1.5,1.5,0
2016-01-05,1.5,1.5,1.5,1.5,0
2016-01-06,1.5,1.5,1.5,1.5,0
2016-01-07,1.5,1.5,1.5,1.5,0
2016-01-08,1.3,1.5,1.3,1.5,1800
2016-01-11,1.4,1.4,1.2,1.4,3000
2016-01-12,1.4,1.4,1.4,1.4,400
2016-01-13,1.4,1.4,1.4,1.4,0
2016-01-14,1.4,1.6,1.2,1.6,3200
2016-01-15,1.4,1.4,1.4,1.4,500
2016-01-18,1.2,1.2,1.2,1.2,2400
2016-01-19,1.2,1.3,1.2,1.3,9000
2016-01-20,1.3,1.3,1.3,1.3,3500
2016-01-21,1.4,1.4,1.4,1.4,2000
2016-01-22,1.4,1.4,1.4,1.4,4100
2016-01-25,1.6,1.6,1.6,1.6,1800
2016-01-26,1.6,1.6,1.6,1.6,0
2016-01-27,1.6,1.6,1.6,1.6,0
2016-01-28,1.6,1.6,1.6,1.6,0
2016-01-29,1.6,1.6,1.6,1.6,0
2016-02-01,1.6,1.6,1.6,1.6,0
2016-02-02,1.6,1.6,1.6,1.6,0
2016-02-03,1.6,1.6,1.6,1.6,0
2016-02-04,1.6,1.6,1.6,1.6,0
2016-02-05,1.6,1.6,1.6,1.6,0
2016-02-15,1.6,1.6,1.6,1.6,0
2016-02-16,1.6,1.6,1.6,1.6,0
2016-02-17,1.6,1.6,1.6,1.6,0
2016-02-18,1.6,1.6,1.6,1.6,0
2016-02-19,1.6,1.6,1.6,1.6,0
2016-02-22,1.6,1.6,1.6,1.6,0
2016-02-23,1.6,1.6,1.6,1.6,0
2016-02-24,1.6,1.6,1.6,1.6,0
2016-02-25,1.6,1.6,1.6,1.6,0
2016-02-26,1.6,1.6,1.6,1.6,0
2016-02-29,1.6,1.6,1.6,1.6,0
2016-03-01,1.8,1.8,1.8,1.8,4000
2016-03-02,2.0,2.0,2.0,2.0,1200
2016-03-03,2.0,2.0,2.0,2.0,0
2016-03-04,2.0,2.0,2.0,2.0,0
2016-03-07,2.0,2.0,2.0,2.0,0
2016-03-08,2.0,2.0,2.0,2.0,0
2016-03-09,2.0,2.0,2.0,2.0,0
2016-03-10,2.0,2.0,2.0,2.0,0
2016-03-11,2.0,2.0,2.0,2.0,0
2016-03-14,2.0,2.0,2.0,2.0,0
2016-03-15,2.0,2.0,2.0,2.0,0
2016-03-16,2.0,2.0,2.0,2.0,0
2016-03-17,2.0,2.0,2.0,2.0,0
2016-03-18,2.0,2.0,2.0,2.0,0
2016-03-21,2.0,2.0,2.0,2.0,0
2016-03-22,2.0,2.0,2.0,2.0,0
2016-03-23,2.0,2.0,2.0,2.0,0
2016-03-24,2.0,2.0,2.0,2.0,0
2016-03-25,2.0,2.0,2.0,2.0,0
2016-03-28,1.7,1.7,1.7,1.7,1000
2016-03-29,1.7,1.7,1.7,1.7,0
2016-03-30,1.7,1.7,1.7,1.7,0
2016-03-31,1.7,1.7,1.7,1.7,0
2016-04-01,1.7,1.7,1.7,1.7,0
2016-04-04,1.7,1.7,1.7,1.7,0
2016-04-05,1.7,1.7,1.7,1.7,0
2016-04-06,1.7,1.7,1.7,1.7,0
2016-04-07,1.7,1.7,1.7,1.7,0
2016-04-08,1.7,1.7,1.7,1.7,0
2016-04-11,1.7,1.7,1.7,1.7,0
2016-04-12,1.7,1.7,1.7,1.7,0
2016-04-13,1.7,1.7,1.7,1.7,0
2016-04-14,1.7,1.7,1.7,1.7,0
2016-04-15,1.7,1.7,1.7,1.7,0
2016-04-19,1.7,1.7,1.7,1.7,0
2016-04-20,1.7,1.7,1.7,1.7,0
2016-04-21,1.7,1.7,1.7,1.7,0
2016-04-22,1.7,1.7,1.7,1.7,0
2016-04-25,1.7,1.7,1.7,1.7,0
2016-04-26,1.7,1.7,1.7,1.7,0
2016-04-27,1.7,1.7,1.7,1.7,0
2016-04-28,1.7,1.7,1.7,1.7,0
2016-04-29,1.7,1.7,1.7,1.7,0
2016-05-04,1.7,1.7,1.7,1.7,0
2016-05-05,1.7,1.7,1.7,1.7,0
2016-05-06,1.7,1.7,1.7,1.7,0
2016-05-09,1.7,1.7,1.7,1.7,0
2016-05-10,1.7,1.7,1.7,1.7,0
2016-05-11,1.5,1.5,1.5,1.5,2000
2016-05-12,1.5,1.5,1.5,1.5,0
2016-05-13,1.5,1.5,1.5,1.5,0
2016-05-16,1.5,1.5,1.5,1.5,0
2016-05-17,1.5,1.5,1.5,1.5,0
2016-05-18,1.5,1.5,1.5,1.5,0
2016-05-19,1.5,1.5,1.5,1.5,0
2016-05-20,1.5,1.5,1.5,1.5,0
2016-05-23,1.5,1.5,1.5,1.5,0
2016-05-24,1.5,1.5,1.5,1.5,0
2016-05-25,1.5,1.5,1.5,1.5,0
2016-05-26,1.5,1.5,1.5,1.5,0
2016-05-27,1.5,1.5,1.5,1.5,0
2016-05-30,1.5,1.5,1.5,1.5,0
2016-05-31,1.5,1.5,1.5,1.5,0
2016-06-01,1.5,1.5,1.5,1.5,0
2016-06-02,1.5,1.5,1.5,1.5,0
2016-06-03,1.5,1.5,1.5,1.5,0
2016-06-06,1.5,1.5,1.5,1.5,0
2016-06-07,1.5,1.5,1.5,1.5,0
2016-06-08,1.5,1.5,1.5,1.5,0
2016-06-09,1.5,1.5,1.5,1.5,0
2016-06-10,1.5,1.5,1.5,1.5,0
2016-06-13,1.5,1.5,1.5,1.5,0
2016-06-14,1.5,1.5,1.5,1.5,0
2016-06-15,1.5,1.5,1.5,1.5,0
2016-06-16,1.5,1.5,1.5,1.5,0
2016-06-17,1.5,1.5,1.5,1.5,0
2016-06-20,1.5,1.5,1.5,1.5,2100
2016-06-21,1.5,1.5,1.5,1.5,0
2016-06-22,1.5,1.5,1.5,1.5,0
2016-06-23,1.5,1.5,1.5,1.5,0
2016-06-24,1.5,1.5,1.5,1.5,0
2016-06-27,1.5,1.5,1.5,1.5,0
2016-06-28,1.5,1.5,1.5,1.5,0
2016-06-29,1.5,1.5,1.5,1.5,0
2016-06-30,1.5,1.5,1.5,1.5,0
2016-07-01,1.5,1.5,1.5,1.5,0
2016-07-04,1.5,1.5,1.5,1.5,0
2016-07-05,1.5,1.5,1.5,1.5,0
2016-07-06,1.5,1.5,1.5,1.5,0
2016-07-07,1.5,1.5,1.5,1.5,0
2016-07-08,1.5,1.5,1.5,1.5,0
2016-07-11,1.5,1.5,1.5,1.5,0
2016-07-12,1.5,1.5,1.5,1.5,0
2016-07-13,1.5,1.5,1.5,1.5,0
2016-07-14,1.5,1.5,1.5,1.5,0
2016-07-15,1.5,1.5,1.5,1.5,0
2016-07-18,1.5,1.7,1.5,1.7,1400
2016-07-19,1.3,1.3,1.3,1.3,1700
2016-07-20,1.3,1.3,1.3,1.3,0
2016-07-21,1.4,1.4,1.3,1.4,1500
2016-07-22,1.4,1.4,1.4,1.4,300
2016-07-25,1.4,1.4,1.4,1.4,0
2016-07-26,1.4,1.4,1.4,1.4,0
2016-07-27,1.4,1.4,1.4,1.4,0
2016-07-28,1.4,1.4,1.4,1.4,0
2016-07-29,1.6,1.6,1.4,1.4,1100
2016-08-01,1.7,1.7,1.7,1.7,1500
2016-08-02,1.7,1.9,1.7,1.9,4400
2016-08-03,2.0,2.0,2.0,2.0,1000
2016-08-04,2.0,2.0,2.0,2.0,12200
2016-08-05,2.0,2.0,2.0,2.0,26600
2016-08-08,2.0,2.0,2.0,2.0,0
2016-08-09,2.0,2.0,2.0,2.0,300
2016-08-10,2.0,2.0,2.0,2.0,2000
2016-08-11,2.2,2.2,2.2,2.2,500
2016-08-12,2.2,2.2,2.2,2.2,0
2016-08-15,2.2,2.2,2.2,2.2,0
2016-08-16,2.3,2.3,2.3,2.3,1000
2016-08-17,2.3,2.3,2.3,2.3,0
2016-08-18,2.3,2.3,2.3,2.3,0
2016-08-19,2.3,2.3,2.3,2.3,0
2016-08-22,2.2,2.2,2.2,2.2,500
2016-08-23,2.2,2.2,2.2,2.2,200
2016-08-24,2.4,2.4,2.4,2.4,1500
2016-08-25,2.4,2.4,2.4,2.4,0
2016-08-26,2.4,2.4,2.4,2.4,0
2016-08-29,2.4,2.4,2.4,2.4,0
2016-08-30,2.4,2.4,2.4,2.4,100
2016-08-31,2.4,2.4,2.4,2.4,0
2016-09-01,2.4,2.4,2.4,2.4,0
2016-09-05,2.4,2.4,2.4,2.4,0
2016-09-06,2.3,2.3,2.3,2.3,1600
2016-09-07,2.4,2.4,2.4,2.4,3300
2016-09-08,2.4,2.4,2.4,2.4,0
2016-09-09,2.4,2.4,2.4,2.4,0
2016-09-12,2.4,2.4,2.4,2.4,0
2016-09-13,2.4,2.4,2.4,2.4,2000
2016-09-14,2.4,2.4,2.4,2.4,0
2016-09-15,2.4,2.4,2.4,2.4,0
2016-09-16,2.5,2.5,2.5,2.5,1200
2016-09-19,2.3,2.3,2.3,2.3,300
2016-09-20,2.4,2.4,2.4,2.4,1800
2016-09-21,2.3,2.3,2.3,2.3,500
2016-09-22,2.3,2.3,2.0,2.3,7000
2016-09-23,2.3,2.3,2.3,2.3,0
2016-09-26,2.3,2.3,2.3,2.3,0
2016-09-27,2.4,2.4,2.4,2.4,200
2016-09-28,2.4,2.4,2.4,2.4,0
2016-09-29,2.4,2.4,2.4,2.4,0
2016-09-30,2.4,2.4,2.4,2.4,0
2016-10-03,2.4,2.4,2.4,2.4,0
2016-10-04,2.4,2.4,2.4,2.4,0
2016-10-05,2.4,2.4,2.4,2.4,100
2016-10-06,2.4,2.4,2.4,2.4,0
2016-10-07,2.4,2.4,2.4,2.4,0
2016-10-10,2.4,2.4,2.4,2.4,0
2016-10-11,2.4,2.4,2.4,2.4,2000
2016-10-12,2.4,2.4,2.4,2.4,0
2016-10-13,2.4,2.4,2.4,2.4,0
2016-10-14,2.4,2.4,2.4,2.4,0
2016-10-17,2.4,2.4,2.4,2.4,0
2016-10-18,2.4,2.4,2.4,2.4,0
2016-10-19,2.7,2.7,2.6,2.7,1600
2016-10-20,2.7,2.7,2.7,2.7,0
2016-10-21,2.5,2.5,2.5,2.5,10000
2016-10-24,2.4,2.4,2.4,2.4,100
2016-10-25,2.5,2.5,2.5,2.5,300
2016-10-26,2.6,2.6,2.6,2.6,200
2016-10-27,2.4,2.4,2.4,2.4,10000
2016-10-28,2.6,2.6,2.6,2.6,1700
2016-10-31,2.6,2.6,2.6,2.6,0
2016-11-01,2.6,2.6,2.6,2.6,1400
2016-11-02,2.6,2.6,2.6,2.6,0
2016-11-03,2.6,2.6,2.6,2.6,0
2016-11-04,2.6,2.6,2.6,2.6,0
2016-11-07,2.6,2.6,2.6,2.6,0
2016-11-08,2.6,2.6,2.6,2.6,0
2016-11-09,2.6,2.6,2.6,2.6,0
2016-11-10,2.5,2.5,2.5,2.5,1100
2016-11-11,2.5,2.5,2.5,2.5,0
2016-11-14,2.5,2.5,2.5,2.5,0
2016-11-15,2.5,2.5,2.5,2.5,0
2016-11-16,2.5,2.5,2.5,2.5,0
2016-11-17,2.5,2.5,2.5,2.5,0
2016-11-18,2.5,2.5,2.5,2.5,0
2016-11-21,2.5,2.5,2.5,2.5,0
2016-11-22,2.5,2.5,2.5,2.5,0
2016-11-23,2.5,2.5,2.5,2.5,800
2016-11-24,2.5,2.5,2.5,2.5,800
2016-11-25,2.5,2.5,2.5,2.5,0
2016-11-28,2.5,2.5,2.5,2.5,1600
2016-11-29,2.4,2.4,2.4,2.4,500
2016-11-30,2.4,2.4,2.4,2.4,0
2016-12-01,2.4,2.4,2.4,2.4,0
2016-12-02,2.4,2.4,2.4,2.4,0
2016-12-05,2.4,2.4,2.4,2.4,0
2016-12-06,2.4,2.4,2.4,2.4,0
2016-12-07,2.4,2.4,2.4,2.4,0
2016-12-08,2.4,2.4,2.4,2.4,0
2016-12-09,2.4,2.4,2.4,2.4,0
2016-12-12,2.4,2.4,2.4,2.4,0
2016-12-13,2.4,2.4,2.4,2.4,0
2016-12-14,2.4,2.4,2.4,2.4,0
2016-12-15,2.4,2.4,2.4,2.4,500
2016-12-16,2.4,2.4,2.4,2.4,0
2016-12-19,2.4,2.4,2.4,2.4,0
2016-12-20,2.4,2.4,2.4,2.4,0
2016-12-21,2.4,2.4,2.4,2.4,0
2016-12-22,2.4,2.4,2.4,2.4,0
2016-12-23,2.4,2.4,2.4,2.4,0
2016-12-26,2.4,2.4,2.4,2.4,0
2016-12-27,2.4,2.4,2.4,2.4,0
2016-12-28,2.4,2.4,2.4,2.4,0
2016-12-29,2.4,2.4,2.4,2.4,0
2016-12-30,2.4,2.4,2.4,2.4,0
2017-01-03,2.4,2.4,2.4,2.4,0
2017-01-04,2.4,2.4,2.4,2.4,0
2017-01-05,2.4,2.4,2.4,2.4,0
2017-01-06,2.4,2.4,2.4,2.4,0
2017-01-09,2.4,2.4,2.4,2.4,0
2017-01-10,2.7,2.7,2.7,2.7,684500
2017-01-11,3.1,3.1,3.1,3.1,4100
2017-01-12,3.5,3.5,2.7,3.5,14700
2017-01-13,2.6,3.4,2.6,3.4,6100
2017-01-16,3.1,3.1,3.1,3.1,2000
2017-01-17,3.5,3.5,2.7,3.5,18000
2017-01-18,3.5,3.5,3.5,3.5,0
2017-01-19,3.2,3.2,3.2,3.2,100
2017-01-20,3.2,3.2,3.2,3.2,100
2017-01-23,3.2,3.2,3.2,3.2,0
2017-01-24,3.6,3.6,3.6,3.6,100
2017-01-25,4.1,4.1,4.1,4.1,2600
2017-02-02,4.7,4.7,4.7,4.7,3000
2017-02-03,5.4,5.4,5.4,5.4,1800
2017-02-06,6.2,6.2,6.2,6.2,4130
2017-02-07,7.1,7.1,5.3,7.1,14900
2017-02-08,7.5,7.8,7.5,7.7,700
2017-02-09,7.7,7.7,7.7,7.7,0
2017-02-10,6.6,8.8,6.6,8.8,11400
2017-02-13,8.9,8.9,8.9,8.9,28800
2017-02-14,10.2,10.2,10.1,10.2,137600
2017-02-15,11.7,11.7,11.7,11.7,37020
2017-02-16,13.4,13.4,10.0,10.1,105600
2017-02-17,12.8,12.8,9.9,9.9,2900
2017-02-20,11.0,11.0,8.7,8.7,7400
2017-02-21,8.0,10.3,7.7,7.7,31900
2017-02-22,8.0,10.6,8.0,10.6,25468
2017-02-23,8.0,10.6,8.0,10.6,29300
2017-02-24,10.1,10.1,7.8,7.8,11000
2017-02-27,8.0,10.3,8.0,10.3,84100
2017-02-28,9.5,9.5,9.5,9.5,1500
2017-03-01,10.9,10.9,8.5,10.9,44700
2017-03-02,10.3,10.3,8.3,8.3,47100
2017-03-03,7.9,10.3,7.9,10.3,16320
2017-03-06,10.3,10.3,10.3,10.3,0
2017-03-07,7.7,9.0,7.7,7.8,15400
2017-03-08,8.3,8.3,7.8,7.8,2200
2017-03-09,8.0,9.3,8.0,8.1,10300
2017-03-10,9.6,9.6,7.2,9.6,20113
2017-03-13,8.7,8.7,7.7,7.7,6800
2017-03-14,8.8,8.8,7.9,7.9,6050
2017-03-15,9.3,9.3,7.1,7.1,11500
2017-03-16,8.9,8.9,8.9,8.9,3400
2017-03-17,10.2,10.2,10.2,10.2,14100
2017-03-20,11.7,11.7,11.7,11.7,4400
2017-03-21,13.4,13.4,10.0,13.4,77950
2017-03-22,12.8,12.8,9.6,9.6,14900
2017-03-23,12.5,12.5,9.5,12.5,15200
2017-03-24,12.0,12.0,9.7,9.7,13400
2017-03-27,11.6,11.6,9.4,11.6,35400
2017-03-28,11.9,11.9,9.9,11.9,23700
2017-03-29,11.7,11.7,9.1,11.7,22800
2017-03-30,9.6,10.8,9.1,9.3,5700
2017-03-31,9.3,9.3,9.3,9.3,0
2017-04-03,10.6,10.6,8.0,10.6,19300
2017-04-04,8.3,9.5,8.3,9.5,2800
2017-04-05,8.5,9.8,7.4,9.8,25525
2017-04-07,7.6,7.6,7.6,7.6,0
2017-04-10,7.6,7.6,7.6,7.6,0
2017-04-11,7.1,8.7,7.1,7.3,16300
2017-04-12,8.6,8.6,7.8,7.8,10400
2017-04-13,9.2,9.2,9.2,9.2,2100
2017-04-14,8.1,10.5,8.1,10.5,33900
2017-04-17,8.4,8.4,8.4,8.4,0
2017-04-18,8.4,8.4,8.4,8.4,0
2017-04-19,9.6,9.6,8.5,8.5,11000
2017-04-20,9.8,9.8,8.7,8.7,41900
2017-04-21,10.3,10.3,9.1,9.1,18100
2017-04-24,10.6,10.6,9.4,9.4,20818
2017-04-25,10.8,10.8,9.5,9.5,29000
2017-04-26,11.1,11.1,8.5,11.1,18100
2017-04-27,10.4,10.4,9.2,9.2,6700
2017-04-28,10.5,10.5,8.6,8.6,5500
2017-05-03,8.9,8.9,8.9,8.9,0
2017-05-04,10.2,10.2,8.6,8.8,27000
2017-05-05,10.3,10.3,8.8,8.8,8000
2017-05-08,8.8,10.8,8.8,8.9,19500
2017-05-09,10.6,10.6,8.3,10.6,16000
2017-05-10,10.5,10.5,9.0,9.0,4100
2017-05-11,9.0,9.0,9.0,9.0,0
2017-05-12,9.0,9.0,9.0,9.0,0
2017-05-15,10.3,10.3,9.6,9.6,5300
2017-05-16,11.0,11.0,8.2,8.2,12100
2017-05-17,8.7,8.7,8.7,8.7,0
2017-05-18,10.0,10.0,10.0,10.0,130
2017-05-19,11.5,11.5,9.6,9.6,37300
2017-05-22,11.5,11.5,9.7,11.5,21900
2017-05-23,11.3,11.3,9.7,9.7,10200
2017-05-24,9.7,9.7,9.7,9.7,100
2017-05-25,11.1,11.1,11.1,11.1,100
2017-05-26,12.7,12.7,9.9,10.1,31600
2017-05-29,11.9,11.9,9.6,9.6,27100
2017-05-30,11.5,11.5,11.5,11.5,1000
2017-05-31,13.1,13.2,9.9,11.0,53300
2017-06-01,13.3,13.3,10.1,10.1,32300
2017-06-02,9.2,11.8,9.2,11.8,18200
2017-06-05,9.2,9.2,9.2,9.2,0
2017-06-06,10.5,10.5,9.7,9.7,400
2017-06-07,11.3,11.3,10.1,10.1,1400
2017-06-08,12.3,12.3,12.3,12.3,1300
2017-06-09,14.1,14.1,10.5,10.5,6500
2017-06-12,14.9,14.9,11.3,11.3,10000
2017-06-13,15.0,15.0,11.9,11.9,1600
2017-06-14,15.0,15.0,11.4,11.4,11500
2017-06-15,15.4,15.4,12.5,12.5,15100
2017-06-16,10.8,14.3,10.8,14.3,15300
2017-06-19,12.5,12.5,10.6,10.6,15300
2017-06-20,12.1,12.1,10.9,10.9,10300
2017-06-21,12.5,12.5,10.1,12.5,18300
2017-06-22,12.0,12.0,12.0,12.0,1200
2017-06-23,13.8,13.8,10.2,13.8,36900
2017-06-26,10.2,12.6,10.2,12.6,15100
2017-06-27,10.2,10.2,10.2,10.2,0
2017-06-28,11.7,11.7,10.5,10.5,5100
2017-06-29,10.5,10.5,10.5,10.5,0
2017-06-30,9.2,9.2,9.2,9.2,10000
2017-07-03,10.5,10.5,10.5,10.5,100
2017-07-04,10.5,10.5,10.5,10.5,0
2017-07-05,12.0,12.0,12.0,12.0,100
2017-07-06,13.1,13.1,13.1,13.1,100
2017-07-07,14.7,14.7,14.7,14.7,100
2017-07-10,12.5,12.5,12.5,12.5,3300
2017-07-11,10.8,10.8,10.8,10.8,400
2017-07-12,9.5,9.5,9.5,9.5,1000
2017-07-13,9.5,9.5,9.5,9.5,0
2017-07-14,9.5,9.5,9.5,9.5,0
2017-07-17,9.5,9.5,9.5,9.5,0
2017-07-18,8.3,8.3,8.3,8.3,500
2017-07-19,8.3,8.3,8.3,8.3,0
2017-07-20,7.6,7.6,7.6,7.6,500
2017-07-21,8.7,8.7,8.7,8.7,200
2017-07-24,7.9,7.9,7.9,7.9,300
2017-07-25,7.9,7.9,7.9,7.9,0
2017-07-26,7.1,7.1,7.1,7.1,5000
2017-07-27,8.0,8.1,6.1,6.3,25900
2017-07-28,6.1,6.5,6.1,6.5,5500
2017-07-31,5.9,5.9,5.2,5.2,5000
2017-08-01,5.9,5.9,5.9,5.9,100
2017-08-02,6.7,6.7,5.4,5.4,10800
2017-08-03,6.3,6.3,6.3,6.3,100
2017-08-04,6.3,6.3,6.3,6.3,0
2017-08-07,6.3,6.3,6.3,6.3,0
2017-08-08,6.3,6.3,6.3,6.3,0
2017-08-09,7.2,7.2,7.2,7.2,500
2017-08-10,8.2,8.2,8.2,8.2,100
2017-08-11,9.4,9.4,7.6,9.4,25800
2017-08-14,9.2,9.2,9.2,9.2,1000
2017-08-15,9.5,10.5,9.2,10.5,27100
2017-08-16,10.9,10.9,10.9,10.9,100
2017-08-17,12.5,12.5,12.5,12.5,6400
2017-08-18,14.3,14.3,10.7,14.3,18400
2017-08-21,10.5,14.1,10.5,14.1,25400
2017-08-22,11.3,11.3,11.3,11.3,0
2017-08-23,12.9,12.9,12.9,12.9,700
2017-08-24,14.8,14.8,11.6,14.8,30800
2017-08-25,12.1,14.6,12.1,14.6,15900
2017-08-28,11.6,11.6,11.6,11.6,15000
2017-08-29,13.3,13.3,12.1,13.3,15500
2017-08-30,13.9,13.9,12.1,12.1,13800
2017-08-31,14.1,14.1,12.1,12.1,14000
2017-09-01,14.0,14.0,10.5,10.5,14200
2017-09-05,10.6,10.6,10.6,10.6,10000
2017-09-06,9.4,9.4,9.4,9.4,11000
2017-09-07,8.5,8.5,8.5,8.5,12000
2017-09-08,8.5,8.5,8.5,8.5,0
2017-09-11,8.5,8.5,8.5,8.5,0
2017-09-12,8.5,8.5,8.5,8.5,0
2017-09-13,8.5,8.5,8.5,8.5,0
2017-09-14,9.7,9.7,9.7,9.7,1000
2017-09-15,9.7,9.7,9.7,9.7,0
2017-09-18,11.1,11.1,11.1,11.1,300
2017-09-19,12.7,12.7,12.7,12.7,600
2017-09-20,14.6,14.6,11.0,14.6,9000
2017-09-21,14.0,14.0,11.1,14.0,6957
2017-09-22,14.0,14.0,11.2,11.2,5600
2017-09-25,13.8,13.8,11.2,11.2,1500
2017-09-26,13.9,13.9,11.5,11.5,9800
2017-09-27,14.0,14.0,12.3,12.3,12700
2017-09-28,14.6,14.6,10.8,14.6,25600
2017-09-29,10.7,10.7,10.7,10.7,10000
2017-10-02,10.7,10.7,10.7,10.7,0
2017-10-03,10.7,10.7,10.7,10.7,0
2017-10-04,11.0,11.5,11.0,11.5,400
2017-10-05,9.7,9.7,9.7,9.7,10000
2017-10-06,8.6,8.6,8.6,8.6,10000
2017-10-09,9.8,9.8,9.8,9.8,300
2017-10-10,11.2,11.2,11.2,11.2,200
2017-10-11,11.2,11.2,11.2,11.2,0
2017-10-12,12.8,12.8,12.8,12.8,300
2017-10-13,10.9,12.5,10.9,12.5,10200
2017-10-16,12.5,12.5,9.3,9.3,11400
2017-10-17,11.1,11.1,11.1,11.1,1300
2017-10-18,9.5,10.5,9.5,10.5,10300
2017-10-19,8.1,10.9,8.1,10.9,9300
2017-10-20,9.4,9.4,9.4,9.4,200
2017-10-23,10.8,10.8,10.8,10.8,200
2017-10-24,11.2,11.8,11.2,11.8,11000
2017-10-25,11.8,11.8,11.8,11.8,700
2017-10-26,10.1,10.1,10.1,10.1,10000
2017-10-27,10.1,10.1,10.1,10.1,0
2017-10-30,10.1,10.1,10.1,10.1,0
2017-10-31,10.1,10.1,10.1,10.1,0
2017-11-01,10.8,10.8,10.8,10.8,2400
2017-11-02,10.8,10.8,10.8,10.8,0
2017-11-03,10.8,10.8,10.8,10.8,0
2017-11-06,10.5,10.5,10.5,10.5,300
2017-11-07,10.3,10.5,9.0,10.5,11500
2017-11-08,10.2,10.2,10.2,10.2,100
2017-11-09,11.7,11.7,10.3,10.3,2200
2017-11-10,10.5,10.5,10.5,10.5,3000
2017-11-13,10.5,10.5,10.5,10.5,0
2017-11-14,10.3,10.3,10.3,10.3,300
2017-11-15,10.3,10.3,10.3,10.3,0
2017-11-16,10.3,10.4,10.3,10.4,490
2017-11-17,10.2,10.2,8.9,8.9,3300
2017-11-20,10.0,10.3,8.2,10.3,3600
2017-11-21,9.7,9.7,9.7,9.7,100
2017-11-22,11.1,11.1,11.1,11.1,4633
2017-11-23,10.0,10.0,10.0,10.0,100
2017-11-24,10.0,10.0,10.0,10.0,0
2017-11-27,10.0,10.0,10.0,10.0,0
2017-11-28,10.0,10.0,10.0,10.0,0
2017-11-29,10.0,10.0,8.5,8.5,7300
2017-11-30,9.8,9.8,9.8,9.8,200
2017-12-01,9.8,9.8,9.8,9.8,0
2017-12-04,9.8,9.8,9.8,9.8,500
2017-12-05,9.8,9.8,9.8,9.8,0
2017-12-06,9.8,9.8,8.4,8.4,5200
2017-12-07,7.6,9.8,7.6,9.5,5400
2017-12-08,8.8,8.8,6.8,6.8,10100
2017-12-11,7.0,7.0,7.0,7.0,0
2017-12-12,7.0,7.0,7.0,7.0,0
2017-12-13,7.0,7.0,7.0,7.0,0
2017-12-14,7.0,7.0,7.0,7.0,0
2017-12-15,7.0,7.0,7.0,7.0,0
2017-12-18,7.0,7.0,7.0,7.0,0
2017-12-19,7.0,7.0,7.0,7.0,0
2017-12-20,7.0,7.0,7.0,7.0,0
2017-12-21,7.0,7.0,7.0,7.0,0
2017-12-22,7.0,7.0,7.0,7.0,0
2017-12-25,7.0,7.0,7.0,7.0,0
2017-12-26,7.0,7.0,7.0,7.0,0
2017-12-27,7.0,7.0,7.0,7.0,0
2017-12-28,7.0,7.0,7.0,7.0,0
2017-12-29,7.0,7.0,7.0,7.0,0
2018-01-02,8.0,8.0,6.1,8.0,800
2018-01-03,7.5,7.5,7.5,7.5,0
2018-01-04,7.5,7.5,7.5,7.5,0
2018-01-05,8.6,8.6,8.6,8.6,100
2018-01-08,9.5,9.5,9.5,9.5,100
2018-01-09,9.7,9.7,9.7,9.7,100
2018-01-10,9.8,10.0,9.8,10.0,400
2018-01-11,9.9,9.9,9.9,9.9,500
2018-01-12,9.9,9.9,9.9,9.9,0
2018-01-15,10.0,10.0,10.0,10.0,200
2018-01-16,10.0,10.0,10.0,10.0,100
2018-01-17,10.0,10.0,10.0,10.0,0
2018-01-18,8.5,8.5,8.5,8.5,100
2018-01-19,8.5,8.5,8.5,8.5,0
2018-01-22,8.5,8.5,8.5,8.5,900
2018-01-23,8.5,8.5,7.5,7.5,400
2018-01-24,7.8,7.8,7.8,7.8,100
2018-01-25,8.9,8.9,8.9,8.9,100
2018-01-26,8.1,8.1,8.0,8.0,500
2018-01-29,8.0,8.0,8.0,8.0,0
2018-01-30,9.2,9.2,9.2,9.2,400
2018-01-31,9.2,9.2,9.2,9.2,0
2018-02-01,9.9,9.9,9.9,9.9,100
2018-02-02,9.9,9.9,9.9,9.9,0
2018-02-05,10.0,10.0,10.0,10.0,100
2018-02-06,10.0,10.0,10.0,10.0,0
2018-02-07,10.0,10.0,10.0,10.0,0
2018-02-08,10.0,10.0,10.0,10.0,0
2018-02-09,10.0,10.0,10.0,10.0,0
2018-02-12,10.0,10.0,10.0,10.0,0
2018-02-13,10.0,10.0,10.0,10.0,0
2018-02-21,10.0,10.0,10.0,10.0,300
2018-02-22,10.0,10.0,10.0,10.0,0
2018-02-23,10.0,10.0,10.0,10.0,0
2018-02-26,10.0,10.0,10.0,10.0,0
2018-02-27,8.5,8.6,8.5,8.6,200
2018-02-28,8.6,8.6,8.6,8.6,0
2018-03-01,7.7,7.7,7.7,7.7,200
2018-03-02,7.7,7.7,7.7,7.7,0
2018-03-05,7.7,7.7,7.7,7.7,0
2018-03-06,7.7,7.7,7.7,7.7,0
2018-03-07,7.7,7.7,7.7,7.7,0
2018-03-08,7.7,7.7,7.7,7.7,0
2018-03-09,7.1,7.7,7.0,7.7,500
2018-03-12,7.2,7.2,7.2,7.2,0
2018-03-13,7.2,7.2,7.2,7.2,0
2018-03-14,7.2,7.2,7.2,7.2,0
2018-03-15,7.2,7.2,7.2,7.2,900
2018-03-16,7.2,7.2,7.2,7.2,0
2018-03-19,7.2,7.2,7.2,7.2,500
2018-03-20,8.2,8.2,8.2,8.2,100
2018-03-21,9.0,9.4,9.0,9.4,1000
2018-03-22,9.2,9.2,9.2,9.2,0
2018-03-23,7.9,7.9,7.9,7.9,200
2018-03-26,9.0,9.0,9.0,9.0,100
2018-03-27,9.0,9.5,9.0,9.5,800
2018-03-28,9.3,9.3,9.3,9.3,100
2018-03-29,9.3,9.3,9.3,9.3,0
2018-03-30,9.3,9.3,9.3,9.3,0
2018-04-02,9.0,9.3,9.0,9.3,900
2018-04-03,9.3,9.3,9.3,9.3,100
2018-04-04,9.0,9.0,9.0,9.0,400
2018-04-05,9.5,10.0,9.5,10.0,1800
2018-04-06,9.9,9.9,9.9,9.9,0
2018-04-09,9.9,9.9,9.9,9.9,0
2018-04-10,9.9,9.9,9.9,9.9,0
2018-04-11,9.9,9.9,9.9,9.9,0
2018-04-12,9.9,9.9,9.9,9.9,700
2018-04-13,9.9,9.9,9.9,9.9,0
2018-04-16,9.0,9.0,9.0,9.0,1200
2018-04-17,9.3,10.0,9.0,10.0,1300
2018-04-18,9.3,9.3,9.3,9.3,0
2018-04-19,9.3,9.3,9.3,9.3,0
2018-04-20,9.3,9.3,9.3,9.3,0
2018-04-23,9.3,9.3,9.3,9.3,0
2018-04-24,9.3,9.3,9.3,9.3,600
2018-04-26,9.0,9.0,9.0,9.0,500
2018-04-27,9.0,9.0,9.0,9.0,10000
2018-05-02,9.0,9.0,9.0,9.0,0
2018-05-03,8.1,8.1,8.0,8.0,3000
2018-05-04,8.0,8.0,8.0,8.0,0
2018-05-07,8.0,8.0,8.0,8.0,2000
2018-05-08,8.0,8.0,8.0,8.0,0
2018-05-09,8.0,8.0,8.0,8.0,0
2018-05-10,8.0,8.0,8.0,8.0,0
2018-05-11,8.0,8.0,8.0,8.0,0
2018-05-14,8.0,8.0,8.0,8.0,0
2018-05-15,8.0,8.0,8.0,8.0,0
2018-05-16,8.0,8.0,8.0,8.0,0
2018-05-17,8.0,8.0,8.0,8.0,0
2018-05-18,8.0,8.0,8.0,8.0,0
2018-05-21,8.0,8.0,8.0,8.0,0
2018-05-22,8.0,8.0,8.0,8.0,0
2018-05-23,8.0,8.0,8.0,8.0,200
2018-05-24,8.0,8.0,8.0,8.0,800
2018-05-25,8.0,8.0,8.0,8.0,0
2018-05-28,8.0,8.0,8.0,8.0,0
2018-05-29,8.0,8.0,8.0,8.0,0
2018-05-30,8.0,8.0,8.0,8.0,0
2018-05-31,8.0,8.0,8.0,8.0,0
2018-06-01,8.0,8.0,8.0,8.0,0
2018-06-04,8.0,8.0,8.0,8.0,0
2018-06-05,8.0,8.0,8.0,8.0,0
2018-06-06,8.0,8.0,8.0,8.0,0
2018-06-07,8.0,8.0,8.0,8.0,700
2018-06-08,8.0,8.0,8.0,8.0,1000
2018-06-11,9.2,9.2,9.2,9.2,100
2018-06-12,9.2,9.2,9.2,9.2,0
2018-06-13,9.2,9.2,9.2,9.2,0
2018-06-14,9.2,9.2,9.2,9.2,0
2018-06-15,9.2,9.2,9.2,9.2,0
2018-06-18,9.2,9.2,9.2,9.2,0
2018-06-19,9.2,9.2,9.2,9.2,0
2018-06-20,9.2,9.2,9.2,9.2,0
2018-06-21,9.2,9.2,9.2,9.2,0
2018-06-22,9.2,9.2,9.2,9.2,0
2018-06-25,9.2,9.2,9.2,9.2,0
2018-06-26,9.2,9.2,9.2,9.2,0
2018-06-27,9.2,9.2,9.2,9.2,0
2018-06-28,9.2,9.2,9.2,9.2,0
2018-06-29,9.2,9.2,9.2,9.2,0
2018-07-02,9.2,9.2,9.2,9.2,0
2018-07-03,9.2,9.2,9.2,9.2,0
2018-07-04,9.2,9.2,9.2,9.2,0
2018-07-05,9.2,9.2,9.2,9.2,0
2018-07-06,9.2,9.2,9.2,9.2,0
2018-07-09,9.2,9.2,9.2,9.2,0
2018-07-10,9.2,9.2,9.2,9.2,0
2018-07-11,9.2,9.2,9.2,9.2,0
2018-07-12,9.2,9.2,9.2,9.2,0
2018-07-13,9.2,9.2,9.2,9.2,0
2018-07-16,9.2,9.2,9.2,9.2,0
2018-07-17,9.2,9.2,9.2,9.2,0
2018-07-18,9.2,9.2,9.2,9.2,0
2018-07-19,9.2,9.2,9.2,9.2,0
2018-07-20,9.2,9.2,9.2,9.2,0
2018-07-23,9.2,9.2,9.2,9.2,0
2018-07-24,9.2,9.2,9.2,9.2,0
2018-07-25,9.2,9.2,9.2,9.2,0
2018-07-26,9.2,9.2,9.2,9.2,0
2018-07-27,9.2,9.2,9.2,9.2,0
2018-07-30,10.0,10.0,8.0,8.0,300
2018-07-31,8.7,8.7,8.7,8.7,0
2018-08-01,8.7,8.7,8.7,8.7,0
2018-08-02,8.7,8.7,8.7,8.7,0
2018-08-03,8.7,8.7,8.7,8.7,0
2018-08-06,8.7,8.7,8.7,8.7,0
2018-08-07,8.7,8.7,8.7,8.7,0
2018-08-08,8.7,8.7,8.7,8.7,0
2018-08-09,8.1,8.1,8.1,8.1,2700
2018-08-10,8.1,8.1,8.1,8.1,0
2018-08-13,8.1,8.1,8.1,8.1,0
2018-08-14,8.1,8.1,8.1,8.1,0
2018-08-15,8.1,8.1,8.1,8.1,0
2018-08-16,8.1,8.1,8.1,8.1,0
2018-08-17,8.1,8.1,8.1,8.1,0
2018-08-20,8.1,8.1,8.1,8.1,0
2018-08-21,8.1,8.1,8.1,8.1,0
2018-08-22,8.1,8.1,8.1,8.1,0
2018-08-23,8.1,8.1,8.1,8.1,0
2018-08-24,8.1,8.1,8.1,8.1,0
2018-08-27,8.1,8.1,8.1,8.1,0
2018-08-28,8.1,8.1,8.1,8.1,0
2018-08-29,8.1,8.1,8.1,8.1,0
2018-08-30,8.1,8.1,8.1,8.1,0
2018-08-31,8.1,8.1,8.1,8.1,0
2018-09-04,8.1,8.1,8.1,8.1,0
2018-09-05,8.1,8.1,8.1,8.1,0
2018-09-06,8.1,8.1,8.1,8.1,0
2018-09-07,8.1,8.1,8.1,8.1,0
2018-09-10,8.1,8.1,8.1,8.1,0
2018-09-11,8.1,8.1,8.1,8.1,0
2018-09-12,8.1,8.1,8.1,8.1,0
2018-09-13,8.1,8.1,8.1,8.1,0
2018-09-14,8.1,8.1,8.1,8.1,0
2018-09-17,8.1,8.1,8.1,8.1,0
2018-09-18,8.1,8.1,8.1,8.1,0
2018-09-19,8.1,8.1,8.1,8.1,0
2018-09-20,8.1,8.1,8.1,8.1,0
2018-09-21,8.1,8.1,8.1,8.1,0
2018-09-24,8.1,8.1,8.1,8.1,1400
2018-09-25,8.1,8.1,8.1,8.1,20
2018-09-26,8.1,8.1,8.1,8.1,0
2018-09-27,8.1,8.1,8.1,8.1,0
2018-09-28,8.1,8.1,8.1,8.1,0
2018-10-01,8.1,8.1,8.1,8.1,0
2018-10-02,8.1,8.1,8.1,8.1,0
2018-10-03,8.1,8.1,8.1,8.1,0
2018-10-04,8.1,8.1,8.1,8.1,0
2018-10-05,8.1,8.1,8.1,8.1,0
2018-10-08,8.5,8.5,8.5,8.5,500
2018-10-09,8.5,8.5,8.5,8.5,0
2018-10-10,8.5,8.5,8.5,8.5,0
2018-10-11,8.5,8.5,8.5,8.5,0
2018-10-12,8.5,8.5,8.5,8.5,0
2018-10-15,8.5,8.5,8.5,8.5,0
2018-10-16,8.5,8.5,8.5,8.5,0
2018-10-17,8.5,8.5,8.5,8.5,0
2018-10-18,8.5,8.5,8.5,8.5,0
2018-10-19,8.5,8.5,8.5,8.5,0
2018-10-22,8.5,8.5,8.5,8.5,0
2018-10-23,8.5,8.5,8.5,8.5,0
2018-10-24,8.5,8.5,8.5,8.5,0
2018-10-25,8.5,8.5,8.5,8.5,0
2018-10-26,8.5,8.5,8.5,8.5,0
2018-10-29,8.5,8.5,8.5,8.5,0
2018-10-30,8.0,8.0,8.0,8.0,1400
2018-10-31,8.0,8.0,8.0,8.0,0
2018-11-01,8.0,8.0,8.0,8.0,0
2018-11-02,8.0,8.0,8.0,8.0,0
2018-11-05,8.0,8.0,8.0,8.0,0
2018-11-06,8.0,8.0,8.0,8.0,2000
2018-11-07,8.0,8.0,8.0,8.0,0
2018-11-08,8.0,8.0,8.0,8.0,0
2018-11-09,8.0,8.0,8.0,8.0,0
2018-11-12,8.0,8.0,8.0,8.0,0
2018-11-13,8.0,8.0,8.0,8.0,0
2018-11-14,8.0,8.0,8.0,8.0,0
2018-11-15,8.0,8.0,8.0,8.0,0
2018-11-16,8.0,8.0,8.0,8.0,0
2018-11-19,8.0,8.0,8.0,8.0,0
2018-11-20,8.0,8.0,8.0,8.0,0
2018-11-21,8.0,8.0,8.0,8.0,0
2018-11-22,8.0,8.0,8.0,8.0,0
2018-11-23,8.0,8.0,8.0,8.0,0
2018-11-26,8.0,8.0,8.0,8.0,0
2018-11-27,8.0,8.0,8.0,8.0,0
2018-11-28,8.0,8.0,8.0,8.0,0
2018-11-29,8.0,8.0,8.0,8.0,0
2018-11-30,8.0,8.0,8.0,8.0,0
2018-12-03,8.0,8.0,8.0,8.0,0
2018-12-04,8.0,8.0,8.0,8.0,0
2018-12-05,8.0,8.0,8.0,8.0,0
2018-12-06,8.0,8.0,8.0,8.0,0
2018-12-07,8.0,8.0,8.0,8.0,0
2018-12-10,8.0,8.0,8.0,8.0,0
2018-12-11,8.0,8.0,8.0,8.0,0
2018-12-12,8.0,8.0,8.0,8.0,500
2018-12-13,8.0,8.0,8.0,8.0,0
2018-12-14,8.0,8.0,8.0,8.0,0
2018-12-17,8.0,8.0,8.0,8.0,0
2018-12-18,8.0,8.0,8.0,8.0,0
2018-12-19,8.0,8.0,8.0,8.0,0
2018-12-20,8.0,8.0,8.0,8.0,0
2018-12-21,8.0,8.0,8.0,8.0,0
2018-12-24,8.0,8.0,8.0,8.0,0
2018-12-25,8.0,8.0,8.0,8.0,0
2018-12-26,8.0,8.0,8.0,8.0,0
2018-12-27,8.0,8.0,8.0,8.0,0
2018-12-28,8.0,8.0,8.0,8.0,0
2019-01-02,8.0,8.0,8.0,8.0,0
2019-01-03,8.0,8.0,8.0,8.0,0
2019-01-04,8.0,8.0,8.0,8.0,0
2019-01-07,8.0,8.0,8.0,8.0,0
2019-01-08,8.0,8.0,8.0,8.0,0
2019-01-09,8.0,8.0,8.0,8.0,0
2019-01-10,8.0,8.0,8.0,8.0,0
2019-01-11,8.0,8.0,8.0,8.0,0
2019-01-14,8.0,8.0,8.0,8.0,0
2019-01-15,8.0,8.0,8.0,8.0,0
2019-01-16,8.0,8.0,8.0,8.0,0
2019-01-17,8.0,8.0,8.0,8.0,0
2019-01-18,8.0,8.0,8.0,8.0,0
2019-01-21,8.0,8.0,8.0,8.0,0
2019-01-22,8.0,8.0,8.0,8.0,0
2019-01-23,8.0,8.0,8.0,8.0,900
2019-01-24,8.0,8.0,8.0,8.0,0
2019-01-25,8.0,8.0,8.0,8.0,0
2019-01-28,8.0,8.0,8.0,8.0,0
2019-01-29,8.0,8.0,8.0,8.0,0
2019-01-30,8.0,8.0,8.0,8.0,0
2019-01-31,8.0,8.0,8.0,8.0,0
2019-02-01,8.0,8.0,8.0,8.0,0
2019-02-11,8.0,8.0,8.0,8.0,0
2019-02-12,8.0,8.0,8.0,8.0,0
2019-02-13,8.0,8.0,8.0,8.0,0
2019-02-14,8.0,8.0,8.0,8.0,0
2019-02-15,8.0,8.0,8.0,8.0,0
2019-02-18,8.0,8.0,8.0,8.0,0
2019-02-19,8.0,8.0,8.0,8.0,0
2019-02-20,8.0,8.0,8.0,8.0,0
2019-02-21,8.0,8.0,8.0,8.0,0
2019-02-22,8.0,8.0,8.0,8.0,0
2019-02-25,8.0,8.0,8.0,8.0,0
2019-02-26,8.0,8.0,8.0,8.0,0
2019-02-27,8.0,8.0,8.0,8.0,0
2019-02-28,8.0,8.0,8.0,8.0,0
2019-03-01,8.0,8.0,8.0,8.0,0
2019-03-04,8.0,8.0,8.0,8.0,0
2019-03-05,8.0,8.0,8.0,8.0,0
2019-03-06,8.0,8.0,8.0,8.0,0
2019-03-07,8.0,8.0,8.0,8.0,0
2019-03-08,8.0,8.0,8.0,8.0,0
2019-03-11,8.0,8.0,8.0,8.0,0
2019-03-12,8.0,8.0,8.0,8.0,0
2019-03-13,8.0,8.0,8.0,8.0,0
2019-03-14,8.0,8.0,8.0,8.0,0
2019-03-15,8.0,8.0,8.0,8.0,0
2019-03-18,8.0,8.0,8.0,8.0,0
2019-03-19,8.0,8.0,8.0,8.0,0
2019-03-20,8.0,8.0,8.0,8.0,0
2019-03-21,8.0,8.0,8.0,8.0,0
2019-03-22,8.0,8.0,8.0,8.0,0
2019-03-25,8.0,8.0,8.0,8.0,0
2019-03-26,8.0,8.0,8.0,8.0,0
2019-03-27,8.0,8.0,8.0,8.0,0
2019-03-28,8.0,8.0,8.0,8.0,0
2019-03-29,8.0,8.0,8.0,8.0,0
2019-04-01,8.0,8.0,8.0,8.0,0
2019-04-02,8.0,8.0,8.0,8.0,0
2019-04-03,8.0,8.0,8.0,8.0,0
2019-04-04,8.0,8.0,8.0,8.0,0
2019-04-05,8.0,8.0,8.0,8.0,0
2019-04-08,8.0,8.0,8.0,8.0,0
2019-04-09,8.0,8.0,8.0,8.0,0
2019-04-10,8.0,8.0,8.0,8.0,0
2019-04-11,8.0,8.0,8.0,8.0,0
2019-04-12,8.0,8.0,8.0,8.0,0
2019-04-16,8.0,8.0,8.0,8.0,0
2019-04-17,8.0,8.0,8.0,8.0,0
2019-04-18,8.0,8.0,8.0,8.0,0
2019-04-19,8.0,8.0,8.0,8.0,0
2019-04-22,8.0,8.0,8.0,8.0,0
2019-04-23,8.0,8.0,8.0,8.0,0
2019-04-24,8.0,8.0,8.0,8.0,0
2019-04-25,8.0,8.0,8.0,8.0,0
2019-04-26,8.0,8.0,8.0,8.0,0
2019-05-02,8.0,8.0,8.0,8.0,0
2019-05-03,8.0,8.0,8.0,8.0,0
2019-05-06,8.0,8.0,8.0,8.0,0
2019-05-07,8.0,8.0,8.0,8.0,0
2019-05-08,8.0,8.0,8.0,8.0,0
2019-05-09,8.0,8.0,8.0,8.0,0
2019-05-10,8.0,8.0,8.0,8.0,0
2019-05-13,8.0,8.0,8.0,8.0,0
2019-05-14,8.0,8.0,8.0,8.0,0
2019-05-15,8.0,8.0,8.0,8.0,0
2019-05-16,8.0,8.0,8.0,8.0,0
2019-05-17,8.0,8.0,8.0,8.0,0
2019-05-20,8.0,8.0,8.0,8.0,0
2019-05-21,8.0,8.0,8.0,8.0,0
2019-05-22,8.0,8.0,8.0,8.0,0
2019-05-23,8.0,8.0,8.0,8.0,0
2019-05-24,8.0,8.0,8.0,8.0,0
2019-05-27,8.0,8.0,8.0,8.0,0
2019-05-28,8.0,8.0,8.0,8.0,0
2019-05-29,8.0,8.0,8.0,8.0,0
2019-05-30,8.0,8.0,8.0,8.0,0
2019-05-31,8.0,8.0,8.0,8.0,0
2019-06-03,8.0,8.0,8.0,8.0,0
2019-06-04,8.0,8.0,8.0,8.0,0
2019-06-05,8.0,8.0,8.0,8.0,0
2019-06-06,8.0,8.0,8.0,8.0,0
2019-06-07,8.0,8.0,8.0,8.0,0
2019-06-10,8.0,8.0,8.0,8.0,0
2019-06-11,8.0,8.0,8.0,8.0,0
2019-06-12,8.0,8.0,8.0,8.0,0
2019-06-13,8.0,8.0,8.0,8.0,0
2019-06-14,8.0,8.0,8.0,8.0,0
2019-06-17,8.0,8.0,8.0,8.0,0
2019-06-18,8.0,8.0,8.0,8.0,0
2019-06-19,8.0,8.0,8.0,8.0,0
2019-06-20,8.0,8.0,8.0,8.0,0
2019-06-21,8.0,8.0,8.0,8.0,0
2019-06-24,8.0,8.0,8.0,8.0,0
2019-06-25,8.0,8.0,8.0,8.0,0
2019-06-26,8.0,8.0,8.0,8.0,0
2019-06-27,8.0,8.0,8.0,8.0,0
2019-06-28,8.0,8.0,8.0,8.0,0
2019-07-01,8.0,8.0,8.0,8.0,0
2019-07-02,8.0,8.0,8.0,8.0,0
2019-07-03,8.0,8.0,8.0,8.0,0
2019-07-04,8.0,8.0,8.0,8.0,0
2019-07-05,8.0,8.0,8.0,8.0,0
2019-07-08,8.0,8.0,8.0,8.0,0
2019-07-09,8.0,8.0,8.0,8.0,0
2019-07-10,8.0,8.0,8.0,8.0,0
2019-07-11,8.0,8.0,8.0,8.0,0
2019-07-12,8.0,8.0,8.0,8.0,0
2019-07-15,8.0,8.0,8.0,8.0,0
2019-07-16,8.0,8.0,8.0,8.0,0
2019-07-17,8.0,8.0,8.0,8.0,0
2019-07-18,8.0,8.0,8.0,8.0,0
2019-07-19,8.0,8.0,8.0,8.0,0
2019-07-22,8.0,8.0,8.0,8.0,0
2019-07-23,8.0,8.0,8.0,8.0,0
2019-07-24,8.0,8.0,8.0,8.0,0
2019-07-25,8.0,8.0,8.0,8.0,0
2019-07-26,8.0,8.0,8.0,8.0,0
2019-07-29,8.0,8.0,8.0,8.0,0
2019-07-30,8.0,8.0,8.0,8.0,0
2019-07-31,8.0,8.0,8.0,8.0,0
2019-08-01,8.0,8.0,8.0,8.0,0
2019-08-02,8.0,8.0,8.0,8.0,0
2019-08-05,8.0,8.0,8.0,8.0,0
2019-08-06,8.0,8.0,8.0,8.0,0
2019-08-07,8.0,8.0,8.0,8.0,0
2019-08-08,8.0,8.0,8.0,8.0,0
2019-08-09,8.0,8.0,8.0,8.0,0
2019-08-12,8.0,8.0,8.0,8.0,0
2019-08-13,8.0,8.0,8.0,8.0,0
2019-08-14,8.0,8.0,8.0,8.0,0
2019-08-15,8.0,8.0,8.0,8.0,0
2019-08-16,8.0,8.0,8.0,8.0,0
2019-08-19,8.0,8.0,8.0,8.0,0
2019-08-20,8.0,8.0,8.0,8.0,0
2019-08-21,8.0,8.0,8.0,8.0,0
2019-08-22,8.0,8.0,8.0,8.0,0
2019-08-23,8.0,8.0,8.0,8.0,0
2019-08-26,8.0,8.0,8.0,8.0,0
2019-08-27,8.0,8.0,8.0,8.0,0
2019-08-28,8.0,8.0,8.0,8.0,0
2019-08-29,8.0,8.0,8.0,8.0,0
2019-08-30,8.0,8.0,8.0,8.0,0
2019-09-03,8.0,8.0,8.0,8.0,0
2019-09-04,8.0,8.0,8.0,8.0,0
2019-09-05,8.0,8.0,8.0,8.0,0
2019-09-06,8.0,8.0,8.0,8.0,0
2019-09-09,8.0,8.0,8.0,8.0,0
2019-09-10,8.0,8.0,8.0,8.0,0
2019-09-11,8.0,8.0,8.0,8.0,0
2019-09-12,8.0,8.0,8.0,8.0,0
2019-09-13,8.0,8.0,8.0,8.0,0
2019-09-16,8.0,8.0,8.0,8.0,0
2019-09-17,8.0,8.0,8.0,8.0,0
2019-09-18,8.0,8.0,8.0,8.0,0
2019-09-19,8.0,8.0,8.0,8.0,0
2019-09-20,8.0,8.0,8.0,8.0,0
2019-09-23,8.0,8.0,8.0,8.0,0
2019-09-24,8.0,8.0,8.0,8.0,0
2019-09-25,8.0,8.0,8.0,8.0,0
2019-09-26,8.0,8.0,8.0,8.0,0
2019-09-27,8.0,8.0,8.0,8.0,0
2019-09-30,8.0,8.0,8.0,8.0,0
2019-10-01,8.0,8.0,8.0,8.0,0
2019-10-02,8.0,8.0,8.0,8.0,0
2019-10-03,8.0,8.0,8.0,8.0,0
2019-10-04,8.0,8.0,8.0,8.0,0
2019-10-07,8.0,8.0,8.0,8.0,0
2019-10-08,8.0,8.0,8.0,8.0,0
2019-10-09,8.0,8.0,8.0,8.0,0
2019-10-10,8.0,8.0,8.0,8.0,0
2019-10-11,8.0,8.0,8.0,8.0,0
2019-10-14,8.0,8.0,8.0,8.0,0
2019-10-15,8.0,8.0,8.0,8.0,0
2019-10-16,8.0,8.0,8.0,8.0,0
2019-10-17,8.0,8.0,8.0,8.0,0
2019-10-18,8.0,8.0,8.0,8.0,0
2019-10-21,8.0,8.0,8.0,8.0,0
2019-10-22,8.0,8.0,8.0,8.0,0
2019-10-23,8.0,8.0,8.0,8.0,0
2019-10-24,8.0,8.0,8.0,8.0,0
2019-10-25,4.8,4.8,4.8,4.8,100
2019-10-28,5.5,5.5,5.5,5.5,100
2019-10-29,6.3,6.3,6.3,6.3,100
2019-10-30,7.2,7.2,7.2,7.2,2200
2019-10-31,8.2,8.2,8.2,7.2,100
2019-11-01,8.2,8.2,8.2,8.2,0
2019-11-04,9.4,9.4,9.4,9.4,200
2019-11-05,9.4,9.4,9.4,9.4,0
2019-11-06,9.4,9.4,9.4,9.4,0
2019-11-07,9.4,9.4,9.4,9.4,0
2019-11-08,9.4,9.4,9.4,9.4,0
2019-11-11,9.4,9.4,9.4,9.4,0
2019-11-12,9.4,9.4,9.4,9.4,0
2019-11-13,9.4,9.4,9.4,9.4,0
2019-11-14,9.4,9.4,9.4,9.4,0
2019-11-15,9.4,9.4,9.4,9.4,0
2019-11-18,9.4,9.4,9.4,9.4,0
2019-11-19,9.4,9.4,9.4,9.4,0
2019-11-20,9.4,9.4,9.4,9.4,0
2019-11-21,9.4,9.4,9.4,9.4,0
2019-11-22,9.4,9.4,9.4,9.4,0
2019-11-25,9.4,9.4,9.4,9.4,0
2019-11-26,9.4,9.4,9.4,9.4,0
2019-11-27,9.4,9.4,9.4,9.4,0
2019-11-28,9.4,9.4,9.4,9.4,0
2019-11-29,9.4,9.4,9.4,9.4,0
2019-12-02,9.4,9.4,9.4,9.4,0
2019-12-03,9.4,9.4,9.4,9.4,0
2019-12-04,9.4,9.4,9.4,9.4,0
2019-12-05,9.4,9.4,9.4,9.4,0
2019-12-06,9.4,9.4,9.4,9.4,0
2019-12-09,9.4,9.4,9.4,9.4,0
2019-12-10,9.4,9.4,9.4,9.4,0
2019-12-11,9.4,9.4,9.4,9.4,0
2019-12-12,9.4,9.4,9.4,9.4,0
2019-12-13,9.4,9.4,9.4,9.4,0
2019-12-16,9.4,9.4,9.4,9.4,0
2019-12-17,9.4,9.4,9.4,9.4,0
2019-12-18,9.4,9.4,9.4,9.4,0
2019-12-19,9.4,9.4,9.4,9.4,0
2019-12-20,9.4,9.4,9.4,9.4,0
2019-12-23,9.4,9.4,9.4,9.4,0
2019-12-24,9.4,9.4,9.4,9.4,0
2019-12-25,9.4,9.4,9.4,9.4,0
2019-12-26,9.4,9.4,9.4,9.4,0
2019-12-27,9.4,9.4,9.4,9.4,0
2019-12-30,9.4,9.4,9.4,9.4,0
2019-12-31,9.4,9.4,9.4,9.4,0
2020-01-02,9.4,9.4,9.4,9.4,0
2020-01-03,9.4,9.4,9.4,9.4,0
2020-01-06,9.4,9.4,9.4,9.4,0
2020-01-07,9.4,9.4,9.4,9.4,0
2020-01-08,9.4,9.4,9.4,9.4,0
2020-01-09,9.4,9.4,9.4,9.4,0
2020-01-10,9.4,9.4,9.4,9.4,0
2020-01-13,9.4,9.4,9.4,9.4,0
2020-01-14,9.4,9.4,9.4,9.4,0
2020-01-15,9.4,9.4,9.4,9.4,0
2020-01-16,9.4,9.4,9.4,9.4,0
2020-01-17,9.4,9.4,9.4,9.4,0
2020-01-20,9.4,9.4,9.4,9.4,0
2020-01-21,9.4,9.4,9.4,9.4,0
2020-01-22,9.4,9.4,9.4,9.4,0
2020-01-30,9.4,9.4,9.4,9.4,0
2020-01-31,9.4,9.4,9.4,9.4,0
2020-02-03,9.4,9.4,9.4,9.4,0
2020-02-04,9.4,9.4,9.4,9.4,0
2020-02-05,9.4,9.4,9.4,9.4,0
2020-02-06,9.4,9.4,9.4,9.4,0
2020-02-07,9.4,9.4,9.4,9.4,0
2020-02-10,9.4,9.4,9.4,9.4,0
2020-02-11,9.4,9.4,9.4,9.4,0
2020-02-12,9.4,9.4,9.4,9.4,0
2020-02-13,9.4,9.4,9.4,9.4,0
2020-02-14,9.4,9.4,9.4,9.4,0
2020-02-17,9.4,9.4,9.4,9.4,0
2020-02-18,9.4,9.4,9.4,9.4,0
2020-02-19,9.4,9.4,9.4,9.4,0
2020-02-20,9.4,9.4,9.4,9.4,0
2020-02-21,9.4,9.4,9.4,9.4,0
2020-02-24,9.4,9.4,9.4,9.4,0
2020-02-25,9.4,9.4,9.4,9.4,0
2020-02-26,9.4,9.4,9.4,9.4,0
2020-02-27,9.4,9.4,9.4,9.4,0
2020-02-28,9.4,9.4,9.4,9.4,0
2020-03-02,9.4,9.4,9.4,9.4,0
2020-03-03,9.4,9.4,9.4,9.4,0
2020-03-04,9.4,9.4,9.4,9.4,0
2020-03-05,9.4,9.4,9.4,9.4,0
2020-03-06,9.4,9.4,9.4,9.4,0
2020-03-09,9.4,9.4,9.4,9.4,0
2020-03-10,9.4,9.4,9.4,9.4,0
2020-03-11,9.4,9.4,9.4,9.4,0
2020-03-12,9.4,9.4,9.4,9.4,0
2020-03-13,9.4,9.4,9.4,9.4,0
2020-03-16,9.4,9.4,9.4,9.4,0
2020-03-17,9.4,9.4,9.4,9.4,0
2020-03-18,9.4,9.4,9.4,9.4,0
2020-03-19,9.4,9.4,9.4,9.4,0
2020-03-20,9.4,9.4,9.4,9.4,0
2020-03-23,9.4,9.4,9.4,9.4,0
2020-03-24,9.4,9.4,9.4,9.4,0
2020-03-25,9.4,9.4,9.4,9.4,0
2020-03-26,9.4,9.4,9.4,9.4,0
2020-03-27,9.4,9.4,9.4,9.4,0
2020-03-30,9.4,9.4,9.4,9.4,0
2020-03-31,9.4,9.4,9.4,9.4,0
2020-04-01,9.4,9.4,9.4,9.4,0
2020-04-03,9.4,9.4,9.4,9.4,0
2020-04-06,9.4,9.4,9.4,9.4,0
2020-04-07,9.4,9.4,9.4,9.4,0
2020-04-08,9.4,9.4,9.4,9.4,0
2020-04-09,9.4,9.4,9.4,9.4,0
2020-04-10,9.4,9.4,9.4,9.4,0
2020-04-13,9.4,9.4,9.4,9.4,0
2020-04-14,9.4,9.4,9.4,9.4,0
2020-04-15,9.4,9.4,9.4,9.4,0
2020-04-16,9.4,9.4,9.4,9.4,0
2020-04-17,9.4,9.4,9.4,9.4,0
2020-04-20,9.4,9.4,9.4,9.4,0
2020-04-21,9.4,9.4,9.4,9.4,0
2020-04-22,9.4,9.4,9.4,9.4,0
2020-04-23,9.4,9.4,9.4,9.4,0
2020-04-24,9.4,9.4,9.4,9.4,0
2020-04-27,9.4,9.4,9.4,9.4,0
2020-04-28,9.4,9.4,9.4,9.4,0
2020-04-29,9.4,9.4,9.4,9.4,0
2020-05-04,9.4,9.4,9.4,9.4,0
2020-05-05,9.4,9.4,9.4,9.4,0
2020-05-06,9.4,9.4,9.4,9.4,0
2020-05-07,9.4,9.4,9.4,9.4,0
2020-05-08,9.4,9.4,9.4,9.4,0
2020-05-11,9.4,9.4,9.4,9.4,0
2020-05-12,9.4,9.4,9.4,9.4,0
2020-05-13,9.4,9.4,9.4,9.4,0
2020-05-14,9.4,9.4,9.4,9.4,0
2020-05-15,9.4,9.4,9.4,9.4,0
2020-05-18,9.4,9.4,9.4,9.4,0
2020-05-19,9.4,9.4,9.4,9.4,0
2020-05-20,9.4,9.4,9.4,9.4,0
2020-05-21,9.4,9.4,9.4,9.4,0
2020-05-22,9.4,9.4,9.4,9.4,0
2020-05-25,9.4,9.4,9.4,9.4,0
2020-05-26,9.4,9.4,9.4,9.4,0
2020-05-27,9.4,9.4,9.4,9.4,0
2020-05-28,9.4,9.4,9.4,9.4,0
2020-05-29,9.4,9.4,9.4,9.4,0
2020-06-01,9.4,9.4,9.4,9.4,0
2020-06-02,9.4,9.4,9.4,9.4,0
2020-06-03,9.4,9.4,9.4,9.4,0
2020-06-04,9.4,9.4,9.4,9.4,0
2020-06-05,9.4,9.4,9.4,9.4,0
2020-06-08,9.4,9.4,9.4,9.4,0
2020-06-09,9.4,9.4,9.4,9.4,0
2020-06-10,9.4,9.4,9.4,9.4,0
2020-06-11,9.4,9.4,9.4,9.4,0
2020-06-12,9.4,9.4,9.4,9.4,0
2020-06-15,9.4,9.4,9.4,9.4,0
2020-06-16,9.4,9.4,9.4,9.4,0
2020-06-17,9.4,9.4,9.4,9.4,0
2020-06-18,9.4,9.4,9.4,9.4,0
2020-06-19,9.4,9.4,9.4,9.4,0
2020-06-22,9.4,9.4,9.4,9.4,0
2020-06-23,9.4,9.4,9.4,9.4,0
2020-06-24,9.4,9.4,9.4,9.4,0
2020-06-25,9.4,9.4,9.4,9.4,0
2020-06-26,9.4,9.4,9.4,9.4,0
2020-06-29,9.4,9.4,9.4,9.4,0
2020-06-30,9.4,9.4,9.4,9.4,0
2020-07-01,9.4,9.4,9.4,9.4,0
2020-07-02,9.4,9.4,9.4,9.4,0
2020-07-03,9.4,9.4,9.4,9.4,0
2020-07-06,9.4,9.4,9.4,9.4,0
2020-07-07,9.4,9.4,9.4,9.4,0
2020-07-08,9.4,9.4,9.4,9.4,0
2020-07-09,9.4,9.4,9.4,9.4,0
2020-07-10,9.4,9.4,9.4,9.4,0
2020-07-13,9.4,9.4,9.4,9.4,0
2020-07-14,9.4,9.4,9.4,9.4,0
2020-07-15,9.4,9.4,9.4,9.4,0
2020-07-16,9.4,9.4,9.4,9.4,0
2020-07-17,9.4,9.4,9.4,9.4,0
2020-07-20,9.4,9.4,9.4,9.4,0
2020-07-21,9.4,9.4,9.4,9.4,0
2020-07-22,9.4,9.4,9.4,9.4,0
2020-07-23,9.4,9.4,9.4,9.4,0
2020-07-24,9.4,9.4,9.4,9.4,0
2020-07-27,9.4,9.4,9.4,9.4,0
2020-07-28,9.4,9.4,9.4,9.4,0
2020-07-29,9.4,9.4,9.4,9.4,0
2020-07-30,9.4,9.4,9.4,9.4,0
2020-07-31,9.4,9.4,9.4,9.4,0
2020-08-03,5.7,5.7,5.7,5.7,100
2020-08-04,5.7,5.7,5.7,5.7,0
2020-08-05,4.9,5.0,4.9,5.0,4200
2020-08-06,5.0,5.0,5.0,5.0,0
2020-08-07,5.0,5.0,5.0,5.0,0
2020-08-10,5.0,5.0,5.0,5.0,0
2020-08-11,5.0,5.0,5.0,5.0,0
2020-08-12,5.0,5.0,5.0,5.0,0
2020-08-13,5.0,5.0,5.0,5.0,0
2020-08-14,5.0,5.0,5.0,5.0,0
2020-08-17,5.0,5.0,5.0,5.0,0
2020-08-18,5.0,5.0,5.0,5.0,0
2020-08-19,5.0,5.0,5.0,5.0,0
2020-08-20,5.0,5.0,5.0,5.0,0
2020-08-21,5.0,5.0,5.0,5.0,0
2020-08-24,5.0,5.0,5.0,5.0,0
2020-08-25,5.0,5.0,5.0,5.0,0
2020-08-26,5.0,5.0,5.0,5.0,0
2020-08-27,5.0,5.0,5.0,5.0,0
2020-08-28,5.0,5.0,5.0,5.0,0
2020-08-31,5.0,5.0,5.0,5.0,0
2020-09-01,5.0,5.0,5.0,5.0,0
2020-09-03,5.0,5.0,5.0,5.0,0
2020-09-04,5.0,5.0,5.0,5.0,1
2020-09-07,5.0,5.0,5.0,5.0,0
2020-09-08,5.0,5.0,5.0,5.0,0
2020-09-09,5.7,5.7,5.7,5.7,100
2020-09-10,5.7,5.7,5.7,5.7,28
2020-09-11,5.7,5.7,5.7,5.7,0
2020-09-14,5.7,5.7,5.7,5.7,0
2020-09-15,5.7,5.7,5.7,5.7,0
2020-09-16,5.7,5.7,5.7,5.7,0
2020-09-17,5.7,5.7,5.7,5.7,0
2020-09-18,5.7,5.7,5.7,5.7,0
2020-09-21,5.7,5.7,5.7,5.7,0
2020-09-22,5.7,5.7,5.7,5.7,0
2020-09-23,5.7,5.7,5.7,5.7,0
2020-09-24,5.7,5.7,5.7,5.7,0
2020-09-25,5.7,5.7,5.7,5.7,0
2020-09-28,5.7,5.7,5.7,5.7,0
2020-09-29,5.7,5.7,5.7,5.7,0
2020-09-30,5.7,5.7,5.7,5.7,0
2020-10-01,5.7,5.7,5.7,5.7,0
2020-10-02,5.7,5.7,5.7,5.7,0
2020-10-05,5.7,5.7,5.7,5.7,0
2020-10-06,5.7,5.7,5.7,5.7,0
2020-10-07,5.7,5.7,5.7,5.7,0
2020-10-08,5.7,5.7,5.7,5.7,0
2020-10-09,5.7,5.7,5.7,5.7,0
2020-10-12,5.7,5.7,5.7,5.7,0
2020-10-13,5.7,5.7,5.7,5.7,0
2020-10-14,5.7,5.7,5.7,5.7,0
2020-10-15,5.0,5.0,5.0,5.0,200
2020-10-16,5.7,5.7,5.7,5.7,100
2020-10-19,5.7,5.7,5.7,5.7,0
2020-10-20,5.7,5.7,5.7,5.7,0
2020-10-21,5.7,5.7,5.7,5.7,0
2020-10-22,5.7,5.7,5.7,5.7,0
2020-10-23,5.7,5.7,5.7,5.7,0
2020-10-26,5.7,5.7,5.7,5.7,0
2020-10-27,5.7,5.7,5.7,5.7,0
2020-10-28,5.7,5.7,5.7,5.7,0
2020-10-29,5.7,5.7,5.7,5.7,0
2020-10-30,5.7,5.7,5.7,5.7,0
2020-11-02,5.7,5.7,5.7,5.7,0
2020-11-03,5.7,5.7,5.7,5.7,0
2020-11-04,5.7,5.7,5.7,5.7,0
2020-11-05,5.7,5.7,5.7,5.7,0
2020-11-06,5.7,5.7,5.7,5.7,0
2020-11-09,5.7,5.7,5.7,5.7,0
2020-11-10,5.7,5.7,5.7,5.7,0
2020-11-11,5.7,5.7,5.7,5.7,0
2020-11-12,5.7,5.7,5.7,5.7,0
2020-11-13,5.7,5.7,5.7,5.7,0
2020-11-16,5.7,5.7,5.7,5.7,0
2020-11-17,5.7,5.7,5.7,5.7,0
2020-11-18,5.7,5.7,5.7,5.7,0
2020-11-19,5.7,5.7,5.7,5.7,0
2020-11-20,5.7,5.7,5.7,5.7,0
2020-11-23,5.7,5.7,5.7,5.7,0
2020-11-24,5.7,5.7,5.7,5.7,0
2020-11-25,5.7,5.7,5.7,5.7,0
2020-11-26,5.7,5.7,5.7,5.7,0
2020-11-27,5.7,5.7,5.7,5.7,0
2020-11-30,5.7,5.7,5.7,5.7,0
2020-12-01,5.7,5.7,5.7,5.7,0
2020-12-02,5.7,5.7,5.7,5.7,0
2020-12-03,5.7,5.7,5.7,5.7,0
2020-12-04,5.7,5.7,5.7,5.7,0
2020-12-07,5.7,5.7,5.7,5.7,0
2020-12-08,5.7,5.7,5.7,5.7,0
2020-12-09,5.7,5.7,5.7,5.7,0
2020-12-10,5.7,5.7,5.7,5.7,0
2020-12-11,5.7,5.7,5.7,5.7,0
2020-12-14,5.7,5.7,5.7,5.7,0
2020-12-15,5.7,5.7,5.7,5.7,0
2020-12-16,5.7,5.7,5.7,5.7,0
2020-12-17,5.7,5.7,5.7,5.7,0
2020-12-18,5.7,5.7,5.7,5.7,0
2020-12-21,5.0,5.0,5.0,5.0,200
2020-12-22,5.0,5.0,5.0,5.0,0
2020-12-23,5.0,5.0,5.0,5.0,0
2020-12-24,5.0,5.0,5.0,5.0,0
2020-12-25,5.0,5.0,5.0,5.0,0
2020-12-28,5.0,5.0,5.0,5.0,0
2020-12-29,5.0,5.0,5.0,5.0,0
2020-12-30,5.0,5.0,5.0,5.0,0
2020-12-31,5.0,5.0,5.0,5.0,0
2021-01-04,5.0,5.0,5.0,5.0,0
2021-01-05,5.0,5.0,5.0,5.0,0
2021-01-06,5.0,5.0,5.0,5.0,0
2021-01-07,5.0,5.0,5.0,5.0,0
2021-01-08,5.0,5.0,5.0,5.0,0
2021-01-11,5.0,5.0,5.0,5.0,0
2021-01-12,5.0,5.0,5.0,5.0,0
2021-01-13,5.0,5.0,5.0,5.0,0
2021-01-14,5.0,5.0,5.0,5.0,0
2021-01-15,5.0,5.0,5.0,5.0,0
2021-01-18,5.0,5.0,5.0,5.0,0
2021-01-19,5.0,5.0,5.0,5.0,0
2021-01-20,5.0,5.0,5.0,5.0,0
2021-01-21,5.0,5.0,5.0,5.0,0
2021-01-22,5.0,5.0,5.0,5.0,0
2021-01-25,5.0,5.0,5.0,5.0,0
2021-01-26,5.0,5.0,5.0,5.0,0
2021-01-27,5.0,5.0,5.0,5.0,0
2021-01-28,5.0,5.0,5.0,5.0,0
2021-01-29,5.0,5.0,5.0,5.0,0
2021-02-01,5.0,5.0,5.0,5.0,0
2021-02-02,5.0,5.0,5.0,5.0,0
2021-02-03,5.0,5.0,5.0,5.0,0
2021-02-04,5.0,5.0,5.0,5.0,0
2021-02-05,5.0,5.0,5.0,5.0,0
2021-02-08,5.0,5.0,5.0,5.0,0
2021-02-09,5.0,5.0,5.0,5.0,100
2021-02-17,5.0,5.0,5.0,5.0,0
2021-02-18,5.0,5.0,5.0,5.0,0
2021-02-19,4.6,4.6,4.6,4.6,100
2021-02-22,4.0,5.0,4.0,5.0,4200
2021-02-23,4.1,5.0,5.0,5.0,0
2021-02-24,3.6,4.0,3.6,4.0,500
2021-02-25,3.7,4.0,4.0,4.0,0
2021-02-26,3.6,3.6,3.6,3.6,100
2021-03-01,3.6,3.6,3.6,3.6,100
2021-03-02,3.6,3.6,3.6,3.6,0
2021-03-03,3.5,3.5,3.5,3.5,200
2021-03-04,3.5,3.5,3.5,3.5,100
2021-03-05,3.5,3.5,3.5,3.5,0
2021-03-08,3.2,3.2,3.1,3.1,4200
2021-03-09,3.5,3.5,3.5,3.5,300
2021-03-10,4.0,4.0,4.0,4.0,1700
2021-03-11,4.0,4.0,4.0,4.0,0
2021-03-12,4.0,4.0,4.0,4.0,0
2021-03-15,4.0,4.0,4.0,4.0,0
2021-03-16,4.0,4.0,4.0,4.0,0
2021-03-17,4.0,4.0,4.0,4.0,0
2021-03-18,4.0,4.0,4.0,4.0,800
2021-03-19,4.0,4.0,4.0,4.0,0
2021-03-22,4.0,4.0,4.0,4.0,0
2021-03-23,4.0,4.0,4.0,4.0,0
2021-03-24,4.0,4.0,4.0,4.0,0
2021-03-25,4.0,4.0,4.0,4.0,0
2021-03-26,4.0,4.0,4.0,4.0,0
2021-03-29,4.0,4.0,4.0,4.0,0
2021-03-30,3.4,3.4,3.4,3.4,1400
2021-03-31,3.1,3.1,3.1,3.1,2826
2021-04-01,3.2,3.2,3.2,3.2,300
2021-04-02,3.0,3.0,3.0,3.0,500
2021-04-05,3.0,3.0,3.0,3.0,100
2021-04-06,3.0,3.0,3.0,3.0,0
2021-04-07,3.1,3.4,3.1,3.4,810
2021-04-08,3.7,3.7,3.7,3.7,1000
2021-04-09,4.2,4.2,4.2,4.2,1800
2021-04-12,4.8,4.8,4.7,4.8,4100
2021-04-13,5.5,5.5,5.3,5.3,6900
2021-04-14,5.0,5.0,5.0,5.0,1000
2021-04-15,4.5,4.5,4.5,4.5,200
2021-04-16,4.1,4.1,4.0,4.0,1000
2021-04-19,4.0,4.7,3.6,4.7,3700
2021-04-20,4.1,4.7,4.7,4.7,0
2021-04-22,4.1,4.7,4.7,4.7,0
2021-04-23,4.1,4.7,4.7,4.7,0
2021-04-26,4.1,4.7,4.7,4.7,0
2021-04-27,4.1,4.7,4.7,4.7,0
2021-04-28,3.5,3.6,3.5,3.5,4000
2021-04-29,3.5,3.5,3.5,3.5,1000
2021-05-04,3.5,3.5,3.5,3.5,0
2021-05-05,3.0,3.5,3.0,3.5,2100
2021-05-06,3.5,3.5,3.1,3.1,500
2021-05-07,2.9,2.9,2.9,2.9,500
2021-05-10,2.9,2.9,2.9,2.9,0
2021-05-11,2.9,2.9,2.9,2.9,0
2021-05-12,2.7,2.7,2.7,2.7,2126
2021-05-13,2.7,2.7,2.7,2.7,0
2021-05-14,3.1,3.1,3.1,3.1,1000
2021-05-17,3.1,3.2,3.1,3.2,1600
2021-05-18,3.2,3.2,3.2,3.2,0
2021-05-19,3.2,3.2,3.2,3.2,0
2021-05-20,3.2,3.2,3.2,3.2,0
2021-05-21,3.6,3.6,3.6,3.6,100
2021-05-24,3.6,3.6,3.6,3.6,0
2021-05-25,3.5,3.5,3.4,3.4,1100
2021-05-26,3.4,3.4,3.4,3.4,0
2021-05-27,3.6,3.6,3.6,3.6,100
2021-05-28,3.1,3.1,3.1,3.1,200
2021-05-31,2.9,2.9,2.9,2.9,300
2021-06-01,2.9,2.9,2.9,2.9,0
2021-06-02,2.9,2.9,2.9,2.9,0
2021-06-03,2.9,2.9,2.9,2.9,0
2021-06-04,2.9,2.9,2.9,2.9,0
2021-06-07,2.9,2.9,2.9,2.9,1100
2021-06-08,2.7,2.8,2.7,2.8,200
2021-06-09,2.8,2.8,2.8,2.8,0
2021-06-10,2.8,2.8,2.8,2.8,0
2021-06-11,2.8,2.8,2.8,2.8,0
2021-06-14,2.8,2.8,2.6,2.6,3900
2021-06-15,2.6,2.6,2.6,2.6,0
2021-06-16,2.6,2.6,2.6,2.6,100
2021-06-17,2.6,2.6,2.6,2.6,0
2021-06-18,2.6,2.6,2.6,2.6,0
2021-06-21,2.7,2.8,2.7,2.8,200
2021-06-22,2.8,2.8,2.8,2.8,0
2021-06-23,2.9,3.2,2.9,3.2,4000
2021-06-24,3.2,3.2,3.2,3.2,400
2021-06-25,3.3,3.3,3.3,3.3,100
2021-06-28,3.5,3.5,3.5,3.5,2300
2021-06-29,3.5,3.5,3.5,3.5,0
2021-06-30,3.1,3.1,3.1,3.1,300
2021-07-01,3.1,3.5,3.1,3.1,3300
2021-07-02,3.1,3.1,3.1,3.1,1500
2021-07-05,3.2,3.5,3.2,3.5,1800
2021-07-06,3.6,3.7,3.6,3.7,1000
2021-07-07,3.6,3.6,3.6,3.6,200
2021-07-08,3.6,3.6,3.6,3.6,0
2021-07-09,3.6,3.6,3.6,3.6,0
2021-07-12,3.6,3.6,3.6,3.6,0
2021-07-13,3.6,3.6,3.6,3.6,0
2021-07-14,3.1,3.1,3.1,3.1,100
2021-07-15,3.4,3.5,3.4,3.5,900
2021-07-16,3.5,3.5,3.5,3.5,0
2021-07-19,3.5,3.5,3.5,3.5,0
2021-07-20,3.5,3.5,3.5,3.5,20
2021-07-21,3.5,3.5,3.5,3.5,24
2021-07-22,3.5,3.5,3.5,3.5,0
2021-07-23,3.5,3.5,3.5,3.5,0
2021-07-26,3.5,3.5,3.5,3.5,24
2021-07-27,3.5,3.5,3.5,3.5,0
2021-07-28,3.5,3.5,3.5,3.5,0
2021-07-29,3.5,3.5,3.5,3.5,0
2021-07-30,3.5,3.5,3.5,3.5,0
2021-08-02,3.5,3.5,3.5,3.5,0
2021-08-03,3.5,3.5,3.5,3.5,0
2021-08-04,3.5,3.5,3.5,3.5,0
2021-08-05,3.5,3.5,3.5,3.5,0
2021-08-06,3.5,3.5,3.5,3.5,0
2021-08-09,3.5,3.5,3.5,3.5,0
2021-08-10,3.5,3.5,3.5,3.5,0
2021-08-11,3.6,3.6,3.6,3.6,200
2021-08-12,3.6,3.6,3.6,3.6,0
2021-08-13,3.6,3.6,3.6,3.6,0
2021-08-16,3.5,3.5,3.5,3.5,500
2021-08-17,3.5,3.5,3.5,3.5,0
2021-08-18,3.5,3.5,3.5,3.5,0
2021-08-19,3.5,3.5,3.5,3.5,0
2021-08-20,3.5,3.5,3.5,3.5,0
2021-08-23,3.5,3.5,3.5,3.5,0
2021-08-24,3.5,3.5,3.5,3.5,0
2021-08-25,3.5,3.5,3.5,3.5,0
2021-08-26,3.5,3.5,3.5,3.5,100
2021-08-27,3.6,3.6,3.6,3.6,100
2021-08-30,3.8,3.8,3.7,3.7,300
2021-08-31,3.2,3.2,3.2,3.2,100
2021-09-01,2.9,3.6,2.9,3.6,9900
2021-09-06,4.1,4.1,4.0,4.0,8400
2021-09-07,4.0,4.0,4.0,4.0,300
2021-09-08,3.5,3.5,3.5,3.5,200
2021-09-09,3.5,3.5,3.3,3.3,600
2021-09-10,3.4,3.5,3.4,3.5,5900
2021-09-13,3.5,3.5,3.5,3.5,234
2021-09-14,3.5,4.0,3.5,3.6,4610
2021-09-15,4.1,4.1,4.1,4.1,300
2021-09-16,4.1,4.1,4.1,4.1,0
2021-09-17,3.9,3.9,3.9,3.9,200
2021-09-20,3.9,3.9,3.9,3.9,0
2021-09-21,3.4,3.9,3.4,3.9,900
2021-09-22,4.2,4.2,3.6,4.2,10900
2021-09-23,4.7,4.7,4.2,4.6,2344
2021-09-24,4.4,4.4,4.4,4.4,9
2021-09-27,4.4,4.4,4.4,4.4,0
2021-09-28,4.4,4.4,4.4,4.4,0
2021-09-29,4.4,4.4,4.4,4.4,85
2021-09-30,4.4,4.4,4.4,4.4,800
2021-10-01,4.4,4.4,4.4,4.4,0
2021-10-04,4.4,4.4,4.4,4.4,0
2021-10-05,4.4,4.4,4.4,4.4,0
2021-10-06,4.3,4.3,3.8,3.8,815
2021-10-07,3.6,4.6,3.5,4.5,1310
2021-10-08,4.1,4.1,4.1,4.1,3700
2021-10-11,3.8,3.8,3.8,3.8,2100
2021-10-12,3.5,3.6,3.5,3.5,1400
2021-10-13,3.6,3.6,3.6,3.6,300
2021-10-14,4.0,4.0,4.0,4.0,132
2021-10-15,4.0,4.0,4.0,4.0,315
2021-10-18,4.0,4.0,4.0,4.0,800
2021-10-19,4.0,4.0,4.0,4.0,710
2021-10-20,4.0,4.3,4.0,4.2,2400
2021-10-21,4.1,4.1,4.1,4.1,0
2021-10-22,4.3,4.7,4.3,4.7,5800
2021-10-25,4.8,4.8,4.4,4.5,2000
2021-10-26,4.6,4.7,4.6,4.7,1100
2021-10-27,4.6,4.6,4.6,4.6,0
2021-10-28,4.0,4.1,4.0,4.1,3217
2021-10-29,4.0,4.0,4.0,4.0,1100
2021-11-01,4.5,4.6,4.5,4.6,5800
2021-11-02,5.2,5.2,5.1,5.2,8000
2021-11-03,5.9,5.9,5.9,5.9,3800
2021-11-04,6.7,6.7,6.7,6.7,7900
2021-11-05,7.6,7.7,7.6,7.7,3917
2021-11-08,8.8,8.8,8.8,8.8,300
2021-11-09,10.1,10.1,9.9,10.1,19400
2021-11-10,11.4,11.6,11.4,11.6,3500
2021-11-11,13.3,13.3,13.3,13.3,21662
2021-11-12,13.3,15.2,11.4,14.4,25300
2021-11-15,14.1,14.1,12.0,12.2,5200
2021-11-16,12.2,12.2,11.0,11.0,12700
2021-11-17,9.5,11.0,9.5,11.0,21841
2021-11-18,10.1,11.0,9.5,11.0,3000
2021-11-19,9.1,9.3,9.1,9.2,2200
2021-11-22,9.1,9.1,9.0,9.1,900
2021-11-23,9.1,9.1,7.9,9.0,2600
2021-11-24,9.0,9.0,8.8,8.8,2400
2021-11-25,8.8,8.8,8.8,8.8,1800
2021-11-26,7.6,7.7,7.5,7.5,21800
2021-11-29,7.6,7.6,7.5,7.5,2600
2021-11-30,7.5,7.5,6.5,6.9,3600
2021-12-01,6.6,6.9,6.6,6.8,9000
2021-12-02,6.8,7.8,6.8,7.8,12900
2021-12-03,7.8,8.1,7.6,8.1,5000
2021-12-06,8.0,8.0,7.9,7.9,2000
2021-12-07,7.9,7.9,6.8,7.2,4400
2021-12-08,6.8,7.7,6.8,7.7,2500
2021-12-09,7.4,7.4,7.1,7.1,700
2021-12-10,7.1,7.1,6.7,7.0,2100
2021-12-13,7.8,7.8,7.4,7.6,2600
2021-12-14,7.5,7.5,7.5,7.5,200
2021-12-15,7.5,7.5,7.5,7.5,3200
2021-12-16,7.5,7.5,7.5,7.5,0
2021-12-17,7.5,7.5,7.0,7.0,2000
2021-12-20,7.2,7.2,6.5,6.5,800
2021-12-21,6.7,7.4,6.7,7.4,2100
2021-12-22,7.4,8.2,7.4,7.8,6200
2021-12-23,8.0,8.0,7.2,7.2,2000
2021-12-24,7.9,7.9,7.2,7.2,600
2021-12-27,7.4,7.6,7.4,7.6,2100
2021-12-28,7.4,7.6,7.0,7.5,5400
2021-12-29,7.0,7.2,7.0,7.2,700
2021-12-30,6.6,7.4,6.5,7.2,3600
2021-12-31,6.7,7.4,6.7,7.4,2200
2022-01-04,7.2,7.8,7.2,7.8,16700
2022-01-05,8.8,8.8,8.8,8.8,10300
2022-01-06,10.1,10.1,10.1,10.1,8421
2022-01-07,11.6,11.6,11.6,11.6,25400
2022-01-10,10.5,10.7,10.5,10.6,18200
2022-01-11,10.5,10.7,10.5,10.7,7200
2022-01-12,10.0,10.2,9.0,9.3,16200
2022-01-13,9.3,10.4,9.2,10.4,8000
2022-01-14,11.8,11.8,10.0,10.0,4700
2022-01-17,13.0,13.0,9.8,12.5,4400
2022-01-18,13.0,14.0,10.7,10.7,20721
2022-01-19,12.5,12.5,9.5,9.5,5600
2022-01-20,8.3,8.8,8.2,8.8,5200
2022-01-21,9.4,9.5,9.4,9.5,15900
2022-01-24,9.2,9.5,9.2,9.5,5000
2022-01-25,9.5,9.5,9.5,9.5,0
2022-01-26,8.2,8.6,8.1,8.6,11600
2022-01-27,7.0,8.5,7.0,8.5,300
2022-01-28,8.4,8.5,8.4,8.5,200
2022-02-07,9.4,9.4,8.5,9.0,1900
2022-02-08,9.0,9.0,9.0,9.0,100
2022-02-09,9.0,9.0,7.8,7.8,1500
2022-02-10,8.5,8.5,7.2,8.4,4100
2022-02-11,8.3,8.3,7.6,7.6,4800
2022-02-14,8.4,8.4,7.5,7.6,4500
2022-02-15,7.5,7.5,6.8,6.9,6500
2022-02-16,6.9,8.1,6.9,8.1,2400
2022-02-17,7.0,7.2,7.0,7.0,7221
2022-02-18,7.1,7.9,7.0,7.9,10000
2022-02-21,7.9,7.9,7.2,7.2,16100
2022-02-22,7.2,7.4,7.2,7.4,600
2022-02-23,7.4,7.4,7.4,7.4,0
2022-02-24,7.3,7.3,7.2,7.2,2400
2022-02-25,7.2,7.2,6.5,7.2,2600
2022-02-28,6.9,7.0,6.9,7.0,1000
2022-03-01,7.0,7.0,6.5,6.7,1700
2022-03-02,6.9,7.0,6.9,7.0,2300
2022-03-03,7.0,7.3,7.0,7.3,3300
2022-03-04,7.1,7.1,6.8,7.1,1800
2022-03-07,7.1,8.1,7.0,7.9,15800
2022-03-08,7.5,8.6,7.5,8.6,13921
2022-03-09,8.4,9.6,7.6,9.6,14000
2022-03-10,9.5,10.6,9.0,10.0,14400
2022-03-11,11.4,11.4,8.8,8.8,6320
2022-03-14,8.8,8.8,8.5,8.5,7300
2022-03-15,7.6,7.8,7.6,7.7,1200
2022-03-16,8.8,8.8,8.8,8.8,3500
2022-03-17,8.8,8.8,8.8,8.8,3000
2022-03-18,8.8,8.8,8.8,8.8,0
2022-03-21,8.0,8.1,8.0,8.1,7500
2022-03-22,7.7,8.5,7.7,8.1,3300
2022-03-23,9.4,9.4,8.2,8.2,3200
2022-03-24,8.3,8.6,8.3,8.6,1900
2022-03-25,8.3,8.3,8.3,8.3,100
2022-03-28,8.2,8.4,8.2,8.4,2600
2022-03-29,8.5,8.5,8.1,8.1,3200
2022-03-30,8.3,8.3,8.3,8.3,2000
2022-03-31,8.3,8.3,7.8,7.8,2900
2022-04-01,7.9,7.9,7.8,7.9,2400
2022-04-04,8.5,8.8,8.5,8.8,600
2022-04-05,8.8,8.8,8.8,8.8,6000
2022-04-06,8.8,8.8,8.8,8.8,1000
2022-04-07,8.5,8.5,8.3,8.3,800
2022-04-08,8.2,8.2,8.0,8.0,2900
2022-04-12,8.1,8.1,8.1,8.1,0
2022-04-13,8.1,8.1,8.1,8.1,0
2022-04-14,8.1,8.1,8.1,8.1,0
2022-04-15,8.1,8.1,8.1,8.1,0
2022-04-18,8.1,8.1,8.1,8.1,0
2022-04-19,8.1,8.1,8.1,8.1,0
2022-04-20,8.1,8.1,8.1,8.1,0
2022-04-21,8.1,8.1,8.1,8.1,0
2022-04-22,7.9,7.9,7.5,7.5,300
2022-04-25,7.6,7.6,7.6,7.6,0
2022-04-26,7.6,7.6,7.6,7.6,0
2022-04-27,7.6,7.6,7.6,7.6,0
2022-04-28,7.6,7.6,7.6,7.6,0
2022-04-29,6.5,8.0,6.5,8.0,4821
2022-05-04,6.8,6.8,6.8,6.8,0
2022-05-05,6.8,6.8,6.8,6.8,0
2022-05-06,6.8,6.8,6.8,6.8,100
2022-05-09,6.8,6.8,6.8,6.8,0
2022-05-10,6.8,6.8,6.8,6.8,0
2022-05-11,6.8,6.8,6.8,6.8,0
2022-05-12,6.8,6.8,6.8,6.8,0
2022-05-13,6.0,6.0,5.8,5.8,800
2022-05-16,5.8,5.8,5.8,5.8,0
2022-05-17,5.8,5.8,5.8,5.8,0
2022-05-18,5.8,5.8,5.8,5.8,0
2022-05-19,5.8,5.8,5.8,5.8,0
2022-05-20,5.8,6.4,5.0,6.4,1900
2022-05-23,5.2,5.2,5.2,5.2,0
2022-05-24,5.2,5.2,5.2,5.2,0
2022-05-25,5.2,5.2,5.2,5.2,0
2022-05-26,5.2,5.2,5.2,5.2,0
2022-05-27,4.6,4.6,4.5,4.5,2800
2022-05-30,4.5,4.5,4.5,4.5,0
2022-05-31,4.5,4.5,4.5,4.5,0
2022-06-01,4.5,4.5,4.5,4.5,0
2022-06-02,4.5,4.5,4.5,4.5,0
2022-06-03,5.1,5.1,5.1,5.1,1500
2022-06-06,5.1,5.1,5.1,5.1,0
2022-06-07,5.1,5.1,5.1,5.1,0
2022-06-08,5.1,5.1,5.1,5.1,0
2022-06-09,5.1,5.1,5.1,5.1,0
2022-06-10,4.5,4.5,4.5,4.5,1300
2022-06-13,4.5,4.5,4.5,4.5,0
2022-06-14,4.5,4.5,4.5,4.5,0
2022-06-15,4.5,4.5,4.5,4.5,0
2022-06-16,4.5,4.5,4.5,4.5,0
2022-06-17,4.5,4.5,4.5,4.5,0
2022-06-20,4.5,4.5,4.5,4.5,0
2022-06-21,4.5,4.5,4.5,4.5,0
2022-06-22,4.5,4.5,4.5,4.5,0
2022-06-23,4.5,4.5,4.5,4.5,0
2022-06-24,4.2,4.2,3.9,3.9,3400
2022-06-27,3.9,3.9,3.9,3.9,0
2022-06-28,3.9,3.9,3.9,3.9,0
2022-06-29,3.9,3.9,3.9,3.9,0
2022-06-30,3.9,3.9,3.9,3.9,0
2022-07-01,4.4,4.4,4.4,4.4,1100
2022-07-04,4.4,4.4,4.4,4.4,0
2022-07-05,4.4,4.4,4.4,4.4,0
2022-07-06,4.4,4.4,4.4,4.4,0
2022-07-07,4.4,4.4,4.4,4.4,0
2022-07-08,4.9,4.9,4.9,4.9,100
2022-07-11,4.9,4.9,4.9,4.9,0
2022-07-12,4.9,4.9,4.9,4.9,0
2022-07-13,4.9,4.9,4.9,4.9,0
2022-07-14,4.9,4.9,4.9,4.9,0
2022-07-15,5.5,5.5,5.5,5.5,100
2022-07-18,5.5,5.5,5.5,5.5,0
2022-07-19,5.5,5.5,5.5,5.5,0
2022-07-20,5.5,5.5,5.5,5.5,0
2022-07-21,5.5,5.5,5.5,5.5,0
2022-07-22,6.2,6.2,6.2,6.2,100
2022-07-25,6.2,6.2,6.2,6.2,0
2022-07-26,6.2,6.2,6.2,6.2,0
2022-07-27,6.2,6.2,6.2,6.2,0
2022-07-28,6.2,6.2,6.2,6.2,0
2022-07-29,6.2,6.2,6.2,6.2,0
2022-08-01,6.2,6.2,6.2,6.2,0
2022-08-02,6.2,6.2,6.2,6.2,0
2022-08-03,6.2,6.2,6.2,6.2,0
2022-08-04,6.2,6.2,6.2,6.2,0
2022-08-05,7.1,7.1,7.1,7.1,100
2022-08-08,7.1,7.1,7.1,7.1,0
2022-08-09,7.1,7.1,7.1,7.1,0
2022-08-10,7.1,7.1,7.1,7.1,0
2022-08-11,7.1,7.1,7.1,7.1,0
2022-08-12,7.6,7.6,7.6,7.6,100
2022-08-15,7.6,7.6,7.6,7.6,0
2022-08-16,7.6,7.6,7.6,7.6,0
2022-08-17,7.6,7.6,7.6,7.6,0
2022-08-18,7.6,7.6,7.6,7.6,0
2022-08-19,7.6,7.6,7.6,7.6,0
2022-08-22,7.6,7.6,7.6,7.6,0
2022-08-23,7.6,7.6,7.6,7.6,0
2022-08-24,7.6,7.6,7.6,7.6,0
2022-08-25,7.6,7.6,7.6,7.6,0
2022-08-26,7.6,7.6,7.6,7.6,0
2022-08-29,7.6,7.6,7.6,7.6,0
2022-08-30,7.6,7.6,7.6,7.6,0
2022-08-31,7.6,7.6,7.6,7.6,0
2022-09-05,7.6,7.6,7.6,7.6,0
2022-09-06,7.6,7.6,7.6,7.6,0
2022-09-07,7.6,7.6,7.6,7.6,0
2022-09-08,7.6,7.6,7.6,7.6,0
2022-09-09,7.6,7.6,7.6,7.6,0
2022-09-12,7.6,7.6,7.6,7.6,0
2022-09-13,7.6,7.6,7.6,7.6,0
2022-09-14,7.6,7.6,7.6,7.6,0
2022-09-15,7.6,7.6,7.6,7.6,0
2022-09-16,7.6,7.6,7.6,7.6,0
2022-09-19,7.6,7.6,7.6,7.6,0
2022-09-20,7.6,7.6,7.6,7.6,0
2022-09-21,7.6,7.6,7.6,7.6,0
2022-09-22,7.6,7.6,7.6,7.6,0
2022-09-23,7.6,7.6,7.6,7.6,0
2022-09-26,7.6,7.6,7.6,7.6,0
2022-09-27,7.6,7.6,7.6,7.6,0
2022-09-28,7.6,7.6,7.6,7.6,0
2022-09-29,7.6,7.6,7.6,7.6,0
2022-09-30,7.6,7.6,7.6,7.6,0
2022-10-03,7.6,7.6,7.6,7.6,0
2022-10-04,7.6,7.6,7.6,7.6,0
2022-10-05,7.6,7.6,7.6,7.6,0
2022-10-06,7.6,7.6,7.6,7.6,0
2022-10-07,7.6,7.6,7.6,7.6,0
2022-10-10,7.6,7.6,7.6,7.6,0
2022-10-11,7.6,7.6,7.6,7.6,0
2022-10-12,7.6,7.6,7.6,7.6,0
2022-10-13,7.6,7.6,7.6,7.6,0
2022-10-14,6.5,6.5,6.5,6.5,100
2022-10-17,6.5,6.5,6.5,6.5,0
2022-10-18,6.5,6.5,6.5,6.5,0
2022-10-19,6.5,6.5,6.5,6.5,0
2022-10-20,6.5,6.5,6.5,6.5,0
2022-10-21,5.6,5.6,5.6,5.6,100
2022-10-24,5.6,5.6,5.6,5.6,0
2022-10-25,5.6,5.6,5.6,5.6,0
2022-10-26,5.6,5.6,5.6,5.6,0
2022-10-27,5.6,5.6,5.6,5.6,0
2022-10-28,5.0,5.0,4.8,4.8,400
2022-10-31,4.9,4.9,4.9,4.9,0
2022-11-01,4.9,4.9,4.9,4.9,0
2022-11-02,4.9,4.9,4.9,4.9,0
2022-11-03,4.9,4.9,4.9,4.9,0
2022-11-04,4.9,4.9,4.9,4.9,0
2022-11-07,4.9,4.9,4.9,4.9,0
2022-11-08,4.9,4.9,4.9,4.9,0
2022-11-09,4.9,4.9,4.9,4.9,0
2022-11-10,4.9,4.9,4.9,4.9,0
2022-11-11,4.2,4.2,4.2,4.2,400
2022-11-14,4.2,4.2,4.2,4.2,0
2022-11-15,4.2,4.2,4.2,4.2,0
2022-11-16,4.2,4.2,4.2,4.2,0
2022-11-17,4.2,4.2,4.2,4.2,0
2022-11-18,4.2,4.2,4.2,4.2,0
2022-11-21,4.2,4.2,4.2,4.2,0
2022-11-22,4.2,4.2,4.2,4.2,0
2022-11-23,4.2,4.2,4.2,4.2,0
2022-11-24,4.2,4.2,4.2,4.2,0
2022-11-25,3.6,3.6,3.6,3.6,900
2022-11-28,3.6,3.6,3.6,3.6,0
2022-11-29,3.6,3.6,3.6,3.6,0
2022-11-30,3.6,3.6,3.6,3.6,0
2022-12-01,3.6,3.6,3.6,3.6,0
2022-12-02,3.6,3.6,3.6,3.6,0
2022-12-05,3.6,3.6,3.6,3.6,0
2022-12-06,3.6,3.6,3.6,3.6,0
2022-12-07,3.6,3.6,3.6,3.6,0
2022-12-08,3.6,3.6,3.6,3.6,0
2022-12-09,3.1,3.1,3.1,3.1,200
2022-12-12,3.1,3.1,3.1,3.1,0
2022-12-13,3.1,3.1,3.1,3.1,0
2022-12-14,3.1,3.1,3.1,3.1,0
2022-12-15,3.1,3.1,3.1,3.1,0
2022-12-16,3.1,3.1,3.1,3.1,0
2022-12-19,3.1,3.1,3.1,3.1,0
2022-12-20,3.1,3.1,3.1,3.1,0
2022-12-21,3.1,3.1,3.1,3.1,0
2022-12-22,3.1,3.1,3.1,3.1,0
2022-12-23,3.1,3.1,3.1,3.1,0
2022-12-26,3.1,3.1,3.1,3.1,0
2022-12-27,3.1,3.1,3.1,3.1,0
2022-12-28,3.1,3.1,3.1,3.1,0
2022-12-29,3.1,3.1,3.1,3.1,0
2022-12-30,3.1,3.1,3.1,3.1,0
2023-01-03,3.1,3.1,3.1,3.1,0
2023-01-04,3.1,3.1,3.1,3.1,0
2023-01-05,3.1,3.1,3.1,3.1,0
2023-01-06,3.1,3.1,3.1,3.1,0
2023-01-09,3.1,3.1,3.1,3.1,0
2023-01-10,3.1,3.1,3.1,3.1,0
2023-01-11,3.1,3.1,3.1,3.1,0
2023-01-12,3.1,3.1,3.1,3.1,0
2023-01-13,3.1,3.1,3.1,3.1,0
2023-01-16,3.1,3.1,3.1,3.1,0
2023-01-17,3.1,3.1,3.1,3.1,0
2023-01-18,3.1,3.1,3.1,3.1,0
2023-01-19,3.1,3.1,3.1,3.1,0
2023-01-27,3.1,3.1,3.1,3.1,0
2023-01-30,3.1,3.1,3.1,3.1,0
2023-01-31,3.1,3.1,3.1,3.1,0
2023-02-01,3.1,3.1,3.1,3.1,0
2023-02-02,3.1,3.1,3.1,3.1,0
2023-02-03,3.1,3.1,3.1,3.1,0
2023-02-06,3.1,3.1,3.1,3.1,0
2023-02-07,3.1,3.1,3.1,3.1,0
2023-02-08,3.1,3.1,3.1,3.1,0
2023-02-09,3.1,3.1,3.1,3.1,0
2023-02-10,3.1,3.1,3.1,3.1,0
2023-02-13,3.1,3.1,3.1,3.1,0
2023-02-14,3.1,3.1,3.1,3.1,0
2023-02-15,3.1,3.1,3.1,3.1,0
2023-02-16,3.1,3.1,3.1,3.1,0
2023-02-17,3.1,3.1,3.1,3.1,0
2023-02-20,3.1,3.1,3.1,3.1,0
2023-02-21,3.1,3.1,3.1,3.1,0
2023-02-22,3.1,3.1,3.1,3.1,0
2023-02-23,3.1,3.1,3.1,3.1,0
2023-02-24,3.1,3.1,3.1,3.1,0
2023-02-27,3.1,3.1,3.1,3.1,0
2023-02-28,3.1,3.1,3.1,3.1,0
2023-03-01,3.1,3.1,3.1,3.1,0
2023-03-02,3.1,3.1,3.1,3.1,0
2023-03-03,3.1,3.1,3.1,3.1,0
2023-03-06,3.1,3.1,3.1,3.1,0
2023-03-07,3.1,3.1,3.1,3.1,0
2023-03-08,3.1,3.1,3.1,3.1,0
2023-03-09,3.1,3.1,3.1,3.1,0
2023-03-10,3.1,3.1,3.1,3.1,0
2023-03-13,3.1,3.1,3.1,3.1,0
2023-03-14,3.1,3.1,3.1,3.1,0
2023-03-15,3.1,3.1,3.1,3.1,0
2023-03-16,3.1,3.1,3.1,3.1,0
2023-03-17,3.1,3.1,3.1,3.1,0
2023-03-20,3.1,3.1,3.1,3.1,0
2023-03-21,3.1,3.1,3.1,3.1,0
2023-03-22,3.1,3.1,3.1,3.1,0
2023-03-23,3.1,3.1,3.1,3.1,0
2023-03-24,3.1,3.1,3.1,3.1,0
2023-03-27,3.1,3.1,3.1,3.1,0
2023-03-28,3.1,3.1,3.1,3.1,0
2023-03-29,3.1,3.1,3.1,3.1,0
2023-03-30,3.1,3.1,3.1,3.1,0
2023-03-31,3.1,3.1,3.1,3.1,0
2023-04-03,3.1,3.1,3.1,3.1,0
2023-04-04,3.1,3.1,3.1,3.1,0
2023-04-05,3.1,3.1,3.1,3.1,0
2023-04-06,3.1,3.1,3.1,3.1,0
2023-04-07,3.1,3.1,3.1,3.1,0
2023-04-10,3.1,3.1,3.1,3.1,0
2023-04-11,3.1,3.1,3.1,3.1,0
2023-04-12,3.1,3.1,3.1,3.1,0
2023-04-13,3.1,3.1,3.1,3.1,0
2023-04-14,3.1,3.1,3.1,3.1,0
2023-04-17,3.1,3.1,3.1,3.1,0
2023-04-18,3.1,3.1,3.1,3.1,0
2023-04-19,3.1,3.1,3.1,3.1,0
2023-04-20,3.1,3.1,3.1,3.1,0
2023-04-21,3.1,3.1,3.1,3.1,0
2023-04-24,3.1,3.1,3.1,3.1,0
2023-04-25,3.1,3.1,3.1,3.1,0
2023-04-26,3.1,3.1,3.1,3.1,0
2023-04-27,3.1,3.1,3.1,3.1,0
2023-04-28,3.1,3.1,3.1,3.1,0
2023-05-04,3.1,3.1,3.1,3.1,0
2023-05-05,3.1,3.1,3.1,3.1,0
2023-05-08,3.1,3.1,3.1,3.1,0
2023-05-09,3.1,3.1,3.1,3.1,0
2023-05-10,3.1,3.1,3.1,3.1,0
2023-05-11,3.1,3.1,3.1,3.1,0
2023-05-12,3.1,3.1,3.1,3.1,0
2023-05-15,3.1,3.1,3.1,3.1,0
2023-05-16,3.1,3.1,3.1,3.1,0
2023-05-17,3.1,3.1,3.1,3.1,0
2023-05-18,3.1,3.1,3.1,3.1,0
2023-05-19,3.1,3.1,3.1,3.1,0
2023-05-22,3.1,3.1,3.1,3.1,0
2023-05-23,3.1,3.1,3.1,3.1,0
2023-05-24,3.1,3.1,3.1,3.1,0
2023-05-25,3.1,3.1,3.1,3.1,0
2023-05-26,3.1,3.1,3.1,3.1,0
2023-05-29,3.1,3.1,3.1,3.1,0
2023-05-30,3.1,3.1,3.1,3.1,0
2023-05-31,3.1,3.1,3.1,3.1,0
2023-06-01,3.1,3.1,3.1,3.1,0
2023-06-02,3.1,3.1,3.1,3.1,0
2023-06-05,3.1,3.1,3.1,3.1,0
2023-06-06,3.1,3.1,3.1,3.1,0
2023-06-07,3.1,3.1,3.1,3.1,0
2023-06-08,3.1,3.1,3.1,3.1,0
2023-06-09,3.1,3.1,3.1,3.1,0
2023-06-12,3.1,3.1,3.1,3.1,0
2023-06-13,3.1,3.1,3.1,3.1,0
2023-06-14,3.1,3.1,3.1,3.1,0
2023-06-15,3.1,3.1,3.1,3.1,0
2023-06-16,3.1,3.1,3.1,3.1,0
2023-06-19,3.1,3.1,3.1,3.1,0
2023-06-20,3.1,3.1,3.1,3.1,0
2023-06-21,3.1,3.1,3.1,3.1,0
2023-06-22,3.1,3.1,3.1,3.1,0
2023-06-23,3.1,3.1,3.1,3.1,0
2023-06-26,3.1,3.1,3.1,3.1,0
2023-06-27,3.1,3.1,3.1,3.1,0
2023-06-28,3.1,3.1,3.1,3.1,0
2023-06-29,3.1,3.1,3.1,3.1,0
2023-06-30,3.1,3.1,3.1,3.1,0
2023-07-03,3.1,3.1,3.1,3.1,0
2023-07-04,3.1,3.1,3.1,3.1,0
2023-07-05,3.1,3.1,3.1,3.1,0
2023-07-06,3.1,3.1,3.1,3.1,0
2023-07-07,3.1,3.1,3.1,3.1,0
2023-07-10,3.1,3.1,3.1,3.1,0
2023-07-11,3.1,3.1,3.1,3.1,0
2023-07-12,3.1,3.1,3.1,3.1,0
2023-07-13,3.1,3.1,3.1,3.1,0
2023-07-14,3.1,3.1,3.1,3.1,0
2023-07-17,3.1,3.1,3.1,3.1,0
2023-07-18,3.1,3.1,3.1,3.1,0
2023-07-19,3.1,3.1,3.1,3.1,0
2023-07-20,3.1,3.1,3.1,3.1,0
2023-07-21,3.1,3.1,3.1,3.1,0
2023-07-24,3.1,3.1,3.1,3.1,0
2023-07-25,3.1,3.1,3.1,3.1,0
2023-07-26,3.1,3.1,3.1,3.1,0
2023-07-27,3.1,3.1,3.1,3.1,0
2023-07-28,3.1,3.1,3.1,3.1,0
2023-07-31,3.1,3.1,3.1,3.1,0
2023-08-01,3.1,3.1,3.1,3.1,0
2023-08-02,3.1,3.1,3.1,3.1,0
2023-08-03,3.1,3.1,3.1,3.1,0
2023-08-04,3.1,3.1,3.1,3.1,0
2023-08-07,3.1,3.1,3.1,3.1,0
2023-08-08,3.1,3.1,3.1,3.1,0
2023-08-09,3.1,3.1,3.1,3.1,0
2023-08-10,3.1,3.1,3.1,3.1,0
2023-08-11,3.1,3.1,3.1,3.1,0
2023-08-14,3.1,3.1,3.1,3.1,0
2023-08-15,3.1,3.1,3.1,3.1,0
2023-08-16,3.1,3.1,3.1,3.1,0
2023-08-17,3.1,3.1,3.1,3.1,0
2023-08-18,3.1,3.1,3.1,3.1,0
2023-08-21,3.1,3.1,3.1,3.1,0
2023-08-22,3.1,3.1,3.1,3.1,0
2023-08-23,3.1,3.1,3.1,3.1,0
2023-08-24,3.1,3.1,3.1,3.1,0
2023-08-25,3.1,3.1,3.1,3.1,0
2023-08-28,3.1,3.1,3.1,3.1,0
2023-08-29,3.1,3.1,3.1,3.1,0
2023-08-30,3.1,3.1,3.1,3.1,0
2023-08-31,3.1,3.1,3.1,3.1,0
2023-09-05,3.1,3.1,3.1,3.1,0
2023-09-06,3.1,3.1,3.1,3.1,0
2023-09-07,3.1,3.1,3.1,3.1,0
2023-09-08,3.1,3.1,3.1,3.1,0
2023-09-11,3.1,3.1,3.1,3.1,0
2023-09-12,3.1,3.1,3.1,3.1,0
2023-09-13,3.1,3.1,3.1,3.1,0
2023-09-14,3.1,3.1,3.1,3.1,0
2023-09-15,3.1,3.1,3.1,3.1,0
2023-09-18,3.1,3.1,3.1,3.1,0
2023-09-19,3.1,3.1,3.1,3.1,0
2023-09-20,3.1,3.1,3.1,3.1,0
2023-09-21,3.1,3.1,3.1,3.1,0
2023-09-22,3.1,3.1,3.1,3.1,0
2023-09-25,3.1,3.1,3.1,3.1,0
2023-09-26,3.1,3.1,3.1,3.1,0
2023-09-27,3.1,3.1,3.1,3.1,0
2023-09-28,3.1,3.1,3.1,3.1,0
2023-09-29,3.1,3.1,3.1,3.1,0
2023-10-02,3.1,3.1,3.1,3.1,0
2023-10-03,3.1,3.1,3.1,3.1,0
2023-10-04,3.1,3.1,3.1,3.1,0
2023-10-05,3.1,3.1,3.1,3.1,0
2023-10-06,3.1,3.1,3.1,3.1,0
2023-10-09,3.1,3.1,3.1,3.1,0
2023-10-10,3.1,3.1,3.1,3.1,0
2023-10-11,3.1,3.1,3.1,3.1,0
2023-10-12,3.1,3.1,3.1,3.1,0
2023-10-13,3.1,3.1,3.1,3.1,0
2023-10-16,3.1,3.1,3.1,3.1,0
2023-10-17,3.1,3.1,3.1,3.1,0
2023-10-18,3.1,3.1,3.1,3.1,0
2023-10-19,3.1,3.1,3.1,3.1,0
2023-10-20,3.1,3.1,3.1,3.1,0
2023-10-23,3.1,3.1,3.1,3.1,0
2023-10-24,3.1,3.1,3.1,3.1,0
2023-10-25,3.1,3.1,3.1,3.1,0
2023-10-26,3.1,3.1,3.1,3.1,0
2023-10-27,3.1,3.1,3.1,3.1,0
2023-10-30,3.1,3.1,3.1,3.1,0
2023-10-31,3.1,3.1,3.1,3.1,0
2023-11-01,3.1,3.1,3.1,3.1,0
2023-11-02,3.1,3.1,3.1,3.1,0
2023-11-03,3.1,3.1,3.1,3.1,0
2023-11-06,3.1,3.1,3.1,3.1,0
2023-11-07,3.1,3.1,3.1,3.1,0
2023-11-08,3.1,3.1,3.1,3.1,0
2023-11-09,3.1,3.1,3.1,3.1,0
2023-11-10,3.1,3.1,3.1,3.1,0
2023-11-13,3.1,3.1,3.1,3.1,0
2023-11-14,3.1,3.1,3.1,3.1,0
2023-11-15,3.1,3.1,3.1,3.1,0
2023-11-16,3.1,3.1,3.1,3.1,0
2023-11-17,3.1,3.1,3.1,3.1,0
2023-11-20,3.1,3.1,3.1,3.1,0
2023-11-21,3.1,3.1,3.1,3.1,0
2023-11-22,3.1,3.1,3.1,3.1,0
2023-11-23,3.1,3.1,3.1,3.1,0
2023-11-24,3.1,3.1,3.1,3.1,0
2023-11-27,3.1,3.1,3.1,3.1,0
2023-11-28,3.1,3.1,3.1,3.1,0
2023-11-29,3.1,3.1,3.1,3.1,0
2023-11-30,3.1,3.1,3.1,3.1,0
2023-12-01,3.1,3.1,3.1,3.1,0
2023-12-04,3.1,3.1,3.1,3.1,0
2023-12-05,3.1,3.1,3.1,3.1,0
2023-12-06,3.1,3.1,3.1,3.1,0
2023-12-07,3.1,3.1,3.1,3.1,0
2023-12-08,3.1,3.1,3.1,3.1,0
2023-12-11,3.1,3.1,3.1,3.1,0
2023-12-12,3.1,3.1,3.1,3.1,0
2023-12-13,3.1,3.1,3.1,3.1,0
2023-12-14,3.1,3.1,3.1,3.1,0
2023-12-15,3.1,3.1,3.1,3.1,0
2023-12-18,3.1,3.1,3.1,3.1,0
2023-12-19,3.1,3.1,3.1,3.1,0
2023-12-20,3.1,3.1,3.1,3.1,0
2023-12-21,3.1,3.1,3.1,3.1,0
2023-12-22,3.1,3.1,3.1,3.1,0
2023-12-25,3.1,3.1,3.1,3.1,0
2023-12-26,3.1,3.1,3.1,3.1,0
2023-12-27,3.1,3.1,3.1,3.1,0
2023-12-28,3.1,3.1,3.1,3.1,0
2023-12-29,3.1,3.1,3.1,3.1,0
2024-01-02,3.1,3.1,3.1,3.1,0
2024-01-03,3.1,3.1,3.1,3.1,0
2024-01-04,3.1,3.1,3.1,3.1,0
2024-01-05,3.1,3.1,3.1,3.1,0
2024-01-08,3.1,3.1,3.1,3.1,0
2024-01-09,3.1,3.1,3.1,3.1,0
2024-01-10,3.1,3.1,3.1,3.1,0
2024-01-11,3.1,3.1,3.1,3.1,0
2024-01-12,3.1,3.1,3.1,3.1,0
2024-01-15,3.1,3.1,3.1,3.1,0
2024-01-16,3.1,3.1,3.1,3.1,0
2024-01-17,3.1,3.1,3.1,3.1,0
2024-01-18,3.1,3.1,3.1,3.1,0
2024-01-19,3.1,3.1,3.1,3.1,0
2024-01-22,3.1,3.1,3.1,3.1,0
2024-01-23,3.1,3.1,3.1,3.1,0
2024-01-24,3.1,3.1,3.1,3.1,0
2024-01-25,3.1,3.1,3.1,3.1,0
2024-01-26,3.1,3.1,3.1,3.1,0
2024-01-29,3.1,3.1,3.1,3.1,0
2024-01-30,3.1,3.1,3.1,3.1,0
2024-01-31,3.1,3.1,3.1,3.1,0
2024-02-01,3.1,3.1,3.1,3.1,0
2024-02-02,3.1,3.1,3.1,3.1,0
2024-02-05,3.1,3.1,3.1,3.1,0
2024-02-06,3.1,3.1,3.1,3.1,0
2024-02-07,3.1,3.1,3.1,3.1,0
2024-02-15,3.1,3.1,3.1,3.1,0
2024-02-16,3.1,3.1,3.1,3.1,0
2024-02-19,3.1,3.1,3.1,3.1,0
2024-02-20,3.1,3.1,3.1,3.1,0
2024-02-21,3.1,3.1,3.1,3.1,0
2024-02-22,3.1,3.1,3.1,3.1,0
2024-02-23,3.1,3.1,3.1,3.1,0
2024-02-26,3.1,3.1,3.1,3.1,0
2024-02-27,3.1,3.1,3.1,3.1,0
2024-02-28,3.1,3.1,3.1,3.1,0
2024-02-29,3.1,3.1,3.1,3.1,0
2024-03-01,3.1,3.1,3.1,3.1,0
2024-03-04,3.1,3.1,3.1,3.1,0
2024-03-05,3.1,3.1,3.1,3.1,0
2024-03-06,3.1,3.1,3.1,3.1,0
2024-03-07,3.1,3.1,3.1,3.1,0
2024-03-08,3.1,3.1,3.1,3.1,0
2024-03-11,3.1,3.1,3.1,3.1,0
2024-03-12,3.1,3.1,3.1,3.1,0
2024-03-13,3.1,3.1,3.1,3.1,0
2024-03-14,3.1,3.1,3.1,3.1,0
2024-03-15,3.1,3.1,3.1,3.1,0
2024-03-18,3.1,3.1,3.1,3.1,0
2024-03-19,3.1,3.1,3.1,3.1,0
2024-03-20,3.1,3.1,3.1,3.1,0
2024-03-21,3.1,3.1,3.1,3.1,0
2024-03-22,3.1,3.1,3.1,3.1,0
2024-03-25,3.1,3.1,3.1,3.1,0
2024-03-26,3.1,3.1,3.1,3.1,0
2024-03-27,3.1,3.1,3.1,3.1,0
2024-03-28,3.1,3.1,3.1,3.1,0
2024-03-29,3.1,3.1,3.1,3.1,0
2024-04-01,3.1,3.1,3.1,3.1,0
2024-04-02,3.1,3.1,3.1,3.1,0
2024-04-03,3.1,3.1,3.1,3.1,0
2024-04-04,3.1,3.1,3.1,3.1,0
2024-04-05,3.1,3.1,3.1,3.1,0
2024-04-08,3.1,3.1,3.1,3.1,0
2024-04-09,3.1,3.1,3.1,3.1,0
2024-04-10,3.1,3.1,3.1,3.1,0
2024-04-11,3.1,3.1,3.1,3.1,0
2024-04-12,3.1,3.1,3.1,3.1,0
2024-04-15,3.1,3.1,3.1,3.1,0
2024-04-16,3.1,3.1,3.1,3.1,0
2024-04-17,3.1,3.1,3.1,3.1,0
2024-04-19,3.1,3.1,3.1,3.1,0
2024-04-22,3.1,3.1,3.1,3.1,0
2024-04-23,3.1,3.1,3.1,3.1,0
2024-04-24,3.1,3.1,3.1,3.1,0
2024-04-25,3.1,3.1,3.1,3.1,0
2024-04-26,3.1,3.1,3.1,3.1,0
2024-05-02,3.1,3.1,3.1,3.1,0
2024-05-03,3.1,3.1,3.1,3.1,0
2024-05-06,3.1,3.1,3.1,3.1,0
2024-05-07,3.1,3.1,3.1,3.1,0
2024-05-08,3.1,3.1,3.1,3.1,0
2024-05-09,3.1,3.1,3.1,3.1,0
2024-05-10,3.1,3.1,3.1,3.1,0
2024-05-13,3.1,3.1,3.1,3.1,0
2024-05-14,3.1,3.1,3.1,3.1,0
2024-05-15,3.1,3.1,3.1,3.1,0
2024-05-16,3.1,3.1,3.1,3.1,0
2024-05-17,3.1,3.1,3.1,3.1,0
2024-05-20,3.1,3.1,3.1,3.1,0
2024-05-21,3.1,3.1,3.1,3.1,0
2024-05-22,3.1,3.1,3.1,3.1,0
2024-05-23,3.1,3.1,3.1,3.1,0
2024-05-24,3.1,3.1,3.1,3.1,0
2024-05-27,3.1,3.1,3.1,3.1,0
2024-05-28,3.1,3.1,3.1,3.1,0
2024-05-29,3.1,3.1,3.1,3.1,0
2024-05-30,3.1,3.1,3.1,3.1,0
2024-05-31,3.1,3.1,3.1,3.1,0
2024-06-03,3.1,3.1,3.1,3.1,0
2024-06-04,3.1,3.1,3.1,3.1,0
2024-06-05,3.1,3.1,3.1,3.1,0
2024-06-06,3.1,3.1,3.1,3.1,0
2024-06-07,3.1,3.1,3.1,3.1,0
2024-06-10,3.1,3.1,3.1,3.1,0
2024-06-11,3.1,3.1,3.1,3.1,0
2024-06-12,3.1,3.1,3.1,3.1,0
2024-06-13,3.1,3.1,3.1,3.1,0
2024-06-14,3.1,3.1,3.1,3.1,0
2024-06-17,3.1,3.1,3.1,3.1,0
2024-06-18,3.1,3.1,3.1,3.1,0
2024-06-19,3.1,3.1,3.1,3.1,0
2024-06-20,3.1,3.1,3.1,3.1,0
2024-06-21,3.1,3.1,3.1,3.1,0
2024-06-24,3.1,3.1,3.1,3.1,0
2024-06-25,3.1,3.1,3.1,3.1,0
2024-06-26,3.1,3.1,3.1,3.1,0
2024-06-27,3.1,3.1,3.1,3.1,0
2024-06-28,3.1,3.1,3.1,3.1,0
2024-07-01,3.1,3.1,3.1,3.1,0
2024-07-02,3.1,3.1,3.1,3.1,0
2024-07-03,3.1,3.1,3.1,3.1,0
2024-07-04,3.1,3.1,3.1,3.1,0
2024-07-05,3.1,3.1,3.1,3.1,0
2024-07-08,3.1,3.1,3.1,3.1,0
2024-07-09,3.1,3.1,3.1,3.1,0
2024-07-10,3.1,3.1,3.1,3.1,0
2024-07-11,3.1,3.1,3.1,3.1,0
2024-07-12,3.1,3.1,3.1,3.1,0
2024-07-15,3.1,3.1,3.1,3.1,0
2024-07-16,3.1,3.1,3.1,3.1,0
2024-07-17,3.1,3.1,3.1,3.1,0
2024-07-18,3.1,3.1,3.1,3.1,0
2024-07-19,3.1,3.1,3.1,3.1,0
2024-07-22,3.1,3.1,3.1,3.1,0
2024-07-23,3.1,3.1,3.1,3.1,0
2024-07-24,3.1,3.1,3.1,3.1,0
2024-07-25,3.1,3.1,3.1,3.1,0
