time,open,high,low,close,volume
2006-12-28,28.64,31.16,28.64,30.4,34900
2006-12-29,33.44,33.44,32.0,33.1,49500
2007-01-02,36.38,36.38,36.38,36.38,45200
2007-01-03,40.01,40.01,40.01,40.01,36700
2007-01-04,43.96,43.96,39.58,41.86,57300
2007-01-05,41.86,41.86,38.74,40.51,27100
2007-01-08,36.47,38.66,36.47,37.82,18700
2007-01-09,36.22,36.22,34.11,34.53,34100
2007-01-10,34.53,34.53,32.51,33.69,38600
2007-01-11,33.69,33.69,32.85,33.69,57200
2007-01-12,36.72,36.72,33.69,34.53,39500
2007-01-15,34.95,36.22,33.69,35.37,47100
2007-01-16,35.79,37.9,34.53,36.22,75000
2007-01-17,37.9,37.9,33.69,33.69,45600
2007-01-18,35.79,35.79,32.85,32.85,40500
2007-01-19,36.22,36.8,32.85,32.85,47100
2007-01-22,33.69,33.69,30.74,32.85,47800
2007-01-23,32.43,32.85,32.43,32.43,32400
2007-01-24,32.43,32.85,31.58,32.0,29700
2007-01-25,31.67,32.34,31.16,31.67,37500
2007-01-26,31.33,32.43,31.16,32.43,34500
2007-01-29,33.69,33.69,32.43,32.85,46200
2007-01-30,33.52,33.69,33.27,33.69,87500
2007-01-31,33.69,34.11,33.6,34.11,78600
2007-02-01,35.37,35.37,34.19,34.45,28200
2007-02-02,34.53,36.22,33.69,34.53,75700
2007-02-05,34.95,35.37,34.36,34.45,98700
2007-02-06,34.53,35.37,34.11,34.53,79100
2007-02-07,34.53,34.95,31.16,34.28,48300
2007-02-08,33.86,34.53,33.27,33.69,43000
2007-02-09,34.53,34.53,33.27,33.77,70400
2007-02-12,33.86,34.53,33.69,34.11,41300
2007-02-13,34.11,34.87,33.69,34.61,45100
2007-02-14,34.53,34.95,33.69,34.53,38900
2007-02-15,36.22,36.64,34.53,36.64,53000
2007-02-26,39.08,39.08,37.9,39.08,37800
2007-02-27,42.87,42.87,42.11,42.87,119800
2007-02-28,47.08,47.08,42.87,45.9,246800
2007-03-01,46.32,46.32,41.35,45.06,105300
2007-03-02,44.22,44.22,42.11,45.06,98700
2007-03-05,43.79,46.32,42.11,45.9,119200
2007-03-06,49.44,49.44,47.16,49.44,143500
2007-03-07,53.48,53.48,53.48,53.48,61900
2007-03-08,58.79,58.79,58.79,58.79,125300
2007-03-09,64.6,64.6,57.02,57.02,232400
2007-03-12,64.01,64.01,57.44,57.44,56400
2007-03-13,51.88,57.27,51.88,55.16,161200
2007-03-14,53.9,54.74,51.37,55.16,146200
2007-03-15,50.53,51.88,48.01,49.52,68200
2007-03-16,48.85,55.59,46.32,55.59,99500
2007-03-19,58.53,59.46,55.16,56.43,130700
2007-03-20,58.95,58.95,52.05,53.9,33700
2007-03-21,53.9,53.9,50.53,52.64,27300
2007-03-22,51.29,52.55,50.45,50.53,60700
2007-03-23,50.87,51.8,49.35,51.37,49300
2007-03-26,45.48,50.95,45.48,51.37,25400
2007-03-27,43.37,43.37,42.87,51.37,18400
2007-03-28,38.66,47.08,38.66,47.0,43300
2007-03-29,44.55,44.55,44.55,44.55,7000
2007-03-30,48.93,48.93,48.09,44.55,104100
2007-04-02,47.16,49.69,44.22,45.48,24500
2007-04-03,44.64,45.82,43.79,44.3,21500
2007-04-04,45.48,48.01,45.48,47.16,19100
2007-04-05,47.08,47.16,42.95,44.64,28600
2007-04-06,45.06,45.06,42.11,44.13,32300
2007-04-09,43.04,43.79,42.19,43.71,22200
2007-04-10,43.79,43.79,43.37,43.71,13600
2007-04-11,42.53,44.64,42.11,43.71,18500
2007-04-12,43.37,43.37,41.27,41.69,14000
2007-04-13,42.11,42.11,38.74,39.08,27300
2007-04-16,38.74,39.42,35.79,35.79,24200
2007-04-17,32.51,36.22,32.51,34.11,31800
2007-04-18,34.11,36.72,34.11,36.72,8800
2007-04-19,39.84,39.84,37.14,37.9,64100
2007-04-20,37.06,37.9,35.63,35.63,24500
2007-04-23,35.46,35.79,33.35,34.53,25300
2007-04-24,33.86,37.06,33.35,35.46,27400
2007-04-25,35.37,37.06,34.53,35.29,28500
2007-05-02,35.04,35.37,34.95,35.04,12400
2007-05-03,34.53,35.37,34.11,34.53,4400
2007-05-04,34.95,34.95,33.77,34.11,15800
2007-05-07,34.53,35.79,34.19,35.37,29400
2007-05-08,36.22,36.22,35.37,35.79,17000
2007-05-09,35.79,36.3,34.61,34.61,17400
2007-05-10,34.28,34.53,34.11,34.36,11000
2007-05-11,34.36,34.45,32.85,34.45,24600
2007-05-14,34.53,34.95,33.69,34.53,45100
2007-05-15,34.53,34.53,33.69,34.11,14600
2007-05-16,33.69,33.69,33.27,33.69,12200
2007-05-17,32.85,33.69,32.0,33.27,14000
2007-05-18,33.69,33.69,32.85,33.44,12500
2007-05-21,33.27,33.27,32.85,33.18,21400
2007-05-22,33.69,36.22,33.01,36.22,65900
2007-05-23,37.9,38.74,35.46,35.46,55400
2007-05-24,33.44,34.11,33.44,33.69,29800
2007-05-25,32.34,34.11,32.34,34.11,36000
2007-05-28,34.11,34.19,33.69,33.94,20900
2007-05-29,33.69,34.53,33.27,33.69,24000
2007-05-30,32.85,33.69,32.85,33.44,20900
2007-05-31,33.18,33.69,33.18,33.69,37800
2007-06-01,33.69,34.11,33.27,33.69,42800
2007-06-04,30.32,32.85,30.32,32.0,2900
2007-06-05,32.0,32.34,31.58,32.0,11700
2007-06-06,32.0,32.09,31.41,32.0,5300
2007-06-07,32.43,32.43,31.84,32.09,21800
2007-06-08,32.17,32.17,32.0,32.0,4300
2007-06-11,32.0,32.0,31.5,31.5,8700
2007-06-12,31.16,32.0,31.16,31.58,8100
2007-06-13,30.74,31.16,30.74,30.99,6200
2007-06-14,30.74,31.16,30.74,30.82,4600
2007-06-15,30.74,30.91,27.88,30.91,23000
2007-06-18,29.9,30.32,29.65,30.24,12300
2007-06-19,29.48,29.9,28.21,29.65,24700
2007-06-20,28.47,29.48,28.47,29.48,10400
2007-06-21,29.48,29.48,28.72,29.22,13900
2007-06-22,29.06,29.48,29.06,29.06,8300
2007-06-25,28.64,28.64,27.96,27.96,13300
2007-06-26,27.96,28.13,27.79,27.79,7200
2007-06-27,27.79,28.64,27.79,28.05,4700
2007-06-28,27.96,27.96,26.11,26.11,7200
2007-06-29,26.95,26.95,25.27,25.43,8600
2007-07-02,25.27,27.79,24.42,24.0,11800
2007-07-03,23.58,24.42,22.74,23.58,13100
2007-07-04,23.58,25.27,23.58,25.43,9900
2007-07-05,25.27,27.79,24.42,25.43,26000
2007-07-06,26.11,26.11,26.11,25.69,9600
2007-07-09,26.11,26.11,25.27,26.11,4200
2007-07-10,26.95,27.79,26.95,27.79,20000
2007-07-11,28.64,29.48,27.79,28.64,34100
2007-07-12,28.64,28.64,27.79,28.21,18300
2007-07-13,27.79,28.64,27.79,28.64,9400
2007-07-16,27.79,27.79,26.95,26.53,11600
2007-07-17,25.27,26.95,25.27,26.95,5400
2007-07-18,26.11,26.95,26.11,26.28,9500
2007-07-19,26.11,26.11,26.11,25.69,8000
2007-07-20,26.11,26.95,26.11,26.11,14000
2007-07-23,26.11,26.95,26.11,26.11,5000
2007-07-24,26.11,26.11,26.11,25.77,4700
2007-07-25,26.95,26.95,25.27,25.69,8400
2007-07-26,25.27,25.27,25.27,25.1,5500
2007-07-27,24.42,25.27,24.42,24.59,7500
2007-07-30,24.42,24.42,24.42,24.26,7300
2007-07-31,24.42,24.42,24.42,24.0,15000
2007-08-01,23.58,25.27,23.58,25.18,9400
2007-08-02,25.27,25.27,24.42,24.42,7000
2007-08-03,24.42,24.42,24.42,24.42,6000
2007-08-06,24.42,24.42,23.58,23.75,10800
2007-08-07,23.58,24.42,23.58,24.0,8700
2007-08-08,24.42,24.42,24.42,24.42,5200
2007-08-09,23.58,24.42,23.58,24.76,9600
2007-08-10,24.42,24.42,24.42,24.26,3800
2007-08-13,24.42,24.42,22.74,23.16,5300
2007-08-14,23.58,23.58,23.58,23.58,4700
2007-08-15,23.58,23.58,23.58,23.75,17000
2007-08-16,23.58,23.58,23.58,23.58,8300
2007-08-17,23.58,23.58,23.58,23.16,13700
2007-08-20,23.58,23.58,22.74,23.16,7300
2007-08-21,22.74,22.74,22.74,22.99,7300
2007-08-22,22.74,22.74,22.74,22.74,7400
2007-08-23,22.74,22.74,22.74,22.49,10400
2007-08-24,22.74,22.74,22.74,22.74,10800
2007-08-27,23.58,23.58,22.74,22.74,3200
2007-08-28,22.74,22.74,22.74,22.74,5800
2007-08-29,22.74,22.74,22.74,22.57,19000
2007-08-30,22.74,22.74,22.74,22.4,4800
2007-08-31,22.74,22.74,22.74,22.74,13300
2007-09-04,22.74,23.58,22.74,22.74,4500
2007-09-05,22.74,23.58,22.74,22.74,11400
2007-09-06,22.74,22.74,22.74,22.74,6500
2007-09-07,22.74,23.58,22.74,23.16,32000
2007-09-10,23.58,24.34,23.58,24.34,33000
2007-09-11,24.42,26.95,24.42,25.86,34000
2007-09-12,25.69,26.95,25.27,25.52,42500
2007-09-13,25.69,25.69,24.42,24.51,32600
2007-09-14,24.42,25.27,24.42,24.85,16900
2007-09-17,26.11,26.11,24.42,24.42,17100
2007-09-18,24.85,24.85,24.0,24.42,13900
2007-09-19,24.0,25.27,24.0,24.85,23100
2007-09-20,25.27,25.94,25.27,25.43,33900
2007-09-21,25.27,25.43,24.85,24.85,33100
2007-09-24,24.85,26.11,24.85,25.77,38800
2007-09-25,26.95,27.79,26.53,27.71,70200
2007-09-26,27.79,28.64,27.37,28.64,109000
2007-09-27,28.64,28.64,27.37,28.21,33800
2007-09-28,28.21,30.74,28.21,29.9,56500
2007-10-01,32.43,32.43,32.43,32.43,60600
2007-10-02,35.63,35.63,29.22,32.76,105500
2007-10-03,33.69,33.69,30.49,33.27,91400
2007-10-04,33.18,33.18,32.0,32.26,99600
2007-10-05,32.85,32.85,30.32,30.32,73400
2007-10-08,32.0,32.0,30.49,30.66,48100
2007-10-09,30.74,32.0,30.74,30.99,23300
2007-10-10,31.33,31.58,30.57,31.16,49700
2007-10-11,31.58,31.92,30.74,31.08,42500
2007-10-12,31.16,31.58,30.82,31.16,68700
2007-10-15,31.58,34.28,31.58,34.28,161900
2007-10-16,36.64,36.64,36.64,36.64,118600
2007-10-17,40.26,40.26,33.01,34.19,237500
2007-10-18,37.9,37.9,34.53,34.53,79800
2007-10-19,33.69,37.9,32.85,36.97,161400
2007-10-22,36.22,37.9,34.95,35.37,128600
2007-10-23,35.37,36.38,34.61,35.29,40800
2007-10-24,35.79,35.79,31.92,35.04,66500
2007-10-25,35.37,38.24,34.95,38.24,279200
2007-10-26,41.18,41.18,41.18,41.18,237400
2007-10-29,45.23,45.23,39.67,43.71,506900
2007-10-30,43.63,43.79,40.43,41.52,103500
2007-10-31,37.9,40.43,37.73,38.32,182600
2007-11-01,38.74,42.03,36.22,42.03,169100
2007-11-02,43.71,43.71,38.74,40.01,96500
2007-11-05,38.91,39.5,36.72,37.9,122400
2007-11-06,37.48,37.48,36.22,37.06,84100
2007-11-07,36.64,38.74,36.64,36.72,68000
2007-11-08,37.06,37.06,35.37,35.37,76800
2007-11-09,32.59,36.22,32.59,34.95,71800
2007-11-12,34.11,34.28,32.43,32.43,50400
2007-11-13,32.0,32.0,29.98,30.32,43900
2007-11-14,29.9,33.52,29.9,33.52,20900
2007-11-15,35.88,35.88,31.16,32.68,47100
2007-11-16,32.43,33.27,31.16,32.68,31900
2007-11-19,34.36,34.36,32.43,33.1,38400
2007-11-20,33.44,33.44,32.43,32.51,31700
2007-11-21,32.43,32.76,31.58,32.76,36900
2007-11-22,32.85,33.69,31.58,32.0,38200
2007-11-23,32.85,32.85,32.17,32.59,8700
2007-11-26,32.51,33.27,32.43,32.85,16500
2007-11-27,33.18,33.27,32.59,32.85,37900
2007-11-28,33.27,33.35,32.85,33.27,25400
2007-11-29,33.69,33.69,33.01,33.01,43500
2007-11-30,33.27,33.69,32.93,33.01,25600
2007-12-03,33.27,33.52,32.43,33.01,21200
2007-12-04,33.69,35.79,32.93,34.78,86900
2007-12-05,35.79,35.79,33.69,34.61,30500
2007-12-06,34.11,34.53,33.27,34.45,30100
2007-12-07,33.52,34.53,33.52,34.36,29700
2007-12-10,33.69,34.11,33.44,33.77,26700
2007-12-11,33.69,33.86,32.59,32.85,14700
2007-12-12,32.59,34.11,32.43,33.69,54300
2007-12-13,33.69,33.69,32.59,33.44,14900
2007-12-14,33.69,34.11,33.01,33.6,34300
2007-12-17,33.35,33.6,32.0,32.0,18800
2007-12-18,32.85,32.85,32.43,32.68,26200
2007-12-19,32.85,33.69,32.85,33.27,15000
2007-12-20,32.76,32.85,31.67,32.0,10700
2007-12-21,34.11,34.11,32.0,32.0,5400
2007-12-24,33.27,33.27,32.0,32.76,10400
2007-12-25,32.43,32.43,32.0,32.17,13500
2007-12-26,32.0,32.34,32.0,32.34,5500
2007-12-27,32.34,32.34,31.16,32.0,11300
2007-12-28,32.0,32.0,31.75,32.0,11400
2008-01-02,32.09,32.43,31.33,31.58,11000
2008-01-03,31.16,32.85,30.49,32.85,17000
2008-01-04,31.58,31.58,30.99,30.99,13200
2008-01-07,28.21,30.32,28.21,30.32,17000
2008-01-08,30.74,31.75,29.73,29.9,23300
2008-01-09,31.25,31.25,29.48,29.73,11200
2008-01-10,28.47,29.31,28.3,29.31,20100
2008-01-11,29.48,30.4,28.8,29.81,28700
2008-01-14,30.32,30.32,27.46,27.71,20700
2008-01-15,27.79,27.79,25.27,25.86,16100
2008-01-16,28.64,28.72,28.21,28.72,10400
2008-01-17,31.33,31.41,28.21,28.55,15700
2008-01-18,28.64,29.9,28.21,29.06,7400
2008-01-21,29.06,29.06,27.88,28.64,6600
2008-01-22,26.7,27.79,26.11,26.95,19300
2008-01-23,26.19,26.95,25.27,26.11,21400
2008-01-24,27.37,28.21,25.77,26.19,43300
2008-01-25,26.11,27.03,26.11,27.03,15800
2008-01-28,26.19,26.78,25.69,26.53,6400
2008-01-29,26.28,27.79,25.69,27.37,22200
2008-01-30,28.64,29.14,28.64,29.14,33100
2008-01-31,31.58,31.58,27.79,29.31,28200
2008-02-01,29.48,30.32,29.48,29.98,19500
2008-02-12,32.0,32.0,29.98,29.98,4500
2008-02-13,28.13,28.64,27.71,27.71,24600
2008-02-14,29.48,29.48,27.71,27.96,13500
2008-02-15,27.71,28.64,27.37,27.88,6700
2008-02-18,27.88,27.88,25.27,26.53,28600
2008-02-19,26.11,27.79,26.11,26.53,23900
2008-02-20,26.95,26.95,24.42,24.42,25500
2008-02-21,25.69,25.69,23.41,23.41,52200
2008-02-22,21.56,23.83,21.31,23.83,35100
2008-02-25,24.42,24.42,24.42,24.42,15800
2008-02-26,24.42,26.53,23.08,23.16,32100
2008-02-27,24.0,25.27,23.58,24.0,17000
2008-02-28,24.0,24.09,23.41,23.41,13700
2008-02-29,23.41,23.41,22.49,23.25,27200
2008-03-03,22.32,22.32,21.06,21.06,18900
2008-03-04,21.31,21.31,19.29,19.29,49200
2008-03-05,19.29,19.62,17.43,19.29,55800
2008-03-06,20.47,20.47,20.47,20.47,10400
2008-03-07,20.21,22.49,20.21,22.49,19200
2008-03-10,24.42,24.59,22.74,23.5,79100
2008-03-11,24.0,24.0,21.64,21.64,40200
2008-03-12,22.66,22.99,21.22,22.32,19000
2008-03-13,23.16,23.58,22.32,22.74,17200
2008-03-14,22.74,22.74,21.48,22.74,7800
2008-03-17,23.58,23.58,20.3,20.3,28500
2008-03-18,18.87,19.71,18.7,18.87,72100
2008-03-19,19.37,20.47,18.53,18.95,41400
2008-03-20,20.21,20.63,18.53,19.12,24400
2008-03-21,18.61,18.7,18.11,18.44,24700
2008-03-24,16.93,16.93,16.59,16.68,39800
2008-03-25,15.33,16.42,14.99,14.99,41800
2008-03-26,13.64,16.51,13.64,15.58,58400
2008-03-27,15.67,15.67,15.67,15.67,600
2008-03-28,15.92,15.92,15.92,15.92,600
2008-03-31,16.17,16.17,16.17,16.17,3600
2008-04-01,16.42,16.42,16.42,16.42,1600
2008-04-02,16.68,16.68,16.68,16.68,100
2008-04-03,16.93,16.93,16.93,16.93,300
2008-04-04,17.27,17.27,17.27,17.27,500
2008-04-07,17.77,17.77,17.77,17.77,9800
2008-04-08,18.28,18.28,17.27,17.85,76400
2008-04-09,17.52,17.69,17.27,17.27,28900
2008-04-10,16.84,16.84,16.84,16.84,4400
2008-04-11,16.34,16.59,16.34,16.51,23700
2008-04-16,15.92,16.0,15.92,15.92,8500
2008-04-17,15.5,16.34,15.5,16.0,26700
2008-04-18,16.25,16.25,15.41,15.67,19200
2008-04-21,15.58,15.58,15.33,15.33,4300
2008-04-22,15.24,15.58,14.99,15.5,27600
2008-04-23,14.99,15.16,14.82,15.16,25700
2008-04-24,14.57,15.33,14.57,14.65,34800
2008-04-25,14.57,15.41,14.57,15.16,31400
2008-04-28,15.58,15.67,15.58,15.67,11700
2008-04-29,16.09,16.09,15.83,16.09,68100
2008-05-05,16.51,16.51,16.0,16.25,37800
2008-05-06,16.51,16.51,15.92,15.92,24400
2008-05-07,15.58,15.67,15.5,15.5,41800
2008-05-08,15.16,15.24,15.16,15.16,62200
2008-05-09,13.56,13.56,13.56,13.56,8800
2008-05-12,13.22,13.22,13.22,13.22,5600
2008-05-13,12.89,12.89,12.89,12.89,2100
2008-05-14,12.55,12.55,12.55,12.55,2000
2008-05-15,12.21,12.3,12.21,12.3,34100
2008-05-16,12.46,12.55,12.3,12.55,27200
2008-05-19,12.3,12.3,12.13,12.13,8700
2008-05-20,11.79,11.79,11.79,11.79,9300
2008-05-21,11.45,11.45,11.45,11.45,2600
2008-05-22,11.12,11.12,11.12,11.12,5300
2008-05-23,10.86,10.86,10.86,10.86,9100
2008-05-26,10.61,10.61,10.61,10.61,13700
2008-05-27,10.36,10.36,10.36,10.36,600
2008-05-28,10.11,10.53,10.11,10.19,30700
2008-05-29,10.02,10.53,10.02,10.36,41000
2008-05-30,10.44,10.7,10.44,10.44,13600
2008-06-02,10.53,10.53,10.36,10.36,8200
2008-06-03,10.11,10.11,10.11,10.11,9400
2008-06-04,9.85,9.85,9.85,9.85,2300
2008-06-05,9.6,9.6,9.6,9.6,4100
2008-06-06,9.35,9.35,9.35,9.35,4900
2008-06-09,9.1,9.43,9.1,9.18,21300
2008-06-10,9.1,9.35,8.84,9.35,18300
2008-06-11,9.43,9.43,9.43,9.43,6400
2008-06-12,9.69,9.69,9.69,9.69,100
2008-06-13,9.94,9.94,9.94,9.94,12000
2008-06-16,10.19,10.19,10.19,10.19,700
2008-06-17,10.44,10.44,10.44,10.44,4000
2008-06-18,10.7,10.7,10.19,10.19,84200
2008-06-19,10.11,10.78,10.11,10.11,22300
2008-06-20,9.77,10.02,9.77,10.02,25100
2008-06-23,9.6,10.19,9.6,10.19,13100
2008-06-24,10.44,10.44,10.44,10.44,11300
2008-06-25,10.78,10.78,10.53,10.78,22100
2008-06-26,11.2,11.2,10.36,10.78,33200
2008-06-27,10.78,10.95,10.36,10.78,22400
2008-06-30,10.78,11.12,10.7,11.12,49800
2008-07-01,11.12,11.37,11.12,11.37,15600
2008-07-02,11.79,11.79,11.37,11.79,85200
2008-07-03,12.13,12.13,12.13,12.13,16900
2008-07-04,12.55,12.55,12.55,12.55,33800
2008-07-07,12.55,12.97,12.13,12.46,87200
2008-07-08,12.3,13.22,12.21,13.14,58200
2008-07-09,13.22,13.22,13.05,13.22,55100
2008-07-10,13.64,13.73,13.56,13.73,33900
2008-07-11,14.23,14.23,14.15,14.23,37100
2008-07-14,14.74,14.74,14.23,14.74,17600
2008-07-15,15.33,15.33,15.33,15.33,18200
2008-07-16,15.92,15.92,14.74,15.92,109700
2008-07-17,16.25,16.25,16.25,16.25,36600
2008-07-18,16.76,16.76,15.67,15.67,47300
2008-07-21,15.16,15.16,15.16,15.16,1300
2008-07-22,15.16,15.16,15.16,15.16,0
2008-07-23,14.57,14.57,14.57,14.57,2000
2008-07-24,14.06,14.06,14.06,14.06,4200
2008-07-25,13.56,13.56,13.56,13.56,100
2008-07-28,13.05,13.05,13.05,13.05,14800
2008-07-29,12.55,13.48,12.55,12.55,101100
2008-07-30,12.63,13.14,12.13,12.3,72500
2008-07-31,12.04,12.38,12.04,12.21,58000
2008-08-01,11.71,12.46,11.62,12.21,44700
2008-08-04,11.88,12.21,11.88,11.88,15000
2008-08-05,11.45,11.45,11.45,11.45,31900
2008-08-06,11.03,11.88,11.03,11.88,55500
2008-08-07,12.04,12.04,11.62,11.88,50600
2008-08-08,11.96,12.38,11.96,12.38,29400
2008-08-11,12.38,12.72,12.38,12.72,8900
2008-08-12,13.22,13.22,12.8,13.22,62700
2008-08-13,13.64,13.64,12.8,13.22,49500
2008-08-14,13.22,13.64,13.22,13.64,81500
2008-08-15,14.06,14.06,14.06,14.06,40000
2008-08-18,14.99,14.99,14.49,14.99,84500
2008-08-19,15.08,15.5,13.73,14.15,46700
2008-08-20,13.9,13.9,13.05,13.05,57100
2008-08-21,13.14,13.98,13.14,13.98,59400
2008-08-22,13.48,13.81,13.14,13.48,48500
2008-08-25,13.9,14.32,13.9,14.32,88900
2008-08-26,15.24,15.24,15.24,15.24,59300
2008-08-27,16.25,16.25,15.58,15.58,168900
2008-08-28,16.09,16.76,15.08,15.08,8400
2008-08-29,14.15,15.08,14.15,14.99,81000
2008-09-03,15.24,15.24,15.24,15.24,19600
2008-09-04,16.25,16.25,15.33,16.25,256500
2008-09-05,17.27,17.27,17.27,17.27,56800
2008-09-08,18.44,18.44,16.68,18.44,508200
2008-09-09,19.71,19.71,18.53,19.71,178100
2008-09-10,20.21,20.63,18.28,18.28,63700
2008-09-11,17.6,17.6,17.6,17.6,3500
2008-09-12,16.42,16.42,16.42,16.42,12900
2008-09-15,15.33,16.42,15.33,15.33,216700
2008-09-16,14.4,14.4,14.4,14.4,26900
2008-09-17,13.48,13.48,13.48,13.48,12400
2008-09-18,12.55,12.55,12.55,12.55,31400
2008-09-19,11.71,13.39,11.71,13.39,208200
2008-09-22,13.31,13.31,13.31,13.31,100
2008-09-23,13.31,13.98,12.38,13.05,148700
2008-09-24,13.14,13.31,12.55,13.22,60700
2008-09-25,13.05,13.81,13.05,13.81,38500
2008-09-26,13.73,14.65,13.73,14.32,66000
2008-09-29,14.32,14.32,13.48,13.81,40700
2008-09-30,12.8,12.8,12.8,12.8,4200
2008-10-01,12.04,13.56,12.04,13.14,50800
2008-10-02,13.48,13.73,13.05,13.73,59600
2008-10-03,13.9,13.9,13.31,13.81,42100
2008-10-06,13.31,13.31,12.63,12.72,25300
2008-10-07,12.04,12.13,12.04,12.04,60400
2008-10-08,11.37,12.63,11.2,11.62,26200
2008-10-09,11.62,12.46,11.62,12.21,33800
2008-10-10,11.2,12.21,11.2,11.29,66200
2008-10-13,10.78,11.79,10.7,11.54,56500
2008-10-14,12.13,12.13,12.13,12.13,6600
2008-10-15,12.97,12.97,11.79,12.8,74500
2008-10-16,11.79,12.38,11.79,11.96,15900
2008-10-17,12.13,12.21,11.71,11.88,31900
2008-10-20,11.96,11.96,11.54,11.79,14400
2008-10-21,12.55,12.55,11.45,11.79,34200
2008-10-22,11.62,11.79,11.37,11.37,9700
2008-10-23,10.86,11.12,10.78,10.86,41100
2008-10-24,10.86,10.86,10.11,10.11,72400
2008-10-27,9.69,10.11,9.6,9.77,37200
2008-10-28,9.01,10.11,9.01,10.11,41300
2008-10-29,10.02,10.02,9.94,10.02,24500
2008-10-30,10.7,10.7,9.69,10.36,49500
2008-10-31,10.7,10.7,10.36,10.61,56200
2008-11-03,10.36,10.53,10.27,10.27,20500
2008-11-04,10.27,11.12,10.27,11.03,59500
2008-11-05,11.45,11.45,11.45,11.45,77300
2008-11-06,11.45,11.54,10.86,10.95,66300
2008-11-07,10.61,10.78,10.53,10.53,35500
2008-11-10,10.53,10.86,10.02,10.53,15700
2008-11-11,10.11,10.44,9.85,10.02,20600
2008-11-12,9.43,10.44,9.35,10.11,16000
2008-11-13,10.27,10.27,9.94,10.19,15000
2008-11-14,10.53,10.53,10.11,10.19,11900
2008-11-17,9.69,10.11,9.69,9.85,10100
2008-11-18,9.77,9.94,9.77,9.94,6800
2008-11-19,9.69,9.94,9.69,9.77,14900
2008-11-20,9.26,9.77,9.26,9.52,24000
2008-11-21,9.26,9.69,9.26,9.69,13000
2008-11-24,9.69,9.69,9.1,9.18,42000
2008-11-25,9.35,9.35,9.18,9.26,7200
2008-11-26,9.26,9.26,8.93,9.1,11400
2008-11-27,9.18,9.18,8.93,8.93,6900
2008-11-28,9.1,9.6,9.1,9.43,32500
2008-12-01,9.77,9.77,9.26,9.35,6000
2008-12-02,8.93,8.93,8.84,8.84,35200
2008-12-03,8.93,9.01,8.84,8.84,26200
2008-12-04,8.93,9.01,8.93,8.93,16900
2008-12-05,8.84,8.84,8.59,8.67,29900
2008-12-08,8.59,8.59,8.09,8.09,24800
2008-12-09,8.67,8.67,8.17,8.34,22600
2008-12-10,8.34,8.34,8.09,8.09,5600
2008-12-11,8.42,8.42,8.34,8.34,18500
2008-12-12,8.59,8.59,8.42,8.59,43100
2008-12-15,9.01,9.18,8.59,8.59,35700
2008-12-16,8.59,8.59,8.09,8.17,26000
2008-12-17,8.25,8.34,7.92,8.0,10500
2008-12-18,8.17,8.34,8.09,8.34,10200
2008-12-19,8.25,8.51,8.25,8.42,11000
2008-12-22,8.59,8.59,8.17,8.25,10100
2008-12-23,8.0,8.09,7.83,7.92,12300
2008-12-24,8.17,8.17,8.09,8.17,1800
2008-12-25,7.83,8.0,7.83,7.92,5600
2008-12-26,8.09,8.09,7.92,8.09,8200
2008-12-29,8.09,8.25,8.09,8.17,10000
2008-12-30,8.59,8.67,8.34,8.67,29600
2008-12-31,9.18,9.18,8.42,8.67,22900
2009-01-02,9.26,9.26,8.76,8.76,800
2009-01-05,8.42,8.76,8.42,8.67,8300
2009-01-06,8.42,8.84,8.42,8.84,27100
2009-01-07,9.18,9.18,8.93,9.01,17100
2009-01-08,8.59,8.93,8.59,8.76,4300
2009-01-09,8.84,8.84,8.59,8.76,8900
2009-01-12,8.59,9.01,8.42,8.67,32700
2009-01-13,8.67,8.76,8.42,8.59,13100
2009-01-14,8.67,8.67,8.51,8.59,500
2009-01-15,8.59,8.67,8.42,8.67,2500
2009-01-16,8.59,8.76,8.42,8.67,3900
2009-01-19,8.09,8.59,8.09,8.51,10800
2009-01-20,8.42,8.59,8.34,8.34,8600
2009-01-21,8.42,8.42,8.42,8.42,2700
2009-01-22,8.17,8.42,8.17,8.25,9600
2009-01-23,8.25,8.25,8.17,8.25,9700
2009-02-02,7.75,8.34,7.75,8.0,27200
2009-02-03,7.66,7.75,7.58,7.66,26100
2009-02-04,8.0,8.0,7.66,7.66,6000
2009-02-05,7.66,7.66,7.5,7.5,11700
2009-02-06,7.66,7.75,7.5,7.66,16500
2009-02-09,8.0,8.0,7.83,7.83,5600
2009-02-10,7.58,7.58,7.58,7.58,10800
2009-02-11,7.58,7.66,7.5,7.66,15700
2009-02-12,7.58,7.66,7.41,7.41,23500
2009-02-13,7.24,7.24,7.24,7.24,12100
2009-02-16,7.16,7.16,7.16,7.16,2500
2009-02-17,7.58,7.58,6.99,7.07,10400
2009-02-18,7.07,7.16,6.99,7.16,14200
2009-02-19,7.33,7.33,7.16,7.33,9700
2009-02-20,7.24,7.24,7.07,7.24,4600
2009-02-23,7.16,7.16,7.07,7.07,3100
2009-02-24,7.16,7.16,6.82,6.91,14900
2009-02-25,6.99,7.24,6.91,7.24,38900
2009-02-26,7.24,7.24,7.07,7.24,6900
2009-02-27,7.16,7.16,7.16,7.16,5900
2009-03-02,7.16,7.16,6.99,6.99,4100
2009-03-03,6.99,6.99,6.91,6.99,4200
2009-03-04,7.24,7.24,7.07,7.07,6100
2009-03-05,7.16,7.24,7.16,7.24,10700
2009-03-06,7.16,7.24,7.16,7.24,11400
2009-03-09,7.24,7.24,7.07,7.24,9800
2009-03-10,7.33,7.41,7.24,7.41,15300
2009-03-11,7.58,7.75,7.58,7.75,25900
2009-03-12,7.58,7.58,7.33,7.33,5600
2009-03-13,7.75,7.75,7.58,7.58,2500
2009-03-16,7.58,7.66,7.24,7.66,13900
2009-03-17,7.66,7.75,7.58,7.66,16800
2009-03-18,7.92,8.17,7.83,8.17,47600
2009-03-19,8.09,8.09,7.66,7.66,13500
2009-03-20,7.66,7.75,7.58,7.66,28600
2009-03-23,7.66,7.66,7.5,7.66,10600
2009-03-24,8.0,8.0,7.66,7.92,12100
2009-03-25,7.83,7.83,7.75,7.75,5100
2009-03-26,7.92,8.17,7.92,8.0,62700
2009-03-27,8.0,8.0,7.75,7.75,37500
2009-03-30,7.66,7.75,7.58,7.75,28700
2009-03-31,7.58,8.0,7.58,8.0,52100
2009-04-01,8.0,8.17,8.0,8.17,66900
2009-04-02,8.59,8.59,8.42,8.59,111100
2009-04-03,9.18,9.18,9.1,9.18,66600
2009-04-07,9.18,9.43,8.84,9.26,89900
2009-04-08,8.84,9.1,8.59,8.59,54900
2009-04-09,8.59,8.84,8.34,8.42,105100
2009-04-10,9.01,9.1,8.84,9.1,165700
2009-04-13,9.6,9.6,9.52,9.6,56800
2009-04-14,10.19,10.19,9.26,9.77,158100
2009-04-15,9.94,9.94,9.1,9.1,82200
2009-04-16,9.1,9.26,8.59,8.67,130300
2009-04-17,9.26,9.26,8.17,8.17,142200
2009-04-20,8.0,8.34,7.83,7.83,51000
2009-04-21,7.33,8.09,7.33,8.09,50600
2009-04-22,8.09,8.17,8.09,8.17,55000
2009-04-23,8.17,8.17,7.83,8.0,28400
2009-04-24,7.75,7.83,7.58,7.83,43400
2009-04-27,7.92,7.92,7.58,7.75,56400
2009-04-28,8.0,8.0,7.66,7.83,12600
2009-04-29,7.75,8.17,7.75,8.0,47800
2009-05-04,8.25,8.42,8.25,8.42,84300
2009-05-05,8.93,9.01,8.84,8.84,184300
2009-05-06,9.26,9.43,8.42,8.84,108400
2009-05-07,8.42,8.84,8.42,8.84,119100
2009-05-08,8.42,8.67,8.17,8.67,62500
2009-05-11,8.84,8.93,8.34,8.67,64900
2009-05-12,7.92,8.34,7.92,8.34,79200
2009-05-13,8.51,8.51,8.09,8.34,73600
2009-05-14,8.0,8.42,7.92,7.92,45800
2009-05-15,8.25,8.59,8.25,8.59,165700
2009-05-18,8.42,8.59,8.34,8.51,72100
2009-05-19,8.84,8.84,8.51,8.76,136300
2009-05-20,9.18,9.26,8.67,9.26,179100
2009-05-21,9.85,9.85,9.85,9.85,231400
2009-05-22,10.44,10.53,9.43,9.77,184800
2009-05-25,9.85,10.53,9.85,10.53,194100
2009-05-26,11.12,11.12,10.36,11.12,410800
2009-05-27,11.79,11.79,11.29,11.79,474900
2009-05-28,12.3,12.3,10.95,10.95,177700
2009-05-29,10.61,11.62,10.44,10.95,168700
2009-06-01,10.95,11.45,10.86,11.45,216200
2009-06-02,12.04,12.13,11.37,11.62,240900
2009-06-03,11.79,11.79,11.12,11.45,175700
2009-06-04,10.95,11.88,10.95,11.88,338300
2009-06-05,12.46,12.46,12.13,12.46,241100
2009-06-08,13.22,13.31,13.05,13.31,159000
2009-06-09,14.23,14.23,12.72,13.05,214100
2009-06-10,13.14,13.14,12.3,12.3,72400
2009-06-11,11.79,12.55,11.54,12.55,178400
2009-06-12,12.72,12.72,11.79,12.13,173500
2009-06-15,12.21,12.21,11.37,11.37,196400
2009-06-16,10.7,10.95,10.7,10.7,112500
2009-06-17,10.02,11.29,10.02,11.29,114200
2009-06-18,11.2,11.2,10.95,11.2,70000
2009-06-19,11.79,11.96,11.2,11.54,29700
2009-06-22,10.95,10.95,10.86,10.86,34200
2009-06-23,10.11,10.27,10.11,10.11,80100
2009-06-24,10.11,10.78,10.11,10.78,49300
2009-06-25,10.95,10.95,10.11,10.19,34100
2009-06-26,10.19,10.78,10.11,10.11,24200
2009-06-29,9.85,10.19,9.85,10.11,25600
2009-06-30,10.53,10.53,9.6,9.77,40600
2009-07-01,9.52,9.52,9.18,9.35,61200
2009-07-02,9.69,9.69,9.26,9.6,30400
2009-07-03,9.94,9.94,9.26,9.52,17300
2009-07-06,9.77,10.02,9.69,10.02,28700
2009-07-07,10.02,10.02,9.6,9.85,9200
2009-07-08,9.69,9.77,9.6,9.6,33500
2009-07-09,9.77,9.85,9.69,9.85,27300
2009-07-10,10.11,10.11,9.69,9.94,26600
2009-07-13,9.52,9.69,9.52,9.69,20200
2009-07-14,9.69,9.94,9.43,9.69,27800
2009-07-15,9.77,9.85,9.6,9.69,13300
2009-07-16,10.11,10.11,9.52,9.85,16000
2009-07-17,10.11,10.11,9.52,9.52,9200
2009-07-20,9.85,9.85,9.1,9.26,21400
2009-07-21,9.6,9.6,9.52,9.52,800
2009-07-22,9.77,9.85,9.26,9.43,13700
2009-07-23,9.6,10.02,9.43,10.02,28900
2009-07-24,10.11,10.53,10.11,10.53,103900
2009-07-27,10.53,10.61,10.11,10.36,23500
2009-07-28,10.11,10.11,9.77,9.77,36800
2009-07-29,9.85,9.85,9.52,9.6,26700
2009-07-30,9.6,9.6,9.35,9.52,24800
2009-07-31,9.94,9.94,9.69,9.94,21200
2009-08-03,10.53,10.53,10.44,10.53,223100
2009-08-04,11.2,11.2,11.2,11.2,67700
2009-08-05,11.96,11.96,11.03,11.29,250400
2009-08-06,10.95,11.29,10.61,10.61,64300
2009-08-07,10.95,10.95,10.19,10.53,26700
2009-08-10,10.86,11.12,10.7,11.12,106400
2009-08-11,11.71,11.79,10.95,11.37,154800
2009-08-12,11.37,11.37,10.78,10.86,61700
2009-08-13,10.78,10.86,10.53,10.61,72100
2009-08-14,10.7,10.95,10.11,10.61,60500
2009-08-17,10.11,10.95,10.11,10.78,43100
2009-08-18,10.86,10.86,10.53,10.7,20600
2009-08-19,10.78,10.78,10.11,10.53,97000
2009-08-20,10.36,10.61,10.36,10.61,35800
2009-08-21,10.53,10.86,10.53,10.61,114100
2009-08-24,10.7,10.7,10.44,10.7,74200
2009-08-25,10.61,10.7,10.36,10.53,51500
2009-08-26,10.61,10.95,10.61,10.86,95100
2009-08-27,10.78,10.86,10.53,10.78,58800
2009-08-28,10.78,11.12,10.78,11.03,124300
2009-08-31,11.12,11.37,10.95,11.29,139200
2009-09-01,11.12,11.2,10.78,11.29,109600
2009-09-03,11.12,11.88,10.86,11.88,266400
2009-09-04,12.3,12.3,11.88,12.3,668600
2009-09-07,13.05,13.05,11.54,11.96,224400
2009-09-08,12.21,12.63,12.04,12.46,178400
2009-09-09,12.38,13.14,12.04,13.14,477000
2009-09-10,13.56,13.73,13.39,13.73,306100
2009-09-11,14.65,14.65,13.73,14.15,674600
2009-09-14,14.15,14.32,13.9,14.15,337100
2009-09-15,14.99,14.99,14.15,14.49,422900
2009-09-16,15.16,15.5,14.49,15.5,526500
2009-09-17,16.42,16.42,15.58,16.42,530300
2009-09-18,16.09,17.18,15.75,17.18,656100
2009-09-21,17.27,18.02,17.27,18.02,405800
2009-09-22,19.12,19.12,17.94,18.95,389700
2009-09-23,19.37,19.37,17.69,18.11,381800
2009-09-24,18.02,18.02,17.6,17.6,373700
2009-09-25,16.51,18.19,16.51,18.19,218700
2009-09-28,18.11,18.61,17.43,18.36,121400
2009-09-29,19.2,19.2,17.27,17.27,91800
2009-09-30,17.1,17.1,16.51,16.84,199100
2009-10-01,17.69,17.69,15.67,15.92,175700
2009-10-02,16.84,16.84,15.24,16.59,277400
2009-10-05,16.0,16.76,16.0,16.76,138900
2009-10-06,17.85,17.85,17.35,17.85,251800
2009-10-07,18.53,18.53,16.76,16.76,119400
2009-10-08,17.18,17.18,16.17,16.51,74300
2009-10-09,16.76,17.52,16.42,17.18,346000
2009-10-12,17.18,17.85,17.18,17.6,360000
2009-10-13,17.69,17.85,16.84,17.27,140800
2009-10-14,16.84,17.85,16.84,17.77,232700
2009-10-15,18.44,18.44,17.85,18.44,418800
2009-10-16,19.71,19.71,18.53,19.03,367200
2009-10-19,19.88,19.88,18.02,18.36,117400
2009-10-20,19.03,19.2,18.11,18.61,227500
2009-10-21,18.53,18.53,17.69,17.94,172700
2009-10-22,18.53,18.53,18.11,18.44,240600
2009-10-23,18.87,19.37,17.18,17.43,115700
2009-10-26,16.76,17.94,16.76,17.52,80700
2009-10-27,16.68,16.68,16.34,16.34,120400
2009-10-28,15.67,16.42,15.33,15.83,151600
2009-10-29,15.83,16.84,15.33,16.84,188500
2009-10-30,17.6,17.6,17.6,17.6,69100
2009-11-02,17.6,18.53,16.42,16.42,125000
2009-11-03,16.84,17.69,15.92,16.0,131100
2009-11-04,16.17,16.25,15.08,15.08,147400
2009-11-05,16.0,16.17,15.33,16.09,147900
2009-11-06,16.76,16.76,14.99,15.16,91700
2009-11-09,15.16,15.16,14.49,14.49,58300
2009-11-10,14.74,14.74,13.56,13.9,53800
2009-11-11,13.9,14.82,13.9,14.82,87200
2009-11-12,15.16,15.24,14.74,15.24,175900
2009-11-13,15.08,15.16,14.74,14.82,83700
2009-11-16,15.16,15.16,14.57,14.82,37900
2009-11-17,15.16,15.41,14.32,14.57,53000
2009-11-18,14.15,14.74,13.73,14.65,77300
2009-11-19,15.16,15.16,13.31,15.16,341400
2009-11-20,15.75,15.75,14.74,14.82,98800
2009-11-23,15.41,15.41,14.15,14.32,184000
2009-11-24,14.4,14.57,13.64,13.9,59400
2009-11-25,14.15,14.15,13.22,13.22,68300
2009-11-26,12.63,12.63,12.38,12.38,59000
2009-11-27,11.54,13.05,11.54,12.13,133000
2009-11-30,12.38,12.63,12.3,12.63,58200
2009-12-01,13.22,13.31,13.05,13.31,71900
2009-12-02,13.81,13.81,12.38,12.38,61000
2009-12-03,11.79,12.3,11.71,12.21,47300
2009-12-04,12.21,12.46,11.96,12.21,26000
2009-12-07,12.13,12.21,11.79,12.21,17800
2009-12-08,12.04,12.3,11.54,11.79,81500
2009-12-09,11.37,11.62,11.2,11.2,61800
2009-12-10,11.2,11.79,10.78,10.95,52700
2009-12-11,10.95,11.79,10.36,10.44,57600
2009-12-14,10.95,11.29,10.95,11.29,66300
2009-12-15,11.45,11.45,10.95,11.2,15700
2009-12-16,11.37,11.37,10.61,10.61,44000
2009-12-17,10.44,10.44,10.02,10.27,56700
2009-12-18,10.53,10.78,10.53,10.78,40900
2009-12-21,11.37,11.37,11.12,11.37,41900
2009-12-22,11.71,11.71,10.7,10.95,34800
2009-12-23,10.86,11.45,10.78,11.37,39200
2009-12-24,11.37,11.96,11.2,11.96,100000
2009-12-25,12.38,12.46,12.21,12.46,91100
2009-12-28,12.63,12.63,11.88,12.3,61500
2009-12-29,12.38,12.55,11.71,11.71,32000
2009-12-30,11.2,11.96,11.2,11.96,39800
2009-12-31,12.21,12.46,11.12,11.71,123900
2010-01-04,12.21,12.38,12.21,12.38,54100
2010-01-05,13.22,13.22,12.72,13.14,184000
2010-01-06,13.48,13.48,12.38,12.46,65700
2010-01-07,11.88,12.46,11.79,12.04,57000
2010-01-08,12.63,13.05,12.21,13.05,243000
2010-01-11,13.22,13.64,12.63,12.89,67300
2010-01-12,12.63,13.05,12.21,12.38,79900
2010-01-13,12.38,12.63,11.54,12.63,94800
2010-01-14,12.46,12.55,11.79,12.38,33000
2010-01-15,12.21,12.21,11.62,11.79,47500
2010-01-18,11.37,11.62,11.03,11.03,92200
2010-01-19,11.03,11.54,11.03,11.37,49600
2010-01-20,11.71,11.71,10.61,10.61,30300
2010-01-21,10.95,11.03,10.36,10.53,35500
2010-01-22,10.95,11.29,10.7,11.29,44600
2010-01-25,11.29,11.29,10.86,11.2,17200
2010-01-26,11.45,11.79,11.45,11.79,68400
2010-01-27,11.71,11.71,10.95,10.95,65700
2010-01-28,11.37,11.37,11.2,11.2,800
2010-01-29,10.95,11.2,10.86,11.03,29800
2010-02-01,10.95,11.37,10.95,11.12,29700
2010-02-02,11.2,11.2,10.78,10.78,50000
2010-02-03,11.2,11.2,10.78,11.03,30000
2010-02-04,10.7,11.12,10.7,11.12,51400
2010-02-05,10.78,10.78,10.7,10.78,27900
2010-02-08,10.61,10.86,10.61,10.86,33200
2010-02-09,10.78,10.78,10.61,10.7,22100
2010-02-10,10.53,11.03,10.53,10.61,23700
2010-02-11,10.78,10.95,10.78,10.86,6300
2010-02-12,10.86,10.95,10.78,10.95,11300
2010-02-22,11.2,11.2,11.2,11.2,100
2010-02-23,11.12,11.12,10.7,10.78,7500
2010-02-24,10.86,10.86,10.27,10.7,10100
2010-02-25,10.78,10.78,10.53,10.53,12900
2010-02-26,10.53,10.61,10.11,10.53,20900
2010-03-01,10.86,10.86,10.61,10.7,7700
2010-03-02,10.95,10.95,10.53,10.7,34900
2010-03-03,10.7,11.29,10.53,11.2,55600
2010-03-04,11.2,11.37,10.95,11.03,35600
2010-03-05,11.29,11.71,11.12,11.37,50200
2010-03-08,10.95,11.79,10.95,11.79,57400
2010-03-09,11.54,11.96,11.45,11.71,45100
2010-03-10,11.12,11.45,11.03,11.03,32000
2010-03-11,11.03,11.71,11.03,11.37,36700
2010-03-12,11.37,11.62,11.29,11.54,85500
2010-03-15,11.79,12.04,11.54,11.79,70800
2010-03-16,11.71,11.71,11.12,11.12,28300
2010-03-17,11.62,11.62,10.86,10.95,17000
2010-03-18,10.95,11.37,10.86,11.12,28700
2010-03-19,11.37,11.37,10.95,11.03,36900
2010-03-22,11.03,11.29,10.86,11.12,11500
2010-03-23,10.95,10.95,10.78,10.86,12300
2010-03-24,11.37,11.54,10.86,11.03,35500
2010-03-25,11.37,11.37,10.7,10.86,15900
2010-03-26,10.95,11.2,10.61,10.78,33600
2010-03-29,10.95,10.95,10.78,10.86,10000
2010-03-30,10.86,10.86,10.11,10.53,35200
2010-03-31,10.44,10.53,10.27,10.36,33400
2010-04-01,11.03,11.03,10.27,10.61,13800
2010-04-02,10.7,10.7,10.53,10.61,17700
2010-04-05,10.7,10.95,10.53,10.86,73100
2010-04-06,11.03,11.12,10.7,10.86,39500
2010-04-07,11.12,11.45,10.95,11.2,34200
2010-04-08,11.45,11.45,11.2,11.45,92900
2010-04-09,11.62,11.62,11.2,11.45,44400
2010-04-12,11.37,11.45,11.12,11.2,25300
2010-04-13,11.2,11.37,11.03,11.12,37800
2010-04-14,11.12,11.29,10.95,11.2,41400
2010-04-15,11.12,11.37,11.12,11.37,86200
2010-04-16,11.62,11.96,11.29,11.96,175000
2010-04-19,11.88,12.3,11.88,12.3,230200
2010-04-20,12.89,13.14,12.63,13.14,251300
2010-04-21,13.9,13.98,13.73,13.98,457000
2010-04-22,14.74,14.82,13.05,13.05,159200
2010-04-26,13.05,13.05,12.38,12.38,168700
2010-04-27,12.63,12.63,12.21,12.46,85300
2010-04-28,12.63,13.22,12.21,13.22,227900
2010-04-29,13.73,13.73,13.64,13.73,218500
2010-05-04,14.65,14.65,14.57,14.65,421100
2010-05-05,15.61,15.61,14.65,15.61,505000
2010-05-06,16.57,16.57,16.57,16.57,244400
2010-05-07,17.53,17.71,16.4,16.49,554000
2010-05-10,17.27,17.27,16.14,16.14,49300
2010-05-11,15.7,16.14,15.18,15.18,246500
2010-05-12,14.39,14.39,14.22,14.22,44200
2010-05-13,13.26,13.52,13.26,13.26,258800
2010-05-14,12.65,14.13,12.47,14.13,98300
2010-05-17,13.96,14.48,13.61,13.87,191700
2010-05-18,13.52,13.78,13.17,13.26,159000
2010-05-19,13.26,13.43,12.47,12.47,157500
2010-05-20,11.86,12.91,11.69,12.47,177900
2010-05-21,11.78,12.04,11.34,11.34,195100
2010-05-24,12.13,12.13,11.25,11.6,90200
2010-05-25,11.69,12.39,11.34,11.78,121400
2010-05-26,12.21,12.65,11.86,12.65,141900
2010-05-27,12.47,12.82,11.78,12.65,83900
2010-05-28,13.08,13.43,13.08,13.43,179500
2010-05-31,13.61,13.96,12.65,12.82,94400
2010-06-01,13.08,13.08,12.04,12.65,61900
2010-06-02,12.21,13.35,12.21,12.91,114500
2010-06-03,13.43,13.61,12.91,13.35,89000
2010-06-04,13.17,13.17,12.65,12.82,60900
2010-06-07,12.21,12.47,12.04,12.04,133700
2010-06-08,12.39,12.56,11.95,12.56,73100
2010-06-09,12.91,12.91,12.13,12.3,50200
2010-06-10,12.13,12.65,12.13,12.39,55400
2010-06-11,12.74,12.74,12.21,12.3,45200
2010-06-14,12.39,12.65,12.21,12.65,58400
2010-06-15,12.3,12.65,12.3,12.56,63000
2010-06-16,13.0,13.08,12.65,12.82,103400
2010-06-17,12.65,12.91,12.56,12.56,65000
2010-06-18,12.91,13.61,12.65,13.61,278300
2010-06-21,14.13,14.13,13.96,14.13,321100
2010-06-22,14.83,15.0,13.61,13.87,165700
2010-06-23,13.61,14.04,13.26,13.78,94300
2010-06-24,13.87,13.96,13.52,13.7,156600
2010-06-25,13.52,13.61,12.91,13.35,168800
2010-06-28,13.7,14.04,13.26,13.96,160900
2010-06-29,13.87,13.96,13.43,13.43,88600
2010-06-30,13.35,13.61,12.74,13.43,93100
2010-07-01,13.26,13.87,13.26,13.52,65600
2010-07-02,13.7,14.39,13.43,14.39,662500
2010-07-05,15.09,15.09,15.09,15.09,139600
2010-07-06,16.14,16.14,15.88,16.14,823800
2010-07-07,17.18,17.18,15.53,15.96,602500
2010-07-08,16.57,16.57,15.09,15.18,445200
2010-07-09,15.27,16.31,14.65,16.31,303900
2010-07-12,15.79,16.66,15.35,15.88,190800
2010-07-13,16.22,16.92,16.22,16.92,432400
2010-07-14,17.88,17.97,16.92,17.45,480300
2010-07-15,17.01,18.23,16.57,17.62,614800
2010-07-16,17.71,18.23,17.01,17.27,461400
2010-07-19,17.36,17.36,16.31,16.49,266600
2010-07-20,16.31,17.62,16.14,17.62,480300
2010-07-21,18.32,18.41,17.36,18.23,460700
2010-07-22,17.97,17.97,16.84,16.92,202600
2010-07-23,17.36,17.45,16.57,16.57,183700
2010-07-26,16.31,16.57,15.7,15.7,239300
2010-07-27,15.96,16.14,15.44,15.96,178400
2010-07-28,15.79,15.88,14.74,14.83,205900
2010-07-29,15.79,16.22,15.7,16.22,324700
2010-07-30,17.36,17.36,17.36,17.36,238300
2010-08-02,18.49,18.49,18.49,18.49,118600
2010-08-03,19.71,19.71,19.71,19.71,191100
2010-08-04,21.02,21.02,19.8,20.94,1703600
2010-08-05,20.06,20.94,19.37,20.94,323200
2010-08-06,20.94,21.63,20.24,21.63,410500
2010-08-09,22.59,22.94,20.94,21.63,232400
2010-08-10,20.94,20.94,20.24,20.24,589300
2010-08-11,20.5,21.72,19.19,21.28,346600
2010-08-12,20.5,21.37,19.45,19.89,318300
2010-08-13,19.63,21.02,18.75,21.02,359000
2010-08-16,21.02,21.98,21.02,21.98,167500
2010-08-17,23.12,23.38,22.07,22.59,378300
2010-08-18,22.85,23.2,22.24,22.94,276300
2010-08-19,22.68,22.94,21.46,21.81,376800
2010-08-20,21.37,22.33,21.02,22.07,141000
2010-08-23,22.42,22.42,20.5,20.59,144900
2010-08-24,20.06,20.06,19.63,19.8,320400
2010-08-25,19.45,21.02,19.45,21.02,690400
2010-08-26,22.24,22.33,21.37,21.55,276200
2010-08-27,21.81,22.33,20.59,20.76,243900
2010-08-30,21.72,22.42,20.76,21.72,165700
2010-08-31,21.72,22.85,20.59,21.98,469100
2010-09-01,21.72,23.38,21.72,23.38,290700
2010-09-06,24.86,24.86,24.77,24.86,147700
2010-09-07,26.52,26.52,26.17,26.52,731200
2010-09-08,28.35,28.35,26.52,27.39,1332600
2010-09-09,28.79,28.79,26.61,27.91,586400
2010-09-10,27.3,29.57,25.73,25.73,786500
2010-09-13,25.12,26.08,25.12,25.12,403600
2010-09-14,23.55,25.56,23.55,25.12,423500
2010-09-15,25.21,26.34,24.25,24.51,321300
2010-09-16,25.3,25.3,23.38,24.77,222500
2010-09-17,25.12,26.08,25.12,26.08,521800
2010-09-20,26.17,27.39,24.86,25.21,741900
2010-09-21,25.3,27.04,24.42,25.73,1122400
2010-09-22,25.82,27.48,25.73,27.48,567900
2010-09-23,27.48,28.52,26.78,27.74,486900
2010-09-24,27.04,27.48,26.17,26.34,257400
2010-09-27,26.69,26.95,25.47,25.56,317000
2010-09-28,25.73,26.43,25.04,25.21,586700
2010-09-29,25.3,25.47,24.08,24.34,437900
2010-09-30,24.34,25.65,23.55,25.21,318000
2010-10-01,25.3,25.73,24.42,24.51,256800
2010-10-04,24.08,24.25,23.2,23.2,542900
2010-10-05,22.85,23.55,22.07,22.94,481600
2010-10-06,23.55,23.73,22.33,23.12,186000
2010-10-07,23.29,24.69,23.29,23.38,361800
2010-10-08,23.2,24.51,23.2,24.42,610900
2010-10-11,24.77,24.77,23.64,23.73,62900
2010-10-12,23.38,23.9,22.94,22.94,174900
2010-10-13,23.2,23.9,21.81,23.2,153300
2010-10-14,23.64,24.16,22.85,23.2,221200
2010-10-15,22.24,23.47,22.24,22.42,137300
2010-10-18,21.02,22.59,21.02,21.37,248300
2010-10-19,20.24,21.63,20.15,20.24,369100
2010-10-20,18.84,20.32,18.84,18.93,231200
2010-10-21,18.93,20.24,18.93,20.06,104500
2010-10-22,20.85,20.85,18.93,19.02,152600
2010-10-25,19.98,19.98,17.97,19.1,102100
2010-10-26,19.71,19.71,19.02,19.71,121100
2010-10-27,20.94,20.94,19.45,19.54,167000
2010-10-28,21.63,21.63,18.84,19.19,87300
2010-10-29,19.54,19.63,18.75,19.02,29300
2010-11-01,18.32,18.58,18.32,18.41,33600
2010-11-02,17.8,18.41,17.18,17.62,88100
2010-11-03,17.53,18.58,17.45,17.45,117500
2010-11-04,17.71,18.23,17.62,17.71,90600
2010-11-05,18.32,18.93,18.32,18.93,176600
2010-11-08,18.75,19.28,18.41,18.58,79200
2010-11-09,18.67,18.67,17.45,17.45,184400
2010-11-10,17.97,17.97,17.45,17.45,75600
2010-11-11,18.06,18.06,16.31,16.31,108400
2010-11-12,15.79,15.79,15.53,15.61,100200
2010-11-15,14.57,15.96,14.48,14.65,115700
2010-11-16,15.88,15.88,13.96,14.13,108900
2010-11-17,14.04,14.83,13.08,13.08,160800
2010-11-18,12.47,14.22,12.47,14.22,186000
2010-11-19,14.92,15.0,14.57,14.92,288300
2010-11-22,14.48,15.27,13.87,14.83,61500
2010-11-23,14.65,15.18,14.39,14.65,137300
2010-11-24,14.39,15.7,14.13,14.83,202300
2010-11-25,15.35,16.05,15.35,16.05,192600
2010-11-26,16.92,17.01,15.96,17.01,431700
2010-11-29,16.66,17.71,15.7,17.71,296200
2010-11-30,17.71,18.06,17.53,17.97,187200
2010-12-01,18.06,18.23,16.84,16.84,326900
2010-12-02,17.01,18.14,16.14,17.71,352900
2010-12-03,18.23,18.23,17.97,18.23,220400
2010-12-06,18.41,18.75,17.1,17.27,260800
2010-12-07,17.01,18.06,16.66,17.88,389200
2010-12-08,17.01,18.14,17.01,18.14,143600
2010-12-09,19.37,19.37,19.37,19.37,31500
2010-12-10,20.67,20.67,20.67,20.67,13500
2010-12-13,22.07,22.07,22.07,22.07,100500
2010-12-14,23.55,23.55,21.81,22.68,981200
2010-12-15,24.42,24.42,23.12,23.55,276700
2010-12-16,23.12,23.55,22.24,22.24,161300
2010-12-17,23.03,23.38,22.07,22.94,184700
2010-12-20,22.24,23.38,21.28,21.63,256000
2010-12-21,22.24,23.38,22.24,22.33,282200
2010-12-22,22.68,22.85,21.37,21.81,69100
2010-12-23,21.89,21.89,20.85,20.94,69700
2010-12-24,21.81,22.68,21.2,21.2,186700
2010-12-27,22.07,22.16,20.94,21.63,103800
2010-12-28,21.81,22.51,21.55,21.81,144500
2010-12-29,21.81,21.81,20.41,20.41,186700
2010-12-30,19.71,21.2,19.71,19.98,34100
2010-12-31,20.06,20.94,19.98,20.67,123000
2011-01-04,21.81,21.81,20.76,21.37,49000
2011-01-05,21.37,21.37,20.24,20.5,40600
2011-01-06,20.24,20.59,20.06,20.41,80200
2011-01-07,20.32,20.59,19.98,19.98,61800
2011-01-10,20.32,20.32,18.93,18.93,191200
2011-01-11,18.14,19.1,17.8,17.8,106300
2011-01-12,17.8,18.32,17.8,18.32,34500
2011-01-13,18.06,18.75,18.06,18.06,36000
2011-01-14,17.88,18.75,17.45,17.97,30000
2011-01-17,18.58,19.02,18.49,19.02,86800
2011-01-18,20.32,20.32,19.54,20.32,306000
2011-01-19,21.28,21.28,19.28,19.54,71500
2011-01-20,19.8,19.89,18.84,18.84,107200
2011-01-21,19.63,19.89,18.93,19.19,22700
2011-01-24,18.84,18.84,18.23,18.23,176400
2011-01-25,17.88,18.23,17.45,18.06,63500
2011-01-26,18.67,18.67,17.97,18.32,30700
2011-01-27,19.02,19.28,18.67,19.28,109700
2011-01-28,19.28,19.28,18.23,18.75,34700
2011-02-08,17.88,18.32,17.71,18.32,17100
2011-02-09,18.49,18.58,17.88,18.23,42000
2011-02-10,17.71,18.23,17.71,17.8,9200
2011-02-11,17.8,18.32,17.53,18.32,34100
2011-02-14,18.32,18.32,17.53,17.71,66700
2011-02-15,17.71,17.71,17.27,17.45,54100
2011-02-16,17.45,17.45,17.01,17.27,36400
2011-02-17,17.01,17.01,16.14,16.22,36000
2011-02-18,15.96,16.22,15.7,15.79,42400
2011-02-21,16.31,16.31,14.92,14.92,43500
2011-02-22,14.04,14.92,14.04,14.39,128700
2011-02-23,15.0,15.0,14.22,14.83,39600
2011-02-24,13.96,14.57,13.61,13.78,52700
2011-02-25,13.96,14.48,13.78,14.48,48100
2011-02-28,13.26,14.31,13.26,13.87,30200
2011-03-01,13.96,13.96,13.61,13.61,23100
2011-03-02,13.61,13.61,13.0,13.08,133300
2011-03-03,12.65,13.26,12.65,13.0,84900
2011-03-04,13.43,13.52,13.0,13.08,34600
2011-03-07,12.91,13.26,12.91,13.17,37700
2011-03-08,13.52,13.96,13.35,13.96,160900
2011-03-09,13.61,14.92,13.17,14.92,200400
2011-03-10,14.65,15.44,14.57,15.44,78900
2011-03-11,16.4,16.49,15.53,15.7,170000
2011-03-14,15.27,15.35,14.92,14.92,52300
2011-03-15,14.13,14.31,13.96,14.04,105300
2011-03-16,14.48,14.48,13.52,14.22,47300
2011-03-17,14.22,14.22,13.78,14.13,40000
2011-03-18,14.22,14.92,14.22,14.92,55700
2011-03-21,15.0,15.18,14.39,14.39,101200
2011-03-22,15.0,15.79,14.74,15.79,339400
2011-03-23,16.14,16.14,15.18,15.35,45200
2011-03-24,16.49,16.49,15.44,15.79,89000
2011-03-25,16.57,16.57,15.18,15.27,105300
2011-03-28,14.83,15.27,14.74,14.74,48400
2011-03-29,14.74,14.83,14.31,14.39,81000
2011-03-30,14.13,14.74,14.13,14.31,26800
2011-03-31,14.92,14.92,14.39,14.57,40000
2011-04-01,14.31,14.39,14.13,14.13,12500
2011-04-04,14.22,14.39,13.87,14.13,41500
2011-04-05,13.96,14.04,13.78,13.78,55800
2011-04-06,14.39,14.48,14.04,14.39,11600
2011-04-07,14.65,14.83,14.04,14.22,58700
2011-04-08,13.96,14.31,13.96,14.31,27900
2011-04-13,13.17,14.57,13.17,13.96,81200
2011-04-14,14.31,14.31,13.17,13.17,23600
2011-04-15,13.52,13.7,13.17,13.26,14100
2011-04-18,13.26,13.26,12.65,12.65,36100
2011-04-19,13.0,13.0,12.56,12.74,13000
2011-04-20,12.56,13.0,12.47,12.47,38900
2011-04-21,12.56,12.56,12.04,12.13,47500
2011-04-22,11.95,12.56,11.78,12.56,34400
2011-04-25,12.21,12.82,12.21,12.82,55100
2011-04-26,12.82,12.82,12.13,12.13,26600
2011-04-27,12.39,12.39,12.21,12.21,9000
2011-04-28,12.3,12.3,11.95,11.95,47900
2011-04-29,11.86,12.13,11.78,11.86,46900
2011-05-04,11.95,12.13,11.78,12.13,28300
2011-05-05,12.65,12.65,11.78,11.78,3100
2011-05-06,11.95,12.39,11.78,12.39,55700
2011-05-09,12.65,12.82,12.21,12.82,74800
2011-05-10,13.08,13.43,12.82,13.08,57400
2011-05-11,12.65,13.0,12.39,12.82,29200
2011-05-12,12.65,12.65,12.3,12.39,10900
2011-05-13,12.65,12.65,12.65,12.65,1200
2011-05-16,12.56,12.56,12.13,12.13,35900
2011-05-17,12.04,12.04,11.86,11.86,26700
2011-05-18,11.95,11.95,11.6,11.6,40500
2011-05-19,12.3,12.3,11.69,11.69,36400
2011-05-20,11.86,11.86,11.51,11.78,16500
2011-05-23,11.34,11.43,10.9,10.99,59600
2011-05-24,10.55,10.82,10.38,10.38,53400
2011-05-25,9.68,9.68,9.68,9.68,87300
2011-05-26,9.42,10.29,9.07,9.68,170200
2011-05-27,8.81,9.94,8.81,9.51,79500
2011-05-30,10.03,10.03,8.98,8.98,17600
2011-05-31,8.98,9.16,8.81,9.07,14300
2011-06-01,9.42,9.6,9.42,9.6,50500
2011-06-02,10.21,10.21,10.03,10.21,81400
2011-06-03,10.73,10.82,9.68,10.03,73000
2011-06-06,9.6,9.6,9.42,9.6,31700
2011-06-07,9.86,10.03,9.86,10.03,55100
2011-06-08,9.94,10.55,9.68,10.03,42100
2011-06-09,10.55,10.9,10.21,10.9,90500
2011-06-10,11.34,11.51,11.34,11.51,181000
2011-06-13,11.86,11.95,11.51,11.78,47000
2011-06-14,11.43,12.04,11.08,11.17,77400
2011-06-15,10.9,10.9,10.82,10.82,223400
2011-06-16,10.21,11.51,10.12,11.43,99200
2011-06-17,11.25,11.34,10.82,10.82,49700
2011-06-20,10.55,10.9,10.47,10.47,63300
2011-06-21,10.55,11.25,10.55,11.17,12000
2011-06-22,10.99,11.25,10.55,10.82,54800
2011-06-23,11.08,11.08,10.55,10.73,33600
2011-06-24,10.92,10.92,10.82,10.92,6000
2011-06-27,10.92,10.92,10.54,10.54,5500
2011-06-28,10.63,10.63,10.35,10.35,18700
2011-06-29,10.35,10.63,10.35,10.63,8000
2011-06-30,10.82,10.82,10.16,10.16,19800
2011-07-01,9.97,10.35,9.97,10.35,4600
2011-07-04,10.16,10.82,10.16,10.82,28000
2011-07-05,11.11,11.2,11.11,11.2,200500
2011-07-06,11.68,11.68,11.01,11.2,93500
2011-07-07,11.2,11.96,11.2,11.68,79200
2011-07-08,11.96,12.53,11.77,12.06,98600
2011-07-11,12.15,12.25,11.49,11.58,15600
2011-07-12,11.77,11.77,11.11,11.68,34500
2011-07-13,11.87,11.87,11.39,11.39,2600
2011-07-14,11.01,11.58,11.01,11.3,10600
2011-07-15,11.49,11.49,11.01,11.01,33200
2011-07-18,11.3,11.58,11.3,11.39,43600
2011-07-19,11.68,11.68,11.68,11.68,100
2011-07-20,12.44,12.44,11.87,11.87,44600
2011-07-21,11.49,11.49,11.49,11.49,10700
2011-07-22,11.68,11.77,11.39,11.77,19900
2011-07-25,11.68,11.68,11.39,11.58,14800
2011-07-26,10.92,11.68,10.92,11.49,8000
2011-07-27,11.39,11.39,10.92,11.39,22300
2011-07-28,11.96,11.96,11.3,11.3,23000
2011-07-29,11.87,11.87,11.2,11.2,16500
2011-08-01,11.01,11.01,10.92,10.92,3700
2011-08-02,10.35,10.35,10.25,10.25,70000
2011-08-03,10.44,10.44,9.97,10.35,15400
2011-08-04,11.01,11.01,10.63,10.92,36300
2011-08-05,11.39,11.39,10.16,10.16,24300
2011-08-08,9.97,9.97,9.78,9.78,60100
2011-08-09,9.31,9.31,9.21,9.21,59100
2011-08-10,9.59,9.59,9.21,9.21,37600
2011-08-11,8.64,9.12,8.64,8.74,21900
2011-08-12,9.02,9.02,8.55,8.74,39100
2011-08-15,8.64,9.31,8.55,9.31,33800
2011-08-16,9.49,9.59,9.4,9.49,55900
2011-08-17,9.87,9.97,9.49,9.97,53600
2011-08-18,10.16,10.25,9.78,9.78,84000
2011-08-19,9.59,9.78,9.49,9.59,68600
2011-08-22,9.21,10.25,9.21,10.25,53800
2011-08-23,9.78,9.78,9.49,9.59,50100
2011-08-24,9.59,9.87,9.49,9.68,107000
2011-08-25,10.25,10.25,9.97,10.25,187400
2011-08-26,10.92,10.92,10.82,10.92,231500
2011-08-29,11.58,11.68,10.92,11.39,111000
2011-08-30,11.39,11.96,11.3,11.3,194700
2011-08-31,11.39,11.49,10.92,11.2,213300
2011-09-01,11.01,11.58,11.01,11.3,168600
2011-09-05,11.2,11.77,10.73,11.49,274200
2011-09-06,11.68,12.15,11.2,12.15,225400
2011-09-07,12.34,12.72,12.06,12.63,134100
2011-09-08,12.34,12.72,11.96,12.06,65800
2011-09-09,11.87,12.34,11.68,12.25,220000
2011-09-12,12.34,12.82,12.25,12.82,429700
2011-09-13,13.2,13.2,12.63,12.72,482000
2011-09-14,13.1,13.1,12.06,12.15,190200
2011-09-15,12.25,12.34,11.87,11.87,115300
2011-09-16,12.06,12.06,11.39,11.49,199600
2011-09-19,11.39,11.77,11.39,11.77,99000
2011-09-20,11.77,11.77,11.11,11.2,90800
2011-09-21,11.58,11.58,11.01,11.39,113400
2011-09-22,11.39,11.87,11.3,11.68,109200
2011-09-23,11.58,12.15,11.49,11.77,105500
2011-09-26,11.87,11.87,11.49,11.49,36700
2011-09-27,11.68,11.68,11.39,11.39,47700
2011-09-28,11.68,11.68,11.3,11.3,20200
2011-09-29,11.39,11.39,10.82,10.92,115300
2011-09-30,10.82,11.11,10.82,10.82,78400
2011-10-03,10.54,10.63,10.25,10.35,116800
2011-10-04,10.16,10.73,9.97,10.54,59400
2011-10-05,10.92,10.92,10.25,10.44,84200
2011-10-06,10.44,10.82,10.44,10.82,29100
2011-10-07,10.63,10.73,10.44,10.44,25400
2011-10-10,10.25,10.54,10.25,10.25,48600
2011-10-11,10.44,10.44,10.25,10.35,29800
2011-10-12,10.06,10.25,9.87,9.97,72000
2011-10-13,10.06,10.06,9.87,9.97,14100
2011-10-14,10.16,10.16,9.97,9.97,29300
2011-10-17,9.97,9.97,9.78,9.78,48000
2011-10-18,9.68,9.78,9.59,9.78,38100
2011-10-19,9.68,9.78,9.49,9.78,37500
2011-10-20,9.68,9.78,9.68,9.68,20800
2011-10-21,9.78,10.16,9.78,10.06,43200
2011-10-24,10.16,10.16,9.87,9.87,9400
2011-10-25,9.97,9.97,9.68,9.78,7200
2011-10-26,9.78,9.78,9.49,9.59,15800
2011-10-27,9.59,9.59,9.49,9.59,38600
2011-10-28,9.49,10.25,9.49,10.25,113900
2011-10-31,10.35,10.35,9.78,9.87,51900
2011-11-01,9.87,9.87,9.49,9.49,24900
2011-11-02,9.49,9.49,9.31,9.31,5100
2011-11-03,9.31,9.49,9.21,9.4,10500
2011-11-04,9.78,9.78,9.4,9.4,12700
2011-11-07,9.59,9.59,9.12,9.31,2100
2011-11-08,8.83,9.12,8.83,8.83,11800
2011-11-09,8.93,8.93,8.64,8.64,20700
2011-11-10,9.21,9.21,8.83,8.83,6000
2011-11-11,8.83,8.83,8.64,8.64,6300
2011-11-14,8.55,8.55,8.17,8.17,19800
2011-11-15,7.98,8.55,7.98,8.07,7400
2011-11-16,8.55,8.74,8.26,8.64,7300
2011-11-17,8.55,8.55,8.07,8.07,26900
2011-11-18,7.69,7.88,7.69,7.79,6400
2011-11-21,7.69,7.69,7.41,7.6,13600
2011-11-22,7.6,7.6,7.22,7.41,1500
2011-11-23,7.6,7.88,7.22,7.88,10300
2011-11-24,7.79,7.79,7.41,7.41,19000
2011-11-25,7.12,7.31,7.03,7.31,23300
2011-11-28,7.41,7.41,7.12,7.12,5500
2011-11-29,7.12,7.12,6.74,6.84,18300
2011-11-30,6.93,7.03,6.93,6.93,3200
2011-12-01,6.55,7.03,6.55,7.03,3400
2011-12-02,7.03,7.12,6.93,6.93,15900
2011-12-05,7.5,7.5,7.31,7.5,56100
2011-12-06,7.41,7.6,7.31,7.41,6900
2011-12-07,7.6,7.6,7.22,7.5,8800
2011-12-08,7.41,7.41,7.03,7.03,15500
2011-12-09,6.93,6.93,6.74,6.84,5000
2011-12-12,6.84,6.84,6.65,6.74,17600
2011-12-13,6.65,6.93,6.65,6.65,9300
2011-12-14,6.65,6.65,6.46,6.46,38900
2011-12-15,6.46,6.46,6.17,6.27,27400
2011-12-16,6.17,6.55,6.17,6.36,26200
2011-12-19,6.46,6.46,6.17,6.46,10500
2011-12-20,6.27,6.27,5.89,5.89,17000
2011-12-21,6.17,6.17,5.79,6.08,29300
2011-12-22,5.6,6.08,5.6,5.89,24500
2011-12-23,5.89,5.89,5.7,5.79,15900
2011-12-26,5.6,5.6,5.51,5.6,7800
2011-12-27,5.22,5.32,5.22,5.22,28300
2011-12-28,5.22,5.51,5.22,5.51,14700
2011-12-29,5.7,5.7,5.51,5.6,23800
2011-12-30,5.7,5.79,5.6,5.79,29800
2012-01-03,5.98,5.98,5.89,5.89,1700
2012-01-04,6.08,6.08,5.79,5.89,21100
2012-01-05,6.17,6.36,5.98,5.98,23000
2012-01-06,5.98,5.98,5.79,5.79,11700
2012-01-09,5.7,5.79,5.41,5.7,18300
2012-01-10,5.7,5.98,5.7,5.98,3800
2012-01-11,6.08,6.08,5.79,5.79,3700
2012-01-12,5.7,5.7,5.7,5.7,3000
2012-01-13,5.89,5.89,5.7,5.7,5100
2012-01-16,5.89,5.89,5.7,5.89,3400
2012-01-17,5.79,5.89,5.7,5.7,11800
2012-01-18,5.7,5.79,5.7,5.79,10300
2012-01-19,5.98,6.08,5.98,6.08,15400
2012-01-20,6.27,6.36,5.98,5.98,46000
2012-01-30,6.36,6.46,6.36,6.36,9100
2012-01-31,6.55,6.65,6.46,6.46,27100
2012-02-01,6.36,6.65,6.36,6.65,19300
2012-02-02,6.55,6.93,6.55,6.93,97600
2012-02-03,7.12,7.12,6.46,6.65,38800
2012-02-06,6.84,6.84,6.36,6.36,37900
2012-02-07,6.55,6.74,6.36,6.65,17600
2012-02-08,6.65,6.84,6.65,6.84,61500
2012-02-09,6.84,6.84,6.46,6.46,64000
2012-02-10,6.65,6.65,6.27,6.36,88300
2012-02-13,6.46,6.46,6.36,6.46,20400
2012-02-14,6.55,6.65,6.55,6.65,17100
2012-02-15,6.55,6.55,6.36,6.46,10800
2012-02-16,6.36,6.84,6.36,6.84,105500
2012-02-17,7.12,7.12,7.12,7.12,26300
2012-02-20,7.6,7.6,7.6,7.6,19200
2012-02-21,8.07,8.07,7.5,7.6,224100
2012-02-22,7.5,8.07,7.5,7.98,119200
2012-02-23,7.98,8.26,7.69,8.17,103500
2012-02-24,7.98,8.17,7.79,8.07,68500
2012-02-27,7.69,8.55,7.69,8.55,114600
2012-02-28,8.74,8.74,8.07,8.17,184900
2012-02-29,8.26,8.55,8.17,8.45,96900
2012-03-01,8.36,8.36,7.98,8.17,75800
2012-03-02,8.17,8.55,8.17,8.55,282800
2012-03-05,8.93,9.02,8.93,9.02,321400
2012-03-06,9.59,9.59,9.4,9.59,551800
2012-03-07,10.25,10.25,9.97,10.25,459800
2012-03-08,10.92,10.92,10.25,10.63,644900
2012-03-09,10.35,10.73,10.06,10.16,311500
2012-03-12,9.68,10.25,9.59,9.59,280500
2012-03-13,9.68,10.25,9.4,9.97,130100
2012-03-14,9.97,9.97,9.4,9.49,241200
2012-03-15,9.49,10.06,9.4,10.06,211600
2012-03-16,10.25,10.25,9.87,9.87,148800
2012-03-19,9.78,9.97,9.49,9.68,143000
2012-03-20,9.68,10.35,9.68,10.35,390000
2012-03-21,10.44,10.73,10.16,10.35,228800
2012-03-22,10.35,10.35,9.97,10.06,97400
2012-03-23,10.16,10.35,9.87,10.25,282000
2012-03-26,10.44,10.82,10.44,10.82,347900
2012-03-27,11.01,11.01,10.06,10.06,246300
2012-03-28,9.97,10.35,9.87,10.35,153800
2012-03-29,10.44,10.73,9.97,10.35,157700
2012-03-30,10.06,10.25,9.68,9.68,151900
2012-04-03,9.68,10.16,9.49,9.87,235500
2012-04-04,9.78,9.87,9.4,9.49,412600
2012-04-05,9.31,9.31,8.83,9.02,327900
2012-04-06,8.74,9.21,8.55,8.55,195000
2012-04-09,8.55,9.21,8.07,9.21,141800
2012-04-10,9.49,9.49,8.93,9.12,89900
2012-04-11,9.21,9.49,9.12,9.4,238400
2012-04-12,9.49,9.49,9.21,9.4,256500
2012-04-13,9.4,9.49,9.21,9.4,207300
2012-04-16,9.4,9.97,9.31,9.97,292900
2012-04-17,9.97,10.16,9.68,10.06,184100
2012-04-18,9.97,10.06,9.68,10.06,211200
2012-04-19,9.78,9.97,9.4,9.97,217700
2012-04-20,9.68,9.68,9.4,9.49,143500
2012-04-23,9.31,9.59,9.31,9.49,243100
2012-04-24,9.21,9.49,9.12,9.49,126900
2012-04-25,9.59,9.87,9.4,9.68,323500
2012-04-26,9.59,9.68,9.21,9.31,170400
2012-04-27,9.31,9.49,9.12,9.31,149300
2012-05-02,9.59,9.97,9.59,9.97,387800
2012-05-03,10.06,10.54,9.87,10.35,361400
2012-05-04,10.63,10.63,10.25,10.44,207400
2012-05-07,10.35,11.01,10.35,11.01,531200
2012-05-08,11.77,11.77,11.58,11.68,953800
2012-05-09,11.49,12.34,11.3,12.15,423200
2012-05-10,12.15,12.34,11.39,11.58,309900
2012-05-11,11.49,11.58,10.82,10.82,410200
2012-05-14,10.73,10.82,10.16,10.16,372100
2012-05-15,9.97,10.16,9.59,9.68,353900
2012-05-16,9.78,10.06,9.68,10.06,168600
2012-05-17,9.97,10.06,9.68,9.68,146600
2012-05-18,9.49,9.59,9.02,9.02,280900
2012-05-21,9.4,9.59,9.21,9.59,82900
2012-05-22,9.97,9.97,9.49,9.68,78000
2012-05-23,9.21,9.4,9.02,9.02,137400
2012-05-24,8.93,9.4,8.45,9.02,175800
2012-05-25,9.12,9.31,8.83,9.31,138800
2012-05-28,9.4,9.4,9.02,9.31,68500
2012-05-29,8.93,9.21,8.83,8.83,58900
2012-05-30,8.83,9.02,8.83,9.02,29100
2012-05-31,8.93,8.93,8.45,8.55,115700
2012-06-01,8.64,8.83,8.36,8.74,49900
2012-06-04,8.36,8.45,8.17,8.26,144100
2012-06-05,8.45,8.74,8.17,8.74,69400
2012-06-06,8.55,8.83,8.55,8.74,69400
2012-06-07,8.83,9.21,8.83,9.21,54600
2012-06-08,9.4,9.4,8.83,8.83,49700
2012-06-11,8.83,8.93,8.64,8.83,30100
2012-06-12,8.64,8.83,8.55,8.64,35100
2012-06-13,8.64,8.93,8.55,8.83,51500
2012-06-14,8.74,8.74,8.55,8.74,32000
2012-06-15,8.83,8.83,8.74,8.83,37200
2012-06-18,8.83,9.02,8.83,9.02,28700
2012-06-19,8.83,8.93,8.45,8.45,49800
2012-06-20,8.55,8.83,8.55,8.83,19100
2012-06-21,8.64,8.64,8.55,8.55,15200
2012-06-22,8.55,8.64,8.36,8.36,96400
2012-06-25,8.45,8.45,8.17,8.36,29700
2012-06-26,8.07,8.07,7.88,8.07,51900
2012-06-27,8.07,8.07,7.69,7.69,31000
2012-06-28,7.6,7.79,7.6,7.79,25300
2012-06-29,7.88,7.88,7.6,7.6,16600
2012-07-02,7.69,7.69,7.5,7.5,11600
2012-07-03,7.5,7.5,7.22,7.5,66600
2012-07-04,7.12,7.31,6.93,7.12,78700
2012-07-05,7.12,7.6,7.12,7.6,14000
2012-07-06,7.5,7.79,7.5,7.79,34800
2012-07-09,7.22,7.41,7.22,7.41,2700
2012-07-10,7.6,7.69,7.31,7.69,14600
2012-07-11,7.69,8.17,7.69,7.79,27800
2012-07-12,8.07,8.26,7.98,8.26,55100
2012-07-13,8.26,8.74,8.26,8.55,142700
2012-07-16,8.64,8.64,8.26,8.26,31100
2012-07-17,8.45,8.74,8.36,8.74,28100
2012-07-18,8.74,8.74,8.36,8.64,37800
2012-07-19,8.74,8.93,8.26,8.93,41600
2012-07-20,8.74,8.74,8.36,8.45,37300
2012-07-23,8.36,8.36,8.17,8.17,13500
2012-07-24,7.79,8.26,7.79,8.26,10300
2012-07-25,8.17,8.45,7.98,8.45,16900
2012-07-26,8.45,8.45,8.07,8.36,17600
2012-07-27,7.98,7.98,7.79,7.88,9400
2012-07-30,7.88,7.88,7.69,7.69,5600
2012-07-31,7.69,7.88,7.6,7.88,17600
2012-08-01,7.5,7.98,7.5,7.79,23500
2012-08-02,7.98,7.98,7.98,7.98,100
2012-08-03,7.98,7.98,7.6,7.98,25200
2012-08-06,7.98,8.07,7.88,8.07,7300
2012-08-07,7.79,7.79,7.79,7.79,6000
2012-08-08,8.07,8.07,7.79,8.07,10600
2012-08-09,8.07,8.17,8.07,8.17,1300
2012-08-10,7.69,7.98,7.69,7.98,20800
2012-08-13,7.6,7.98,7.6,7.98,12700
2012-08-14,7.79,7.98,7.69,7.98,42600
2012-08-15,7.88,7.88,7.79,7.88,20100
2012-08-16,8.26,8.26,7.6,8.07,2300
2012-08-17,7.69,7.98,7.69,7.98,4600
2012-08-20,7.98,7.98,7.69,7.98,20300
2012-08-21,7.69,7.69,7.5,7.6,47700
2012-08-22,7.6,7.6,7.12,7.31,16400
2012-08-23,6.65,6.65,6.65,6.65,23100
2012-08-24,6.27,6.84,6.27,6.74,56800
2012-08-27,6.36,6.36,6.36,6.36,10000
2012-08-28,6.36,6.46,6.27,6.46,15700
2012-08-29,6.74,6.84,6.65,6.84,27000
2012-08-30,7.12,7.12,6.74,6.74,2000
2012-08-31,6.93,6.93,6.46,6.74,5900
2012-09-04,6.46,6.84,6.36,6.84,26500
2012-09-05,6.55,6.55,6.55,6.55,1600
2012-09-06,6.55,6.55,6.46,6.55,6800
2012-09-07,6.36,6.55,6.36,6.36,3100
2012-09-10,6.08,6.08,5.98,5.98,16000
2012-09-11,5.89,6.36,5.6,6.36,30400
2012-09-12,5.98,6.36,5.7,6.36,14000
2012-09-13,6.36,6.36,6.08,6.36,10400
2012-09-14,6.46,6.65,6.46,6.55,16400
2012-09-17,6.55,6.65,6.36,6.55,2500
2012-09-18,6.36,6.46,6.27,6.46,6000
2012-09-19,6.17,6.55,6.17,6.55,800
2012-09-20,6.27,6.55,6.27,6.55,9800
2012-09-21,6.65,6.65,6.46,6.65,4600
2012-09-24,6.55,6.65,6.55,6.65,2100
2012-09-25,6.65,6.65,6.36,6.36,1600
2012-09-26,6.36,6.36,6.08,6.36,4300
2012-09-27,6.27,6.36,6.08,6.36,2300
2012-09-28,6.55,6.55,5.98,5.98,7500
2012-10-01,5.79,5.98,5.7,5.98,2700
2012-10-02,5.51,5.6,5.51,5.6,43200
2012-10-03,5.7,5.89,5.7,5.89,400
2012-10-04,5.7,5.7,5.7,5.7,3000
2012-10-05,5.6,5.89,5.6,5.89,2100
2012-10-08,5.89,5.89,5.7,5.89,3100
2012-10-09,5.89,5.89,5.51,5.7,32700
2012-10-10,5.41,5.7,5.41,5.7,14400
2012-10-11,5.51,5.51,5.51,5.51,100
2012-10-12,5.7,5.7,5.41,5.41,200
2012-10-15,5.7,5.98,5.7,5.89,34100
2012-10-16,5.98,6.17,5.98,5.98,16000
2012-10-17,5.79,5.98,5.79,5.98,1000
2012-10-18,5.98,5.98,5.7,5.7,8100
2012-10-19,5.98,6.08,5.51,6.08,14500
2012-10-22,5.6,6.08,5.6,6.08,26200
2012-10-23,6.08,6.08,5.79,6.08,600
2012-10-24,5.89,5.98,5.89,5.98,4700
2012-10-25,5.79,5.89,5.79,5.89,5300
2012-10-26,5.98,5.98,5.89,5.98,4300
2012-10-29,5.98,5.98,5.98,5.98,900
2012-10-30,6.27,6.27,5.79,5.79,3900
2012-10-31,5.98,5.98,5.6,5.89,4100
2012-11-01,5.98,5.98,5.98,5.98,300
2012-11-02,5.98,5.98,5.98,5.98,0
2012-11-05,5.98,5.98,5.98,5.98,100
2012-11-06,5.98,5.98,5.6,5.89,500
2012-11-07,5.89,5.89,5.41,5.41,4500
2012-11-08,5.22,5.7,5.22,5.7,12800
2012-11-09,5.89,5.89,5.51,5.7,1500
2012-11-12,5.89,5.89,5.7,5.7,3300
2012-11-13,5.41,5.7,5.32,5.41,4600
2012-11-14,5.6,5.6,5.32,5.41,4900
2012-11-15,5.51,5.6,5.32,5.6,3300
2012-11-16,5.32,5.6,5.32,5.6,300
2012-11-19,5.22,5.7,5.22,5.7,3800
2012-11-20,5.7,5.7,5.6,5.6,300
2012-11-21,5.6,5.6,5.6,5.6,0
2012-11-22,5.51,5.51,5.41,5.41,3400
2012-11-23,5.51,5.51,5.51,5.51,100
2012-11-26,5.22,5.22,5.22,5.22,100
2012-11-27,5.41,5.51,5.03,5.51,4800
2012-11-28,5.22,5.32,5.22,5.32,2000
2012-11-29,5.6,5.6,5.6,5.6,100
2012-11-30,5.41,5.6,5.32,5.6,10700
2012-12-03,5.32,5.7,5.32,5.7,4200
2012-12-04,5.32,5.7,5.32,5.7,900
2012-12-05,5.7,5.7,5.51,5.51,4500
2012-12-06,5.6,5.6,5.6,5.6,100
2012-12-07,5.51,5.6,5.51,5.6,3100
2012-12-10,5.6,5.7,5.32,5.7,1800
2012-12-11,5.7,5.7,5.51,5.51,3200
2012-12-12,5.32,5.7,5.32,5.7,2300
2012-12-13,5.51,5.7,5.51,5.6,5900
2012-12-14,5.51,5.7,5.51,5.51,16400
2012-12-17,5.22,5.6,5.22,5.6,300
2012-12-18,5.6,5.6,5.32,5.6,2300
2012-12-19,5.6,5.6,5.51,5.6,3500
2012-12-20,5.6,5.6,5.6,5.6,11000
2012-12-21,5.6,5.6,5.6,5.6,0
2012-12-24,5.6,5.6,5.6,5.6,0
2012-12-25,5.6,5.7,5.41,5.41,3800
2012-12-26,5.32,5.41,5.32,5.41,9100
2012-12-27,5.51,5.6,5.41,5.6,52800
2012-12-28,5.79,5.89,5.6,5.79,16200
2013-01-02,5.98,6.17,5.7,6.17,16000
2013-01-03,6.17,6.17,5.7,5.7,31600
2013-01-04,5.7,6.08,5.7,6.08,57000
2013-01-07,6.17,6.46,6.17,6.46,93400
2013-01-08,6.17,6.84,6.17,6.84,101700
2013-01-09,6.84,7.12,6.36,6.36,127500
2013-01-10,6.17,6.74,6.17,6.74,32900
2013-01-11,6.55,6.84,6.46,6.65,22200
2013-01-14,6.74,6.74,6.36,6.65,12800
2013-01-15,6.55,6.74,6.55,6.65,41800
2013-01-16,6.74,6.74,6.36,6.74,38800
2013-01-17,6.55,6.65,6.36,6.65,28700
2013-01-18,6.17,6.55,6.17,6.55,1900
2013-01-21,6.17,6.46,6.08,6.46,10500
2013-01-22,6.46,6.46,5.98,6.27,12100
2013-01-23,6.27,6.27,6.17,6.27,3400
2013-01-24,5.89,6.36,5.89,6.27,13300
2013-01-25,6.36,6.46,6.27,6.46,8200
2013-01-28,5.98,6.17,5.89,6.08,73100
2013-01-29,6.36,6.36,5.98,5.98,32800
2013-01-30,5.7,6.36,5.7,6.17,1700
2013-01-31,6.17,6.17,6.17,6.17,6000
2013-02-01,5.98,6.08,5.7,5.7,1000
2013-02-04,5.89,5.89,5.7,5.7,102300
2013-02-05,5.7,5.7,5.7,5.7,10000
2013-02-06,5.79,5.79,5.7,5.79,24100
2013-02-07,5.6,5.89,5.6,5.79,66300
2013-02-08,5.79,6.27,5.79,6.27,71700
2013-02-18,6.17,6.55,6.17,6.55,8100
2013-02-19,6.65,6.65,6.17,6.46,12700
2013-02-20,5.98,6.46,5.98,6.46,39800
2013-02-21,6.46,6.46,6.17,6.46,29500
2013-02-22,6.08,6.46,5.98,6.27,25600
2013-02-25,6.27,6.27,6.27,6.27,1000
2013-02-26,6.17,6.17,5.7,5.7,28200
2013-02-27,5.51,5.7,5.51,5.7,19000
2013-02-28,5.89,5.89,5.51,5.89,600
2013-03-01,5.79,5.89,5.79,5.89,22700
2013-03-04,5.51,5.89,5.32,5.89,10500
2013-03-05,5.41,5.89,5.32,5.7,26100
2013-03-06,6.08,6.08,6.08,6.08,100
2013-03-07,5.98,6.46,5.51,6.46,17400
2013-03-08,6.08,6.08,5.98,5.98,5100
2013-03-11,5.89,5.98,5.41,5.98,7900
2013-03-12,5.51,6.17,5.41,6.08,48900
2013-03-13,5.6,5.89,5.51,5.79,18400
2013-03-14,5.98,5.98,5.51,5.51,11700
2013-03-15,5.79,5.89,5.79,5.89,2700
2013-03-18,5.98,5.98,5.98,5.98,400
2013-03-19,5.98,5.98,5.6,5.79,600
2013-03-20,5.98,5.98,5.7,5.98,2700
2013-03-21,5.98,5.98,5.89,5.98,2700
2013-03-22,5.89,5.89,5.6,5.89,3500
2013-03-25,5.79,5.79,5.79,5.79,600
2013-03-26,5.79,5.98,5.79,5.98,9500
2013-03-27,5.6,5.89,5.6,5.89,2200
2013-03-28,5.89,5.98,5.41,5.89,4200
2013-03-29,5.7,5.7,5.7,5.7,100
2013-04-01,5.89,5.89,5.89,5.89,100
2013-04-02,5.79,5.79,5.79,5.79,1100
2013-04-03,5.79,5.79,5.7,5.79,8000
2013-04-04,5.79,5.79,5.79,5.79,0
2013-04-05,5.51,5.79,5.51,5.79,7000
2013-04-08,5.89,5.89,5.89,5.89,500
2013-04-09,5.79,5.89,5.41,5.7,5100
2013-04-10,5.98,5.98,5.98,5.98,100
2013-04-11,5.98,5.98,5.98,5.98,0
2013-04-12,5.7,5.7,5.7,5.7,1800
2013-04-15,5.7,5.7,5.7,5.7,100
2013-04-16,5.41,5.51,5.13,5.51,7500
2013-04-17,5.6,5.6,5.6,5.6,5400
2013-04-18,5.22,5.6,5.22,5.6,3300
2013-04-22,5.51,5.89,5.51,5.89,1600
2013-04-23,5.89,5.89,5.89,5.89,0
2013-04-24,5.41,5.79,5.41,5.79,600
2013-04-25,5.41,5.41,5.41,5.41,200
2013-04-26,5.7,5.7,5.51,5.51,200
2013-05-02,5.41,5.41,5.41,5.41,900
2013-05-03,5.51,5.51,5.51,5.51,100
2013-05-06,5.51,5.51,5.22,5.41,4900
2013-05-07,5.41,5.41,5.41,5.41,0
2013-05-08,4.94,5.41,4.94,5.41,1100
2013-05-09,4.94,5.41,4.94,5.41,4100
2013-05-10,5.51,5.51,5.51,5.51,100
2013-05-13,5.51,5.51,5.51,5.51,0
2013-05-14,5.03,5.03,5.03,5.03,100
2013-05-15,5.41,5.41,4.65,4.65,1700
2013-05-16,5.03,5.22,5.03,5.22,4100
2013-05-17,5.32,5.41,4.94,5.22,600
2013-05-20,5.32,5.41,4.75,5.22,2300
2013-05-21,5.32,5.32,4.94,5.22,2300
2013-05-22,5.03,5.13,5.03,5.13,2000
2013-05-23,5.13,5.13,4.84,4.84,5300
2013-05-24,4.94,5.03,4.94,4.84,4100
2013-05-27,4.94,5.03,4.75,5.03,8000
2013-05-28,5.13,5.13,5.03,5.03,900
2013-05-29,5.22,5.22,4.94,5.03,19000
2013-05-30,5.22,5.22,5.03,5.13,4200
2013-05-31,5.03,5.03,4.75,4.94,78300
2013-06-03,4.94,4.94,4.94,4.94,0
2013-06-04,4.75,5.03,4.75,5.03,1600
2013-06-05,5.03,5.03,5.03,5.03,0
2013-06-06,4.94,4.94,4.94,4.94,2000
2013-06-07,4.84,5.13,4.84,4.94,13000
2013-06-10,4.84,5.13,4.65,5.03,19800
2013-06-11,4.75,5.03,4.75,5.03,5700
2013-06-12,4.94,5.13,4.84,4.84,9700
2013-06-13,5.03,5.03,4.75,4.75,12700
2013-06-14,4.84,4.84,4.75,4.84,10100
2013-06-17,4.84,4.84,4.84,4.84,15000
2013-06-18,4.75,4.84,4.65,4.84,13200
2013-06-19,4.75,4.84,4.75,4.84,2100
2013-06-20,4.75,4.75,4.27,4.27,52500
2013-06-21,4.27,4.27,4.27,4.27,0
2013-06-24,3.99,3.99,3.89,3.89,41300
2013-06-25,4.18,4.18,3.51,4.18,19400
2013-06-26,3.99,3.99,3.8,3.8,26400
2013-06-27,3.99,4.08,3.99,4.08,800
2013-06-28,4.46,4.46,3.89,4.08,144400
2013-07-01,4.08,4.27,4.08,4.27,107500
2013-07-02,4.37,4.56,4.37,4.56,700
2013-07-03,4.27,4.46,4.27,4.46,20200
2013-07-04,4.18,4.27,4.08,4.08,21700
2013-07-05,4.08,4.08,4.08,4.08,400
2013-07-08,4.18,4.27,4.08,4.08,5300
2013-07-09,4.18,4.18,3.99,4.18,1300
2013-07-10,3.99,4.08,3.8,4.08,13800
2013-07-11,3.8,3.8,3.8,3.8,1600
2013-07-12,4.08,4.08,4.08,4.08,2000
2013-07-15,4.18,4.18,4.08,4.08,2200
2013-07-16,3.89,3.99,3.8,3.99,2100
2013-07-17,3.99,4.08,3.99,4.08,600
2013-07-18,3.99,4.08,3.99,3.99,3200
2013-07-19,3.89,3.99,3.7,3.99,5400
2013-07-22,3.89,3.89,3.61,3.61,111200
2013-07-23,3.61,3.61,3.61,3.61,4500
2013-07-24,3.61,3.89,3.61,3.89,38800
2013-07-25,3.99,4.27,3.99,3.99,34000
2013-07-26,3.99,3.99,3.7,3.8,14700
2013-07-29,3.99,3.99,3.99,3.99,100
2013-07-30,3.8,3.8,3.7,3.7,9100
2013-07-31,3.7,3.7,3.7,3.7,1000
2013-08-01,3.7,3.8,3.7,3.8,19400
2013-08-02,3.8,3.89,3.8,3.89,1400
2013-08-05,3.89,3.89,3.89,3.89,0
2013-08-06,3.8,3.8,3.8,3.8,6500
2013-08-07,3.8,3.8,3.8,3.8,12000
2013-08-08,3.8,3.99,3.8,3.99,13100
2013-08-09,3.89,3.99,3.8,3.8,3900
2013-08-12,3.8,3.89,3.8,3.89,11000
2013-08-13,3.8,4.08,3.8,4.08,300
2013-08-14,3.89,3.89,3.89,3.89,1700
2013-08-15,3.89,3.89,3.89,3.89,6000
2013-08-16,3.8,3.8,3.8,3.8,3700
2013-08-19,3.8,3.99,3.8,3.99,200
2013-08-20,3.7,3.89,3.7,3.89,7300
2013-08-21,3.89,3.89,3.89,3.89,0
2013-08-22,3.89,3.89,3.89,3.89,1000
2013-08-23,3.89,3.89,3.89,3.89,0
2013-08-26,3.89,3.89,3.89,3.89,0
2013-08-27,3.8,3.8,3.8,3.8,1000
2013-08-28,3.7,3.7,3.61,3.61,1300
2013-08-29,3.61,3.89,3.51,3.89,1100
2013-08-30,3.89,3.89,3.89,3.89,1300
2013-09-03,3.89,3.89,3.89,3.89,0
2013-09-04,3.7,3.8,3.7,3.8,25400
2013-09-05,3.7,3.7,3.7,3.7,3200
2013-09-06,3.7,3.8,3.7,3.7,11000
2013-09-09,3.8,3.89,3.8,3.89,11800
2013-09-10,3.8,4.27,3.8,4.27,74100
2013-09-11,4.27,4.27,3.99,3.99,2700
2013-09-12,4.27,4.37,4.27,4.37,63400
2013-09-13,4.46,4.46,4.27,4.27,3500
2013-09-16,4.27,4.27,4.27,4.27,5500
2013-09-17,4.37,4.65,4.37,4.46,28900
2013-09-18,4.46,4.84,4.46,4.75,79800
2013-09-19,5.03,5.03,4.46,4.46,6100
2013-09-20,4.56,4.75,4.46,4.46,4700
2013-09-23,4.56,4.84,4.56,4.84,85500
2013-09-24,5.22,5.32,5.13,5.32,57200
2013-09-25,5.7,5.79,5.51,5.79,88200
2013-09-26,6.08,6.08,5.79,5.79,14000
2013-09-27,6.08,6.08,5.32,5.41,15800
2013-09-30,5.51,5.6,5.22,5.22,10700
2013-10-01,5.32,5.7,5.13,5.7,42700
2013-10-02,5.13,5.7,5.13,5.41,27000
2013-10-03,5.7,5.7,5.03,5.03,39900
2013-10-04,5.41,5.51,5.03,5.03,3700
2013-10-07,5.51,5.51,5.32,5.32,33800
2013-10-08,5.6,5.6,5.41,5.41,36600
2013-10-09,5.6,5.6,5.41,5.41,10200
2013-10-10,5.51,5.79,5.51,5.7,27700
2013-10-11,5.7,5.79,5.7,5.79,4100
2013-10-14,5.79,5.89,5.22,5.22,43700
2013-10-15,5.7,5.7,5.41,5.41,134800
2013-10-16,5.41,5.89,5.41,5.51,14500
2013-10-17,5.32,5.7,5.32,5.51,90900
2013-10-18,5.7,5.79,5.51,5.7,226200
2013-10-21,5.7,6.17,5.7,5.7,118900
2013-10-22,5.7,5.89,5.6,5.89,42800
2013-10-23,5.7,5.89,5.51,5.6,21000
2013-10-24,5.6,5.7,5.22,5.22,47100
2013-10-25,5.6,5.7,5.6,5.6,64200
2013-10-28,5.41,5.51,5.32,5.41,11800
2013-10-29,5.13,5.6,4.94,5.22,11300
2013-10-30,5.7,5.7,5.22,5.22,19800
2013-10-31,5.22,5.22,5.22,5.22,1000
2013-11-01,5.6,5.6,5.22,5.22,8400
2013-11-04,5.51,5.51,5.13,5.13,1600
2013-11-05,5.13,5.51,5.13,5.51,50100
2013-11-06,5.51,5.7,5.51,5.7,2200
2013-11-07,5.6,5.6,5.41,5.41,2500
2013-11-08,5.6,5.89,5.41,5.89,43700
2013-11-11,5.89,5.89,5.89,5.89,0
2013-11-12,5.51,5.7,5.32,5.32,13900
2013-11-13,5.32,5.51,5.32,5.32,2000
2013-11-14,5.6,5.6,5.6,5.6,700
2013-11-15,5.51,5.7,5.51,5.7,19500
2013-11-18,5.41,6.08,5.32,6.08,81400
2013-11-19,5.89,6.08,5.51,5.51,9100
2013-11-20,5.79,5.79,5.6,5.6,9400
2013-11-21,5.7,5.89,5.6,5.6,46000
2013-11-22,5.51,5.6,5.51,5.6,22100
2013-11-25,5.7,5.89,5.6,5.6,7100
2013-11-26,5.51,5.79,5.51,5.79,39900
2013-11-27,5.7,5.89,5.7,5.89,36200
2013-11-28,5.89,5.98,5.89,5.98,8500
2013-11-29,5.98,6.17,5.89,6.17,54200
2013-12-02,6.08,6.17,5.89,5.89,24900
2013-12-03,5.98,5.98,5.89,5.89,5900
2013-12-04,5.89,6.08,5.89,5.89,42500
2013-12-05,5.89,5.98,5.89,5.89,9200
2013-12-06,5.98,6.08,5.98,6.08,7800
2013-12-09,5.89,5.89,5.79,5.79,4000
2013-12-10,5.98,5.98,5.79,5.79,28100
2013-12-11,5.98,6.08,5.79,5.79,87500
2013-12-12,5.79,6.08,5.6,5.7,98000
2013-12-13,5.7,6.17,5.7,6.17,34400
2013-12-16,5.98,6.08,5.79,5.79,12300
2013-12-17,5.79,5.79,5.7,5.7,3500
2013-12-18,5.98,5.98,5.7,5.7,5200
2013-12-19,5.79,5.89,5.79,5.89,19800
2013-12-20,5.7,6.08,5.7,5.7,29400
2013-12-23,5.7,5.79,5.7,5.79,4500
2013-12-24,5.89,5.98,5.89,5.98,16900
2013-12-25,5.79,5.79,5.79,5.79,2000
2013-12-26,5.7,5.7,5.7,5.7,3000
2013-12-27,5.89,6.17,5.89,5.98,110300
2013-12-30,5.89,5.89,5.51,5.51,9000
2013-12-31,5.7,5.7,5.7,5.7,2000
2014-01-02,5.89,5.89,5.7,5.7,12400
2014-01-03,5.7,5.98,5.7,5.7,22500
2014-01-06,5.79,5.79,5.7,5.79,4500
2014-01-07,5.98,6.17,5.7,5.7,94000
2014-01-08,6.08,6.27,6.08,6.08,49700
2014-01-09,6.08,6.08,6.08,6.08,28000
2014-01-10,5.98,5.98,5.98,5.98,1000
2014-01-13,6.36,6.36,6.17,6.17,2100
2014-01-14,6.17,6.17,5.98,6.08,16300
2014-01-15,6.08,6.27,6.08,6.08,39000
2014-01-16,6.17,6.36,6.17,6.36,17200
2014-01-17,5.98,6.17,5.98,5.98,11273
2014-01-20,5.89,6.17,5.89,5.89,57400
2014-01-21,5.79,5.79,5.79,5.79,3027
2014-01-22,5.89,5.89,5.89,5.89,4700
2014-01-23,5.89,6.08,5.79,5.79,4300
2014-01-24,6.08,6.27,5.98,5.98,22000
2014-01-27,6.17,6.55,6.17,6.55,42300
2014-02-06,6.46,6.46,6.46,6.46,800
2014-02-07,6.17,6.17,6.17,6.17,200
2014-02-10,6.36,6.74,6.36,6.65,49600
2014-02-11,6.65,7.03,6.46,6.46,10800
2014-02-12,6.46,6.74,6.46,6.74,30600
2014-02-13,7.41,7.41,6.36,6.36,2600
2014-02-14,6.84,6.93,6.84,6.93,61200
2014-02-17,7.22,7.41,7.22,7.31,4300
2014-02-18,7.22,7.98,6.93,7.69,18700
2014-02-19,7.69,7.69,7.41,7.41,9200
2014-02-20,7.41,7.41,6.84,6.84,28700
2014-02-21,6.84,7.31,6.84,6.93,22900
2014-02-24,6.74,7.22,6.65,6.74,9000
2014-02-25,6.74,7.12,6.46,6.46,7000
2014-02-26,6.65,7.03,6.65,7.03,31200
2014-02-27,7.6,7.69,6.93,6.93,64200
2014-02-28,6.93,6.93,6.93,6.93,1000
2014-03-03,6.65,7.5,6.65,7.41,300
2014-03-04,6.84,6.84,6.84,6.84,2300
2014-03-05,7.41,7.5,7.12,7.5,31600
2014-03-06,6.84,7.98,6.84,6.93,1500
2014-03-07,6.55,7.6,6.55,7.6,18900
2014-03-10,8.36,8.36,7.22,7.6,2400
2014-03-11,7.22,8.36,7.22,8.36,74300
2014-03-12,8.64,8.74,7.79,7.79,461000
2014-03-13,8.07,8.55,8.07,8.55,24100
2014-03-14,8.74,8.93,8.55,8.93,12600
2014-03-17,9.02,9.02,8.55,8.74,29600
2014-03-18,8.93,8.93,8.74,8.74,12482
2014-03-19,9.02,9.02,8.93,8.93,300
2014-03-20,9.4,9.4,8.36,8.55,22118
2014-03-21,7.79,8.74,7.79,8.36,1800
2014-03-24,8.74,8.74,8.45,8.45,1600
2014-03-25,8.36,8.36,7.98,7.98,4800
2014-03-26,8.17,8.74,7.98,8.55,128000
2014-03-27,8.26,8.93,8.17,8.36,66200
2014-03-28,8.93,9.12,8.64,9.12,76400
2014-03-31,9.68,9.68,8.83,8.83,4000
2014-04-01,8.83,9.12,8.64,9.12,6600
2014-04-02,8.55,9.12,8.55,8.83,690500
2014-04-03,9.12,9.21,9.02,9.21,17100
2014-04-04,9.21,9.21,8.64,8.74,21100
2014-04-07,8.55,9.02,8.55,8.74,22700
2014-04-08,9.21,9.21,9.21,9.21,500
2014-04-10,9.21,9.21,9.21,9.21,0
2014-04-11,8.55,8.55,8.55,8.55,500
2014-04-14,8.55,8.93,8.26,8.26,3100
2014-04-15,7.79,7.79,7.79,7.79,600
2014-04-16,7.41,7.98,7.41,7.41,29600
2014-04-17,7.41,7.41,7.22,7.22,6900
2014-04-18,7.41,7.41,6.84,7.12,13300
2014-04-21,7.12,7.12,6.65,6.65,10400
2014-04-22,6.65,7.31,6.65,6.74,5300
2014-04-23,6.84,7.41,6.84,6.84,9000
2014-04-24,6.84,6.84,6.84,6.84,0
2014-04-25,7.41,7.5,7.41,7.5,3100
2014-04-28,7.5,8.17,7.5,8.17,12000
2014-04-29,8.17,8.36,8.17,8.36,200
2014-05-05,8.36,8.36,8.36,8.36,1000
2014-05-06,8.36,8.93,8.36,8.93,3800
2014-05-07,8.93,8.93,8.83,8.83,1700
2014-05-08,8.26,8.74,7.98,8.74,41100
2014-05-09,9.31,9.31,8.17,9.12,7100
2014-05-12,8.64,8.64,8.45,8.45,3100
2014-05-13,8.64,8.64,7.79,8.26,11500
2014-05-14,8.17,8.55,8.17,8.55,21900
2014-05-15,8.36,9.02,8.36,9.02,36800
2014-05-16,8.74,8.83,8.55,8.83,2100
2014-05-19,8.64,8.64,8.64,8.64,400
2014-05-20,8.55,8.64,8.26,8.64,106700
2014-05-21,8.93,8.93,8.93,8.93,100
2014-05-22,8.55,8.93,8.55,8.93,200
2014-05-23,8.55,8.55,8.55,8.55,100
2014-05-26,8.83,8.83,8.83,8.83,4000
2014-05-27,8.83,8.83,8.83,8.83,0
2014-05-28,8.83,8.83,8.83,8.83,1000
2014-05-29,8.74,8.74,8.74,8.74,1800
2014-05-30,8.55,8.55,8.55,8.55,2000
2014-06-02,8.83,8.93,8.64,8.64,7800
2014-06-03,8.64,8.64,8.64,8.64,0
2014-06-04,8.74,8.93,8.64,8.64,30000
2014-06-05,8.83,9.31,8.83,9.02,2200
2014-06-06,9.4,9.4,9.4,9.4,100
2014-06-09,9.12,9.31,8.93,9.31,16100
2014-06-10,9.4,9.4,9.4,9.4,300
2014-06-11,9.31,9.49,9.02,9.31,4200
2014-06-12,8.93,9.31,8.93,9.31,3800
2014-06-13,9.68,9.68,9.68,9.68,100
2014-06-16,9.68,9.68,9.68,9.68,0
2014-06-17,9.49,10.63,9.02,10.63,6300
2014-06-18,9.87,9.97,9.59,9.97,145800
2014-06-19,9.59,9.59,9.21,9.4,71800
2014-06-20,8.93,9.78,8.55,9.78,71400
2014-06-23,9.49,9.49,9.02,9.02,6000
2014-06-24,9.02,9.87,9.02,9.87,94100
2014-06-25,9.87,10.06,9.59,10.06,64200
2014-06-26,10.06,10.06,10.06,10.06,2200
2014-06-27,9.12,10.44,9.12,10.44,72500
2014-06-30,10.25,10.44,9.97,10.44,58100
2014-07-01,10.06,10.16,9.97,10.16,11200
2014-07-02,9.97,10.44,9.78,9.78,8600
2014-07-03,9.78,9.97,9.49,9.49,1800
2014-07-04,9.31,9.68,9.31,9.4,13700
2014-07-07,9.4,9.4,9.4,9.4,1500
2014-07-08,9.4,9.4,9.4,9.4,0
2014-07-09,9.78,9.78,9.49,9.59,50100
2014-07-10,9.68,9.97,9.4,9.87,98600
2014-07-11,9.78,9.87,9.49,9.87,51800
2014-07-14,9.87,9.87,9.49,9.49,59400
2014-07-15,9.68,10.16,9.4,10.16,97000
2014-07-16,9.87,10.16,9.59,10.16,71300
2014-07-17,10.06,10.06,9.78,9.78,65900
2014-07-18,9.78,10.25,9.59,9.78,85200
2014-07-21,9.68,9.87,9.31,9.87,110400
2014-07-22,9.78,9.78,9.49,9.49,62400
2014-07-23,9.68,9.87,9.4,9.87,60000
2014-07-24,9.78,9.97,9.4,9.87,103700
2014-07-25,9.78,9.78,9.12,9.12,3500
2014-07-28,9.12,9.12,9.12,9.12,100
2014-07-29,8.64,9.68,8.36,9.68,11000
2014-07-30,9.4,9.4,9.4,9.4,400
2014-07-31,9.4,9.4,9.4,9.4,0
2014-08-01,9.4,9.4,9.4,9.4,0
2014-08-04,9.4,9.4,9.4,9.4,0
2014-08-05,9.4,9.4,9.4,9.4,0
2014-08-06,9.49,9.49,9.4,9.4,2000
2014-08-07,9.4,9.4,9.4,9.4,0
2014-08-08,9.4,9.4,9.4,9.4,0
2014-08-11,9.02,9.02,9.02,9.02,400
2014-08-12,9.4,9.4,9.4,9.4,300
2014-08-13,9.4,9.4,8.8,8.8,600
2014-08-14,8.8,8.8,8.8,8.8,300
2014-08-15,9.5,9.5,8.9,8.9,1200
2014-08-18,9.4,9.4,9.0,9.0,5700
2014-08-19,9.0,9.0,9.0,9.0,0
2014-08-20,9.3,9.3,9.3,9.3,100
2014-08-21,9.4,9.4,9.0,9.0,1100
2014-08-22,9.0,9.2,9.0,9.2,1100
2014-08-25,9.2,9.2,9.0,9.0,6900
2014-08-26,9.0,9.0,9.0,9.0,0
2014-08-27,8.4,9.0,8.4,9.0,300
2014-08-28,9.0,9.0,9.0,9.0,0
2014-08-29,9.0,9.0,9.0,9.0,0
2014-09-03,9.0,9.0,9.0,9.0,0
2014-09-04,9.0,9.0,9.0,9.0,0
2014-09-05,8.5,8.5,8.3,8.3,13000
2014-09-08,8.3,9.0,8.3,8.5,13200
2014-09-09,8.4,9.0,7.8,7.8,5100
2014-09-10,7.2,8.5,7.2,8.5,8600
2014-09-11,9.0,9.0,9.0,9.0,100
2014-09-12,9.0,9.0,9.0,9.0,0
2014-09-15,9.0,9.1,9.0,9.1,4000
2014-09-16,9.3,9.3,9.3,9.3,100
2014-09-17,9.8,9.8,8.6,9.3,2600
2014-09-18,8.5,9.2,8.5,9.2,7600
2014-09-19,9.2,9.2,9.0,9.1,2000
2014-09-22,8.5,9.2,8.5,9.0,37200
2014-09-23,9.0,9.1,9.0,9.1,26900
2014-09-24,9.2,10.0,9.2,10.0,34900
2014-09-25,10.0,10.2,10.0,10.2,12700
2014-09-26,10.2,10.7,10.2,10.2,17900
2014-09-29,9.6,10.5,9.6,10.5,1100
2014-09-30,10.6,10.6,10.1,10.3,4100
2014-10-01,10.3,10.5,9.4,9.4,13400
2014-10-02,10.3,10.3,9.6,9.6,30300
2014-10-03,10.5,10.5,10.5,10.5,22400
2014-10-06,11.5,11.5,11.5,11.5,26400
2014-10-07,12.6,12.6,12.6,12.6,19100
2014-10-08,13.8,13.8,13.8,13.8,8000
2014-10-09,15.1,15.1,15.1,15.1,58800
2014-10-10,16.4,16.5,14.1,15.0,121000
2014-10-13,15.0,15.0,14.0,14.5,202800
2014-10-14,14.4,14.4,13.9,14.2,16000
2014-10-15,13.5,14.2,13.2,13.3,120400
2014-10-16,14.1,14.6,14.1,14.6,129200
2014-10-17,14.7,14.8,14.6,14.8,2900
2014-10-20,14.0,14.5,14.0,14.5,2000
2014-10-21,15.0,15.0,14.6,14.6,10100
2014-10-22,14.0,14.6,13.7,14.5,3000
2014-10-23,14.5,14.5,14.5,14.5,0
2014-10-24,13.6,13.6,13.3,13.3,9000
2014-10-27,12.9,13.9,12.9,13.9,15000
2014-10-28,13.1,14.0,13.1,13.9,30300
2014-10-29,14.4,15.1,14.4,14.8,4100
2014-10-30,13.7,13.7,13.6,13.6,6500
2014-10-31,14.0,14.9,14.0,14.9,109500
2014-11-03,16.3,16.3,16.3,16.3,48400
2014-11-04,17.9,17.9,16.1,16.5,117900
2014-11-05,15.9,17.0,15.8,17.0,100700
2014-11-06,16.5,17.0,16.5,17.0,20900
2014-11-07,16.9,18.7,16.3,18.7,1175300
2014-11-10,19.4,20.3,19.0,19.7,75600
2014-11-11,18.6,19.5,18.4,18.6,34100
2014-11-12,17.5,19.1,17.5,18.7,37200
2014-11-13,18.7,20.5,16.9,16.9,467500
2014-11-14,16.5,17.9,16.5,17.3,60700
2014-11-17,17.5,19.0,17.5,19.0,145000
2014-11-18,20.9,20.9,18.1,18.3,49800
2014-11-19,18.3,18.3,17.2,18.3,30700
2014-11-20,18.8,18.8,17.9,17.9,2500
2014-11-21,19.4,19.4,17.3,17.3,18800
2014-11-24,17.0,18.3,17.0,18.3,21800
2014-11-25,18.0,18.1,17.6,18.0,23900
2014-11-26,17.9,18.8,16.8,18.3,46900
2014-11-27,18.3,18.3,17.9,17.9,17800
2014-11-28,17.8,18.5,17.7,18.5,400
2014-12-01,17.2,18.3,17.1,17.1,8900
2014-12-02,17.5,18.0,17.5,18.0,9600
2014-12-03,17.5,18.0,17.5,18.0,9200
2014-12-04,18.1,19.1,18.0,18.9,120300
2014-12-05,18.9,19.2,18.9,19.2,26439
2014-12-08,17.9,19.0,17.9,18.4,7300
2014-12-09,18.0,19.5,16.6,16.6,75200
2014-12-10,16.6,17.6,16.6,17.6,15700
2014-12-11,17.7,17.9,16.4,16.4,33000
2014-12-12,17.3,17.3,16.5,17.1,53700
2014-12-15,18.0,18.1,16.6,17.6,27100
2014-12-16,16.6,17.2,16.5,17.0,17200
2014-12-17,17.3,17.3,15.3,16.3,138200
2014-12-18,16.4,17.5,16.3,16.5,33536
2014-12-19,17.3,17.3,16.5,16.9,43200
2014-12-22,16.9,18.5,16.7,17.2,36800
2014-12-23,17.1,17.3,17.1,17.3,49700
2014-12-24,17.3,18.9,17.3,18.9,77300
2014-12-25,18.2,18.5,18.0,18.5,57100
2014-12-26,19.5,19.5,17.5,18.3,20000
2014-12-29,18.0,18.0,16.6,16.6,25800
2014-12-30,16.6,16.9,16.2,16.5,148500
2014-12-31,18.0,18.1,17.5,17.9,40100
2015-01-05,19.1,19.4,17.5,19.2,62400
2015-01-06,17.7,19.0,17.7,18.8,67700
2015-01-07,18.0,20.6,18.0,20.5,278100
2015-01-08,22.5,22.5,19.8,20.2,102920
2015-01-09,19.0,20.0,18.4,19.9,53700
2015-01-12,18.8,18.9,18.0,18.0,190300
2015-01-13,17.2,18.3,17.0,17.7,41510
2015-01-14,18.0,18.0,17.4,17.5,45345
2015-01-15,17.5,18.9,17.3,18.7,176400
2015-01-16,18.2,18.4,17.8,17.8,38400
2015-01-19,18.0,18.4,17.5,17.9,25100
2015-01-20,17.5,17.9,17.0,17.0,38300
2015-01-21,17.8,17.8,16.8,17.0,25900
2015-01-22,16.9,17.3,16.7,16.9,28300
2015-01-23,16.8,17.0,16.5,16.7,38400
2015-01-26,16.7,17.8,16.7,17.5,34300
2015-01-27,16.8,17.5,16.5,17.5,4100
2015-01-28,18.0,18.0,16.0,17.1,44200
2015-01-29,16.2,16.5,16.0,16.5,24600
2015-01-30,16.9,16.9,15.8,15.8,6300
2015-02-02,14.7,15.9,14.7,15.0,29100
2015-02-03,15.7,15.7,14.0,14.0,78900
2015-02-04,14.8,15.4,14.6,15.4,85200
2015-02-05,15.7,15.7,14.8,14.8,700
2015-02-06,15.6,16.0,15.5,15.8,9800
2015-02-09,17.3,17.3,16.0,16.9,43800
2015-02-10,15.8,15.8,15.4,15.6,7000
2015-02-11,15.7,16.1,15.7,16.1,8000
2015-02-12,16.8,16.8,16.1,16.5,4645
2015-02-13,16.3,16.3,16.3,16.3,1700
2015-02-24,15.8,16.4,15.6,16.4,12800
2015-02-25,16.0,16.2,16.0,16.0,20800
2015-02-26,16.0,16.1,16.0,16.1,1300
2015-02-27,16.1,16.1,16.1,16.1,500
2015-03-02,15.7,15.8,15.6,15.8,5500
2015-03-03,15.7,15.8,15.7,15.8,10000
2015-03-04,15.8,15.8,15.5,15.7,23000
2015-03-05,16.5,16.5,15.9,16.2,8000
2015-03-06,16.3,16.3,16.0,16.1,7700
2015-03-09,15.9,15.9,15.6,15.6,4700
2015-03-10,15.2,15.8,15.2,15.8,1700
2015-03-11,15.5,15.6,15.5,15.6,1100
2015-03-12,15.3,15.3,15.0,15.0,13900
2015-03-13,15.0,15.1,14.2,15.0,24000
2015-03-16,15.0,15.0,14.2,14.2,30800
2015-03-17,14.5,14.8,14.0,14.0,10800
2015-03-18,14.5,15.4,14.5,15.4,17000
2015-03-19,15.5,16.5,15.5,15.9,62200
2015-03-20,16.1,16.1,15.1,15.1,10900
2015-03-23,15.6,15.6,15.6,15.6,100
2015-03-24,15.4,15.4,15.0,15.3,7100
2015-03-25,15.3,15.3,15.3,15.3,0
2015-03-26,15.0,15.5,14.9,15.5,12100
2015-03-27,14.9,15.0,14.8,14.8,14100
2015-03-30,14.8,15.2,14.0,15.1,25600
2015-03-31,14.8,15.0,14.5,14.5,1900
2015-04-01,14.9,14.9,13.6,13.6,22400
2015-04-02,14.8,14.9,14.8,14.9,101200
2015-04-03,15.2,15.2,15.2,15.2,400
2015-04-06,14.2,14.9,14.2,14.9,5200
2015-04-07,14.9,14.9,14.9,14.9,0
2015-04-08,14.1,15.4,14.1,14.9,27400
2015-04-09,14.9,15.4,14.9,15.4,14200
2015-04-10,15.2,15.6,15.2,15.5,25100
2015-04-13,15.5,15.5,15.2,15.5,10000
2015-04-14,15.5,15.5,15.0,15.0,33600
2015-04-15,14.0,15.1,14.0,15.1,12400
2015-04-16,15.3,15.4,14.9,15.4,19400
2015-04-17,15.2,15.6,15.1,15.6,32600
2015-04-20,15.6,15.7,15.6,15.7,5100
2015-04-21,15.7,15.7,15.7,15.7,0
2015-04-22,15.7,15.7,15.7,15.7,120
2015-04-23,15.7,15.7,15.7,15.7,0
2015-04-24,15.6,15.6,15.5,15.5,3300
2015-04-27,15.7,16.0,15.5,15.5,37500
2015-05-04,15.1,15.1,14.5,14.5,43000
2015-05-05,15.3,15.4,15.3,15.4,21000
2015-05-06,14.8,15.3,14.5,14.5,47400
2015-05-07,14.6,15.4,14.5,15.4,10300
2015-05-08,14.8,15.4,14.2,15.4,41300
2015-05-11,14.8,15.2,14.7,15.2,2500
2015-05-12,15.2,15.2,14.7,15.2,10800
2015-05-13,14.8,15.2,14.7,15.2,800
2015-05-14,14.7,14.7,14.7,14.7,100
2015-05-15,15.2,16.1,15.0,16.1,199500
2015-05-18,17.5,17.7,15.9,17.7,347900
2015-05-19,18.5,19.4,18.5,19.4,3112273
2015-05-20,19.4,20.9,18.5,19.2,130700
2015-05-21,19.0,19.2,18.9,19.0,21700
2015-05-22,18.8,18.8,18.1,18.2,9600
2015-05-25,18.0,18.0,17.5,18.0,10500
2015-05-26,17.5,18.6,17.5,18.4,12300
2015-05-27,17.4,17.4,17.4,17.4,1000
2015-05-28,19.0,19.0,17.4,17.4,1600
2015-05-29,18.5,18.5,16.2,16.6,6700
2015-06-01,17.4,17.4,16.3,16.3,300
2015-06-02,16.4,16.9,16.4,16.9,1100
2015-06-03,17.7,17.7,16.9,17.0,33400
2015-06-04,17.0,17.4,17.0,17.0,40100
2015-06-05,17.9,18.0,17.1,18.0,8200
2015-06-08,17.5,17.5,16.5,16.5,3500
2015-06-09,16.6,16.6,16.5,16.5,16300
2015-06-10,17.9,17.9,16.5,16.5,29200
2015-06-11,16.0,17.9,14.9,16.9,609000
2015-06-12,16.3,16.3,15.5,15.6,6300
2015-06-15,16.0,16.9,15.6,15.6,8900
2015-06-16,15.6,15.6,15.5,15.5,5500
2015-06-17,15.0,15.5,15.0,15.3,16200
2015-06-18,15.5,15.5,14.8,15.4,57300
2015-06-19,15.4,15.6,15.0,15.6,3600
2015-06-22,15.5,15.6,15.5,15.6,4300
2015-06-23,15.4,15.4,14.9,14.9,4000
2015-06-24,15.3,15.3,15.0,15.0,2000
2015-06-25,15.6,15.6,14.8,15.4,6100
2015-06-26,14.9,15.7,14.9,15.7,5900
2015-06-29,14.9,14.9,14.9,14.9,1500
2015-06-30,15.4,16.1,15.0,16.1,21100
2015-07-01,15.4,16.0,15.3,15.9,8700
2015-07-02,15.0,15.5,15.0,15.5,1600
2015-07-03,16.0,16.0,15.3,15.8,3200
2015-07-06,15.5,15.5,15.1,15.1,6000
2015-07-07,15.7,15.7,14.5,15.1,21500
2015-07-08,15.1,15.1,14.6,14.6,16000
2015-07-09,15.2,15.2,15.0,15.1,2400
2015-07-10,15.0,15.0,14.9,14.9,15900
2015-07-13,15.8,15.8,15.0,15.1,15600
2015-07-14,14.6,15.1,14.6,14.8,6600
2015-07-15,14.7,14.9,14.6,14.9,9900
2015-07-16,14.5,14.7,14.3,14.3,29900
2015-07-17,14.3,14.3,14.3,14.3,0
2015-07-20,14.1,14.8,14.1,14.8,2700
2015-07-21,14.5,14.8,14.5,14.8,400
2015-07-22,14.2,14.7,14.2,14.7,21200
2015-07-23,14.7,15.0,14.5,14.5,14710
2015-07-24,15.0,15.0,15.0,15.0,1000
2015-07-27,15.0,15.0,14.8,15.0,2300
2015-07-28,15.0,15.0,15.0,15.0,0
2015-07-29,14.9,14.9,14.9,14.9,2000
2015-07-30,14.9,14.9,14.9,14.9,0
2015-07-31,14.9,14.9,14.9,14.9,0
2015-08-03,14.9,14.9,14.9,14.9,0
2015-08-04,15.2,15.2,13.5,13.5,500
2015-08-05,14.6,14.6,14.6,14.6,200
2015-08-06,15.1,15.1,15.1,15.1,600
2015-08-07,14.9,14.9,14.9,14.9,1000
2015-08-10,14.8,14.8,14.7,14.7,2000
2015-08-11,14.7,14.7,14.7,14.7,0
2015-08-12,14.3,14.7,14.3,14.7,2500
2015-08-13,14.5,14.5,13.8,13.8,3900
2015-08-14,14.2,14.8,14.1,14.8,2400
2015-08-17,13.8,14.4,13.5,14.4,6600
2015-08-18,14.0,14.0,14.0,14.0,1500
2015-08-19,13.8,13.8,13.8,13.8,100
2015-08-20,13.3,14.3,13.3,14.3,4300
2015-08-21,13.0,13.9,13.0,13.8,3300
2015-08-24,12.7,12.7,12.5,12.5,9500
2015-08-25,13.1,13.1,13.1,13.1,100
2015-08-26,13.9,13.9,12.1,12.1,300
2015-08-27,13.0,13.0,13.0,13.0,600
2015-08-28,12.9,12.9,12.9,12.9,100
2015-08-31,14.0,14.0,14.0,14.0,100
2015-09-01,15.2,15.2,13.0,14.6,700
2015-09-03,13.3,13.3,13.3,13.3,200
2015-09-04,13.3,13.3,13.3,13.3,0
2015-09-07,13.0,13.0,12.0,13.0,1300
2015-09-08,13.9,13.9,11.7,11.8,9900
2015-09-09,12.9,12.9,12.9,12.9,220
2015-09-10,12.9,12.9,12.9,12.9,0
2015-09-11,12.9,12.9,12.9,12.9,0
2015-09-14,13.0,13.0,12.9,12.9,200
2015-09-15,13.0,13.9,13.0,13.9,200
2015-09-16,13.9,13.9,13.9,13.9,0
2015-09-17,12.6,12.8,12.6,12.6,13600
2015-09-18,12.0,12.0,12.0,12.0,1200
2015-09-21,12.2,12.5,12.2,12.5,200
2015-09-22,12.5,12.5,12.5,12.5,0
2015-09-23,12.5,12.5,12.5,12.5,100
2015-09-24,12.0,12.0,11.7,11.9,7700
2015-09-25,11.9,11.9,11.9,11.9,63
2015-09-28,11.9,11.9,11.9,11.9,0
2015-09-29,13.0,13.0,11.0,12.7,13400
2015-09-30,12.6,12.6,12.6,12.6,2500
2015-10-01,11.4,12.1,11.4,12.1,5800
2015-10-02,11.0,11.8,10.9,11.8,8800
2015-10-05,11.0,11.0,11.0,11.0,1000
2015-10-06,12.1,12.1,12.0,12.1,1200
2015-10-07,13.1,13.1,12.0,12.0,8700
2015-10-08,11.9,11.9,11.9,11.9,100
2015-10-09,11.0,12.3,11.0,12.3,1600
2015-10-12,12.6,12.6,11.2,12.0,6300
2015-10-13,11.0,12.4,11.0,12.4,2100
2015-10-14,12.0,12.0,12.0,12.0,100
2015-10-15,11.0,11.5,10.9,11.5,2400
2015-10-16,11.0,11.0,10.7,10.9,10700
2015-10-19,11.9,11.9,10.9,10.9,800
2015-10-20,11.9,11.9,11.9,11.9,100
2015-10-21,11.0,11.4,10.8,10.8,11100
2015-10-22,11.0,11.5,11.0,11.5,4700
2015-10-23,11.5,12.6,11.5,12.6,1300
2015-10-26,13.0,13.0,13.0,13.0,100
2015-10-27,11.7,11.7,11.7,11.7,2900
2015-10-28,12.8,12.8,10.7,12.0,4200
2015-10-29,12.5,12.5,12.5,12.5,100
2015-10-30,11.3,12.4,11.3,12.4,4200
2015-11-02,12.4,12.4,12.4,12.4,0
2015-11-03,12.2,13.4,12.0,13.4,4700
2015-11-04,12.1,12.1,12.1,12.1,100
2015-11-05,11.5,13.1,11.5,12.5,10000
2015-11-06,13.0,13.0,12.0,12.0,1000
2015-11-09,13.0,13.0,13.0,13.0,100
2015-11-10,11.7,11.7,11.7,11.7,4700
2015-11-11,11.1,11.6,10.6,10.6,26000
2015-11-12,10.6,11.4,10.0,11.4,6900
2015-11-13,11.5,11.5,10.7,11.5,4800
2015-11-16,11.3,11.5,11.3,11.5,8800
2015-11-17,11.5,11.5,11.5,11.5,1800
2015-11-18,11.8,11.8,11.5,11.7,1300
2015-11-19,11.2,11.5,11.2,11.5,3900
2015-11-20,11.0,11.5,11.0,11.5,900
2015-11-23,11.5,11.5,10.5,11.5,2200
2015-11-24,10.8,11.5,10.8,11.5,400
2015-11-25,11.6,11.6,10.6,11.4,700
2015-11-26,11.0,11.0,11.0,11.0,19400
2015-11-27,10.1,11.0,10.1,11.0,7100
2015-11-30,10.5,10.9,10.5,10.8,2400
2015-12-01,10.8,10.8,10.8,10.8,6000
2015-12-02,10.8,11.0,10.8,11.0,18800
2015-12-03,11.2,11.2,10.3,11.0,500
2015-12-04,11.0,11.3,11.0,11.0,15100
2015-12-07,10.3,11.0,10.3,11.0,8000
2015-12-08,10.9,11.7,10.9,11.7,17200
2015-12-09,11.8,11.8,11.0,11.6,13100
2015-12-10,11.8,11.8,11.0,11.7,1700
2015-12-11,11.7,11.7,11.1,11.5,2400
2015-12-14,11.6,12.5,11.6,12.5,3200
2015-12-15,12.9,12.9,12.0,12.4,2100
2015-12-16,12.4,12.4,12.4,12.4,0
2015-12-17,11.9,11.9,11.4,11.9,2600
2015-12-18,11.8,12.8,11.8,12.8,11100
2015-12-21,12.8,12.8,12.8,12.8,0
2015-12-22,12.8,13.5,12.8,13.5,600
2015-12-23,13.5,13.9,12.2,12.7,11600
2015-12-24,12.5,12.5,12.5,12.5,500
2015-12-25,12.4,12.8,12.4,12.8,3500
2015-12-28,12.0,12.9,12.0,12.9,51400
2015-12-29,12.9,14.1,12.9,14.1,175900
2015-12-30,15.4,15.5,15.0,15.4,54700
2015-12-31,15.9,16.8,15.2,16.7,218500
2016-01-04,16.8,16.9,15.1,15.1,7700
2016-01-05,13.6,14.5,13.6,14.0,67000
2016-01-06,13.6,14.1,13.1,13.8,24500
2016-01-07,13.6,13.6,12.8,13.6,23310
2016-01-08,13.0,13.0,12.3,12.8,38400
2016-01-11,11.9,13.7,11.9,13.3,8400
2016-01-12,12.1,13.4,12.1,13.4,2300
2016-01-13,13.0,13.3,13.0,13.3,9000
2016-01-14,13.0,13.0,13.0,13.0,500
2016-01-15,13.0,13.0,12.5,12.9,15500
2016-01-18,11.8,12.5,11.8,12.5,2600
2016-01-19,11.9,11.9,11.9,11.9,1000
2016-01-20,12.5,12.5,12.5,12.5,3300
2016-01-21,12.8,13.7,11.3,13.0,6900
2016-01-22,12.0,13.1,11.9,13.1,12500
2016-01-25,12.5,13.4,12.4,13.4,7400
2016-01-26,13.1,13.5,13.1,13.4,24700
2016-01-27,13.4,13.4,13.4,13.4,1020
2016-01-28,13.4,13.9,13.4,13.9,2100
2016-01-29,13.9,14.4,13.9,14.4,400
2016-02-01,13.0,15.8,13.0,15.8,88000
2016-02-02,15.0,15.0,15.0,15.0,300
2016-02-03,15.2,15.6,15.2,15.6,22600
2016-02-04,15.5,15.6,15.5,15.6,1000
2016-02-05,15.4,15.4,15.4,15.4,2000
2016-02-15,15.6,15.6,15.6,15.6,600
2016-02-16,15.5,16.0,15.5,15.8,3600
2016-02-17,15.0,15.9,15.0,15.9,4100
2016-02-18,15.0,15.4,14.4,15.4,9653
2016-02-19,15.4,15.9,14.7,15.9,12300
2016-02-22,14.9,15.8,14.8,15.8,6000
2016-02-23,17.0,17.0,14.6,15.5,6200
2016-02-24,14.6,14.6,14.6,14.6,4200
2016-02-25,14.7,14.7,14.7,14.7,300
2016-02-26,14.7,15.2,14.7,15.2,300
2016-02-29,15.0,15.0,14.9,14.9,5200
2016-03-01,14.9,15.4,14.9,15.4,1300
2016-03-02,15.0,16.2,15.0,15.3,12500
2016-03-03,15.0,15.2,14.8,15.2,12800
2016-03-04,15.0,15.2,15.0,15.0,13600
2016-03-07,14.8,14.8,14.8,14.8,5000
2016-03-08,14.2,15.2,14.2,15.2,2000
2016-03-09,15.1,15.4,15.0,15.4,24520
2016-03-10,15.3,16.3,15.1,16.3,2800
2016-03-11,16.3,16.3,16.3,16.3,0
2016-03-14,17.0,17.0,16.1,16.1,607
2016-03-15,15.5,15.6,15.2,15.6,11500
2016-03-16,15.6,15.6,15.6,15.6,0
2016-03-17,14.9,15.8,14.9,15.8,600
2016-03-18,15.3,15.6,15.2,15.6,22800
2016-03-21,16.6,16.6,16.6,16.6,100
2016-03-22,16.0,16.0,15.5,15.5,9000
2016-03-23,15.5,15.5,15.5,15.5,0
2016-03-24,16.7,16.7,16.7,16.7,200
2016-03-25,16.7,17.9,16.5,16.5,500
2016-03-28,17.5,17.5,17.5,17.5,100
2016-03-29,15.8,15.8,15.8,15.8,3000
2016-03-30,14.5,15.8,14.5,15.8,1100
2016-03-31,15.0,15.0,14.8,14.8,17400
2016-04-01,14.4,15.2,14.4,15.2,200
2016-04-04,14.3,14.3,14.3,14.3,200
2016-04-05,15.3,15.3,15.3,15.3,100
2016-04-06,16.1,16.1,16.1,16.1,300
2016-04-07,14.6,14.6,14.5,14.5,3100
2016-04-08,13.6,14.5,13.6,14.5,2300
2016-04-11,14.2,14.2,14.2,14.2,800
2016-04-12,14.2,15.4,14.2,15.4,1800
2016-04-13,15.4,15.4,15.4,15.4,100
2016-04-14,13.9,14.8,13.9,14.8,1100
2016-04-15,13.7,14.6,13.4,14.6,15100
2016-04-19,14.9,15.0,14.6,14.6,20900
2016-04-20,14.0,14.0,14.0,14.0,1000
2016-04-21,13.7,14.0,13.6,13.9,14200
2016-04-22,13.7,13.7,13.5,13.6,7800
2016-04-25,14.7,14.7,14.7,14.7,100
2016-04-26,14.8,14.9,14.7,14.7,14000
2016-04-27,13.4,14.6,13.4,14.6,200
2016-04-28,13.6,13.6,13.2,13.2,15000
2016-04-29,13.0,13.7,13.0,13.7,2100
2016-05-04,14.3,14.3,14.3,14.3,300
2016-05-05,14.3,14.3,14.3,14.3,0
2016-05-06,13.0,14.0,13.0,14.0,300
2016-05-09,14.0,14.0,14.0,14.0,0
2016-05-10,14.0,14.0,14.0,14.0,0
2016-05-11,12.6,13.5,12.6,13.5,2200
2016-05-12,13.3,13.3,13.3,13.3,700
2016-05-13,13.3,14.3,13.3,13.3,4400
2016-05-16,13.3,13.3,13.3,13.3,0
2016-05-17,13.5,13.5,13.5,13.5,100
2016-05-18,13.5,13.5,13.5,13.5,0
2016-05-19,13.9,13.9,12.2,13.4,8400
2016-05-20,13.4,13.4,13.4,13.4,0
2016-05-23,12.6,12.6,12.6,12.6,6800
2016-05-24,12.9,12.9,12.9,12.9,100
2016-05-25,12.9,12.9,12.9,12.9,0
2016-05-26,12.0,12.1,12.0,12.0,5400
2016-05-27,12.0,12.0,12.0,12.0,0
2016-05-30,13.0,13.0,13.0,13.0,200
2016-05-31,13.0,13.0,13.0,13.0,0
2016-06-01,13.0,13.0,13.0,13.0,0
2016-06-02,13.0,13.0,13.0,13.0,0
2016-06-03,13.9,13.9,13.9,13.9,100
2016-06-06,13.9,13.9,13.9,13.9,0
2016-06-07,14.1,14.1,14.1,14.1,100
2016-06-08,14.6,14.6,14.6,14.6,100
2016-06-09,14.6,14.6,14.6,14.6,0
2016-06-10,13.2,13.2,13.2,13.2,200
2016-06-13,12.6,13.1,12.6,13.1,300
2016-06-14,12.6,13.0,12.0,13.0,3300
2016-06-15,12.4,12.8,12.4,12.8,2300
2016-06-16,13.0,13.0,13.0,13.0,500
2016-06-17,13.0,13.0,13.0,13.0,0
2016-06-20,12.9,12.9,12.9,12.9,500
2016-06-21,12.0,14.1,12.0,14.1,6400
2016-06-22,12.7,12.7,12.7,12.7,2400
2016-06-23,12.7,12.7,12.7,12.7,0
2016-06-24,13.9,13.9,13.9,13.9,500
2016-06-27,13.9,14.7,13.9,14.7,900
2016-06-28,14.8,15.5,14.8,15.5,700
2016-06-29,14.0,17.0,14.0,15.4,22900
2016-06-30,15.0,15.6,13.9,14.9,49900
2016-07-01,13.5,13.5,13.5,13.5,5700
2016-07-04,13.5,13.5,13.5,13.5,0
2016-07-05,14.4,14.4,14.4,14.4,500
2016-07-06,13.1,13.1,13.0,13.0,15300
2016-07-07,12.6,13.1,12.4,13.1,5900
2016-07-08,12.6,12.6,12.4,12.4,11000
2016-07-11,12.0,13.6,12.0,13.6,1100
2016-07-12,12.8,12.9,12.6,12.9,19200
2016-07-13,12.9,12.9,12.9,12.9,0
2016-07-14,12.9,12.9,12.9,12.9,0
2016-07-15,12.9,12.9,12.9,12.9,0
2016-07-18,12.0,12.0,12.0,12.0,200
2016-07-19,11.3,12.0,11.3,12.0,14100
2016-07-20,12.0,12.0,12.0,12.0,3000
2016-07-21,12.0,12.0,12.0,12.0,0
2016-07-22,12.4,12.4,12.3,12.3,27300
2016-07-25,12.3,12.9,12.3,12.9,19800
2016-07-26,12.9,12.9,12.9,12.9,0
2016-07-27,13.0,13.0,13.0,13.0,6000
2016-07-28,13.0,13.0,13.0,13.0,0
2016-07-29,13.0,13.0,13.0,13.0,0
2016-08-01,13.0,13.0,13.0,13.0,0
2016-08-02,13.0,13.0,13.0,13.0,6000
2016-08-03,13.0,13.0,13.0,13.0,3000
2016-08-04,13.0,13.0,13.0,13.0,200
2016-08-05,13.0,13.0,13.0,13.0,9000
2016-08-08,13.0,13.0,13.0,13.0,0
2016-08-09,13.7,13.7,13.0,13.0,8000
2016-08-10,12.5,12.5,11.8,11.8,900
2016-08-11,12.9,12.9,12.9,12.9,1000
2016-08-12,11.9,13.0,11.9,13.0,9300
2016-08-15,13.0,13.0,13.0,13.0,6200
2016-08-16,13.0,13.0,13.0,13.0,1100
2016-08-17,13.0,13.0,13.0,13.0,11000
2016-08-18,12.5,13.0,12.5,13.0,5200
2016-08-19,13.0,13.0,13.0,13.0,0
2016-08-22,13.0,13.0,13.0,13.0,5900
2016-08-23,13.0,13.0,13.0,13.0,53000
2016-08-24,13.0,13.0,13.0,13.0,56100
2016-08-25,13.5,14.0,13.5,14.0,12400
2016-08-26,14.0,14.0,14.0,14.0,0
2016-08-29,14.0,14.5,14.0,14.0,76500
2016-08-30,14.0,14.0,14.0,14.0,62000
2016-08-31,14.0,14.0,14.0,14.0,0
2016-09-01,14.0,14.0,14.0,14.0,0
2016-09-05,14.0,14.0,14.0,14.0,0
2016-09-06,14.0,14.0,14.0,14.0,0
2016-09-07,14.0,14.0,14.0,14.0,0
2016-09-08,14.0,14.0,14.0,14.0,0
2016-09-09,14.0,14.0,14.0,14.0,0
2016-09-12,14.0,14.0,14.0,14.0,0
2016-09-13,14.0,14.0,14.0,14.0,0
2016-09-14,14.0,14.0,14.0,14.0,0
2016-09-15,14.0,14.0,14.0,14.0,0
2016-09-16,14.0,14.0,14.0,14.0,0
2016-09-19,14.0,14.0,14.0,14.0,0
2016-09-20,14.0,14.0,14.0,14.0,0
2016-09-21,14.0,14.0,14.0,14.0,0
2016-09-22,14.0,14.0,14.0,14.0,0
2016-09-23,13.0,13.0,13.0,13.0,500
2016-09-26,12.4,12.4,12.4,12.4,1200
2016-09-27,13.6,13.6,13.6,13.6,1300
2016-09-28,14.6,14.6,14.6,14.6,600
2016-09-29,15.4,16.0,15.4,16.0,600
2016-09-30,16.8,16.8,14.6,16.5,203200
2016-10-03,16.5,16.5,16.5,16.5,0
2016-10-04,16.5,16.5,16.5,16.5,0
2016-10-05,16.5,16.5,16.5,16.5,0
2016-10-06,16.5,16.5,16.5,16.5,0
2016-10-07,16.5,16.5,16.5,16.5,0
2016-10-10,16.5,16.5,16.5,16.5,0
2016-10-11,16.5,16.5,16.5,16.5,0
2016-10-12,16.5,16.5,16.5,16.5,0
2016-10-13,16.5,16.5,16.5,16.5,0
2016-10-14,16.5,16.5,16.5,16.5,0
2016-10-17,16.5,16.5,16.5,16.5,0
2016-10-18,16.5,16.5,16.5,16.5,0
2016-10-19,16.5,16.5,16.5,16.5,0
2016-10-20,16.5,16.5,16.5,16.5,0
2016-10-21,16.5,16.5,16.5,16.5,0
2016-10-24,16.5,16.5,16.5,16.5,0
2016-10-25,16.5,16.5,16.5,16.5,0
2016-10-26,16.5,16.5,16.5,16.5,0
2016-10-27,16.5,16.5,16.5,16.5,0
2016-10-28,16.5,16.5,16.5,16.5,0
2016-10-31,16.5,16.5,16.5,16.5,0
2016-11-01,16.5,16.5,16.5,16.5,0
2016-11-02,16.5,16.5,16.5,16.5,0
2016-11-03,16.5,16.5,16.5,16.5,0
2016-11-04,16.5,16.5,16.5,16.5,0
2016-11-07,16.5,16.5,16.5,16.5,0
2016-11-08,16.5,16.5,16.5,16.5,0
2016-11-09,16.5,16.5,16.5,16.5,0
2016-11-10,16.5,16.5,16.5,16.5,0
2016-11-11,16.5,16.5,16.5,16.5,0
2016-11-14,16.5,16.5,16.5,16.5,0
2016-11-15,16.5,16.5,16.5,16.5,0
2016-11-16,16.5,16.5,16.5,16.5,0
2016-11-17,16.5,16.5,16.5,16.5,0
2016-11-18,16.5,16.5,16.5,16.5,0
2016-11-21,16.5,16.5,16.5,16.5,0
2016-11-22,16.5,16.5,16.5,16.5,0
2016-11-23,16.5,16.5,16.5,16.5,0
2016-11-24,16.5,16.5,16.5,16.5,0
2016-11-25,16.5,16.5,16.5,16.5,0
2016-11-28,16.5,16.5,16.5,16.5,0
2016-11-29,16.5,16.5,16.5,16.5,0
2016-11-30,16.5,16.5,16.5,16.5,0
2016-12-01,16.5,16.5,16.5,16.5,0
2016-12-02,16.5,16.5,16.5,16.5,0
2016-12-05,16.5,16.5,16.5,16.5,0
2016-12-06,16.5,16.5,16.5,16.5,0
2016-12-07,16.5,16.5,16.5,16.5,0
2016-12-08,14.9,14.9,14.9,14.9,400
2016-12-09,14.9,14.9,14.9,14.9,0
2016-12-12,14.9,14.9,14.9,14.9,0
2016-12-13,13.5,13.5,13.5,13.5,100
2016-12-14,12.2,12.2,12.2,12.2,2900
2016-12-15,12.2,12.2,12.2,12.2,0
2016-12-16,12.2,12.2,12.2,12.2,0
2016-12-19,12.2,12.2,12.2,12.2,0
2016-12-20,13.4,13.4,13.4,13.4,700
2016-12-21,14.0,14.7,14.0,14.7,800
2016-12-22,14.7,14.7,14.7,14.7,0
2016-12-23,14.0,16.0,13.3,16.0,4400
2016-12-26,16.0,17.0,15.9,17.0,5700
2016-12-27,15.4,18.6,15.4,18.6,4900
2016-12-28,18.6,18.6,18.6,18.6,0
2016-12-29,18.6,18.6,18.6,18.6,1600
2016-12-30,18.6,18.6,18.6,18.6,0
2017-01-03,18.6,18.6,18.6,18.6,0
2017-01-04,18.6,18.6,18.6,18.6,0
2017-01-05,18.6,18.6,18.6,18.6,0
2017-01-06,18.6,18.6,18.6,18.6,0
2017-01-09,18.6,18.6,18.6,18.6,0
2017-01-10,18.6,18.6,18.6,18.6,0
2017-01-11,18.6,18.6,18.6,18.6,0
2017-01-12,18.6,18.6,18.6,18.6,0
2017-01-13,18.6,18.6,18.6,18.6,0
2017-01-16,18.6,18.6,18.6,18.6,0
2017-01-17,18.6,18.6,18.6,18.6,0
2017-01-18,18.6,18.6,18.6,18.6,0
2017-01-19,18.6,18.6,18.6,18.6,0
2017-01-20,18.6,18.6,18.6,18.6,0
2017-01-23,18.6,18.6,18.6,18.6,0
2017-01-24,18.6,18.6,18.6,18.6,0
2017-01-25,18.6,18.6,18.6,18.6,0
2017-02-02,18.6,18.6,18.6,18.6,0
2017-02-03,18.6,18.6,18.6,18.6,0
2017-02-06,18.6,18.6,18.6,18.6,0
2017-02-07,18.6,18.6,18.6,18.6,0
2017-02-08,18.6,18.6,18.6,18.6,0
2017-02-09,18.6,18.6,18.6,18.6,0
2017-02-10,18.6,18.6,18.6,18.6,0
2017-02-13,18.6,18.6,18.6,18.6,0
2017-02-14,18.6,18.6,18.6,18.6,0
2017-02-15,18.6,18.6,18.6,18.6,0
2017-02-16,18.6,18.6,18.6,18.6,0
2017-02-17,18.6,18.6,18.6,18.6,0
2017-02-20,18.6,18.6,18.6,18.6,0
2017-02-21,18.6,18.6,18.6,18.6,0
2017-02-22,18.6,18.6,18.6,18.6,0
2017-02-23,18.6,18.6,18.6,18.6,0
2017-02-24,18.6,18.6,18.6,18.6,0
2017-02-27,18.6,18.6,18.6,18.6,0
2017-02-28,18.6,18.6,18.6,18.6,0
2017-03-01,18.6,18.6,18.6,18.6,0
2017-03-02,18.6,18.6,18.6,18.6,0
2017-03-03,18.6,18.6,18.6,18.6,0
2017-03-06,18.6,18.6,18.6,18.6,0
2017-03-07,18.6,18.6,18.6,18.6,0
2017-03-08,18.6,18.6,18.6,18.6,0
2017-03-09,18.6,18.6,18.6,18.6,0
2017-03-10,18.6,18.6,18.6,18.6,0
2017-03-13,18.6,18.6,18.6,18.6,0
2017-03-14,18.6,18.6,18.6,18.6,0
2017-03-15,18.6,18.6,18.6,18.6,0
2017-03-16,18.6,18.6,18.6,18.6,0
2017-03-17,18.6,18.6,18.6,18.6,0
2017-03-20,18.6,18.6,18.6,18.6,0
2017-03-21,16.8,16.8,16.8,16.8,100
2017-03-22,15.2,15.2,15.2,15.2,100
2017-03-23,14.9,14.9,13.7,13.7,1300
2017-03-24,12.4,12.4,12.4,12.4,600
2017-03-27,11.3,11.3,11.3,11.3,300
2017-03-28,11.3,11.3,11.3,11.3,0
2017-03-29,11.3,11.3,11.3,11.3,0
2017-03-30,10.7,10.7,10.7,10.7,100
2017-03-31,10.1,10.6,9.8,10.6,3500
2017-04-03,10.6,10.6,10.6,10.6,2100
2017-04-04,10.1,10.1,10.1,10.1,300
2017-04-05,10.1,10.1,10.1,10.1,0
2017-04-07,10.5,10.5,10.5,10.5,800
2017-04-10,10.5,10.5,10.5,10.5,0
2017-04-11,10.0,10.5,10.0,10.5,1400
2017-04-12,10.5,10.5,10.5,10.5,0
2017-04-13,10.3,10.5,10.1,10.5,2500
2017-04-14,10.3,10.3,10.0,10.0,1900
2017-04-17,10.0,10.0,10.0,10.0,500
2017-04-18,10.0,10.0,10.0,10.0,500
2017-04-19,10.0,10.0,10.0,10.0,0
2017-04-20,10.0,10.0,10.0,10.0,0
2017-04-21,10.0,10.0,10.0,10.0,0
2017-04-24,9.2,9.2,9.2,9.2,2000
2017-04-25,9.2,9.2,9.2,9.2,1300
2017-04-26,9.0,9.0,8.6,8.6,200
2017-04-27,8.0,8.6,8.0,8.6,8000
2017-04-28,8.0,8.0,8.0,8.0,500
2017-05-03,8.2,8.7,8.2,8.7,600
2017-05-04,8.7,9.3,8.7,9.3,1000
2017-05-05,9.3,10.2,9.3,10.2,200
2017-05-08,9.6,9.6,9.6,9.6,500
2017-05-09,9.5,9.6,9.5,9.6,4000
2017-05-10,9.0,9.0,9.0,9.0,800
2017-05-11,8.5,9.0,8.5,9.0,1300
2017-05-12,8.6,8.6,8.5,8.5,8300
2017-05-15,8.1,8.5,8.1,8.5,1500
2017-05-16,8.5,8.5,8.5,8.5,0
2017-05-17,8.5,8.5,8.5,8.5,0
2017-05-18,8.5,8.5,8.5,8.5,0
2017-05-19,8.5,8.5,8.5,8.5,0
2017-05-22,8.5,8.5,8.5,8.5,0
2017-05-23,8.5,8.5,8.5,8.5,0
2017-05-24,8.8,8.8,8.8,8.8,100
2017-05-25,8.8,8.8,8.8,8.8,0
2017-05-26,9.0,9.0,9.0,9.0,100
2017-05-29,9.5,9.5,9.5,9.5,100
2017-05-30,9.0,9.0,9.0,9.0,4600
2017-05-31,9.8,9.9,9.8,9.9,13000
2017-06-01,9.9,9.9,9.9,9.9,0
2017-06-09,10.4,10.4,10.4,10.4,100
2017-06-12,10.4,10.4,10.4,10.4,0
2017-06-13,10.4,10.4,10.4,10.4,0
2017-06-14,9.0,9.0,9.0,9.0,1100
2017-06-15,9.0,9.0,9.0,9.0,0
2017-06-16,9.0,9.0,9.0,9.0,0
2017-06-19,8.0,9.0,8.0,9.0,1100
2017-06-20,8.5,8.5,8.5,8.5,0
2017-06-21,8.5,8.5,8.5,8.5,0
2017-06-22,8.5,8.5,8.5,8.5,0
2017-06-23,8.5,8.5,8.5,8.5,0
2017-06-26,8.5,8.5,8.5,8.5,0
2017-06-27,7.5,7.5,7.5,7.5,100
2017-06-28,7.5,7.6,6.7,6.7,700
2017-06-29,7.0,7.0,7.0,7.0,1000
2017-06-30,6.2,6.9,6.0,6.9,1600
2017-07-03,6.4,6.4,6.4,6.4,0
2017-07-04,6.4,7.3,6.4,7.3,200
2017-07-05,6.9,6.9,6.9,6.9,0
2017-07-06,6.9,6.9,6.9,6.9,0
2017-07-07,7.7,7.8,7.7,7.8,200
2017-07-10,7.8,7.8,7.8,7.8,0
2017-07-11,7.8,7.8,7.8,7.8,0
2017-07-12,7.8,7.8,7.8,7.8,0
2017-07-13,7.8,7.8,7.8,7.8,0
2017-07-14,7.8,7.8,7.8,7.8,0
2017-07-17,7.8,7.8,7.8,7.8,0
2017-07-18,7.8,7.8,7.8,7.8,0
2017-07-19,7.8,7.8,7.8,7.8,0
2017-07-20,7.8,7.8,7.8,7.8,0
2017-07-21,7.8,7.8,7.8,7.8,0
2017-07-24,7.8,7.8,7.8,7.8,0
2017-07-25,7.8,7.8,7.8,7.8,0
2017-07-26,7.8,7.8,7.8,7.8,1400
2017-07-27,7.8,7.8,7.8,7.8,0
2017-07-28,7.8,7.8,7.8,7.8,0
2017-07-31,7.8,8.9,7.8,8.9,2000
2017-08-01,8.4,8.4,8.4,8.4,0
2017-08-02,8.4,8.4,8.4,8.4,0
2017-08-03,8.4,8.4,8.4,8.4,0
2017-08-04,8.4,8.4,8.4,8.4,0
2017-08-07,8.4,8.4,8.4,8.4,0
2017-08-08,8.4,8.4,8.4,8.4,0
2017-08-09,8.4,8.4,8.4,8.4,0
2017-08-10,8.4,8.4,8.4,8.4,0
2017-08-11,8.4,8.4,8.4,8.4,0
2017-08-14,8.4,8.4,8.4,8.4,0
2017-08-15,8.4,8.4,8.4,8.4,0
2017-08-16,7.6,7.6,7.6,7.6,600
2017-08-17,7.6,7.6,7.6,7.6,300
2017-08-18,7.6,7.6,7.6,7.6,0
2017-08-21,7.6,7.6,7.6,7.6,0
2017-08-22,7.6,7.6,7.6,7.6,0
2017-08-23,7.6,7.6,7.6,7.6,0
2017-08-24,7.6,7.6,7.6,7.6,0
2017-08-25,7.6,7.6,7.6,7.6,0
2017-08-28,7.6,7.6,7.6,7.6,0
2017-08-29,7.6,7.6,7.6,7.6,0
2017-08-30,7.6,7.6,7.6,7.6,0
2017-08-31,7.6,7.6,7.6,7.6,0
2017-09-01,7.6,7.6,7.6,7.6,0
2017-09-05,8.0,8.7,8.0,8.7,6200
2017-09-06,8.6,8.6,8.6,8.6,0
2017-09-07,8.6,8.6,8.6,8.6,0
2017-09-08,8.6,8.6,8.6,8.6,0
2017-09-11,8.0,9.8,8.0,9.8,700
2017-09-12,9.3,9.3,9.3,9.3,0
2017-09-13,9.3,9.3,9.3,9.3,0
2017-09-14,9.3,9.3,9.3,9.3,0
2017-09-15,9.3,9.3,9.3,9.3,0
2017-09-18,9.3,9.3,9.3,9.3,0
2017-09-19,8.6,8.7,8.6,8.7,400
2017-09-20,8.7,8.7,8.7,8.7,200
2017-09-21,8.7,8.7,8.7,8.7,0
2017-09-22,7.8,8.5,7.5,8.5,1200
2017-09-25,8.2,8.2,8.2,8.2,0
2017-09-26,8.2,8.2,8.2,8.2,0
2017-09-27,8.2,8.2,8.2,8.2,0
2017-09-28,8.2,8.2,8.2,8.2,0
2017-09-29,8.2,8.2,8.2,8.2,0
2017-10-02,8.2,8.2,8.2,8.2,0
2017-10-03,8.0,8.0,8.0,8.0,500
2017-10-04,8.0,8.0,8.0,8.0,0
2017-10-05,7.4,7.6,7.2,7.2,1900
2017-10-06,7.8,7.8,7.8,7.8,200
2017-10-09,7.0,7.0,7.0,7.0,200
2017-10-10,7.4,7.4,7.4,7.4,100
2017-10-11,7.4,7.4,7.4,7.4,0
2017-10-12,7.4,7.4,7.4,7.4,0
2017-10-13,7.4,7.4,7.4,7.4,0
2017-10-16,7.4,7.4,7.4,7.4,0
2017-10-17,7.8,7.8,7.8,7.8,700
2017-10-18,7.8,7.8,7.8,7.8,0
2017-10-19,7.8,7.8,7.8,7.8,0
2017-10-20,7.8,7.8,7.8,7.8,0
2017-10-23,7.8,7.8,7.8,7.8,0
2017-10-24,7.8,7.8,7.8,7.8,0
2017-10-25,7.8,7.8,7.8,7.8,0
2017-10-26,7.8,7.8,7.8,7.8,0
2017-10-27,7.8,7.8,7.8,7.8,0
2017-10-30,7.1,7.1,7.1,7.1,200
2017-10-31,7.1,7.1,7.1,7.1,0
2017-11-01,7.4,7.4,6.4,6.6,500
2017-11-02,6.9,6.9,6.9,6.9,0
2017-11-03,6.9,6.9,6.9,6.9,0
2017-11-06,6.9,6.9,6.9,6.9,0
2017-11-07,6.9,6.9,6.9,6.9,0
2017-11-08,6.9,6.9,6.9,6.9,0
2017-11-09,7.0,7.0,7.0,7.0,200
2017-11-10,6.4,6.5,6.4,6.5,1200
2017-11-13,6.4,6.4,6.4,6.4,0
2017-11-14,6.4,6.4,6.4,6.4,0
2017-11-15,6.4,6.4,6.4,6.4,0
2017-11-16,6.8,6.8,6.8,6.8,100
2017-11-17,6.8,6.8,6.8,6.8,0
2017-11-20,6.8,6.8,6.8,6.8,0
2017-11-21,7.5,7.5,7.5,7.5,300
2017-11-22,8.3,8.3,7.8,8.3,600
2017-11-23,8.8,8.8,8.8,8.8,3200
2017-11-24,9.3,9.5,9.3,9.5,600
2017-11-27,10.2,10.2,10.2,10.2,100
2017-11-28,10.2,10.2,10.2,10.2,0
2017-11-29,11.1,11.3,11.1,11.3,200
2017-11-30,11.8,12.0,11.8,12.0,223
2017-12-01,11.0,13.2,11.0,13.2,6600
2017-12-04,12.2,13.0,12.2,13.0,9500
2017-12-05,12.7,13.5,12.7,13.5,3100
2017-12-06,14.3,14.3,14.3,14.3,100
2017-12-07,13.2,14.3,12.2,12.2,200
2017-12-08,13.2,14.0,13.2,14.0,300
2017-12-11,12.3,12.3,12.3,12.3,100
2017-12-12,12.8,13.5,12.5,13.5,15700
2017-12-13,13.8,14.0,13.8,14.0,11400
2017-12-14,14.5,15.0,13.9,13.9,1600
2017-12-15,14.6,16.7,13.5,13.6,10000
2017-12-18,16.1,18.5,13.9,13.9,1100
2017-12-19,15.0,15.0,15.0,15.0,100
2017-12-20,12.9,13.5,12.8,13.5,430
2017-12-21,14.0,15.0,14.0,15.0,1000
2017-12-22,17.0,17.0,13.1,13.1,8400
2017-12-25,17.0,18.6,13.8,13.8,10820
2017-12-26,15.3,15.3,15.3,15.3,100
2017-12-27,13.5,13.5,13.5,13.5,100
2017-12-28,12.0,12.0,12.0,12.0,100
2017-12-29,10.5,10.5,10.5,10.5,134
2018-01-02,10.5,10.5,10.5,10.5,0
2018-01-03,10.5,10.5,10.5,10.5,0
2018-01-04,9.1,9.1,9.1,9.1,200
2018-01-05,9.1,9.1,9.1,9.1,0
2018-01-08,9.1,9.1,9.1,9.1,0
2018-01-09,8.0,8.0,7.8,7.8,2700
2018-01-10,7.8,7.8,7.8,7.8,0
2018-01-11,7.1,7.1,7.1,7.1,400
2018-01-12,7.1,7.1,7.1,7.1,0
2018-01-15,7.0,7.0,7.0,7.0,100
2018-01-16,7.1,7.1,7.1,7.1,300
2018-01-17,7.2,7.2,7.2,7.2,400
2018-01-18,7.2,7.2,7.2,7.2,0
2018-01-19,7.2,7.2,7.2,7.2,0
2018-01-22,7.2,7.2,7.2,7.2,0
2018-01-23,7.2,7.2,7.2,7.2,0
2018-01-24,7.2,7.2,7.2,7.2,0
2018-01-25,7.2,7.2,7.2,7.2,0
2018-01-26,7.2,7.2,7.2,7.2,0
2018-01-29,6.4,6.4,6.4,6.4,1000
2018-01-30,6.4,6.4,6.4,6.4,0
2018-01-31,6.5,6.5,6.5,6.5,200
2018-02-01,6.5,6.5,6.5,6.5,200
2018-02-02,6.5,6.5,6.5,6.5,700
2018-02-05,6.5,6.5,6.5,6.5,0
2018-02-06,6.5,6.5,6.5,6.5,0
2018-02-07,6.5,6.5,6.5,6.5,0
2018-02-08,6.5,6.5,6.5,6.5,0
2018-02-09,6.5,6.5,6.5,6.5,0
2018-02-12,6.5,6.5,6.5,6.5,0
2018-02-13,5.9,5.9,5.9,5.9,200
2018-02-21,5.9,5.9,5.9,5.9,0
2018-02-22,5.9,5.9,5.9,5.9,0
2018-02-23,5.2,5.3,5.1,5.3,300
2018-02-26,5.2,5.2,5.2,5.2,2600
2018-02-27,5.2,5.2,5.2,5.2,0
2018-02-28,5.2,5.2,5.2,5.2,0
2018-03-01,5.2,5.2,5.2,5.2,0
2018-03-02,5.2,5.2,5.2,5.2,0
2018-03-05,5.2,5.2,5.2,5.2,0
2018-03-06,5.3,5.3,5.3,5.3,800
2018-03-07,5.3,5.3,5.3,5.3,0
2018-03-08,5.3,5.3,5.3,5.3,0
2018-03-09,5.3,5.3,5.3,5.3,0
2018-03-12,5.3,5.3,5.3,5.3,0
2018-03-13,5.3,5.3,5.3,5.3,0
2018-03-14,5.3,5.3,5.3,5.3,0
2018-03-15,5.3,5.3,5.3,5.3,0
2018-03-16,5.0,5.1,4.6,4.8,7100
2018-03-19,4.8,4.8,4.8,4.8,0
2018-03-20,4.8,4.8,4.8,4.8,0
2018-03-21,4.8,4.8,4.8,4.8,0
2018-03-22,4.9,4.9,4.9,4.9,100
2018-03-23,4.9,4.9,4.9,4.9,0
2018-03-26,4.9,4.9,4.8,4.8,2000
2018-03-27,4.8,4.8,4.8,4.8,0
2018-03-28,5.0,5.0,5.0,5.0,100
2018-03-29,5.0,5.0,5.0,5.0,34
2018-03-30,5.0,5.0,5.0,5.0,0
2018-04-02,5.0,5.0,5.0,5.0,0
2018-04-03,5.0,5.0,5.0,5.0,0
2018-04-04,5.0,5.0,5.0,5.0,0
2018-04-05,5.0,5.0,5.0,5.0,0
2018-04-06,5.0,5.0,5.0,5.0,0
2018-04-09,5.2,5.2,5.2,5.2,400
2018-04-10,5.2,5.2,5.2,5.2,500
2018-04-11,5.2,5.2,5.2,5.2,300
2018-04-12,5.2,5.2,5.2,5.2,0
2018-04-13,5.2,5.2,5.2,5.2,0
2018-04-16,5.2,5.5,5.2,5.5,9000
2018-04-17,5.3,5.3,5.3,5.3,500
2018-04-18,5.7,5.7,5.7,5.7,4000
2018-04-19,5.7,5.7,5.7,5.7,0
2018-04-20,5.7,5.7,5.7,5.7,0
2018-04-23,5.7,5.7,5.7,5.7,0
2018-04-24,5.7,5.7,5.7,5.7,0
2018-04-26,5.7,5.7,5.7,5.7,0
2018-04-27,5.7,5.7,5.7,5.7,0
2018-05-02,5.7,5.7,5.7,5.7,0
2018-05-03,5.7,5.7,5.7,5.7,0
2018-05-04,5.7,5.7,5.7,5.7,0
2018-05-07,5.7,5.7,5.7,5.7,0
2018-05-08,5.7,5.7,5.7,5.7,0
2018-05-09,5.7,5.7,5.7,5.7,0
2018-05-10,5.7,5.7,5.7,5.7,0
2018-05-11,5.7,5.7,5.7,5.7,0
2018-05-14,5.7,5.7,5.7,5.7,0
2018-05-15,5.7,5.7,5.7,5.7,0
2018-05-16,5.7,5.7,5.7,5.7,0
2018-05-17,5.0,5.7,5.0,5.7,1100
2018-05-18,5.1,5.1,5.1,5.1,0
2018-05-21,5.1,5.1,5.1,5.1,0
2018-05-22,5.1,5.1,5.1,5.1,0
2018-05-23,5.1,5.1,5.1,5.1,0
2018-05-24,5.1,5.1,5.1,5.1,0
2018-05-25,5.1,5.1,5.1,5.1,0
2018-05-28,5.1,5.1,5.1,5.1,0
2018-05-29,5.1,5.1,5.1,5.1,0
2018-05-30,5.1,5.1,5.1,5.1,0
2018-05-31,5.1,5.1,5.1,5.1,0
2018-06-01,5.1,5.1,5.1,5.1,0
2018-06-04,5.1,5.1,5.1,5.1,0
2018-06-05,5.1,5.1,5.1,5.1,0
2018-06-06,5.1,5.1,5.1,5.1,0
2018-06-07,5.1,5.1,5.1,5.1,0
2018-06-08,5.1,5.1,5.1,5.1,0
2018-06-11,5.1,5.1,5.1,5.1,0
2018-06-12,5.1,5.1,5.1,5.1,0
2018-06-13,5.1,5.1,5.1,5.1,1000
2018-06-14,5.1,5.1,5.1,5.1,0
2018-06-15,5.1,5.1,5.1,5.1,0
2018-06-18,5.1,5.1,5.1,5.1,0
2018-06-19,5.1,5.1,5.1,5.1,0
2018-06-20,5.1,5.1,5.1,5.1,0
2018-06-21,5.1,5.1,5.1,5.1,0
2018-06-22,5.1,5.1,5.1,5.1,0
2018-06-25,5.1,5.1,5.1,5.1,0
2018-06-26,5.1,5.1,5.1,5.1,0
2018-06-27,4.4,4.4,4.4,4.4,100
2018-06-28,5.0,5.0,5.0,5.0,100
2018-06-29,5.7,5.7,5.7,5.7,100
2018-07-02,5.7,5.7,5.7,5.7,500
2018-07-03,5.7,5.7,5.7,5.7,0
2018-07-04,5.7,5.7,5.7,5.7,0
2018-07-05,5.7,5.7,5.7,5.7,3200
2018-07-06,6.3,6.3,6.3,6.3,100
2018-07-09,6.3,6.3,6.3,6.3,0
2018-07-10,6.3,6.3,6.3,6.3,1000
2018-07-11,6.3,6.3,6.3,6.3,0
2018-07-12,6.3,6.3,6.3,6.3,0
2018-07-13,6.3,6.3,6.3,6.3,0
2018-07-16,6.3,6.3,6.3,6.3,0
2018-07-17,6.3,6.3,6.3,6.3,0
2018-07-18,7.0,7.0,5.7,5.7,400
2018-07-19,6.8,6.8,6.8,6.8,100
2018-07-20,6.0,6.0,6.0,6.0,1100
2018-07-23,6.0,6.0,6.0,6.0,0
2018-07-24,6.0,6.0,6.0,6.0,0
2018-07-25,6.0,6.0,6.0,6.0,0
2018-07-26,6.0,6.0,6.0,6.0,0
2018-07-27,6.0,6.0,6.0,6.0,0
2018-07-30,6.0,6.0,6.0,6.0,4000
2018-07-31,6.0,6.0,6.0,6.0,0
2018-08-01,6.0,6.0,6.0,6.0,0
2018-08-02,6.0,6.0,6.0,6.0,0
2018-08-03,6.0,6.0,6.0,6.0,0
2018-08-06,6.0,6.0,6.0,6.0,0
2018-08-07,6.8,6.8,6.8,6.8,100
2018-08-08,6.8,6.8,6.8,6.8,0
2018-08-09,6.8,6.8,6.8,6.8,0
2018-08-10,6.6,6.6,6.6,6.6,400
2018-08-13,6.6,6.6,6.6,6.6,0
2018-08-14,5.8,7.0,5.7,5.7,800
2018-08-15,5.9,5.9,5.9,5.9,0
2018-08-16,5.9,5.9,5.9,5.9,0
2018-08-17,5.9,5.9,5.9,5.9,0
2018-08-20,5.9,5.9,5.9,5.9,0
2018-08-21,5.1,5.1,5.1,5.1,400
2018-08-22,5.1,5.1,5.1,5.1,0
2018-08-23,5.8,5.8,5.8,5.8,100
2018-08-24,5.8,5.8,5.8,5.8,0
2018-08-27,5.8,5.8,5.8,5.8,0
2018-08-28,6.2,6.2,6.2,6.2,100
2018-08-29,6.2,6.2,6.2,6.2,0
2018-08-30,6.2,6.2,6.2,6.2,60
2018-08-31,6.2,6.2,6.2,6.2,0
2018-09-04,6.2,6.2,6.2,6.2,0
2018-09-05,6.2,6.2,6.2,6.2,0
2018-09-06,6.2,6.2,6.2,6.2,0
2018-09-07,6.2,6.2,6.2,6.2,0
2018-09-10,6.2,6.2,6.2,6.2,0
2018-09-11,6.2,6.2,6.2,6.2,0
2018-09-12,6.2,6.2,6.2,6.2,0
2018-09-13,6.2,6.2,6.2,6.2,0
2018-09-14,6.2,6.2,6.2,6.2,0
2018-09-17,6.2,6.2,6.2,6.2,0
2018-09-18,5.3,5.3,5.3,5.3,400
2018-09-19,5.3,5.3,5.3,5.3,0
2018-09-20,5.3,5.3,5.3,5.3,0
2018-09-21,6.0,6.0,6.0,6.0,1800
2018-09-24,6.0,6.0,6.0,6.0,0
2018-09-25,6.0,6.0,6.0,6.0,0
2018-09-26,6.0,6.0,6.0,6.0,0
2018-09-27,6.0,6.0,6.0,6.0,0
2018-09-28,6.0,6.0,6.0,6.0,0
2018-10-01,6.0,6.0,6.0,6.0,0
2018-10-02,6.0,6.0,6.0,6.0,0
2018-10-03,6.0,6.0,6.0,6.0,0
2018-10-04,6.0,6.0,6.0,6.0,0
2018-10-05,6.0,6.0,6.0,6.0,0
2018-10-08,6.0,6.0,6.0,6.0,350
2018-10-09,6.0,6.0,6.0,6.0,0
2018-10-10,6.0,6.0,6.0,6.0,0
2018-10-11,6.0,6.0,6.0,6.0,0
2018-10-12,6.0,6.0,6.0,6.0,0
2018-10-15,6.0,6.0,6.0,6.0,0
2018-10-16,6.0,6.0,6.0,6.0,0
2018-10-17,6.0,6.0,6.0,6.0,0
2018-10-18,6.8,6.8,6.8,6.8,100
2018-10-19,6.8,6.8,6.8,6.8,0
2018-10-22,6.0,6.0,6.0,6.0,200
2018-10-23,6.0,6.0,6.0,6.0,0
2018-10-24,6.0,6.0,6.0,6.0,0
2018-10-25,6.0,6.0,6.0,6.0,0
2018-10-26,6.0,6.0,6.0,6.0,0
2018-10-29,6.0,6.0,6.0,6.0,0
2018-10-30,6.0,6.0,6.0,6.0,0
2018-10-31,6.0,6.0,6.0,6.0,0
2018-11-01,6.0,6.0,6.0,6.0,0
2018-11-02,6.0,6.0,6.0,6.0,0
2018-11-05,6.0,6.0,6.0,6.0,0
2018-11-06,6.0,6.0,6.0,6.0,0
2018-11-07,6.0,6.0,6.0,6.0,0
2018-11-08,6.0,6.0,6.0,6.0,0
2018-11-09,6.0,6.0,6.0,6.0,0
2018-11-12,6.0,6.0,6.0,6.0,0
2018-11-13,6.0,6.0,6.0,6.0,0
2018-11-14,6.0,6.0,6.0,6.0,0
2018-11-15,6.0,6.0,6.0,6.0,0
2018-11-16,6.0,6.0,6.0,6.0,0
2018-11-19,6.0,6.0,6.0,6.0,0
2018-11-20,6.0,6.0,6.0,6.0,0
2018-11-21,6.0,6.0,6.0,6.0,0
2018-11-22,6.0,6.0,6.0,6.0,0
2018-11-23,6.0,6.0,6.0,6.0,0
2018-11-26,6.0,6.0,6.0,6.0,0
2018-11-27,6.0,6.0,6.0,6.0,0
2018-11-28,6.0,6.0,6.0,6.0,0
2018-11-29,6.0,6.0,6.0,6.0,0
2018-11-30,6.0,6.0,6.0,6.0,0
2018-12-03,6.0,6.0,6.0,6.0,0
2018-12-04,6.0,6.0,6.0,6.0,0
2018-12-05,6.0,6.0,6.0,6.0,0
2018-12-06,6.0,6.0,6.0,6.0,0
2018-12-07,6.0,6.0,6.0,6.0,0
2018-12-10,6.0,6.0,6.0,6.0,0
2018-12-11,5.1,5.1,3.6,3.6,25000
2018-12-12,3.6,3.6,3.6,3.6,0
2018-12-13,3.6,3.6,3.6,3.6,0
2018-12-14,3.6,3.6,3.6,3.6,0
2018-12-17,3.6,3.6,3.6,3.6,0
2018-12-18,4.0,4.0,4.0,4.0,100
2018-12-19,4.0,4.0,4.0,4.0,0
2018-12-20,4.0,4.0,4.0,4.0,0
2018-12-21,4.0,4.0,4.0,4.0,0
2018-12-24,4.0,4.0,4.0,4.0,0
2018-12-25,4.0,4.0,4.0,4.0,0
2018-12-26,4.5,4.5,4.5,4.5,100
2018-12-27,4.5,4.5,4.5,4.5,100
2018-12-28,4.5,4.5,4.5,4.5,0
2019-01-02,4.5,4.5,4.5,4.5,0
2019-01-03,4.5,4.5,4.5,4.5,0
2019-01-04,4.5,4.5,4.5,4.5,0
2019-01-07,4.5,4.5,4.5,4.5,0
2019-01-08,4.5,4.5,4.5,4.5,0
2019-01-09,4.5,4.5,4.5,4.5,0
2019-01-10,5.1,5.1,5.1,5.1,100
2019-01-11,5.1,5.1,5.1,5.1,0
2019-01-14,5.1,5.1,5.1,5.1,0
2019-01-15,5.1,5.1,5.1,5.1,0
2019-01-16,5.1,5.1,5.1,5.1,0
2019-01-17,4.5,4.5,4.5,4.5,200
2019-01-18,4.5,4.5,4.5,4.5,0
2019-01-21,4.5,4.5,4.5,4.5,0
2019-01-22,4.5,4.5,4.5,4.5,0
2019-01-23,4.5,4.5,4.5,4.5,0
2019-01-24,4.5,4.5,4.5,4.5,0
2019-01-25,4.5,4.5,4.5,4.5,0
2019-01-28,4.5,4.5,4.5,4.5,0
2019-01-29,4.5,4.5,4.5,4.5,0
2019-01-30,4.5,4.5,4.5,4.5,0
2019-01-31,4.5,4.5,4.5,4.5,0
2019-02-01,4.5,4.5,4.5,4.5,0
2019-02-11,4.5,4.5,4.5,4.5,0
2019-02-12,4.5,4.5,4.5,4.5,0
2019-02-13,4.5,4.5,4.5,4.5,0
2019-02-14,4.5,4.5,4.5,4.5,0
2019-02-15,4.5,4.5,4.5,4.5,0
2019-02-18,4.5,4.5,4.5,4.5,0
2019-02-19,4.7,4.7,4.7,4.7,200
2019-02-20,4.7,4.7,4.7,4.7,0
2019-02-21,4.7,4.7,4.7,4.7,0
2019-02-22,4.7,4.7,4.7,4.7,0
2019-02-25,4.7,4.7,4.7,4.7,0
2019-02-26,4.7,4.7,4.7,4.7,0
2019-02-27,4.7,4.7,4.7,4.7,0
2019-02-28,4.7,4.7,4.7,4.7,0
2019-03-01,4.7,4.7,4.7,4.7,0
2019-03-04,4.7,4.7,4.7,4.7,0
2019-03-05,4.7,4.7,4.7,4.7,0
2019-03-06,4.7,4.7,4.7,4.7,0
2019-03-07,4.7,4.7,4.7,4.7,0
2019-03-08,4.7,4.7,4.7,4.7,0
2019-03-11,4.7,4.7,4.7,4.7,0
2019-03-12,4.5,4.5,4.5,4.5,8000
2019-03-13,4.2,4.3,3.9,4.3,2300
2019-03-14,4.3,4.4,4.3,4.4,400
2019-03-15,4.3,4.4,4.3,4.3,1100
2019-03-18,4.3,4.3,4.3,4.3,0
2019-03-19,4.3,4.3,4.3,4.3,0
2019-03-20,4.3,4.3,4.3,4.3,0
2019-03-21,4.3,4.3,4.3,4.3,1
2019-03-22,4.3,4.3,4.3,4.3,0
2019-03-25,4.3,4.3,4.3,4.3,0
2019-03-26,4.8,4.8,4.8,4.8,100
2019-03-27,4.8,4.8,4.8,4.8,0
2019-03-28,4.8,4.8,4.8,4.8,0
2019-03-29,4.8,4.8,4.8,4.8,0
2019-04-01,4.8,4.8,4.8,4.8,0
2019-04-02,4.8,4.8,4.8,4.8,0
2019-04-03,4.8,4.8,4.8,4.8,1
2019-04-04,4.8,4.8,4.8,4.8,0
2019-04-05,4.8,4.8,4.8,4.8,0
2019-04-08,4.8,4.8,4.8,4.8,1
2019-04-09,4.4,4.5,4.4,4.5,3100
2019-04-10,4.4,4.5,4.5,4.5,0
2019-04-11,4.4,4.5,4.5,4.5,0
2019-04-12,4.4,4.5,4.5,4.5,0
2019-04-16,4.4,4.5,4.5,4.5,0
2019-04-17,3.9,4.1,3.8,4.1,2700
2019-04-18,4.3,4.3,4.3,4.3,100
2019-04-19,4.3,4.3,4.3,4.3,0
2019-04-22,4.8,4.8,4.8,4.8,100
2019-04-23,4.8,4.8,4.8,4.8,0
2019-04-24,4.8,4.8,4.8,4.8,0
2019-04-25,4.8,4.8,4.8,4.8,0
2019-04-26,4.8,4.8,4.8,4.8,0
2019-05-02,4.8,4.8,4.8,4.8,0
2019-05-03,4.8,4.8,4.8,4.8,0
2019-05-06,4.2,4.3,4.2,4.3,700
2019-05-07,4.2,4.3,4.3,4.3,0
2019-05-08,4.2,4.3,4.3,4.3,0
2019-05-09,4.4,4.4,4.4,4.4,300
2019-05-10,4.4,4.4,4.4,4.4,0
2019-05-13,4.4,4.4,4.4,4.4,0
2019-05-14,4.0,4.0,4.0,4.0,200
2019-05-15,4.0,4.0,4.0,4.0,0
2019-05-16,4.0,4.0,4.0,4.0,0
2019-05-17,4.0,4.0,4.0,4.0,0
2019-05-20,4.0,4.0,4.0,4.0,0
2019-05-21,4.0,4.0,4.0,4.0,0
2019-05-22,4.0,4.0,4.0,4.0,0
2019-05-23,4.0,4.0,4.0,4.0,0
2019-05-24,4.0,4.0,4.0,4.0,0
2019-05-27,4.0,4.0,4.0,4.0,0
2019-05-28,4.0,4.0,4.0,4.0,0
2019-05-29,4.0,4.0,4.0,4.0,0
2019-05-30,4.0,4.0,4.0,4.0,0
2019-05-31,4.0,4.0,4.0,4.0,0
2019-06-03,3.5,3.5,3.5,3.5,100
2019-06-04,3.6,3.6,3.6,3.6,100
2019-06-05,3.6,3.6,3.6,3.6,0
2019-06-06,4.0,4.0,4.0,4.0,1000
2019-06-07,4.0,4.0,4.0,4.0,0
2019-06-10,4.0,4.0,4.0,4.0,10000
2019-06-11,4.0,4.0,4.0,4.0,0
2019-06-12,4.0,4.0,4.0,4.0,0
2019-06-13,4.0,4.0,4.0,4.0,0
2019-06-14,4.0,4.0,4.0,4.0,50
2019-06-17,3.5,3.8,3.5,3.8,1600
2019-06-18,3.6,3.8,3.8,3.8,0
2019-06-19,3.6,3.8,3.8,3.8,0
2019-06-20,3.6,3.6,3.6,3.6,0
2019-06-21,3.6,3.6,3.6,3.6,0
2019-06-24,3.6,3.8,3.8,3.8,0
2019-06-25,3.6,3.8,3.8,3.8,0
2019-06-26,3.6,3.8,3.8,3.8,0
2019-06-27,3.6,3.8,3.8,3.8,0
2019-06-28,3.6,3.8,3.8,3.8,0
2019-07-01,3.6,3.8,3.8,3.8,0
2019-07-02,3.6,3.8,3.8,3.8,0
2019-07-03,3.6,3.8,3.8,3.8,0
2019-07-04,3.6,3.6,3.6,3.6,0
2019-07-05,3.6,3.8,3.8,3.8,0
2019-07-08,4.1,4.1,4.1,4.1,100
2019-07-09,4.1,4.1,4.1,4.1,0
2019-07-10,4.1,4.1,4.1,4.1,0
2019-07-11,4.3,4.3,4.3,4.3,100
2019-07-12,4.3,4.3,4.3,4.3,0
2019-07-15,4.3,4.3,4.3,4.3,0
2019-07-16,4.3,4.3,4.3,4.3,0
2019-07-17,4.3,4.3,4.3,4.3,0
2019-07-18,4.3,4.3,4.3,4.3,0
2019-07-19,4.3,4.3,4.3,4.3,0
2019-07-22,4.0,4.0,3.8,3.8,1000
2019-07-23,3.8,4.4,3.8,4.4,1200
2019-07-24,4.3,4.3,4.3,4.3,100
2019-07-25,4.3,4.3,4.3,4.3,0
2019-07-26,4.3,4.3,4.3,4.3,0
2019-07-29,4.3,4.3,4.3,4.3,0
2019-07-30,4.3,4.3,4.3,4.3,0
2019-07-31,4.7,4.7,4.7,4.7,100
2019-08-01,4.7,4.7,4.7,4.7,0
2019-08-02,4.7,4.7,4.7,4.7,0
2019-08-05,4.7,4.7,4.7,4.7,0
2019-08-06,4.7,4.7,4.7,4.7,0
2019-08-07,4.7,4.7,4.7,4.7,0
2019-08-08,4.7,4.7,4.7,4.7,0
2019-08-09,4.7,4.7,4.7,4.7,0
2019-08-12,4.7,4.7,4.7,4.7,0
2019-08-13,4.7,4.7,4.7,4.7,0
2019-08-14,4.7,4.7,4.7,4.7,0
2019-08-15,4.7,4.7,4.7,4.7,0
2019-08-16,4.7,4.7,4.7,4.7,0
2019-08-19,4.7,4.7,4.7,4.7,0
2019-08-20,4.7,4.7,4.7,4.7,0
2019-08-21,4.7,4.7,4.7,4.7,0
2019-08-22,4.7,4.7,4.7,4.7,0
2019-08-23,4.1,4.1,4.1,4.1,2000
2019-08-26,4.1,4.1,4.1,4.1,0
2019-08-27,4.2,4.2,4.2,4.2,100
2019-08-28,4.2,4.2,4.2,4.2,0
2019-08-29,4.2,4.2,4.2,4.2,0
2019-08-30,4.2,4.2,4.2,4.2,0
2019-09-03,4.2,4.3,4.2,4.3,600
2019-09-04,4.3,4.3,4.3,4.3,0
2019-09-05,4.3,4.3,4.3,4.3,0
2019-09-06,4.3,4.3,4.3,4.3,800
2019-09-09,4.3,4.3,4.3,4.3,100
2019-09-10,4.3,4.3,4.3,4.3,0
2019-09-11,4.3,4.3,4.3,4.3,0
2019-09-12,4.3,4.3,4.3,4.3,0
2019-09-13,4.3,4.3,4.3,4.3,0
2019-09-16,4.3,4.3,4.3,4.3,0
2019-09-17,4.3,4.3,4.3,4.3,0
2019-09-18,4.3,4.3,4.3,4.3,0
2019-09-19,4.3,4.3,4.3,4.3,0
2019-09-20,3.8,3.8,3.8,3.8,1000
2019-09-23,4.3,4.3,4.3,4.3,100
2019-09-24,4.6,4.6,4.6,4.6,100
2019-09-25,4.6,4.6,4.6,4.6,0
2019-09-26,4.0,4.0,4.0,4.0,400
2019-09-27,3.5,4.1,3.5,4.1,900
2019-09-30,4.1,4.1,4.1,4.1,400
2019-10-01,4.5,4.5,4.5,4.5,100
2019-10-02,4.5,4.5,4.5,4.5,0
2019-10-03,4.5,4.5,4.5,4.5,0
2019-10-04,4.5,4.5,4.5,4.5,0
2019-10-07,4.5,4.5,4.5,4.5,0
2019-10-08,4.5,4.5,4.5,4.5,0
2019-10-09,4.5,4.5,4.5,4.5,0
2019-10-10,4.5,4.5,4.5,4.5,0
2019-10-11,4.5,4.5,4.5,4.5,0
2019-10-14,4.1,4.1,4.0,4.0,700
2019-10-15,4.0,4.0,4.0,4.0,0
2019-10-16,4.0,4.0,4.0,4.0,0
2019-10-17,4.0,4.0,4.0,4.0,0
2019-10-18,4.0,4.0,4.0,4.0,0
2019-10-21,4.0,4.0,4.0,4.0,0
2019-10-22,4.0,4.0,4.0,4.0,0
2019-10-23,4.0,4.0,4.0,4.0,0
2019-10-24,4.0,4.0,4.0,4.0,0
2019-10-25,4.5,4.5,4.4,4.4,200
2019-10-28,4.1,4.1,4.0,4.0,1300
2019-10-29,4.1,4.0,4.0,4.0,0
2019-10-30,4.1,4.0,4.0,4.0,0
2019-10-31,4.1,4.1,4.1,4.1,0
2019-11-01,4.1,4.0,4.0,4.0,0
2019-11-04,4.1,4.0,4.0,4.0,0
2019-11-05,4.1,4.0,4.0,4.0,0
2019-11-06,4.1,4.0,4.0,4.0,0
2019-11-07,4.1,4.0,4.0,4.0,0
2019-11-08,4.1,4.0,4.0,4.0,0
2019-11-11,4.1,4.0,4.0,4.0,0
2019-11-12,4.1,4.0,4.0,4.0,0
2019-11-13,4.1,4.0,4.0,4.0,0
2019-11-14,3.9,3.9,3.5,3.5,1000
2019-11-15,3.8,3.8,3.8,3.8,300
2019-11-18,3.8,3.8,3.8,3.8,0
2019-11-19,3.8,3.8,3.8,3.8,0
2019-11-20,3.8,3.8,3.8,3.8,0
2019-11-21,3.8,3.8,3.8,3.8,0
2019-11-22,3.8,3.8,3.8,3.8,0
2019-11-25,3.8,3.8,3.8,3.8,0
2019-11-26,3.8,3.8,3.8,3.8,0
2019-11-27,4.2,4.2,4.2,4.2,100
2019-11-28,4.2,4.2,4.2,4.2,0
2019-11-29,4.1,4.1,4.1,4.1,300
2019-12-02,4.1,4.1,4.1,4.1,0
2019-12-03,4.1,4.1,4.1,4.1,0
2019-12-04,4.1,4.1,4.1,4.1,0
2019-12-05,4.1,4.1,4.1,4.1,0
2019-12-06,4.1,4.1,4.1,4.1,0
2019-12-09,4.1,4.1,4.1,4.1,0
2019-12-10,4.1,4.1,4.1,4.1,0
2019-12-11,4.1,4.1,4.1,4.1,0
2019-12-12,4.1,4.1,4.1,4.1,0
2019-12-13,4.1,4.1,4.1,4.1,0
2019-12-16,4.1,4.1,4.1,4.1,0
2019-12-17,4.1,4.1,4.1,4.1,0
2019-12-18,4.1,4.1,4.1,4.1,0
2019-12-19,4.1,4.1,4.1,4.1,0
2019-12-20,4.1,4.1,4.1,4.1,0
2019-12-23,4.1,4.1,4.1,4.1,0
2019-12-24,4.1,4.1,4.1,4.1,0
2019-12-25,4.1,4.1,4.1,4.1,0
2019-12-26,4.1,4.1,4.1,4.1,0
2019-12-27,4.1,4.1,4.1,4.1,0
2019-12-30,4.1,4.1,4.1,4.1,0
2019-12-31,4.1,4.1,4.1,4.1,0
2020-01-02,4.1,4.1,4.1,4.1,0
2020-01-03,4.1,4.1,4.1,4.1,0
2020-01-06,4.1,4.1,4.1,4.1,0
2020-01-07,4.1,4.1,4.1,4.1,0
2020-01-08,4.1,4.1,4.1,4.1,0
2020-01-09,4.4,4.4,4.4,4.4,100
2020-01-10,4.4,4.4,4.4,4.4,0
2020-01-13,4.4,4.4,4.4,4.4,0
2020-01-14,4.4,4.4,4.4,4.4,0
2020-01-15,4.4,4.4,4.4,4.4,0
2020-01-16,4.4,4.4,4.4,4.4,0
2020-01-17,4.4,4.4,4.4,4.4,0
2020-01-20,4.4,4.4,4.4,4.4,0
2020-01-21,4.4,4.4,4.4,4.4,0
2020-01-22,4.4,4.4,4.4,4.4,0
2020-01-30,4.4,4.4,4.4,4.4,0
2020-01-31,4.4,4.4,4.4,4.4,0
2020-02-03,4.4,4.4,4.4,4.4,0
2020-02-04,4.4,4.4,4.4,4.4,0
2020-02-05,3.9,3.9,3.9,3.9,300
2020-02-06,3.9,3.9,3.9,3.9,0
2020-02-07,3.9,3.9,3.9,3.9,0
2020-02-10,3.9,3.9,3.9,3.9,0
2020-02-11,3.9,3.9,3.9,3.9,0
2020-02-12,3.9,3.9,3.9,3.9,0
2020-02-13,3.9,3.9,3.9,3.9,0
2020-02-14,3.9,3.9,3.9,3.9,0
2020-02-17,3.9,3.9,3.9,3.9,0
2020-02-18,3.9,3.9,3.9,3.9,0
2020-02-19,3.9,3.9,3.9,3.9,0
2020-02-20,3.9,3.9,3.9,3.9,0
2020-02-21,3.9,3.9,3.9,3.9,0
2020-02-24,3.9,3.9,3.9,3.9,0
2020-02-25,3.9,3.9,3.9,3.9,0
2020-02-26,3.9,3.9,3.9,3.9,0
2020-02-27,3.9,3.9,3.9,3.9,0
2020-02-28,3.9,3.9,3.9,3.9,0
2020-03-02,3.9,3.9,3.9,3.9,0
2020-03-03,3.9,3.9,3.9,3.9,34
2020-03-04,3.9,3.9,3.9,3.9,0
2020-03-05,3.9,3.9,3.9,3.9,0
2020-03-06,3.9,3.9,3.9,3.9,0
2020-03-09,3.6,3.6,3.6,3.6,100
2020-03-10,3.6,3.6,3.6,3.6,0
2020-03-11,3.6,3.6,3.6,3.6,0
2020-03-12,3.6,3.6,3.6,3.6,0
2020-03-13,3.6,3.6,3.6,3.6,0
2020-03-16,3.6,3.6,3.6,3.6,0
2020-03-17,3.6,3.6,3.6,3.6,0
2020-03-18,3.6,3.6,3.6,3.6,0
2020-03-19,3.6,3.6,3.6,3.6,0
2020-03-20,3.6,3.6,3.6,3.6,0
2020-03-23,3.6,3.6,3.6,3.6,0
2020-03-24,3.6,3.6,3.6,3.6,0
2020-03-25,3.6,3.6,3.6,3.6,0
2020-03-26,3.6,3.6,3.6,3.6,0
2020-03-27,3.6,3.6,3.6,3.6,0
2020-03-30,3.6,3.6,3.6,3.6,0
2020-03-31,3.6,3.6,3.6,3.6,0
2020-04-01,3.6,3.6,3.6,3.6,0
2020-04-03,3.9,3.9,3.9,3.9,100
2020-04-06,3.9,3.9,3.9,3.9,0
2020-04-07,3.9,3.9,3.9,3.9,0
2020-04-08,3.9,3.9,3.9,3.9,0
2020-04-09,3.9,3.9,3.9,3.9,0
2020-04-10,3.9,3.9,3.9,3.9,1
2020-04-13,3.9,3.9,3.9,3.9,0
2020-04-14,3.9,3.9,3.9,3.9,0
2020-04-15,3.9,3.9,3.9,3.9,0
2020-04-16,3.9,3.9,3.9,3.9,0
2020-04-17,3.9,3.9,3.9,3.9,0
2020-04-20,3.9,3.9,3.9,3.9,0
2020-04-21,3.9,3.9,3.9,3.9,0
2020-04-22,3.9,3.9,3.9,3.9,0
2020-04-23,3.9,3.9,3.9,3.9,0
2020-04-24,3.9,3.9,3.9,3.9,0
2020-04-27,3.9,3.9,3.9,3.9,0
2020-04-28,3.9,3.9,3.9,3.9,0
2020-04-29,3.9,3.9,3.9,3.9,0
2020-05-04,3.9,3.9,3.9,3.9,0
2020-05-05,3.9,3.9,3.9,3.9,0
2020-05-06,3.9,3.9,3.9,3.9,0
2020-05-07,3.9,3.9,3.9,3.9,0
2020-05-08,3.9,3.9,3.9,3.9,0
2020-05-11,3.9,3.9,3.9,3.9,0
2020-05-12,3.9,3.9,3.9,3.9,100
2020-05-13,3.9,3.9,3.9,3.9,0
2020-05-14,3.9,3.9,3.9,3.9,0
2020-05-15,3.9,3.9,3.9,3.9,0
2020-05-18,3.9,3.9,3.9,3.9,0
2020-05-19,3.9,3.9,3.9,3.9,0
2020-05-20,3.9,3.9,3.9,3.9,0
2020-05-21,3.9,3.9,3.9,3.9,0
2020-05-22,3.9,3.9,3.9,3.9,0
2020-05-25,3.9,3.9,3.9,3.9,0
2020-05-26,3.6,3.6,3.6,3.6,135
2020-05-27,3.6,3.6,3.6,3.6,0
2020-05-28,3.6,3.6,3.6,3.6,0
2020-05-29,3.6,3.6,3.6,3.6,0
2020-06-01,3.6,3.6,3.6,3.6,0
2020-06-02,3.9,3.9,3.9,3.9,200
2020-06-03,3.9,3.9,3.9,3.9,0
2020-06-04,3.9,3.9,3.9,3.9,0
2020-06-05,3.9,3.9,3.9,3.9,130
2020-06-08,3.9,3.9,3.9,3.9,430
2020-06-09,3.9,3.9,3.9,3.9,130
2020-06-10,3.9,3.9,3.9,3.9,0
2020-06-11,3.9,3.9,3.9,3.9,0
2020-06-12,3.9,3.9,3.9,3.9,0
2020-06-15,3.9,3.9,3.9,3.9,0
2020-06-16,3.9,3.9,3.9,3.9,0
2020-06-17,3.9,3.9,3.9,3.9,0
2020-06-18,3.9,3.9,3.9,3.9,0
2020-06-19,3.9,3.9,3.9,3.9,0
2020-06-22,3.9,3.9,3.9,3.9,0
2020-06-23,3.9,3.9,3.9,3.9,300
2020-06-24,3.9,3.9,3.9,3.9,0
2020-06-25,3.9,3.9,3.9,3.9,0
2020-06-26,3.9,3.9,3.9,3.9,0
2020-06-29,3.9,3.9,3.9,3.9,0
2020-06-30,3.4,3.4,3.4,3.4,100
2020-07-01,2.9,3.8,2.9,3.8,200
2020-07-02,3.4,3.8,3.8,3.8,0
2020-07-03,3.4,3.8,3.8,3.8,0
2020-07-06,3.4,3.4,3.4,3.4,100
2020-07-07,3.4,3.8,3.3,3.8,2500
2020-07-08,3.4,3.4,3.4,3.8,10
2020-07-09,3.4,3.4,3.4,3.4,100
2020-07-10,3.8,3.8,3.8,3.8,100
2020-07-13,3.8,3.8,3.8,3.8,0
2020-07-14,3.8,3.8,3.8,3.8,0
2020-07-15,3.8,3.8,3.8,3.8,10
2020-07-16,3.8,3.8,3.8,3.8,0
2020-07-17,3.8,3.8,3.8,3.8,0
2020-07-20,3.8,3.8,3.8,3.8,0
2020-07-21,3.8,3.8,3.8,3.8,0
2020-07-22,3.8,3.8,3.8,3.8,0
2020-07-23,3.8,3.8,3.8,3.8,0
2020-07-24,3.8,3.8,3.8,3.8,0
2020-07-27,3.8,3.8,3.8,3.8,0
2020-07-28,3.8,3.8,3.8,3.8,0
2020-07-29,3.8,3.8,3.8,3.8,0
2020-07-30,3.8,3.8,3.8,3.8,0
2020-07-31,3.8,3.8,3.8,3.8,0
2020-08-03,3.8,3.8,3.8,3.8,0
2020-08-04,3.8,3.8,3.8,3.8,0
2020-08-05,3.8,3.8,3.8,3.8,0
2020-08-06,3.8,3.8,3.8,3.8,0
2020-08-07,3.8,3.8,3.8,3.8,0
2020-08-10,3.8,3.8,3.8,3.8,0
2020-08-11,3.8,3.8,3.8,3.8,0
2020-08-12,3.8,3.8,3.8,3.8,0
2020-08-13,3.8,3.8,3.8,3.8,0
2020-08-14,3.8,3.8,3.8,3.8,0
2020-08-17,3.8,3.8,3.8,3.8,0
2020-08-18,3.8,3.8,3.8,3.8,0
2020-08-19,3.9,3.9,2.3,3.9,1600
2020-08-20,3.3,3.3,3.3,3.3,100
2020-08-21,3.3,3.3,3.3,3.3,0
2020-08-24,3.6,3.6,3.6,3.6,100
2020-08-25,3.6,3.6,3.6,3.6,0
2020-08-26,3.6,3.6,3.6,3.6,0
2020-08-27,4.0,4.0,4.0,4.0,100
2020-08-28,4.0,4.0,4.0,4.0,0
2020-08-31,4.0,4.0,4.0,4.0,0
2020-09-01,4.0,4.0,4.0,4.0,0
2020-09-03,4.0,4.0,4.0,4.0,0
2020-09-04,4.0,4.0,4.0,4.0,0
2020-09-07,4.0,4.0,4.0,4.0,0
2020-09-08,3.5,3.5,3.5,3.5,2000
2020-09-09,3.3,3.3,3.2,3.2,2100
2020-09-10,3.2,3.2,3.2,3.2,300
2020-09-11,3.1,3.1,3.1,3.1,101
2020-09-14,3.0,3.0,3.0,3.0,1500
2020-09-15,2.6,2.6,2.6,2.6,100
2020-09-16,2.9,2.9,2.9,2.9,1400
2020-09-17,2.9,2.9,2.9,2.9,300
2020-09-18,3.0,3.0,3.0,3.0,100
2020-09-21,3.0,3.0,3.0,3.0,0
2020-09-22,3.0,3.0,3.0,3.0,0
2020-09-23,3.0,3.0,3.0,3.0,0
2020-09-24,3.0,3.0,3.0,3.0,0
2020-09-25,3.0,3.0,3.0,3.0,0
2020-09-28,3.0,3.0,3.0,3.0,0
2020-09-29,3.0,3.0,3.0,3.0,0
2020-09-30,3.0,3.0,3.0,3.0,80
2020-10-01,3.0,3.0,3.0,3.0,0
2020-10-02,3.0,3.0,3.0,3.0,0
2020-10-05,3.0,3.0,3.0,3.0,0
2020-10-06,3.0,3.0,3.0,3.0,0
2020-10-07,3.0,3.0,3.0,3.0,0
2020-10-08,3.0,3.0,3.0,3.0,0
2020-10-09,3.0,3.0,3.0,3.0,0
2020-10-12,3.0,3.0,3.0,3.0,0
2020-10-13,3.0,3.0,3.0,3.0,0
2020-10-14,3.0,3.0,3.0,3.0,0
2020-10-15,3.0,3.0,3.0,3.0,5000
2020-10-16,3.0,3.0,3.0,3.0,5200
2020-10-19,3.0,3.0,3.0,3.0,0
2020-10-20,3.0,3.0,3.0,3.0,0
2020-10-21,3.0,3.0,3.0,3.0,0
2020-10-22,3.0,3.0,3.0,3.0,0
2020-10-23,2.9,2.9,2.6,2.6,1300
2020-10-26,2.4,2.4,2.3,2.3,2200
2020-10-27,2.6,2.6,2.6,2.6,100
2020-10-28,2.6,2.6,2.6,2.6,0
2020-10-29,2.6,2.6,2.6,2.6,0
2020-10-30,2.6,2.6,2.6,2.6,0
2020-11-02,2.9,2.9,2.9,2.9,100
2020-11-03,2.9,2.9,2.9,2.9,2000
2020-11-04,2.9,2.9,2.9,2.9,100
2020-11-05,2.9,2.9,2.9,2.9,0
2020-11-06,2.9,2.9,2.9,2.9,0
2020-11-09,2.9,2.9,2.9,2.9,0
2020-11-10,2.9,2.9,2.9,2.9,0
2020-11-11,2.9,2.9,2.9,2.9,0
2020-11-12,2.6,2.6,2.6,2.6,300
2020-11-13,2.7,2.9,2.4,2.4,1500
2020-11-16,2.6,2.6,2.6,2.6,300
2020-11-17,2.6,2.6,2.6,2.6,0
2020-11-18,2.6,2.6,2.6,2.6,0
2020-11-19,2.6,2.6,2.6,2.6,0
2020-11-20,2.6,2.6,2.6,2.6,0
2020-11-23,2.6,2.6,2.6,2.6,0
2020-11-24,2.9,2.9,2.9,2.9,100
2020-11-25,2.9,2.9,2.9,2.9,1500
2020-11-26,2.9,2.9,2.9,2.9,500
2020-11-27,2.9,2.9,2.9,2.9,0
2020-11-30,2.9,2.9,2.9,2.9,0
2020-12-01,2.9,2.9,2.9,2.9,0
2020-12-02,2.9,2.9,2.9,2.9,0
2020-12-03,2.9,2.9,2.8,2.8,200
2020-12-04,2.9,2.8,2.8,2.8,0
2020-12-07,2.9,2.8,2.8,2.8,0
2020-12-08,2.7,2.7,2.7,2.7,100
2020-12-09,2.7,2.7,2.7,2.7,0
2020-12-10,2.7,2.7,2.7,2.7,0
2020-12-11,2.7,2.7,2.7,2.7,0
2020-12-14,2.7,2.7,2.7,2.7,0
2020-12-15,2.7,2.7,2.7,2.7,0
2020-12-16,2.7,2.7,2.7,2.7,0
2020-12-17,2.7,2.7,2.7,2.7,0
2020-12-18,2.7,2.7,2.7,2.7,0
2020-12-21,2.7,2.7,2.7,2.7,0
2020-12-22,2.7,2.7,2.7,2.7,1000
2020-12-23,2.7,2.7,2.7,2.7,0
2020-12-24,2.7,2.7,2.7,2.7,0
2020-12-25,2.7,2.7,2.7,2.7,0
2020-12-28,2.7,2.7,2.7,2.7,18800
2020-12-29,3.1,3.1,3.1,3.1,2500
2020-12-30,3.5,3.5,3.1,3.1,700
2020-12-31,3.4,3.9,3.4,3.9,1100
2021-01-04,3.4,3.7,3.4,3.7,500
2021-01-05,3.1,3.3,3.1,3.2,5000
2021-01-06,3.2,3.2,3.2,3.2,100
2021-01-07,2.8,3.4,2.8,3.4,300
2021-01-08,3.3,3.3,3.2,3.2,6200
2021-01-11,3.5,3.6,3.5,3.6,2700
2021-01-12,3.3,3.7,3.3,3.7,300
2021-01-13,3.4,3.7,3.7,3.7,0
2021-01-14,3.9,3.9,3.9,3.9,100
2021-01-15,3.9,3.9,3.9,3.9,0
2021-01-18,3.9,3.9,3.9,3.9,0
2021-01-19,3.9,3.9,3.9,3.9,0
2021-01-20,3.9,3.9,3.9,3.9,0
2021-01-21,3.9,3.9,3.9,3.9,0
2021-01-22,4.0,4.3,4.0,4.3,3100
2021-01-25,4.5,4.5,4.5,4.5,2000
2021-01-26,3.9,3.9,3.9,3.9,2000
2021-01-27,3.5,3.5,3.5,3.5,700
2021-01-28,3.5,3.5,3.1,3.3,2100
2021-01-29,3.3,3.3,3.3,3.3,0
2021-02-01,3.3,3.3,3.3,3.3,0
2021-02-02,3.7,3.7,3.5,3.5,900
2021-02-03,3.6,3.5,3.5,3.5,0
2021-02-04,3.9,3.9,3.9,3.9,100
2021-02-05,3.9,3.9,3.9,3.9,0
2021-02-08,3.9,3.9,3.9,3.9,0
2021-02-09,3.9,3.9,3.9,3.9,0
2021-02-17,3.9,3.9,3.9,3.9,0
2021-02-18,3.9,3.9,3.9,3.9,500
2021-02-19,3.9,3.9,3.9,3.9,0
2021-02-22,3.5,3.5,3.5,3.5,400
2021-02-23,3.5,3.5,3.5,3.5,0
2021-02-24,3.2,3.5,3.2,3.5,600
2021-02-25,3.7,3.7,3.7,3.7,200
2021-02-26,3.7,4.2,3.7,4.2,3800
2021-03-01,4.2,4.3,4.2,4.3,3600
2021-03-02,4.4,4.4,4.4,4.4,1700
2021-03-03,4.8,5.0,4.6,4.8,10300
2021-03-04,5.3,5.3,4.3,4.6,5400
2021-03-05,4.6,4.6,4.6,4.6,7000
2021-03-08,4.6,5.0,4.6,5.0,2400
2021-03-09,4.6,5.0,5.0,5.0,0
2021-03-10,4.6,5.0,4.6,4.8,12800
2021-03-11,4.9,4.8,4.8,4.8,0
2021-03-12,4.8,5.0,4.8,5.0,1100
2021-03-15,4.8,4.8,4.8,4.8,900
2021-03-16,5.4,5.4,5.0,5.0,2910
2021-03-17,5.0,5.0,5.0,5.0,1000
2021-03-18,5.2,5.4,5.2,5.2,2010
2021-03-19,5.4,5.4,5.2,5.2,1100
2021-03-22,5.3,5.3,5.3,5.3,100
2021-03-23,5.1,5.3,5.1,5.3,220
2021-03-24,4.7,4.7,4.7,4.7,100
2021-03-25,4.8,5.0,4.6,4.6,6200
2021-03-26,4.6,4.6,4.6,4.6,1900
2021-03-29,4.6,5.2,4.6,5.1,11400
2021-03-30,5.0,5.0,4.8,4.8,9300
2021-03-31,5.4,5.4,4.8,4.9,5300
2021-04-01,5.3,5.3,5.3,5.3,2000
2021-04-02,5.0,5.0,5.0,5.0,801
2021-04-05,5.5,5.5,5.0,5.3,4500
2021-04-06,5.2,5.2,5.0,5.0,300
2021-04-07,5.1,5.1,5.1,5.1,100
2021-04-08,5.3,5.3,4.9,5.1,1800
2021-04-09,5.2,5.2,5.2,5.2,100
2021-04-12,5.2,5.2,5.0,5.2,3601
2021-04-13,5.7,5.7,5.0,5.0,7128
2021-04-14,5.0,5.3,5.0,5.0,8200
2021-04-15,5.2,5.2,4.8,4.8,400
2021-04-16,4.9,5.5,4.9,5.5,640
2021-04-19,5.6,5.6,4.7,5.4,2700
2021-04-20,5.4,5.4,5.3,5.3,200
2021-04-22,5.4,5.4,4.8,4.8,6200
2021-04-23,5.0,5.0,4.4,4.5,600
2021-04-26,4.9,4.9,4.9,4.9,100
2021-04-27,4.9,4.9,4.9,4.9,30
2021-04-28,5.2,5.2,5.2,5.2,500
2021-04-29,5.2,5.2,5.2,5.2,0
2021-05-04,4.7,4.7,4.5,4.7,5200
2021-05-05,4.6,4.6,4.2,4.2,2600
2021-05-06,4.3,4.9,4.3,4.9,400
2021-05-07,4.9,4.9,4.9,4.9,100
2021-05-10,4.3,4.3,4.2,4.3,2828
2021-05-11,4.0,4.0,4.0,4.0,100
2021-05-12,4.0,4.0,4.0,4.0,0
2021-05-13,4.0,4.6,4.0,4.6,200
2021-05-14,4.3,4.9,4.3,4.9,4800
2021-05-17,4.2,5.4,4.2,5.4,1200
2021-05-18,4.4,4.9,4.4,4.9,1200
2021-05-19,4.2,4.4,4.2,4.4,900
2021-05-20,4.7,4.7,4.7,4.7,100
2021-05-21,4.9,4.9,4.9,4.9,100
2021-05-24,5.3,5.3,5.3,5.3,100
2021-05-25,4.6,5.4,4.6,5.4,1100
2021-05-26,4.8,5.3,4.8,5.1,600
2021-05-27,5.0,5.0,4.6,4.6,400
2021-05-28,4.7,4.7,4.7,4.7,101
2021-05-31,4.7,4.7,4.7,4.7,100
2021-06-01,4.7,4.7,4.7,4.7,100
2021-06-02,4.7,4.7,4.7,4.7,100
2021-06-03,4.5,5.1,4.5,5.1,401
2021-06-04,4.8,5.1,5.1,5.1,0
2021-06-07,4.8,4.8,4.8,4.8,100
2021-06-08,4.8,4.8,4.6,4.6,1600
2021-06-09,4.7,4.6,4.6,4.6,0
2021-06-10,4.6,4.8,4.6,4.8,1100
2021-06-11,4.8,4.8,4.8,4.8,100
2021-06-14,4.8,4.9,4.8,4.9,11600
2021-06-15,5.0,5.5,5.0,5.5,3500
2021-06-16,5.0,5.3,5.0,5.3,3900
2021-06-17,4.7,5.4,4.7,5.4,1300
2021-06-18,5.4,5.4,5.0,5.0,4400
2021-06-21,4.9,5.4,4.9,5.0,1300
2021-06-22,4.5,5.0,4.5,4.5,1300
2021-06-23,4.9,5.0,4.6,5.0,400
2021-06-24,5.3,5.3,4.7,4.7,5800
2021-06-25,5.4,5.5,5.3,5.4,3400
2021-06-28,6.1,6.1,5.5,5.8,19600
2021-06-29,5.5,5.5,5.0,5.0,7100
2021-06-30,5.1,5.1,5.0,5.0,1301
2021-07-01,5.1,5.0,5.0,5.0,0
2021-07-02,5.1,5.1,4.5,4.6,13800
2021-07-05,4.6,4.6,4.6,4.6,0
2021-07-06,4.6,4.7,4.6,4.6,600
2021-07-07,4.6,4.6,4.6,4.6,0
2021-07-08,4.6,4.6,4.6,4.6,0
2021-07-09,4.6,4.6,4.6,4.6,0
2021-07-12,4.6,4.6,4.6,4.6,0
2021-07-13,5.2,5.2,5.2,5.2,100
2021-07-14,5.2,5.2,5.2,5.2,0
2021-07-15,5.2,5.2,5.2,5.2,0
2021-07-16,5.2,5.2,5.2,5.2,0
2021-07-19,5.2,5.9,5.2,5.9,500
2021-07-20,5.2,5.2,5.2,5.2,100
2021-07-21,5.0,5.0,4.6,4.6,700
2021-07-22,4.4,4.4,4.4,4.4,200
2021-07-23,4.4,4.4,4.4,4.4,0
2021-07-26,4.9,5.0,4.9,5.0,1200
2021-07-27,5.0,5.0,5.0,5.0,2000
2021-07-28,4.8,5.0,4.8,5.0,500
2021-07-29,5.0,5.0,5.0,5.0,0
2021-07-30,5.3,5.3,5.3,5.3,100
2021-08-02,5.6,5.6,5.3,5.6,10800
2021-08-03,6.0,6.2,5.9,6.2,1300
2021-08-04,6.0,6.2,6.2,6.2,0
2021-08-05,6.0,6.2,6.2,6.2,0
2021-08-06,5.2,5.3,5.2,5.3,1600
2021-08-09,5.3,5.5,5.3,5.5,700
2021-08-10,5.5,6.0,5.5,6.0,5600
2021-08-11,6.5,6.9,6.5,6.9,4656
2021-08-12,7.7,7.7,7.6,7.7,55300
2021-08-13,8.8,8.8,7.6,7.8,34500
2021-08-16,7.7,7.7,7.4,7.7,1406
2021-08-17,7.7,7.7,6.7,7.0,10900
2021-08-18,8.3,8.3,6.4,7.2,3700
2021-08-19,6.2,7.2,6.2,7.2,730
2021-08-20,7.1,7.1,6.1,6.1,12900
2021-08-23,6.0,6.0,5.6,5.6,11300
2021-08-24,6.3,6.3,6.0,6.0,400
2021-08-25,5.9,6.0,5.9,5.9,3600
2021-08-26,6.0,6.9,6.0,6.9,39600
2021-08-27,6.9,7.0,6.9,7.0,9000
2021-08-30,7.9,8.0,7.9,8.0,41100
2021-08-31,9.0,9.0,7.6,8.0,23900
2021-09-01,7.1,8.8,7.0,8.1,7776
2021-09-06,7.8,8.3,7.8,8.3,23700
2021-09-07,8.2,8.5,8.0,8.0,30400
2021-09-08,7.7,7.7,7.7,7.7,4200
2021-09-09,7.0,8.1,7.0,7.9,6600
2021-09-10,7.9,8.2,7.2,7.2,8000
2021-09-13,7.7,8.2,7.7,8.0,13900
2021-09-14,8.0,8.3,7.9,8.3,16570
2021-09-15,8.5,9.2,8.5,9.2,52330
2021-09-16,10.4,10.4,10.4,10.4,40349
2021-09-17,11.9,11.9,11.8,11.9,33200
2021-09-20,13.6,13.6,13.6,13.6,26220
2021-09-21,15.6,15.6,15.6,15.6,34700
2021-09-22,17.9,17.9,15.6,17.9,105834
2021-09-23,18.0,20.0,15.2,15.6,51220
2021-09-24,17.5,17.5,15.0,15.0,4200
2021-09-27,12.9,15.1,12.9,13.1,28519
2021-09-28,11.6,15.2,11.4,15.2,33020
2021-09-29,12.1,13.8,12.0,13.8,8130
2021-09-30,15.7,15.7,14.6,14.6,9019
2021-10-01,14.6,14.6,13.2,13.2,37900
2021-10-04,11.7,12.2,11.7,12.2,2610
2021-10-05,12.2,13.6,12.0,13.4,2329
2021-10-06,12.0,12.5,11.2,12.0,3700
2021-10-07,11.5,11.9,11.5,11.8,5330
2021-10-08,11.9,12.7,11.9,12.6,8100
2021-10-11,12.3,12.3,12.2,12.3,6300
2021-10-12,12.2,12.2,12.2,12.2,729
2021-10-13,11.8,12.2,11.8,12.0,1700
2021-10-14,12.0,12.2,12.0,12.0,10000
2021-10-15,11.9,11.9,11.8,11.8,2700
2021-10-18,11.2,11.7,10.5,11.0,10110
2021-10-19,12.3,12.4,11.0,11.5,11000
2021-10-20,11.7,11.7,11.3,11.3,4400
2021-10-21,11.2,11.7,10.7,11.7,8200
2021-10-22,11.0,11.0,10.4,10.9,9000
2021-10-25,10.8,10.8,10.5,10.8,300
2021-10-26,10.6,11.3,10.5,11.1,2900
2021-10-27,11.0,11.5,11.0,11.5,3139
2021-10-28,11.3,11.6,11.3,11.6,12924
2021-10-29,11.5,11.5,10.9,11.1,6100
2021-11-01,11.0,11.1,10.8,10.8,10810
2021-11-02,10.8,11.0,10.5,11.0,9900
2021-11-03,10.8,10.8,10.1,10.6,14403
2021-11-04,10.2,10.3,10.2,10.3,5600
2021-11-05,10.1,10.6,10.0,10.2,10500
2021-11-08,10.2,10.7,10.2,10.5,4006
2021-11-09,10.4,10.7,10.4,10.6,3500
2021-11-10,10.6,10.8,10.3,10.7,5700
2021-11-11,10.8,10.8,10.8,10.8,6600
2021-11-12,12.3,12.3,10.9,11.0,13700
2021-11-15,11.1,11.8,11.1,11.8,31900
2021-11-16,11.8,12.3,11.8,11.9,16206
2021-11-17,12.0,12.1,12.0,12.0,12900
2021-11-18,12.0,12.0,10.8,11.4,10900
2021-11-19,11.0,11.2,10.9,10.9,18300
2021-11-22,10.9,10.9,10.0,10.0,5000
2021-11-23,10.0,10.3,10.0,10.3,4300
2021-11-24,10.2,10.4,10.0,10.3,4400
2021-11-25,10.2,10.5,9.9,10.0,5600
2021-11-26,10.1,10.1,9.9,9.9,11600
2021-11-29,9.8,10.0,9.5,9.9,4200
2021-11-30,9.9,10.3,9.9,10.3,3000
2021-12-01,9.8,10.2,9.7,10.2,2500
2021-12-02,10.0,10.5,10.0,10.3,7900
2021-12-03,10.3,10.3,10.0,10.0,3300
2021-12-06,9.9,10.0,9.4,9.4,4600
2021-12-07,9.6,9.9,9.4,9.4,12800
2021-12-08,9.2,9.6,9.2,9.5,3500
2021-12-09,9.5,9.8,9.5,9.8,3100
2021-12-10,9.4,9.6,9.4,9.5,1400
2021-12-13,9.3,9.7,9.3,9.5,2900
2021-12-14,9.4,9.6,9.4,9.6,5000
2021-12-15,10.8,10.8,10.3,10.3,5100
2021-12-16,10.5,10.5,10.0,10.4,7200
2021-12-17,10.3,10.3,10.1,10.3,900
2021-12-20,9.4,10.0,9.4,10.0,1500
2021-12-21,9.7,10.3,9.4,9.6,1500
2021-12-22,9.5,10.3,9.4,10.0,6000
2021-12-23,9.4,9.9,8.5,9.9,3600
2021-12-24,9.9,9.9,9.9,9.9,100
2021-12-27,10.1,10.1,10.0,10.0,200
2021-12-28,9.4,9.4,9.0,9.3,1200
2021-12-29,10.0,10.0,9.9,9.9,3300
2021-12-30,9.9,9.9,9.9,9.9,0
2021-12-31,9.6,9.6,9.6,9.6,300
2022-01-04,9.5,9.5,9.4,9.4,1900
2022-01-05,9.2,9.4,9.2,9.4,3700
2022-01-06,9.3,9.3,9.1,9.1,2700
2022-01-07,9.2,9.2,8.9,9.2,3600
2022-01-10,9.2,9.2,7.7,8.8,4600
2022-01-11,8.6,8.6,8.6,8.6,500
2022-01-12,9.0,9.4,9.0,9.2,3101
2022-01-13,9.2,9.2,9.0,9.0,1800
2022-01-14,8.8,9.1,8.8,9.1,800
2022-01-17,8.4,8.5,8.1,8.5,1600
2022-01-18,8.5,9.4,8.5,8.5,400
2022-01-19,9.2,9.2,8.5,8.5,1100
2022-01-20,7.9,9.1,7.9,9.1,1300
2022-01-21,9.1,9.1,8.8,8.8,813
2022-01-24,9.0,9.0,9.0,9.0,0
2022-01-25,8.8,8.8,8.0,8.0,200
2022-01-26,8.1,8.3,8.1,8.2,800
2022-01-27,8.3,8.3,8.3,8.3,2600
2022-01-28,8.3,8.3,8.3,8.3,0
2022-02-07,8.3,8.3,8.3,8.3,0
2022-02-08,9.4,9.4,9.3,9.3,300
2022-02-09,9.2,9.2,9.2,9.2,100
2022-02-10,9.2,9.2,9.2,9.2,0
2022-02-11,9.2,9.2,9.2,9.2,0
2022-02-14,9.1,9.1,9.0,9.0,1300
2022-02-15,9.0,9.0,8.9,8.9,2100
2022-02-16,9.0,9.0,8.9,8.9,600
2022-02-17,8.0,8.1,8.0,8.0,500
2022-02-18,9.0,9.0,8.0,8.0,2105
2022-02-21,9.0,9.0,8.9,8.9,500
2022-02-22,9.3,9.3,8.6,9.0,500
2022-02-23,8.1,8.9,8.1,8.9,1800
2022-02-24,8.9,8.9,8.9,8.9,100
2022-02-25,8.1,8.3,8.1,8.3,200
2022-02-28,8.7,8.8,8.6,8.6,700
2022-03-01,9.5,9.5,9.5,9.5,100
2022-03-02,9.5,9.5,9.5,9.5,0
2022-03-03,9.5,9.5,9.4,9.5,3300
2022-03-04,9.5,9.5,9.4,9.5,2500
2022-03-07,9.5,9.5,9.5,9.5,300
2022-03-08,8.7,9.4,8.7,9.3,1100
2022-03-09,10.0,10.0,9.3,9.3,5100
2022-03-10,9.5,9.9,9.5,9.7,3200
2022-03-11,8.9,8.9,8.9,8.9,2200
2022-03-14,8.9,9.7,8.6,9.1,2300
2022-03-15,8.8,9.1,8.8,9.1,1900
2022-03-16,8.9,9.5,8.9,9.5,3900
2022-03-17,9.4,9.6,8.5,8.5,4400
2022-03-18,9.0,9.0,9.0,9.0,0
2022-03-21,9.0,9.0,9.0,9.0,500
2022-03-22,8.5,8.9,8.5,8.9,300
2022-03-23,8.6,8.7,8.6,8.7,7800
2022-03-24,9.1,9.1,9.1,9.1,500
2022-03-25,8.7,8.7,8.7,8.7,1600
2022-03-28,8.8,8.8,8.7,8.7,6500
2022-03-29,8.7,9.3,8.7,9.3,1800
2022-03-30,8.7,8.7,8.7,8.7,1300
2022-03-31,8.9,9.0,8.9,9.0,300
2022-04-01,9.0,9.0,8.5,8.6,1800
2022-04-04,8.7,8.7,8.7,8.7,1
2022-04-05,8.7,8.7,8.7,8.7,100
2022-04-06,8.8,9.0,8.8,8.8,800
2022-04-07,8.3,8.4,8.3,8.4,1100
2022-04-08,8.4,8.4,8.4,8.4,0
2022-04-12,8.2,8.2,8.0,8.0,2600
2022-04-13,8.1,8.1,8.1,8.1,500
2022-04-14,8.1,8.1,8.1,8.1,300
2022-04-15,8.1,8.1,8.0,8.0,600
2022-04-18,8.0,8.3,8.0,8.0,600
2022-04-19,8.0,8.0,8.0,8.0,200
2022-04-20,8.0,8.0,8.0,8.0,400
2022-04-21,8.0,8.0,8.0,8.0,0
2022-04-22,8.3,8.3,6.9,6.9,200
2022-04-25,7.6,7.6,7.6,7.6,0
2022-04-26,7.6,7.6,7.6,7.6,0
2022-04-27,8.0,8.0,7.3,7.3,2200
2022-04-28,7.6,7.9,7.6,7.6,800
2022-04-29,6.7,8.5,6.7,8.5,7700
2022-05-04,8.5,8.7,8.5,8.7,1300
2022-05-05,8.7,8.7,8.7,8.7,0
2022-05-06,8.6,8.7,8.4,8.4,1700
2022-05-09,8.0,8.0,7.6,7.6,1500
2022-05-10,8.5,8.5,8.0,8.0,400
2022-05-11,8.1,8.1,8.1,8.1,0
2022-05-12,7.5,7.5,7.5,7.5,500
2022-05-13,7.5,7.5,7.2,7.2,7200
2022-05-16,7.3,7.3,7.2,7.2,2000
2022-05-17,7.3,7.3,7.3,7.3,0
2022-05-18,7.3,7.3,7.3,7.3,1000
2022-05-19,7.8,7.8,7.7,7.7,600
2022-05-20,7.7,7.7,7.7,7.7,0
2022-05-23,7.3,7.3,7.3,7.3,2200
2022-05-24,7.3,7.3,7.3,7.3,0
2022-05-25,7.5,7.5,7.5,7.5,100
2022-05-26,8.1,8.1,8.1,8.1,100
2022-05-27,7.4,7.4,7.4,7.4,1100
2022-05-30,7.4,7.4,7.4,7.4,0
2022-05-31,7.4,7.4,7.4,7.4,0
2022-06-01,7.4,7.4,7.4,7.4,0
2022-06-02,7.3,7.3,7.0,7.3,3300
2022-06-03,7.2,7.2,7.2,7.2,0
2022-06-06,7.9,7.9,7.9,7.9,100
2022-06-07,7.0,7.0,7.0,7.0,2000
2022-06-08,7.0,7.0,7.0,7.0,300
2022-06-09,6.9,7.4,6.8,6.8,3800
2022-06-10,6.8,6.8,6.8,6.8,1500
2022-06-13,6.8,6.8,6.8,6.8,0
2022-06-14,6.8,6.8,6.8,6.8,0
2022-06-15,6.8,6.8,6.8,6.8,0
2022-06-16,6.6,6.6,6.6,6.6,400
2022-06-17,5.9,6.4,5.9,6.4,1000
2022-06-20,6.2,6.2,6.2,6.2,0
2022-06-21,5.5,6.7,5.5,6.7,400
2022-06-22,6.4,6.4,6.4,6.4,0
2022-06-23,7.0,7.1,7.0,7.1,600
2022-06-24,7.0,7.0,7.0,7.0,0
2022-06-27,6.4,6.4,6.3,6.3,900
2022-06-28,6.4,6.4,6.4,6.4,1200
2022-06-29,6.4,6.4,6.4,6.4,0
2022-06-30,7.1,7.1,6.5,6.5,300
2022-07-01,6.7,6.7,6.7,6.7,2700
2022-07-04,6.5,6.5,6.5,6.5,600
2022-07-05,5.7,6.5,5.6,6.5,3600
2022-07-06,5.8,6.9,5.6,6.8,3400
2022-07-07,6.6,6.6,6.6,6.6,100
2022-07-08,6.2,6.2,6.2,6.2,100
2022-07-11,6.2,6.2,6.2,6.2,0
2022-07-12,6.2,6.5,6.2,6.5,4400
2022-07-13,6.9,6.9,6.9,6.9,800
2022-07-14,6.9,6.9,6.9,6.9,2600
2022-07-15,6.5,7.1,6.5,7.1,500
2022-07-18,6.9,6.9,6.9,6.9,0
2022-07-19,7.8,7.8,7.8,7.8,500
2022-07-20,7.8,7.8,7.8,7.8,0
2022-07-21,7.8,7.8,7.8,7.8,0
2022-07-22,6.8,6.8,6.8,6.8,600
2022-07-25,6.8,6.8,6.8,6.8,0
2022-07-26,6.8,6.8,6.8,6.8,0
2022-07-27,6.8,6.8,6.8,6.8,0
2022-07-28,6.8,6.8,6.8,6.8,0
2022-07-29,6.8,6.8,6.8,6.8,1000
2022-08-01,7.8,7.8,7.8,7.8,1100
2022-08-02,7.8,7.8,7.8,7.8,100
2022-08-03,7.8,7.8,7.8,7.8,0
2022-08-04,7.8,7.8,7.8,7.8,0
2022-08-05,7.8,7.8,7.8,7.8,0
2022-08-08,7.8,7.8,7.8,7.8,0
2022-08-09,6.7,7.5,6.7,7.5,400
2022-08-10,7.2,7.2,7.2,7.2,0
2022-08-11,7.2,7.2,7.2,7.2,0
2022-08-12,7.2,7.2,7.2,7.2,0
2022-08-15,7.2,7.2,7.2,7.2,0
2022-08-16,7.2,7.2,7.2,7.2,0
2022-08-17,7.2,7.2,7.2,7.2,0
2022-08-18,6.8,6.8,6.8,6.8,1300
2022-08-19,6.8,6.8,6.8,6.8,0
2022-08-22,6.8,6.8,6.8,6.8,0
2022-08-23,6.8,7.0,6.8,7.0,2700
2022-08-24,6.9,6.9,6.9,6.9,0
2022-08-25,6.7,6.7,6.7,6.7,1101
2022-08-26,6.7,6.7,6.6,6.6,700
2022-08-29,6.6,6.6,6.6,6.6,0
2022-08-30,6.1,7.1,6.1,6.6,400
2022-08-31,6.6,6.6,6.6,6.6,0
2022-09-05,6.6,6.6,6.6,6.6,600
2022-09-06,6.6,6.6,6.6,6.6,2300
2022-09-07,6.6,6.6,6.6,6.6,0
2022-09-08,6.6,6.6,6.6,6.6,0
2022-09-09,6.6,6.6,6.6,6.6,200
2022-09-12,6.6,6.6,6.6,6.6,100
2022-09-13,6.6,6.6,6.6,6.6,200
2022-09-14,6.6,6.6,6.6,6.6,400
2022-09-15,7.0,7.0,7.0,7.0,600
2022-09-16,7.0,7.0,7.0,7.0,99
2022-09-19,7.0,7.0,7.0,7.0,0
2022-09-20,7.0,7.0,7.0,7.0,24
2022-09-21,7.0,7.0,7.0,7.0,0
2022-09-22,7.0,7.0,7.0,7.0,0
2022-09-23,7.0,7.0,7.0,7.0,0
2022-09-26,7.0,7.0,7.0,7.0,0
2022-09-27,7.0,7.0,7.0,7.0,0
2022-09-28,7.0,7.0,7.0,7.0,0
2022-09-29,6.8,6.8,6.8,6.8,100
2022-09-30,6.8,6.8,6.8,6.8,0
2022-10-03,6.8,6.8,6.8,6.8,0
2022-10-04,6.8,6.8,6.8,6.8,1001
2022-10-05,6.5,6.8,6.5,6.8,1800
2022-10-06,6.7,6.7,6.7,6.7,0
2022-10-07,6.7,6.7,6.7,6.7,0
2022-10-10,6.7,6.7,6.7,6.7,0
2022-10-11,6.0,6.0,6.0,6.0,400
2022-10-12,6.0,6.0,6.0,6.0,500
2022-10-13,6.0,6.0,6.0,6.0,1000
2022-10-14,6.0,6.0,6.0,6.0,700
2022-10-17,6.0,6.0,6.0,6.0,0
2022-10-18,6.5,6.5,6.5,6.5,100
2022-10-19,6.5,6.5,6.5,6.5,0
2022-10-20,6.5,6.5,6.5,6.5,0
2022-10-21,6.4,6.4,6.4,6.4,100
2022-10-24,6.0,6.0,6.0,6.0,100
2022-10-25,6.0,6.0,6.0,6.0,1100
2022-10-26,6.5,6.5,6.4,6.4,200
2022-10-27,6.9,6.9,6.8,6.8,200
2022-10-28,7.4,7.4,7.4,7.4,100
2022-10-31,7.4,7.4,7.4,7.4,0
2022-11-01,7.4,7.4,7.4,7.4,0
2022-11-02,7.4,7.4,7.4,7.4,0
2022-11-03,7.4,7.4,7.4,7.4,0
2022-11-04,7.4,7.4,7.4,7.4,10
2022-11-07,7.4,7.4,7.4,7.4,0
2022-11-08,7.4,7.4,7.4,7.4,0
2022-11-09,7.4,7.4,7.4,7.4,0
2022-11-10,6.3,6.3,6.3,6.3,200
2022-11-11,6.3,6.3,6.3,6.3,0
2022-11-14,6.3,6.3,6.3,6.3,0
2022-11-15,6.3,6.3,6.3,6.3,0
2022-11-16,6.3,6.3,6.3,6.3,0
2022-11-17,6.4,6.4,6.4,6.4,120
2022-11-18,5.9,6.8,5.9,6.8,400
2022-11-21,6.2,6.8,6.2,6.8,300
2022-11-22,6.6,6.6,6.6,6.6,0
2022-11-23,6.6,6.6,6.6,6.6,0
2022-11-24,6.6,6.6,6.6,6.6,53
2022-11-25,6.6,6.6,6.6,6.6,0
2022-11-28,6.6,6.6,6.6,6.6,0
2022-11-29,6.6,6.6,6.6,6.6,0
2022-11-30,7.0,7.0,7.0,7.0,101
2022-12-01,7.0,7.0,7.0,7.0,400
2022-12-02,7.4,7.4,7.4,7.4,100
2022-12-05,8.1,8.1,8.1,8.1,200
2022-12-06,6.9,6.9,6.9,6.9,200
2022-12-07,6.9,6.9,6.9,6.9,0
2022-12-08,6.9,6.9,6.9,6.9,0
2022-12-09,7.4,7.4,7.4,7.4,100
2022-12-12,7.4,7.4,7.4,7.4,0
2022-12-13,7.4,7.4,7.4,7.4,0
2022-12-14,7.4,7.4,7.4,7.4,0
2022-12-15,7.4,7.4,7.4,7.4,0
2022-12-16,7.4,7.4,7.4,7.4,0
2022-12-19,7.4,7.4,7.4,7.4,0
2022-12-20,6.8,6.8,6.8,6.8,1300
2022-12-21,6.8,6.8,6.8,6.8,0
2022-12-22,6.8,6.8,6.8,6.8,100
2022-12-23,6.8,6.8,6.8,6.8,1
2022-12-26,7.0,7.0,7.0,7.0,125
2022-12-27,7.1,7.1,7.1,7.1,100
2022-12-28,8.0,8.0,8.0,8.0,100
2022-12-29,8.0,8.0,8.0,8.0,0
2022-12-30,7.9,7.9,7.9,7.9,102
2023-01-03,7.9,7.9,7.9,7.9,0
2023-01-04,7.9,7.9,7.9,7.9,0
2023-01-05,7.9,7.9,7.9,7.9,0
2023-01-06,7.9,7.9,7.9,7.9,0
2023-01-09,7.9,7.9,7.9,7.9,0
2023-01-10,7.9,7.9,7.9,7.9,0
2023-01-11,7.9,7.9,7.9,7.9,0
2023-01-12,7.9,7.9,7.9,7.9,0
2023-01-13,7.9,7.9,7.9,7.9,0
2023-01-16,7.9,7.9,7.9,7.9,0
2023-01-17,6.8,6.8,6.8,6.8,100
2023-01-18,6.9,6.9,6.9,6.9,100
2023-01-19,7.7,7.7,7.6,7.6,1200
2023-01-27,7.6,7.6,7.6,7.6,0
2023-01-30,7.4,7.4,7.4,7.4,200
2023-01-31,7.4,7.4,7.4,7.4,0
2023-02-01,7.2,7.2,7.2,7.2,100
2023-02-02,7.2,7.2,7.2,7.2,0
2023-02-03,7.2,7.2,7.2,7.2,0
2023-02-06,7.2,7.2,7.2,7.2,0
2023-02-07,7.2,7.2,7.2,7.2,0
2023-02-08,7.2,7.2,7.2,7.2,0
2023-02-09,6.3,6.3,6.2,6.3,1600
2023-02-10,6.4,7.1,6.4,7.1,300
2023-02-13,6.9,6.9,6.9,6.9,0
2023-02-14,6.9,6.9,6.9,6.9,0
2023-02-15,6.9,6.9,6.9,6.9,0
2023-02-16,6.8,6.9,6.8,6.8,300
2023-02-17,6.8,6.8,6.8,6.8,0
2023-02-20,6.8,6.8,6.8,6.8,0
2023-02-21,6.8,6.8,6.8,6.8,0
2023-02-22,6.9,6.9,6.9,6.9,100
2023-02-23,6.9,6.9,6.9,6.9,0
2023-02-24,6.9,6.9,6.9,6.9,0
2023-02-27,6.9,6.9,6.9,6.9,100
2023-02-28,6.9,6.9,6.9,6.9,0
2023-03-01,6.9,6.9,6.9,6.9,0
2023-03-02,6.9,6.9,6.9,6.9,0
2023-03-03,6.9,6.9,6.9,6.9,0
2023-03-06,5.9,6.0,5.9,6.0,700
2023-03-07,6.8,6.8,6.8,6.8,500
2023-03-08,6.8,6.8,6.8,6.8,0
2023-03-09,6.8,6.8,6.8,6.8,0
2023-03-10,6.8,6.8,6.8,6.8,0
2023-03-13,6.8,6.8,6.8,6.8,0
2023-03-14,6.8,6.8,6.8,6.8,0
2023-03-15,6.8,6.8,6.8,6.8,0
2023-03-16,7.4,7.4,7.4,7.4,100
2023-03-17,7.4,7.4,7.4,7.4,0
2023-03-20,7.4,7.4,7.4,7.4,0
2023-03-21,7.4,7.4,7.4,7.4,1
2023-03-22,7.4,7.4,7.4,7.4,0
2023-03-23,6.3,6.7,6.3,6.7,1700
2023-03-24,7.1,7.1,7.1,7.1,200
2023-03-27,7.1,7.1,7.1,7.1,0
2023-03-28,7.1,7.1,7.1,7.1,0
2023-03-29,7.1,7.1,7.1,7.1,0
2023-03-30,6.3,6.3,6.3,6.3,600
2023-03-31,6.3,6.3,6.3,6.3,500
2023-04-03,6.7,6.7,6.7,6.7,900
2023-04-04,6.6,7.0,6.6,7.0,2000
2023-04-05,7.0,7.0,7.0,7.0,0
2023-04-06,7.3,7.3,7.3,7.3,100
2023-04-07,7.3,7.3,7.3,7.3,0
2023-04-10,7.3,7.3,7.3,7.3,0
2023-04-11,6.7,6.7,6.7,6.7,300
2023-04-12,7.1,7.1,7.1,7.1,100
2023-04-13,7.1,7.1,7.1,7.1,0
2023-04-14,7.1,7.1,7.1,7.1,0
2023-04-17,7.1,7.1,7.1,7.1,0
2023-04-18,7.1,7.1,7.1,7.1,0
2023-04-19,7.1,7.1,7.1,7.1,0
2023-04-20,7.1,7.1,7.1,7.1,0
2023-04-21,7.1,7.1,7.1,7.1,0
2023-04-24,6.7,6.7,6.7,6.7,400
2023-04-25,6.7,6.7,6.7,6.7,0
2023-04-26,6.7,6.7,6.7,6.7,16
2023-04-27,6.7,6.7,6.7,6.7,0
2023-04-28,6.7,6.7,6.7,6.7,0
2023-05-04,6.2,7.1,6.2,7.1,800
2023-05-05,7.1,7.1,7.0,7.0,300
2023-05-08,6.2,6.2,6.2,6.2,200
2023-05-09,5.9,5.9,5.9,5.9,341
2023-05-10,5.9,5.9,5.9,5.9,0
2023-05-11,5.9,6.2,5.2,6.2,5200
2023-05-12,6.0,6.0,6.0,6.0,100
2023-05-15,5.4,6.2,5.4,6.2,400
2023-05-16,6.0,6.0,6.0,6.0,0
2023-05-17,6.0,6.0,6.0,6.0,1
2023-05-18,5.3,6.0,5.3,6.0,1100
2023-05-19,5.9,5.9,5.9,5.9,4000
2023-05-22,5.8,5.8,5.8,5.8,500
2023-05-23,5.8,5.8,5.8,5.8,1
2023-05-24,5.6,5.6,5.6,5.6,10000
2023-05-25,5.6,5.6,5.6,5.6,0
2023-05-26,5.6,5.6,5.6,5.6,0
2023-05-29,6.0,6.4,5.8,5.8,700
2023-05-30,6.2,6.2,6.2,6.2,0
2023-05-31,6.2,6.2,6.2,6.2,0
2023-06-01,6.1,6.1,6.1,6.1,100
2023-06-02,6.2,6.2,6.2,6.2,500
2023-06-05,6.2,6.2,6.2,6.2,0
2023-06-06,6.2,6.2,6.2,6.2,0
2023-06-07,5.3,6.6,5.3,6.0,2500
2023-06-08,6.3,6.3,6.0,6.0,600
2023-06-09,6.2,6.2,6.2,6.2,0
2023-06-12,6.0,6.1,6.0,6.0,8000
2023-06-13,6.2,6.8,6.2,6.8,17903
2023-06-14,7.1,7.1,6.6,7.0,7000
2023-06-15,7.9,7.9,7.0,7.7,801
2023-06-16,7.6,7.6,7.6,7.6,34
2023-06-19,7.6,7.6,7.6,7.6,38
2023-06-20,7.6,7.6,7.6,7.6,1
2023-06-21,8.5,8.5,8.5,8.5,202
2023-06-22,8.5,8.5,8.5,8.5,0
2023-06-23,7.5,7.5,7.5,7.5,100
2023-06-26,8.0,8.0,8.0,8.0,100
2023-06-27,8.0,8.0,8.0,8.0,1
2023-06-28,8.0,8.0,8.0,8.0,0
2023-06-29,8.0,8.0,8.0,8.0,1
2023-06-30,8.0,8.0,8.0,8.0,0
2023-07-03,8.0,8.0,8.0,8.0,0
2023-07-04,8.0,8.0,8.0,8.0,27
2023-07-05,6.8,7.6,6.8,7.6,800
2023-07-06,7.1,7.1,7.1,7.1,0
2023-07-07,7.1,7.1,7.1,7.1,0
2023-07-10,6.5,7.5,6.4,7.5,500
2023-07-11,7.0,7.0,7.0,7.0,800
2023-07-12,7.5,7.5,7.5,7.5,113
2023-07-13,7.4,7.4,7.0,7.0,3400
2023-07-14,7.6,7.6,7.6,7.6,100
2023-07-17,7.5,7.5,7.5,7.5,100
2023-07-18,7.5,7.5,7.5,7.5,0
2023-07-19,7.0,7.0,7.0,7.0,400
2023-07-20,7.0,7.0,7.0,7.0,0
2023-07-21,7.0,7.0,7.0,7.0,0
2023-07-24,7.0,7.0,7.0,7.0,1
2023-07-25,7.0,7.0,7.0,7.0,100
2023-07-26,7.0,7.0,7.0,7.0,0
2023-07-27,7.0,7.0,7.0,7.0,0
2023-07-28,7.0,7.0,7.0,7.0,7000
2023-07-31,7.0,7.0,7.0,7.0,100
2023-08-01,6.8,8.0,6.8,8.0,36800
2023-08-02,9.0,9.0,9.0,9.0,15612
2023-08-03,10.3,10.3,10.3,10.3,19200
2023-08-04,11.8,11.8,11.8,11.8,44284
2023-08-07,13.5,13.5,13.5,13.5,53801
2023-08-08,14.2,15.5,12.0,14.4,59484
2023-08-09,13.5,14.2,12.6,12.6,15601
2023-08-10,13.1,13.1,12.5,12.5,26020
2023-08-11,12.6,13.5,12.6,13.5,15001
2023-08-14,13.8,13.8,13.5,13.7,12010
2023-08-15,13.7,13.7,12.7,13.0,6203
2023-08-16,12.6,13.6,12.6,12.7,19309
2023-08-17,13.2,13.2,12.8,12.9,3001
2023-08-18,12.7,12.8,12.0,12.0,7500
2023-08-21,12.9,14.2,12.9,14.0,13701
2023-08-22,14.1,14.1,12.7,13.5,1500
2023-08-23,13.0,13.0,12.7,12.7,6000
2023-08-24,12.8,13.7,12.6,12.8,700
2023-08-25,14.0,14.0,12.8,12.8,910
2023-08-28,12.9,12.9,11.8,12.0,25303
2023-08-29,13.0,13.0,11.8,12.4,401
2023-08-30,12.6,12.7,12.6,12.7,200
2023-08-31,12.7,12.7,12.7,12.7,2
2023-09-05,11.9,12.1,11.9,11.9,11500
2023-09-06,13.2,13.2,13.0,13.0,206
2023-09-07,13.0,13.0,12.3,12.4,525
2023-09-08,12.7,12.7,12.7,12.7,0
2023-09-11,11.8,11.8,10.8,11.1,3103
2023-09-12,11.2,12.5,11.2,11.5,5000
2023-09-13,11.7,11.7,11.1,11.7,800
2023-09-14,11.6,11.6,9.9,9.9,20700
2023-09-15,10.9,10.9,10.1,10.1,2700
2023-09-18,10.0,10.0,9.5,9.5,16300
2023-09-19,10.4,10.4,9.5,9.5,1300
2023-09-20,10.0,10.1,10.0,10.1,200
2023-09-21,10.1,10.1,10.1,10.1,0
2023-09-22,10.7,10.7,10.7,10.7,100
2023-09-25,10.0,11.0,10.0,11.0,400
2023-09-26,10.8,10.8,10.8,10.8,0
2023-09-27,10.8,10.8,10.8,10.8,0
2023-09-28,11.2,11.3,10.0,11.0,1000
2023-09-29,11.0,11.0,11.0,11.0,103
2023-10-02,9.5,9.7,9.5,9.5,7000
2023-10-03,9.5,10.1,9.5,10.1,700
2023-10-04,10.6,10.6,10.5,10.5,700
2023-10-05,9.4,9.4,9.3,9.4,900
2023-10-06,10.0,10.0,9.0,9.6,6700
2023-10-09,10.3,10.3,9.2,9.3,2500
2023-10-10,9.5,9.5,9.3,9.4,2700
2023-10-11,9.8,9.8,9.0,9.0,3400
2023-10-12,9.4,9.5,8.8,8.8,3518
2023-10-13,9.2,9.6,9.2,9.6,1400
2023-10-16,9.7,10.0,9.7,10.0,3500
2023-10-17,10.4,10.7,9.7,10.5,1700
2023-10-18,9.6,10.7,9.0,10.1,1400
2023-10-19,10.2,10.2,10.0,10.0,700
2023-10-20,10.7,10.7,10.7,10.7,100
2023-10-23,9.5,9.5,9.5,9.5,1001
2023-10-24,10.1,10.1,10.1,10.1,300
2023-10-25,10.1,10.1,10.1,10.1,0
2023-10-26,9.2,9.2,9.2,9.2,202
2023-10-27,9.2,10.5,7.9,9.7,6700
2023-10-30,9.7,9.7,9.2,9.7,1500
2023-10-31,10.0,10.0,9.3,9.6,2700
2023-11-01,9.9,9.9,9.2,9.5,9500
2023-11-02,9.8,10.3,9.3,9.3,15800
2023-11-03,9.8,9.9,9.5,9.5,2800
2023-11-06,10.0,10.9,9.6,10.3,9400
2023-11-07,10.2,10.2,10.0,10.0,2800
2023-11-08,10.0,11.5,10.0,10.3,12100
2023-11-09,10.8,12.3,10.8,11.8,4700
2023-11-10,12.7,12.7,12.7,12.7,119
2023-11-13,14.0,14.0,12.8,13.1,3102
2023-11-14,15.0,15.0,13.7,13.7,5510
2023-11-15,14.2,14.4,12.5,12.5,3100
2023-11-16,13.1,13.1,13.1,13.1,2
2023-11-17,12.3,13.7,12.3,12.5,9000
2023-11-20,12.4,13.7,12.4,12.4,700
2023-11-21,12.9,12.9,12.8,12.8,5500
2023-11-22,12.8,13.4,12.8,13.4,2000
2023-11-23,13.0,13.4,12.3,12.3,4000
2023-11-24,13.0,13.0,13.0,13.0,0
2023-11-27,12.3,13.0,12.1,13.0,2000
2023-11-28,12.9,12.9,12.9,12.9,100
2023-11-29,12.0,12.8,12.0,12.0,5900
2023-11-30,12.8,12.8,12.8,12.8,500
2023-12-01,12.3,12.8,12.3,12.8,1200
2023-12-04,13.6,13.6,13.6,13.6,300
2023-12-05,13.6,13.6,13.6,13.6,0
2023-12-06,13.6,13.6,13.6,13.6,0
2023-12-07,13.6,13.6,13.6,13.6,0
2023-12-08,12.0,13.9,12.0,13.9,800
2023-12-11,13.2,13.2,13.2,13.2,7000
2023-12-12,13.2,13.2,13.2,13.2,0
2023-12-13,13.2,13.2,13.2,13.2,0
2023-12-14,13.2,13.2,13.2,13.2,0
2023-12-15,13.2,13.2,13.2,13.2,0
2023-12-18,12.1,12.9,12.1,12.9,800
2023-12-19,12.4,12.4,12.4,12.4,0
2023-12-20,12.9,12.9,12.9,12.9,200
2023-12-21,12.9,12.9,12.9,12.9,0
2023-12-22,12.9,12.9,12.9,12.9,0
2023-12-25,12.9,12.9,12.9,12.9,1
2023-12-26,12.9,12.9,11.9,12.0,11700
2023-12-27,12.9,12.9,12.1,12.8,5500
2023-12-28,12.0,12.5,11.9,12.0,5600
2023-12-29,12.4,12.4,12.4,12.4,300
2024-01-02,12.4,12.4,12.4,12.4,0
2024-01-03,12.7,12.8,12.0,12.0,2101
2024-01-04,12.0,12.1,12.0,12.1,2500
2024-01-05,11.9,12.0,11.4,11.5,6100
2024-01-08,12.5,12.5,12.5,12.5,400
2024-01-09,12.5,12.5,12.5,12.5,0
2024-01-10,11.8,11.8,11.5,11.5,6007
2024-01-11,12.3,12.3,12.3,12.3,100
2024-01-12,11.5,12.0,11.5,12.0,200
2024-01-15,13.5,13.5,13.5,13.5,100
2024-01-16,11.6,12.5,11.6,12.5,300
2024-01-17,12.2,12.2,12.2,12.2,0
2024-01-18,12.2,12.2,12.2,12.2,0
2024-01-19,12.2,12.2,12.2,12.2,0
2024-01-22,12.2,12.2,12.2,12.2,0
2024-01-23,12.2,12.2,12.2,12.2,0
2024-01-24,12.1,12.2,12.1,12.2,600
2024-01-25,12.6,12.6,12.6,12.6,100
2024-01-26,12.6,12.6,12.6,12.6,0
2024-01-29,12.6,12.6,12.6,12.6,0
2024-01-30,12.5,12.5,11.6,11.6,900
2024-01-31,12.5,14.0,12.5,14.0,53604
2024-02-01,16.0,16.0,14.5,14.5,6000
2024-02-02,14.0,14.1,13.8,14.1,9702
2024-02-05,13.5,13.9,13.1,13.9,1300
2024-02-06,13.9,13.9,13.9,13.9,100
2024-02-07,13.1,13.3,13.1,13.3,3000
2024-02-15,13.2,13.7,13.2,13.7,200
2024-02-16,13.5,13.5,13.5,13.5,17
2024-02-19,13.0,13.5,13.0,13.1,15400
2024-02-20,13.1,13.1,13.1,13.1,1200
2024-02-21,13.0,13.0,12.9,13.0,6500
2024-02-22,13.0,13.8,13.0,13.8,16000
2024-02-23,14.0,14.0,13.2,13.4,10500
2024-02-26,13.2,13.5,13.2,13.5,5100
2024-02-27,13.7,13.7,13.6,13.6,3400
2024-02-28,13.7,13.9,13.7,13.9,1300
2024-02-29,13.5,13.8,13.5,13.8,200
2024-03-01,13.8,13.9,13.7,13.7,6605
2024-03-04,13.7,13.9,13.7,13.9,3010
2024-03-05,13.8,13.8,13.8,13.8,2
2024-03-06,13.8,13.8,13.8,13.8,90
2024-03-07,13.9,13.9,13.2,13.2,2500
2024-03-08,13.2,13.2,13.2,13.2,800
2024-03-11,14.0,14.0,13.0,13.0,600
2024-03-12,13.0,13.0,13.0,13.0,289
2024-03-13,13.0,13.0,12.6,13.0,3302
2024-03-14,13.0,13.0,13.0,13.0,500
2024-03-15,13.0,13.1,13.0,13.1,1800
2024-03-18,13.2,13.2,13.2,13.2,601
2024-03-19,13.0,13.0,13.0,13.0,600
2024-03-20,13.0,13.0,13.0,13.0,0
2024-03-21,13.7,13.7,13.7,13.7,100
2024-03-22,13.7,13.7,13.7,13.7,0
2024-03-25,12.5,13.0,12.5,13.0,2000
2024-03-26,13.0,13.0,13.0,13.0,801
2024-03-27,13.0,13.0,13.0,13.0,0
2024-03-28,13.0,13.0,12.8,13.0,2800
2024-03-29,12.9,12.9,12.9,12.9,0
2024-04-01,12.6,13.4,12.3,13.0,6520
2024-04-02,12.5,12.5,12.5,12.5,0
2024-04-03,12.5,12.5,12.5,12.5,0
2024-04-04,12.5,12.5,12.5,12.5,0
2024-04-05,12.2,12.9,12.2,12.8,400
2024-04-08,12.7,12.7,12.7,12.7,0
2024-04-09,12.7,12.7,12.7,12.7,0
2024-04-10,13.4,13.4,12.2,12.2,3910
2024-04-11,12.7,12.7,12.7,12.7,100
2024-04-12,12.7,12.7,12.7,12.7,0
2024-04-15,12.0,12.0,10.8,10.8,13700
2024-04-16,11.8,11.8,11.3,11.3,700
2024-04-17,11.5,11.5,11.5,11.5,0
2024-04-19,11.5,11.5,11.5,11.5,0
2024-04-22,10.8,10.8,10.3,10.6,10000
2024-04-23,11.6,11.6,11.0,11.0,500
2024-04-24,11.4,11.4,11.4,11.4,0
2024-04-25,11.3,11.3,11.0,11.0,700
2024-04-26,11.2,11.2,11.2,11.2,0
2024-05-02,10.3,10.7,9.6,10.4,2200
2024-05-03,10.9,10.9,10.9,10.9,100
2024-05-06,10.7,10.7,10.7,10.7,1200
2024-05-07,10.6,10.7,10.5,10.5,5500
2024-05-08,10.7,10.9,10.7,10.9,20500
2024-05-09,10.8,10.8,10.8,10.8,1
2024-05-10,11.0,11.0,10.9,11.0,4800
2024-05-13,12.5,12.5,11.1,11.1,3501
2024-05-14,11.8,11.8,11.1,11.1,5100
2024-05-15,11.7,11.7,11.0,11.0,4300
2024-05-16,11.5,12.3,11.5,12.0,2200
2024-05-17,11.9,11.9,11.9,11.9,200
2024-05-20,11.5,11.5,11.5,11.5,500
2024-05-21,11.5,12.5,11.4,12.5,3300
2024-05-22,11.2,12.1,11.2,11.3,10100
2024-05-23,11.3,11.7,11.3,11.7,300
2024-05-24,11.6,11.6,11.6,11.6,1
2024-05-27,11.9,11.9,11.9,11.9,800
2024-05-28,12.0,12.1,12.0,12.0,2200
2024-05-29,12.0,12.0,12.0,12.0,1000
2024-05-30,12.4,12.4,12.4,12.4,100
2024-05-31,13.0,13.0,12.5,12.5,303
2024-06-03,11.9,11.9,11.5,11.5,700
2024-06-04,11.7,11.7,11.6,11.6,3500
2024-06-05,12.0,12.3,12.0,12.3,3007
2024-06-06,12.5,12.5,12.5,12.5,100
2024-06-07,11.5,12.6,11.5,12.6,300
2024-06-10,12.6,13.5,12.6,13.5,16800
2024-06-11,13.8,14.7,13.2,14.7,71719
2024-06-12,15.0,16.0,14.4,14.4,9700
2024-06-13,13.0,14.4,12.9,13.0,46319
2024-06-14,14.6,14.6,11.1,11.9,51400
2024-06-17,13.3,13.3,12.0,12.0,18100
2024-06-18,12.0,12.5,12.0,12.5,10800
2024-06-19,12.4,12.4,12.0,12.2,5400
2024-06-20,12.5,12.8,12.0,12.8,16700
2024-06-21,12.8,14.1,12.8,14.1,46825
2024-06-24,16.0,16.1,16.0,16.1,88952
2024-06-25,18.4,18.5,16.0,17.5,119152
2024-06-26,17.5,17.5,15.5,16.3,61250
2024-06-27,16.3,16.3,14.0,15.5,24810
2024-06-28,14.9,16.4,13.5,14.7,49000
2024-07-01,14.3,14.5,14.0,14.5,22459
2024-07-02,14.9,14.9,14.4,14.4,8810
2024-07-03,15.0,15.0,14.6,15.0,5400
2024-07-04,14.6,16.2,14.6,15.6,11500
2024-07-05,15.9,16.4,15.2,15.2,21400
2024-07-08,16.2,16.2,15.3,15.3,46700
2024-07-09,15.4,15.4,15.2,15.2,1479
2024-07-10,15.3,15.3,15.0,15.0,4200
2024-07-11,15.1,15.1,14.6,14.6,4010
2024-07-12,14.6,14.6,14.6,14.6,2821
2024-07-15,14.7,14.7,14.3,14.7,3100
2024-07-16,14.4,14.6,13.8,14.3,24727
2024-07-17,13.8,13.9,13.4,13.4,14700
2024-07-18,13.4,13.7,13.4,13.7,1100
2024-07-19,13.2,13.2,12.9,13.0,11429
2024-07-22,12.6,12.9,12.3,12.9,6000
2024-07-23,12.5,12.5,12.0,12.0,9105
2024-07-24,12.0,12.5,12.0,12.5,2200
2024-07-25,12.7,12.8,12.7,12.8,1500
2024-07-29,12.3,12.3,12.3,12.3,100
2024-07-30,12.3,12.3,12.3,12.3,3200
2024-07-31,12.3,12.3,12.2,12.3,9900
2024-08-01,12.3,12.3,12.1,12.3,9500
2024-08-02,12.2,12.2,12.1,12.1,3000
2024-08-05,12.1,12.1,11.7,11.9,4600
2024-08-06,12.0,12.0,12.0,12.0,2000
2024-08-07,13.3,13.3,13.3,13.3,100
2024-08-08,11.4,13.1,11.4,13.1,5100
2024-08-09,11.4,11.9,11.4,11.9,4900
2024-08-13,13.0,13.0,11.9,11.9,200
2024-08-14,13.0,13.0,12.1,12.2,4800
2024-08-15,10.9,11.6,10.9,11.1,4500
2024-08-16,11.9,12.9,11.4,12.8,10200
2024-08-20,12.5,12.5,12.5,12.5,1000
2024-08-21,12.5,12.9,12.5,12.9,800
2024-08-23,11.7,11.7,11.6,11.6,1100
2024-08-26,11.9,11.9,11.8,11.9,700
2024-08-27,12.1,12.1,12.1,12.1,800
2024-08-28,11.5,11.5,11.5,11.5,2000
2024-08-29,11.9,12.0,11.9,12.0,1300
2024-08-30,12.0,12.3,12.0,12.0,1300
2024-09-04,12.2,12.2,12.2,12.2,300
2024-09-06,12.2,12.2,12.2,12.2,500
2024-09-09,11.7,11.8,11.5,11.5,1300
2024-09-11,11.5,11.6,11.5,11.6,600
2024-09-12,11.6,11.6,11.6,11.6,100
2024-09-13,11.6,11.6,11.6,11.6,100
2024-09-20,11.8,11.9,11.8,11.9,1000
2024-09-25,11.8,11.8,11.8,11.8,500
2024-09-26,11.9,12.0,11.9,11.9,300
2024-09-27,11.0,11.8,11.0,11.8,2700
2024-10-01,11.8,11.9,11.8,11.9,1200
2024-10-07,11.7,11.7,11.3,11.3,1000
2024-10-08,11.4,11.4,11.4,11.4,1000
2024-10-09,11.4,11.4,11.4,11.4,700
2024-10-10,11.8,11.9,11.8,11.8,1300
2024-10-14,10.9,10.9,10.9,10.9,1000
2024-10-15,11.0,11.0,11.0,11.0,1000
2024-10-17,11.0,11.0,11.0,11.0,200
2024-10-18,10.8,10.8,10.8,10.8,3800
2024-10-22,10.6,10.8,10.6,10.8,1200
2024-10-24,11.0,11.7,11.0,11.7,700
2024-10-28,12.0,12.0,12.0,12.0,500
2024-10-30,10.5,10.6,10.5,10.6,1400
2024-10-31,11.4,12.1,11.4,12.1,13700
2024-11-05,13.7,13.7,13.7,13.7,700
2024-11-19,11.3,11.4,11.3,11.4,1800
2024-11-20,11.4,11.4,11.4,11.4,500
2024-11-21,11.6,11.6,11.6,11.6,100
2024-11-22,11.6,11.6,11.6,11.6,800
2024-11-26,11.6,11.9,11.6,11.9,200
2024-12-02,10.8,11.1,10.8,10.9,2300
2024-12-05,12.0,12.0,12.0,12.0,100
2024-12-10,12.0,12.0,12.0,12.0,100
2024-12-12,11.5,11.8,11.5,11.8,1600
2024-12-13,11.7,11.7,11.7,11.7,5000
2024-12-16,11.8,11.8,11.8,11.8,2000
2024-12-17,11.8,11.8,11.8,11.8,500
2024-12-19,11.8,11.8,11.8,11.8,1500
2024-12-23,12.7,12.7,12.7,12.7,100
2024-12-25,11.1,12.6,11.1,11.5,2000
2024-12-26,11.3,11.3,11.3,11.3,1400
2024-12-27,12.6,12.6,12.6,12.6,100
2024-12-30,10.8,11.3,10.8,11.3,4100
2025-01-02,11.3,12.4,11.3,12.4,9000
2025-01-03,12.3,12.7,12.3,12.4,9800
2025-01-06,12.4,12.4,12.3,12.3,1200
2025-01-07,13.1,13.2,13.1,13.2,1800
2025-01-08,13.2,13.2,12.9,13.1,4100
2025-01-09,13.1,13.1,13.1,13.1,200
2025-01-10,13.1,13.1,13.0,13.0,2200
2025-01-13,12.9,12.9,12.9,12.9,200
2025-01-14,12.9,12.9,12.9,12.9,400
2025-01-15,12.8,12.8,12.6,12.6,1300
2025-01-16,12.6,12.6,12.6,12.6,500
2025-01-17,12.6,13.2,12.6,13.2,2200
2025-01-20,12.7,12.7,12.7,12.7,2000
2025-01-21,12.5,12.6,12.5,12.6,2100
2025-01-23,13.5,13.5,13.5,13.5,100
2025-01-24,12.8,13.2,12.8,13.2,1100
2025-02-04,12.7,12.7,12.7,12.7,1000
2025-02-05,12.6,12.6,12.3,12.3,9500
2025-02-06,11.1,11.5,11.1,11.5,10000
2025-02-07,11.3,11.4,11.3,11.3,9000
2025-02-10,11.3,12.2,11.3,12.2,1000
2025-02-11,12.0,12.0,11.9,11.9,300
2025-02-12,11.7,11.7,11.2,11.2,6200
2025-02-13,12.0,12.0,11.8,11.8,1100
2025-02-17,11.7,11.7,11.5,11.6,2200
2025-02-18,11.8,11.8,11.5,11.6,2000
2025-02-19,11.9,11.9,11.9,11.9,100
2025-02-20,12.1,12.1,12.0,12.0,2200
2025-02-21,11.4,11.4,11.4,11.4,1700
2025-02-24,11.5,11.5,11.5,11.5,2700
2025-02-25,11.5,11.5,11.5,11.5,1300
2025-02-26,11.8,11.8,11.8,11.8,100
2025-02-27,11.9,12.6,11.9,12.6,600
2025-03-03,11.5,12.3,11.3,12.3,14500
2025-03-05,11.5,11.5,11.5,11.5,1600
2025-03-06,11.5,11.5,11.5,11.5,1000
2025-03-07,11.5,12.0,11.5,12.0,1700
2025-03-14,11.9,11.9,11.9,11.9,100
2025-03-18,11.4,11.5,11.4,11.5,8600
2025-03-19,11.5,11.5,11.5,11.5,2300
2025-03-21,11.5,11.5,11.5,11.5,1000
2025-03-26,11.5,11.5,11.5,11.5,1100
2025-03-28,11.5,11.5,11.3,11.3,4600
2025-04-02,11.4,11.4,11.3,11.3,1100
2025-04-03,11.3,11.3,10.5,11.3,5300
2025-04-04,11.8,11.8,11.8,11.8,100
2025-04-09,10.5,12.0,10.5,12.0,4300
2025-04-10,12.0,12.0,12.0,12.0,2500
2025-04-11,12.0,12.0,12.0,12.0,100
2025-04-14,11.8,11.8,11.8,11.8,100
2025-04-18,10.8,11.7,10.8,11.7,1100
2025-04-21,10.9,11.0,10.5,11.0,10200
2025-04-22,11.7,11.7,11.7,11.7,100
2025-05-05,11.7,11.7,11.7,11.7,200
2025-05-06,11.3,11.3,11.3,11.3,800
2025-05-07,11.3,11.3,11.3,11.3,400
2025-05-08,11.3,11.3,11.3,11.3,100
2025-05-09,11.0,11.7,11.0,11.7,200
2025-05-12,11.9,11.9,11.9,11.9,100
2025-05-13,11.1,11.1,11.1,11.1,500
2025-05-14,11.6,11.6,11.6,11.6,100
2025-05-27,11.5,13.0,11.5,13.0,2700
2025-06-02,10.2,11.0,10.2,10.8,2700
2025-06-03,10.6,10.6,10.6,10.6,100
2025-06-09,11.9,11.9,11.9,11.9,100
2025-06-18,11.0,11.0,11.0,11.0,100
2025-06-19,11.0,11.0,10.9,10.9,800
2025-07-02,11.9,11.9,11.9,11.9,100
2025-07-09,10.6,11.8,10.5,11.8,26000
2025-07-10,11.8,11.8,11.5,11.8,12100
2025-07-11,11.8,11.8,10.7,10.8,12500
2025-07-14,11.0,11.5,10.9,10.9,5700
2025-07-15,11.1,11.1,11.1,11.1,2000
2025-07-16,11.1,11.1,11.0,11.0,2000
2025-07-17,11.0,11.6,10.9,11.6,1600
2025-07-18,11.0,11.0,11.0,11.0,2800
2025-07-21,11.7,11.7,11.7,11.7,100
2025-07-22,11.6,11.6,11.6,11.6,600
2025-07-24,11.5,11.5,11.5,11.5,500
2025-07-25,11.5,11.5,11.5,11.5,100
2025-07-29,11.4,11.5,11.4,11.5,1100
2025-07-30,11.5,11.5,11.5,11.5,900
2025-07-31,11.5,11.5,11.5,11.5,5900
2025-08-01,11.5,11.5,11.5,11.5,7900
2025-08-04,12.0,12.3,11.7,12.3,3400
2025-08-05,12.1,12.1,12.1,12.1,100
2025-08-11,11.7,11.7,11.5,11.5,6200
2025-08-12,11.5,11.5,11.5,11.5,1800
2025-08-13,11.5,11.5,11.5,11.5,500
2025-08-14,11.5,12.0,11.5,12.0,20100
2025-08-15,11.5,11.9,11.5,11.9,3000
2025-08-18,11.6,11.6,11.6,11.6,400
2025-08-19,11.7,11.9,11.5,11.8,4600
2025-08-21,11.7,11.7,11.7,11.7,200
2025-08-25,11.9,12.5,11.9,12.5,700
2025-08-28,11.2,11.2,11.2,11.2,1200
2025-08-29,12.1,12.1,12.1,12.1,200
2025-09-03,11.2,11.2,11.0,11.0,3600
2025-09-04,11.8,11.8,11.8,11.8,100
2025-09-05,11.1,11.1,11.1,11.1,400
2025-09-08,11.2,11.2,11.2,11.2,300
2025-09-12,11.4,11.4,11.4,11.4,300
2025-09-15,11.4,11.5,11.4,11.5,1200
2025-09-22,11.4,11.4,11.4,11.4,500
2025-09-23,11.3,11.3,11.3,11.3,500
2025-09-25,11.4,11.5,11.4,11.5,3900
2025-10-03,11.4,11.4,11.4,11.4,500
2025-10-08,11.4,11.4,11.4,11.4,200
2025-10-10,12.4,12.4,12.4,12.4,100
