time,open,high,low,close,volume
2005-01-08,6.81,6.81,6.81,6.81,0
2005-02-11,7.53,7.53,7.53,7.53,1000
2005-02-12,7.53,7.53,7.53,7.53,0
2005-03-08,6.17,6.83,6.83,6.83,0
2005-03-10,7.15,7.15,7.15,7.15,0
2005-04-11,7.53,7.53,7.53,7.53,2000
2005-05-08,7.53,7.34,7.34,7.34,0
2005-05-09,6.1,6.44,6.44,6.44,0
2005-05-10,6.44,6.44,6.44,6.44,0
2005-05-12,6.44,6.44,6.44,6.44,0
2005-07-09,6.78,6.78,6.78,6.78,0
2005-07-10,6.78,6.78,6.78,6.78,0
2005-07-11,7.53,7.53,7.53,7.53,18300
2005-07-12,7.53,7.53,7.53,7.53,0
2005-07-14,8.47,8.43,8.43,8.43,0
2005-07-18,8.47,8.32,8.32,8.32,0
2005-07-20,7.91,7.91,7.91,7.91,0
2005-07-22,7.91,7.91,7.91,7.91,0
2005-07-25,7.12,7.19,7.19,7.19,0
2005-07-27,6.48,7.49,7.49,7.49,0
2005-07-29,7.49,7.49,7.49,7.49,0
2005-08-08,7.53,7.53,7.53,7.53,0
2005-08-15,7.15,7.15,7.15,7.15,0
2005-08-17,7.15,7.15,7.15,7.15,0
2005-08-19,7.15,7.15,7.15,7.15,0
2005-08-22,6.44,6.44,6.44,6.44,0
2005-08-24,5.8,6.44,6.44,6.44,0
2005-08-26,5.8,6.44,6.44,6.44,0
2005-08-29,5.8,6.44,6.44,6.44,0
2005-08-31,6.97,6.78,6.78,6.78,0
2005-09-09,6.97,6.97,6.97,6.97,0
2005-09-11,6.97,6.97,6.97,6.97,0
2005-09-12,6.29,6.7,6.7,6.7,0
2005-09-14,6.7,6.7,6.7,6.7,0
2005-09-16,6.81,6.81,6.81,6.81,0
2005-09-19,6.81,6.81,6.81,6.81,0
2005-09-21,6.97,6.97,6.97,6.97,0
2005-09-23,7.12,7.12,7.12,7.12,0
2005-09-26,6.78,7.15,7.15,7.15,0
2005-09-28,7.15,7.15,7.15,7.15,0
2005-09-30,7.3,7.3,7.3,7.3,0
2005-10-08,7.15,7.36,7.36,7.36,0
2005-10-10,7.15,7.15,7.15,7.15,0
2005-10-14,7.34,7.34,7.34,7.34,0
2005-10-17,7.34,7.34,7.34,7.34,0
2005-10-19,7.34,7.34,7.34,7.34,0
2005-10-21,7.34,7.34,7.34,7.34,0
2005-10-24,7.34,7.34,7.34,7.34,0
2005-10-26,7.34,7.34,7.34,7.34,0
2005-10-28,7.53,7.53,7.53,7.53,0
2005-10-31,7.53,7.53,7.53,7.53,0
2005-11-11,7.53,7.53,7.53,7.53,0
2005-11-14,7.53,7.53,7.53,7.53,0
2005-11-16,7.53,7.53,7.53,7.53,2500
2005-11-18,7.53,7.53,7.53,7.53,0
2005-11-21,7.53,7.53,7.53,7.53,6100
2005-11-23,7.53,7.53,7.53,7.53,0
2005-11-25,7.53,7.53,7.53,7.53,0
2005-11-28,7.53,7.53,7.53,7.53,0
2005-11-30,7.53,7.53,7.53,7.53,5200
2005-12-08,7.53,7.53,7.53,7.53,0
2005-12-09,7.53,7.53,7.53,7.53,0
2005-12-10,7.53,7.53,7.53,7.53,0
2005-12-12,7.53,7.53,7.53,7.53,0
2005-12-14,7.53,7.53,7.53,7.53,0
2005-12-16,7.53,7.53,7.53,7.53,0
2005-12-19,7.53,7.53,7.53,7.53,0
2005-12-21,7.53,7.53,7.53,7.53,0
2005-12-23,7.53,7.53,7.53,7.53,0
2005-12-26,7.34,7.34,7.34,7.34,2000
2005-12-28,7.34,7.34,7.34,7.34,0
2005-12-30,7.34,7.34,7.34,7.34,0
2006-01-04,7.34,7.34,7.34,7.34,0
2006-01-06,7.34,7.34,7.34,7.34,0
2006-01-09,7.34,7.34,7.34,7.34,0
2006-01-11,7.34,7.34,7.34,7.34,0
2006-01-13,7.34,7.34,7.34,7.34,0
2006-01-16,7.34,7.34,7.34,7.34,0
2006-01-18,7.34,7.34,7.34,7.34,0
2006-01-20,6.97,6.97,6.97,7.34,2000
2006-01-23,7.34,7.34,7.34,7.34,0
2006-01-25,7.34,7.34,7.34,7.34,0
2006-01-27,7.34,7.34,7.34,7.34,0
2006-02-06,7.04,7.04,7.04,7.34,2000
2006-02-08,7.34,7.34,7.34,7.34,0
2006-02-10,7.34,7.34,7.34,7.34,0
2006-02-13,7.34,7.34,7.34,7.34,0
2006-02-15,7.34,7.34,7.34,7.34,0
2006-02-17,7.34,7.34,7.34,7.34,0
2006-02-20,7.34,7.34,7.34,7.34,0
2006-02-22,7.34,7.34,7.34,7.34,0
2006-02-24,7.34,7.34,7.34,7.34,0
2006-02-27,7.15,7.15,7.15,7.34,400
2006-03-01,7.87,7.87,7.87,7.34,100
2006-03-03,8.09,8.09,8.09,7.34,5000
2006-03-06,8.28,8.66,8.28,7.34,1700
2006-03-08,8.09,8.66,8.09,7.34,2700
2006-03-10,8.66,8.66,8.66,7.34,1800
2006-03-13,7.34,7.34,7.34,7.34,0
2006-03-15,8.66,9.53,8.66,7.34,200
2006-03-17,9.04,9.04,9.04,7.34,200
2006-03-20,9.79,9.79,9.79,7.34,1000
2006-03-22,10.54,10.54,10.54,7.34,100
2006-03-24,10.92,10.92,10.73,7.34,400
2006-03-27,10.73,10.92,10.73,7.34,4000
2006-03-29,10.88,11.48,10.88,7.34,12300
2006-03-31,11.67,12.42,11.67,7.34,7000
2006-04-01,7.34,7.34,7.34,7.34,0
2006-04-03,12.88,12.88,12.8,7.34,2900
2006-04-05,12.84,12.84,12.84,7.34,1000
2006-04-07,12.84,12.84,12.69,7.34,14300
2006-04-10,7.34,7.34,7.34,7.34,0
2006-04-12,12.42,12.42,12.42,7.34,200
2006-04-14,12.05,12.42,11.29,7.34,4900
2006-04-17,11.67,12.42,11.29,7.34,12800
2006-04-19,12.05,12.42,12.05,7.34,16400
2006-04-21,12.8,13.4,12.61,7.34,16200
2006-04-24,12.8,14.27,12.8,7.34,2800
2006-04-26,14.38,14.91,14.38,7.34,5700
2006-04-28,15.25,15.25,13.18,7.34,9400
2006-05-03,14.5,14.5,14.04,7.34,12400
2006-05-05,15.44,15.44,14.34,7.34,9400
2006-05-08,14.61,15.06,14.27,7.34,9200
2006-05-10,13.21,13.21,13.21,7.34,6700
2006-05-12,14.31,14.31,14.27,7.34,6100
2006-05-15,12.88,15.06,12.88,7.34,7600
2006-05-17,13.18,13.18,13.14,7.34,2400
2006-05-19,13.14,13.14,12.99,7.34,200
2006-05-22,13.06,13.06,11.78,7.34,3300
2006-05-24,12.05,12.42,11.67,7.34,900
2006-05-26,11.56,11.56,11.11,11.52,1800
2006-05-29,10.73,11.29,10.73,11.07,800
2006-05-31,10.73,10.73,10.73,10.73,500
2006-06-01,10.35,10.73,9.68,9.98,1000
2006-06-02,10.73,10.92,10.73,10.92,200
2006-06-05,10.92,10.92,10.92,10.92,0
2006-06-06,11.67,11.67,11.67,11.67,200
2006-06-07,11.97,11.97,11.29,11.29,200
2006-06-08,10.92,10.92,10.92,11.29,200
2006-06-09,10.92,10.92,10.92,10.92,0
2006-06-12,11.67,11.67,10.17,10.17,3200
2006-06-13,10.17,10.17,10.17,10.17,0
2006-06-14,10.17,10.17,10.17,10.17,0
2006-06-15,10.73,10.92,10.73,10.92,1300
2006-06-16,10.73,10.92,10.73,10.92,1300
2006-06-19,10.54,10.54,10.54,10.54,5000
2006-06-20,10.47,10.47,10.32,10.39,3300
2006-06-21,10.17,10.17,9.98,9.98,1500
2006-06-22,9.98,10.47,9.98,10.47,3700
2006-06-23,10.35,10.35,10.17,10.17,2700
2006-06-26,10.24,10.24,9.86,9.86,400
2006-06-27,10.01,10.01,9.98,9.98,8200
2006-06-28,9.98,9.98,9.98,9.98,7100
2006-06-29,10.01,10.17,9.98,9.98,4300
2006-06-30,9.98,10.01,9.94,9.98,10600
2006-07-03,9.98,9.98,9.9,9.94,400
2006-07-04,9.98,9.98,9.9,9.94,4100
2006-07-05,9.94,9.94,9.79,9.94,17000
2006-07-06,9.94,9.94,9.94,9.94,0
2006-07-07,9.98,9.98,9.98,9.98,500
2006-07-10,9.98,9.98,9.98,9.98,100
2006-07-11,9.98,9.98,9.98,9.98,0
2006-07-12,9.98,9.98,9.98,9.98,0
2006-07-13,9.75,9.75,9.75,9.75,1900
2006-07-14,9.75,9.75,9.75,9.75,1900
2006-07-17,9.56,9.56,9.56,9.56,500
2006-07-18,9.56,9.56,9.45,9.56,9000
2006-07-19,9.41,9.41,9.11,9.26,3200
2006-07-20,9.34,9.41,9.34,9.41,5400
2006-07-21,9.11,9.11,9.11,9.11,400
2006-07-24,8.66,8.66,8.28,8.28,1200
2006-07-25,7.79,7.79,7.76,7.76,6000
2006-07-26,7.42,7.79,7.42,7.68,3800
2006-07-27,7.68,7.91,7.68,7.68,700
2006-07-28,7.72,7.72,7.72,7.72,800
2006-07-31,7.72,7.72,7.72,7.72,500
2006-08-01,7.34,7.34,7.34,7.34,800
2006-08-02,7.19,7.34,7.15,7.15,1100
2006-08-03,7.64,7.64,7.64,7.64,600
2006-08-04,7.64,7.72,7.64,7.72,6400
2006-08-07,7.72,7.72,7.72,7.72,0
2006-08-08,7.64,7.72,7.64,7.72,7200
2006-08-09,7.72,7.72,7.72,7.72,0
2006-08-10,7.83,7.91,7.83,7.91,3600
2006-08-11,8.28,8.28,8.28,8.28,100
2006-08-14,9.04,9.04,8.28,9.04,1200
2006-08-15,9.04,9.04,8.28,8.47,3600
2006-08-16,8.47,8.47,8.28,8.28,2100
2006-08-17,8.66,9.0,8.66,9.0,3300
2006-08-18,8.7,8.7,8.7,8.7,300
2006-08-21,8.7,8.7,8.7,8.7,5900
2006-08-22,8.7,8.7,8.7,8.7,0
2006-08-23,8.66,8.7,8.66,8.7,1500
2006-08-24,8.58,8.58,8.58,8.58,100
2006-08-25,8.47,8.66,8.47,8.66,6000
2006-08-28,7.91,7.91,7.91,7.91,100
2006-08-29,7.91,7.91,7.91,7.91,0
2006-08-30,8.47,8.7,8.47,8.7,8300
2006-08-31,8.66,8.66,8.66,8.66,1000
2006-09-01,8.7,8.7,8.7,8.7,100
2006-09-05,9.04,9.04,9.04,9.04,1000
2006-09-06,9.04,9.04,9.04,9.04,0
2006-09-07,8.85,8.85,8.66,8.66,1700
2006-09-08,8.77,8.85,8.77,8.77,5900
2006-09-11,8.77,8.77,8.77,8.77,0
2006-09-12,8.66,8.77,8.66,8.77,1000
2006-09-13,8.73,8.73,8.66,8.73,1100
2006-09-14,8.7,8.7,8.7,8.7,2100
2006-09-15,8.62,8.66,8.47,8.47,3100
2006-09-18,8.47,8.47,8.47,8.47,0
2006-09-19,8.28,8.58,8.28,8.58,200
2006-09-20,8.58,8.58,8.58,8.58,0
2006-09-21,8.47,8.47,8.47,8.47,100
2006-09-22,8.47,8.66,8.47,8.66,1100
2006-09-25,8.47,8.47,8.47,8.47,100
2006-09-26,8.47,8.47,8.28,8.28,600
2006-09-27,8.66,8.66,8.66,8.66,100
2006-09-28,8.62,8.62,8.62,8.62,100
2006-09-29,8.47,8.47,8.47,8.47,100
2006-10-02,8.47,8.47,8.47,8.47,0
2006-10-03,8.47,8.47,8.47,8.47,0
2006-10-04,8.51,8.51,8.4,8.4,900
2006-10-05,8.4,8.4,8.4,8.4,0
2006-10-06,8.43,8.43,8.28,8.28,700
2006-10-09,8.28,8.28,8.28,8.28,0
2006-10-10,8.32,8.32,8.32,8.32,600
2006-10-11,8.25,8.25,8.25,8.25,200
2006-10-12,8.13,8.13,8.13,8.13,600
2006-10-13,8.06,8.06,7.94,7.94,1700
2006-10-16,7.94,7.94,7.94,7.94,400
2006-10-17,7.94,7.94,7.94,7.94,0
2006-10-18,7.94,7.94,7.94,7.94,0
2006-10-19,7.91,7.91,7.91,7.91,1000
2006-10-20,7.91,7.91,7.91,7.91,0
2006-10-23,7.91,7.91,7.91,7.91,0
2006-10-24,7.91,7.91,7.91,7.91,0
2006-10-25,7.91,7.91,7.91,7.91,0
2006-10-26,8.09,8.09,7.91,7.91,4100
2006-10-27,7.91,7.91,7.76,7.76,4600
2006-10-30,7.76,7.76,7.76,7.76,0
2006-10-31,7.76,7.76,7.76,7.76,0
2006-11-01,7.76,7.76,7.76,7.76,0
2006-11-02,7.79,7.79,7.79,7.79,500
2006-11-03,7.79,7.79,7.79,7.79,0
2006-11-06,7.79,7.79,7.79,7.79,0
2006-11-07,7.79,7.91,7.79,7.91,1800
2006-11-08,7.98,7.98,7.91,7.91,4100
2006-11-09,7.91,7.91,7.91,7.91,1000
2006-11-10,7.91,7.91,7.91,7.91,2000
2006-11-13,7.91,7.91,7.91,7.91,2800
2006-11-14,7.91,7.91,7.91,7.91,1600
2006-11-15,7.91,7.91,7.91,7.91,1000
2006-11-16,7.91,7.91,7.91,7.91,0
2006-11-17,7.91,7.91,7.72,7.72,4000
2006-11-20,7.91,7.91,7.72,7.72,300
2006-11-21,7.72,7.72,7.72,7.72,0
2006-11-22,7.72,7.72,7.53,7.53,3400
2006-11-23,7.91,7.91,7.91,7.91,2000
2006-11-24,8.66,8.66,7.91,8.09,5900
2006-11-27,8.09,8.09,8.09,8.09,0
2006-11-28,8.36,8.36,8.36,8.36,100
2006-11-29,7.91,7.91,7.91,7.91,100
2006-11-30,7.91,7.91,7.91,7.91,1000
2006-12-01,8.25,8.25,8.09,8.09,1100
2006-12-04,8.09,8.09,8.09,8.09,200
2006-12-05,8.25,8.28,8.09,8.09,700
2006-12-06,8.09,8.09,8.09,8.09,0
2006-12-07,8.09,8.09,8.09,8.09,0
2006-12-08,8.28,8.28,8.09,8.28,1200
2006-12-11,8.28,8.28,8.28,8.28,0
2006-12-12,7.53,8.36,7.53,8.36,600
2006-12-13,8.28,8.28,8.28,8.28,100
2006-12-14,8.28,8.28,8.28,8.28,0
2006-12-15,8.09,8.09,8.09,8.28,1100
2006-12-18,8.28,8.28,8.28,8.28,0
2006-12-19,8.02,8.02,8.02,8.28,400
2006-12-20,8.13,8.13,8.13,8.13,100
2006-12-21,8.13,8.13,8.13,8.13,200
2006-12-22,8.09,8.09,8.09,8.09,500
2006-12-25,7.3,8.09,7.3,8.09,1200
2006-12-26,8.09,8.09,8.09,8.09,3400
2006-12-27,8.28,8.28,8.09,8.09,600
2006-12-28,8.09,8.28,8.09,8.09,7500
2006-12-29,8.66,8.66,8.09,8.21,2200
2007-01-02,8.21,8.21,8.21,8.21,1000
2007-01-03,8.09,8.09,8.09,8.09,2100
2007-01-04,8.47,8.89,8.47,8.89,5900
2007-01-05,9.22,9.71,9.22,9.71,5400
2007-01-08,10.58,10.58,10.58,10.58,7800
2007-01-09,11.63,11.63,10.58,10.58,15000
2007-01-10,12.24,12.73,11.67,12.01,12100
2007-01-11,12.35,12.99,11.29,12.99,6100
2007-01-12,12.01,12.01,10.92,11.48,2100
2007-01-15,11.29,11.29,11.11,11.11,2600
2007-01-16,10.92,10.92,10.92,10.92,1200
2007-01-17,12.01,12.01,10.92,10.92,3100
2007-01-18,11.29,11.29,10.54,10.54,1900
2007-01-19,10.92,10.92,10.54,10.54,1900
2007-01-22,10.92,10.92,10.92,10.54,1000
2007-01-23,10.17,10.92,10.17,10.54,22000
2007-01-24,10.92,10.96,10.92,10.92,10200
2007-01-25,10.92,10.92,10.47,10.73,5500
2007-01-26,9.64,9.98,9.64,9.98,5700
2007-01-29,10.58,10.58,9.83,9.83,200
2007-01-30,10.54,10.54,10.54,10.54,600
2007-01-31,10.92,11.11,10.73,11.11,7700
2007-02-01,11.37,11.67,11.37,11.67,4300
2007-02-02,11.29,11.29,11.29,11.29,4000
2007-02-05,10.92,11.48,10.92,10.92,4400
2007-02-06,12.05,12.05,10.92,10.92,9400
2007-02-07,11.11,11.11,10.99,10.99,5500
2007-02-08,10.92,12.09,10.92,12.05,17600
2007-02-09,12.8,13.06,12.42,12.5,33700
2007-02-12,12.42,12.8,12.05,12.42,17400
2007-02-13,12.61,12.61,11.29,12.42,5300
2007-02-14,12.05,12.05,11.67,11.67,26100
2007-02-15,12.05,12.8,12.05,12.8,15400
2007-02-26,13.18,13.4,12.42,13.4,13800
2007-02-27,14.53,14.53,14.53,14.53,16500
2007-02-28,15.96,15.96,15.06,15.96,35100
2007-03-01,17.02,17.02,15.06,16.19,38400
2007-03-02,16.38,16.38,15.06,16.19,6700
2007-03-05,15.25,15.81,14.87,15.62,14100
2007-03-06,15.44,16.72,15.25,16.57,39400
2007-03-07,17.66,17.66,17.66,17.66,19100
2007-03-08,19.39,19.39,19.39,19.39,25200
2007-03-09,21.31,21.31,21.31,21.31,7200
2007-03-12,23.42,23.42,23.42,23.42,13200
2007-03-13,25.75,25.75,21.08,23.34,71800
2007-03-14,23.72,23.72,22.18,23.34,31000
2007-03-15,20.1,20.1,20.1,20.1,2000
2007-03-16,18.45,21.84,18.11,21.08,29000
2007-03-19,20.59,20.59,19.95,20.59,28400
2007-03-20,22.48,22.48,20.44,20.71,19900
2007-03-21,21.84,21.84,19.2,19.39,18500
2007-03-22,19.2,19.2,17.92,17.92,29400
2007-03-23,18.82,18.82,17.7,18.07,22300
2007-03-26,18.45,18.82,16.53,18.07,10900
2007-03-27,15.17,15.44,15.17,18.07,20600
2007-03-28,15.06,16.72,13.93,16.72,10800
2007-03-29,16.68,16.68,16.68,16.68,11200
2007-03-30,18.34,18.34,18.34,16.68,5800
2007-04-02,19.58,20.14,16.53,16.53,16900
2007-04-03,17.13,17.13,17.13,17.13,6500
2007-04-04,16.19,18.82,16.19,18.82,35200
2007-04-05,17.32,17.7,17.13,17.28,4500
2007-04-06,16.9,16.94,16.9,16.94,4000
2007-04-09,18.45,18.45,18.37,18.45,600
2007-04-10,16.94,16.94,16.94,16.94,4800
2007-04-11,17.13,17.13,16.94,16.94,6000
2007-04-12,16.94,16.94,15.44,15.44,13600
2007-04-13,15.06,15.81,15.06,15.81,3600
2007-04-16,15.06,15.21,13.7,13.7,5100
2007-04-17,13.18,13.37,13.18,13.25,7900
2007-04-18,14.53,14.53,14.53,14.53,4100
2007-04-19,15.96,15.96,15.25,15.44,6400
2007-04-20,15.06,15.81,15.02,15.06,1100
2007-04-23,14.83,14.83,14.83,14.83,500
2007-04-24,13.74,14.12,13.55,14.08,3300
2007-04-25,13.89,13.93,13.67,13.67,2000
2007-05-02,13.55,13.93,13.18,13.18,4200
2007-05-03,13.18,13.37,13.18,13.37,11000
2007-05-04,13.37,13.37,13.21,13.21,2000
2007-05-07,13.55,14.31,13.55,14.31,200
2007-05-08,14.31,14.61,13.93,14.12,6500
2007-05-09,14.12,14.12,14.04,14.04,4300
2007-05-10,13.37,14.01,13.37,14.01,2400
2007-05-11,13.37,13.67,13.37,13.67,1100
2007-05-14,14.68,14.68,14.68,14.68,5500
2007-05-15,15.44,15.44,14.65,14.68,11300
2007-05-16,15.25,15.62,13.93,13.93,9400
2007-05-17,15.25,15.25,14.23,14.31,13800
2007-05-18,14.31,14.5,14.12,14.31,22700
2007-05-21,14.31,14.31,14.31,14.31,100
2007-05-22,14.12,14.5,14.12,14.12,8400
2007-05-23,14.19,14.19,13.74,13.74,1900
2007-05-24,15.25,15.25,13.55,13.55,9800
2007-05-25,14.12,14.12,13.74,13.93,26800
2007-05-28,13.29,14.12,13.25,13.37,18200
2007-05-29,13.33,13.55,13.18,13.55,20700
2007-05-30,12.42,13.74,12.42,13.55,14000
2007-05-31,13.18,13.7,13.18,13.7,7900
2007-06-01,13.63,13.63,13.37,13.55,8200
2007-06-04,13.59,13.59,13.4,13.4,2800
2007-06-05,13.44,13.44,12.42,13.18,11800
2007-06-06,13.18,13.21,13.06,13.18,15200
2007-06-07,13.25,13.37,13.18,13.18,8900
2007-06-08,13.18,13.37,13.18,13.25,7900
2007-06-11,13.18,13.93,13.18,13.93,6300
2007-06-12,13.21,13.7,13.21,13.7,3600
2007-06-13,13.52,13.55,13.37,13.55,7200
2007-06-14,13.37,13.55,13.18,13.55,7600
2007-06-15,13.18,13.55,13.18,13.18,7100
2007-06-18,13.48,14.12,13.18,13.29,10200
2007-06-19,13.93,13.93,13.55,13.55,700
2007-06-20,13.18,13.59,13.18,13.4,7700
2007-06-21,13.18,13.18,12.99,12.99,1200
2007-06-22,12.8,12.99,12.8,12.99,3200
2007-06-25,13.18,13.18,12.42,13.14,1500
2007-06-26,12.42,13.44,12.42,13.44,700
2007-06-27,12.8,13.18,12.8,13.18,1500
2007-06-28,12.42,12.73,12.42,12.73,700
2007-06-29,12.8,12.8,11.67,11.67,6000
2007-07-02,12.05,12.05,12.05,12.05,2000
2007-07-03,11.29,11.67,10.92,11.67,2200
2007-07-04,11.29,12.42,11.29,12.39,1200
2007-07-05,11.67,11.67,11.67,11.67,200
2007-07-06,11.29,11.29,11.29,11.29,600
2007-07-09,11.29,11.29,11.29,11.29,700
2007-07-10,11.29,11.29,11.29,11.29,1400
2007-07-11,11.67,11.67,11.67,11.67,5600
2007-07-12,11.67,11.67,11.67,11.67,1000
2007-07-13,11.67,11.67,11.67,11.67,3200
2007-07-16,10.54,12.05,10.54,11.67,5600
2007-07-17,11.29,12.05,11.29,12.01,2900
2007-07-18,10.54,12.05,10.54,12.05,6200
2007-07-19,12.05,12.8,12.05,11.86,3600
2007-07-20,12.42,12.42,12.42,12.42,0
2007-07-23,11.67,12.42,11.67,12.24,5600
2007-07-24,12.05,12.42,12.05,12.35,4500
2007-07-25,12.42,12.42,12.42,12.27,5900
2007-07-26,12.05,12.42,12.05,12.24,10100
2007-07-27,12.05,12.42,12.05,12.42,20400
2007-07-30,12.05,12.42,12.05,12.05,18800
2007-07-31,12.05,12.05,12.05,11.86,9000
2007-08-01,12.05,12.42,12.05,12.24,2000
2007-08-02,12.05,12.42,12.05,12.24,5200
2007-08-03,12.05,12.05,12.05,12.12,4100
2007-08-06,11.29,12.05,11.29,12.05,7100
2007-08-07,12.05,12.42,12.05,12.24,6700
2007-08-08,12.05,12.05,12.05,12.2,3400
2007-08-09,12.05,12.42,12.05,12.42,6900
2007-08-10,12.42,12.42,12.05,12.05,2500
2007-08-13,12.05,12.42,12.05,12.24,6500
2007-08-14,12.05,12.42,12.05,12.24,5000
2007-08-15,11.67,12.05,11.67,12.05,9200
2007-08-16,11.67,11.67,11.67,11.67,800
2007-08-17,12.05,12.05,12.05,11.86,1000
2007-08-20,11.67,11.67,11.67,11.67,1200
2007-08-21,11.67,12.05,11.29,12.05,13200
2007-08-22,12.05,12.42,12.05,12.24,3100
2007-08-23,12.05,12.42,12.05,12.24,1300
2007-08-24,12.05,12.42,12.05,12.24,4200
2007-08-27,11.67,12.42,11.67,11.71,3800
2007-08-28,12.42,12.8,12.42,12.46,9300
2007-08-29,12.42,12.42,12.42,12.24,1000
2007-08-30,12.8,12.8,12.8,12.8,500
2007-08-31,12.8,12.8,12.8,12.8,100
2007-09-04,12.8,12.8,12.8,12.8,2500
2007-09-05,11.67,11.67,11.67,11.67,2900
2007-09-06,12.8,12.8,12.8,12.84,4300
2007-09-07,13.18,13.55,12.8,13.18,4000
2007-09-10,13.18,13.55,13.18,13.55,5300
2007-09-11,13.18,13.55,13.18,13.52,2500
2007-09-12,13.52,13.52,13.52,13.52,100
2007-09-13,13.48,13.48,13.18,13.18,6300
2007-09-14,12.8,13.55,12.8,13.55,300
2007-09-17,13.18,13.18,13.18,13.18,600
2007-09-18,13.33,13.33,13.18,13.18,400
2007-09-19,13.55,13.74,13.18,13.55,9700
2007-09-20,13.18,13.55,12.8,13.55,5900
2007-09-21,13.55,13.55,13.55,13.55,3000
2007-09-24,13.55,14.31,13.55,14.31,1200
2007-09-25,14.68,15.44,14.68,15.44,8200
2007-09-26,16.19,16.19,14.31,15.81,4500
2007-09-27,15.81,15.81,15.81,15.06,100
2007-09-28,15.81,16.79,15.81,15.81,7200
2007-10-01,16.57,18.03,16.57,18.03,12400
2007-10-02,17.7,18.07,16.98,18.07,5400
2007-10-03,16.72,17.7,16.57,17.32,17700
2007-10-04,16.94,17.02,16.19,16.94,20600
2007-10-05,16.94,17.36,16.94,17.32,22100
2007-10-08,16.57,17.32,16.57,17.32,9500
2007-10-09,17.32,17.51,16.94,17.32,12600
2007-10-10,17.32,17.32,16.94,17.32,9200
2007-10-11,17.32,17.32,16.42,17.32,5000
2007-10-12,16.57,17.32,16.57,17.06,3400
2007-10-15,16.87,18.75,16.87,18.75,32600
2007-10-16,18.82,19.39,18.82,19.39,12800
2007-10-17,18.82,18.82,18.07,18.07,10400
2007-10-18,17.17,17.17,16.94,16.94,3600
2007-10-19,16.94,17.32,16.94,17.32,11700
2007-10-22,17.02,17.32,17.02,17.32,13400
2007-10-23,17.32,17.39,16.94,17.13,1700
2007-10-24,18.07,18.94,17.88,18.94,14900
2007-10-25,20.52,20.52,19.46,19.46,35400
2007-10-26,22.02,22.21,18.45,20.14,18600
2007-10-29,20.33,21.2,19.95,20.33,10500
2007-10-30,20.71,21.2,19.99,19.99,12000
2007-10-31,19.62,19.62,18.45,19.2,3100
2007-11-01,19.58,19.77,19.2,19.58,13100
2007-11-02,18.82,19.58,18.82,19.58,13500
2007-11-05,18.82,19.2,17.7,19.2,6500
2007-11-06,18.82,19.88,18.82,19.01,10700
2007-11-07,20.33,20.33,19.58,19.95,4800
2007-11-08,19.99,19.99,19.58,19.58,3500
2007-11-09,18.82,19.01,18.82,18.82,9900
2007-11-12,18.82,18.82,18.07,18.07,3100
2007-11-13,17.7,18.07,16.94,16.94,1900
2007-11-14,18.82,19.35,18.82,19.2,5400
2007-11-15,19.01,19.01,17.7,17.7,10300
2007-11-16,16.98,18.07,16.57,18.07,2100
2007-11-19,18.37,18.37,17.02,17.13,26900
2007-11-20,18.07,18.22,17.02,17.88,52200
2007-11-21,18.07,18.26,17.43,17.62,3500
2007-11-22,16.94,18.22,16.94,17.7,6000
2007-11-23,18.07,18.07,16.64,17.32,300
2007-11-26,17.51,17.51,17.36,17.36,400
2007-11-27,17.51,17.88,17.43,17.43,1200
2007-11-28,17.51,17.51,16.94,16.94,500
2007-11-29,17.13,17.62,17.13,17.62,1700
2007-11-30,17.88,17.88,17.51,17.51,1700
2007-12-03,17.88,17.88,17.81,17.88,1500
2007-12-04,18.03,19.2,18.03,19.2,5300
2007-12-05,18.45,18.45,18.07,18.07,2200
2007-12-06,18.07,18.22,17.51,18.18,4100
2007-12-07,18.03,18.07,18.03,18.07,600
2007-12-10,16.68,16.68,16.57,16.57,500
2007-12-11,16.57,16.57,16.57,16.57,400
2007-12-12,16.38,16.94,16.38,16.94,1100
2007-12-13,16.94,16.94,16.6,16.6,1300
2007-12-14,16.19,16.19,16.19,16.19,300
2007-12-17,16.19,16.19,16.19,16.19,0
2007-12-18,16.19,16.19,16.19,16.19,0
2007-12-19,16.19,16.19,16.19,16.19,0
2007-12-20,16.94,16.94,16.75,16.75,2500
2007-12-21,16.75,16.75,16.75,16.75,0
2007-12-24,16.75,16.75,16.75,16.75,0
2007-12-25,16.57,17.51,16.57,17.32,1700
2007-12-26,17.32,17.32,17.32,17.32,1000
2007-12-27,17.51,17.51,17.13,17.13,800
2007-12-28,17.32,17.32,16.57,16.57,600
2008-01-02,17.32,17.32,17.32,17.32,2200
2008-01-03,16.75,16.75,16.75,16.75,100
2008-01-04,16.57,16.57,15.44,16.19,1600
2008-01-07,15.06,15.06,14.87,14.87,200
2008-01-08,16.45,16.45,15.81,15.81,2500
2008-01-09,15.44,15.44,15.44,15.44,200
2008-01-10,15.44,16.57,15.06,16.57,4400
2008-01-11,15.81,16.57,15.81,16.57,4500
2008-01-14,15.06,15.06,15.06,15.06,800
2008-01-15,15.25,15.81,15.25,15.81,800
2008-01-16,16.19,16.83,16.19,16.83,2500
2008-01-17,16.94,16.94,15.62,16.57,3800
2008-01-18,16.57,16.57,16.57,16.57,0
2008-01-21,16.57,16.57,16.57,16.57,2200
2008-01-22,16.57,16.57,16.19,16.19,1200
2008-01-23,15.06,15.06,15.06,15.06,1100
2008-01-24,16.57,16.57,15.81,16.57,18800
2008-01-25,16.94,16.94,14.68,14.68,1100
2008-01-28,16.6,16.72,16.6,16.72,3000
2008-01-29,16.57,16.57,16.57,16.57,1500
2008-01-30,17.32,18.22,17.32,18.22,7900
2008-01-31,18.07,18.07,17.73,18.07,4100
2008-02-01,18.07,18.07,16.94,16.94,6500
2008-02-12,18.64,18.64,18.64,18.64,100
2008-02-13,16.94,18.26,16.94,18.26,6200
2008-02-14,17.7,18.07,17.7,18.07,3000
2008-02-15,16.98,18.18,16.94,18.18,2400
2008-02-18,18.18,18.18,18.18,18.18,0
2008-02-19,15.55,16.57,15.55,16.57,500
2008-02-20,16.19,16.19,15.14,15.14,1100
2008-02-21,13.93,15.06,13.93,15.06,19800
2008-02-22,15.44,15.44,15.44,15.44,500
2008-02-25,16.19,16.98,16.19,16.98,13000
2008-02-26,16.98,16.98,16.98,16.98,0
2008-02-27,15.44,16.57,15.25,16.57,22100
2008-02-28,17.13,17.13,16.57,16.57,1500
2008-02-29,16.83,16.94,16.83,16.94,4200
2008-03-03,15.44,15.44,15.25,15.32,7400
2008-03-04,13.93,15.4,13.89,13.89,18000
2008-03-05,12.88,13.18,12.88,12.99,2900
2008-03-06,14.34,14.34,14.31,14.34,2800
2008-03-07,15.78,15.78,15.78,15.78,14300
2008-03-10,17.32,17.32,15.62,15.62,6600
2008-03-11,14.68,15.06,14.57,15.06,10600
2008-03-12,15.81,15.81,15.06,15.06,5000
2008-03-13,14.16,15.06,14.16,15.06,1500
2008-03-14,13.93,15.06,13.93,14.31,7200
2008-03-17,14.31,14.31,13.93,14.12,11500
2008-03-18,12.8,13.55,12.8,13.55,12600
2008-03-19,12.05,12.05,12.05,12.05,500
2008-03-20,12.05,12.05,10.92,11.29,8500
2008-03-21,10.73,10.73,10.24,10.24,6300
2008-03-24,9.49,9.79,9.45,9.45,2100
2008-03-25,9.04,10.17,8.62,8.62,8800
2008-03-26,8.85,9.6,8.58,9.6,7300
2008-03-27,9.22,9.22,9.22,9.22,8000
2008-03-28,9.37,9.37,9.37,9.37,100
2008-03-31,9.53,9.53,9.53,9.53,1400
2008-04-01,9.71,9.71,9.71,9.71,100
2008-04-02,9.9,9.9,9.9,9.9,100
2008-04-03,10.09,10.09,10.09,10.09,100
2008-04-04,10.09,10.09,10.09,10.09,0
2008-04-07,10.39,10.39,10.39,10.39,9600
2008-04-08,10.69,10.69,10.17,10.69,23600
2008-04-09,10.84,10.84,10.24,10.35,11700
2008-04-10,10.35,10.35,10.09,10.09,2300
2008-04-11,9.9,9.98,9.9,9.98,5600
2008-04-16,9.64,9.71,9.64,9.64,9500
2008-04-17,9.41,9.9,9.41,9.9,23100
2008-04-18,9.45,9.45,9.41,9.45,9400
2008-04-21,9.53,9.53,9.22,9.22,4100
2008-04-22,9.41,9.41,9.11,9.15,2900
2008-04-23,8.92,8.92,8.89,8.89,6500
2008-04-24,8.7,8.7,8.7,8.7,100
2008-04-25,8.7,8.7,8.66,8.66,1600
2008-04-28,8.66,8.66,8.66,8.66,0
2008-04-29,8.51,8.92,8.51,8.92,2800
2008-05-05,8.58,8.58,8.58,8.58,100
2008-05-06,8.36,8.66,8.36,8.66,6000
2008-05-07,8.36,8.4,8.36,8.36,1900
2008-05-08,8.13,8.13,8.13,8.13,700
2008-05-09,7.94,8.13,7.91,8.13,1700
2008-05-12,7.76,7.79,7.76,7.76,1800
2008-05-13,7.98,7.98,7.79,7.79,1100
2008-05-14,7.57,8.02,7.57,7.57,1100
2008-05-15,7.38,7.83,7.38,7.83,700
2008-05-16,7.68,7.68,7.68,7.68,1100
2008-05-19,7.91,7.91,7.91,7.91,1500
2008-05-20,7.91,7.91,7.91,7.91,0
2008-05-21,8.13,8.13,7.72,7.72,1000
2008-05-22,7.57,7.57,7.57,7.57,3700
2008-05-23,7.34,7.38,7.34,7.38,400
2008-05-26,7.38,7.38,7.38,7.38,0
2008-05-27,7.38,7.38,7.38,7.38,0
2008-05-28,7.57,7.57,7.34,7.34,2000
2008-05-29,7.34,7.34,7.34,7.34,1000
2008-05-30,7.23,7.53,7.23,7.53,1200
2008-06-02,7.34,7.53,7.34,7.53,1200
2008-06-03,7.53,7.53,7.53,7.53,0
2008-06-04,7.49,7.49,7.49,7.49,100
2008-06-05,7.3,7.3,7.3,7.3,2100
2008-06-06,7.12,7.12,7.12,7.12,1500
2008-06-09,7.12,7.12,7.12,7.12,0
2008-06-10,6.97,6.97,6.97,6.97,100
2008-06-11,7.15,7.15,6.97,7.15,5200
2008-06-12,7.3,7.3,7.3,7.3,200
2008-06-13,7.49,7.49,7.49,7.49,100
2008-06-16,7.68,7.68,7.68,7.68,100
2008-06-17,7.91,7.91,7.91,7.91,200
2008-06-18,8.13,8.13,7.68,7.91,4500
2008-06-19,7.79,7.79,7.79,7.79,500
2008-06-20,7.49,7.53,7.49,7.53,600
2008-06-23,7.53,7.53,7.53,7.53,200
2008-06-24,7.53,7.72,7.53,7.72,1000
2008-06-25,7.98,7.98,7.98,7.98,3100
2008-06-26,8.28,8.28,8.28,8.28,5100
2008-06-27,8.58,8.58,8.09,8.58,6500
2008-06-30,8.81,8.81,8.77,8.81,5800
2008-07-01,9.15,9.15,9.15,9.15,5000
2008-07-02,9.49,9.49,9.41,9.41,18100
2008-07-03,9.86,9.86,9.79,9.86,10500
2008-07-04,10.24,10.24,10.24,10.24,13300
2008-07-07,10.62,10.62,9.86,9.86,2800
2008-07-08,10.39,10.39,9.98,9.98,4800
2008-07-09,9.68,9.68,9.68,9.68,500
2008-07-10,9.3,9.3,9.3,9.3,800
2008-07-11,8.96,9.04,8.96,9.04,2000
2008-07-14,8.7,9.37,8.7,9.37,11800
2008-07-15,9.64,9.64,9.64,9.64,23400
2008-07-16,10.01,10.01,9.26,9.26,1600
2008-07-17,9.3,9.3,9.26,9.26,800
2008-07-18,8.96,8.96,8.96,8.96,300
2008-07-21,8.62,8.62,8.62,8.62,300
2008-07-22,8.28,8.28,8.28,8.28,1600
2008-07-23,8.28,8.28,8.28,8.28,0
2008-07-24,8.28,8.28,8.28,8.28,0
2008-07-25,7.98,7.98,7.98,7.98,200
2008-07-28,7.68,7.68,7.68,7.68,500
2008-07-29,7.38,7.68,7.38,7.68,12800
2008-07-30,7.49,7.49,7.45,7.49,3000
2008-07-31,7.45,7.45,7.19,7.45,8500
2008-08-01,7.45,7.45,7.45,7.45,0
2008-08-04,7.53,7.53,7.12,7.12,4900
2008-08-05,6.89,6.89,6.89,6.89,200
2008-08-06,6.63,7.15,6.63,6.78,1600
2008-08-07,7.15,7.15,6.89,6.89,1700
2008-08-08,7.15,7.34,7.15,7.34,1600
2008-08-11,7.49,7.53,7.45,7.53,7900
2008-08-12,7.53,7.64,7.49,7.49,4800
2008-08-13,7.83,7.83,7.23,7.23,1800
2008-08-14,7.0,7.53,7.0,7.53,14700
2008-08-15,7.83,7.83,7.83,7.83,2600
2008-08-18,8.36,8.36,8.32,8.32,2000
2008-08-19,8.58,8.58,8.58,8.58,800
2008-08-20,9.11,9.11,8.02,8.02,900
2008-08-21,7.94,9.07,7.94,8.28,900
2008-08-22,8.28,8.28,8.09,8.09,1600
2008-08-25,7.91,8.73,7.91,8.47,15700
2008-08-26,8.96,9.04,8.96,9.04,8500
2008-08-27,9.04,9.56,8.43,8.66,3500
2008-08-28,8.51,8.51,8.51,8.51,100
2008-08-29,7.94,7.94,7.94,7.94,3500
2008-09-03,7.45,8.47,7.45,8.28,8200
2008-09-04,7.98,7.98,7.53,7.53,500
2008-09-05,8.13,8.13,7.15,7.15,4300
2008-09-08,7.53,7.53,7.53,7.53,6000
2008-09-09,8.06,8.06,8.06,8.06,2500
2008-09-10,8.58,8.58,8.28,8.28,9700
2008-09-11,8.66,8.66,8.62,8.62,600
2008-09-12,8.09,8.09,8.06,8.06,6900
2008-09-15,7.53,7.91,7.53,7.91,2800
2008-09-16,7.04,7.53,7.04,7.04,6100
2008-09-17,6.55,6.55,6.55,6.55,1000
2008-09-18,6.1,6.1,6.1,6.1,2400
2008-09-19,6.51,6.51,6.51,6.51,1100
2008-09-22,6.97,6.97,6.97,6.97,200
2008-09-23,7.42,7.42,7.38,7.38,1200
2008-09-24,7.38,7.38,7.38,7.38,0
2008-09-25,7.38,7.38,7.38,7.38,0
2008-09-26,7.3,7.3,6.97,6.97,3700
2008-09-29,7.57,7.57,7.57,7.57,200
2008-09-30,7.04,7.91,7.04,7.91,5700
2008-10-01,7.34,7.34,7.34,7.34,500
2008-10-02,7.0,7.15,6.97,7.15,1100
2008-10-03,6.59,7.04,6.59,7.04,3100
2008-10-06,6.14,7.04,6.14,7.04,5800
2008-10-07,6.4,6.63,6.4,6.4,1000
2008-10-08,6.59,6.59,6.59,6.59,100
2008-10-09,6.14,6.78,6.14,6.78,1000
2008-10-10,6.55,6.55,6.55,6.55,100
2008-10-13,6.97,6.97,6.1,6.1,400
2008-10-14,7.0,7.0,7.0,7.0,3100
2008-10-15,7.49,7.49,7.45,7.49,5200
2008-10-16,7.49,7.49,7.49,7.49,100
2008-10-17,7.49,7.49,7.49,7.49,0
2008-10-20,7.0,7.0,7.0,7.0,1300
2008-10-21,7.08,7.15,7.08,7.15,400
2008-10-22,6.63,6.63,6.63,6.63,600
2008-10-23,6.17,6.17,6.17,6.17,1300
2008-10-24,5.76,5.76,5.76,5.76,2900
2008-10-27,5.38,5.38,5.38,5.38,100
2008-10-28,5.01,5.01,5.01,5.01,1600
2008-10-29,5.35,5.35,4.67,4.67,23700
2008-10-30,4.67,5.12,4.63,5.08,29500
2008-10-31,4.86,5.2,4.86,5.2,30300
2008-11-03,4.74,5.27,4.74,5.27,500
2008-11-04,5.38,5.38,5.27,5.38,14600
2008-11-05,5.57,5.76,5.57,5.76,41500
2008-11-06,5.76,6.02,5.76,6.02,6000
2008-11-07,6.1,6.1,5.57,5.57,18500
2008-11-10,5.69,5.69,5.35,5.35,6700
2008-11-11,5.08,5.23,5.08,5.23,4800
2008-11-12,4.89,5.27,4.89,5.27,10400
2008-11-13,5.27,5.27,5.27,5.27,0
2008-11-14,5.01,5.08,5.01,5.08,1600
2008-11-17,5.08,5.08,5.08,5.08,0
2008-11-18,5.05,5.05,5.05,5.05,500
2008-11-19,5.27,5.27,5.27,5.27,200
2008-11-20,4.93,5.23,4.93,4.93,2100
2008-11-21,5.01,5.01,5.01,5.01,100
2008-11-24,4.93,4.93,4.93,4.93,200
2008-11-25,5.08,5.08,5.01,5.08,700
2008-11-26,4.89,4.89,4.86,4.86,2100
2008-11-27,4.89,5.12,4.56,4.56,1100
2008-11-28,5.05,5.05,4.89,4.89,300
2008-12-01,4.89,4.89,4.89,4.89,0
2008-12-02,5.08,5.08,4.63,4.63,6000
2008-12-03,4.63,4.63,4.63,4.63,0
2008-12-04,4.67,4.67,4.67,4.67,14900
2008-12-05,4.67,4.67,4.67,4.67,0
2008-12-08,4.67,4.67,4.67,4.67,0
2008-12-09,4.67,4.67,4.67,4.67,0
2008-12-10,4.52,4.52,4.37,4.37,1100
2008-12-11,4.37,4.37,4.37,4.37,0
2008-12-12,4.52,4.52,4.52,4.52,600
2008-12-15,4.82,4.82,4.82,4.82,200
2008-12-16,4.67,4.67,4.67,4.67,11300
2008-12-17,4.82,4.82,4.82,4.82,100
2008-12-18,4.82,4.82,4.82,4.82,0
2008-12-19,4.67,4.82,4.67,4.82,1000
2008-12-22,4.82,4.82,4.82,4.82,1000
2008-12-23,4.82,4.82,4.82,4.82,0
2008-12-24,4.82,4.82,4.82,4.82,0
2008-12-25,4.82,4.82,4.52,4.52,1000
2008-12-26,4.52,4.52,4.52,4.52,0
2008-12-29,4.52,4.52,4.52,4.52,0
2008-12-30,4.89,4.97,4.89,4.97,4200
2008-12-31,5.27,5.27,5.27,5.27,500
2009-01-02,5.08,5.08,5.08,5.08,1000
2009-01-05,5.08,5.08,5.08,5.08,0
2009-01-06,4.89,4.89,4.89,4.89,800
2009-01-07,5.23,5.23,4.89,4.89,6000
2009-01-08,4.89,4.89,4.89,4.89,0
2009-01-09,5.31,5.31,5.31,5.31,2000
2009-01-12,5.65,5.65,5.61,5.65,400
2009-01-13,5.91,5.91,5.91,5.91,100
2009-01-14,5.91,5.91,5.91,5.91,0
2009-01-15,6.29,6.29,6.29,6.29,100
2009-01-16,6.29,6.29,6.29,6.29,0
2009-01-19,6.29,6.29,6.29,6.29,0
2009-01-20,6.29,6.29,6.29,6.29,0
2009-01-21,5.87,5.87,5.87,5.87,100
2009-01-22,5.5,5.5,5.5,5.5,100
2009-01-23,5.5,5.5,5.5,5.5,0
2009-02-02,5.5,5.5,5.5,5.5,0
2009-02-03,5.12,5.12,5.12,5.12,7000
2009-02-04,5.46,5.46,4.78,4.78,200
2009-02-05,4.78,4.78,4.78,4.78,0
2009-02-06,4.78,4.78,4.78,4.78,600
2009-02-09,4.78,4.78,4.78,4.78,0
2009-02-10,4.78,4.78,4.78,4.78,0
2009-02-11,5.08,5.08,5.08,5.08,100
2009-02-12,4.89,4.89,4.89,4.89,17200
2009-02-13,4.89,4.89,4.89,4.89,0
2009-02-16,4.89,4.89,4.89,4.89,0
2009-02-17,4.89,4.89,4.89,4.89,0
2009-02-18,4.71,4.71,4.71,4.71,3000
2009-02-19,4.71,4.71,4.71,4.71,0
2009-02-20,4.71,4.71,4.71,4.71,0
2009-02-23,4.71,4.71,4.71,4.71,0
2009-02-24,4.71,4.71,4.71,4.71,0
2009-02-25,5.01,5.01,5.01,5.01,100
2009-02-26,5.01,5.01,5.01,5.01,0
2009-02-27,5.01,5.01,5.01,5.01,0
2009-03-02,5.01,5.01,5.01,5.01,0
2009-03-03,4.67,4.67,4.67,4.67,300
2009-03-04,4.89,4.89,4.89,4.89,200
2009-03-05,4.89,5.23,4.71,5.23,400
2009-03-06,5.23,5.23,5.23,5.23,0
2009-03-09,5.23,5.23,5.23,5.23,0
2009-03-10,4.89,4.89,4.89,4.89,1300
2009-03-11,4.89,4.89,4.89,4.89,0
2009-03-12,4.59,4.63,4.59,4.59,5200
2009-03-13,4.71,4.71,4.71,4.71,300
2009-03-16,4.71,4.71,4.71,4.71,0
2009-03-17,4.71,4.71,4.71,4.71,0
2009-03-18,4.89,5.01,4.89,5.01,400
2009-03-19,5.27,5.31,5.27,5.31,12500
2009-03-20,5.31,5.31,5.31,5.31,0
2009-03-23,4.97,4.97,4.97,4.97,900
2009-03-24,4.97,4.97,4.97,4.97,200
2009-03-25,5.27,5.31,5.27,5.31,1700
2009-03-26,5.61,5.61,5.61,5.61,200
2009-03-27,5.61,5.61,5.61,5.61,0
2009-03-30,5.61,5.61,5.61,5.61,0
2009-03-31,5.23,5.23,5.23,5.23,500
2009-04-01,5.08,5.08,5.08,5.08,500
2009-04-02,5.12,5.12,5.12,5.12,3000
2009-04-03,5.2,5.46,5.2,5.46,1100
2009-04-07,5.12,5.12,5.12,5.12,5000
2009-04-08,5.2,5.2,5.2,5.2,600
2009-04-09,5.27,5.53,5.27,5.46,8300
2009-04-10,5.46,5.46,5.46,5.46,0
2009-04-13,5.76,5.76,5.76,5.76,7200
2009-04-14,6.14,6.14,5.76,5.76,1800
2009-04-15,5.76,5.76,5.76,5.76,0
2009-04-16,5.84,6.17,5.84,6.17,3700
2009-04-17,5.65,5.65,5.65,5.65,100
2009-04-20,5.46,5.46,5.46,5.46,200
2009-04-21,5.84,5.84,5.84,5.84,7100
2009-04-22,5.84,5.84,5.84,5.84,0
2009-04-23,5.84,5.84,5.84,5.84,0
2009-04-24,6.21,6.21,6.21,6.21,1900
2009-04-27,6.02,6.02,6.02,6.02,400
2009-04-28,6.02,6.02,6.02,6.02,400
2009-04-29,6.21,6.21,6.21,6.21,4900
2009-05-04,6.63,6.63,6.63,6.63,100
2009-05-05,7.08,7.08,7.08,7.08,2300
2009-05-06,6.78,6.97,6.78,6.97,1800
2009-05-07,6.97,7.27,6.97,7.27,3000
2009-05-08,6.97,6.97,6.97,6.97,700
2009-05-11,6.97,6.97,6.97,6.97,200
2009-05-12,6.97,6.97,6.97,6.97,0
2009-05-13,7.42,7.42,7.42,7.42,100
2009-05-14,6.93,6.93,6.93,6.93,200
2009-05-15,6.48,6.48,6.48,6.48,100
2009-05-18,6.48,6.48,6.48,6.48,500
2009-05-19,6.93,6.93,6.93,6.93,400
2009-05-20,6.93,6.93,6.93,6.93,0
2009-05-21,6.97,7.38,6.97,7.38,13100
2009-05-22,7.61,7.61,7.61,7.61,3000
2009-05-25,7.15,7.15,7.15,7.15,100
2009-05-26,7.34,7.34,7.34,7.34,2200
2009-05-27,7.57,7.83,7.57,7.83,2400
2009-05-28,7.91,8.32,7.91,8.32,5000
2009-05-29,7.72,8.85,7.72,8.85,400
2009-06-01,8.28,9.0,8.28,9.0,1100
2009-06-02,8.28,8.92,8.09,8.92,3200
2009-06-03,8.92,8.92,8.92,8.92,0
2009-06-04,8.47,8.96,8.47,8.96,200
2009-06-05,9.34,9.34,9.34,9.34,400
2009-06-08,8.73,9.98,8.73,9.98,5000
2009-06-09,8.58,8.58,8.58,8.58,500
2009-06-10,8.09,8.09,8.06,8.06,1200
2009-06-11,8.58,8.58,8.58,8.58,1300
2009-06-12,9.15,9.15,9.15,9.15,3700
2009-06-15,9.79,9.79,9.79,9.79,8900
2009-06-16,10.13,10.47,10.13,10.47,8400
2009-06-17,9.68,9.68,9.68,9.68,100
2009-06-18,9.68,9.68,9.68,9.68,0
2009-06-19,9.04,9.04,9.04,9.04,1000
2009-06-22,8.47,9.04,8.43,9.04,4600
2009-06-23,9.34,9.34,9.34,9.34,14300
2009-06-24,8.73,8.73,8.73,8.73,200
2009-06-25,9.34,9.34,9.34,9.34,5000
2009-06-26,9.04,9.04,9.04,9.04,1000
2009-06-29,9.64,9.64,9.64,9.64,1800
2009-06-30,10.28,10.28,10.28,10.28,1100
2009-07-01,10.99,10.99,10.99,10.99,8800
2009-07-02,11.11,11.11,10.92,10.92,200
2009-07-03,10.28,10.28,10.28,10.28,200
2009-07-06,10.28,10.28,9.56,9.56,300
2009-07-07,9.41,9.41,9.41,9.41,1100
2009-07-08,8.81,8.81,8.81,8.81,100
2009-07-09,8.36,8.36,8.36,8.36,100
2009-07-10,8.02,8.02,8.02,8.02,100
2009-07-13,8.02,8.02,8.02,8.02,0
2009-07-14,8.02,8.02,8.02,8.02,0
2009-07-15,8.02,8.02,8.02,8.02,0
2009-07-16,8.28,8.28,8.28,8.28,100
2009-07-17,8.28,8.28,8.28,8.28,0
2009-07-20,8.47,8.47,8.47,8.47,200
2009-07-21,8.47,8.47,8.47,8.47,0
2009-07-22,8.47,8.47,8.47,8.47,200
2009-07-23,8.47,8.47,8.47,8.47,0
2009-07-24,9.04,9.04,9.04,9.04,3900
2009-07-27,9.64,9.64,9.64,9.64,1100
2009-07-28,10.28,10.28,10.28,10.28,300
2009-07-29,10.99,10.99,10.99,10.99,6200
2009-07-30,11.29,11.75,11.29,11.75,16300
2009-07-31,12.05,12.05,12.05,12.05,1000
2009-08-03,11.22,11.22,11.22,11.22,200
2009-08-04,11.22,11.22,11.22,11.22,0
2009-08-05,11.22,11.22,11.22,11.22,0
2009-08-06,11.22,11.22,11.22,11.22,0
2009-08-07,11.22,11.22,11.22,11.22,0
2009-08-10,11.22,11.22,11.22,11.22,0
2009-08-11,11.22,11.22,11.22,11.22,0
2009-08-12,11.22,11.22,11.22,11.22,0
2009-08-13,11.22,11.29,11.22,11.29,3200
2009-08-14,11.29,11.29,11.29,11.29,0
2009-08-17,11.29,11.29,11.29,11.29,15000
2009-08-18,10.5,10.5,10.5,10.5,100
2009-08-19,10.92,10.92,10.92,10.92,100
2009-08-20,10.92,10.92,10.92,10.92,0
2009-08-21,10.92,10.99,10.92,10.92,3600
2009-08-24,10.92,10.92,10.92,10.92,500
2009-08-25,10.92,10.92,10.92,10.92,20000
2009-08-26,10.35,10.35,10.17,10.17,1600
2009-08-27,10.17,10.17,10.17,10.17,0
2009-08-28,10.17,10.35,10.17,10.35,500
2009-08-31,10.35,10.35,10.35,10.35,0
2009-09-01,10.35,10.35,10.35,10.35,0
2009-09-03,11.03,11.03,11.03,11.03,300
2009-09-04,10.92,11.67,10.92,11.67,5200
2009-09-07,11.67,11.67,11.67,11.67,0
2009-09-08,10.96,11.29,10.92,11.29,5300
2009-09-09,11.29,11.29,11.29,11.29,0
2009-09-10,11.22,11.29,11.22,11.29,700
2009-09-11,10.88,10.88,10.73,10.73,600
2009-09-14,10.92,11.29,10.92,11.29,7100
2009-09-15,10.88,11.29,10.88,11.29,12400
2009-09-16,11.29,11.29,11.29,11.29,100
2009-09-17,10.73,10.73,10.73,10.73,100
2009-09-18,11.29,11.29,11.29,11.29,23100
2009-09-21,11.29,11.29,11.29,11.29,13800
2009-09-22,11.29,11.29,11.29,11.29,11700
2009-09-23,11.29,11.29,11.29,11.29,14900
2009-09-24,11.29,11.29,11.29,11.29,3500
2009-09-25,11.29,11.29,11.29,11.29,0
2009-09-28,11.29,11.29,11.29,11.29,0
2009-09-29,10.5,10.54,10.5,10.54,1300
2009-09-30,10.54,10.54,10.54,10.54,0
2009-10-01,10.54,10.54,10.54,10.54,0
2009-10-02,10.54,10.54,10.54,10.54,0
2009-10-05,10.54,10.58,10.54,10.58,6800
2009-10-06,10.58,10.58,10.58,10.58,100
2009-10-07,10.73,11.29,10.73,11.29,19200
2009-10-08,12.01,12.01,10.5,11.82,400
2009-10-09,10.77,12.31,10.77,10.81,300
2009-10-12,11.29,11.29,11.29,11.29,11100
2009-10-13,11.29,11.29,11.29,11.29,5200
2009-10-14,11.67,11.67,11.67,11.67,4000
2009-10-15,11.29,11.33,11.29,11.29,3200
2009-10-16,11.29,11.29,11.29,11.29,10100
2009-10-19,11.29,11.29,11.29,11.29,15500
2009-10-20,11.29,11.29,11.29,11.29,0
2009-10-21,11.29,11.33,11.29,11.33,10100
2009-10-22,10.92,11.03,10.92,11.03,2100
2009-10-23,10.92,10.92,10.92,10.92,1000
2009-10-26,10.17,10.92,10.17,10.17,3800
2009-10-27,10.54,10.99,10.54,10.99,15000
2009-10-28,11.29,11.29,11.29,11.29,15000
2009-10-29,11.29,11.29,11.29,11.29,200
2009-10-30,11.29,11.29,11.29,11.29,0
2009-11-02,11.29,11.29,11.29,11.29,0
2009-11-03,11.29,11.29,11.29,11.29,0
2009-11-04,11.29,11.29,11.29,11.29,0
2009-11-05,11.29,11.48,11.29,11.48,7200
2009-11-06,11.48,11.48,11.48,11.48,0
2009-11-09,10.92,10.92,10.92,10.92,300
2009-11-10,10.92,10.92,10.92,10.92,0
2009-11-11,10.92,10.92,10.92,10.92,0
2009-11-12,10.92,10.92,10.92,10.92,1400
2009-11-13,10.99,11.29,10.99,11.29,3100
2009-11-16,11.29,11.29,11.29,11.29,0
2009-11-17,11.29,11.29,11.29,11.29,0
2009-11-18,11.29,11.29,11.29,11.29,0
2009-11-19,11.29,11.29,11.29,11.29,0
2009-11-20,11.29,11.29,11.29,11.29,100
2009-11-23,11.29,11.29,11.29,11.29,0
2009-11-24,11.29,11.29,11.29,11.29,0
2009-11-25,10.54,10.54,10.54,10.54,500
2009-11-26,11.26,11.26,11.26,11.26,600
2009-11-27,11.26,11.26,11.26,11.26,0
2009-11-30,11.26,11.26,11.26,11.26,0
2009-12-01,11.26,11.26,11.26,11.26,0
2009-12-02,11.26,11.26,11.26,11.26,0
2009-12-03,11.26,11.26,11.26,11.26,0
2009-12-04,11.26,11.26,11.26,11.26,0
2009-12-07,11.26,11.26,11.26,11.26,0
2009-12-08,11.26,11.26,11.26,11.26,0
2009-12-09,11.26,11.26,11.26,11.26,0
2009-12-10,11.26,11.26,11.26,11.26,0
2009-12-11,11.26,11.26,11.26,11.26,0
2009-12-14,11.26,11.26,11.26,11.26,0
2009-12-15,11.26,11.26,11.26,11.26,0
2009-12-16,10.54,10.54,10.54,10.54,5000
2009-12-17,9.98,9.98,9.98,9.98,400
2009-12-18,9.98,9.98,9.98,9.98,0
2009-12-21,10.17,10.17,10.17,10.17,100
2009-12-22,10.17,10.17,10.17,10.17,0
2009-12-23,10.84,10.84,10.84,10.84,200
2009-12-24,10.92,10.92,10.92,10.92,1000
2009-12-25,10.92,10.92,10.92,10.92,1000
2009-12-28,10.92,10.92,10.92,10.92,0
2009-12-29,10.92,10.92,10.92,10.92,100
2009-12-30,10.92,10.92,10.92,10.92,0
2009-12-31,11.03,11.03,11.03,11.03,1000
2010-01-04,11.03,11.03,11.03,11.03,0
2010-01-05,10.92,10.92,10.92,10.92,100
2010-01-06,10.92,10.92,10.92,10.92,0
2010-01-07,10.73,10.73,10.73,10.73,200
2010-01-08,10.73,10.73,10.73,10.73,0
2010-01-11,10.73,10.73,10.73,10.73,0
2010-01-12,10.73,10.73,10.73,10.73,0
2010-01-13,10.73,10.73,10.73,10.73,0
2010-01-14,10.73,10.73,10.73,10.73,0
2010-01-15,10.73,10.73,10.73,10.73,0
2010-01-18,10.73,10.73,10.73,10.73,100
2010-01-19,10.09,10.92,10.09,10.92,200
2010-01-20,10.54,10.54,10.54,10.54,1000
2010-01-21,10.92,10.92,10.92,10.92,2000
2010-01-22,10.92,10.92,10.92,10.92,0
2010-01-25,10.92,10.92,10.92,10.92,0
2010-01-26,10.92,10.92,10.92,10.92,0
2010-01-27,10.92,10.92,10.92,10.92,1100
2010-01-28,10.92,10.92,10.92,10.92,0
2010-01-29,11.67,11.67,11.67,11.67,100
2010-02-01,11.67,11.67,11.67,11.67,1000
2010-02-02,11.67,11.67,11.67,11.67,0
2010-02-03,11.67,11.67,11.67,11.67,0
2010-02-04,11.11,11.11,11.11,11.11,500
2010-02-05,11.29,11.29,11.29,11.29,400
2010-02-08,11.29,11.29,11.29,11.29,1000
2010-02-09,11.29,11.29,11.29,11.29,2100
2010-02-10,11.29,11.29,11.29,11.29,500
2010-02-11,11.29,11.29,11.29,11.29,0
2010-02-12,11.29,11.29,11.29,11.29,0
2010-02-22,11.29,11.29,11.29,11.29,0
2010-02-23,11.29,11.29,11.29,11.29,0
2010-02-24,11.29,11.29,11.29,11.29,0
2010-02-25,11.29,11.29,11.29,11.29,0
2010-02-26,12.09,12.09,12.09,12.09,100
2010-03-01,12.09,12.09,11.29,11.29,1100
2010-03-02,11.29,11.29,11.29,11.29,0
2010-03-03,12.05,12.05,12.05,12.05,100
2010-03-04,12.42,12.42,12.42,12.42,100
2010-03-05,11.56,11.56,11.56,11.56,100
2010-03-08,11.67,11.67,11.67,11.67,300
2010-03-09,11.67,11.67,11.67,11.67,0
2010-03-10,11.67,11.67,11.67,11.67,0
2010-03-11,11.67,11.67,11.67,11.67,200
2010-03-12,11.67,11.67,11.67,11.67,0
2010-03-15,11.67,11.67,11.67,11.67,0
2010-03-16,11.67,11.67,11.67,11.67,100
2010-03-17,11.67,11.67,11.67,11.67,0
2010-03-18,11.67,11.67,11.67,11.67,0
2010-03-19,11.29,11.29,11.29,11.29,1000
2010-03-22,11.29,11.29,11.29,11.29,0
2010-03-23,11.29,11.29,11.29,11.29,0
2010-03-24,11.73,11.96,11.73,11.96,200
2010-03-25,12.66,12.66,12.66,12.66,100
2010-03-26,12.66,12.66,12.66,12.66,0
2010-03-29,12.9,12.9,12.9,12.9,100
2010-03-30,12.7,12.7,12.7,12.7,100
2010-03-31,13.52,13.52,13.52,13.52,100
2010-04-01,14.23,14.23,14.23,14.23,100
2010-04-02,13.25,13.25,13.25,13.25,100
2010-04-05,13.25,13.25,13.25,13.25,0
2010-04-06,12.51,12.51,12.35,12.35,200
2010-04-07,12.7,12.7,12.7,12.7,100
2010-04-08,12.7,12.7,12.7,12.7,0
2010-04-09,12.7,12.7,12.7,12.7,0
2010-04-12,12.12,12.12,12.12,12.12,100
2010-04-13,12.12,12.12,12.12,12.12,500
2010-04-14,12.12,12.12,12.12,12.12,0
2010-04-15,12.12,12.12,12.12,12.12,0
2010-04-16,12.12,12.12,12.12,12.12,0
2010-04-19,12.12,12.12,12.12,12.12,0
2010-04-20,12.12,12.12,12.12,12.12,0
2010-04-21,12.9,12.9,12.9,12.9,700
2010-04-22,13.8,13.8,13.8,13.8,1100
2010-04-26,13.29,14.7,12.86,13.8,1400
2010-04-27,12.7,12.7,12.7,12.7,100
2010-04-28,11.92,11.92,11.92,11.92,200
2010-04-29,11.73,11.92,11.73,11.92,2800
2010-05-04,11.14,11.14,11.14,11.14,100
2010-05-05,11.8,11.8,11.8,11.8,100
2010-05-06,11.8,11.8,11.8,11.8,0
2010-05-07,11.8,11.8,11.8,11.8,0
2010-05-10,11.8,11.8,11.8,11.8,0
2010-05-11,11.8,11.8,11.8,11.8,0
2010-05-12,12.59,12.59,12.59,12.59,100
2010-05-13,13.44,13.44,13.29,13.44,3000
2010-05-14,14.38,14.38,13.68,13.68,1200
2010-05-17,12.9,12.94,12.9,12.94,300
2010-05-18,13.29,13.29,13.29,13.29,1000
2010-05-19,13.68,14.19,13.68,14.19,2700
2010-05-20,14.85,14.85,14.85,14.85,100
2010-05-21,13.84,13.87,13.84,13.87,400
2010-05-24,13.68,13.68,13.09,13.09,700
2010-05-25,12.9,12.9,12.9,12.9,200
2010-05-26,12.9,12.9,12.9,12.9,0
2010-05-27,13.8,13.8,13.8,13.8,100
2010-05-28,14.66,14.66,14.66,14.66,200
2010-05-31,13.68,13.68,13.68,13.68,100
2010-06-01,14.62,14.62,14.62,14.62,200
2010-06-02,15.63,15.63,13.6,15.63,2300
2010-06-03,15.75,15.75,13.84,13.84,3200
2010-06-04,13.84,13.84,13.84,13.84,0
2010-06-07,14.46,14.46,14.46,14.46,400
2010-06-08,13.52,13.52,13.52,13.52,200
2010-06-09,14.46,14.46,14.46,14.46,2500
2010-06-10,15.44,15.44,13.68,13.68,1100
2010-06-11,13.68,13.68,13.68,13.68,400
2010-06-14,13.29,13.29,13.29,13.29,600
2010-06-15,14.19,14.19,12.43,12.43,300
2010-06-16,12.43,12.43,12.43,12.43,0
2010-06-17,12.43,12.43,12.43,12.43,0
2010-06-18,13.29,13.29,13.29,13.29,1000
2010-06-21,13.68,13.68,13.68,13.68,1000
2010-06-22,13.68,13.68,13.68,13.68,500
2010-06-23,13.68,13.68,13.68,13.68,0
2010-06-24,13.68,13.68,13.68,13.68,0
2010-06-25,13.68,13.68,13.68,13.68,0
2010-06-28,13.68,13.68,13.68,13.68,0
2010-06-29,13.68,13.68,13.68,13.68,0
2010-06-30,13.68,13.68,13.68,13.68,700
2010-07-01,13.68,13.68,13.68,13.68,0
2010-07-02,13.68,13.68,13.68,13.68,0
2010-07-05,13.68,13.68,13.68,13.68,0
2010-07-06,13.68,13.68,13.68,13.68,600
2010-07-07,13.68,13.68,13.68,13.68,0
2010-07-08,13.68,13.68,13.68,13.68,0
2010-07-09,13.68,13.68,13.68,13.68,0
2010-07-12,13.68,13.68,13.68,13.68,0
2010-07-13,13.68,13.68,13.68,13.68,0
2010-07-14,14.62,14.62,12.74,12.74,400
2010-07-15,13.68,13.68,13.68,13.68,200
2010-07-16,13.68,13.68,13.68,13.68,0
2010-07-19,13.68,13.68,13.68,13.68,0
2010-07-20,14.62,14.62,12.74,13.68,1200
2010-07-21,14.62,14.62,12.74,12.74,1000
2010-07-22,12.74,12.74,12.74,12.74,0
2010-07-23,12.74,12.74,12.74,12.74,0
2010-07-26,12.74,12.74,12.74,12.74,0
2010-07-27,13.68,14.07,13.29,13.29,1200
2010-07-28,13.29,13.29,13.29,13.29,0
2010-07-29,13.29,13.29,13.29,13.29,0
2010-07-30,13.29,13.29,13.29,13.29,0
2010-08-02,13.29,13.29,13.29,13.29,0
2010-08-03,13.29,13.29,13.29,13.29,0
2010-08-04,13.29,13.29,13.29,13.29,0
2010-08-05,13.29,13.29,13.29,13.29,0
2010-08-06,14.62,14.62,14.62,14.62,400
2010-08-09,13.68,13.68,13.68,13.68,200
2010-08-10,14.62,14.62,14.62,14.62,500
2010-08-11,13.68,15.63,13.68,13.68,2800
2010-08-12,14.07,14.07,14.07,14.07,900
2010-08-13,14.85,15.05,14.85,15.05,1300
2010-08-16,14.27,14.27,14.27,14.27,1000
2010-08-17,15.24,15.24,15.24,15.24,1000
2010-08-18,14.27,14.27,14.27,14.27,200
2010-08-19,14.27,14.27,14.27,14.27,0
2010-08-20,14.27,14.27,14.27,14.27,0
2010-08-23,14.27,15.24,14.27,15.24,2000
2010-08-24,14.07,14.07,14.07,14.07,200
2010-08-25,15.05,15.05,15.05,15.05,1000
2010-08-26,15.05,15.05,15.05,15.05,0
2010-08-27,15.05,15.05,15.05,15.05,0
2010-08-30,14.85,14.85,14.85,14.85,1000
2010-08-31,15.63,15.87,15.63,15.87,2000
2010-09-01,14.85,14.85,14.85,14.85,1000
2010-09-06,14.85,14.85,14.85,14.85,0
2010-09-07,14.85,14.85,14.85,14.85,0
2010-09-08,14.85,14.85,14.85,14.85,0
2010-09-09,14.85,14.85,14.85,14.85,0
2010-09-10,15.87,15.87,15.87,15.87,2500
2010-09-13,15.87,15.87,15.87,15.87,0
2010-09-14,15.87,15.87,15.87,15.87,0
2010-09-15,15.87,15.87,15.87,15.87,0
2010-09-16,15.87,15.87,15.87,15.87,0
2010-09-17,15.87,15.87,15.87,15.87,0
2010-09-20,15.87,15.87,15.87,15.87,0
2010-09-21,15.87,15.87,15.87,15.87,0
2010-09-22,15.44,15.44,15.44,15.44,200
2010-09-23,15.44,15.44,15.44,15.44,0
2010-09-24,15.44,15.44,15.44,15.44,0
2010-09-27,15.44,15.44,15.44,15.44,0
2010-09-28,15.44,15.44,15.44,15.44,0
2010-09-29,15.44,15.44,15.44,15.44,0
2010-09-30,15.44,15.44,15.44,15.44,100
2010-10-01,15.44,15.44,15.44,15.44,0
2010-10-04,15.44,15.44,15.44,15.44,0
2010-10-05,15.44,15.44,15.44,15.44,0
2010-10-06,15.44,15.44,15.44,15.44,0
2010-10-07,15.44,15.44,15.44,15.44,0
2010-10-08,15.44,15.44,15.44,15.44,0
2010-10-11,15.44,15.44,15.44,15.44,0
2010-10-12,15.44,15.44,15.44,15.44,0
2010-10-13,15.44,15.44,15.44,15.44,0
2010-10-14,15.56,15.56,15.56,15.56,100
2010-10-15,15.56,15.56,15.56,15.56,0
2010-10-18,15.56,15.56,15.56,15.56,0
2010-10-19,15.56,15.56,15.56,15.56,0
2010-10-20,16.61,16.61,16.61,16.61,400
2010-10-21,15.63,15.63,15.63,15.63,100
2010-10-22,16.73,16.73,16.73,16.73,100
2010-10-25,17.86,17.86,15.59,15.59,300
2010-10-26,15.63,15.63,15.63,15.63,1000
2010-10-27,15.63,15.63,15.63,15.63,100
2010-10-28,15.63,15.63,15.63,15.63,1500
2010-10-29,15.63,15.63,15.63,15.63,0
2010-11-01,15.63,15.63,15.63,15.63,0
2010-11-02,15.63,15.63,15.63,15.63,0
2010-11-03,16.61,16.61,16.61,16.61,100
2010-11-04,16.61,16.61,16.61,16.61,0
2010-11-05,17.74,17.74,17.74,17.74,100
2010-11-08,16.61,16.61,16.61,16.61,200
2010-11-09,16.61,16.61,16.61,16.61,0
2010-11-10,15.63,15.63,15.63,15.63,100
2010-11-11,14.66,14.66,14.66,14.66,100
2010-11-12,15.67,15.67,15.67,15.67,100
2010-11-15,15.67,15.67,15.67,15.67,0
2010-11-16,15.67,15.67,15.67,15.67,0
2010-11-17,15.63,15.63,15.63,15.63,400
2010-11-18,15.63,15.63,15.63,15.63,0
2010-11-19,15.63,15.63,15.63,15.63,0
2010-11-22,15.63,15.63,15.63,15.63,0
2010-11-23,15.63,15.63,15.63,15.63,0
2010-11-24,15.63,15.63,15.63,15.63,0
2010-11-25,16.69,16.69,14.58,14.58,300
2010-11-26,14.58,14.58,14.58,14.58,0
2010-11-29,14.58,14.58,14.58,14.58,0
2010-11-30,14.58,14.58,14.58,14.58,0
2010-12-01,14.58,14.58,14.58,14.58,0
2010-12-02,16.02,16.02,16.02,16.02,1000
2010-12-03,16.02,16.02,16.02,16.02,0
2010-12-06,16.02,16.02,16.02,16.02,0
2010-12-07,16.02,16.02,16.02,16.02,0
2010-12-08,15.63,15.63,15.63,15.63,1000
2010-12-09,15.63,15.63,15.63,15.63,0
2010-12-10,15.63,15.63,15.63,15.63,0
2010-12-13,15.63,15.63,15.63,15.63,0
2010-12-14,15.63,15.63,15.63,15.63,0
2010-12-15,15.63,15.63,15.63,15.63,0
2010-12-16,16.42,16.42,16.42,16.42,1000
2010-12-17,16.42,16.42,16.42,16.42,600
2010-12-20,15.63,15.63,15.63,15.63,1000
2010-12-21,15.63,15.63,15.63,15.63,0
2010-12-22,15.63,15.63,15.63,15.63,0
2010-12-23,15.63,15.63,15.63,15.63,0
2010-12-24,15.63,15.63,15.63,15.63,0
2010-12-27,16.3,16.3,16.3,16.3,300
2010-12-28,16.69,16.69,16.69,16.69,500
2010-12-29,15.56,15.56,15.56,15.56,100
2010-12-30,15.56,15.56,15.56,15.56,0
2010-12-31,15.56,15.56,15.56,15.56,0
2011-01-04,15.56,15.56,15.56,15.56,0
2011-01-05,15.56,15.56,15.56,15.56,0
2011-01-06,15.56,15.56,15.56,15.56,0
2011-01-07,15.56,15.56,15.56,15.56,0
2011-01-10,15.56,15.56,15.56,15.56,0
2011-01-11,15.56,15.56,15.56,15.56,0
2011-01-12,15.63,15.63,15.63,15.63,4800
2011-01-13,15.63,15.63,15.63,15.63,0
2011-01-14,15.63,15.63,15.63,15.63,0
2011-01-17,15.63,15.63,15.63,15.63,0
2011-01-18,15.63,15.63,15.63,15.63,700
2011-01-19,15.63,15.63,15.63,15.63,200
2011-01-20,15.63,15.63,15.63,15.63,0
2011-01-21,15.63,15.63,15.63,15.63,0
2011-01-24,16.73,16.73,16.73,16.73,2400
2011-01-25,16.02,16.02,16.02,16.02,1000
2011-01-26,16.02,16.02,16.02,16.02,0
2011-01-27,17.12,17.12,17.12,17.12,1000
2011-01-28,17.12,17.12,17.12,17.12,0
2011-02-08,17.12,17.12,17.12,17.12,0
2011-02-09,16.42,16.42,16.42,16.42,500
2011-02-10,16.42,16.42,16.42,16.42,0
2011-02-11,16.42,16.42,16.42,16.42,0
2011-02-14,16.42,16.42,16.42,16.42,0
2011-02-15,16.42,16.42,16.42,16.42,0
2011-02-16,16.42,16.42,16.42,16.42,0
2011-02-17,16.42,16.42,16.42,16.42,0
2011-02-18,16.42,16.42,16.42,16.42,0
2011-02-21,15.63,15.63,15.63,15.63,6000
2011-02-22,15.63,15.63,15.63,15.63,0
2011-02-23,15.63,15.63,15.63,15.63,0
2011-02-24,15.63,15.63,15.63,15.63,0
2011-02-25,15.63,15.63,15.63,15.63,3000
2011-02-28,15.63,15.63,15.63,15.63,1800
2011-03-01,15.63,15.63,15.63,15.63,0
2011-03-02,15.63,15.63,15.63,15.63,0
2011-03-03,15.63,15.63,15.63,15.63,0
2011-03-04,15.63,15.63,15.63,15.63,0
2011-03-07,15.63,15.63,15.63,15.63,0
2011-03-08,15.63,15.63,15.63,15.63,0
2011-03-09,16.02,16.02,16.02,16.02,2700
2011-03-10,16.02,16.02,16.02,16.02,0
2011-03-11,16.02,16.02,16.02,16.02,0
2011-03-14,15.63,15.63,15.63,15.63,2500
2011-03-15,15.63,15.63,15.63,15.63,0
2011-03-16,15.63,15.63,15.63,15.63,0
2011-03-17,15.63,15.63,15.63,15.63,0
2011-03-18,15.63,15.63,15.63,15.63,0
2011-03-21,15.63,15.63,15.63,15.63,0
2011-03-22,15.63,15.63,15.63,15.63,0
2011-03-23,15.63,15.63,15.63,15.63,0
2011-03-24,15.63,15.63,15.63,15.63,0
2011-03-25,15.63,15.63,15.63,15.63,0
2011-03-28,15.63,15.63,15.63,15.63,0
2011-03-29,15.63,15.63,15.63,15.63,0
2011-03-30,15.63,15.63,15.63,15.63,0
2011-03-31,15.63,15.63,15.63,15.63,0
2011-04-01,15.63,15.63,15.63,15.63,0
2011-04-04,15.63,15.63,15.63,15.63,0
2011-04-05,15.63,15.63,15.63,15.63,0
2011-04-06,15.63,15.63,15.63,15.63,0
2011-04-07,15.63,15.63,15.63,15.63,0
2011-04-08,15.63,15.63,15.63,15.63,0
2011-04-13,15.63,15.63,15.63,15.63,0
2011-04-14,15.63,15.63,15.63,15.63,0
2011-04-15,15.63,15.63,15.63,15.63,0
2011-04-18,15.63,15.63,15.63,15.63,0
2011-04-19,15.63,15.63,15.63,15.63,0
2011-04-20,15.63,15.63,15.63,15.63,0
2011-04-21,15.63,15.63,15.63,15.63,0
2011-04-22,15.63,15.63,15.63,15.63,0
2011-04-25,15.63,15.63,15.63,15.63,0
2011-04-26,15.63,15.63,15.63,15.63,0
2011-04-27,15.63,15.63,15.63,15.63,0
2011-04-28,15.63,15.63,15.63,15.63,0
2011-04-29,15.63,15.63,15.63,15.63,0
2011-05-04,15.63,15.63,15.63,15.63,0
2011-05-05,15.63,15.63,15.63,15.63,0
2011-05-06,15.63,15.63,15.63,15.63,0
2011-05-09,15.63,15.63,15.63,15.63,0
2011-05-10,15.63,15.63,15.63,15.63,0
2011-05-11,15.63,15.63,15.63,15.63,0
2011-05-12,15.63,15.63,15.63,15.63,0
2011-05-13,15.63,15.63,15.63,15.63,0
2011-05-16,15.63,15.63,15.63,15.63,3500
2011-05-17,15.63,15.63,15.63,15.63,2600
2011-05-18,15.63,15.63,15.63,15.63,0
2011-05-19,15.63,15.63,15.63,15.63,3400
2011-05-20,15.63,15.63,15.63,15.63,1200
2011-05-23,15.63,16.08,15.63,16.08,1000
2011-05-24,15.79,16.88,15.79,15.79,2000
2011-05-25,15.67,15.67,15.27,15.27,800
2011-05-26,15.27,15.27,15.27,15.27,0
2011-05-27,15.27,15.27,15.27,15.27,0
2011-05-30,15.67,15.67,15.67,15.67,4500
2011-05-31,15.71,15.71,15.71,15.71,400
2011-06-01,15.71,15.71,15.71,15.71,0
2011-06-02,15.71,15.71,15.71,15.71,0
2011-06-03,15.71,16.8,15.71,16.8,1900
2011-06-06,15.87,15.87,15.87,15.87,100
2011-06-07,15.87,15.87,15.87,15.87,0
2011-06-08,15.87,15.87,15.87,15.87,0
2011-06-09,15.87,15.87,15.87,15.87,0
2011-06-10,15.87,15.87,15.87,15.87,0
2011-06-13,15.87,15.87,15.87,15.87,0
2011-06-14,15.87,15.87,15.87,15.87,0
2011-06-15,15.67,15.67,15.67,15.67,500
2011-06-16,16.08,16.08,16.08,16.08,8600
2011-06-17,17.2,17.2,17.2,17.2,2900
2011-06-20,16.08,16.08,16.08,16.08,200
2011-06-21,16.08,16.08,16.08,16.08,0
2011-06-22,16.08,16.08,16.08,16.08,0
2011-06-23,16.08,16.08,16.08,16.08,0
2011-06-24,14.95,14.95,14.95,14.95,300
2011-06-27,14.95,14.95,14.95,14.95,0
2011-06-28,14.95,14.95,14.95,14.95,0
2011-06-29,14.95,14.95,14.95,14.95,0
2011-06-30,14.95,14.95,14.95,14.95,0
2011-07-01,14.95,14.95,14.95,14.95,0
2011-07-04,14.95,14.95,14.95,14.95,0
2011-07-05,14.95,14.95,14.95,14.95,0
2011-07-06,14.95,14.95,14.95,14.95,0
2011-07-07,14.95,14.95,14.95,14.95,0
2011-07-08,14.95,14.95,14.95,14.95,0
2011-07-11,14.95,14.95,14.95,14.95,0
2011-07-12,14.95,14.95,14.95,14.95,0
2011-07-13,14.95,14.95,14.95,14.95,0
2011-07-14,15.87,15.87,15.87,15.87,4500
2011-07-15,15.87,15.87,15.87,15.87,0
2011-07-18,15.87,15.87,15.87,15.87,0
2011-07-19,15.87,15.87,15.87,15.87,0
2011-07-20,15.87,15.87,15.87,15.87,0
2011-07-21,15.47,16.96,15.47,16.96,200
2011-07-22,16.96,16.96,16.96,16.96,0
2011-07-25,15.47,15.47,15.47,15.47,100
2011-07-26,15.47,15.47,15.47,15.47,0
2011-07-27,15.67,15.67,15.67,15.67,6500
2011-07-28,15.67,15.67,15.67,15.67,0
2011-07-29,15.67,15.67,15.67,15.67,0
2011-08-01,15.67,15.67,15.67,15.67,0
2011-08-02,15.67,15.67,15.67,15.67,0
2011-08-03,15.67,15.67,15.67,15.67,0
2011-08-04,15.67,15.67,15.67,15.67,0
2011-08-05,15.67,15.67,15.67,15.67,0
2011-08-08,15.67,15.67,15.67,15.67,0
2011-08-09,15.67,15.67,15.67,15.67,0
2011-08-10,15.67,15.67,15.67,15.67,0
2011-08-11,15.67,15.67,15.67,15.67,0
2011-08-12,15.67,15.67,15.67,15.67,0
2011-08-15,15.67,15.67,15.67,15.67,0
2011-08-16,15.67,15.67,15.67,15.67,0
2011-08-17,15.67,15.67,15.67,15.67,0
2011-08-18,15.67,15.67,15.67,15.67,0
2011-08-19,15.67,15.67,15.67,15.67,0
2011-08-22,15.67,15.67,15.67,15.67,0
2011-08-23,15.67,15.67,15.67,15.67,0
2011-08-24,15.67,15.67,15.67,15.67,0
2011-08-25,15.67,15.67,15.67,15.67,0
2011-08-26,15.67,15.67,15.67,15.67,0
2011-08-29,15.67,15.67,15.67,15.67,0
2011-08-30,15.67,15.67,15.67,15.67,0
2011-08-31,15.67,15.67,15.67,15.67,0
2011-09-01,15.67,15.67,15.67,15.67,0
2011-09-05,15.67,15.67,15.67,15.67,0
2011-09-06,14.87,14.87,14.87,14.87,3000
2011-09-07,14.87,14.87,14.87,14.87,0
2011-09-08,14.87,14.87,14.87,14.87,0
2011-09-09,14.87,14.87,14.87,14.87,0
2011-09-12,14.87,14.87,14.87,14.87,0
2011-09-13,14.87,14.87,14.87,14.87,0
2011-09-14,14.87,14.87,14.87,14.87,0
2011-09-15,14.87,14.87,14.87,14.87,0
2011-09-16,14.87,14.87,14.87,14.87,0
2011-09-19,14.87,14.87,14.87,14.87,0
2011-09-20,14.87,14.87,14.87,14.87,0
2011-09-21,14.87,14.87,14.87,14.87,0
2011-09-22,14.87,14.87,14.87,14.87,0
2011-09-23,14.87,14.87,14.87,14.87,0
2011-09-26,14.87,14.87,14.87,14.87,0
2011-09-27,14.87,14.87,14.87,14.87,0
2011-09-28,14.87,14.87,14.87,14.87,0
2011-09-29,14.87,14.87,14.87,14.87,0
2011-09-30,14.87,14.87,14.87,14.87,0
2011-10-03,14.87,14.87,14.87,14.87,0
2011-10-04,14.87,14.87,14.87,14.87,0
2011-10-05,14.87,14.87,14.87,14.87,0
2011-10-06,14.87,14.87,14.87,14.87,0
2011-10-07,14.87,14.87,14.87,14.87,0
2011-10-10,14.87,14.87,14.87,14.87,0
2011-10-11,14.87,14.87,14.87,14.87,0
2011-10-12,14.87,14.87,14.87,14.87,0
2011-10-13,14.87,14.87,14.87,14.87,0
2011-10-14,14.87,14.87,14.87,14.87,0
2011-10-17,14.87,14.87,14.87,14.87,0
2011-10-18,14.87,14.87,14.87,14.87,0
2011-10-19,14.87,14.87,14.87,14.87,0
2011-10-20,14.87,14.87,14.87,14.87,0
2011-10-21,14.87,14.87,14.87,14.87,0
2011-10-24,14.87,14.87,14.87,14.87,0
2011-10-25,15.27,15.27,15.27,15.27,1000
2011-10-26,15.27,15.27,15.27,15.27,0
2011-10-27,15.27,15.27,15.27,15.27,0
2011-10-28,15.27,15.27,15.27,15.27,0
2011-10-31,15.27,15.27,15.27,15.27,0
2011-11-01,15.27,15.27,15.27,15.27,0
2011-11-02,15.27,15.27,15.27,15.27,0
2011-11-03,15.27,15.27,15.27,15.27,0
2011-11-04,15.27,15.27,15.27,15.27,0
2011-11-07,15.27,15.27,15.27,15.27,0
2011-11-08,15.27,15.27,15.27,15.27,0
2011-11-09,15.27,15.27,15.27,15.27,0
2011-11-10,15.27,15.27,15.27,15.27,0
2011-11-11,15.27,15.27,15.27,15.27,0
2011-11-14,15.27,15.27,15.27,15.27,0
2011-11-15,15.27,15.27,15.27,15.27,0
2011-11-16,15.27,15.27,15.27,15.27,0
2011-11-17,15.27,15.27,15.27,15.27,0
2011-11-18,15.27,15.27,15.27,15.27,0
2011-11-21,15.27,15.27,15.27,15.27,0
2011-11-22,15.27,15.27,15.27,15.27,0
2011-11-23,15.27,15.27,15.27,15.27,0
2011-11-24,15.27,15.27,15.27,15.27,0
2011-11-25,15.27,15.27,15.27,15.27,0
2011-11-28,15.27,15.27,15.27,15.27,0
2011-11-29,15.27,15.27,15.27,15.27,0
2011-11-30,15.27,15.27,15.27,15.27,0
2011-12-01,15.27,15.27,15.27,15.27,0
2011-12-02,15.27,15.27,15.27,15.27,0
2011-12-05,15.27,15.27,15.27,15.27,0
2011-12-06,15.27,15.27,15.27,15.27,0
2011-12-07,15.27,15.27,15.27,15.27,0
2011-12-08,15.27,15.27,15.27,15.27,0
2011-12-09,15.27,15.27,15.27,15.27,0
2011-12-12,15.27,15.27,15.27,15.27,0
2011-12-13,15.27,15.27,15.27,15.27,0
2011-12-14,15.27,15.27,15.27,15.27,0
2011-12-15,15.27,15.27,15.27,15.27,0
2011-12-16,15.27,15.27,15.27,15.27,0
2011-12-19,15.27,15.27,15.27,15.27,0
2011-12-20,15.27,15.27,15.27,15.27,0
2011-12-21,15.27,15.27,15.27,15.27,0
2011-12-22,15.27,15.27,15.27,15.27,0
2011-12-23,15.27,15.27,15.27,15.27,0
2011-12-26,15.27,15.27,15.27,15.27,0
2011-12-27,15.27,15.27,15.27,15.27,0
2011-12-28,15.27,15.27,15.27,15.27,0
2011-12-29,15.27,15.27,15.27,15.27,0
2011-12-30,15.27,15.27,15.27,15.27,0
2012-01-03,15.27,15.27,15.27,15.27,0
2012-01-04,15.27,15.27,15.27,15.27,0
2012-01-05,15.27,15.27,15.27,15.27,0
2012-01-06,15.27,15.27,15.27,15.27,0
2012-01-09,15.27,15.27,15.27,15.27,0
2012-01-10,15.27,15.27,15.27,15.27,0
2012-01-11,15.27,15.27,15.27,15.27,0
2012-01-12,15.27,15.27,15.27,15.27,0
2012-01-13,15.27,15.27,15.27,15.27,0
2012-01-16,15.27,15.27,15.27,15.27,0
2012-01-17,15.27,15.27,15.27,15.27,0
2012-01-18,15.27,15.27,15.27,15.27,0
2012-01-19,15.27,15.27,15.27,15.27,0
2012-01-20,15.27,15.27,15.27,15.27,0
2012-01-30,15.27,15.27,15.27,15.27,0
2012-01-31,15.27,15.27,15.27,15.27,0
2012-02-01,15.27,15.27,15.27,15.27,0
2012-02-02,15.27,15.27,15.27,15.27,0
2012-02-03,15.27,15.27,15.27,15.27,0
2012-02-06,15.27,15.27,15.27,15.27,0
2012-02-07,15.27,15.27,15.27,15.27,0
2012-02-08,15.27,15.27,15.27,15.27,0
2012-02-09,15.27,15.27,15.27,15.27,0
2012-02-10,15.27,15.27,15.27,15.27,0
2012-02-13,15.27,15.27,15.27,15.27,0
2012-02-14,15.27,15.27,15.27,15.27,0
2012-02-15,15.27,15.27,15.27,15.27,0
2012-02-16,15.27,15.27,15.27,15.27,0
2012-02-17,15.27,15.27,15.27,15.27,0
2012-02-20,15.27,15.27,15.27,15.27,0
2012-02-21,15.27,15.27,15.27,15.27,0
2012-02-22,15.27,15.27,15.27,15.27,0
2012-02-23,15.27,15.27,15.27,15.27,0
2012-02-24,15.27,15.27,15.27,15.27,0
2012-02-27,15.27,15.27,15.27,15.27,0
2012-02-28,15.27,15.27,15.27,15.27,0
2012-02-29,15.27,15.27,15.27,15.27,0
2012-03-01,15.27,15.27,15.27,15.27,0
2012-03-02,15.27,15.27,15.27,15.27,400
2012-03-05,15.27,15.27,15.27,15.27,0
2012-03-06,15.27,15.27,15.27,15.27,0
2012-03-07,15.27,15.27,15.27,15.27,0
2012-03-08,15.27,15.27,15.27,15.27,0
2012-03-09,15.27,15.27,15.27,15.27,0
2012-03-12,15.27,15.27,15.27,15.27,0
2012-03-13,15.27,15.27,15.27,15.27,0
2012-03-14,15.27,15.27,15.27,15.27,0
2012-03-15,14.27,14.27,14.27,14.27,200
2012-03-16,14.27,14.27,14.27,14.27,0
2012-03-19,14.27,14.27,14.27,14.27,0
2012-03-20,14.27,14.27,14.27,14.27,0
2012-03-21,14.27,14.27,14.27,14.27,0
2012-03-22,14.27,14.27,14.27,14.27,0
2012-03-23,14.27,14.27,14.27,14.27,0
2012-03-26,14.27,14.27,14.27,14.27,0
2012-03-27,14.27,14.27,14.27,14.27,0
2012-03-28,14.27,14.27,14.27,14.27,0
2012-03-29,14.27,14.27,14.27,14.27,0
2012-03-30,14.27,14.27,14.27,14.27,0
2012-04-03,14.27,14.27,14.27,14.27,0
2012-04-04,14.27,14.27,14.27,14.27,0
2012-04-05,14.27,14.27,14.27,14.27,0
2012-04-06,14.27,14.27,14.27,14.27,0
2012-04-09,15.23,15.23,15.23,15.23,100
2012-04-10,15.23,15.23,15.23,15.23,0
2012-04-11,14.19,14.19,14.19,14.19,10200
2012-04-12,14.19,14.19,14.19,14.19,0
2012-04-13,14.19,14.19,14.19,14.19,0
2012-04-16,14.19,14.19,14.19,14.19,0
2012-04-17,14.19,14.19,14.19,14.19,0
2012-04-18,14.19,14.19,14.19,14.19,0
2012-04-19,13.22,13.22,13.22,13.22,200
2012-04-20,13.22,13.22,13.22,13.22,0
2012-04-23,13.22,13.22,13.22,13.22,0
2012-04-24,13.22,13.22,13.22,13.22,0
2012-04-25,13.22,13.22,13.22,13.22,0
2012-04-26,13.22,13.22,13.22,13.22,0
2012-04-27,13.22,13.22,13.22,13.22,0
2012-05-02,13.22,13.22,13.22,13.22,0
2012-05-03,13.22,13.22,13.22,13.22,0
2012-05-04,13.22,13.22,13.22,13.22,0
2012-05-07,13.22,13.22,13.22,13.22,0
2012-05-08,13.22,13.22,13.22,13.22,0
2012-05-09,13.22,13.22,13.22,13.22,0
2012-05-10,13.22,13.22,13.22,13.22,0
2012-05-11,13.22,13.22,13.22,13.22,0
2012-05-14,13.22,13.22,13.22,13.22,0
2012-05-15,13.22,13.22,13.22,13.22,0
2012-05-16,13.22,13.22,13.22,13.22,0
2012-05-17,13.22,13.22,13.22,13.22,0
2012-05-18,13.22,13.22,13.22,13.22,0
2012-05-21,13.22,13.22,13.22,13.22,0
2012-05-22,13.22,13.22,13.22,13.22,0
2012-05-23,13.22,13.22,13.22,13.22,0
2012-05-24,13.22,13.22,13.22,13.22,0
2012-05-25,13.22,13.22,13.22,13.22,0
2012-05-28,13.22,13.22,13.22,13.22,0
2012-05-29,13.22,13.22,13.22,13.22,0
2012-05-30,13.22,13.22,13.22,13.22,0
2012-05-31,13.22,13.22,13.22,13.22,0
2012-06-01,13.22,13.22,13.22,13.22,0
2012-06-04,13.22,13.22,13.22,13.22,0
2012-06-05,13.22,13.22,13.22,13.22,0
2012-06-06,13.22,13.22,13.22,13.22,0
2012-06-07,13.22,13.22,13.22,13.22,0
2012-06-08,13.22,13.22,13.22,13.22,0
2012-06-11,13.22,13.22,13.22,13.22,0
2012-06-12,13.22,13.22,13.22,13.22,0
2012-06-13,13.22,13.22,13.22,13.22,0
2012-06-14,13.22,13.22,13.22,13.22,0
2012-06-15,13.22,13.22,13.22,13.22,0
2012-06-18,13.22,13.22,13.22,13.22,0
2012-06-19,13.22,13.22,13.22,13.22,0
2012-06-20,13.22,13.22,13.22,13.22,0
2012-06-21,13.22,13.22,13.22,13.22,0
2012-06-22,13.22,13.22,13.22,13.22,0
2012-06-25,13.22,13.22,13.22,13.22,0
2012-06-26,13.22,13.22,13.22,13.22,0
2012-06-27,13.22,13.22,13.22,13.22,0
2012-06-28,13.22,13.22,13.22,13.22,0
2012-06-29,13.22,13.22,13.22,13.22,0
2012-07-02,13.64,13.64,13.64,13.64,0
2012-07-03,12.43,12.43,12.43,12.43,100
2012-07-04,11.56,11.56,11.56,11.56,100
2012-07-05,10.78,10.78,10.78,10.78,100
2012-07-06,10.78,10.78,10.78,10.78,0
2012-07-09,10.03,10.03,10.03,10.03,100
2012-07-10,9.37,10.69,9.37,10.69,1200
2012-07-11,9.95,11.44,9.95,11.44,300
2012-07-12,11.44,11.44,11.44,11.44,0
2012-07-13,12.23,12.23,12.23,12.23,100
2012-07-16,12.23,12.23,12.23,12.23,0
2012-07-17,12.23,12.23,12.23,12.23,0
2012-07-18,12.23,12.23,12.23,12.23,0
2012-07-19,12.23,12.23,12.23,12.23,0
2012-07-20,12.23,12.23,12.23,12.23,0
2012-07-23,12.23,12.23,12.23,12.23,0
2012-07-24,12.23,12.23,12.23,12.23,0
2012-07-25,12.23,12.23,12.23,12.23,0
2012-07-26,12.23,12.23,12.23,12.23,0
2012-07-27,12.23,12.23,12.23,12.23,0
2012-07-30,12.23,12.23,12.23,12.23,0
2012-07-31,12.23,12.23,12.23,12.23,0
2012-08-01,12.23,12.23,12.23,12.23,0
2012-08-02,12.23,12.23,12.23,12.23,0
2012-08-03,12.23,12.23,12.23,12.23,0
2012-08-06,12.23,12.23,12.23,12.23,0
2012-08-07,12.23,12.23,12.23,12.23,0
2012-08-08,12.23,12.23,12.23,12.23,0
2012-08-09,12.23,12.23,12.23,12.23,0
2012-08-10,12.23,12.23,12.23,12.23,0
2012-08-13,12.23,12.23,12.23,12.23,0
2012-08-14,12.23,12.23,12.23,12.23,0
2012-08-15,12.23,12.23,12.23,12.23,0
2012-08-16,12.23,12.23,12.23,12.23,0
2012-08-17,12.23,12.23,12.23,12.23,0
2012-08-20,12.23,12.23,12.23,12.23,0
2012-08-21,12.23,12.23,12.23,12.23,0
2012-08-22,12.23,12.23,12.23,12.23,0
2012-08-23,12.23,12.23,12.23,12.23,0
2012-08-24,12.23,12.23,12.23,12.23,0
2012-08-27,12.23,12.23,12.23,12.23,0
2012-08-28,12.23,12.23,12.23,12.23,0
2012-08-29,13.06,13.06,13.06,13.06,100
2012-08-30,13.06,13.06,13.06,13.06,0
2012-08-31,13.06,13.06,13.06,13.06,0
2012-09-04,13.06,13.06,13.06,13.06,0
2012-09-05,13.06,13.06,13.06,13.06,0
2012-09-06,13.06,13.06,13.06,13.06,0
2012-09-07,13.06,13.06,13.06,13.06,0
2012-09-10,13.06,13.06,13.06,13.06,0
2012-09-11,13.06,13.06,13.06,13.06,0
2012-09-12,13.06,13.06,13.06,13.06,0
2012-09-13,13.06,13.06,13.06,13.06,0
2012-09-14,13.06,13.06,13.06,13.06,0
2012-09-17,13.06,13.06,13.06,13.06,0
2012-09-18,13.06,13.06,13.06,13.06,0
2012-09-19,13.06,13.06,13.06,13.06,0
2012-09-20,13.06,13.06,13.06,13.06,0
2012-09-21,13.06,13.06,13.06,13.06,0
2012-09-24,13.06,13.06,13.06,13.06,0
2012-09-25,13.06,13.06,13.06,13.06,0
2012-09-26,13.06,13.06,13.06,13.06,0
2012-09-27,13.06,13.06,13.06,13.06,0
2012-09-28,12.23,12.23,12.23,12.23,100
2012-10-01,11.61,11.61,11.61,11.61,1100
2012-10-02,11.61,11.61,11.61,11.61,0
2012-10-03,11.61,11.61,11.61,11.61,0
2012-10-04,11.61,11.61,11.61,11.61,0
2012-10-05,11.61,11.61,11.61,11.61,0
2012-10-08,11.61,11.61,11.61,11.61,0
2012-10-09,11.61,11.61,11.61,11.61,0
2012-10-10,11.61,11.61,11.61,11.61,0
2012-10-11,12.39,12.39,12.39,12.39,100
2012-10-12,12.39,12.39,12.39,12.39,0
2012-10-15,12.39,12.39,12.39,12.39,0
2012-10-16,12.39,12.39,12.39,12.39,0
2012-10-17,12.39,12.39,12.39,12.39,0
2012-10-18,12.39,12.39,12.39,12.39,0
2012-10-19,12.39,12.39,12.39,12.39,0
2012-10-22,12.39,12.39,12.39,12.39,0
2012-10-23,12.39,12.39,12.39,12.39,0
2012-10-24,12.39,12.39,12.39,12.39,0
2012-10-25,12.39,12.39,12.39,12.39,0
2012-10-26,12.39,12.39,12.39,12.39,0
2012-10-29,12.39,12.39,12.39,12.39,0
2012-10-30,12.39,12.39,12.39,12.39,0
2012-10-31,12.39,12.39,12.39,12.39,0
2012-11-01,12.39,12.39,12.39,12.39,0
2012-11-02,12.39,12.39,12.39,12.39,0
2012-11-05,12.39,12.39,12.39,12.39,0
2012-11-06,12.39,12.39,12.39,12.39,0
2012-11-07,12.39,12.39,12.39,12.39,0
2012-11-08,12.39,12.39,12.39,12.39,0
2012-11-09,12.39,12.39,12.39,12.39,0
2012-11-12,12.39,12.39,12.39,12.39,0
2012-11-13,12.39,12.39,12.39,12.39,0
2012-11-14,12.39,12.39,12.39,12.39,0
2012-11-15,12.39,12.39,12.39,12.39,0
2012-11-16,12.39,12.39,12.39,12.39,0
2012-11-19,12.39,12.39,12.39,12.39,0
2012-11-20,12.39,12.39,12.39,12.39,0
2012-11-21,12.39,12.39,12.39,12.39,0
2012-11-22,12.39,12.39,12.39,12.39,0
2012-11-23,12.39,12.39,12.39,12.39,0
2012-11-26,12.39,12.39,12.39,12.39,0
2012-11-27,12.39,12.39,12.39,12.39,0
2012-11-28,12.39,12.39,12.39,12.39,0
2012-11-29,12.39,12.39,12.39,12.39,0
2012-11-30,12.39,12.39,12.39,12.39,0
2012-12-03,12.39,12.39,12.39,12.39,0
2012-12-04,12.39,12.39,12.39,12.39,0
2012-12-05,12.85,12.85,12.85,12.85,100
2012-12-06,12.85,12.85,12.85,12.85,0
2012-12-07,12.85,12.85,12.85,12.85,0
2012-12-10,12.85,12.85,12.85,12.85,0
2012-12-11,12.85,12.85,12.85,12.85,0
2012-12-12,12.85,12.85,12.85,12.85,0
2012-12-13,12.85,12.85,12.85,12.85,0
2012-12-14,12.85,12.85,12.85,12.85,0
2012-12-17,12.85,12.85,12.85,12.85,0
2012-12-18,12.85,12.85,12.85,12.85,0
2012-12-19,12.85,12.85,12.85,12.85,0
2012-12-20,12.85,12.85,12.85,12.85,0
2012-12-21,12.85,12.85,12.85,12.85,0
2012-12-24,12.85,12.85,12.85,12.85,0
2012-12-25,12.85,12.85,12.85,12.85,0
2012-12-26,12.85,12.85,12.85,12.85,0
2012-12-27,12.85,12.85,12.85,12.85,0
2012-12-28,12.85,12.85,12.85,12.85,0
2013-01-02,12.85,12.85,12.85,12.85,0
2013-01-03,12.85,12.85,12.85,12.85,0
2013-01-04,12.85,12.85,12.85,12.85,0
2013-01-07,12.85,12.85,12.85,12.85,0
2013-01-08,12.85,12.85,12.85,12.85,0
2013-01-09,12.85,12.85,12.85,12.85,0
2013-01-10,12.85,12.85,12.85,12.85,0
2013-01-11,12.85,12.85,12.85,12.85,0
2013-01-14,12.85,12.85,12.85,12.85,0
2013-01-15,12.85,12.85,12.85,12.85,0
2013-01-16,14.13,14.13,14.13,14.13,100
2013-01-17,14.13,14.13,14.13,14.13,0
2013-01-18,14.13,14.13,14.13,14.13,0
2013-01-21,14.13,14.13,14.13,14.13,0
2013-01-22,14.13,14.13,14.13,14.13,0
2013-01-23,14.13,14.13,14.13,14.13,0
2013-01-24,14.13,14.13,14.13,14.13,0
2013-01-25,14.13,14.13,14.13,14.13,0
2013-01-28,14.13,14.13,14.13,14.13,0
2013-01-29,12.72,12.72,12.72,12.72,100
2013-01-30,12.72,12.72,12.72,12.72,0
2013-01-31,12.72,12.72,12.72,12.72,0
2013-02-01,12.72,12.72,12.72,12.72,0
2013-02-04,12.72,12.72,12.72,12.72,0
2013-02-05,12.72,12.72,12.72,12.72,0
2013-02-06,12.72,12.72,12.72,12.72,0
2013-02-07,12.72,12.72,12.72,12.72,0
2013-02-08,12.72,12.72,12.72,12.72,0
2013-02-18,12.72,12.72,12.72,12.72,0
2013-02-19,12.72,12.72,12.72,12.72,0
2013-02-20,12.72,12.72,12.72,12.72,0
2013-02-21,12.72,12.72,12.72,12.72,0
2013-02-22,12.72,12.72,12.72,12.72,0
2013-02-25,12.72,12.72,12.72,12.72,0
2013-02-26,12.72,12.72,12.72,12.72,0
2013-02-27,12.43,12.43,12.43,12.43,1500
2013-02-28,12.43,12.43,12.43,12.43,0
2013-03-01,12.43,12.43,12.43,12.43,800
2013-03-04,12.43,12.43,12.43,12.43,0
2013-03-05,12.43,12.43,12.43,12.43,1000
2013-03-06,12.43,12.43,12.43,12.43,0
2013-03-07,12.43,12.43,12.43,12.43,3000
2013-03-08,12.43,12.43,12.43,12.43,0
2013-03-11,12.43,12.43,12.43,12.43,0
2013-03-12,12.43,12.43,12.43,12.43,0
2013-03-13,12.43,12.43,12.43,12.43,0
2013-03-14,12.43,12.43,12.43,12.43,0
2013-03-15,12.43,12.43,12.43,12.43,0
2013-03-18,12.43,12.43,12.43,12.43,0
2013-03-19,12.43,12.43,12.43,12.43,0
2013-03-20,12.43,12.43,12.43,12.43,0
2013-03-21,12.43,12.43,12.43,12.43,0
2013-03-22,12.43,12.43,12.43,12.43,0
2013-03-25,12.43,12.43,12.43,12.43,0
2013-03-26,12.43,12.43,12.43,12.43,0
2013-03-27,12.43,12.43,12.43,12.43,0
2013-03-28,12.43,12.43,12.43,12.43,2000
2013-03-29,12.43,12.43,12.43,12.43,0
2013-04-01,12.43,12.43,12.43,12.43,0
2013-04-02,12.43,12.43,12.43,12.43,0
2013-04-03,12.43,12.43,12.43,12.43,0
2013-04-04,12.43,12.43,12.43,12.43,0
2013-04-05,12.43,12.43,12.43,12.43,0
2013-04-08,12.43,12.43,12.43,12.43,0
2013-04-09,12.43,12.43,12.43,12.43,0
2013-04-10,12.43,12.43,12.43,12.43,0
2013-04-11,12.43,12.43,12.43,12.43,0
2013-04-12,12.43,12.43,12.43,12.43,0
2013-04-15,12.43,12.43,12.43,12.43,0
2013-04-16,12.43,12.43,12.43,12.43,0
2013-04-17,12.43,12.43,12.43,12.43,0
2013-04-18,12.43,12.43,12.43,12.43,0
2013-04-22,12.43,12.43,12.43,12.43,0
2013-04-23,12.43,12.43,12.43,12.43,0
2013-04-24,12.43,12.43,12.43,12.43,0
2013-04-25,12.43,12.43,12.43,12.43,0
2013-04-26,12.43,12.43,12.43,12.43,0
2013-05-02,12.43,12.43,12.43,12.43,0
2013-05-03,12.43,12.43,12.43,12.43,0
2013-05-06,12.43,12.43,12.43,12.43,0
2013-05-07,12.43,12.43,12.43,12.43,0
2013-05-08,12.43,12.43,12.43,12.43,0
2013-05-09,12.43,12.43,12.43,12.43,0
2013-05-10,12.43,12.43,12.43,12.43,0
2013-05-13,12.43,12.43,12.43,12.43,0
2013-05-14,12.43,12.43,12.43,12.43,0
2013-05-15,12.43,12.43,12.43,12.43,0
2013-05-16,12.43,12.43,12.43,12.43,0
2013-05-17,12.43,12.43,12.43,12.43,0
2013-05-20,12.43,12.43,12.43,12.43,0
2013-05-21,12.43,12.43,12.43,12.43,0
2013-05-22,12.43,12.43,12.43,12.43,0
2013-05-23,12.43,12.43,12.43,12.43,0
2013-05-24,12.43,12.43,12.43,12.43,0
2013-05-27,13.68,13.68,13.68,13.68,1000
2013-05-28,13.68,13.68,13.68,13.68,0
2013-05-29,13.68,13.68,13.68,13.68,0
2013-05-30,13.68,13.68,13.68,13.68,0
2013-05-31,13.68,13.68,13.68,13.68,0
2013-06-03,13.68,13.68,13.68,13.68,0
2013-06-04,13.68,13.68,13.68,13.68,0
2013-06-05,13.68,13.68,13.68,13.68,0
2013-06-06,13.68,13.68,13.68,13.68,0
2013-06-07,13.68,13.68,13.68,13.68,0
2013-06-10,13.68,13.68,13.68,13.68,0
2013-06-11,13.68,13.68,13.68,13.68,0
2013-06-12,13.68,13.68,13.68,13.68,0
2013-06-13,13.68,13.68,13.68,13.68,0
2013-06-14,13.68,13.68,13.68,13.68,0
2013-06-17,13.68,13.68,13.68,13.68,0
2013-06-18,13.68,13.68,13.68,13.68,0
2013-06-19,13.68,13.68,13.68,13.68,0
2013-06-20,13.68,13.68,13.68,13.68,0
2013-06-21,13.68,13.68,13.68,13.68,0
2013-06-24,13.68,13.68,13.68,13.68,0
2013-06-25,13.68,13.68,13.68,13.68,0
2013-06-26,13.68,13.68,13.68,13.68,0
2013-06-27,13.68,13.68,13.68,13.68,0
2013-06-28,13.68,13.68,13.68,13.68,0
2013-07-01,13.68,13.68,13.68,13.68,0
2013-07-02,13.68,13.68,13.68,13.68,0
2013-07-03,13.68,13.68,13.68,13.68,0
2013-07-04,13.68,13.68,13.68,13.68,0
2013-07-05,13.68,13.68,13.68,13.68,0
2013-07-08,13.68,13.68,13.68,13.68,0
2013-07-09,13.68,13.68,13.68,13.68,0
2013-07-10,13.68,13.68,13.68,13.68,0
2013-07-11,12.43,12.43,12.43,12.43,100
2013-07-12,12.43,12.43,12.43,12.43,0
2013-07-15,12.43,12.43,12.43,12.43,0
2013-07-16,12.43,12.43,12.43,12.43,0
2013-07-17,12.43,12.43,12.43,12.43,0
2013-07-18,12.43,12.43,12.43,12.43,0
2013-07-19,12.43,12.43,12.43,12.43,0
2013-07-22,12.43,12.43,12.43,12.43,0
2013-07-23,12.43,12.43,12.43,12.43,0
2013-07-24,12.43,12.43,12.43,12.43,0
2013-07-25,12.43,12.43,12.43,12.43,0
2013-07-26,12.43,12.43,12.43,12.43,0
2013-07-29,11.19,11.19,11.19,11.19,100
2013-07-30,11.19,11.19,11.19,11.19,0
2013-07-31,11.19,11.19,11.19,11.19,0
2013-08-01,11.19,11.19,11.19,11.19,0
2013-08-02,11.19,11.19,11.19,11.19,0
2013-08-05,10.26,10.26,10.26,10.26,100
2013-08-06,10.26,10.26,10.26,10.26,0
2013-08-07,9.33,9.33,9.33,9.33,400
2013-08-08,9.33,9.33,9.33,9.33,0
2013-08-09,9.33,9.33,9.33,9.33,0
2013-08-12,9.33,9.33,9.33,9.33,0
2013-08-13,9.33,9.33,9.33,9.33,0
2013-08-14,9.33,9.33,9.33,9.33,0
2013-08-15,9.33,9.33,9.33,9.33,0
2013-08-16,9.33,9.33,9.33,9.33,0
2013-08-19,9.33,9.33,9.33,9.33,0
2013-08-20,9.33,9.33,9.33,9.33,0
2013-08-21,9.33,9.33,9.33,9.33,0
2013-08-22,9.33,9.33,9.33,9.33,0
2013-08-23,9.33,9.33,9.33,9.33,0
2013-08-26,9.33,9.33,9.33,9.33,0
2013-08-27,9.33,9.33,9.33,9.33,0
2013-08-28,9.33,9.33,9.33,9.33,0
2013-08-29,9.33,9.33,9.33,9.33,0
2013-08-30,9.33,9.33,9.33,9.33,0
2013-09-03,9.33,9.33,9.33,9.33,0
2013-09-04,9.33,9.33,9.33,9.33,0
2013-09-05,9.33,9.33,9.33,9.33,0
2013-09-06,9.33,9.33,9.33,9.33,0
2013-09-09,9.33,9.33,9.33,9.33,0
2013-09-10,9.33,9.33,9.33,9.33,0
2013-09-11,9.33,9.33,9.33,9.33,0
2013-09-12,9.33,9.33,9.33,9.33,0
2013-09-13,9.33,9.33,9.33,9.33,0
2013-09-16,9.33,9.33,9.33,9.33,0
2013-09-17,9.33,9.33,9.33,9.33,0
2013-09-18,9.33,9.33,9.33,9.33,0
2013-09-19,9.33,9.33,9.33,9.33,0
2013-09-20,9.33,9.33,9.33,9.33,0
2013-09-23,9.33,9.33,9.33,9.33,0
2013-09-24,9.33,9.33,9.33,9.33,0
2013-09-25,9.33,9.33,9.33,9.33,0
2013-09-26,9.33,9.33,9.33,9.33,0
2013-09-27,9.33,9.33,9.33,9.33,0
2013-09-30,9.33,9.33,9.33,9.33,0
2013-10-01,9.33,9.33,9.33,9.33,0
2013-10-02,9.33,9.33,9.33,9.33,0
2013-10-03,9.33,9.33,9.33,9.33,0
2013-10-04,9.33,9.33,9.33,9.33,0
2013-10-07,9.33,9.33,9.33,9.33,100
2013-10-08,9.33,9.33,9.33,9.33,0
2013-10-09,9.33,9.33,9.33,9.33,0
2013-10-10,9.33,9.33,9.33,9.33,0
2013-10-11,9.33,9.33,9.33,9.33,0
2013-10-14,9.33,9.33,9.33,9.33,0
2013-10-15,9.33,9.33,9.33,9.33,0
2013-10-16,9.33,9.33,9.33,9.33,0
2013-10-17,9.33,9.33,9.33,9.33,0
2013-10-18,9.33,9.33,9.33,9.33,0
2013-10-21,9.33,9.33,9.33,9.33,0
2013-10-22,9.33,9.33,9.33,9.33,0
2013-10-23,9.33,9.33,9.33,9.33,0
2013-10-24,9.33,9.33,9.33,9.33,0
2013-10-25,9.33,9.33,9.33,9.33,0
2013-10-28,9.33,9.33,9.33,9.33,0
2013-10-29,9.33,9.33,9.33,9.33,0
2013-10-30,9.33,9.33,9.33,9.33,0
2013-10-31,9.33,9.33,9.33,9.33,0
2013-11-01,9.33,9.33,9.33,9.33,0
2013-11-04,9.33,9.33,9.33,9.33,0
2013-11-05,9.33,9.33,9.33,9.33,0
2013-11-06,9.33,9.33,9.33,9.33,0
2013-11-07,9.33,9.33,9.33,9.33,0
2013-11-08,9.33,9.33,9.33,9.33,0
2013-11-11,9.33,9.33,9.33,9.33,0
2013-11-12,9.33,9.33,9.33,9.33,0
2013-11-13,9.33,9.33,9.33,9.33,0
2013-11-14,9.33,9.33,9.33,9.33,0
2013-11-15,9.33,9.33,9.33,9.33,0
2013-11-18,9.33,9.33,9.33,9.33,0
2013-11-19,9.33,9.33,9.33,9.33,0
2013-11-20,9.33,9.33,9.33,9.33,0
2013-11-21,9.33,9.33,9.33,9.33,0
2013-11-22,9.33,9.33,9.33,9.33,0
2013-11-25,9.33,9.33,9.33,9.33,100
2013-11-26,9.33,9.33,9.33,9.33,0
2013-11-27,9.33,9.33,9.33,9.33,0
2013-11-28,9.33,9.33,9.33,9.33,0
2013-11-29,9.33,9.33,9.33,9.33,0
2013-12-02,9.33,9.33,9.33,9.33,0
2013-12-03,9.33,9.33,9.33,9.33,0
2013-12-04,9.33,9.33,9.33,9.33,0
2013-12-05,9.33,9.33,9.33,9.33,0
2013-12-06,9.33,9.33,9.33,9.33,0
2013-12-09,9.33,9.33,9.33,9.33,0
2013-12-10,9.33,9.33,9.33,9.33,0
2013-12-11,9.33,9.33,9.33,9.33,0
2013-12-12,9.33,9.33,9.33,9.33,0
2013-12-13,9.33,9.33,9.33,9.33,0
2013-12-16,9.33,9.33,9.33,9.33,0
2013-12-17,9.33,9.33,9.33,9.33,0
2013-12-18,9.33,9.33,9.33,9.33,0
2013-12-19,9.33,9.33,9.33,9.33,0
2013-12-20,9.33,9.33,9.33,9.33,0
2013-12-23,9.33,9.33,9.33,9.33,0
2013-12-24,9.33,9.33,9.33,9.33,0
2013-12-25,9.33,9.33,9.33,9.33,0
2013-12-26,9.33,9.33,9.33,9.33,0
2013-12-27,9.33,9.33,9.33,9.33,0
2013-12-30,9.33,9.33,9.33,9.33,0
2013-12-31,9.33,9.33,9.33,9.33,0
2014-01-02,9.33,9.33,9.33,9.33,0
2014-01-03,9.33,9.33,9.33,9.33,0
2014-01-06,9.33,9.33,9.33,9.33,0
2014-01-07,9.33,9.33,9.33,9.33,0
2014-01-08,9.33,9.33,9.33,9.33,0
2014-01-09,9.33,9.33,9.33,9.33,0
2014-01-10,9.33,9.33,9.33,9.33,0
2014-01-13,9.33,9.33,9.33,9.33,0
2014-01-14,9.33,9.33,9.33,9.33,0
2014-01-15,9.33,9.33,9.33,9.33,0
2014-01-16,9.33,9.33,9.33,9.33,0
2014-01-17,9.33,9.33,9.33,9.33,0
2014-01-20,9.33,9.33,9.33,9.33,0
2014-01-21,9.33,9.33,9.33,9.33,0
2014-01-22,9.33,9.33,9.33,9.33,0
2014-01-23,9.33,9.33,9.33,9.33,0
2014-01-24,9.33,9.33,9.33,9.33,0
2014-01-27,9.33,9.33,9.33,9.33,0
2014-02-06,9.33,9.33,9.33,9.33,0
2014-02-07,9.33,9.33,9.33,9.33,0
2014-02-10,9.95,9.95,9.95,9.95,200
2014-02-11,9.95,9.95,9.95,9.95,0
2014-02-12,9.95,9.95,9.95,9.95,0
2014-02-13,10.94,10.94,10.94,10.94,15000
2014-02-14,10.94,10.94,10.94,10.94,0
2014-02-17,10.94,10.94,10.94,10.94,0
2014-02-18,10.94,10.94,10.94,10.94,0
2014-02-19,10.94,10.94,10.94,10.94,0
2014-02-20,10.94,10.94,10.94,10.94,0
2014-02-21,10.94,10.94,10.94,10.94,0
2014-02-24,10.94,10.94,10.94,10.94,0
2014-02-25,10.94,10.94,10.94,10.94,0
2014-02-26,10.94,10.94,10.94,10.94,0
2014-02-27,10.94,10.94,10.94,10.94,0
2014-02-28,10.94,10.94,10.94,10.94,0
2014-03-03,10.94,10.94,10.94,10.94,0
2014-03-04,10.94,10.94,10.94,10.94,0
2014-03-05,9.89,9.89,9.89,9.89,100
2014-03-06,9.01,9.01,9.01,9.01,500
2014-03-07,9.01,9.01,8.39,8.39,5100
2014-03-10,8.39,8.39,8.39,8.39,0
2014-03-11,8.39,8.39,8.39,8.39,0
2014-03-12,8.39,8.39,8.39,8.39,0
2014-03-13,8.39,8.39,8.39,8.39,0
2014-03-14,8.39,8.39,8.39,8.39,0
2014-03-17,9.01,9.01,9.01,9.01,500
2014-03-18,9.64,9.64,8.7,8.7,200
2014-03-19,8.7,8.7,8.7,8.7,0
2014-03-20,8.7,8.7,8.7,8.7,0
2014-03-21,8.7,8.7,8.7,8.7,0
2014-03-24,8.7,8.7,8.7,8.7,500
2014-03-25,9.33,9.33,9.33,9.33,100
2014-03-26,9.95,9.95,9.95,9.95,400
2014-03-27,9.95,9.95,9.95,9.95,0
2014-03-28,9.95,9.95,9.95,9.95,0
2014-03-31,9.95,9.95,9.95,9.95,0
2014-04-01,9.33,9.33,9.33,9.33,200
2014-04-02,8.7,8.7,8.7,8.7,200
2014-04-03,8.7,8.7,8.7,8.7,0
2014-04-04,8.7,8.7,8.7,8.7,0
2014-04-07,8.7,8.7,8.7,8.7,0
2014-04-08,9.57,9.57,9.57,9.57,150
2014-04-10,9.57,9.57,9.57,9.57,0
2014-04-11,9.57,9.57,9.57,9.57,0
2014-04-14,9.57,9.57,9.57,9.57,0
2014-04-15,9.57,9.57,9.57,9.57,0
2014-04-16,9.57,9.57,9.57,9.57,0
2014-04-17,9.57,9.57,9.57,9.57,0
2014-04-18,9.57,9.57,9.57,9.57,0
2014-04-21,9.57,9.57,9.57,9.57,0
2014-04-22,9.57,9.57,9.57,9.57,0
2014-04-23,9.57,9.57,9.57,9.57,0
2014-04-24,9.57,9.57,9.57,9.57,0
2014-04-25,9.57,9.57,9.57,9.57,0
2014-04-28,9.57,9.57,9.57,9.57,0
2014-04-29,9.57,9.57,9.57,9.57,0
2014-05-05,9.33,9.33,9.33,9.33,3300
2014-05-06,9.01,9.01,8.39,8.39,4720
2014-05-07,8.39,8.39,8.39,8.39,130
2014-05-08,8.39,8.39,8.39,8.39,0
2014-05-09,8.39,8.39,8.39,8.39,0
2014-05-12,8.39,8.39,8.39,8.39,0
2014-05-13,7.58,7.58,7.58,7.58,1000
2014-05-14,7.58,7.58,7.58,7.58,0
2014-05-15,7.58,7.58,7.58,7.58,30
2014-05-16,7.58,7.58,7.58,7.58,0
2014-05-19,7.58,7.58,7.58,7.58,0
2014-05-20,7.15,7.15,7.15,7.15,100
2014-05-21,6.84,6.84,6.84,6.84,1000
2014-05-22,6.65,6.65,6.53,6.53,1000
2014-05-23,6.53,6.53,6.53,6.53,0
2014-05-26,6.53,6.53,6.53,6.53,5000
2014-05-27,6.22,6.22,6.22,6.22,2000
2014-05-28,6.22,6.22,5.91,5.91,2100
2014-05-29,5.35,5.35,5.35,5.35,1000
2014-05-30,5.41,5.41,4.85,4.91,14000
2014-06-02,5.35,5.35,5.35,5.35,2000
2014-06-03,4.97,4.97,4.97,4.97,400
2014-06-04,4.48,5.47,4.48,5.47,59700
2014-06-05,5.91,5.97,5.91,5.97,2500
2014-06-06,6.53,6.53,6.53,6.53,4300
2014-06-09,6.65,7.15,6.65,7.15,700
2014-06-10,7.77,7.83,7.77,7.83,1400
2014-06-11,8.58,8.58,8.58,8.58,9850
2014-06-12,9.39,9.39,8.08,9.39,1310
2014-06-13,10.32,10.32,9.33,10.32,320
2014-06-16,11.19,11.32,11.13,11.32,1600
2014-06-17,12.31,12.31,12.31,12.31,100
2014-06-18,13.06,13.06,13.06,13.06,120
2014-06-19,13.06,13.06,13.06,13.06,0
2014-06-20,13.68,13.68,13.68,13.68,100
2014-06-23,12.31,13.99,12.31,13.99,2600
2014-06-24,12.62,12.62,12.62,12.62,1700
2014-06-25,12.62,12.62,12.62,12.62,400
2014-06-26,12.62,12.62,12.62,12.62,0
2014-06-27,12.91,12.91,12.91,12.91,0
2014-06-30,12.91,12.91,12.91,12.91,0
2014-07-01,12.91,12.91,12.91,12.91,0
2014-07-02,12.65,13.35,12.65,13.35,600
2014-07-03,13.99,13.99,13.99,13.99,500
2014-07-04,13.99,14.62,13.99,14.62,4750
2014-07-07,14.62,14.62,14.62,14.62,400
2014-07-08,15.26,15.26,15.26,15.26,100
2014-07-09,15.26,15.26,15.26,15.26,0
2014-07-10,15.26,15.26,15.26,15.26,0
2014-07-11,15.26,15.26,15.26,15.26,0
2014-07-14,15.26,15.26,15.26,15.26,0
2014-07-15,15.26,15.26,15.26,15.26,0
2014-07-16,15.26,15.26,15.26,15.26,0
2014-07-17,15.26,15.26,15.26,15.26,0
2014-07-18,15.26,15.26,15.26,15.26,0
2014-07-21,15.26,15.26,15.26,15.26,0
2014-07-22,15.26,15.26,15.26,15.26,0
2014-07-23,15.26,15.26,15.26,15.26,0
2014-07-24,15.26,15.26,15.26,15.26,0
2014-07-25,15.26,15.26,15.26,15.26,0
2014-07-28,15.26,15.26,15.26,15.26,0
2014-07-29,13.73,13.73,13.73,13.73,11450
2014-07-30,13.73,13.73,13.73,13.73,0
2014-07-31,13.73,13.73,13.73,13.73,0
2014-08-01,13.73,13.73,13.73,13.73,0
2014-08-04,14.56,14.56,14.56,14.56,100
2014-08-05,14.56,14.56,14.56,14.56,0
2014-08-06,14.56,14.56,14.56,14.56,0
2014-08-07,14.56,14.56,14.56,14.56,0
2014-08-08,14.56,14.56,14.56,14.56,0
2014-08-11,14.56,14.56,14.56,14.56,0
2014-08-12,14.56,14.56,14.56,14.56,0
2014-08-13,14.56,14.56,14.56,14.56,0
2014-08-14,14.56,14.56,14.56,14.56,0
2014-08-15,14.56,14.56,14.56,14.56,0
2014-08-18,14.56,14.56,14.56,14.56,0
2014-08-19,14.56,14.56,14.56,14.56,0
2014-08-20,14.56,14.56,14.56,14.56,0
2014-08-21,14.56,14.56,14.56,14.56,0
2014-08-22,14.56,14.56,14.56,14.56,0
2014-08-25,14.56,14.56,14.56,14.56,0
2014-08-26,14.56,14.56,14.56,14.56,0
2014-08-27,14.56,14.56,14.56,14.56,0
2014-08-28,14.56,14.56,14.56,14.56,0
2014-08-29,14.56,14.56,14.56,14.56,0
2014-09-03,14.56,14.56,14.56,14.56,0
2014-09-04,14.56,14.56,14.56,14.56,0
2014-09-05,14.56,14.56,14.56,14.56,0
2014-09-08,14.56,14.56,14.56,14.56,0
2014-09-09,14.56,14.56,14.56,14.56,0
2014-09-10,14.56,14.56,14.56,14.56,0
2014-09-11,14.56,14.56,14.56,14.56,0
2014-09-12,14.56,14.56,14.56,14.56,0
2014-09-15,14.56,14.56,14.56,14.56,0
2014-09-16,14.56,14.56,14.56,14.56,0
2014-09-17,14.56,14.56,14.56,14.56,0
2014-09-18,14.56,14.56,14.56,14.56,0
2014-09-19,14.56,14.56,14.56,14.56,0
2014-09-22,14.56,14.56,14.56,14.56,0
2014-09-23,14.56,14.56,14.56,14.56,0
2014-09-24,14.56,14.56,14.56,14.56,0
2014-09-25,14.56,14.56,14.56,14.56,0
2014-09-26,13.16,13.16,13.16,13.16,9000
2014-09-29,13.16,13.16,13.16,13.16,0
2014-09-30,13.16,13.16,13.16,13.16,0
2014-10-01,13.16,13.16,13.16,13.16,0
2014-10-02,13.16,13.16,13.16,13.16,0
2014-10-03,13.16,13.16,13.16,13.16,0
2014-10-06,13.16,13.16,13.16,13.16,0
2014-10-07,13.16,13.16,13.16,13.16,0
2014-10-08,13.16,13.16,13.16,13.16,0
2014-10-09,13.16,13.16,13.16,13.16,0
2014-10-10,13.16,13.16,13.16,13.16,0
2014-10-13,13.16,13.16,13.16,13.16,0
2014-10-14,13.16,13.16,13.16,13.16,7600
2014-10-15,13.16,13.16,13.16,13.16,0
2014-10-16,11.89,11.89,11.89,11.89,2100
2014-10-17,11.89,11.89,11.89,11.89,0
2014-10-20,11.89,11.89,11.89,11.89,0
2014-10-21,11.89,11.89,11.89,11.89,0
2014-10-22,11.89,11.89,11.89,11.89,0
2014-10-23,11.89,11.89,11.89,11.89,0
2014-10-24,11.89,11.89,11.89,11.89,0
2014-10-27,11.89,11.89,11.89,11.89,0
2014-10-28,11.89,11.89,11.89,11.89,0
2014-10-29,11.89,11.89,11.89,11.89,0
2014-10-30,11.89,11.89,11.89,11.89,0
2014-10-31,11.89,11.89,11.89,11.89,0
2014-11-03,11.89,11.89,11.89,11.89,0
2014-11-04,11.89,11.89,11.89,11.89,0
2014-11-05,11.89,11.89,11.89,11.89,0
2014-11-06,11.89,11.89,11.89,11.89,0
2014-11-07,11.89,11.89,11.89,11.89,0
2014-11-10,11.89,11.89,11.89,11.89,0
2014-11-11,11.89,11.89,11.89,11.89,0
2014-11-12,11.89,11.89,11.89,11.89,0
2014-11-13,11.89,11.89,11.89,11.89,0
2014-11-14,11.89,11.89,11.89,11.89,0
2014-11-17,11.89,11.89,11.89,11.89,0
2014-11-18,11.89,11.89,11.89,11.89,0
2014-11-19,11.89,11.89,11.89,11.89,0
2014-11-20,11.89,11.89,11.89,11.89,0
2014-11-21,11.89,11.89,11.89,11.89,0
2014-11-24,11.89,11.89,11.89,11.89,0
2014-11-25,11.89,11.89,11.89,11.89,0
2014-11-26,11.89,11.89,11.89,11.89,0
2014-11-27,11.89,11.89,11.89,11.89,0
2014-11-28,11.89,11.89,11.89,11.89,0
2014-12-01,11.89,11.89,11.89,11.89,0
2014-12-02,11.89,11.89,11.89,11.89,0
2014-12-03,11.89,11.89,11.89,11.89,0
2014-12-04,11.89,11.89,11.89,11.89,0
2014-12-05,11.89,11.89,11.89,11.89,0
2014-12-08,11.89,11.89,11.89,11.89,0
2014-12-09,11.89,11.89,11.89,11.89,0
2014-12-10,11.89,11.89,11.89,11.89,0
2014-12-11,11.89,11.89,11.89,11.89,0
2014-12-12,11.89,11.89,11.89,11.89,0
2014-12-15,11.89,11.89,11.89,11.89,0
2014-12-16,11.89,11.89,11.89,11.89,0
2014-12-17,11.89,11.89,11.89,11.89,0
2014-12-18,11.89,11.89,11.89,11.89,200
2014-12-19,11.89,11.89,11.89,11.89,0
2014-12-22,11.89,11.89,11.89,11.89,0
2014-12-23,11.89,11.89,11.89,11.89,0
2014-12-24,11.89,11.89,11.89,11.89,0
2014-12-25,11.89,11.89,11.89,11.89,0
2014-12-26,11.89,11.89,11.89,11.89,0
2014-12-29,11.89,11.89,11.89,11.89,0
2014-12-30,11.89,11.89,11.89,11.89,0
2014-12-31,11.89,11.89,11.89,11.89,0
2015-01-05,11.89,11.89,11.89,11.89,0
2015-01-06,11.89,11.89,11.89,11.89,0
2015-01-07,11.89,11.89,11.89,11.89,0
2015-01-08,11.89,11.89,11.89,11.89,0
2015-01-09,11.89,11.89,11.89,11.89,0
2015-01-12,11.89,11.89,11.89,11.89,0
2015-01-13,11.89,11.89,11.89,11.89,0
2015-01-14,11.89,11.89,11.89,11.89,0
2015-01-15,11.89,11.89,11.89,11.89,0
2015-01-16,11.89,11.89,11.89,11.89,0
2015-01-19,11.89,11.89,11.89,11.89,0
2015-01-20,11.89,11.89,11.89,11.89,0
2015-01-21,11.89,11.89,11.89,11.89,0
2015-01-22,11.89,11.89,11.89,11.89,0
2015-01-23,11.89,11.89,11.89,11.89,0
2015-01-26,11.89,11.89,11.89,11.89,0
2015-01-27,10.81,10.81,10.81,10.81,200
2015-01-28,10.81,10.81,10.81,10.81,0
2015-01-29,10.81,10.81,10.81,10.81,0
2015-01-30,10.81,10.81,10.81,10.81,0
2015-02-02,10.81,10.81,10.81,10.81,0
2015-02-03,10.81,10.81,10.81,10.81,0
2015-02-04,10.81,10.81,10.81,10.81,0
2015-02-05,10.81,10.81,10.81,10.81,0
2015-02-06,10.81,10.81,10.81,10.81,0
2015-02-09,10.81,10.81,10.81,10.81,0
2015-02-10,10.81,10.81,10.81,10.81,0
2015-02-11,10.81,10.81,10.81,10.81,0
2015-02-12,10.81,10.81,10.81,10.81,0
2015-02-13,10.81,10.81,10.81,10.81,0
2015-02-24,10.81,10.81,10.81,10.81,0
2015-02-25,10.81,10.81,10.81,10.81,0
2015-02-26,10.81,10.81,10.81,10.81,0
2015-02-27,10.81,10.81,10.81,10.81,0
2015-03-02,10.81,10.81,10.81,10.81,0
2015-03-03,10.81,10.81,10.81,10.81,0
2015-03-04,10.81,10.81,10.81,10.81,3400
2015-03-05,10.81,10.81,10.81,10.81,0
2015-03-06,10.81,10.81,10.81,10.81,0
2015-03-09,10.81,10.81,10.81,10.81,0
2015-03-10,10.81,10.81,10.81,10.81,0
2015-03-11,10.81,10.81,10.81,10.81,0
2015-03-12,10.81,10.81,10.81,10.81,0
2015-03-13,10.81,10.81,10.81,10.81,0
2015-03-16,10.81,10.81,10.81,10.81,0
2015-03-17,10.81,10.81,10.81,10.81,0
2015-03-18,10.81,10.81,10.81,10.81,0
2015-03-19,10.81,10.81,10.81,10.81,200
2015-03-20,10.81,10.81,10.81,10.81,0
2015-03-23,10.81,10.81,10.81,10.81,0
2015-03-24,10.81,10.81,10.81,10.81,0
2015-03-25,10.81,10.81,10.81,10.81,0
2015-03-26,10.81,10.81,10.81,10.81,0
2015-03-27,10.81,10.81,10.81,10.81,0
2015-03-30,10.81,10.81,10.81,10.81,0
2015-03-31,10.81,10.81,10.81,10.81,0
2015-04-01,10.81,10.81,10.81,10.81,0
2015-04-02,10.81,10.81,10.81,10.81,0
2015-04-03,10.81,10.81,10.81,10.81,0
2015-04-06,10.81,10.81,10.81,10.81,0
2015-04-07,10.81,10.81,10.81,10.81,0
2015-04-08,10.81,10.81,10.81,10.81,0
2015-04-09,10.81,10.81,10.81,10.81,0
2015-04-10,10.81,10.81,10.81,10.81,0
2015-04-13,10.81,10.81,10.81,10.81,0
2015-04-14,10.81,10.81,10.81,10.81,3600
2015-04-15,10.81,10.81,10.81,10.81,0
2015-04-16,10.81,10.81,10.81,10.81,0
2015-04-17,10.81,10.81,10.81,10.81,0
2015-04-20,10.81,10.81,10.81,10.81,0
2015-04-21,10.81,10.81,10.81,10.81,0
2015-04-22,10.81,10.81,10.81,10.81,0
2015-04-23,10.81,10.81,10.81,10.81,0
2015-04-24,10.81,10.81,10.81,10.81,0
2015-04-27,10.81,10.81,10.81,10.81,0
2015-05-04,10.81,10.81,10.81,10.81,0
2015-05-05,10.81,10.81,10.81,10.81,0
2015-05-06,10.81,10.81,10.81,10.81,0
2015-05-07,10.81,10.81,10.81,10.81,0
2015-05-08,10.81,10.81,10.81,10.81,0
2015-05-11,10.81,10.81,10.81,10.81,0
2015-05-12,10.81,10.81,10.81,10.81,0
2015-05-13,10.81,10.81,10.81,10.81,0
2015-05-14,10.81,10.81,10.81,10.81,0
2015-05-15,10.81,10.81,10.81,10.81,0
2015-05-18,10.81,10.81,10.81,10.81,0
2015-05-19,10.81,10.81,10.81,10.81,0
2015-05-20,10.81,10.81,10.81,10.81,0
2015-05-21,10.81,10.81,10.81,10.81,0
2015-05-22,10.81,10.81,10.81,10.81,0
2015-05-25,10.81,10.81,10.81,10.81,0
2015-05-26,10.81,10.81,10.81,10.81,0
2015-05-27,10.81,10.81,10.81,10.81,0
2015-05-28,10.81,10.81,10.81,10.81,0
2015-05-29,10.81,10.81,10.81,10.81,0
2015-06-01,10.81,10.81,10.81,10.81,0
2015-06-02,10.81,10.81,10.81,10.81,0
2015-06-03,10.81,10.81,10.81,10.81,0
2015-06-04,10.81,10.81,10.81,10.81,0
2015-06-05,10.81,10.81,10.81,10.81,0
2015-06-08,10.81,10.81,10.81,10.81,0
2015-06-09,10.81,10.81,10.81,10.81,0
2015-06-10,10.81,10.81,10.81,10.81,0
2015-06-11,11.89,11.89,11.89,11.89,500
2015-06-12,13.03,13.03,13.03,13.03,200
2015-06-15,13.03,13.03,13.03,13.03,0
2015-06-16,14.31,14.31,14.31,14.31,300
2015-06-17,15.7,15.7,15.7,15.7,500
2015-06-18,17.23,17.23,17.23,17.23,500
2015-06-19,18.95,18.95,18.95,18.95,4500
2015-06-22,19.34,19.34,19.34,19.34,0
2015-06-23,19.34,19.34,19.34,19.34,0
2015-06-24,19.34,19.34,19.34,19.34,0
2015-06-25,19.34,19.34,19.34,19.34,0
2015-06-26,19.34,19.34,19.34,19.34,0
2015-06-29,19.34,19.34,19.34,19.34,0
2015-06-30,19.34,19.34,19.34,19.34,0
2015-07-01,19.34,19.34,19.34,19.34,0
2015-07-02,19.34,19.34,19.34,19.34,0
2015-07-03,19.34,19.34,19.34,19.34,0
2015-07-06,19.34,19.34,19.34,19.34,0
2015-07-07,19.34,19.34,19.34,19.34,0
2015-07-08,19.34,19.34,19.34,19.34,0
2015-07-09,19.34,19.34,19.34,19.34,0
2015-07-10,19.34,19.34,19.34,19.34,0
2015-07-13,19.34,19.34,19.34,19.34,0
2015-07-14,19.34,19.34,19.34,19.34,0
2015-07-15,19.34,19.34,19.34,19.34,0
2015-07-16,19.34,19.34,19.34,19.34,0
2015-07-17,19.34,19.34,19.34,19.34,0
2015-07-20,19.34,19.34,19.34,19.34,0
2015-07-21,19.34,19.34,19.34,19.34,0
2015-07-22,19.34,19.34,19.34,19.34,0
2015-07-23,19.34,19.34,19.34,19.34,0
2015-07-24,19.34,19.34,19.34,19.34,0
2015-07-27,19.34,19.34,19.34,19.34,0
2015-07-28,19.34,19.34,19.34,19.34,0
2015-07-29,19.34,19.34,19.34,19.34,0
2015-07-30,17.19,17.19,17.19,17.19,400
2015-07-31,17.19,17.19,17.19,17.19,0
2015-08-03,17.19,17.19,17.19,17.19,0
2015-08-04,17.19,17.19,17.19,17.19,0
2015-08-05,17.19,17.19,17.19,17.19,0
2015-08-06,17.19,17.19,17.19,17.19,0
2015-08-07,17.19,17.19,17.19,17.19,0
2015-08-10,17.19,17.19,17.19,17.19,100
2015-08-11,17.19,17.19,17.19,17.19,0
2015-08-12,17.19,17.19,17.19,17.19,0
2015-08-13,17.19,17.19,17.19,17.19,0
2015-08-14,17.19,17.19,17.19,17.19,0
2015-08-17,17.19,17.19,17.19,17.19,0
2015-08-18,17.19,17.19,17.19,17.19,0
2015-08-19,17.19,17.19,17.19,17.19,0
2015-08-20,17.19,17.19,17.19,17.19,0
2015-08-21,17.19,17.19,17.19,17.19,90
2015-08-24,17.19,17.19,17.19,17.19,0
2015-08-25,17.19,17.19,17.19,17.19,0
2015-08-26,17.19,17.19,17.19,17.19,0
2015-08-27,17.19,17.19,17.19,17.19,45
2015-08-28,17.19,17.19,17.19,17.19,0
2015-08-31,17.19,17.19,17.19,17.19,0
2015-09-01,17.19,17.19,17.19,17.19,0
2015-09-03,17.19,17.19,17.19,17.19,0
2015-09-04,17.19,17.19,17.19,17.19,0
2015-09-07,17.19,17.19,17.19,17.19,0
2015-09-08,17.19,17.19,17.19,17.19,0
2015-09-09,17.19,17.19,17.19,17.19,0
2015-09-10,17.19,17.19,17.19,17.19,0
2015-09-11,17.19,17.19,17.19,17.19,0
2015-09-14,17.19,17.19,17.19,17.19,0
2015-09-15,17.19,17.19,17.19,17.19,0
2015-09-16,17.19,17.19,17.19,17.19,0
2015-09-17,17.19,17.19,17.19,17.19,0
2015-09-18,17.19,17.19,17.19,17.19,0
2015-09-21,17.19,17.19,17.19,17.19,0
2015-09-22,17.19,17.19,17.19,17.19,0
2015-09-23,17.19,17.19,17.19,17.19,0
2015-09-24,17.19,17.19,17.19,17.19,0
2015-09-25,17.19,17.19,17.19,17.19,0
2015-09-28,17.19,17.19,17.19,17.19,0
2015-09-29,17.19,17.19,17.19,17.19,0
2015-09-30,17.19,17.19,17.19,17.19,50
2015-10-01,17.19,17.19,17.19,17.19,0
2015-10-02,17.19,17.19,17.19,17.19,0
2015-10-05,17.19,17.19,17.19,17.19,0
2015-10-06,17.19,17.19,17.19,17.19,0
2015-10-07,17.19,17.19,17.19,17.19,0
2015-10-08,17.19,17.19,17.19,17.19,0
2015-10-09,17.19,17.19,17.19,17.19,0
2015-10-12,17.19,17.19,17.19,17.19,0
2015-10-13,17.19,17.19,17.19,17.19,0
2015-10-14,17.52,17.52,17.52,17.52,1700
2015-10-15,17.52,17.52,17.52,17.52,1050
2015-10-16,17.52,17.52,17.52,17.52,0
2015-10-19,17.52,17.52,17.52,17.52,0
2015-10-20,17.52,17.52,17.52,17.52,1600
2015-10-21,17.52,17.52,17.52,17.52,0
2015-10-22,17.19,17.19,17.19,17.19,100
2015-10-23,17.19,17.19,17.19,17.19,0
2015-10-26,17.19,17.19,17.19,17.19,0
2015-10-27,17.19,17.19,17.19,17.19,0
2015-10-28,17.19,17.19,17.19,17.19,0
2015-10-29,17.19,17.19,17.19,17.19,0
2015-10-30,17.19,17.19,17.19,17.19,0
2015-11-02,17.19,17.19,17.19,17.19,0
2015-11-03,17.19,17.19,17.19,17.19,0
2015-11-04,17.19,17.19,17.19,17.19,0
2015-11-05,17.19,17.19,17.19,17.19,0
2015-11-06,17.19,17.19,17.19,17.19,0
2015-11-09,17.19,17.19,17.19,17.19,0
2015-11-10,17.19,17.19,17.19,17.19,0
2015-11-11,17.19,17.19,17.19,17.19,0
2015-11-12,17.19,17.19,17.19,17.19,0
2015-11-13,17.19,17.19,17.19,17.19,0
2015-11-16,17.19,17.19,17.19,17.19,0
2015-11-17,17.19,17.19,17.19,17.19,0
2015-11-18,17.19,17.19,17.19,17.19,0
2015-11-19,17.19,17.19,17.19,17.19,0
2015-11-20,17.19,17.19,17.19,17.19,0
2015-11-23,17.19,17.19,17.19,17.19,0
2015-11-24,17.19,17.19,17.19,17.19,0
2015-11-25,17.19,17.19,17.19,17.19,0
2015-11-26,17.19,17.19,17.19,17.19,0
2015-11-27,17.19,17.19,17.19,17.19,0
2015-11-30,17.19,17.19,17.19,17.19,0
2015-12-01,17.19,17.19,17.19,17.19,0
2015-12-02,17.19,17.19,17.19,17.19,0
2015-12-03,17.19,17.19,17.19,17.19,0
2015-12-04,17.19,17.19,17.19,17.19,0
2015-12-07,17.19,17.19,17.19,17.19,0
2015-12-08,17.19,17.19,17.19,17.19,0
2015-12-09,17.19,17.19,17.19,17.19,0
2015-12-10,17.19,17.19,17.19,17.19,0
2015-12-11,17.19,17.19,17.19,17.19,0
2015-12-14,17.19,17.19,17.19,17.19,0
2015-12-15,17.19,17.19,17.19,17.19,0
2015-12-16,17.19,17.19,17.19,17.19,0
2015-12-17,17.19,17.19,17.19,17.19,0
2015-12-18,17.19,17.19,17.19,17.19,0
2015-12-21,17.19,17.19,17.19,17.19,0
2015-12-22,17.19,17.19,17.19,17.19,0
2015-12-23,17.19,17.19,17.19,17.19,0
2015-12-24,17.19,17.19,17.19,17.19,0
2015-12-25,17.19,17.19,17.19,17.19,0
2015-12-28,17.19,17.19,17.19,17.19,0
2015-12-29,17.19,17.19,17.19,17.19,0
2015-12-30,17.19,17.19,17.19,17.19,0
2015-12-31,17.19,17.19,17.19,17.19,0
2016-01-04,17.19,17.19,17.19,17.19,0
2016-01-05,17.19,17.19,17.19,17.19,0
2016-01-06,17.19,17.19,17.19,17.19,0
2016-01-07,17.19,17.19,17.19,17.19,0
2016-01-08,17.19,17.19,17.19,17.19,0
2016-01-11,17.19,17.19,17.19,17.19,0
2016-01-12,17.19,17.19,17.19,17.19,0
2016-01-13,17.19,17.19,17.19,17.19,0
2016-01-14,17.19,17.19,17.19,17.19,0
2016-01-15,17.19,17.19,17.19,17.19,0
2016-01-18,17.19,17.19,17.19,17.19,0
2016-01-19,17.19,17.19,17.19,17.19,0
2016-01-20,17.19,17.19,17.19,17.19,0
2016-01-21,17.19,17.19,17.19,17.19,0
2016-01-22,17.19,17.19,17.19,17.19,0
2016-01-25,17.19,17.19,17.19,17.19,0
2016-01-26,17.19,17.19,17.19,17.19,0
2016-01-27,17.19,17.19,17.19,17.19,0
2016-01-28,17.19,17.19,17.19,17.19,0
2016-01-29,17.19,17.19,17.19,17.19,0
2016-02-01,17.19,17.19,17.19,17.19,0
2016-02-02,17.19,17.19,17.19,17.19,0
2016-02-03,17.19,17.19,17.19,17.19,0
2016-02-04,17.19,17.19,17.19,17.19,0
2016-02-05,17.19,17.19,17.19,17.19,0
2016-02-15,17.19,17.19,17.19,17.19,0
2016-02-16,17.19,17.19,17.19,17.19,0
2016-02-17,17.19,17.19,17.19,17.19,0
2016-02-18,17.19,17.19,17.19,17.19,0
2016-02-19,17.19,17.19,17.19,17.19,0
2016-02-22,17.19,17.19,17.19,17.19,0
2016-02-23,17.19,17.19,17.19,17.19,0
2016-02-24,17.19,17.19,17.19,17.19,0
2016-02-25,17.19,17.19,17.19,17.19,0
2016-02-26,17.19,17.19,17.19,17.19,0
2016-02-29,17.19,17.19,17.19,17.19,0
2016-03-01,17.19,17.19,17.19,17.19,0
2016-03-02,17.19,17.19,17.19,17.19,0
2016-03-03,17.19,17.19,17.19,17.19,0
2016-03-04,17.19,17.19,17.19,17.19,0
2016-03-07,17.19,17.19,17.19,17.19,0
2016-03-08,17.19,17.19,17.19,17.19,0
2016-03-09,17.19,17.19,17.19,17.19,0
2016-03-10,17.19,17.19,17.19,17.19,0
2016-03-11,17.19,17.19,17.19,17.19,0
2016-03-14,17.19,17.19,17.19,17.19,0
2016-03-15,17.19,17.19,17.19,17.19,0
2016-03-16,17.19,17.19,17.19,17.19,0
2016-03-17,17.19,17.19,17.19,17.19,0
2016-03-18,17.19,17.19,17.19,17.19,0
2016-03-21,17.19,17.19,17.19,17.19,0
2016-03-22,17.19,17.19,17.19,17.19,0
2016-03-23,17.19,17.19,17.19,17.19,0
2016-03-24,17.19,17.19,17.19,17.19,0
2016-03-25,17.19,17.19,17.19,17.19,0
2016-03-28,17.19,17.19,17.19,17.19,0
2016-03-29,17.19,17.19,17.19,17.19,0
2016-03-30,17.19,17.19,17.19,17.19,0
2016-03-31,17.19,17.19,17.19,17.19,0
2016-04-01,17.19,17.19,17.19,17.19,0
2016-04-04,17.19,17.19,17.19,17.19,0
2016-04-05,17.19,17.19,17.19,17.19,0
2016-04-06,17.19,17.19,17.19,17.19,0
2016-04-07,17.19,17.19,17.19,17.19,65
2016-04-08,15.51,15.51,15.51,15.51,300
2016-04-11,15.51,15.51,15.51,15.51,0
2016-04-12,15.51,15.51,15.51,15.51,0
2016-04-13,15.51,15.51,15.51,15.51,0
2016-04-14,15.51,15.51,15.51,15.51,0
2016-04-15,15.51,15.51,15.51,15.51,0
2016-04-19,15.51,15.51,15.51,15.51,0
2016-04-20,15.51,15.51,15.51,15.51,0
2016-04-21,15.51,15.51,15.51,15.51,0
2016-04-22,15.51,15.51,15.51,15.51,0
2016-04-25,15.51,15.51,15.51,15.51,0
2016-04-26,15.51,15.51,15.51,15.51,0
2016-04-27,15.51,15.51,15.51,15.51,0
2016-04-28,15.51,15.51,15.51,15.51,0
2016-04-29,15.51,15.51,15.51,15.51,0
2016-05-04,15.51,15.51,15.51,15.51,0
2016-05-05,15.51,15.51,15.51,15.51,0
2016-05-06,15.51,15.51,15.51,15.51,0
2016-05-09,15.51,15.51,15.51,15.51,0
2016-05-10,15.51,15.51,15.51,15.51,0
2016-05-11,15.51,15.51,15.51,15.51,0
2016-05-12,15.51,15.51,15.51,15.51,0
2016-05-13,15.51,15.51,15.51,15.51,0
2016-05-16,15.51,15.51,15.51,15.51,0
2016-05-17,15.51,15.51,15.51,15.51,0
2016-05-18,15.51,15.51,15.51,15.51,0
2016-05-19,15.51,15.51,15.51,15.51,0
2016-05-20,15.51,15.51,15.51,15.51,0
2016-05-23,15.51,15.51,15.51,15.51,0
2016-05-24,15.51,15.51,15.51,15.51,0
2016-05-25,15.51,15.51,15.51,15.51,0
2016-05-26,15.51,15.51,15.51,15.51,0
2016-05-27,15.51,15.51,15.51,15.51,0
2016-05-30,15.51,15.51,15.51,15.51,0
2016-05-31,15.51,15.51,15.51,15.51,0
2016-06-01,15.51,15.51,15.51,15.51,0
2016-06-02,15.51,15.51,15.51,15.51,0
2016-06-03,15.51,15.51,15.51,15.51,0
2016-06-06,15.51,15.51,15.51,15.51,0
2016-06-07,15.51,15.51,15.51,15.51,0
2016-06-08,15.51,15.51,15.51,15.51,0
2016-06-09,15.51,15.51,15.51,15.51,0
2016-06-10,15.51,15.51,15.51,15.51,0
2016-06-13,15.51,15.51,15.51,15.51,0
2016-06-14,15.51,15.51,15.51,15.51,0
2016-06-15,15.51,15.51,15.51,15.51,0
2016-06-16,15.51,15.51,15.51,15.51,0
2016-06-17,15.51,15.51,15.51,15.51,0
2016-06-20,15.51,15.51,15.51,15.51,0
2016-06-21,15.51,15.51,15.51,15.51,0
2016-06-22,15.51,15.51,15.51,15.51,0
2016-06-23,15.51,15.51,15.51,15.51,0
2016-06-24,15.51,15.51,15.51,15.51,0
2016-06-27,15.51,15.51,15.51,15.51,0
2016-06-28,15.51,15.51,15.51,15.51,0
2016-06-29,15.51,15.51,15.51,15.51,0
2016-06-30,15.51,15.51,15.51,15.51,0
2016-07-01,15.51,15.51,15.51,15.51,0
2016-07-04,15.51,15.51,15.51,15.51,0
2016-07-05,15.51,15.51,15.51,15.51,0
2016-07-06,15.51,15.51,15.51,15.51,0
2016-07-07,15.51,15.51,15.51,15.51,0
2016-07-08,15.51,15.51,15.51,15.51,0
2016-07-11,15.51,15.51,15.51,15.51,0
2016-07-12,15.51,15.51,15.51,15.51,0
2016-07-13,15.51,15.51,15.51,15.51,0
2016-07-14,15.51,15.51,15.51,15.51,0
2016-07-15,15.51,15.51,15.51,15.51,0
2016-07-18,15.51,15.51,15.51,15.51,0
2016-07-19,15.51,15.51,15.51,15.51,0
2016-07-20,14.02,14.02,14.02,14.02,1000
2016-07-21,14.02,14.02,14.02,14.02,0
2016-07-22,14.02,14.02,14.02,14.02,0
2016-07-25,14.02,14.02,14.02,14.02,900
2016-07-26,14.02,14.02,14.02,14.02,0
2016-07-27,14.02,14.02,14.02,14.02,0
2016-07-28,14.02,14.02,14.02,14.02,0
2016-07-29,14.02,14.02,14.02,14.02,0
2016-08-01,14.02,14.02,14.02,14.02,0
2016-08-02,14.02,14.02,14.02,14.02,0
2016-08-03,14.02,14.02,14.02,14.02,0
2016-08-04,14.02,14.02,14.02,14.02,0
2016-08-05,14.55,14.55,14.55,14.55,0
2016-08-08,14.55,14.55,14.55,14.55,0
2016-08-09,12.8,12.8,12.8,12.8,1900
2016-08-10,12.8,12.8,12.8,12.8,0
2016-08-11,12.8,12.8,12.8,12.8,0
2016-08-12,12.8,12.8,12.8,12.8,0
2016-08-15,12.8,12.8,12.8,12.8,0
2016-08-16,12.8,12.8,12.8,12.8,0
2016-08-17,12.8,12.8,12.8,12.8,0
2016-08-18,12.8,12.8,12.8,12.8,0
2016-08-19,12.8,12.8,12.8,12.8,0
2016-08-22,12.8,12.8,12.8,12.8,0
2016-08-23,12.8,12.8,12.8,12.8,0
2016-08-24,12.8,12.8,12.8,12.8,0
2016-08-25,12.8,12.8,12.8,12.8,0
2016-08-26,11.79,11.79,11.79,11.79,6000
2016-08-29,11.79,11.79,11.79,11.79,0
2016-08-30,11.79,11.79,11.79,11.79,0
2016-08-31,11.79,11.79,11.79,11.79,0
2016-09-01,11.79,11.79,11.79,11.79,0
2016-09-05,11.79,11.79,11.79,11.79,0
2016-09-06,11.79,11.79,11.79,11.79,0
2016-09-07,11.79,11.79,11.79,11.79,0
2016-09-08,11.79,11.79,11.79,11.79,0
2016-09-09,11.79,11.79,11.79,11.79,0
2016-09-12,11.79,11.79,11.79,11.79,0
2016-09-13,11.79,11.79,11.79,11.79,0
2016-09-14,11.79,11.79,11.79,11.79,0
2016-09-15,11.79,11.79,11.79,11.79,0
2016-09-16,11.79,11.79,11.79,11.79,0
2016-09-19,11.79,11.79,11.79,11.79,0
2016-09-20,11.79,11.79,11.79,11.79,0
2016-09-21,11.79,11.79,11.79,11.79,0
2016-09-22,10.65,10.65,10.65,10.65,3200
2016-09-23,10.65,10.65,10.65,10.65,0
2016-09-26,10.65,10.65,10.65,10.65,0
2016-09-27,10.65,10.65,10.65,10.65,0
2016-09-28,10.65,10.65,10.65,10.65,0
2016-09-29,10.65,10.65,10.65,10.65,0
2016-09-30,10.65,10.65,10.65,10.65,0
2016-10-03,10.65,10.65,10.65,10.65,0
2016-10-04,10.65,10.65,10.65,10.65,0
2016-10-05,10.65,10.65,10.65,10.65,0
2016-10-06,10.65,10.65,10.65,10.65,0
2016-10-07,10.65,10.65,10.65,10.65,0
2016-10-10,10.65,10.65,10.65,10.65,0
2016-10-11,10.65,10.65,10.65,10.65,0
2016-10-12,10.65,10.65,10.65,10.65,0
2016-10-13,10.65,10.65,10.65,10.65,0
2016-10-14,10.65,10.65,10.65,10.65,0
2016-10-17,10.65,10.65,10.65,10.65,0
2016-10-18,10.65,10.65,10.65,10.65,0
2016-10-19,10.65,10.65,10.65,10.65,0
2016-10-20,10.65,10.65,10.65,10.65,0
2016-10-21,10.65,10.65,10.65,10.65,0
2016-10-24,10.65,10.65,10.65,10.65,0
2016-10-25,10.65,10.65,10.65,10.65,0
2016-10-26,10.65,10.65,10.65,10.65,0
2016-10-27,10.65,10.65,10.65,10.65,0
2016-10-28,10.65,10.65,10.65,10.65,0
2016-10-31,10.65,10.65,10.65,10.65,0
2016-11-01,10.65,10.65,10.65,10.65,0
2016-11-02,10.65,10.65,10.65,10.65,0
2016-11-03,10.65,10.65,10.65,10.65,0
2016-11-04,10.65,10.65,10.65,10.65,0
2016-11-07,10.65,10.65,10.65,10.65,0
2016-11-08,10.65,10.65,10.65,10.65,0
2016-11-09,10.65,10.65,10.65,10.65,0
2016-11-10,10.65,10.65,10.65,10.65,0
2016-11-11,10.65,10.65,10.65,10.65,0
2016-11-14,10.65,10.65,10.65,10.65,0
2016-11-15,10.65,10.65,10.65,10.65,0
2016-11-16,10.65,10.65,10.65,10.65,0
2016-11-17,10.65,10.65,10.65,10.65,0
2016-11-18,10.65,10.65,10.65,10.65,0
2016-11-21,10.65,10.65,10.65,10.65,0
2016-11-22,10.65,10.65,10.65,10.65,0
2016-11-23,10.65,10.65,10.65,10.65,0
2016-11-24,10.65,10.65,10.65,10.65,0
2016-11-25,10.65,10.65,10.65,10.65,0
2016-11-28,10.65,10.65,10.65,10.65,0
2016-11-29,10.65,10.65,10.65,10.65,0
2016-11-30,10.65,10.65,10.65,10.65,0
2016-12-01,10.65,10.65,10.65,10.65,0
2016-12-02,10.65,10.65,10.65,10.65,0
2016-12-05,10.65,10.65,10.65,10.65,0
2016-12-06,10.65,10.65,10.65,10.65,0
2016-12-07,10.65,10.65,10.65,10.65,0
2016-12-08,10.65,10.65,10.65,10.65,0
2016-12-09,10.65,10.65,10.65,10.65,0
2016-12-12,10.65,10.65,10.65,10.65,0
2016-12-13,10.65,10.65,10.65,10.65,0
2016-12-14,10.65,10.65,10.65,10.65,0
2016-12-15,10.65,10.65,10.65,10.65,0
2016-12-16,10.65,10.65,10.65,10.65,0
2016-12-19,10.65,10.65,10.65,10.65,0
2016-12-20,10.65,10.65,10.65,10.65,0
2016-12-21,10.65,10.65,10.65,10.65,0
2016-12-22,10.65,10.65,10.65,10.65,0
2016-12-23,10.65,10.65,10.65,10.65,0
2016-12-26,10.65,10.65,10.65,10.65,0
2016-12-27,10.65,10.65,10.65,10.65,0
2016-12-28,10.65,10.65,10.65,10.65,0
2016-12-29,10.65,10.65,10.65,10.65,0
2016-12-30,10.65,10.65,10.65,10.65,0
2017-01-03,10.65,10.65,10.65,10.65,0
2017-01-04,10.65,10.65,10.65,10.65,0
2017-01-05,10.65,10.65,10.65,10.65,0
2017-01-06,10.65,10.65,10.65,10.65,0
2017-01-09,10.65,10.65,10.65,10.65,0
2017-01-10,10.65,10.65,10.65,10.65,0
2017-01-11,10.65,10.65,10.65,10.65,0
2017-01-12,10.65,10.65,10.65,10.65,0
2017-01-13,10.65,10.65,10.65,10.65,0
2017-01-16,10.65,10.65,10.65,10.65,0
2017-01-17,10.65,10.65,10.65,10.65,0
2017-01-18,10.65,10.65,10.65,10.65,0
2017-01-19,10.65,10.65,10.65,10.65,0
2017-01-20,10.65,10.65,10.65,10.65,0
2017-01-23,10.65,10.65,10.65,10.65,0
2017-01-24,10.65,10.65,10.65,10.65,0
2017-01-25,10.65,10.65,10.65,10.65,0
2017-02-02,10.65,10.65,10.65,10.65,0
2017-02-03,10.65,10.65,10.65,10.65,0
2017-02-06,10.65,10.65,10.65,10.65,0
2017-02-07,10.65,10.65,10.65,10.65,0
2017-02-08,10.65,10.65,10.65,10.65,0
2017-02-09,10.65,10.65,10.65,10.65,0
2017-02-10,10.65,10.65,10.65,10.65,0
2017-02-13,10.65,10.65,10.65,10.65,0
2017-02-14,10.65,10.65,10.65,10.65,0
2017-02-15,10.65,10.65,10.65,10.65,0
2017-02-16,10.65,10.65,10.65,10.65,0
2017-02-17,10.65,10.65,10.65,10.65,0
2017-02-20,10.65,10.65,10.65,10.65,0
2017-02-21,10.65,10.65,10.65,10.65,0
2017-02-22,10.65,10.65,10.65,10.65,0
2017-02-23,10.65,10.65,10.65,10.65,0
2017-02-24,10.65,10.65,10.65,10.65,0
2017-02-27,10.65,10.65,10.65,10.65,0
2017-02-28,10.65,10.65,10.65,10.65,0
2017-03-01,10.65,10.65,10.65,10.65,0
2017-03-02,9.64,9.64,9.64,9.64,100
2017-03-03,9.64,9.64,9.64,9.64,0
2017-03-06,9.64,9.64,9.64,9.64,0
2017-03-07,10.71,10.71,10.71,10.71,0
2017-03-08,10.71,10.71,10.71,10.71,0
2017-03-09,10.71,10.71,10.71,10.71,0
2017-03-10,10.71,10.71,10.71,10.71,0
2017-03-13,10.71,10.71,10.71,10.71,0
2017-03-14,10.71,10.71,10.71,10.71,0
2017-03-15,10.71,10.71,10.71,10.71,0
2017-03-16,10.71,10.71,10.71,10.71,0
2017-03-17,10.71,10.71,10.71,10.71,0
2017-03-20,10.71,10.71,10.71,10.71,0
2017-03-21,9.66,9.66,9.66,9.66,0
2017-03-22,9.66,9.66,9.66,9.66,0
2017-03-23,9.66,9.66,9.66,9.66,0
2017-03-24,9.66,9.66,9.66,9.66,0
2017-03-27,9.36,9.36,9.36,9.36,2200
2017-03-28,9.36,9.36,9.36,9.36,0
2017-03-29,8.46,8.46,8.46,8.46,200
2017-03-30,8.46,8.46,8.46,8.46,0
2017-03-31,8.46,8.46,8.46,8.46,0
2017-04-03,8.46,8.46,8.46,8.46,0
2017-04-04,7.64,8.46,7.64,8.46,1630
2017-04-05,8.46,8.46,8.46,8.46,0
2017-04-07,8.46,8.46,8.46,8.46,0
2017-04-10,8.46,8.46,8.46,8.46,0
2017-04-11,8.46,8.46,8.46,8.46,0
2017-04-12,8.46,8.46,8.46,8.46,0
2017-04-13,8.46,8.46,8.46,8.46,0
2017-04-14,8.46,8.46,8.46,8.46,0
2017-04-17,8.46,8.46,8.46,8.46,0
2017-04-18,8.46,8.46,8.46,8.46,0
2017-04-19,9.29,9.29,9.29,9.29,100
2017-04-20,9.29,9.29,9.29,9.29,0
2017-04-21,9.29,9.29,9.29,9.29,0
2017-04-24,9.29,9.29,9.29,9.29,0
2017-04-25,9.29,9.29,9.29,9.29,0
2017-04-26,9.29,9.29,9.29,9.29,0
2017-04-27,9.29,9.29,9.29,9.29,0
2017-04-28,9.29,9.29,9.29,9.29,0
2017-05-03,9.29,9.29,9.29,9.29,0
2017-05-04,9.29,9.29,9.29,9.29,0
2017-05-05,9.29,9.29,9.29,9.29,0
2017-05-08,9.29,9.29,9.29,9.29,0
2017-05-09,9.29,9.29,9.29,9.29,0
2017-05-10,9.29,9.29,9.29,9.29,0
2017-05-11,9.29,9.29,9.29,9.29,0
2017-05-12,9.29,9.29,9.29,9.29,0
2017-05-15,9.29,9.29,9.29,9.29,0
2017-05-16,9.29,9.29,9.29,9.29,0
2017-05-17,9.29,9.29,9.29,9.29,0
2017-05-18,9.29,9.29,9.29,9.29,0
2017-05-19,9.29,9.29,9.29,9.29,0
2017-05-22,9.29,9.29,9.29,9.29,0
2017-05-23,9.29,9.29,9.29,9.29,0
2017-05-24,9.29,9.29,9.29,9.29,0
2017-05-25,9.29,9.29,9.29,9.29,0
2017-05-26,9.29,9.29,9.29,9.29,0
2017-05-29,9.29,9.29,9.29,9.29,0
2017-05-30,9.29,9.29,9.29,9.29,0
2017-05-31,9.29,9.29,9.29,9.29,0
2017-06-01,9.29,9.29,9.29,9.29,0
2017-06-02,9.29,9.29,9.29,9.29,0
2017-06-05,9.29,9.29,9.29,9.29,0
2017-06-06,9.29,9.29,9.29,9.29,0
2017-06-07,9.29,9.29,9.29,9.29,0
2017-06-08,9.29,9.29,9.29,9.29,0
2017-06-09,9.29,9.29,9.29,9.29,0
2017-06-12,9.29,9.29,9.29,9.29,0
2017-06-13,9.29,9.29,9.29,9.29,0
2017-06-14,9.29,9.29,9.29,9.29,0
2017-06-15,9.29,9.29,9.29,9.29,0
2017-06-16,9.29,9.29,9.29,9.29,0
2017-06-19,9.29,9.29,9.29,9.29,0
2017-06-20,9.29,9.29,9.29,9.29,0
2017-06-21,9.29,9.29,9.29,9.29,0
2017-06-22,9.29,9.29,9.29,9.29,0
2017-06-23,9.29,9.29,9.29,9.29,0
2017-06-26,9.29,9.29,9.29,9.29,0
2017-06-27,9.29,9.29,9.29,9.29,0
2017-06-28,9.29,9.29,9.29,9.29,0
2017-06-29,9.29,9.29,9.29,9.29,0
2017-06-30,9.29,9.29,9.29,9.29,0
2017-07-03,9.29,9.29,9.29,9.29,0
2017-07-04,9.29,9.29,9.29,9.29,0
2017-07-05,9.29,9.29,9.29,9.29,0
2017-07-06,9.29,9.29,9.29,9.29,0
2017-07-07,9.29,9.29,9.29,9.29,0
2017-07-10,9.29,9.29,9.29,9.29,0
2017-07-11,9.29,9.29,9.29,9.29,0
2017-07-12,9.29,9.29,9.29,9.29,0
2017-07-13,9.29,9.29,9.29,9.29,0
2017-07-14,9.29,9.29,9.29,9.29,0
2017-07-17,9.29,9.29,9.29,9.29,0
2017-07-18,9.29,9.29,9.29,9.29,0
2017-07-19,9.29,9.29,9.29,9.29,0
2017-07-20,9.29,9.29,9.29,9.29,0
2017-07-21,9.29,9.29,9.29,9.29,0
2017-07-24,9.29,9.29,9.29,9.29,0
2017-07-25,9.29,9.29,9.29,9.29,0
2017-07-26,9.29,9.29,9.29,9.29,0
2017-07-27,9.29,9.29,9.29,9.29,0
2017-07-28,9.29,9.29,9.29,9.29,0
2017-07-31,9.29,9.29,9.29,9.29,0
2017-08-01,9.29,9.29,9.29,9.29,0
2017-08-02,9.29,9.29,9.29,9.29,0
2017-08-03,9.29,9.29,9.29,9.29,0
2017-08-04,9.29,9.29,9.29,9.29,0
2017-08-07,8.39,8.39,8.39,8.39,2300
2017-08-08,8.39,8.39,8.39,8.39,0
2017-08-09,8.39,8.39,8.39,8.39,0
2017-08-10,8.39,8.39,8.39,8.39,0
2017-08-11,8.39,8.39,8.39,8.39,0
2017-08-14,8.39,8.39,8.39,8.39,0
2017-08-15,8.39,8.39,8.39,8.39,0
2017-08-16,8.39,8.39,8.39,8.39,0
2017-08-17,8.39,8.39,8.39,8.39,0
2017-08-18,8.39,8.39,8.39,8.39,0
2017-08-21,8.39,8.39,8.39,8.39,0
2017-08-22,8.39,8.39,8.39,8.39,0
2017-08-23,8.39,8.39,8.39,8.39,0
2017-08-24,8.39,8.39,8.39,8.39,0
2017-08-25,8.39,8.39,8.39,8.39,0
2017-08-28,8.39,8.39,8.39,8.39,0
2017-08-29,8.39,8.39,8.39,8.39,0
2017-08-30,8.39,8.39,8.39,8.39,0
2017-08-31,8.39,8.39,8.39,8.39,0
2017-09-01,8.39,8.39,8.39,8.39,0
2017-09-05,8.39,8.39,8.39,8.39,0
2017-09-06,8.39,8.39,8.39,8.39,0
2017-09-07,8.39,8.39,8.39,8.39,0
2017-09-08,8.39,8.39,8.39,8.39,0
2017-09-11,8.39,8.39,8.39,8.39,0
2017-09-12,8.39,8.39,8.39,8.39,0
2017-09-13,9.18,9.18,9.18,9.18,400
2017-09-14,9.18,9.18,9.18,9.18,0
2017-09-15,9.18,9.18,9.18,9.18,0
2017-09-18,10.05,10.05,10.05,10.05,100
2017-09-19,11.0,11.0,11.0,11.0,100
2017-09-20,11.0,11.0,11.0,11.0,0
2017-09-21,12.03,12.03,12.03,12.03,4600
2017-09-22,12.66,12.66,12.66,12.66,3000
2017-09-25,12.66,12.66,12.66,12.66,1000
2017-09-26,12.66,12.66,12.66,12.66,0
2017-09-27,12.66,12.66,12.66,12.66,0
2017-09-28,12.66,12.66,12.66,12.66,0
2017-09-29,12.66,12.66,12.66,12.66,0
2017-10-02,12.66,12.66,12.66,12.66,0
2017-10-03,12.66,12.66,12.66,12.66,0
2017-10-04,12.66,12.66,12.66,12.66,0
2017-10-05,12.66,12.66,12.66,12.66,0
2017-10-06,12.66,12.66,12.66,12.66,0
2017-10-09,12.66,12.66,12.66,12.66,0
2017-10-10,12.66,12.66,12.66,12.66,0
2017-10-11,12.66,12.66,12.66,12.66,0
2017-10-12,12.66,12.66,12.66,12.66,0
2017-10-13,12.66,12.66,12.66,12.66,0
2017-10-16,12.66,12.66,12.66,12.66,0
2017-10-17,12.66,12.66,12.66,12.66,0
2017-10-18,12.66,12.66,12.66,12.66,0
2017-10-19,12.66,12.66,12.66,12.66,0
2017-10-20,12.66,12.66,12.66,12.66,0
2017-10-23,12.66,12.66,12.66,12.66,0
2017-10-24,12.66,12.66,12.66,12.66,0
2017-10-25,12.66,12.66,12.66,12.66,0
2017-10-26,12.66,12.66,12.66,12.66,0
2017-10-27,12.66,12.66,12.66,12.66,0
2017-10-30,12.66,12.66,12.66,12.66,0
2017-10-31,12.66,12.66,12.66,12.66,0
2017-11-01,12.66,12.66,12.66,12.66,0
2017-11-02,12.66,12.66,12.66,12.66,0
2017-11-03,12.66,12.66,12.66,12.66,0
2017-11-06,11.87,11.87,11.87,11.87,900
2017-11-07,11.87,11.87,11.87,11.87,0
2017-11-08,11.87,11.87,11.87,11.87,0
2017-11-09,11.87,11.87,11.87,11.87,0
2017-11-10,11.87,11.87,11.87,11.87,0
2017-11-13,11.87,11.87,11.87,11.87,0
2017-11-14,11.87,11.87,11.87,11.87,0
2017-11-15,11.87,11.87,11.87,11.87,0
2017-11-16,11.87,11.87,11.87,11.87,0
2017-11-17,11.87,11.87,11.87,11.87,0
2017-11-20,11.87,11.87,11.87,11.87,0
2017-11-21,11.87,11.87,11.87,11.87,0
2017-11-22,11.87,11.87,11.87,11.87,0
2017-11-23,11.87,11.87,11.87,11.87,0
2017-11-24,11.87,11.87,11.87,11.87,0
2017-11-27,11.87,11.87,11.87,11.87,0
2017-11-28,11.87,11.87,11.87,11.87,0
2017-11-29,11.87,11.87,11.87,11.87,0
2017-11-30,13.06,13.06,13.06,13.06,1000
2017-12-01,14.24,14.24,14.24,14.24,500
2017-12-04,15.03,15.03,15.03,15.03,100
2017-12-05,15.03,15.03,15.03,15.03,0
2017-12-06,15.03,15.03,15.03,15.03,0
2017-12-07,16.54,16.54,16.54,16.54,400
2017-12-08,16.54,16.54,16.54,16.54,0
2017-12-11,16.54,16.54,16.54,16.54,0
2017-12-12,18.12,18.12,18.12,18.12,1100
2017-12-13,18.12,18.12,18.12,18.12,0
2017-12-14,19.86,19.86,19.86,19.86,100
2017-12-15,19.86,19.86,19.86,19.86,0
2017-12-18,19.86,19.86,19.86,19.86,0
2017-12-19,19.86,19.86,19.86,19.86,0
2017-12-20,19.86,19.86,19.86,19.86,0
2017-12-21,19.86,19.86,19.86,19.86,0
2017-12-22,19.86,19.86,19.86,19.86,0
2017-12-25,19.86,19.86,19.86,19.86,0
2017-12-26,19.86,19.86,19.86,19.86,0
2017-12-27,19.86,19.86,19.86,19.86,0
2017-12-28,21.84,21.84,21.84,21.84,100
2017-12-29,21.84,21.84,21.84,21.84,0
2018-01-02,23.97,23.97,23.97,23.97,100
2018-01-03,23.97,23.97,23.97,23.97,0
2018-01-04,23.97,23.97,23.97,23.97,0
2018-01-05,23.97,23.97,23.97,23.97,0
2018-01-08,23.97,23.97,23.97,23.97,0
2018-01-09,23.97,23.97,23.97,23.97,0
2018-01-10,23.97,23.97,23.97,23.97,0
2018-01-11,23.97,23.97,23.97,23.97,0
2018-01-12,23.97,23.97,23.97,23.97,0
2018-01-15,23.97,23.97,23.97,23.97,0
2018-01-16,23.97,23.97,23.97,23.97,0
2018-01-17,23.97,23.97,23.97,23.97,0
2018-01-18,23.97,23.97,23.97,23.97,0
2018-01-19,23.97,23.97,23.97,23.97,0
2018-01-22,23.97,23.97,23.97,23.97,0
2018-01-23,23.97,23.97,23.97,23.97,0
2018-01-24,23.97,23.97,23.97,23.97,0
2018-01-25,23.97,23.97,23.97,23.97,0
2018-01-26,23.97,23.97,23.97,23.97,0
2018-01-29,23.97,23.97,23.97,23.97,0
2018-01-30,23.97,23.97,23.97,23.97,0
2018-01-31,23.97,23.97,23.97,23.97,0
2018-02-01,23.97,23.97,23.97,23.97,0
2018-02-02,23.97,23.97,23.97,23.97,0
2018-02-05,23.97,23.97,23.97,23.97,0
2018-02-06,23.97,23.97,23.97,23.97,0
2018-02-07,23.97,23.97,23.97,23.97,0
2018-02-08,23.97,23.97,23.97,23.97,0
2018-02-09,23.97,23.97,23.97,23.97,0
2018-02-12,23.97,23.97,23.97,23.97,0
2018-02-13,23.97,23.97,23.97,23.97,0
2018-02-21,23.97,23.97,23.97,23.97,0
2018-02-22,23.97,23.97,23.97,23.97,0
2018-02-23,23.97,23.97,23.97,23.97,0
2018-02-26,23.97,23.97,23.97,23.97,0
2018-02-27,23.97,23.97,23.97,23.97,0
2018-02-28,23.97,23.97,23.97,23.97,0
2018-03-01,23.97,23.97,23.97,23.97,0
2018-03-02,23.97,23.97,23.97,23.97,0
2018-03-05,23.97,23.97,23.97,23.97,0
2018-03-06,23.97,23.97,23.97,23.97,0
2018-03-07,23.97,23.97,23.97,23.97,0
2018-03-08,23.97,23.97,23.97,23.97,0
2018-03-09,23.97,23.97,23.97,23.97,0
2018-03-12,23.97,23.97,23.97,23.97,0
2018-03-13,23.97,23.97,23.97,23.97,0
2018-03-14,23.97,23.97,23.97,23.97,0
2018-03-15,23.97,23.97,23.97,23.97,0
2018-03-16,23.97,23.97,23.97,23.97,0
2018-03-19,23.97,23.97,23.97,23.97,0
2018-03-20,23.97,23.97,23.97,23.97,0
2018-03-21,23.97,23.97,23.97,23.97,0
2018-03-22,23.97,23.97,23.97,23.97,0
2018-03-23,23.97,23.97,23.97,23.97,0
2018-03-26,23.97,23.97,23.97,23.97,0
2018-03-27,23.97,23.97,23.97,23.97,0
2018-03-28,23.97,23.97,23.97,23.97,0
2018-03-29,23.97,23.97,23.97,23.97,0
2018-03-30,23.97,23.97,23.97,23.97,0
2018-04-02,23.97,23.97,23.97,23.97,0
2018-04-03,23.97,23.97,23.97,23.97,0
2018-04-04,23.97,23.97,23.97,23.97,0
2018-04-05,23.97,23.97,23.97,23.97,0
2018-04-06,23.97,23.97,23.97,23.97,0
2018-04-09,23.97,23.97,23.97,23.97,0
2018-04-10,23.97,23.97,23.97,23.97,0
2018-04-11,23.97,23.97,23.97,23.97,0
2018-04-12,23.97,23.97,23.97,23.97,0
2018-04-13,23.97,23.97,23.97,23.97,0
2018-04-16,23.97,23.97,23.97,23.97,0
2018-04-17,23.97,23.97,23.97,23.97,0
2018-04-18,23.97,23.97,23.97,23.97,0
2018-04-19,23.97,23.97,23.97,23.97,0
2018-04-20,23.97,23.97,23.97,23.97,0
2018-04-23,23.97,23.97,23.97,23.97,0
2018-04-24,23.97,23.97,23.97,23.97,0
2018-04-26,23.97,23.97,23.97,23.97,0
2018-04-27,23.97,23.97,23.97,23.97,0
2018-05-02,23.97,23.97,23.97,23.97,0
2018-05-03,23.97,23.97,23.97,23.97,0
2018-05-04,23.97,23.97,23.97,23.97,0
2018-05-07,23.97,23.97,23.97,23.97,0
2018-05-08,23.97,23.97,23.97,23.97,0
2018-05-09,23.97,23.97,23.97,23.97,0
2018-05-10,23.97,23.97,23.97,23.97,0
2018-05-11,23.97,23.97,23.97,23.97,0
2018-05-14,23.97,23.97,23.97,23.97,0
2018-05-15,23.97,23.97,23.97,23.97,0
2018-05-16,23.97,23.97,23.97,23.97,0
2018-05-17,23.97,23.97,23.97,23.97,0
2018-05-18,23.97,23.97,23.97,23.97,0
2018-05-21,23.97,23.97,23.97,23.97,0
2018-05-22,23.97,23.97,23.97,23.97,6100
2018-05-23,23.97,23.97,23.97,23.97,0
2018-05-24,23.97,23.97,23.97,23.97,0
2018-05-25,23.97,23.97,23.97,23.97,0
2018-05-28,23.97,23.97,23.97,23.97,0
2018-05-29,21.76,21.76,21.76,21.76,100
2018-05-30,21.76,21.76,21.76,21.76,0
2018-05-31,21.76,21.76,21.76,21.76,0
2018-06-01,19.78,19.78,19.78,19.78,100
2018-06-04,17.8,17.8,17.8,17.8,3800
2018-06-05,17.8,17.8,17.8,17.8,0
2018-06-06,17.8,17.8,17.8,17.8,0
2018-06-07,17.72,17.8,17.72,17.8,3300
2018-06-08,17.8,17.8,17.8,17.8,0
2018-06-11,17.8,17.8,17.8,17.8,0
2018-06-12,17.72,17.8,17.72,17.8,5000
2018-06-13,17.8,17.8,17.8,17.8,0
2018-06-14,17.8,17.8,17.8,17.8,0
2018-06-15,17.8,17.8,17.8,17.8,0
2018-06-18,17.8,17.8,17.8,17.8,0
2018-06-19,17.8,17.8,17.8,17.8,0
2018-06-20,17.8,17.8,17.8,17.8,0
2018-06-21,17.8,17.8,17.8,17.8,0
2018-06-22,17.8,17.8,17.8,17.8,0
2018-06-25,17.8,17.8,17.8,17.8,0
2018-06-26,17.8,17.8,17.8,17.8,0
2018-06-27,17.8,17.8,17.8,17.8,0
2018-06-28,17.8,17.8,17.8,17.8,0
2018-06-29,17.8,17.8,17.8,17.8,0
2018-07-02,17.8,17.8,17.8,17.8,0
2018-07-03,17.8,17.8,17.8,17.8,0
2018-07-04,17.8,17.8,17.8,17.8,0
2018-07-05,17.8,17.8,17.8,17.8,0
2018-07-06,17.8,17.8,17.8,17.8,0
2018-07-09,17.8,17.8,17.8,17.8,0
2018-07-10,17.8,17.8,17.8,17.8,0
2018-07-11,17.8,17.8,17.8,17.8,0
2018-07-12,17.8,17.8,17.8,17.8,0
2018-07-13,17.8,17.8,17.8,17.8,0
2018-07-16,17.8,17.8,17.8,17.8,0
2018-07-17,17.8,17.8,17.8,17.8,0
2018-07-18,17.8,17.8,17.8,17.8,0
2018-07-19,17.8,17.8,17.8,17.8,0
2018-07-20,17.8,17.8,17.8,17.8,0
2018-07-23,17.8,17.8,17.8,17.8,0
2018-07-24,17.8,17.8,17.8,17.8,0
2018-07-25,17.8,17.8,17.8,17.8,0
2018-07-26,17.8,17.8,17.8,17.8,0
2018-07-27,17.8,17.8,17.8,17.8,0
2018-07-30,17.8,17.8,17.8,17.8,0
2018-07-31,17.8,17.8,17.8,17.8,0
2018-08-01,17.8,17.8,17.8,17.8,0
2018-08-02,17.8,17.8,17.8,17.8,0
2018-08-03,17.8,17.8,17.8,17.8,0
2018-08-06,17.8,17.8,17.8,17.8,0
2018-08-07,17.8,17.8,17.8,17.8,0
2018-08-08,17.8,17.8,17.8,17.8,0
2018-08-09,17.8,17.8,17.8,17.8,0
2018-08-10,17.8,17.8,17.8,17.8,0
2018-08-13,17.8,17.8,17.8,17.8,0
2018-08-14,17.8,17.8,17.8,17.8,0
2018-08-15,17.8,17.8,17.8,17.8,0
2018-08-16,17.8,17.8,17.8,17.8,0
2018-08-17,17.8,17.8,17.8,17.8,0
2018-08-20,17.8,17.8,17.8,17.8,0
2018-08-21,17.8,17.8,17.8,17.8,0
2018-08-22,17.8,17.8,17.8,17.8,0
2018-08-23,17.8,17.8,17.8,17.8,0
2018-08-24,17.8,17.8,17.8,17.8,0
2018-08-27,17.8,17.8,17.8,17.8,0
2018-08-28,17.8,17.8,17.8,17.8,0
2018-08-29,17.8,17.8,17.8,17.8,0
2018-08-30,17.8,17.8,17.8,17.8,0
2018-08-31,17.8,17.8,17.8,17.8,0
2018-09-04,17.8,17.8,17.8,17.8,0
2018-09-05,17.8,17.8,17.8,17.8,0
2018-09-06,17.8,17.8,17.8,17.8,0
2018-09-07,17.8,17.8,17.8,17.8,0
2018-09-10,17.8,17.8,17.8,17.8,0
2018-09-11,17.8,17.8,17.8,17.8,0
2018-09-12,17.8,17.8,17.8,17.8,0
2018-09-13,17.8,17.8,17.8,17.8,0
2018-09-14,17.8,17.8,17.8,17.8,0
2018-09-17,17.8,17.8,17.8,17.8,0
2018-09-18,17.8,17.8,17.8,17.8,0
2018-09-19,17.8,17.8,17.8,17.8,0
2018-09-20,17.8,17.8,17.8,17.8,0
2018-09-21,17.8,17.8,17.8,17.8,0
2018-09-24,17.8,17.8,17.8,17.8,0
2018-09-25,17.8,17.8,17.8,17.8,0
2018-09-26,17.15,17.15,17.15,17.15,210
2018-09-27,17.15,17.15,17.15,17.15,0
2018-09-28,17.15,17.15,17.15,17.15,10
2018-10-01,17.15,17.15,17.15,17.15,0
2018-10-02,17.15,17.15,17.15,17.15,0
2018-10-03,17.15,17.15,17.15,17.15,0
2018-10-04,17.15,17.15,17.15,17.15,0
2018-10-05,17.15,17.15,17.15,17.15,0
2018-10-08,17.15,17.15,17.15,17.15,0
2018-10-09,17.15,17.15,17.15,17.15,0
2018-10-10,17.15,17.15,17.15,17.15,0
2018-10-11,17.15,17.15,17.15,17.15,0
2018-10-12,17.15,17.15,17.15,17.15,0
2018-10-15,17.15,17.15,17.15,17.15,0
2018-10-16,17.15,17.15,17.15,17.15,0
2018-10-17,17.15,17.15,17.15,17.15,0
2018-10-18,17.15,17.15,17.15,17.15,0
2018-10-19,17.15,17.15,17.15,17.15,0
2018-10-22,17.15,17.15,17.15,17.15,0
2018-10-23,17.15,17.15,17.15,17.15,0
2018-10-24,17.15,17.15,17.15,17.15,0
2018-10-25,17.15,17.15,17.15,17.15,0
2018-10-26,17.15,17.15,17.15,17.15,0
2018-10-29,17.15,17.15,17.15,17.15,0
2018-10-30,17.15,17.15,17.15,17.15,0
2018-10-31,17.15,17.15,17.15,17.15,0
2018-11-01,17.15,17.15,17.15,17.15,0
2018-11-02,17.15,17.15,17.15,17.15,0
2018-11-05,17.15,17.15,17.15,17.15,0
2018-11-06,17.15,17.15,17.15,17.15,0
2018-11-07,17.15,17.15,17.15,17.15,0
2018-11-08,17.15,17.15,17.15,17.15,0
2018-11-09,17.15,17.15,17.15,17.15,0
2018-11-12,17.15,17.15,17.15,17.15,0
2018-11-13,17.15,17.15,17.15,17.15,0
2018-11-14,17.15,17.15,17.15,17.15,0
2018-11-15,17.15,17.15,17.15,17.15,0
2018-11-16,17.15,17.15,17.15,17.15,0
2018-11-19,17.15,17.15,17.15,17.15,0
2018-11-20,17.15,17.15,17.15,17.15,0
2018-11-21,17.15,17.15,17.15,17.15,0
2018-11-22,20.58,20.58,20.58,20.58,0
2018-11-23,20.58,20.58,20.58,20.58,0
2018-11-26,18.72,18.72,18.72,18.72,100
2018-11-27,19.5,20.58,19.5,20.58,200
2018-11-28,22.54,22.54,22.54,22.54,100
2018-11-29,22.54,22.54,22.54,22.54,0
2018-11-30,24.7,24.7,24.7,24.7,100
2018-12-03,24.7,24.7,24.7,24.7,0
2018-12-04,24.7,24.7,24.7,24.7,0
2018-12-05,24.7,24.7,24.7,24.7,0
2018-12-06,27.05,27.05,27.05,27.05,100
2018-12-07,27.05,27.05,27.05,27.05,0
2018-12-10,27.05,27.05,27.05,27.05,0
2018-12-11,29.4,29.4,29.4,29.4,100
2018-12-12,29.4,29.4,29.4,29.4,0
2018-12-13,29.4,29.4,29.4,29.4,0
2018-12-14,29.4,29.4,29.4,29.4,0
2018-12-17,29.4,29.4,29.4,29.4,0
2018-12-18,29.4,29.4,29.4,29.4,0
2018-12-19,29.4,29.4,29.4,29.4,0
2018-12-20,29.4,29.4,29.4,29.4,0
2018-12-21,29.4,29.4,29.4,29.4,0
2018-12-24,29.4,29.4,29.4,29.4,0
2018-12-25,29.4,29.4,29.4,29.4,0
2018-12-26,29.4,29.4,29.4,29.4,0
2018-12-27,29.4,29.4,29.4,29.4,0
2018-12-28,29.4,29.4,29.4,29.4,0
2019-01-02,29.4,29.4,29.4,29.4,0
2019-01-03,29.4,29.4,29.4,29.4,0
2019-01-04,29.4,29.4,29.4,29.4,0
2019-01-07,29.4,29.4,29.4,29.4,0
2019-01-08,29.4,29.4,29.4,29.4,0
2019-01-09,29.4,29.4,29.4,29.4,0
2019-01-10,29.4,29.4,29.4,29.4,0
2019-01-11,29.4,29.4,29.4,29.4,0
2019-01-14,29.4,29.4,29.4,29.4,0
2019-01-15,29.4,29.4,29.4,29.4,0
2019-01-16,29.4,29.4,29.4,29.4,0
2019-01-17,29.4,29.4,29.4,29.4,0
2019-01-18,29.4,29.4,29.4,29.4,0
2019-01-21,29.4,29.4,29.4,29.4,0
2019-01-22,29.4,29.4,29.4,29.4,0
2019-01-23,29.4,29.4,29.4,29.4,0
2019-01-24,29.4,29.4,29.4,29.4,0
2019-01-25,29.4,29.4,29.4,29.4,0
2019-01-28,29.4,29.4,29.4,29.4,0
2019-01-29,29.4,29.4,29.4,29.4,0
2019-01-30,29.4,29.4,29.4,29.4,0
2019-01-31,29.4,29.4,29.4,29.4,0
2019-02-01,29.4,29.4,29.4,29.4,0
2019-02-11,29.4,29.4,29.4,29.4,0
2019-02-12,29.4,29.4,29.4,29.4,0
2019-02-13,29.4,29.4,29.4,29.4,0
2019-02-14,29.4,29.4,29.4,29.4,0
2019-02-15,29.4,29.4,29.4,29.4,0
2019-02-18,29.4,29.4,29.4,29.4,0
2019-02-19,29.4,29.4,29.4,29.4,0
2019-02-20,29.4,29.4,29.4,29.4,0
2019-02-21,29.4,29.4,29.4,29.4,0
2019-02-22,29.4,29.4,29.4,29.4,0
2019-02-25,29.4,29.4,29.4,29.4,0
2019-02-26,29.4,29.4,29.4,29.4,0
2019-02-27,29.4,29.4,29.4,29.4,0
2019-02-28,29.4,29.4,29.4,29.4,0
2019-03-01,29.4,29.4,29.4,29.4,0
2019-03-04,29.4,29.4,29.4,29.4,0
2019-03-05,29.4,29.4,29.4,29.4,0
2019-03-06,29.4,29.4,29.4,29.4,0
2019-03-07,29.4,29.4,29.4,29.4,0
2019-03-08,29.4,29.4,29.4,29.4,0
2019-03-11,29.4,29.4,29.4,29.4,0
2019-03-12,29.4,29.4,29.4,29.4,0
2019-03-13,29.4,29.4,29.4,29.4,0
2019-03-14,29.4,29.4,29.4,29.4,0
2019-03-15,29.4,29.4,29.4,29.4,0
2019-03-18,29.4,29.4,29.4,29.4,0
2019-03-19,29.4,29.4,29.4,29.4,0
2019-03-20,29.4,29.4,29.4,29.4,0
2019-03-21,29.4,29.4,29.4,29.4,0
2019-03-22,29.4,29.4,29.4,29.4,0
2019-03-25,29.4,29.4,29.4,29.4,0
2019-03-26,29.4,29.4,29.4,29.4,0
2019-03-27,29.4,29.4,29.4,29.4,0
2019-03-28,29.4,29.4,29.4,29.4,0
2019-03-29,29.4,29.4,29.4,29.4,0
2019-04-01,29.4,29.4,29.4,29.4,0
2019-04-02,29.4,29.4,29.4,29.4,0
2019-04-03,29.4,29.4,29.4,29.4,0
2019-04-04,29.4,29.4,29.4,29.4,0
2019-04-05,29.4,29.4,29.4,29.4,0
2019-04-08,29.4,29.4,29.4,29.4,0
2019-04-09,29.4,29.4,29.4,29.4,0
2019-04-10,29.4,29.4,29.4,29.4,0
2019-04-11,29.4,29.4,29.4,29.4,0
2019-04-12,29.4,29.4,29.4,29.4,0
2019-04-16,29.4,29.4,29.4,29.4,0
2019-04-17,29.4,29.4,29.4,29.4,0
2019-04-18,29.4,29.4,29.4,29.4,0
2019-04-19,29.4,29.4,29.4,29.4,0
2019-04-22,29.4,29.4,29.4,29.4,0
2019-04-23,29.4,29.4,29.4,29.4,0
2019-04-24,29.4,29.4,29.4,29.4,0
2019-04-25,29.4,29.4,29.4,29.4,0
2019-04-26,29.4,29.4,29.4,29.4,0
2019-05-02,29.4,29.4,29.4,29.4,0
2019-05-03,29.4,29.4,29.4,29.4,0
2019-05-06,29.4,29.4,29.4,29.4,0
2019-05-07,29.4,29.4,29.4,29.4,0
2019-05-08,29.4,29.4,29.4,29.4,0
2019-05-09,29.4,29.4,29.4,29.4,0
2019-05-10,29.4,29.4,29.4,29.4,0
2019-05-13,29.4,29.4,29.4,29.4,0
2019-05-14,29.4,29.4,29.4,29.4,0
2019-05-15,29.4,29.4,29.4,29.4,0
2019-05-16,29.4,29.4,29.4,29.4,0
2019-05-17,29.4,29.4,29.4,29.4,0
2019-05-20,29.4,29.4,29.4,29.4,0
2019-05-21,29.4,29.4,29.4,29.4,0
2019-05-22,29.4,29.4,29.4,29.4,0
2019-05-23,29.4,29.4,29.4,29.4,0
2019-05-24,29.4,29.4,29.4,29.4,0
2019-05-27,29.4,29.4,29.4,29.4,0
2019-05-28,29.4,29.4,29.4,29.4,0
2019-05-29,29.4,29.4,29.4,29.4,0
2019-05-30,29.4,29.4,29.4,29.4,0
2019-05-31,29.4,29.4,29.4,29.4,0
2019-06-03,29.4,29.4,29.4,29.4,0
2019-06-04,29.4,29.4,29.4,29.4,0
2019-06-05,29.4,29.4,29.4,29.4,0
2019-06-06,29.4,29.4,29.4,29.4,0
2019-06-07,29.4,29.4,29.4,29.4,0
2019-06-10,29.4,29.4,29.4,29.4,0
2019-06-11,29.4,29.4,29.4,29.4,0
2019-06-12,29.4,29.4,29.4,29.4,0
2019-06-13,29.4,29.4,29.4,29.4,0
2019-06-14,29.4,29.4,29.4,29.4,0
2019-06-17,29.4,29.4,29.4,29.4,0
2019-06-18,29.4,29.4,29.4,29.4,0
2019-06-19,29.4,29.4,29.4,29.4,0
2019-06-20,29.4,29.4,29.4,29.4,0
2019-06-21,29.4,29.4,29.4,29.4,0
2019-06-24,29.4,29.4,29.4,29.4,0
2019-06-25,29.4,29.4,29.4,29.4,0
2019-06-26,29.4,29.4,29.4,29.4,0
2019-06-27,29.4,29.4,29.4,29.4,0
2019-06-28,29.4,29.4,29.4,29.4,0
2019-07-01,29.4,29.4,29.4,29.4,0
2019-07-02,29.4,29.4,29.4,29.4,0
2019-07-03,29.4,29.4,29.4,29.4,0
2019-07-04,29.4,29.4,29.4,29.4,0
2019-07-05,29.4,29.4,29.4,29.4,0
2019-07-08,29.4,29.4,29.4,29.4,100
2019-07-09,29.4,29.4,29.4,29.4,0
2019-07-10,29.4,29.4,29.4,29.4,0
2019-07-11,29.4,29.4,29.4,29.4,0
2019-07-12,29.4,29.4,29.4,29.4,0
2019-07-15,29.4,29.4,29.4,29.4,0
2019-07-16,29.4,29.4,29.4,29.4,0
2019-07-17,29.4,29.4,29.4,29.4,0
2019-07-18,29.4,29.4,29.4,29.4,0
2019-07-19,29.4,29.4,29.4,29.4,0
2019-07-22,29.4,29.4,29.4,29.4,0
2019-07-23,29.4,29.4,29.4,29.4,0
2019-07-24,29.4,29.4,29.4,29.4,0
2019-07-25,29.4,29.4,29.4,29.4,0
2019-07-26,29.4,29.4,29.4,29.4,0
2019-07-29,29.4,29.4,29.4,29.4,0
2019-07-30,29.4,29.4,29.4,29.4,0
2019-07-31,29.4,29.4,29.4,29.4,0
2019-08-01,29.4,29.4,29.4,29.4,0
2019-08-02,29.4,29.4,29.4,29.4,0
2019-08-05,29.4,29.4,29.4,29.4,0
2019-08-06,29.4,29.4,29.4,29.4,6500
2019-08-07,29.4,29.4,29.4,29.4,0
2019-08-08,29.4,29.4,29.4,29.4,0
2019-08-09,29.4,29.4,29.4,29.4,0
2019-08-12,29.4,29.4,29.4,29.4,0
2019-08-13,29.4,29.4,29.4,29.4,0
2019-08-14,30.0,30.0,30.0,30.0,0
2019-08-15,30.0,30.0,30.0,30.0,0
2019-08-16,30.0,30.0,30.0,30.0,0
2019-08-19,30.0,30.0,30.0,30.0,0
2019-08-20,30.0,30.0,30.0,30.0,0
2019-08-21,26.5,26.5,26.5,26.5,100
2019-08-22,26.5,26.5,26.5,26.5,0
2019-08-23,26.5,26.5,26.5,26.5,0
2019-08-26,26.5,26.5,26.5,26.5,0
2019-08-27,26.5,26.5,26.5,26.5,0
2019-08-28,26.5,26.5,26.5,26.5,0
2019-08-29,26.5,26.5,26.5,26.5,0
2019-08-30,29.1,29.1,29.1,29.1,100
2019-09-03,29.1,29.1,29.1,29.1,0
2019-09-04,29.1,29.1,29.1,29.1,0
2019-09-05,29.1,29.1,29.1,29.1,0
2019-09-06,26.2,26.2,26.2,26.2,100
2019-09-09,26.2,26.2,26.2,26.2,0
2019-09-10,23.6,23.6,23.6,23.6,100
2019-09-11,23.6,23.6,23.6,23.6,0
2019-09-12,23.6,23.6,23.6,23.6,0
2019-09-13,23.6,23.6,23.6,23.6,0
2019-09-16,21.3,21.3,21.3,21.3,100
2019-09-17,19.2,19.2,19.2,19.2,100
2019-09-18,21.1,21.1,21.1,21.1,1100
2019-09-19,21.1,21.1,21.1,21.1,0
2019-09-20,21.1,21.1,21.1,21.1,0
2019-09-23,21.1,21.1,21.1,21.1,0
2019-09-24,21.1,21.1,21.1,21.1,0
2019-09-25,21.1,21.1,21.1,21.1,0
2019-09-26,20.0,20.0,20.0,20.0,100
2019-09-27,20.0,20.0,20.0,20.0,0
2019-09-30,20.0,20.0,20.0,20.0,0
2019-10-01,20.0,20.0,20.0,20.0,0
2019-10-02,20.0,20.0,20.0,20.0,0
2019-10-03,20.0,20.0,20.0,20.0,0
2019-10-04,20.0,20.0,20.0,20.0,0
2019-10-07,20.0,20.0,20.0,20.0,0
2019-10-08,20.0,20.0,20.0,20.0,0
2019-10-09,20.0,20.0,20.0,20.0,0
2019-10-10,20.0,20.0,20.0,20.0,0
2019-10-11,20.0,20.0,20.0,20.0,0
2019-10-14,20.0,20.0,20.0,20.0,0
2019-10-15,18.0,18.0,18.0,18.0,300
2019-10-16,18.0,18.0,18.0,18.0,0
2019-10-17,18.0,18.0,18.0,18.0,0
2019-10-18,18.0,18.0,18.0,18.0,0
2019-10-21,18.0,18.0,18.0,18.0,0
2019-10-22,18.0,18.0,18.0,18.0,0
2019-10-23,18.0,18.0,18.0,18.0,0
2019-10-24,18.0,18.0,18.0,18.0,0
2019-10-25,19.0,19.0,19.0,19.0,200
2019-10-28,19.0,19.0,19.0,19.0,0
2019-10-29,19.0,19.0,19.0,19.0,0
2019-10-30,19.0,19.0,19.0,19.0,0
2019-10-31,19.0,19.0,19.0,19.0,0
2019-11-01,19.0,19.0,19.0,19.0,0
2019-11-04,19.0,19.0,19.0,19.0,0
2019-11-05,19.0,19.0,19.0,19.0,0
2019-11-06,19.0,19.0,19.0,19.0,0
2019-11-07,19.0,19.0,19.0,19.0,0
2019-11-08,19.0,19.0,19.0,19.0,0
2019-11-11,19.0,19.0,19.0,19.0,0
2019-11-12,19.0,19.0,19.0,19.0,0
2019-11-13,19.0,19.0,19.0,19.0,0
2019-11-14,19.0,19.0,19.0,19.0,0
2019-11-15,18.0,18.0,18.0,18.0,500
2019-11-18,18.0,18.0,18.0,18.0,0
2019-11-19,18.0,18.0,18.0,18.0,0
2019-11-20,16.2,16.2,16.2,16.2,100
2019-11-21,16.2,16.2,16.2,16.2,0
2019-11-22,16.2,16.2,16.2,16.2,0
2019-11-25,16.2,16.2,16.2,16.2,0
2019-11-26,16.2,16.2,16.2,16.2,0
2019-11-27,16.2,16.2,16.2,16.2,0
2019-11-28,16.2,16.2,16.2,16.2,0
2019-11-29,16.2,16.2,16.2,16.2,0
2019-12-02,16.2,16.2,16.2,16.2,0
2019-12-03,16.2,16.2,16.2,16.2,0
2019-12-04,16.2,16.2,16.2,16.2,0
2019-12-05,16.2,16.2,16.2,16.2,0
2019-12-06,16.2,16.2,16.2,16.2,0
2019-12-09,16.2,16.2,16.2,16.2,0
2019-12-10,16.2,16.2,16.2,16.2,0
2019-12-11,16.2,16.2,16.2,16.2,0
2019-12-12,16.2,16.2,16.2,16.2,80
2019-12-13,16.2,16.2,16.2,16.2,0
2019-12-16,16.2,16.2,16.2,16.2,0
2019-12-17,16.2,16.2,16.2,16.2,0
2019-12-18,14.7,14.7,14.7,14.7,100
2019-12-19,16.0,16.0,16.0,16.0,300
2019-12-20,16.0,16.0,16.0,16.0,0
2019-12-23,16.0,16.0,16.0,16.0,0
2019-12-24,16.0,16.0,16.0,16.0,0
2019-12-25,16.0,16.0,16.0,16.0,0
2019-12-26,16.0,16.0,16.0,16.0,0
2019-12-27,16.0,16.0,16.0,16.0,0
2019-12-30,16.0,16.0,16.0,16.0,0
2019-12-31,16.0,16.0,16.0,16.0,0
2020-01-02,16.0,16.0,16.0,16.0,0
2020-01-03,16.0,16.0,16.0,16.0,0
2020-01-06,16.0,16.0,16.0,16.0,0
2020-01-07,14.4,14.4,14.4,14.4,100
2020-01-08,13.0,13.0,13.0,13.0,100
2020-01-09,13.0,13.0,13.0,13.0,0
2020-01-10,14.0,14.0,14.0,14.0,300
2020-01-13,14.0,14.0,14.0,14.0,0
2020-01-14,14.0,14.0,14.0,14.0,0
2020-01-15,14.0,14.0,14.0,14.0,0
2020-01-16,15.0,15.0,15.0,15.0,560
2020-01-17,15.0,15.0,15.0,15.0,0
2020-01-20,15.0,15.0,15.0,15.0,0
2020-01-21,15.0,15.0,15.0,15.0,0
2020-01-22,15.0,15.0,15.0,15.0,0
2020-01-30,15.0,15.0,15.0,15.0,0
2020-01-31,15.0,15.0,15.0,15.0,0
2020-02-03,15.0,15.0,15.0,15.0,0
2020-02-04,15.0,15.0,15.0,15.0,0
2020-02-05,15.0,15.0,15.0,15.0,0
2020-02-06,15.0,15.0,15.0,15.0,0
2020-02-07,15.0,15.0,15.0,15.0,0
2020-02-10,15.0,15.0,15.0,15.0,0
2020-02-11,15.0,15.0,15.0,15.0,0
2020-02-12,15.0,15.0,15.0,15.0,0
2020-02-13,15.0,15.0,15.0,15.0,0
2020-02-14,15.0,15.0,15.0,15.0,0
2020-02-17,15.0,15.0,15.0,15.0,0
2020-02-18,15.0,15.0,15.0,15.0,0
2020-02-19,15.0,15.0,15.0,15.0,0
2020-02-20,15.0,15.0,15.0,15.0,0
2020-02-21,15.0,15.0,15.0,15.0,0
2020-02-24,15.0,15.0,15.0,15.0,0
2020-02-25,15.0,15.0,15.0,15.0,0
2020-02-26,15.0,15.0,15.0,15.0,0
2020-02-27,15.0,15.0,15.0,15.0,0
2020-02-28,15.0,15.0,15.0,15.0,0
2020-03-02,15.0,15.0,15.0,15.0,0
2020-03-03,15.0,15.0,15.0,15.0,0
2020-03-04,15.0,15.0,15.0,15.0,0
2020-03-05,15.0,15.0,15.0,15.0,0
2020-03-06,15.0,15.0,15.0,15.0,0
2020-03-09,15.0,15.0,15.0,15.0,0
2020-03-10,15.0,15.0,15.0,15.0,0
2020-03-11,15.0,15.0,15.0,15.0,0
2020-03-12,15.0,15.0,15.0,15.0,0
2020-03-13,15.0,15.0,15.0,15.0,0
2020-03-16,15.0,15.0,15.0,15.0,0
2020-03-17,15.0,15.0,15.0,15.0,0
2020-03-18,15.0,15.0,15.0,15.0,0
2020-03-19,15.0,15.0,15.0,15.0,0
2020-03-20,15.0,15.0,15.0,15.0,0
2020-03-23,15.0,15.0,15.0,15.0,0
2020-03-24,15.0,15.0,15.0,15.0,0
2020-03-25,15.0,15.0,15.0,15.0,0
2020-03-26,15.0,15.0,15.0,15.0,0
2020-03-27,15.0,15.0,15.0,15.0,0
2020-03-30,15.0,15.0,15.0,15.0,0
2020-03-31,15.0,15.0,15.0,15.0,0
2020-04-01,15.0,15.0,15.0,15.0,0
2020-04-03,15.0,15.0,15.0,15.0,0
2020-04-06,15.0,15.0,15.0,15.0,0
2020-04-07,15.0,15.0,15.0,15.0,0
2020-04-08,15.0,15.0,15.0,15.0,0
2020-04-09,15.0,15.0,15.0,15.0,0
2020-04-10,15.0,15.0,15.0,15.0,0
2020-04-13,15.0,15.0,15.0,15.0,0
2020-04-14,15.0,15.0,15.0,15.0,0
2020-04-15,15.0,16.5,15.0,16.5,300
2020-04-16,16.5,16.5,16.5,16.5,0
2020-04-17,16.5,16.5,16.5,16.5,0
2020-04-20,16.5,16.5,16.5,16.5,0
2020-04-21,16.5,16.5,16.5,16.5,0
2020-04-22,16.5,16.5,16.5,16.5,58
2020-04-23,16.5,16.5,16.5,16.5,0
2020-04-24,16.5,16.5,16.5,16.5,0
2020-04-27,16.5,16.5,16.5,16.5,0
2020-04-28,16.5,16.5,16.5,16.5,0
2020-04-29,14.9,14.9,14.9,14.9,100
2020-05-04,14.9,14.9,14.9,14.9,0
2020-05-05,14.9,14.9,14.9,14.9,0
2020-05-06,14.9,14.9,14.9,14.9,0
2020-05-07,14.9,14.9,14.9,14.9,0
2020-05-08,14.9,14.9,14.9,14.9,0
2020-05-11,14.9,14.9,14.9,14.9,0
2020-05-12,16.3,16.3,16.3,16.3,100
2020-05-13,16.3,16.3,16.3,16.3,90
2020-05-14,16.3,16.3,16.3,16.3,0
2020-05-15,16.3,16.3,16.3,16.3,0
2020-05-18,16.3,16.3,16.3,16.3,56
2020-05-19,16.3,16.3,16.3,16.3,0
2020-05-20,16.3,16.3,16.3,16.3,0
2020-05-21,16.3,16.3,16.3,16.3,0
2020-05-22,16.3,16.3,16.3,16.3,0
2020-05-25,16.3,16.3,16.3,16.3,0
2020-05-26,16.3,16.3,16.3,16.3,0
2020-05-27,16.3,16.3,16.3,16.3,0
2020-05-28,14.7,14.7,14.7,14.7,100
2020-05-29,13.3,13.3,13.3,13.3,100
2020-06-01,13.3,13.3,13.3,13.3,0
2020-06-02,13.3,13.3,13.3,13.3,0
2020-06-03,13.3,13.3,13.3,13.3,200
2020-06-04,13.3,13.3,13.3,13.3,0
2020-06-05,13.3,13.3,13.3,13.3,0
2020-06-08,12.7,12.7,12.3,12.3,380
2020-06-09,12.3,12.3,12.3,12.3,84
2020-06-10,12.3,12.3,12.3,12.3,0
2020-06-11,12.3,12.3,12.3,12.3,0
2020-06-12,13.5,13.5,13.5,13.5,100
2020-06-15,14.8,14.8,14.8,14.8,100
2020-06-16,16.2,16.2,16.2,16.2,200
2020-06-17,17.8,17.8,17.8,17.8,100
2020-06-18,17.8,17.8,17.8,17.8,0
2020-06-19,17.8,17.8,17.8,17.8,0
2020-06-22,17.8,17.8,17.8,17.8,0
2020-06-23,17.8,17.8,17.8,17.8,0
2020-06-24,17.8,17.8,17.8,17.8,0
2020-06-25,16.1,16.1,16.1,16.1,600
2020-06-26,17.6,17.6,17.6,17.6,310
2020-06-29,19.1,19.1,19.1,19.1,100
2020-06-30,20.9,20.9,20.9,20.9,200
2020-07-01,22.8,22.8,22.8,22.8,400
2020-07-02,24.8,24.8,24.8,24.8,300
2020-07-03,27.0,27.0,27.0,27.0,400
2020-07-06,29.5,29.5,29.5,29.5,400
2020-07-07,32.4,32.4,29.5,32.1,600
2020-07-08,30.0,35.0,30.0,35.0,300
2020-07-09,33.0,38.0,33.0,38.0,300
2020-07-10,38.0,38.0,38.0,38.0,0
2020-07-13,38.0,38.0,38.0,38.0,0
2020-07-14,38.0,38.0,38.0,38.0,0
2020-07-15,38.0,38.0,38.0,38.0,0
2020-07-16,38.0,38.0,38.0,38.0,600
2020-07-17,38.0,38.0,38.0,38.0,701
2020-07-20,38.0,38.0,38.0,38.0,0
2020-07-21,34.2,34.2,34.2,34.2,100
2020-07-22,31.0,31.0,31.0,31.0,100
2020-07-23,31.0,31.0,31.0,31.0,0
2020-07-24,28.0,28.0,28.0,28.0,100
2020-07-27,25.2,25.2,25.2,25.2,100
2020-07-28,22.7,22.7,22.7,22.7,100
2020-07-29,22.7,22.7,22.7,22.7,0
2020-07-30,22.7,22.7,22.7,22.7,0
2020-07-31,22.7,22.7,22.7,22.7,0
2020-08-03,22.7,22.7,22.7,22.7,0
2020-08-04,22.7,22.7,22.7,22.7,0
2020-08-05,22.7,22.7,22.7,22.7,0
2020-08-06,22.7,22.7,22.7,22.7,0
2020-08-07,22.7,22.7,22.7,22.7,0
2020-08-10,22.7,22.7,22.7,22.7,0
2020-08-11,22.7,22.7,22.7,22.7,0
2020-08-12,22.7,22.7,22.7,22.7,0
2020-08-13,20.5,20.5,20.5,20.5,100
2020-08-14,18.5,18.5,18.5,18.5,100
2020-08-17,16.7,16.7,16.7,16.7,1000
2020-08-18,15.1,15.1,15.1,15.1,517
2020-08-19,14.0,14.0,14.0,14.0,100
2020-08-20,14.0,14.0,14.0,14.0,0
2020-08-21,14.0,14.0,14.0,14.0,300
2020-08-24,14.0,14.0,14.0,14.0,0
2020-08-25,15.0,15.4,15.0,15.4,300
2020-08-26,13.9,13.9,13.9,13.9,100
2020-08-27,15.2,15.2,12.8,12.8,300
2020-08-28,12.8,12.8,12.8,12.8,0
2020-08-31,11.7,14.0,11.7,14.0,400
2020-09-01,15.4,15.4,15.4,15.4,200
2020-09-03,15.4,15.4,15.4,15.4,0
2020-09-04,16.5,16.5,16.5,16.5,100
2020-09-07,16.6,16.6,16.6,16.6,200
2020-09-08,16.6,16.6,16.6,16.6,1
2020-09-09,17.9,18.0,17.9,18.0,1500
2020-09-10,17.6,19.8,17.6,19.8,200
2020-09-11,19.8,19.8,19.8,19.8,0
2020-09-14,19.8,19.8,19.8,19.8,0
2020-09-15,19.8,19.8,19.8,19.8,0
2020-09-16,19.8,19.8,19.8,19.8,0
2020-09-17,19.8,19.8,19.8,19.8,0
2020-09-18,19.8,19.8,19.8,19.8,0
2020-09-21,17.9,17.9,17.9,17.9,100
2020-09-22,17.9,17.9,17.9,17.9,0
2020-09-23,17.9,17.9,17.9,17.9,0
2020-09-24,16.2,16.2,16.2,16.2,1000
2020-09-25,17.8,17.8,14.6,14.6,1000
2020-09-28,14.6,14.6,14.6,14.6,0
2020-09-29,13.3,15.0,13.3,15.0,540
2020-09-30,15.5,15.5,15.5,15.5,200
2020-10-01,14.0,14.0,14.0,14.0,200
2020-10-02,14.0,15.0,14.0,15.0,4000
2020-10-05,14.5,14.5,14.5,14.5,1000
2020-10-06,14.5,14.5,14.5,14.5,0
2020-10-07,14.5,14.5,14.5,14.5,0
2020-10-08,14.5,14.5,14.5,14.5,0
2020-10-09,14.5,14.5,14.5,14.5,0
2020-10-12,14.5,14.5,14.5,14.5,0
2020-10-13,13.3,13.3,13.3,13.3,3100
2020-10-14,14.6,14.6,14.6,14.6,200
2020-10-15,14.6,14.6,14.6,14.6,100
2020-10-16,15.5,15.5,15.5,15.5,1300
2020-10-19,15.5,15.5,15.5,15.5,0
2020-10-20,15.5,15.5,15.5,15.5,0
2020-10-21,15.5,15.5,15.5,15.5,0
2020-10-22,15.5,15.5,15.5,15.5,0
2020-10-23,15.5,15.5,15.5,15.5,0
2020-10-26,15.0,15.0,15.0,15.0,1200
2020-10-27,15.0,15.0,15.0,15.0,8600
2020-10-28,15.0,15.0,15.0,15.0,0
2020-10-29,15.0,15.0,15.0,15.0,0
2020-10-30,15.0,15.0,15.0,15.0,0
2020-11-02,15.0,15.0,15.0,15.0,0
2020-11-03,15.0,15.0,15.0,15.0,0
2020-11-04,15.0,15.0,15.0,15.0,0
2020-11-05,15.0,15.0,15.0,15.0,0
2020-11-06,15.0,15.0,15.0,15.0,0
2020-11-09,15.0,15.0,15.0,15.0,0
2020-11-10,15.0,15.0,15.0,15.0,0
2020-11-11,15.0,15.0,15.0,15.0,0
2020-11-12,15.0,15.0,15.0,15.0,0
2020-11-13,15.0,15.0,15.0,15.0,0
2020-11-16,15.0,15.0,15.0,15.0,0
2020-11-17,15.0,15.0,15.0,15.0,0
2020-11-18,15.0,15.0,15.0,15.0,0
2020-11-19,15.0,15.0,15.0,15.0,0
2020-11-20,15.0,15.0,15.0,15.0,0
2020-11-23,15.0,15.0,15.0,15.0,0
2020-11-24,15.0,15.0,15.0,15.0,0
2020-11-25,15.0,15.0,15.0,15.0,0
2020-11-26,15.0,15.0,15.0,15.0,0
2020-11-27,15.0,15.0,15.0,15.0,0
2020-11-30,15.0,15.0,15.0,15.0,0
2020-12-01,15.0,15.0,15.0,15.0,0
2020-12-02,15.0,15.0,15.0,15.0,0
2020-12-03,15.0,15.0,15.0,15.0,0
2020-12-04,15.0,15.0,15.0,15.0,0
2020-12-07,14.9,14.9,14.9,14.9,2000
2020-12-08,14.9,14.9,14.9,14.9,0
2020-12-09,14.9,14.9,14.9,14.9,0
2020-12-10,14.9,14.9,14.9,14.9,0
2020-12-11,14.9,14.9,14.9,14.9,0
2020-12-14,14.9,14.9,14.9,14.9,0
2020-12-15,14.9,14.9,14.9,14.9,0
2020-12-16,14.9,14.9,14.9,14.9,0
2020-12-17,14.9,14.9,14.9,14.9,0
2020-12-18,14.9,14.9,14.9,14.9,0
2020-12-21,14.9,14.9,14.9,14.9,0
2020-12-22,14.9,14.9,14.9,14.9,0
2020-12-23,14.9,14.9,14.9,14.9,0
2020-12-24,14.9,14.9,14.9,14.9,0
2020-12-25,14.9,14.9,14.9,14.9,0
2020-12-28,14.9,14.9,14.9,14.9,0
2020-12-29,14.9,14.9,14.9,14.9,0
2020-12-30,14.9,14.9,14.9,14.9,0
2020-12-31,15.0,15.0,15.0,15.0,200
2021-01-04,15.0,15.0,15.0,15.0,0
2021-01-05,15.0,15.0,15.0,15.0,2000
2021-01-06,15.0,15.0,15.0,15.0,0
2021-01-07,15.0,15.0,15.0,15.0,0
2021-01-08,15.0,15.0,15.0,15.0,0
2021-01-11,15.0,15.6,15.0,15.6,2600
2021-01-12,15.6,15.6,15.6,15.6,0
2021-01-13,16.5,16.5,16.5,16.5,200
2021-01-14,16.5,16.5,16.5,16.5,0
2021-01-15,16.5,16.5,16.5,16.5,0
2021-01-18,16.5,16.5,16.5,16.5,0
2021-01-19,16.5,16.5,16.5,16.5,20
2021-01-20,16.5,16.5,16.5,16.5,0
2021-01-21,16.5,16.5,16.5,16.5,600
2021-01-22,16.5,16.5,16.5,16.5,0
2021-01-25,16.5,16.5,16.5,16.5,0
2021-01-26,16.5,16.5,16.5,16.5,21
2021-01-27,16.5,16.5,16.5,16.5,0
2021-01-28,16.5,16.5,16.5,16.5,0
2021-01-29,17.0,17.0,17.0,17.0,200
2021-02-01,17.0,17.0,17.0,17.0,0
2021-02-02,17.0,17.0,17.0,17.0,0
2021-02-03,17.0,17.0,17.0,17.0,0
2021-02-04,17.0,17.0,17.0,17.0,0
2021-02-05,17.0,17.0,17.0,17.0,0
2021-02-08,17.0,17.0,17.0,17.0,0
2021-02-09,17.0,17.0,17.0,17.0,0
2021-02-17,17.0,17.0,17.0,17.0,0
2021-02-18,17.0,17.0,17.0,17.0,0
2021-02-19,17.0,17.0,17.0,17.0,0
2021-02-22,17.0,17.0,17.0,17.0,0
2021-02-23,17.0,17.0,17.0,17.0,0
2021-02-24,17.0,17.0,17.0,17.0,0
2021-02-25,17.0,17.0,17.0,17.0,0
2021-02-26,17.0,17.0,17.0,17.0,0
2021-03-01,17.0,17.0,17.0,17.0,70
2021-03-02,15.3,15.3,15.3,15.3,110
2021-03-03,15.3,15.3,15.3,15.3,0
2021-03-04,15.3,15.3,15.3,15.3,0
2021-03-05,15.3,15.3,15.3,15.3,0
2021-03-08,15.3,15.3,15.3,15.3,0
2021-03-09,15.3,15.3,15.3,15.3,0
2021-03-10,15.3,15.3,15.3,15.3,0
2021-03-11,15.3,15.3,15.3,15.3,0
2021-03-12,15.3,15.3,15.3,15.3,0
2021-03-15,15.3,15.3,15.3,15.3,0
2021-03-16,15.3,15.3,15.3,15.3,0
2021-03-17,16.8,16.8,16.8,16.8,100
2021-03-18,16.8,16.8,16.8,16.8,0
2021-03-19,16.8,16.8,16.8,16.8,0
2021-03-22,16.8,16.8,16.8,16.8,0
2021-03-23,16.8,16.8,16.8,16.8,0
2021-03-24,16.8,16.8,16.8,16.8,0
2021-03-25,16.8,16.8,16.8,16.8,0
2021-03-26,16.8,16.8,16.8,16.8,0
2021-03-29,16.8,16.8,16.8,16.8,0
2021-03-30,16.8,16.8,16.8,16.8,0
2021-03-31,16.8,16.8,16.8,16.8,0
2021-04-01,16.8,16.8,16.8,16.8,0
2021-04-02,16.8,16.8,16.8,16.8,0
2021-04-05,16.8,16.8,16.8,16.8,0
2021-04-06,16.8,16.8,16.8,16.8,0
2021-04-07,16.8,16.8,16.8,16.8,0
2021-04-08,16.8,16.8,16.8,16.8,0
2021-04-09,16.8,16.8,16.8,16.8,0
2021-04-12,16.8,16.8,16.8,16.8,0
2021-04-13,16.8,16.8,16.8,16.8,0
2021-04-14,16.8,16.8,16.8,16.8,0
2021-04-15,16.8,16.8,16.8,16.8,0
2021-04-16,16.0,16.0,15.7,15.8,5400
2021-04-19,15.8,15.8,15.8,15.8,0
2021-04-20,15.8,15.8,15.8,15.8,0
2021-04-22,15.8,15.8,15.8,15.8,0
2021-04-23,15.8,15.8,15.8,15.8,0
2021-04-26,15.8,15.8,15.8,15.8,0
2021-04-27,15.8,15.8,15.8,15.8,0
2021-04-28,15.8,15.8,15.8,15.8,0
2021-04-29,16.8,16.8,16.8,16.8,300
2021-05-04,16.8,16.8,16.8,16.8,0
2021-05-05,16.8,16.8,16.8,16.8,0
2021-05-06,16.8,16.8,16.8,16.8,0
2021-05-07,16.8,16.8,16.8,16.8,0
2021-05-10,16.8,16.8,16.8,16.8,0
2021-05-11,16.8,16.8,16.8,16.8,0
2021-05-12,16.8,16.8,16.8,16.8,0
2021-05-13,16.5,16.5,16.5,16.5,200
2021-05-14,16.5,16.5,16.5,16.5,0
2021-05-17,16.5,16.5,16.5,16.5,0
2021-05-18,16.5,16.5,16.5,16.5,0
2021-05-19,14.9,14.9,14.9,14.9,200
2021-05-20,14.9,14.9,14.9,14.9,0
2021-05-21,13.5,13.5,13.5,13.5,162
2021-05-24,13.5,13.5,13.5,13.5,0
2021-05-25,14.8,14.8,14.8,14.8,200
2021-05-26,14.8,14.8,14.8,14.8,0
2021-05-27,14.8,14.8,14.8,14.8,0
2021-05-28,14.8,14.8,14.8,14.8,0
2021-05-31,16.2,16.2,16.2,16.2,100
2021-06-01,14.6,14.6,14.6,14.6,100
2021-06-02,14.6,14.6,14.6,14.6,60
2021-06-03,14.6,14.6,14.6,14.6,0
2021-06-04,14.6,14.6,14.6,14.6,0
2021-06-07,13.3,13.3,13.3,13.3,100
2021-06-08,13.3,13.3,13.3,13.3,0
2021-06-09,13.3,13.3,13.3,13.3,0
2021-06-10,12.5,12.5,12.1,12.1,500
2021-06-11,12.1,12.1,12.1,12.1,0
2021-06-14,12.1,12.1,12.1,12.1,0
2021-06-15,12.1,12.1,12.1,12.1,0
2021-06-16,12.1,12.1,12.1,12.1,0
2021-06-17,12.1,12.1,12.1,12.1,0
2021-06-18,11.2,11.2,11.0,11.2,2600
2021-06-21,11.2,11.2,11.2,11.2,0
2021-06-22,11.1,11.1,11.0,11.1,1800
2021-06-23,11.1,11.1,11.1,11.1,40
2021-06-24,11.1,11.1,11.1,11.1,0
2021-06-25,11.1,11.1,11.1,11.1,0
2021-06-28,11.0,11.0,11.0,11.0,800
2021-06-29,11.0,11.0,11.0,11.0,0
2021-06-30,11.0,11.0,11.0,11.0,0
2021-07-01,11.0,11.0,11.0,11.0,0
2021-07-02,11.0,11.0,11.0,11.0,0
2021-07-05,11.0,11.0,11.0,11.0,0
2021-07-06,11.0,11.0,11.0,11.0,0
2021-07-07,11.0,11.0,11.0,11.0,0
2021-07-08,11.0,11.0,11.0,11.0,0
2021-07-09,11.0,11.0,11.0,11.0,0
2021-07-12,11.0,11.0,11.0,11.0,0
2021-07-13,11.0,11.0,11.0,11.0,0
2021-07-14,11.0,11.0,11.0,11.0,0
2021-07-15,12.1,12.1,12.1,12.1,100
2021-07-16,12.1,12.1,12.1,12.1,0
2021-07-19,12.1,12.1,12.1,12.1,0
2021-07-20,12.1,12.1,12.1,12.1,0
2021-07-21,12.1,12.1,12.1,12.1,0
2021-07-22,12.1,12.1,12.1,12.1,0
2021-07-23,12.1,12.1,12.1,12.1,0
2021-07-26,12.1,12.1,12.1,12.1,0
2021-07-27,12.1,12.1,12.1,12.1,0
2021-07-28,12.1,12.1,12.1,12.1,0
2021-07-29,12.1,12.1,12.1,12.1,0
2021-07-30,12.1,12.1,12.1,12.1,0
2021-08-02,12.1,12.1,12.1,12.1,0
2021-08-03,12.1,12.1,12.1,12.1,0
2021-08-04,12.1,12.1,12.1,12.1,0
2021-08-05,12.1,12.1,12.1,12.1,0
2021-08-06,12.1,12.1,12.1,12.1,0
2021-08-09,12.1,12.1,12.1,12.1,0
2021-08-10,12.1,12.1,12.1,12.1,0
2021-08-11,12.1,12.1,12.1,12.1,0
2021-08-12,12.1,12.1,12.1,12.1,0
2021-08-13,12.1,12.1,12.1,12.1,0
2021-08-16,13.2,13.2,13.2,13.2,100
2021-08-17,11.9,12.0,11.9,12.0,2000
2021-08-18,11.1,11.2,10.8,11.2,2001
2021-08-19,11.0,11.0,10.9,10.9,1400
2021-08-20,10.9,10.9,10.9,10.9,0
2021-08-23,10.9,10.9,10.9,10.9,100
2021-08-24,11.0,11.2,11.0,11.2,500
2021-08-25,11.2,11.2,11.2,11.2,0
2021-08-26,11.2,11.2,11.2,11.2,0
2021-08-27,11.3,11.4,11.3,11.4,207
2021-08-30,11.4,11.4,11.4,11.4,0
2021-08-31,10.9,10.9,10.9,10.9,400
2021-09-01,10.9,10.9,10.9,10.9,0
2021-09-06,10.8,10.8,10.8,10.8,100
2021-09-07,10.8,10.8,10.8,10.8,0
2021-09-08,10.8,10.8,10.8,10.8,0
2021-09-09,10.8,10.8,10.8,10.8,0
2021-09-10,10.8,10.8,10.8,10.8,400
2021-09-13,11.4,11.4,11.4,11.4,400
2021-09-14,11.4,12.5,11.4,12.5,3904
2021-09-15,13.7,13.7,13.7,13.7,2127
2021-09-16,14.0,14.0,14.0,14.0,1100
2021-09-17,14.0,14.1,13.9,14.1,16300
2021-09-20,14.1,14.1,14.1,14.1,0
2021-09-21,14.1,14.1,14.0,14.0,1700
2021-09-22,13.9,13.9,13.9,13.9,500
2021-09-23,13.9,13.9,13.9,13.9,0
2021-09-24,13.9,13.9,13.9,13.9,0
2021-09-27,13.9,13.9,13.9,13.9,0
2021-09-28,13.9,13.9,13.9,13.9,0
2021-09-29,13.9,13.9,13.9,13.9,0
2021-09-30,12.7,15.2,12.6,15.2,6900
2021-10-01,13.8,13.8,13.8,13.8,1000
2021-10-04,12.5,12.5,12.5,12.5,500
2021-10-05,13.7,13.7,13.7,13.7,100
2021-10-06,12.4,13.0,12.4,13.0,610
2021-10-07,12.9,12.9,12.9,12.9,100
2021-10-08,12.3,14.0,12.3,14.0,2300
2021-10-11,13.9,13.9,13.9,13.9,1010
2021-10-12,13.8,13.8,13.8,13.8,100
2021-10-13,13.8,13.8,13.8,13.8,0
2021-10-14,13.5,13.5,13.5,13.5,100
2021-10-15,13.5,13.5,13.5,13.5,370
2021-10-18,14.5,14.5,14.5,14.5,100
2021-10-19,14.5,14.5,14.5,14.5,0
2021-10-20,14.5,14.5,14.5,14.5,0
2021-10-21,13.1,14.5,13.1,14.5,200
2021-10-22,14.5,14.5,14.5,14.5,0
2021-10-25,14.5,14.5,14.5,14.5,0
2021-10-26,14.0,14.0,14.0,14.0,1600
2021-10-27,14.0,14.0,14.0,14.0,2200
2021-10-28,14.0,14.0,14.0,14.0,0
2021-10-29,14.0,14.0,14.0,14.0,0
2021-11-01,14.0,14.0,14.0,14.0,0
2021-11-02,14.0,14.0,14.0,14.0,0
2021-11-03,14.0,14.0,14.0,14.0,0
2021-11-04,14.0,14.0,14.0,14.0,0
2021-11-05,12.6,13.9,12.6,13.9,600
2021-11-08,13.9,13.9,13.9,13.9,141
2021-11-09,14.1,14.1,14.1,14.1,100
2021-11-10,14.1,14.1,14.1,14.1,60
2021-11-11,14.1,14.1,14.1,14.1,0
2021-11-12,14.1,14.1,14.1,14.1,0
2021-11-15,14.1,14.1,14.1,14.1,0
2021-11-16,14.1,14.1,14.1,14.1,0
2021-11-17,14.1,14.1,14.1,14.1,50
2021-11-18,12.7,14.0,12.7,14.0,200
2021-11-19,13.0,14.0,13.0,14.0,600
2021-11-22,14.0,14.0,14.0,14.0,0
2021-11-23,14.0,14.0,14.0,14.0,0
2021-11-24,14.0,14.0,14.0,14.0,0
2021-11-25,14.0,14.0,14.0,14.0,0
2021-11-26,12.7,12.7,12.7,12.7,200
2021-11-29,13.9,13.9,11.5,11.5,900
2021-11-30,10.6,12.6,10.6,12.6,600
2021-12-01,12.6,12.6,12.6,12.6,0
2021-12-02,11.5,13.8,11.5,13.8,2000
2021-12-03,13.7,13.7,13.7,13.7,100
2021-12-06,12.7,12.7,12.7,12.7,500
2021-12-07,12.6,12.6,12.6,12.6,600
2021-12-08,12.6,12.6,12.6,12.6,34
2021-12-09,13.8,13.8,13.8,13.8,100
2021-12-10,13.0,13.0,13.0,13.0,2600
2021-12-13,13.0,13.0,13.0,13.0,0
2021-12-14,11.7,13.0,11.7,13.0,842
2021-12-15,13.0,13.0,13.0,13.0,500
2021-12-16,12.0,12.0,12.0,12.0,100
2021-12-17,12.1,12.1,12.0,12.0,360
2021-12-20,12.0,12.0,12.0,12.0,0
2021-12-21,12.0,12.0,12.0,12.0,0
2021-12-22,12.5,12.5,12.5,12.5,300
2021-12-23,12.5,12.5,12.5,12.5,400
2021-12-24,11.8,13.7,11.8,13.7,900
2021-12-27,13.0,13.5,13.0,13.5,300
2021-12-28,13.5,13.5,13.5,13.5,0
2021-12-29,13.5,13.5,13.5,13.5,0
2021-12-30,13.0,13.0,13.0,13.0,300
2021-12-31,13.0,13.0,13.0,13.0,100
2022-01-04,13.0,13.0,13.0,13.0,0
2022-01-05,13.0,13.0,13.0,13.0,0
2022-01-06,13.0,13.0,13.0,13.0,0
2022-01-07,13.0,13.0,13.0,13.0,0
2022-01-10,13.0,13.0,13.0,13.0,0
2022-01-11,13.0,13.0,13.0,13.0,0
2022-01-12,12.0,13.0,12.0,12.0,3200
2022-01-13,12.0,12.0,12.0,12.0,100
2022-01-14,12.0,12.0,12.0,12.0,0
2022-01-17,13.0,13.0,13.0,13.0,100
2022-01-18,13.0,13.0,13.0,13.0,0
2022-01-19,13.0,13.0,13.0,13.0,0
2022-01-20,13.0,13.0,13.0,13.0,0
2022-01-21,13.0,13.0,13.0,13.0,0
2022-01-24,13.0,13.0,13.0,13.0,0
2022-01-25,13.0,13.0,13.0,13.0,0
2022-01-26,13.0,13.0,13.0,13.0,0
2022-01-27,13.0,13.0,13.0,13.0,0
2022-01-28,13.0,13.0,13.0,13.0,0
2022-02-07,13.0,13.0,13.0,13.0,0
2022-02-08,13.0,13.0,13.0,13.0,0
2022-02-09,13.0,13.2,13.0,13.2,1207
2022-02-10,13.2,13.2,13.2,13.2,0
2022-02-11,13.2,13.2,13.2,13.2,0
2022-02-14,13.2,13.2,13.2,13.2,0
2022-02-15,13.2,13.2,13.2,13.2,0
2022-02-16,13.2,13.2,13.2,13.2,0
2022-02-17,13.2,13.2,13.2,13.2,0
2022-02-18,13.2,13.2,13.2,13.2,0
2022-02-21,13.2,13.2,13.2,13.2,47
2022-02-22,13.2,13.2,13.2,13.2,28
2022-02-23,12.5,14.5,12.5,14.5,700
2022-02-24,14.5,14.5,14.5,14.5,0
2022-02-25,14.5,14.5,14.5,14.5,0
2022-02-28,14.5,14.5,14.5,14.5,0
2022-03-01,14.0,14.0,14.0,14.0,1100
2022-03-02,14.0,14.0,14.0,14.0,0
2022-03-03,14.0,14.0,14.0,14.0,0
2022-03-04,14.0,14.0,14.0,14.0,0
2022-03-07,14.0,14.0,14.0,14.0,0
2022-03-08,14.0,14.0,14.0,14.0,0
2022-03-09,14.0,14.0,14.0,14.0,0
2022-03-10,14.0,14.0,14.0,14.0,0
2022-03-11,14.0,14.0,14.0,14.0,0
2022-03-14,14.0,14.0,14.0,14.0,0
2022-03-15,14.0,14.0,14.0,14.0,0
2022-03-16,14.0,14.0,14.0,14.0,0
2022-03-17,14.0,14.0,14.0,14.0,0
2022-03-18,14.0,14.0,14.0,14.0,0
2022-03-21,14.0,14.0,14.0,14.0,0
2022-03-22,14.0,14.0,14.0,14.0,0
2022-03-23,14.0,14.0,14.0,14.0,0
2022-03-24,14.0,14.0,14.0,14.0,0
2022-03-25,14.0,14.0,14.0,14.0,0
2022-03-28,12.6,12.6,12.6,12.6,200
2022-03-29,12.6,12.6,12.6,12.6,200
2022-03-30,12.6,12.6,12.6,12.6,0
2022-03-31,12.2,12.2,12.2,12.2,900
2022-04-01,12.2,12.2,12.2,12.2,0
2022-04-04,12.2,12.2,12.2,12.2,0
2022-04-05,11.0,12.2,11.0,12.2,2420
2022-04-06,12.2,12.2,12.2,12.2,0
2022-04-07,12.2,12.2,12.2,12.2,0
2022-04-08,11.8,11.8,11.8,11.8,500
2022-04-12,11.8,11.8,11.8,11.8,100
2022-04-13,11.5,11.5,11.5,11.5,300
2022-04-14,11.5,11.5,11.5,11.5,0
2022-04-15,11.5,11.5,11.5,11.5,0
2022-04-18,10.4,10.4,10.4,10.4,300
2022-04-19,10.4,10.4,10.4,10.4,0
2022-04-20,10.4,10.4,10.4,10.4,0
2022-04-21,9.4,10.2,9.4,10.2,1200
2022-04-22,11.2,11.2,11.0,11.2,1400
2022-04-25,11.2,11.2,11.2,11.2,0
2022-04-26,11.2,11.2,11.2,11.2,0
2022-04-27,11.2,11.2,11.2,11.2,0
2022-04-28,10.2,10.2,10.1,10.1,2500
2022-04-29,10.1,10.1,10.1,10.1,0
2022-05-04,9.2,9.2,9.2,9.2,100
2022-05-05,10.1,10.1,10.1,10.1,400
2022-05-06,11.1,11.1,11.0,11.1,2100
2022-05-09,11.1,11.1,11.1,11.1,0
2022-05-10,11.1,11.1,11.1,11.1,0
2022-05-11,11.1,11.1,11.1,11.1,0
2022-05-12,11.1,11.1,11.1,11.1,0
2022-05-13,11.1,11.1,11.1,11.1,1
2022-05-16,11.1,11.1,11.1,11.1,0
2022-05-17,11.1,11.1,11.1,11.1,0
2022-05-18,11.1,11.1,11.1,11.1,0
2022-05-19,11.1,11.1,11.1,11.1,0
2022-05-20,11.1,11.1,11.1,11.1,0
2022-05-23,12.2,12.2,12.2,12.2,100
2022-05-24,12.2,12.2,12.2,12.2,0
2022-05-25,12.2,12.2,12.2,12.2,0
2022-05-26,13.4,13.4,13.0,13.4,4900
2022-05-27,14.4,14.4,13.4,13.4,700
2022-05-30,13.4,13.4,13.4,13.4,0
2022-05-31,13.4,13.4,13.4,13.4,0
2022-06-01,13.3,13.4,13.0,13.0,2000
2022-06-02,12.5,12.5,12.5,12.5,1100
2022-06-03,13.7,13.7,12.9,12.9,600
2022-06-06,13.4,13.4,12.0,12.0,17200
2022-06-07,12.0,12.0,12.0,12.0,0
2022-06-08,12.0,12.0,12.0,12.0,7
2022-06-09,12.0,12.0,12.0,12.0,0
2022-06-10,10.8,10.8,10.8,10.8,1400
2022-06-13,10.8,10.8,10.8,10.8,0
2022-06-14,10.8,10.8,10.8,10.8,1000
2022-06-15,9.8,9.8,9.8,9.8,3100
2022-06-16,9.8,9.8,9.8,9.8,0
2022-06-17,9.8,9.8,9.8,9.8,0
2022-06-20,9.8,9.8,9.8,9.8,0
2022-06-21,9.8,9.8,9.8,9.8,0
2022-06-22,9.8,9.8,9.8,9.8,0
2022-06-23,9.8,9.8,9.8,9.8,0
2022-06-24,9.8,9.8,9.8,9.8,0
2022-06-27,10.7,10.7,10.7,10.7,100
2022-06-28,10.7,10.7,10.7,10.7,0
2022-06-29,10.7,10.7,10.7,10.7,0
2022-06-30,11.7,11.7,11.7,11.7,100
2022-07-01,10.6,11.9,10.6,11.9,1300
2022-07-04,12.6,12.6,12.6,12.6,100
2022-07-05,13.4,13.4,13.4,13.4,100
2022-07-06,13.4,13.4,13.4,13.4,0
2022-07-07,13.4,13.4,13.4,13.4,0
2022-07-08,13.4,13.4,13.4,13.4,100
2022-07-11,14.7,14.7,14.7,14.7,100
2022-07-12,14.7,14.7,14.7,14.7,100
2022-07-13,14.7,14.7,14.7,14.7,0
2022-07-14,14.7,14.7,14.7,14.7,0
2022-07-15,13.3,13.3,13.3,13.3,100
2022-07-18,13.3,13.3,13.3,13.3,0
2022-07-19,13.3,13.3,13.3,13.3,0
2022-07-20,13.3,13.3,13.3,13.3,0
2022-07-21,13.3,13.3,13.3,13.3,0
2022-07-22,13.3,13.3,13.3,13.3,0
2022-07-25,14.6,14.6,14.6,14.6,100
2022-07-26,14.6,14.6,14.6,14.6,0
2022-07-27,14.6,14.6,14.6,14.6,0
2022-07-28,14.6,14.6,14.6,14.6,0
2022-07-29,13.2,13.2,13.2,13.2,100
2022-08-01,13.2,13.2,13.2,13.2,0
2022-08-02,14.5,14.5,14.5,14.5,100
2022-08-03,13.1,13.1,13.1,13.1,100
2022-08-04,13.1,13.1,13.1,13.1,0
2022-08-05,13.1,13.1,13.1,13.1,0
2022-08-08,14.4,14.4,12.0,12.0,2200
2022-08-09,10.8,10.9,10.8,10.9,14000
2022-08-10,10.0,11.9,10.0,11.9,1100
2022-08-11,12.9,12.9,11.8,12.5,2200
2022-08-12,12.5,12.5,12.5,12.5,0
2022-08-15,12.5,12.5,12.5,12.5,0
2022-08-16,12.5,12.5,12.5,12.5,0
2022-08-17,12.5,12.5,12.5,12.5,0
2022-08-18,12.0,12.5,12.0,12.5,2600
2022-08-19,12.5,12.5,12.5,12.5,0
2022-08-22,12.5,13.5,12.5,13.5,1000
2022-08-23,13.5,13.5,13.5,13.5,0
2022-08-24,13.0,13.6,13.0,13.6,1800
2022-08-25,13.6,14.9,13.6,14.9,9600
2022-08-26,16.0,16.2,16.0,16.2,1000
2022-08-29,15.5,17.4,15.5,17.4,1700
2022-08-30,17.4,19.0,17.4,19.0,10000
2022-08-31,17.1,17.1,17.1,17.1,100
2022-09-05,17.1,18.6,17.1,17.5,4300
2022-09-06,17.5,17.5,17.5,17.5,0
2022-09-07,18.0,18.0,15.9,15.9,200
2022-09-08,15.9,15.9,15.9,15.9,0
2022-09-09,15.9,15.9,15.9,15.9,0
2022-09-12,15.0,15.0,15.0,15.0,400
2022-09-13,16.0,16.0,16.0,16.0,700
2022-09-14,16.8,17.5,16.8,17.5,1100
2022-09-15,18.5,18.5,15.8,18.5,1300
2022-09-16,18.5,19.5,18.5,19.5,3500
2022-09-19,17.6,17.6,17.6,17.6,500
2022-09-20,16.0,16.5,16.0,16.0,1600
2022-09-21,14.5,16.0,14.5,16.0,900
2022-09-22,16.0,16.0,16.0,16.0,0
2022-09-23,14.4,15.4,14.4,15.4,600
2022-09-26,15.4,15.4,15.4,15.4,0
2022-09-27,15.4,15.4,15.4,15.4,0
2022-09-28,15.4,15.4,15.4,15.4,0
2022-09-29,15.4,15.4,15.4,15.4,0
2022-09-30,15.4,15.4,15.4,15.4,0
2022-10-03,15.4,15.4,15.4,15.4,1
2022-10-04,15.4,15.4,15.4,15.4,0
2022-10-05,15.4,15.4,15.4,15.4,0
2022-10-06,15.4,15.4,15.4,15.4,0
2022-10-07,15.4,15.4,15.4,15.4,0
2022-10-10,15.4,15.4,15.4,15.4,0
2022-10-11,15.4,15.4,15.4,15.4,0
2022-10-12,15.4,15.4,15.4,15.4,0
2022-10-13,15.4,15.4,15.4,15.4,0
2022-10-14,15.4,15.4,15.4,15.4,0
2022-10-17,15.4,15.4,15.4,15.4,0
2022-10-18,15.4,15.4,15.4,15.4,0
2022-10-19,15.4,15.4,15.4,15.4,0
2022-10-20,15.4,15.4,15.4,15.4,0
2022-10-21,15.4,15.4,15.4,15.4,0
2022-10-24,15.3,15.3,15.3,15.3,300
2022-10-25,15.3,15.3,15.3,15.3,0
2022-10-26,15.3,15.3,15.3,15.3,0
2022-10-27,15.3,15.3,15.3,15.3,0
2022-10-28,15.3,15.3,15.3,15.3,0
2022-10-31,15.3,15.3,15.3,15.3,0
2022-11-01,15.3,15.3,15.3,15.3,0
2022-11-02,15.3,15.3,15.3,15.3,0
2022-11-03,15.3,15.3,15.3,15.3,0
2022-11-04,15.3,15.3,15.3,15.3,0
2022-11-07,15.3,15.3,15.3,15.3,0
2022-11-08,15.3,15.3,15.3,15.3,0
2022-11-09,15.3,15.3,15.3,15.3,0
2022-11-10,15.3,15.3,15.3,15.3,0
2022-11-11,15.3,15.3,15.3,15.3,0
2022-11-14,15.3,15.3,15.3,15.3,0
2022-11-15,15.3,15.3,15.3,15.3,0
2022-11-16,15.3,15.3,15.3,15.3,0
2022-11-17,15.3,15.3,15.3,15.3,0
2022-11-18,15.3,15.3,15.3,15.3,0
2022-11-21,15.3,15.3,15.3,15.3,0
2022-11-22,15.3,15.3,15.3,15.3,0
2022-11-23,15.3,15.3,15.3,15.3,0
2022-11-24,15.3,15.3,15.3,15.3,0
2022-11-25,15.3,15.3,15.3,15.3,0
2022-11-28,15.3,15.3,15.3,15.3,0
2022-11-29,15.3,15.3,15.3,15.3,0
2022-11-30,15.3,15.3,15.3,15.3,0
2022-12-01,15.3,15.3,15.3,15.3,0
2022-12-02,15.3,15.3,15.3,15.3,0
2022-12-05,15.3,15.3,15.3,15.3,0
2022-12-06,15.3,15.3,15.3,15.3,0
2022-12-07,15.3,15.3,15.3,15.3,0
2022-12-08,15.3,15.3,15.3,15.3,0
2022-12-09,15.3,15.3,15.3,15.3,0
2022-12-12,15.3,15.3,15.3,15.3,0
2022-12-13,15.3,15.3,15.3,15.3,0
2022-12-14,15.3,15.3,15.3,15.3,0
2022-12-15,15.3,15.3,15.3,15.3,0
2022-12-16,15.3,15.3,15.3,15.3,0
2022-12-19,15.3,15.3,15.3,15.3,0
2022-12-20,15.3,15.3,15.3,15.3,0
2022-12-21,15.3,15.3,15.3,15.3,0
2022-12-22,15.3,15.3,15.3,15.3,0
2022-12-23,15.3,15.3,15.3,15.3,0
2022-12-26,15.3,15.3,15.3,15.3,0
2022-12-27,15.3,15.3,15.3,15.3,0
2022-12-28,15.3,15.3,15.3,15.3,0
2022-12-29,15.3,15.3,15.3,15.3,0
2022-12-30,15.3,15.3,15.3,15.3,0
2023-01-03,15.3,15.3,15.3,15.3,0
2023-01-04,15.3,15.3,15.3,15.3,0
2023-01-05,15.3,15.3,15.3,15.3,0
2023-01-06,15.3,15.3,15.3,15.3,0
2023-01-09,15.3,15.3,15.3,15.3,0
2023-01-10,15.3,15.3,15.3,15.3,0
2023-01-11,15.3,15.3,15.3,15.3,0
2023-01-12,15.3,15.3,15.3,15.3,0
2023-01-13,15.3,15.3,15.3,15.3,0
2023-01-16,15.3,15.3,15.3,15.3,0
2023-01-17,13.8,13.8,13.8,13.8,100
2023-01-18,13.8,13.8,13.8,13.8,0
2023-01-19,13.8,13.8,13.8,13.8,0
2023-01-27,13.8,13.8,13.8,13.8,0
2023-01-30,13.8,13.8,13.8,13.8,0
2023-01-31,13.8,13.8,13.8,13.8,0
2023-02-01,13.8,13.8,13.8,13.8,0
2023-02-02,13.8,13.8,13.8,13.8,0
2023-02-03,13.8,13.8,13.8,13.8,0
2023-02-06,13.8,13.8,13.8,13.8,0
2023-02-07,13.8,13.8,13.8,13.8,0
2023-02-08,13.8,13.8,13.8,13.8,0
2023-02-09,13.8,13.8,13.8,13.8,0
2023-02-10,13.8,13.8,13.8,13.8,2
2023-02-13,13.8,13.8,13.8,13.8,0
2023-02-14,13.8,13.8,13.8,13.8,0
2023-02-15,13.8,13.8,13.8,13.8,0
2023-02-16,13.8,13.8,13.8,13.8,0
2023-02-17,13.8,13.8,13.8,13.8,0
2023-02-20,13.8,13.8,13.8,13.8,0
2023-02-21,13.8,13.8,13.8,13.8,0
2023-02-22,13.8,13.8,13.8,13.8,0
2023-02-23,13.8,13.8,13.8,13.8,0
2023-02-24,13.8,13.8,13.8,13.8,0
2023-02-27,13.8,13.8,13.8,13.8,0
2023-02-28,13.8,13.8,13.8,13.8,0
2023-03-01,13.8,13.8,13.8,13.8,0
2023-03-02,13.8,13.8,13.8,13.8,0
2023-03-03,13.8,13.8,13.8,13.8,0
2023-03-06,13.8,13.8,13.8,13.8,0
2023-03-07,13.8,13.8,13.8,13.8,0
2023-03-08,13.8,13.8,13.8,13.8,0
2023-03-09,13.8,13.8,13.8,13.8,0
2023-03-10,13.8,13.8,13.8,13.8,0
2023-03-13,13.8,13.8,13.8,13.8,0
2023-03-14,13.8,13.8,13.8,13.8,0
2023-03-15,13.8,13.8,13.8,13.8,0
2023-03-16,13.8,13.8,13.8,13.8,0
2023-03-17,13.8,13.8,13.8,13.8,0
2023-03-20,13.8,13.8,13.8,13.8,0
2023-03-21,13.8,13.8,13.8,13.8,0
2023-03-22,13.8,13.8,13.8,13.8,0
2023-03-23,13.8,13.8,13.8,13.8,0
2023-03-24,13.8,13.8,13.8,13.8,0
2023-03-27,13.8,13.8,13.8,13.8,0
2023-03-28,13.8,13.8,13.8,13.8,0
2023-03-29,13.8,13.8,13.8,13.8,0
2023-03-30,13.8,13.8,13.8,13.8,0
2023-03-31,13.8,13.8,13.8,13.8,0
2023-04-03,13.8,13.8,13.8,13.8,0
2023-04-04,13.8,13.8,13.8,13.8,0
2023-04-05,13.8,13.8,13.8,13.8,1
2023-04-06,13.8,13.8,13.8,13.8,0
2023-04-07,13.8,13.8,13.8,13.8,0
2023-04-10,13.8,13.8,13.8,13.8,0
2023-04-11,13.8,13.8,13.8,13.8,0
2023-04-12,13.8,13.8,13.8,13.8,0
2023-04-13,13.8,13.8,13.8,13.8,0
2023-04-14,12.6,12.6,12.5,12.5,8400
2023-04-17,12.5,12.5,12.5,12.5,3
2023-04-18,12.5,12.5,12.5,12.5,0
2023-04-19,12.5,12.5,12.5,12.5,0
2023-04-20,12.5,12.5,12.5,12.5,0
2023-04-21,12.2,12.2,12.2,12.2,100
2023-04-24,12.2,12.2,12.2,12.2,0
2023-04-25,12.2,12.2,12.2,12.2,1
2023-04-26,12.2,12.2,12.2,12.2,0
2023-04-27,12.2,12.2,12.2,12.2,0
2023-04-28,12.2,12.2,12.2,12.2,0
2023-05-04,12.2,12.2,12.2,12.2,0
2023-05-05,12.2,12.2,12.2,12.2,0
2023-05-08,12.2,12.2,12.2,12.2,0
2023-05-09,12.2,12.2,12.2,12.2,0
2023-05-10,12.2,12.2,12.2,12.2,0
2023-05-11,12.2,12.2,12.2,12.2,0
2023-05-12,12.2,12.2,12.2,12.2,0
2023-05-15,12.2,12.2,12.2,12.2,0
2023-05-16,12.2,12.2,12.2,12.2,0
2023-05-17,12.2,12.2,12.2,12.2,0
2023-05-18,12.2,12.2,12.2,12.2,0
2023-05-31,12.2,12.2,12.2,12.2,0
2023-06-01,12.2,12.2,12.2,12.2,0
2023-06-02,12.4,12.5,12.3,12.5,233500
2023-06-05,12.4,12.4,12.4,12.4,0
2023-06-06,12.4,12.4,12.4,12.4,0
2023-06-07,12.4,12.4,12.4,12.4,0
2023-06-08,12.4,12.4,12.4,12.4,0
2023-06-09,12.4,12.4,12.4,12.4,20
2023-06-12,12.4,12.4,12.4,12.4,0
2023-06-13,12.4,12.4,12.4,12.4,0
2023-06-14,12.4,12.4,12.4,12.4,0
2023-06-15,12.4,12.4,12.4,12.4,0
2023-06-16,12.4,12.4,12.4,12.4,3
2023-06-19,12.4,12.4,12.4,12.4,0
2023-06-20,12.4,12.4,12.4,12.4,0
2023-06-21,12.4,12.4,12.4,12.4,0
2023-06-22,12.4,12.4,12.4,12.4,0
2023-06-23,12.4,12.4,12.4,12.4,20
2023-06-26,12.4,12.4,12.4,12.4,0
2023-06-27,12.4,12.4,12.4,12.4,0
2023-06-28,12.4,12.4,12.4,12.4,0
2023-06-29,12.4,12.4,12.4,12.4,0
2023-06-30,12.4,12.4,12.4,12.4,0
2023-07-03,12.4,12.4,12.4,12.4,0
2023-07-04,12.4,12.4,12.4,12.4,0
2023-07-05,12.4,12.4,12.4,12.4,0
2023-07-06,12.4,12.4,12.4,12.4,0
2023-07-07,12.4,12.4,12.4,12.4,0
2023-07-10,12.4,12.4,12.4,12.4,0
2023-07-11,12.4,12.4,12.4,12.4,0
2023-07-12,12.4,12.4,12.4,12.4,0
2023-07-13,12.4,12.4,12.4,12.4,0
2023-07-14,12.4,12.4,12.4,12.4,10
2023-07-17,12.4,12.4,12.4,12.4,0
2023-07-18,12.4,12.4,12.4,12.4,0
2023-07-19,12.4,12.4,12.4,12.4,0
2023-07-20,12.4,12.4,12.4,12.4,0
2023-07-21,12.4,12.4,12.4,12.4,0
2023-07-24,12.4,12.4,12.4,12.4,0
2023-07-25,12.4,12.4,12.4,12.4,0
2023-07-26,12.4,12.4,12.4,12.4,0
2023-07-27,12.4,12.4,12.4,12.4,0
2023-07-28,14.2,14.2,14.2,14.2,202
2023-07-31,14.2,14.2,14.2,14.2,0
2023-08-01,14.2,14.2,14.2,14.2,0
2023-08-02,14.2,14.2,14.2,14.2,0
2023-08-03,14.2,14.2,14.2,14.2,0
2023-08-04,14.2,14.2,14.2,14.2,0
2023-08-07,14.2,14.2,14.2,14.2,0
2023-08-08,14.2,14.2,14.2,14.2,0
2023-08-09,14.2,14.2,14.2,14.2,0
2023-08-10,14.2,14.2,14.2,14.2,0
2023-08-11,14.2,14.2,14.2,14.2,2
2023-08-14,14.2,14.2,14.2,14.2,0
2023-08-15,14.2,14.2,14.2,14.2,0
2023-08-16,14.2,14.2,14.2,14.2,0
2023-08-17,14.2,14.2,14.2,14.2,0
2023-08-18,14.2,14.2,14.2,14.2,0
2023-08-21,14.2,14.2,14.2,14.2,0
2023-08-22,14.2,14.2,14.2,14.2,0
2023-08-23,14.2,14.2,14.2,14.2,0
2023-08-24,14.2,14.2,14.2,14.2,0
2023-08-25,14.2,14.2,14.2,14.2,0
2023-08-28,14.2,14.2,14.2,14.2,0
2023-08-29,14.2,14.2,14.2,14.2,0
2023-08-30,14.2,14.2,14.2,14.2,0
2023-08-31,14.2,14.2,14.2,14.2,0
2023-09-05,14.2,14.2,14.2,14.2,0
2023-09-06,14.2,14.2,14.2,14.2,0
2023-09-07,14.2,14.2,14.2,14.2,0
2023-09-08,14.2,14.2,14.2,14.2,0
2023-09-11,14.2,14.2,14.2,14.2,0
2023-09-12,14.2,14.2,14.2,14.2,0
2023-09-13,14.2,14.2,14.2,14.2,0
2023-09-14,14.2,14.2,14.2,14.2,0
2023-09-15,14.2,14.2,14.2,14.2,0
2023-09-18,14.2,14.2,14.2,14.2,0
2023-09-19,14.2,14.2,14.2,14.2,0
2023-09-20,14.2,14.2,14.2,14.2,0
2023-09-21,14.2,14.2,14.2,14.2,0
2023-09-22,14.2,14.2,14.2,14.2,0
2023-09-25,14.2,14.2,14.2,14.2,0
2023-09-26,14.2,14.2,14.2,14.2,0
2023-09-27,14.2,14.2,14.2,14.2,0
2023-09-28,14.2,14.2,14.2,14.2,0
2023-09-29,14.2,14.2,14.2,14.2,0
2023-10-02,14.2,14.2,14.2,14.2,0
2023-10-03,14.2,14.2,14.2,14.2,0
2023-10-04,14.2,14.2,14.2,14.2,0
2023-10-05,14.2,14.2,14.2,14.2,0
2023-10-06,14.2,14.2,14.2,14.2,0
2023-10-09,14.2,14.2,14.2,14.2,0
2023-10-10,14.2,14.2,14.2,14.2,0
2023-10-11,14.2,14.2,14.2,14.2,0
2023-10-12,14.2,14.2,14.2,14.2,0
2023-10-13,14.2,14.2,14.2,14.2,0
2023-10-16,14.2,14.2,14.2,14.2,0
2023-10-17,14.2,14.2,14.2,14.2,0
2023-10-18,14.2,14.2,14.2,14.2,0
2023-10-19,14.2,14.2,14.2,14.2,0
2023-10-20,14.2,14.2,14.2,14.2,1
2023-10-23,14.2,14.2,14.2,14.2,0
2023-10-24,14.2,14.2,14.2,14.2,0
2023-10-25,14.2,14.2,14.2,14.2,0
2023-10-26,14.2,14.2,14.2,14.2,0
2023-10-27,14.2,14.2,14.2,14.2,0
2023-10-30,14.2,14.2,14.2,14.2,0
2023-10-31,14.2,14.2,14.2,14.2,0
2023-11-01,14.2,14.2,14.2,14.2,0
2023-11-02,14.2,14.2,14.2,14.2,0
2023-11-03,14.2,14.2,14.2,14.2,0
2023-11-06,14.2,14.2,14.2,14.2,0
2023-11-07,14.2,14.2,14.2,14.2,0
2023-11-08,14.2,14.2,14.2,14.2,0
2023-11-09,14.2,14.2,14.2,14.2,0
2023-11-10,14.2,14.2,14.2,14.2,0
2023-11-13,14.2,14.2,14.2,14.2,0
2023-11-14,14.2,14.2,14.2,14.2,0
2023-11-15,14.2,14.2,14.2,14.2,0
2023-11-16,14.2,14.2,14.2,14.2,0
2023-11-17,14.2,14.2,14.2,14.2,0
2023-11-20,14.2,14.2,14.2,14.2,0
2023-11-21,14.2,14.2,14.2,14.2,0
2023-11-22,14.2,14.2,14.2,14.2,0
2023-11-23,14.2,14.2,14.2,14.2,0
2023-11-24,14.2,14.2,14.2,14.2,0
2023-11-27,14.2,14.2,14.2,14.2,0
2023-11-28,14.2,14.2,14.2,14.2,0
2023-11-29,14.2,14.2,14.2,14.2,0
2023-11-30,14.2,14.2,14.2,14.2,0
2023-12-01,14.2,14.2,14.2,14.2,0
2023-12-04,14.2,14.2,14.2,14.2,0
2023-12-05,14.2,14.2,14.2,14.2,0
2023-12-06,14.2,14.2,14.2,14.2,0
2023-12-07,14.2,14.2,14.2,14.2,0
2023-12-08,14.2,14.2,14.2,14.2,0
2023-12-11,14.2,14.2,14.2,14.2,0
2023-12-12,14.2,14.2,14.2,14.2,0
2023-12-13,14.2,14.2,14.2,14.2,0
2023-12-14,14.2,14.2,14.2,14.2,0
2023-12-15,14.2,14.2,14.2,14.2,0
2023-12-18,14.2,14.2,14.2,14.2,0
2023-12-19,14.2,14.2,14.2,14.2,0
2023-12-20,14.2,14.2,14.2,14.2,0
2023-12-21,14.2,14.2,14.2,14.2,0
2023-12-22,14.2,14.2,14.2,14.2,2
2023-12-25,14.2,14.2,14.2,14.2,0
2023-12-26,14.2,14.2,14.2,14.2,0
2023-12-27,14.2,14.2,14.2,14.2,0
2023-12-28,14.2,14.2,14.2,14.2,0
2023-12-29,14.2,14.2,14.2,14.2,0
2024-01-02,14.2,14.2,14.2,14.2,0
2024-01-03,14.2,14.2,14.2,14.2,0
2024-01-04,14.2,14.2,14.2,14.2,0
2024-01-05,14.2,14.2,14.2,14.2,0
2024-01-08,14.2,14.2,14.2,14.2,0
2024-01-09,14.2,14.2,14.2,14.2,0
2024-01-10,14.2,14.2,14.2,14.2,0
2024-01-11,14.2,14.2,14.2,14.2,0
2024-01-12,14.2,14.2,14.2,14.2,0
2024-01-15,14.2,14.2,14.2,14.2,0
2024-01-16,14.2,14.2,14.2,14.2,0
2024-01-17,14.2,14.2,14.2,14.2,0
2024-01-18,14.2,14.2,14.2,14.2,0
2024-01-19,14.2,14.2,14.2,14.2,0
2024-01-22,14.2,14.2,14.2,14.2,0
2024-01-23,14.2,14.2,14.2,14.2,0
2024-01-24,14.2,14.2,14.2,14.2,0
2024-01-25,14.2,14.2,14.2,14.2,0
2024-01-26,14.2,14.2,14.2,14.2,0
2024-01-29,14.2,14.2,14.2,14.2,0
2024-01-30,14.2,14.2,14.2,14.2,0
2024-01-31,14.2,14.2,14.2,14.2,0
2024-02-01,14.2,14.2,14.2,14.2,0
2024-02-02,14.2,14.2,14.2,14.2,0
2024-02-05,14.2,14.2,14.2,14.2,0
2024-02-06,14.2,14.2,14.2,14.2,0
2024-02-07,14.2,14.2,14.2,14.2,0
2024-02-15,14.2,14.2,14.2,14.2,0
2024-02-16,14.2,14.2,14.2,14.2,0
2024-02-19,14.2,14.2,14.2,14.2,0
2024-02-20,14.2,14.2,14.2,14.2,0
2024-02-21,14.2,14.2,14.2,14.2,0
2024-02-22,14.2,14.2,14.2,14.2,0
2024-02-23,14.2,14.2,14.2,14.2,0
2024-02-26,14.2,14.2,14.2,14.2,0
2024-02-27,14.2,14.2,14.2,14.2,0
2024-02-28,14.2,14.2,14.2,14.2,0
2024-02-29,14.2,14.2,14.2,14.2,0
2024-03-01,14.2,14.2,14.2,14.2,0
2024-03-04,14.2,14.2,14.2,14.2,0
2024-03-05,14.2,14.2,14.2,14.2,0
2024-03-06,14.2,14.2,14.2,14.2,0
2024-03-07,14.2,14.2,14.2,14.2,0
2024-03-08,14.2,14.2,14.2,14.2,0
2024-03-11,14.2,14.2,14.2,14.2,0
2024-03-12,14.2,14.2,14.2,14.2,0
2024-03-13,14.2,14.2,14.2,14.2,0
2024-03-14,14.2,14.2,14.2,14.2,0
2024-03-15,12.0,12.0,12.0,12.0,100
2024-03-18,12.0,12.0,12.0,12.0,0
2024-03-19,12.0,12.0,12.0,12.0,0
2024-03-20,12.0,12.0,12.0,12.0,0
2024-03-21,12.0,12.0,12.0,12.0,0
2024-03-22,10.2,13.8,10.2,11.4,1423
2024-03-25,11.8,11.8,11.8,11.8,0
2024-03-26,11.8,11.8,11.8,11.8,0
2024-03-27,11.8,11.8,11.8,11.8,0
2024-03-28,11.8,11.8,11.8,11.8,0
2024-03-29,12.8,12.8,12.8,12.8,100
2024-04-01,12.8,12.8,12.8,12.8,0
2024-04-02,12.8,12.8,12.8,12.8,0
2024-04-03,14.7,14.7,14.7,14.7,12938
2024-04-04,15.5,15.5,12.5,12.5,2400
2024-04-05,13.9,13.9,11.9,11.9,6000
2024-04-08,10.3,10.3,10.3,10.3,11102
2024-04-09,8.8,8.8,8.8,8.8,102
2024-04-10,8.8,10.0,7.5,7.5,3374
2024-04-11,7.5,7.5,6.7,6.7,21596
2024-04-12,6.0,7.6,6.0,7.6,3283
2024-04-15,6.0,6.0,6.0,6.0,1100
2024-04-16,6.0,6.0,5.1,5.1,6210
2024-04-17,5.3,5.4,5.3,5.3,1800
2024-04-19,5.8,5.8,5.3,5.3,3400
2024-04-22,5.3,5.3,5.0,5.0,1480
2024-04-23,5.9,5.9,5.7,5.7,310
2024-04-24,6.1,6.1,5.0,6.0,1142
2024-04-25,6.3,6.3,5.2,5.2,600
2024-04-26,4.9,4.9,4.8,4.8,400
2024-05-02,5.5,5.5,5.2,5.2,1311
2024-05-03,5.7,5.7,5.7,5.7,100
2024-05-06,5.2,5.2,5.1,5.1,747
2024-05-07,4.8,5.8,4.8,5.8,1600
2024-05-08,5.8,5.8,5.1,5.1,506
2024-05-09,5.3,5.7,5.3,5.7,2000
2024-05-10,5.5,5.5,5.0,5.0,2200
2024-05-13,5.3,5.3,5.3,5.3,2
2024-05-14,5.7,5.7,5.2,5.2,876
2024-05-15,5.1,5.1,5.0,5.0,1000
2024-05-16,5.5,5.7,5.1,5.7,3208
2024-05-17,5.4,5.4,5.0,5.0,1945
2024-05-20,5.5,5.5,5.5,5.5,523
2024-05-21,4.7,4.8,4.7,4.7,7608
2024-05-22,4.7,4.7,4.7,4.7,500
2024-05-23,5.3,5.3,4.8,4.8,600
2024-05-24,4.8,4.8,4.8,4.8,1000
2024-05-27,4.8,5.2,4.8,5.2,203
2024-05-28,5.0,5.0,5.0,5.0,100
2024-05-29,5.2,5.2,5.2,5.2,100
2024-05-30,4.5,4.5,4.5,4.5,100
2024-05-31,4.5,4.5,4.5,4.5,100
2024-06-03,4.5,4.5,4.5,4.5,10
2024-06-04,5.0,5.0,5.0,5.0,100
2024-06-05,4.9,4.9,4.9,4.9,5400
2024-06-06,5.3,5.3,5.3,5.3,110
2024-06-07,5.2,5.2,5.2,5.2,100
2024-06-10,5.2,5.2,4.7,4.7,700
2024-06-11,4.7,4.7,4.7,4.7,500
2024-06-12,4.5,4.5,4.5,4.5,658
2024-06-13,4.5,4.7,4.5,4.6,2500
2024-06-14,5.2,5.3,5.2,5.2,5000
2024-06-17,5.2,5.2,5.2,5.2,0
2024-06-18,4.9,4.9,4.8,4.8,1300
2024-06-19,4.7,4.7,4.7,4.7,303
2024-06-20,4.7,5.0,4.7,5.0,2700
2024-06-21,5.0,5.0,4.8,4.8,2100
2024-06-24,4.8,4.8,4.8,4.8,29
2024-06-25,4.8,4.8,4.6,4.6,300
2024-06-26,4.7,4.7,4.7,4.7,0
2024-06-27,4.7,4.7,4.7,4.7,0
2024-06-28,4.7,4.7,4.7,4.7,33
2024-07-01,4.6,4.6,4.6,4.6,1100
2024-07-02,5.1,5.1,5.1,5.1,100
2024-07-03,4.7,5.0,4.7,5.0,829
2024-07-04,4.9,4.9,4.9,4.9,1
2024-07-05,4.9,4.9,4.9,4.9,0
2024-07-08,4.9,4.9,4.9,4.9,0
2024-07-09,4.9,4.9,4.9,4.9,0
2024-07-10,4.9,4.9,4.9,4.9,50
2024-07-11,4.9,4.9,4.9,4.9,0
2024-07-12,4.9,4.9,4.9,4.9,1
2024-07-15,4.5,4.9,4.5,4.9,450
2024-07-16,4.8,4.8,4.8,4.8,0
2024-07-17,4.8,4.8,4.8,4.8,0
2024-07-18,4.8,4.8,4.8,4.8,120
2024-07-19,4.8,4.8,4.8,4.8,0
2024-07-22,4.8,5.2,4.8,5.2,16831
2024-07-23,5.2,5.5,5.2,5.5,13327
2024-07-24,6.3,6.3,5.9,6.1,8710
2024-07-25,7.2,7.2,6.3,6.3,8222
2024-07-26,8.1,8.1,8.1,8.1,6000
2024-07-29,9.0,9.3,7.0,7.0,18200
2024-07-30,9.5,10.3,9.5,10.0,12900
2024-07-31,10.0,10.9,8.3,8.3,10500
2024-08-01,12.0,12.0,10.8,10.8,300
2024-08-16,9.6,9.6,9.6,9.6,100
2024-08-19,8.2,8.2,8.2,8.2,100
2024-08-20,7.0,7.0,7.0,7.0,600
2024-08-21,7.0,7.0,7.0,7.0,400
2024-08-26,6.0,8.0,6.0,8.0,300
2024-09-18,6.7,6.7,6.7,6.7,100
2024-11-04,4.5,4.5,4.5,4.5,500
2024-11-07,4.5,4.5,4.5,4.5,700
2024-11-11,4.5,4.5,4.5,4.5,500
2024-11-12,5.1,5.1,5.1,5.1,100
2024-11-13,5.8,5.8,5.8,5.8,100
2024-11-14,6.5,6.5,6.5,6.5,100
2024-11-15,5.6,7.3,5.6,7.3,400
2024-11-18,7.0,7.0,7.0,7.0,100
2024-11-19,8.0,8.0,8.0,8.0,500
2024-11-20,8.0,8.8,8.0,8.8,1000
2024-11-21,9.0,9.0,9.0,9.0,100
2024-11-22,10.2,10.2,9.0,9.0,400
2024-11-25,10.5,10.5,9.0,9.0,200
2024-11-26,9.8,11.1,9.8,11.1,11200
2024-12-19,8.9,8.9,8.9,8.9,100
2024-12-20,7.6,7.6,7.6,7.6,100
2024-12-23,7.6,7.6,6.5,6.5,700
2024-12-25,6.5,6.5,6.3,6.3,1500
2024-12-26,6.3,6.3,6.3,6.3,600
2024-12-27,6.3,6.3,6.3,6.3,300
2024-12-30,5.5,5.5,5.5,5.5,100
2025-01-06,5.5,5.5,5.5,5.5,500
2025-01-08,5.5,5.5,5.5,5.5,100
2025-02-03,5.5,6.3,5.5,6.3,400
2025-02-20,5.7,5.7,5.7,5.7,700
2025-02-21,5.0,5.0,5.0,5.0,100
2025-02-24,5.0,5.0,5.0,5.0,400
2025-02-26,5.7,5.7,5.7,5.7,200
2025-03-13,6.5,6.5,6.5,6.5,300
2025-03-18,5.7,6.9,5.7,6.9,200
2025-03-19,6.5,6.7,5.8,6.7,300
2025-03-20,7.1,7.2,7.1,7.2,1500
2025-03-21,7.2,8.1,7.2,8.1,200
2025-03-26,6.7,7.9,6.6,7.9,300
2025-03-27,8.0,8.0,8.0,8.0,100
2025-03-28,9.1,9.1,9.1,9.1,100
2025-04-08,9.1,9.1,9.1,9.1,300
2025-04-10,9.0,9.0,9.0,9.0,100
2025-04-11,7.7,7.7,7.7,7.7,1500
2025-04-14,6.6,6.6,6.6,6.6,1700
2025-04-15,6.6,6.6,6.6,6.6,1000
2025-04-16,6.6,6.6,6.6,6.6,3400
2025-04-17,6.6,6.6,6.6,6.6,100
2025-04-25,5.7,5.7,5.7,5.7,100
2025-04-28,6.5,6.5,6.4,6.4,500
2025-05-05,6.4,6.4,6.4,6.4,600
2025-05-06,7.3,7.3,7.3,7.3,100
2025-05-07,6.8,7.3,6.7,7.3,2000
2025-05-14,6.8,6.8,5.9,5.9,300
2025-05-15,6.1,6.1,6.1,6.1,100
2025-05-19,6.1,6.1,6.1,6.1,500
2025-05-20,6.1,7.0,5.3,7.0,1300
2025-05-21,6.4,6.4,6.2,6.2,2800
2025-06-02,5.6,5.6,5.5,5.6,1900
2025-06-03,5.5,5.5,5.5,5.5,100
2025-06-04,6.0,6.3,6.0,6.3,1400
2025-06-05,6.3,6.3,6.3,6.3,100
2025-06-24,5.7,5.7,5.7,5.7,100
2025-06-25,5.7,6.5,5.1,6.5,300
2025-07-04,5.7,5.8,5.7,5.8,1200
2025-07-07,5.8,5.8,5.8,5.8,200
2025-07-15,5.8,5.8,5.8,5.8,400
2025-07-16,5.8,5.8,5.8,5.8,200
2025-07-17,5.2,5.8,5.2,5.8,1800
2025-08-06,5.5,5.5,5.5,5.5,4000
2025-08-07,5.5,5.5,5.5,5.5,200
2025-08-20,6.2,6.3,6.2,6.3,13900
2025-08-21,7.1,7.1,7.1,7.1,200
2025-08-22,7.8,7.8,7.8,7.8,100
2025-08-25,8.8,8.8,8.8,8.8,100
2025-08-26,8.0,8.0,8.0,8.0,200
2025-08-27,7.7,7.9,6.8,7.9,1900
2025-08-28,6.8,7.7,6.7,6.7,2700
2025-08-29,6.7,8.4,6.3,6.3,5400
2025-09-03,6.0,6.1,6.0,6.0,1200
2025-09-04,5.5,5.5,5.5,5.5,1000
2025-09-05,6.3,6.3,6.2,6.3,400
2025-09-09,6.3,7.2,6.3,7.2,2300
2025-09-10,7.1,7.2,7.1,7.1,10600
2025-09-11,7.1,7.1,7.1,7.1,4700
2025-09-12,7.1,7.1,7.1,7.1,1200
2025-09-15,7.1,7.1,7.1,7.1,500
2025-09-16,7.1,7.1,7.1,7.1,3000
2025-09-18,7.1,7.1,7.1,7.1,2600
2025-09-22,7.1,7.1,7.1,7.1,1600
2025-09-23,7.1,8.1,7.1,8.0,2100
2025-09-24,8.0,8.9,8.0,8.9,300
2025-09-25,8.4,8.9,8.4,8.9,300
2025-09-26,7.4,7.4,7.4,7.4,1500
2025-10-06,7.1,7.1,7.1,7.1,300
2025-10-07,7.1,7.1,7.1,7.1,1200
2025-10-08,7.1,7.1,7.1,7.1,6100
2025-10-09,7.1,7.1,7.1,7.1,2900
