time,open,high,low,close,volume
2006-09-20,14.89,14.89,13.79,13.79,5200
2006-09-21,14.07,15.28,13.96,15.28,9300
2006-09-22,16.38,16.38,16.38,16.38,17900
2006-09-25,17.98,17.98,16.38,16.38,5000
2006-09-26,16.55,17.1,16.0,16.0,5900
2006-09-27,16.05,16.55,15.72,15.72,8700
2006-09-28,15.72,15.72,15.45,15.45,9100
2006-09-29,15.45,15.45,14.34,15.45,5900
2006-10-02,15.45,15.45,15.06,15.06,4000
2006-10-03,15.06,15.06,14.89,14.89,2400
2006-10-04,14.89,14.89,14.78,14.78,3400
2006-10-05,13.85,14.51,13.79,14.23,5500
2006-10-06,13.79,13.9,13.79,13.9,4600
2006-10-09,13.9,14.07,13.79,13.96,10800
2006-10-10,13.9,14.62,13.85,14.62,500
2006-10-11,13.85,14.34,13.79,14.34,1300
2006-10-12,13.85,13.85,13.79,13.79,1800
2006-10-13,13.79,13.79,13.79,13.79,0
2006-10-16,13.68,13.68,13.24,13.24,5000
2006-10-17,13.52,13.52,13.24,13.24,2100
2006-10-18,13.24,13.24,13.24,13.24,5200
2006-10-19,13.24,13.24,13.24,13.24,0
2006-10-20,13.13,13.13,12.96,12.96,11500
2006-10-23,12.69,12.8,12.69,12.69,6300
2006-10-24,12.69,12.69,12.14,12.14,1900
2006-10-25,12.25,12.25,11.58,11.58,2800
2006-10-26,11.58,11.58,11.58,11.58,700
2006-10-27,11.58,11.58,11.58,11.58,200
2006-10-30,11.58,11.58,11.58,11.58,2000
2006-10-31,11.47,11.47,11.47,11.58,400
2006-11-01,11.31,11.31,11.03,11.03,2800
2006-11-02,11.09,11.09,11.09,11.09,1000
2006-11-03,11.09,11.09,11.09,11.09,0
2006-11-06,11.09,11.09,11.09,11.09,0
2006-11-07,11.09,11.09,11.03,11.03,8100
2006-11-08,11.03,11.09,11.03,11.09,12000
2006-11-09,11.03,11.09,11.03,11.03,5300
2006-11-10,11.03,11.03,11.03,11.03,3000
2006-11-13,11.09,11.09,11.09,11.09,100
2006-11-14,11.03,11.03,11.03,11.03,900
2006-11-15,11.03,11.03,11.03,11.03,0
2006-11-16,11.03,11.03,11.03,11.03,2000
2006-11-17,11.03,11.03,11.03,11.03,5100
2006-11-20,11.03,11.03,11.03,11.03,1900
2006-11-21,11.03,11.03,11.03,11.03,2200
2006-11-22,10.76,10.98,10.76,10.98,6100
2006-11-23,10.87,10.87,10.59,10.81,6600
2006-11-24,10.76,10.87,10.76,10.81,8500
2006-11-27,10.81,10.81,10.81,10.81,1400
2006-11-28,10.81,10.87,10.81,10.87,1900
2006-11-29,10.87,10.87,10.87,10.87,1200
2006-11-30,10.81,10.81,10.76,10.76,2600
2006-12-01,10.76,10.76,10.76,10.76,1100
2006-12-04,10.76,10.76,10.76,10.76,4100
2006-12-05,11.03,11.03,11.03,11.03,700
2006-12-06,10.76,10.76,10.76,10.76,1900
2006-12-07,10.76,10.76,10.76,10.76,100
2006-12-08,10.76,10.76,10.76,10.76,0
2006-12-11,10.65,11.42,10.65,11.42,200
2006-12-12,10.76,10.76,10.76,10.76,1000
2006-12-13,10.76,10.76,10.76,10.76,0
2006-12-14,10.48,10.48,10.48,10.48,1500
2006-12-15,10.37,10.37,10.37,10.21,500
2006-12-18,10.21,10.21,10.21,10.21,1000
2006-12-19,10.21,10.21,10.21,10.21,0
2006-12-20,10.21,10.21,10.21,10.21,0
2006-12-21,10.21,10.21,10.21,10.21,0
2006-12-22,10.76,10.76,10.32,10.32,800
2006-12-25,10.32,10.32,10.26,10.26,1800
2006-12-26,10.76,11.25,10.76,11.25,3500
2006-12-27,10.37,10.37,10.37,10.37,1900
2006-12-28,10.48,10.48,10.48,10.37,1600
2006-12-29,10.48,10.48,10.48,10.48,100
2007-01-02,10.48,10.48,10.48,10.48,0
2007-01-03,10.76,11.03,10.76,11.03,300
2007-01-04,11.03,11.03,11.03,11.03,0
2007-01-05,11.97,11.97,11.97,11.97,1000
2007-01-08,11.53,11.53,11.31,11.31,600
2007-01-09,10.76,11.58,10.76,11.58,4500
2007-01-10,11.58,11.58,11.36,11.58,3400
2007-01-11,11.47,11.47,11.47,11.47,1100
2007-01-12,11.47,11.69,11.47,11.69,13700
2007-01-15,12.14,12.69,11.75,12.41,8600
2007-01-16,13.24,13.52,13.24,13.52,8700
2007-01-17,14.56,14.78,13.85,14.07,5400
2007-01-18,13.52,13.52,13.52,13.52,3000
2007-01-19,13.79,13.79,13.79,13.79,1000
2007-01-22,14.07,14.07,14.07,13.79,500
2007-01-23,13.79,14.07,13.52,13.52,2700
2007-01-24,12.69,12.69,12.69,12.69,1500
2007-01-25,12.41,12.41,12.41,12.41,400
2007-01-26,12.14,12.41,12.14,12.41,3800
2007-01-29,12.69,12.69,12.14,12.14,500
2007-01-30,11.86,11.86,11.69,11.69,6000
2007-01-31,11.58,11.58,11.58,11.58,8000
2007-02-01,12.14,12.69,12.14,12.69,1000
2007-02-02,13.74,13.74,13.74,13.74,2700
2007-02-05,15.06,15.06,15.06,15.06,5000
2007-02-06,16.55,16.55,15.17,15.45,25600
2007-02-07,15.89,16.22,15.45,15.45,14700
2007-02-08,16.0,16.0,14.95,14.95,12700
2007-02-09,15.06,15.45,15.06,15.06,5800
2007-02-12,14.62,14.89,14.56,14.62,4200
2007-02-13,14.62,15.17,14.62,15.17,4100
2007-02-14,14.89,16.27,14.89,16.27,6600
2007-02-15,17.32,17.32,16.27,17.21,9300
2007-02-26,18.48,18.48,18.48,18.48,6000
2007-02-27,20.3,20.3,20.3,20.3,3500
2007-02-28,22.29,22.29,22.29,22.29,36100
2007-03-01,24.49,24.49,24.49,24.49,54800
2007-03-02,26.92,26.92,26.92,24.49,44300
2007-03-05,29.57,29.57,29.24,29.57,36100
2007-03-06,32.0,32.44,27.58,28.13,40700
2007-03-07,31.44,31.44,27.69,27.69,33400
2007-03-08,30.78,30.84,28.13,29.79,68900
2007-03-09,32.0,32.88,29.9,32.88,36400
2007-03-12,35.97,35.97,35.97,35.97,10400
2007-03-13,39.55,39.55,35.86,35.86,36300
2007-03-14,35.8,35.86,34.04,35.86,20900
2007-03-15,31.11,31.11,31.11,31.11,1100
2007-03-16,28.13,33.65,28.02,33.1,17800
2007-03-19,34.2,34.26,33.1,33.37,22300
2007-03-20,37.29,37.29,30.89,30.89,53100
2007-03-21,34.2,34.2,32.0,32.0,19900
2007-03-22,32.55,32.88,31.44,32.0,16100
2007-03-23,32.0,32.55,30.78,30.89,12900
2007-03-26,30.12,30.89,28.74,30.89,9900
2007-03-27,26.59,26.59,26.59,30.89,1500
2007-03-28,23.94,26.48,23.94,26.48,13400
2007-03-29,26.53,26.53,26.53,26.53,300
2007-03-30,29.18,29.18,26.48,26.53,12100
2007-04-02,25.21,25.21,25.21,25.21,2500
2007-04-03,24.82,25.38,22.89,22.89,6000
2007-04-04,24.11,25.93,21.79,24.99,6600
2007-04-05,22.73,23.28,22.67,23.28,2300
2007-04-06,23.56,23.56,20.96,22.07,3400
2007-04-09,22.89,22.89,22.62,22.62,1700
2007-04-10,22.78,23.17,22.07,23.17,5200
2007-04-11,22.78,23.17,22.62,22.78,6900
2007-04-12,21.51,21.51,20.69,20.69,1200
2007-04-13,20.96,20.96,19.31,19.86,3500
2007-04-16,18.87,19.69,18.2,18.37,6300
2007-04-17,17.65,17.65,16.83,16.83,10900
2007-04-18,16.0,18.54,16.0,18.54,1900
2007-04-19,20.08,20.08,19.31,19.31,8800
2007-04-20,19.86,19.86,18.04,19.31,5300
2007-04-23,17.65,18.48,17.38,18.48,3100
2007-04-24,17.1,17.65,17.1,17.65,2900
2007-04-25,18.2,19.09,18.2,19.09,6400
2007-05-02,18.76,18.98,18.76,18.76,1300
2007-05-03,19.09,19.31,18.76,18.76,6700
2007-05-04,19.31,19.31,18.76,18.76,5200
2007-05-07,19.03,19.8,19.03,19.58,5900
2007-05-08,18.7,19.58,18.7,19.42,11000
2007-05-09,18.98,18.98,17.65,18.59,2400
2007-05-10,18.37,18.92,18.2,18.2,2100
2007-05-11,18.37,18.87,18.37,18.87,4700
2007-05-14,19.03,19.03,18.76,18.76,6400
2007-05-15,18.7,18.7,18.2,18.31,3300
2007-05-16,16.99,18.31,16.99,17.93,2200
2007-05-17,18.2,18.2,17.65,17.65,7100
2007-05-18,17.93,18.2,17.65,17.65,4100
2007-05-21,19.64,19.64,17.93,18.2,7100
2007-05-22,19.03,19.8,18.48,19.31,9500
2007-05-23,20.41,21.02,19.31,19.31,11600
2007-05-24,21.9,21.9,18.2,18.2,3800
2007-05-25,22.56,22.56,19.03,19.86,9500
2007-05-28,19.31,19.58,19.31,19.31,3100
2007-05-29,19.31,19.58,18.48,18.48,4500
2007-05-30,20.96,20.96,18.76,19.03,6200
2007-05-31,19.03,19.31,18.65,19.25,3400
2007-06-01,20.8,20.8,18.76,18.76,4800
2007-06-04,18.2,18.7,17.93,17.93,5400
2007-06-05,18.2,18.2,16.83,17.65,6200
2007-06-06,17.6,18.09,17.6,18.09,1700
2007-06-07,18.2,18.2,17.65,17.65,6900
2007-06-08,19.36,19.36,17.93,18.2,6700
2007-06-11,17.93,17.93,17.93,17.93,2000
2007-06-12,18.2,18.2,17.65,17.93,1400
2007-06-13,17.93,17.93,17.65,17.93,4900
2007-06-14,18.04,18.04,16.55,17.65,3000
2007-06-15,17.27,17.65,17.27,17.6,1200
2007-06-18,17.27,17.27,17.27,17.27,1000
2007-06-19,17.27,17.32,16.6,16.6,1400
2007-06-20,16.94,17.1,16.27,16.27,5400
2007-06-21,16.55,16.83,16.55,16.83,900
2007-06-22,16.55,16.55,16.44,16.55,2200
2007-06-25,16.33,16.55,16.0,16.0,1400
2007-06-26,16.16,16.16,16.0,16.0,600
2007-06-27,16.0,16.0,16.0,15.94,500
2007-06-28,16.0,16.0,16.0,16.0,600
2007-06-29,16.0,16.0,14.34,14.45,300
2007-07-02,14.89,14.89,14.89,14.89,1900
2007-07-03,14.89,14.89,13.79,13.52,1700
2007-07-04,14.34,15.45,14.34,15.45,1700
2007-07-05,15.45,15.45,15.45,15.45,200
2007-07-06,15.45,15.45,15.45,15.45,500
2007-07-09,15.45,15.45,15.45,15.45,0
2007-07-10,15.45,15.45,15.45,15.45,1400
2007-07-11,16.0,16.0,16.0,16.0,500
2007-07-12,14.89,15.45,14.89,15.45,600
2007-07-13,15.45,15.45,15.45,15.34,300
2007-07-16,15.45,15.34,15.34,15.34,0
2007-07-17,14.34,14.34,14.34,14.12,200
2007-07-18,14.34,14.34,14.34,14.12,1000
2007-07-19,14.34,14.34,14.34,14.4,900
2007-07-20,14.89,14.89,14.89,15.06,500
2007-07-23,14.89,14.89,14.89,14.89,500
2007-07-24,14.34,14.34,14.34,14.07,2200
2007-07-25,14.34,14.34,14.34,14.51,5900
2007-07-26,14.34,14.34,14.34,14.4,700
2007-07-27,14.34,14.4,14.4,14.4,0
2007-07-30,13.79,13.79,13.79,13.85,800
2007-07-31,13.79,13.79,13.79,13.79,1100
2007-08-01,13.79,13.79,13.79,13.79,0
2007-08-02,13.79,13.79,13.79,13.9,1600
2007-08-03,13.79,13.85,13.85,13.85,0
2007-08-06,13.79,13.79,13.79,13.79,3000
2007-08-07,13.79,13.79,13.79,13.79,500
2007-08-08,13.79,13.79,13.79,13.79,0
2007-08-09,13.79,13.79,13.79,13.79,100
2007-08-10,13.79,13.79,13.24,13.35,1000
2007-08-13,13.24,13.24,13.24,12.96,200
2007-08-14,13.24,13.24,13.24,12.96,1700
2007-08-15,13.24,13.24,13.24,12.96,3500
2007-08-16,13.24,13.24,12.69,12.8,900
2007-08-17,13.24,13.24,13.24,12.96,1700
2007-08-20,12.69,13.24,12.69,12.85,2400
2007-08-21,13.24,13.24,13.24,13.24,2200
2007-08-22,13.24,13.24,13.24,13.24,0
2007-08-23,13.24,13.24,13.24,12.96,700
2007-08-24,13.24,13.24,12.69,12.41,600
2007-08-27,13.24,13.24,13.24,13.24,300
2007-08-28,12.69,13.24,12.69,13.24,2500
2007-08-29,13.24,13.24,13.24,13.02,200
2007-08-30,12.69,13.79,12.69,13.63,2700
2007-08-31,13.79,13.79,12.69,12.69,2500
2007-09-04,13.24,13.24,13.24,13.02,1000
2007-09-05,13.24,13.24,13.24,13.24,1000
2007-09-06,12.69,13.24,12.69,13.29,2400
2007-09-07,13.24,13.79,12.69,12.91,2800
2007-09-10,13.24,13.52,13.24,13.52,2700
2007-09-11,13.79,13.79,13.79,13.79,7800
2007-09-12,14.89,14.89,14.84,14.89,4000
2007-09-13,16.0,16.38,15.17,16.27,29000
2007-09-14,16.6,16.6,16.0,16.27,6400
2007-09-17,14.89,15.45,14.89,14.89,11200
2007-09-18,16.11,16.11,15.17,15.94,10100
2007-09-19,16.0,16.0,15.45,15.45,10600
2007-09-20,15.94,16.16,15.45,15.45,8800
2007-09-21,15.39,15.45,15.0,15.0,3800
2007-09-24,16.0,16.0,14.89,15.72,6100
2007-09-25,15.45,16.0,15.45,15.94,6200
2007-09-26,16.0,16.0,15.45,15.45,8200
2007-09-27,16.0,16.27,15.89,16.27,22800
2007-09-28,16.27,17.65,16.27,17.65,11600
2007-10-01,18.76,18.81,18.76,18.81,8200
2007-10-02,20.69,20.69,18.2,20.36,25200
2007-10-03,21.51,21.51,20.14,20.41,17100
2007-10-04,21.51,22.56,21.18,22.4,48600
2007-10-05,24.11,24.11,22.34,23.17,26800
2007-10-08,23.17,24.27,21.51,22.62,26800
2007-10-09,22.62,23.17,21.51,21.62,4100
2007-10-10,21.24,21.9,21.07,21.9,12000
2007-10-11,21.79,21.79,20.41,20.96,7000
2007-10-12,21.51,21.51,20.96,21.24,11400
2007-10-15,22.34,23.33,22.07,23.33,45900
2007-10-16,25.27,25.27,24.82,25.27,102500
2007-10-17,24.82,27.69,22.73,24.82,41500
2007-10-18,26.2,26.48,24.05,25.38,22500
2007-10-19,24.16,25.93,23.72,25.93,29600
2007-10-22,26.48,26.48,24.55,24.55,16500
2007-10-23,27.42,27.42,24.93,26.48,74200
2007-10-24,27.58,29.13,27.58,29.13,38600
2007-10-25,31.77,31.77,31.77,31.77,24500
2007-10-26,34.92,34.92,34.92,34.92,45000
2007-10-29,38.39,38.39,32.0,32.0,149000
2007-10-30,38.62,38.62,32.88,34.09,62700
2007-10-31,34.2,34.2,32.55,32.82,60400
2007-11-01,33.65,36.57,33.1,36.57,95500
2007-11-02,38.56,38.56,35.8,37.51,85600
2007-11-05,38.06,39.72,36.24,39.66,101400
2007-11-06,39.22,41.48,36.41,41.48,73900
2007-11-07,44.68,44.68,44.68,44.68,56100
2007-11-08,40.22,47.06,40.22,40.22,56800
2007-11-09,37.35,37.35,37.35,37.35,4700
2007-11-12,33.65,33.65,33.65,33.65,200
2007-11-13,30.29,30.29,30.29,30.29,200
2007-11-14,27.31,33.04,27.31,28.69,139800
2007-11-15,28.69,28.69,24.93,25.93,38700
2007-11-16,24.82,24.82,23.17,24.0,28200
2007-11-19,24.82,25.32,24.82,25.21,16700
2007-11-20,25.38,25.93,24.27,25.38,18500
2007-11-21,23.72,23.72,22.62,23.45,45600
2007-11-22,22.78,24.27,22.78,23.67,30700
2007-11-23,24.27,24.27,23.45,23.72,25100
2007-11-26,24.82,24.82,23.72,23.72,11100
2007-11-27,23.72,24.0,22.73,23.17,35600
2007-11-28,23.17,23.45,22.67,23.33,12500
2007-11-29,23.45,23.72,22.78,23.28,20500
2007-11-30,23.17,23.72,22.89,23.61,21600
2007-12-03,23.61,25.1,23.61,24.82,29300
2007-12-04,24.82,26.37,24.82,26.2,33800
2007-12-05,26.48,26.92,24.93,26.15,36400
2007-12-06,25.38,28.08,25.38,28.08,61200
2007-12-07,28.69,29.24,27.47,29.07,53000
2007-12-10,30.34,30.34,28.41,30.06,48000
2007-12-11,28.69,28.96,26.7,27.31,23700
2007-12-12,26.48,28.52,26.48,27.03,30900
2007-12-13,26.75,27.03,26.26,26.26,10900
2007-12-14,26.09,26.09,25.82,25.82,21600
2007-12-17,25.27,25.38,24.55,24.6,7700
2007-12-18,23.45,25.93,23.45,25.38,7000
2007-12-19,25.93,26.53,25.93,25.98,11000
2007-12-20,26.2,26.2,25.38,25.38,1400
2007-12-21,24.27,25.93,24.27,25.38,4000
2007-12-24,25.65,25.65,25.16,25.16,1700
2007-12-25,25.1,25.6,24.38,24.82,10000
2007-12-26,24.6,25.16,24.38,25.16,11500
2007-12-27,24.82,25.65,24.82,24.82,10500
2007-12-28,24.82,24.82,24.38,24.38,9100
2008-01-02,24.82,24.82,24.55,24.55,500
2008-01-03,24.55,24.55,24.55,24.55,0
2008-01-04,24.55,24.55,22.62,23.45,2100
2008-01-07,23.17,23.17,22.73,23.11,4800
2008-01-08,24.27,24.27,22.89,22.89,4500
2008-01-09,22.73,22.89,22.07,22.89,6100
2008-01-10,20.96,21.51,20.41,21.51,4200
2008-01-11,21.51,22.89,21.24,21.51,6600
2008-01-14,19.86,20.14,19.53,19.53,8900
2008-01-15,20.41,20.41,17.87,17.87,10400
2008-01-16,17.1,19.69,16.27,19.69,10800
2008-01-17,20.08,20.08,19.31,19.86,31000
2008-01-18,20.96,21.73,19.86,20.69,15500
2008-01-21,20.96,20.96,20.41,20.96,1800
2008-01-22,19.91,19.91,19.31,19.91,14100
2008-01-23,19.58,19.58,18.2,19.31,13100
2008-01-24,19.42,20.14,18.48,18.48,7000
2008-01-25,19.31,19.31,18.81,19.03,4400
2008-01-28,19.58,19.86,19.2,19.2,5100
2008-01-29,19.31,19.86,19.31,19.47,20100
2008-01-30,19.91,21.51,19.86,20.96,19600
2008-01-31,22.07,23.17,20.41,21.35,8300
2008-02-01,20.14,20.69,20.14,20.41,4200
2008-02-12,20.41,20.41,18.76,19.03,9100
2008-02-13,20.69,20.69,18.76,19.03,13300
2008-02-14,19.09,19.31,19.03,19.2,5500
2008-02-15,19.31,19.31,18.26,18.76,3500
2008-02-18,17.93,18.2,17.38,17.65,9000
2008-02-19,17.1,18.76,16.55,17.65,10000
2008-02-20,17.65,17.82,16.88,16.99,16800
2008-02-21,16.33,16.33,15.5,15.5,20400
2008-02-22,14.12,16.27,14.01,15.45,23700
2008-02-25,16.0,16.0,16.0,16.0,3200
2008-02-26,17.6,17.6,15.45,15.78,10900
2008-02-27,14.95,17.1,14.95,16.05,9300
2008-02-28,16.55,16.71,16.05,16.55,11800
2008-02-29,16.27,16.55,16.05,16.55,15900
2008-03-03,15.72,16.49,14.95,15.17,13500
2008-03-04,14.62,14.62,14.18,14.18,32200
2008-03-05,12.91,13.79,12.91,13.79,14400
2008-03-06,14.34,14.78,14.34,14.78,3800
2008-03-07,16.16,16.16,16.16,16.16,600
2008-03-10,17.76,17.76,14.56,16.27,30500
2008-03-11,16.55,16.55,15.72,15.83,8500
2008-03-12,15.89,17.43,15.89,17.38,27900
2008-03-13,16.83,17.38,16.55,17.38,16500
2008-03-14,16.27,16.27,16.0,16.0,11500
2008-03-17,14.89,15.83,14.89,15.78,9900
2008-03-18,16.55,16.55,14.62,15.06,21600
2008-03-19,14.62,16.22,14.62,16.0,8900
2008-03-20,15.61,16.83,15.45,16.0,6300
2008-03-21,16.55,16.66,16.0,16.0,14600
2008-03-24,15.06,15.28,15.0,15.06,11000
2008-03-25,13.9,14.34,13.79,13.9,18500
2008-03-26,14.67,14.89,12.96,14.89,14400
2008-03-27,14.4,14.4,14.4,14.4,200
2008-03-28,14.67,14.67,14.67,14.67,700
2008-03-31,14.95,14.95,14.95,14.95,1400
2008-04-01,15.23,15.23,15.23,15.23,100
2008-04-02,15.23,15.23,15.23,15.23,0
2008-04-03,15.5,15.5,15.5,15.5,100
2008-04-04,15.78,15.78,15.78,15.78,100
2008-04-07,16.22,16.22,16.22,16.22,300
2008-04-08,16.66,16.66,15.89,16.66,37200
2008-04-09,17.1,17.1,16.22,16.55,16800
2008-04-10,16.27,16.27,16.16,16.16,3700
2008-04-11,15.78,16.66,15.78,16.66,32300
2008-04-16,16.66,16.66,16.66,16.66,9200
2008-04-17,17.16,17.16,17.16,17.16,500
2008-04-18,17.65,17.65,17.38,17.65,24700
2008-04-21,18.15,18.15,18.15,18.15,32100
2008-04-22,18.65,18.65,18.65,18.65,16200
2008-04-23,19.2,19.2,19.2,19.2,9800
2008-04-24,19.75,19.75,18.65,18.65,30000
2008-04-25,18.81,19.03,18.81,18.81,11500
2008-04-28,19.36,19.36,18.81,19.36,35000
2008-04-29,19.8,19.8,19.42,19.8,36700
2008-05-05,20.36,20.36,19.25,19.25,8000
2008-05-06,19.14,19.69,19.14,19.14,20500
2008-05-07,18.92,18.92,18.92,18.92,300
2008-05-08,18.37,18.37,18.37,18.37,100
2008-05-09,17.87,17.87,17.87,17.87,1200
2008-05-12,17.38,17.38,17.38,17.38,100
2008-05-13,17.87,17.87,16.88,16.88,400
2008-05-14,16.88,16.88,16.88,16.88,300
2008-05-15,17.38,17.38,16.38,16.38,400
2008-05-16,17.6,17.6,16.66,16.66,13400
2008-05-19,16.16,16.16,16.16,16.16,1100
2008-05-20,16.16,16.16,16.16,16.16,0
2008-05-21,15.72,15.72,15.72,15.72,1000
2008-05-22,16.16,16.16,15.28,15.28,400
2008-05-23,15.5,15.5,15.5,15.5,8500
2008-05-26,15.5,15.5,15.5,15.5,0
2008-05-27,15.06,15.06,15.06,15.06,300
2008-05-28,14.62,14.62,14.62,14.62,5200
2008-05-29,14.23,14.23,14.23,14.23,100
2008-05-30,13.85,13.85,13.85,13.85,16300
2008-06-02,13.46,13.46,13.46,13.46,100
2008-06-03,13.07,13.07,13.07,13.07,200
2008-06-04,12.69,12.69,12.69,12.69,100
2008-06-05,12.36,12.36,12.36,12.36,100
2008-06-06,12.03,12.03,12.03,12.03,3700
2008-06-09,11.69,11.69,11.69,11.69,100
2008-06-10,11.36,11.36,11.36,11.36,2800
2008-06-11,11.03,11.69,11.03,11.69,30800
2008-06-12,11.53,11.53,11.53,11.53,3300
2008-06-13,11.86,11.86,11.86,11.86,2900
2008-06-16,12.19,12.19,12.19,12.19,1800
2008-06-17,12.52,12.52,12.52,12.52,100
2008-06-18,12.85,12.85,12.19,12.74,21400
2008-06-19,11.92,11.92,11.92,11.92,5000
2008-06-20,11.47,11.47,11.47,11.47,4200
2008-06-23,11.03,11.92,11.03,11.92,17700
2008-06-24,11.36,11.81,11.14,11.81,12800
2008-06-25,12.14,12.14,12.14,12.14,1800
2008-06-26,12.58,12.58,12.14,12.52,14400
2008-06-27,12.47,13.02,12.47,13.02,14300
2008-06-30,12.52,13.46,12.52,13.46,5700
2008-07-01,13.79,13.79,13.79,13.79,2200
2008-07-02,14.34,14.34,13.79,14.34,17900
2008-07-03,14.78,14.78,14.78,14.78,6000
2008-07-04,15.34,15.34,15.34,15.34,10700
2008-07-07,15.94,15.94,14.73,15.94,43000
2008-07-08,15.17,16.27,15.06,16.27,12000
2008-07-09,16.38,16.38,16.38,16.38,300
2008-07-10,16.99,16.99,16.99,16.99,1000
2008-07-11,17.65,17.65,17.65,17.65,14300
2008-07-14,18.31,18.31,18.31,18.31,7400
2008-07-15,19.03,19.03,19.03,19.03,13300
2008-07-16,19.75,19.75,18.98,19.75,25100
2008-07-17,20.08,20.3,20.08,20.3,18300
2008-07-18,21.07,21.07,19.53,19.53,15400
2008-07-21,19.53,19.53,19.53,19.53,0
2008-07-22,19.86,19.86,19.86,19.86,1600
2008-07-23,19.09,20.36,19.09,19.36,52600
2008-07-24,18.54,19.97,18.54,19.97,92600
2008-07-25,20.63,20.63,20.14,20.63,24300
2008-07-28,21.35,21.35,20.96,21.35,40600
2008-07-29,17.82,17.82,17.82,17.82,800
2008-07-30,18.48,18.48,17.38,18.48,52200
2008-07-31,19.14,19.14,18.76,19.14,28500
2008-08-01,19.86,19.86,19.86,19.86,5700
2008-08-04,20.63,20.63,20.14,20.63,53200
2008-08-05,21.35,21.35,19.8,19.8,22200
2008-08-06,19.09,20.63,19.09,20.63,39600
2008-08-07,20.74,20.74,20.74,20.74,8000
2008-08-08,21.57,21.57,20.63,21.57,54700
2008-08-11,22.29,22.29,22.29,22.29,4700
2008-08-12,23.17,23.17,23.17,23.17,1800
2008-08-13,24.05,24.05,24.05,24.05,2400
2008-08-14,24.99,24.99,24.99,24.99,600
2008-08-15,25.98,25.98,25.98,25.98,500
2008-08-18,27.75,27.75,27.75,27.75,1800
2008-08-19,29.68,29.68,29.24,29.68,77300
2008-08-20,31.72,31.72,31.44,31.72,37500
2008-08-21,33.93,33.93,33.93,33.93,6000
2008-08-22,36.3,36.3,33.93,36.3,57600
2008-08-25,38.67,38.67,34.75,38.67,39700
2008-08-26,41.32,41.32,41.1,41.32,28800
2008-08-27,44.08,44.08,38.45,38.45,68700
2008-08-28,37.35,37.35,37.35,37.35,6800
2008-08-29,34.75,34.75,34.75,34.75,2100
2008-09-03,32.33,36.96,32.33,32.33,62400
2008-09-04,31.28,33.1,31.28,31.28,19000
2008-09-05,29.18,30.34,29.18,29.18,45300
2008-09-08,27.14,29.79,27.14,27.69,62500
2008-09-09,26.2,29.35,26.2,29.35,30200
2008-09-10,30.89,30.89,30.34,30.89,29200
2008-09-11,33.04,33.04,28.85,31.17,33900
2008-09-12,29.84,29.84,29.57,29.57,10200
2008-09-15,30.29,31.66,27.64,31.61,44300
2008-09-16,30.56,30.56,28.47,28.47,29600
2008-09-17,26.75,26.75,26.64,26.64,3300
2008-09-18,24.88,24.88,24.88,24.88,2200
2008-09-19,23.17,26.59,23.17,26.59,26200
2008-09-22,27.2,27.2,27.2,27.2,600
2008-09-23,25.32,27.2,25.32,26.48,37200
2008-09-24,24.27,26.42,24.27,24.27,13400
2008-09-25,24.27,26.37,24.0,26.37,9900
2008-09-26,27.58,27.58,26.04,27.58,36400
2008-09-29,29.4,29.4,26.2,28.69,25000
2008-09-30,26.92,26.92,26.92,26.92,100
2008-10-01,26.92,27.42,25.38,26.48,16100
2008-10-02,27.58,28.41,26.75,28.13,22400
2008-10-03,27.86,27.86,27.58,27.8,7000
2008-10-06,29.24,29.51,25.76,25.76,28300
2008-10-07,24.22,24.27,24.22,24.22,12700
2008-10-08,22.56,22.89,22.56,22.62,25700
2008-10-09,21.51,24.16,21.18,22.84,15300
2008-10-10,21.51,21.62,21.51,21.51,17600
2008-10-13,20.02,22.07,20.02,22.07,24200
2008-10-14,22.23,22.23,22.23,22.23,100
2008-10-15,23.78,23.78,23.78,23.78,7800
2008-10-16,25.1,25.43,23.72,25.43,30400
2008-10-17,26.87,26.87,26.87,26.87,1700
2008-10-20,28.74,28.74,27.58,28.69,69700
2008-10-21,30.73,30.73,27.09,27.31,24900
2008-10-22,29.24,29.24,26.64,26.64,28900
2008-10-23,24.93,24.93,24.93,24.93,1000
2008-10-24,23.22,23.33,23.22,23.22,28200
2008-10-27,22.12,22.12,21.62,21.62,8100
2008-10-28,20.19,21.68,20.19,21.24,46300
2008-10-29,21.68,21.68,20.3,21.68,29400
2008-10-30,22.62,23.11,21.62,23.11,8500
2008-10-31,24.22,24.22,23.17,23.22,6600
2008-11-03,23.72,23.72,22.12,22.12,7600
2008-11-04,22.29,23.83,22.07,23.83,26900
2008-11-05,25.04,25.04,24.55,25.04,33700
2008-11-06,23.28,24.99,23.28,23.28,9100
2008-11-07,25.82,25.82,22.51,22.51,14000
2008-11-10,20.96,24.05,20.96,20.96,25600
2008-11-11,19.86,20.91,19.8,19.8,32700
2008-11-12,18.76,20.36,18.76,20.36,8600
2008-11-13,20.08,21.02,19.86,20.96,13300
2008-11-14,21.02,21.73,20.96,21.4,9600
2008-11-17,21.24,21.51,21.24,21.51,4500
2008-11-18,21.46,21.46,20.02,20.14,9900
2008-11-19,21.46,21.46,19.09,19.09,12000
2008-11-20,18.48,18.48,18.2,18.2,13700
2008-11-21,17.1,17.71,16.99,17.16,13700
2008-11-24,18.43,18.43,16.55,16.55,6400
2008-11-25,16.55,16.94,16.16,16.94,7000
2008-11-26,17.54,17.54,16.0,16.11,5600
2008-11-27,15.61,15.61,15.23,15.23,13200
2008-11-28,14.45,16.38,14.45,16.38,8800
2008-12-01,16.22,16.33,16.22,16.33,1500
2008-12-02,15.45,15.94,15.23,15.72,1300
2008-12-03,14.62,16.49,14.62,15.56,5500
2008-12-04,16.44,16.88,16.44,16.88,11600
2008-12-05,17.65,17.65,16.0,16.55,10600
2008-12-08,15.5,15.72,15.34,15.67,7000
2008-12-09,16.0,16.49,16.0,16.38,4300
2008-12-10,15.56,16.0,15.34,15.34,10900
2008-12-11,15.67,15.67,15.5,15.5,1700
2008-12-12,15.0,16.66,15.0,16.66,8000
2008-12-15,17.1,17.27,15.56,16.83,9700
2008-12-16,15.83,16.77,15.72,15.78,4100
2008-12-17,15.78,16.44,15.78,16.44,600
2008-12-18,16.71,17.16,16.38,17.1,11200
2008-12-19,17.87,17.98,17.87,17.98,4600
2008-12-22,19.2,19.2,19.03,19.2,20000
2008-12-23,17.93,18.2,17.87,18.2,6200
2008-12-24,17.87,18.04,17.65,18.04,5800
2008-12-25,18.43,18.43,17.93,17.93,1400
2008-12-26,18.09,18.09,17.65,17.65,8200
2008-12-29,17.65,17.65,16.99,16.99,1700
2008-12-30,18.15,18.15,16.6,17.16,2700
2008-12-31,18.43,18.43,16.55,18.04,3200
2009-01-02,17.87,17.87,16.88,16.88,500
2009-01-05,17.93,17.93,16.83,17.93,5600
2009-01-06,17.65,17.93,17.65,17.65,4600
2009-01-07,18.43,18.43,18.2,18.2,1500
2009-01-08,17.82,17.82,17.65,17.65,4500
2009-01-09,18.15,18.15,17.65,17.93,1200
2009-01-12,18.09,18.09,17.76,18.04,2300
2009-01-13,17.93,17.93,17.65,17.65,500
2009-01-14,17.65,17.65,17.38,17.38,3600
2009-01-15,17.49,17.87,17.49,17.65,8300
2009-01-16,18.76,18.76,17.71,18.37,6900
2009-01-19,19.47,19.47,19.31,19.47,21500
2009-01-20,20.47,20.47,18.76,19.2,15600
2009-01-21,18.76,19.86,18.76,19.86,4400
2009-01-22,20.41,20.74,19.47,20.14,10200
2009-01-23,20.41,21.46,20.08,20.96,12100
2009-02-02,21.51,22.23,21.07,22.23,44900
2009-02-03,22.56,22.62,20.63,20.69,7200
2009-02-04,21.24,21.51,20.8,20.96,5600
2009-02-05,20.74,20.74,19.64,19.64,7600
2009-02-06,18.76,21.18,18.76,21.18,29900
2009-02-09,22.4,22.4,22.34,22.4,31100
2009-02-10,23.94,23.94,21.62,22.4,9200
2009-02-11,22.62,22.62,22.07,22.34,15100
2009-02-12,22.34,22.4,21.35,21.51,26800
2009-02-13,22.07,22.07,20.96,21.02,22300
2009-02-16,21.29,21.51,20.96,20.96,20200
2009-02-17,17.21,19.25,17.21,17.21,15700
2009-02-18,16.33,17.1,16.16,16.16,17600
2009-02-19,16.16,16.88,16.16,16.55,11500
2009-02-20,16.0,16.49,16.0,16.16,8800
2009-02-23,15.45,15.45,15.0,15.0,7100
2009-02-24,14.89,14.89,14.07,14.07,16700
2009-02-25,15.06,15.28,15.0,15.28,7500
2009-02-26,16.22,16.22,14.4,15.39,5200
2009-02-27,15.45,15.61,15.45,15.61,5000
2009-03-02,15.45,15.72,15.45,15.56,9500
2009-03-03,15.56,15.83,15.45,15.83,3800
2009-03-04,15.5,16.27,15.45,16.27,2200
2009-03-05,16.0,16.83,16.0,16.27,2500
2009-03-06,15.67,16.27,15.67,16.27,3500
2009-03-09,16.05,16.38,16.05,16.27,4000
2009-03-10,16.33,16.44,16.27,16.33,4300
2009-03-11,17.38,17.43,16.33,16.33,5700
2009-03-12,16.55,16.55,16.0,16.0,4800
2009-03-13,17.05,17.05,17.05,17.05,100
2009-03-16,16.83,16.83,16.55,16.66,4900
2009-03-17,16.94,17.1,16.83,16.83,5100
2009-03-18,16.55,17.65,16.55,17.38,16600
2009-03-19,16.88,16.99,16.27,16.27,22900
2009-03-20,16.16,16.16,16.16,16.16,100
2009-03-23,15.23,16.27,15.23,15.83,4100
2009-03-24,16.27,16.55,16.11,16.55,10300
2009-03-25,16.77,16.83,16.77,16.77,5300
2009-03-26,17.82,17.82,16.27,17.1,8500
2009-03-27,17.49,17.6,16.83,17.38,14000
2009-03-30,17.05,17.1,16.6,16.66,7600
2009-03-31,16.27,16.66,16.0,16.66,2000
2009-04-01,17.05,17.43,17.05,17.43,17900
2009-04-02,17.65,17.65,17.27,17.65,12000
2009-04-03,18.48,18.7,18.31,18.7,14200
2009-04-07,19.8,19.91,19.69,19.91,23700
2009-04-08,18.76,21.13,18.76,19.42,24300
2009-04-09,19.42,20.08,19.36,20.02,8800
2009-04-10,21.35,21.35,20.3,21.02,17900
2009-04-13,22.34,22.67,21.79,22.67,33800
2009-04-14,24.05,24.05,22.07,22.62,19800
2009-04-15,24.99,24.99,21.85,22.07,19800
2009-04-16,22.12,22.18,21.51,21.85,16100
2009-04-17,22.62,22.62,20.47,20.58,17400
2009-04-20,20.02,20.58,19.86,20.58,20000
2009-04-21,19.31,20.41,18.92,19.86,9800
2009-04-22,20.63,20.63,20.52,20.63,13700
2009-04-23,21.51,21.79,20.69,21.79,4500
2009-04-24,21.62,21.62,20.41,20.41,10700
2009-04-27,20.96,20.96,20.91,20.91,3600
2009-04-28,20.96,21.24,20.96,21.07,10700
2009-04-29,21.79,21.79,21.02,21.73,12600
2009-05-04,22.62,23.06,22.62,23.06,29900
2009-05-05,24.66,24.66,24.55,24.55,40900
2009-05-06,24.55,25.21,23.06,23.17,14300
2009-05-07,24.0,24.71,23.72,24.27,11400
2009-05-08,23.72,24.0,23.28,23.72,14000
2009-05-11,24.77,24.77,23.83,24.22,25100
2009-05-12,24.33,25.38,23.22,24.71,27100
2009-05-13,24.38,24.49,23.72,24.22,14900
2009-05-14,24.16,24.27,23.45,23.72,8100
2009-05-15,23.83,24.27,23.72,24.27,16300
2009-05-18,22.78,24.05,22.34,23.61,23400
2009-05-19,24.82,24.82,24.27,24.44,3900
2009-05-20,22.78,24.22,22.78,23.78,5800
2009-05-21,22.34,23.94,22.34,23.94,12400
2009-05-22,22.62,23.72,22.62,23.72,16800
2009-05-25,23.72,24.71,23.72,24.71,28200
2009-05-26,23.61,24.82,23.61,24.55,15500
2009-05-27,24.55,25.1,24.55,25.1,13300
2009-05-28,24.82,24.82,23.5,24.82,8600
2009-05-29,24.82,25.1,23.72,24.82,14900
2009-06-01,25.38,25.65,25.38,25.65,10200
2009-06-02,26.42,27.25,26.42,27.25,27900
2009-06-03,28.69,28.96,27.8,28.96,22200
2009-06-04,30.34,30.89,29.79,30.89,4700
2009-06-05,32.88,32.93,32.55,32.82,28000
2009-06-08,35.2,35.2,33.1,35.2,32200
2009-06-09,36.96,36.96,33.1,33.1,40300
2009-06-10,31.44,31.44,30.95,30.95,9600
2009-06-11,28.96,32.55,28.96,31.11,22700
2009-06-12,33.37,33.37,30.89,30.89,26100
2009-06-15,29.35,29.4,29.24,29.24,22700
2009-06-16,27.36,27.58,27.25,27.25,38500
2009-06-17,25.43,27.58,25.43,27.53,14000
2009-06-18,27.64,28.52,27.58,28.52,8500
2009-06-19,28.8,30.45,28.74,30.34,9500
2009-06-22,28.3,28.3,28.24,28.24,3700
2009-06-23,26.48,26.48,26.31,26.31,9300
2009-06-24,27.58,28.19,27.58,28.19,6500
2009-06-25,29.79,29.79,27.03,27.03,5300
2009-06-26,27.47,27.47,27.03,27.14,6400
2009-06-29,27.31,28.69,27.31,28.63,2800
2009-06-30,28.69,28.69,27.31,27.36,3000
2009-07-01,26.2,27.03,26.2,26.48,6700
2009-07-02,24.82,27.69,24.82,27.69,2100
2009-07-03,25.71,27.53,25.71,27.31,1500
2009-07-06,25.93,28.63,25.93,28.63,6500
2009-07-07,28.13,29.51,28.13,28.58,2500
2009-07-08,28.69,28.69,27.64,28.69,6200
2009-07-09,27.58,28.96,27.58,28.91,2700
2009-07-10,28.13,28.13,27.86,27.86,1600
2009-07-13,27.58,28.13,27.58,28.13,2800
2009-07-14,28.13,28.13,27.03,27.31,2900
2009-07-15,27.86,27.86,27.58,27.86,3200
2009-07-16,28.13,28.69,27.86,28.13,2800
2009-07-17,27.31,28.13,27.31,28.13,1300
2009-07-20,26.87,26.87,26.87,26.87,100
2009-07-21,28.13,28.74,28.13,28.74,13700
2009-07-22,29.79,30.06,29.51,29.51,6500
2009-07-23,29.79,30.62,29.79,30.62,4300
2009-07-24,32.22,32.27,30.89,32.27,8700
2009-07-27,34.42,34.42,32.55,33.1,9600
2009-07-28,33.1,33.1,31.17,32.44,12700
2009-07-29,33.15,34.42,33.1,34.2,34600
2009-07-30,33.93,33.93,33.15,33.43,24600
2009-07-31,35.31,35.31,33.93,34.64,23600
2009-08-03,35.86,35.86,35.03,35.42,16000
2009-08-04,35.86,36.96,35.86,36.35,14400
2009-08-05,36.13,36.68,35.31,35.36,14600
2009-08-06,34.81,36.13,34.81,35.31,48800
2009-08-07,35.31,35.31,34.75,35.31,20200
2009-08-10,34.75,35.03,34.75,34.97,32100
2009-08-11,34.97,35.2,34.97,35.03,20900
2009-08-12,32.82,33.32,32.49,32.55,7100
2009-08-13,33.1,33.37,32.82,32.82,14100
2009-08-14,33.1,33.1,32.27,32.82,13400
2009-08-17,31.22,32.55,31.17,32.55,20900
2009-08-18,30.4,33.04,30.34,32.0,11100
2009-08-19,31.72,32.27,31.5,32.27,6100
2009-08-20,33.65,34.04,32.55,33.21,8900
2009-08-21,33.65,34.48,33.65,34.48,32500
2009-08-24,34.2,34.2,33.65,33.65,5300
2009-08-25,33.1,33.93,33.1,33.21,5300
2009-08-26,33.65,33.65,32.27,33.1,26100
2009-08-27,33.37,33.37,32.38,33.1,3300
2009-08-28,30.89,33.1,30.89,33.04,9300
2009-08-31,33.65,33.93,33.04,33.15,27400
2009-09-01,33.1,33.37,32.55,33.37,4400
2009-09-03,31.77,33.37,31.77,32.93,1700
2009-09-04,33.1,33.37,32.0,32.27,9500
2009-09-07,32.55,32.66,32.16,32.55,9300
2009-09-08,32.55,32.99,32.55,32.99,8100
2009-09-09,33.6,33.6,32.71,32.71,4000
2009-09-10,32.38,33.1,32.38,32.6,3500
2009-09-11,33.1,33.21,32.55,32.55,9200
2009-09-14,33.43,34.75,32.88,34.2,18900
2009-09-15,34.75,36.13,33.82,36.08,42900
2009-09-16,37.13,37.35,37.13,37.35,20500
2009-09-17,39.72,39.88,37.35,38.62,22200
2009-09-18,36.96,40.27,36.96,39.44,28800
2009-09-21,39.28,39.99,39.28,39.28,29300
2009-09-22,39.72,39.72,37.84,37.84,8700
2009-09-23,38.45,38.45,35.86,37.24,36800
2009-09-24,35.31,36.19,35.31,36.13,18100
2009-09-25,35.86,38.51,35.86,38.51,14400
2009-09-28,39.17,39.17,37.95,37.95,3000
2009-09-29,36.41,38.51,36.41,36.68,13300
2009-09-30,36.68,37.51,35.86,36.3,8700
2009-10-01,36.13,36.41,35.31,35.31,11600
2009-10-02,35.86,35.86,33.49,34.48,11000
2009-10-05,35.86,35.86,34.26,35.53,7500
2009-10-06,35.31,35.58,35.31,35.58,5400
2009-10-07,36.41,36.96,36.41,36.91,4800
2009-10-08,37.24,37.24,36.68,36.96,4100
2009-10-09,37.79,39.17,37.79,39.17,38800
2009-10-12,38.89,40.49,38.89,39.22,15300
2009-10-13,39.72,39.72,39.17,39.28,28400
2009-10-14,39.88,40.82,39.72,39.99,15600
2009-10-15,41.93,42.75,40.82,41.93,36600
2009-10-16,43.58,44.13,41.37,41.93,20900
2009-10-19,44.96,44.96,44.68,44.96,34400
2009-10-20,48.1,48.1,48.1,48.1,7300
2009-10-21,51.47,51.47,49.1,50.7,41900
2009-10-22,50.7,51.85,47.22,49.37,31900
2009-10-23,48.71,51.03,45.35,45.57,37200
2009-10-26,47.17,47.72,44.68,46.34,33400
2009-10-27,46.89,47.17,43.3,44.85,36200
2009-10-28,45.79,46.89,45.79,46.39,17800
2009-10-29,44.68,44.68,43.14,43.36,26800
2009-10-30,46.23,46.23,43.58,45.24,30000
2009-11-02,43.03,43.03,42.04,42.04,25000
2009-11-03,39.72,42.09,39.22,39.94,18200
2009-11-04,40.27,41.32,39.72,40.93,12300
2009-11-05,43.03,43.14,42.75,43.14,20800
2009-11-06,45.79,45.95,43.58,44.13,14600
2009-11-09,42.2,42.2,41.59,41.59,13000
2009-11-10,41.37,41.37,39.99,41.1,13400
2009-11-11,40.82,41.37,40.38,41.37,6100
2009-11-12,43.14,43.14,41.65,42.86,10400
2009-11-13,39.72,42.48,39.72,41.93,4800
2009-11-16,42.7,42.75,41.93,42.48,6100
2009-11-17,41.98,42.37,41.93,42.37,9100
2009-11-18,44.68,44.9,44.41,44.9,22500
2009-11-19,46.89,46.89,45.79,46.45,22000
2009-11-20,46.89,46.89,43.69,45.79,20400
2009-11-23,43.3,45.51,43.3,44.13,3200
2009-11-24,45.24,45.24,43.58,43.69,4700
2009-11-25,45.79,45.79,40.71,40.77,14600
2009-11-26,39.55,39.55,39.11,39.17,12900
2009-11-27,36.96,41.65,36.41,40.82,21000
2009-11-30,41.93,42.48,38.62,42.48,5500
2009-12-01,44.63,44.63,41.37,41.48,6400
2009-12-02,44.21,44.21,41.06,41.06,3400
2009-12-03,41.7,41.7,39.61,40.77,1900
2009-12-04,40.19,40.19,40.19,40.19,2700
2009-12-07,42.29,42.29,40.19,40.77,4000
2009-12-08,39.78,39.78,39.61,39.61,1700
2009-12-09,38.44,38.44,36.93,36.93,8200
2009-12-10,37.04,37.22,35.53,35.82,600
2009-12-11,37.8,37.8,33.61,33.67,6400
2009-12-14,36.11,36.11,36.05,36.11,4600
2009-12-15,35.53,37.74,35.53,35.82,2200
2009-12-16,34.02,34.13,34.02,34.02,6400
2009-12-17,32.09,34.02,31.69,33.78,7900
2009-12-18,33.78,34.19,33.78,34.19,1500
2009-12-21,33.2,36.29,33.2,36.29,6400
2009-12-22,38.09,38.27,36.7,36.7,2300
2009-12-23,37.57,37.57,37.57,37.57,500
2009-12-24,36.11,37.57,35.65,37.57,2600
2009-12-25,38.38,38.97,37.86,38.97,8300
2009-12-28,40.25,40.48,38.44,38.56,2500
2009-12-29,39.32,39.32,36.7,36.7,4000
2009-12-30,39.43,39.43,35.24,36.7,3100
2009-12-31,37.57,37.86,37.28,37.57,8900
2010-01-04,38.73,40.13,38.44,40.13,7400
2010-01-05,42.58,42.75,39.96,39.96,7900
2010-01-06,39.61,41.35,39.61,40.83,3200
2010-01-07,38.5,40.77,38.5,39.9,3100
2010-01-08,40.48,40.77,39.14,39.14,5400
2010-01-11,37.92,42.17,37.92,38.79,700
2010-01-12,37.92,38.73,37.1,37.51,4300
2010-01-13,39.32,39.9,36.7,38.91,1300
2010-01-14,37.57,38.44,37.39,37.39,1800
2010-01-15,37.86,37.86,37.28,37.57,1600
2010-01-18,36.87,37.57,36.87,36.87,2700
2010-01-19,37.86,37.86,36.99,37.34,3100
2010-01-20,38.38,38.38,38.38,38.38,2000
2010-01-21,37.57,37.57,35.7,36.11,4500
2010-01-22,36.11,36.11,36.11,36.11,0
2010-01-25,37.16,37.86,37.16,37.86,1100
2010-01-26,39.61,40.25,39.61,39.61,12000
2010-01-27,41.35,41.35,40.13,40.13,2100
2010-01-28,39.02,39.32,37.92,39.32,1700
2010-01-29,38.44,39.02,38.44,39.02,2100
2010-02-01,39.37,39.37,39.37,39.37,100
2010-02-02,39.61,39.61,39.61,39.61,100
2010-02-03,37.34,37.34,36.99,36.99,500
2010-02-04,38.38,38.38,38.38,38.38,100
2010-02-05,38.38,38.38,38.38,38.38,0
2010-02-08,38.38,38.38,38.38,38.38,500
2010-02-09,38.27,38.33,36.4,36.4,3100
2010-02-10,37.57,37.57,37.28,37.28,1000
2010-02-11,36.35,37.34,36.29,37.34,1100
2010-02-12,38.97,38.97,36.46,36.46,4100
2010-02-22,39.26,39.26,37.28,37.28,2700
2010-02-23,37.28,37.28,37.28,37.28,0
2010-02-24,37.86,37.86,37.57,37.57,2200
2010-02-25,37.57,37.57,37.28,37.28,4000
2010-02-26,36.64,37.28,36.64,37.28,1000
2010-03-01,38.68,38.68,37.86,37.86,1000
2010-03-02,38.44,38.73,37.04,37.04,3100
2010-03-03,37.86,37.98,37.28,37.98,5700
2010-03-04,38.15,38.73,37.69,37.86,3200
2010-03-05,38.44,38.44,38.15,38.15,1000
2010-03-08,37.86,38.44,37.86,38.27,5100
2010-03-09,37.57,37.86,36.11,36.11,22500
2010-03-10,37.16,38.21,36.7,38.21,11600
2010-03-11,38.97,39.96,37.86,39.9,23100
2010-03-12,39.08,40.77,39.08,39.14,6900
2010-03-15,40.66,41.94,39.14,41.06,7800
2010-03-16,39.02,41.35,37.98,38.21,7900
2010-03-17,40.66,41.47,37.34,37.86,6400
2010-03-18,40.48,40.66,38.44,38.44,4100
2010-03-19,39.9,40.02,38.97,38.97,1000
2010-03-22,37.28,41.35,37.28,39.02,1600
2010-03-23,40.19,40.77,38.44,38.44,11600
2010-03-24,39.61,40.36,38.73,39.14,4600
2010-03-25,39.84,40.77,38.5,39.02,3600
2010-03-26,39.49,39.84,39.32,39.84,6000
2010-03-29,40.77,40.77,39.61,39.61,1600
2010-03-30,40.77,41.65,39.61,39.61,1200
2010-03-31,38.56,38.56,38.33,38.33,900
2010-04-01,39.49,39.49,39.32,39.49,1000
2010-04-02,38.03,38.44,38.03,38.15,10400
2010-04-05,38.15,38.33,37.92,38.33,700
2010-04-06,39.78,39.78,38.44,38.79,2300
2010-04-07,38.79,39.02,38.15,38.15,5600
2010-04-08,38.44,40.77,38.44,39.02,7100
2010-04-09,38.85,38.97,38.44,38.44,3800
2010-04-12,38.44,38.73,38.33,38.73,5500
2010-04-13,38.44,38.44,37.86,37.86,6800
2010-04-14,37.86,38.91,37.86,38.91,5300
2010-04-15,38.33,38.44,37.28,37.28,26900
2010-04-16,38.44,38.44,37.45,37.74,2600
2010-04-19,38.33,38.33,38.33,38.33,100
2010-04-20,39.32,39.32,37.86,38.15,1800
2010-04-21,37.86,37.86,37.28,37.86,9800
2010-04-22,37.63,40.25,37.63,39.61,40000
2010-04-26,39.9,39.9,38.44,39.02,1400
2010-04-27,39.14,39.14,38.73,38.73,2700
2010-04-28,38.44,38.91,37.86,38.91,3100
2010-04-29,38.91,39.02,38.15,38.44,12700
2010-05-04,37.92,39.55,37.92,39.49,8000
2010-05-05,39.61,39.61,37.86,37.86,10900
2010-05-06,39.49,39.49,37.57,37.86,13800
2010-05-07,37.57,38.03,37.57,37.57,300
2010-05-10,36.7,36.93,36.46,36.46,6900
2010-05-11,37.34,37.86,36.7,36.7,3800
2010-05-12,36.7,36.7,34.42,34.42,6900
2010-05-13,36.64,36.64,36.64,36.64,1300
2010-05-14,36.99,36.99,34.48,35.94,1600
2010-05-17,36.7,36.7,34.37,34.37,3800
2010-05-18,34.95,34.95,32.56,32.56,13800
2010-05-19,33.08,33.08,31.45,31.45,12000
2010-05-20,33.78,33.78,32.04,33.2,2100
2010-05-21,32.5,32.5,30.23,30.87,7100
2010-05-24,30.87,32.73,30.87,32.73,4500
2010-05-25,32.33,32.33,32.33,32.33,500
2010-05-26,32.04,33.14,32.04,32.68,4300
2010-05-27,31.45,33.03,31.45,32.91,1000
2010-05-28,34.31,34.37,34.19,34.37,5200
2010-05-31,36.58,36.58,36.0,36.0,200
2010-06-01,37.8,37.8,33.78,33.78,2200
2010-06-02,34.95,34.95,33.78,33.78,700
2010-06-03,34.95,34.95,33.96,33.96,2600
2010-06-04,34.66,34.66,32.33,32.91,3600
2010-06-07,33.2,33.2,31.74,31.74,1100
2010-06-08,33.03,33.61,33.03,33.08,3200
2010-06-09,34.83,34.83,33.2,33.2,1200
2010-06-10,32.73,32.73,32.56,32.56,2300
2010-06-11,34.83,34.83,32.62,32.68,400
2010-06-14,34.25,34.25,32.62,33.61,3300
2010-06-15,32.27,33.2,32.27,33.2,200
2010-06-16,34.07,34.37,32.91,32.91,3600
2010-06-17,34.07,34.07,31.45,33.2,400
2010-06-18,33.2,33.2,33.2,33.2,0
2010-06-21,33.72,33.72,32.33,33.72,800
2010-06-22,33.72,33.72,33.72,33.72,100
2010-06-23,33.67,33.67,33.2,33.2,1100
2010-06-24,33.2,33.2,33.2,33.2,0
2010-06-25,31.45,32.09,31.45,32.09,5500
2010-06-28,33.49,33.49,32.62,32.91,1900
2010-06-29,33.43,33.43,33.43,33.43,100
2010-06-30,32.38,32.73,32.38,32.68,2800
2010-07-01,31.92,33.14,31.74,32.04,3300
2010-07-02,31.98,32.5,31.74,32.5,5300
2010-07-05,30.87,32.38,30.64,31.45,3100
2010-07-06,30.87,31.39,30.87,31.39,1700
2010-07-07,33.2,33.2,31.34,32.04,700
2010-07-08,30.11,33.14,30.11,31.63,3100
2010-07-09,31.1,32.79,31.1,32.79,900
2010-07-12,32.04,33.2,32.04,33.2,5700
2010-07-13,32.91,32.91,32.91,32.91,300
2010-07-14,34.6,34.66,32.62,33.43,2200
2010-07-15,33.2,33.2,32.85,33.2,400
2010-07-16,31.57,34.07,31.57,33.49,1000
2010-07-19,33.43,33.43,31.57,31.57,400
2010-07-20,32.04,33.2,32.04,32.44,1500
2010-07-21,32.15,33.49,32.15,33.49,600
2010-07-22,32.04,32.33,32.04,32.33,1000
2010-07-23,32.15,32.15,32.15,32.15,100
2010-07-26,33.78,33.78,32.04,32.15,1300
2010-07-27,32.04,32.04,32.04,32.04,300
2010-07-28,32.09,32.09,31.45,31.45,600
2010-07-29,31.22,31.22,31.22,31.22,400
2010-07-30,31.51,31.51,31.51,31.51,1100
2010-08-02,31.45,31.51,31.45,31.45,2400
2010-08-03,31.45,31.51,31.45,31.51,600
2010-08-04,31.22,31.51,31.22,31.45,400
2010-08-05,31.22,31.45,31.22,31.45,1600
2010-08-06,31.45,31.63,31.34,31.39,1000
2010-08-09,31.69,31.69,30.87,30.87,2500
2010-08-10,29.71,29.71,29.12,29.41,6200
2010-08-11,29.76,30.17,29.47,29.76,2700
2010-08-12,29.24,29.24,29.12,29.12,1600
2010-08-13,31.05,31.05,29.12,29.12,700
2010-08-16,29.71,29.71,29.71,29.71,400
2010-08-17,31.16,31.16,29.76,30.87,3400
2010-08-18,30.29,30.87,29.71,29.82,1200
2010-08-19,30.29,30.29,29.71,29.71,800
2010-08-20,29.71,29.71,29.71,29.71,1100
2010-08-23,29.71,29.71,29.71,29.71,1400
2010-08-24,28.54,28.54,28.02,28.07,1200
2010-08-25,29.47,29.47,27.96,27.96,3200
2010-08-26,29.06,29.12,28.54,28.54,3200
2010-08-27,29.41,29.41,28.83,29.12,1900
2010-08-30,29.3,30.05,29.3,30.05,1100
2010-08-31,30.35,30.46,30.35,30.35,1200
2010-09-01,30.29,30.58,29.12,30.58,2600
2010-09-06,30.58,30.87,30.58,30.87,1800
2010-09-07,31.57,31.57,31.57,31.57,100
2010-09-08,31.63,31.63,31.63,31.63,100
2010-09-09,31.63,31.63,29.82,30.58,500
2010-09-10,31.63,31.63,31.63,31.63,100
2010-09-13,31.63,31.63,29.47,29.59,1400
2010-09-14,30.11,30.11,29.65,29.82,2000
2010-09-15,29.65,29.71,29.47,29.47,1100
2010-09-16,29.47,29.53,29.12,29.3,600
2010-09-17,29.65,29.65,29.59,29.59,400
2010-09-20,29.24,30.35,29.24,30.35,500
2010-09-21,29.82,29.82,29.47,29.47,1000
2010-09-22,29.24,29.94,29.24,29.94,1800
2010-09-23,31.45,31.45,29.41,29.41,1600
2010-09-24,30.75,30.75,30.35,30.35,200
2010-09-27,30.35,30.35,30.35,30.35,100
2010-09-28,29.41,29.65,29.41,29.65,700
2010-09-29,31.1,31.1,29.12,29.18,2100
2010-09-30,28.25,28.25,27.96,27.96,2200
2010-10-01,29.94,29.94,29.94,29.94,100
2010-10-04,29.12,29.12,28.02,28.02,800
2010-10-05,29.94,29.94,28.25,29.06,500
2010-10-06,29.82,29.82,27.96,27.96,1100
2010-10-07,29.88,29.88,28.66,28.66,200
2010-10-08,28.66,28.66,28.66,28.66,0
2010-10-11,28.66,28.66,28.66,28.66,0
2010-10-12,27.96,27.96,27.96,27.96,700
2010-10-13,29.47,29.47,28.54,28.54,1400
2010-10-14,29.47,29.47,29.47,29.47,100
2010-10-15,27.96,27.96,27.96,27.96,1000
2010-10-18,29.36,29.36,28.02,28.02,300
2010-10-19,27.96,28.02,27.96,27.96,1000
2010-10-20,29.36,29.36,27.73,27.73,800
2010-10-21,28.77,28.77,27.96,27.96,200
2010-10-22,27.96,27.96,27.96,27.96,300
2010-10-25,29.71,29.71,27.96,27.96,300
2010-10-26,29.59,29.59,29.59,29.59,100
2010-10-27,29.59,29.59,29.59,29.59,0
2010-10-28,29.59,29.59,29.59,29.59,0
2010-10-29,29.59,29.59,29.59,29.59,0
2010-11-01,29.59,29.59,29.59,29.59,0
2010-11-02,29.94,29.94,28.19,28.25,3100
2010-11-03,27.78,27.78,27.73,27.73,600
2010-11-04,27.96,27.96,27.96,27.96,100
2010-11-05,29.65,29.65,29.65,29.65,100
2010-11-08,30.46,30.46,30.46,30.46,100
2010-11-09,28.42,29.53,28.42,29.53,200
2010-11-10,29.53,29.53,29.53,29.53,0
2010-11-11,29.53,29.53,29.53,29.53,0
2010-11-12,29.53,29.53,29.53,29.53,0
2010-11-15,29.53,29.53,29.53,29.53,0
2010-11-16,29.59,29.59,29.01,29.01,200
2010-11-17,27.32,27.32,27.26,27.26,900
2010-11-18,29.18,29.18,29.18,29.18,200
2010-11-19,29.18,29.18,29.18,29.18,0
2010-11-22,29.01,29.01,29.01,29.01,100
2010-11-23,27.03,27.9,27.03,27.03,700
2010-11-24,28.77,28.77,28.77,28.77,100
2010-11-25,27.96,27.96,27.08,27.08,1000
2010-11-26,28.19,28.19,27.2,27.2,1000
2010-11-29,28.83,28.83,26.27,26.27,600
2010-11-30,27.9,28.07,27.14,27.14,900
2010-12-01,28.19,28.19,27.38,27.38,1000
2010-12-02,27.55,27.61,27.55,27.61,400
2010-12-03,27.84,28.25,27.43,27.43,2600
2010-12-06,28.48,28.48,27.55,28.07,3800
2010-12-07,28.42,28.42,27.67,27.67,2600
2010-12-08,27.43,27.43,27.38,27.38,1200
2010-12-09,28.77,28.77,26.68,27.96,400
2010-12-10,27.38,27.96,27.38,27.38,3200
2010-12-13,29.12,29.36,27.84,28.07,7800
2010-12-14,27.38,27.38,26.5,26.85,3300
2010-12-15,27.9,27.9,27.9,27.9,100
2010-12-16,26.68,27.55,26.56,27.55,1100
2010-12-17,28.48,28.48,26.27,26.56,900
2010-12-20,28.48,28.48,26.91,26.91,500
2010-12-21,27.08,27.08,26.79,26.79,700
2010-12-22,26.85,26.85,26.79,26.79,400
2010-12-23,27.67,27.67,26.5,26.79,1800
2010-12-24,27.78,27.78,26.21,27.38,1400
2010-12-27,28.07,28.07,26.79,26.79,1500
2010-12-28,26.62,26.85,26.62,26.85,200
2010-12-29,28.13,28.13,26.79,26.79,1200
2010-12-30,26.73,26.79,26.73,26.79,1900
2010-12-31,28.19,28.19,26.79,26.79,500
2011-01-04,27.08,28.48,27.08,27.38,1100
2011-01-05,26.79,27.08,26.79,27.08,1400
2011-01-06,27.78,27.78,27.78,27.78,100
2011-01-07,27.08,27.08,27.08,27.08,200
2011-01-10,26.79,26.79,26.79,26.79,100
2011-01-11,27.9,27.9,27.9,27.9,100
2011-01-12,26.21,26.21,26.21,26.21,300
2011-01-13,27.84,27.84,27.2,27.32,500
2011-01-14,27.26,27.26,27.26,27.26,200
2011-01-17,28.37,28.37,28.37,28.37,100
2011-01-18,28.37,28.37,28.37,28.37,0
2011-01-19,28.37,28.37,28.37,28.37,0
2011-01-20,27.14,27.14,27.14,27.14,300
2011-01-21,27.08,27.08,26.5,26.5,2100
2011-01-24,28.19,28.19,28.19,28.19,200
2011-01-25,28.19,28.19,28.19,28.19,100
2011-01-26,28.19,28.19,28.19,28.19,0
2011-01-27,28.19,28.19,28.19,28.19,0
2011-01-28,26.5,26.5,26.5,26.5,200
2011-02-08,27.9,27.9,27.9,27.9,100
2011-02-09,26.79,27.38,26.79,27.38,700
2011-02-10,28.19,28.19,27.08,27.32,400
2011-02-11,27.32,27.38,27.32,27.38,500
2011-02-14,27.43,27.43,27.38,27.38,1300
2011-02-15,27.38,27.38,25.98,26.04,25600
2011-02-16,27.2,27.2,25.63,25.63,3500
2011-02-17,27.78,27.78,25.8,25.8,500
2011-02-18,27.55,27.55,27.08,27.08,400
2011-02-21,28.25,28.37,25.34,25.34,3100
2011-02-22,27.03,27.03,25.98,25.98,400
2011-02-23,27.03,27.03,26.44,26.5,1500
2011-02-24,27.32,27.32,26.21,26.21,1400
2011-02-25,27.26,27.26,27.08,27.14,1400
2011-02-28,27.9,27.9,27.9,27.9,200
2011-03-01,28.19,28.19,26.21,26.21,300
2011-03-02,24.99,26.39,24.99,26.39,300
2011-03-03,27.08,27.08,27.08,27.08,100
2011-03-04,27.08,27.08,27.08,27.08,0
2011-03-07,27.08,27.08,27.08,27.08,0
2011-03-08,25.34,25.34,25.34,25.34,300
2011-03-09,27.03,27.03,27.03,27.03,200
2011-03-10,25.16,25.92,25.16,25.92,1000
2011-03-11,26.73,26.73,25.4,25.4,500
2011-03-14,25.4,25.4,25.4,25.4,0
2011-03-15,26.21,26.21,25.05,25.05,1900
2011-03-16,24.23,24.99,24.23,24.99,300
2011-03-17,26.15,26.15,25.05,25.05,400
2011-03-18,24.46,24.46,24.06,24.06,3100
2011-03-21,25.69,25.69,24.46,24.46,1400
2011-03-22,25.57,25.57,24.75,24.75,900
2011-03-23,26.15,26.15,25.05,25.05,300
2011-03-24,26.15,26.15,25.05,25.05,1300
2011-03-25,25.8,26.09,24.46,24.93,1200
2011-03-28,25.57,25.57,24.46,24.52,1600
2011-03-29,25.69,25.69,24.52,24.52,400
2011-03-30,25.69,25.69,24.46,24.52,1700
2011-03-31,25.57,25.57,24.46,24.46,1800
2011-04-01,24.46,24.46,24.46,24.46,0
2011-04-04,23.3,23.3,23.3,23.3,100
2011-04-05,21.67,22.19,21.67,22.13,600
2011-04-06,21.61,22.13,21.61,22.13,500
2011-04-07,21.38,22.13,21.38,22.13,400
2011-04-08,22.13,22.13,20.56,21.96,4000
2011-04-13,21.03,23.3,21.03,23.3,300
2011-04-14,21.2,21.38,21.2,21.38,200
2011-04-15,20.15,22.72,20.15,22.72,300
2011-04-18,20.5,21.84,20.5,21.84,1200
2011-04-19,20.62,21.55,20.62,21.55,1700
2011-04-20,21.55,21.55,20.74,21.55,900
2011-04-21,19.98,21.26,19.98,21.26,1500
2011-04-22,21.09,21.14,21.09,21.09,1500
2011-04-25,19.69,21.14,19.69,21.14,200
2011-04-26,19.75,20.44,19.75,20.44,2300
2011-04-27,19.57,19.8,19.57,19.8,2100
2011-04-28,18.35,19.51,18.35,19.51,1000
2011-04-29,18.06,20.74,18.06,20.74,2000
2011-05-04,20.27,20.27,20.21,20.21,1100
2011-05-05,19.28,19.28,19.28,19.28,200
2011-05-06,18.76,20.39,18.76,20.39,500
2011-05-09,18.11,19.4,18.11,19.4,500
2011-05-10,18.06,19.8,18.06,19.8,1500
2011-05-11,20.91,20.91,20.91,20.91,100
2011-05-12,19.86,19.92,19.86,19.92,1200
2011-05-13,19.98,19.98,19.92,19.92,500
2011-05-16,18.64,19.92,18.64,19.92,1600
2011-05-17,18.99,19.22,18.93,19.22,1100
2011-05-18,17.71,20.04,17.71,19.05,700
2011-05-19,18.11,19.45,18.11,19.45,2100
2011-05-20,18.11,19.34,18.11,19.34,4600
2011-05-23,18.17,18.64,18.11,18.64,900
2011-05-24,17.12,18.06,17.12,18.06,1700
2011-05-25,16.25,18.58,16.25,16.25,7200
2011-05-26,15.61,17.47,15.55,17.47,4900
2011-05-27,14.68,16.66,14.68,16.66,1300
2011-05-30,15.67,16.37,15.67,15.78,1600
2011-05-31,14.85,16.6,14.85,16.6,1500
2011-06-01,15.38,17.42,15.26,15.26,6500
2011-06-02,17.59,17.82,17.59,17.82,2700
2011-06-03,17.06,18.96,17.06,18.96,6900
2011-06-06,17.16,19.68,17.16,19.68,3200
2011-06-07,18.24,20.86,18.24,20.86,5600
2011-06-08,20.32,20.32,20.32,20.32,200
2011-06-09,19.41,20.32,19.41,20.32,2300
2011-06-10,21.49,21.67,20.77,21.67,3400
2011-06-13,20.13,23.02,20.13,20.77,1800
2011-06-14,21.04,22.57,21.04,21.13,3200
2011-06-15,20.86,22.39,20.86,20.95,2600
2011-06-16,22.21,22.21,22.21,22.21,3400
2011-06-17,20.95,21.04,20.86,20.86,4100
2011-06-20,21.94,21.94,20.77,21.85,3400
2011-06-21,20.04,22.21,20.04,22.21,300
2011-06-22,22.84,22.84,20.22,20.22,200
2011-06-23,21.67,21.67,21.67,21.67,1000
2011-06-24,23.02,23.02,20.22,20.41,500
2011-06-27,19.41,19.41,19.41,19.41,2000
2011-06-28,20.32,20.32,20.32,20.32,100
2011-06-29,20.32,20.32,20.32,20.32,0
2011-06-30,20.32,20.32,20.32,20.32,0
2011-07-01,20.32,20.32,20.32,20.32,0
2011-07-04,20.32,20.32,20.32,20.32,0
2011-07-05,20.32,20.32,20.32,20.32,0
2011-07-06,20.5,21.13,20.5,21.13,700
2011-07-07,21.13,21.13,21.13,21.13,300
2011-07-08,22.48,22.48,22.48,22.48,100
2011-07-11,20.95,20.95,20.95,20.95,200
2011-07-12,19.5,19.5,19.5,19.5,400
2011-07-13,19.5,19.5,19.5,19.5,0
2011-07-14,20.59,20.68,20.59,20.68,900
2011-07-15,19.23,19.23,19.23,19.23,100
2011-07-18,18.96,18.96,18.96,18.96,200
2011-07-19,18.96,18.96,18.96,18.96,0
2011-07-20,18.96,18.96,18.96,18.96,0
2011-07-21,20.22,20.22,18.6,18.6,200
2011-07-22,18.96,18.96,18.96,18.96,1000
2011-07-25,18.96,18.96,18.96,18.96,0
2011-07-26,18.96,18.96,18.96,18.96,0
2011-07-27,18.96,18.96,18.96,18.96,0
2011-07-28,20.22,20.22,20.13,20.22,1300
2011-07-29,20.22,20.22,20.22,20.22,0
2011-08-01,20.22,20.22,20.22,20.22,0
2011-08-02,20.22,20.22,20.22,20.22,0
2011-08-03,20.13,20.13,20.13,20.13,2000
2011-08-04,20.13,20.13,20.13,20.13,0
2011-08-05,20.13,20.13,20.13,20.13,0
2011-08-08,20.13,20.13,20.13,20.13,0
2011-08-09,18.78,18.78,18.78,18.78,100
2011-08-10,17.52,17.52,17.52,17.52,300
2011-08-11,18.69,18.69,18.69,18.69,200
2011-08-12,19.77,19.77,19.77,19.77,100
2011-08-15,20.68,20.68,20.68,20.68,100
2011-08-16,21.13,21.13,20.59,20.59,500
2011-08-17,20.59,20.59,19.41,19.41,1100
2011-08-18,19.86,19.86,19.86,19.86,300
2011-08-19,18.96,18.96,18.96,18.96,100
2011-08-22,20.13,20.13,19.86,19.86,200
2011-08-23,20.95,20.95,20.95,20.95,100
2011-08-24,20.95,20.95,20.95,20.95,0
2011-08-25,20.95,20.95,20.95,20.95,0
2011-08-26,19.86,19.86,19.86,19.86,200
2011-08-29,19.86,19.86,19.86,19.86,100
2011-08-30,21.13,21.13,19.86,19.86,2100
2011-08-31,19.86,19.86,19.86,19.86,0
2011-09-01,20.32,20.59,20.32,20.59,1100
2011-09-05,21.49,21.49,19.41,19.77,600
2011-09-06,21.13,21.13,18.51,18.96,1200
2011-09-07,20.32,20.32,18.15,18.96,2300
2011-09-08,18.24,19.77,18.24,18.96,1700
2011-09-09,19.68,19.77,18.69,18.69,1100
2011-09-12,18.15,20.04,18.15,20.04,1600
2011-09-13,20.22,20.32,19.23,19.23,2800
2011-09-14,20.22,20.22,18.96,18.96,6300
2011-09-15,20.22,20.22,18.78,18.78,600
2011-09-16,19.59,19.59,18.69,18.78,400
2011-09-19,18.24,18.78,18.24,18.78,4100
2011-09-20,19.59,19.59,18.96,19.32,3000
2011-09-21,18.78,18.87,18.69,18.69,4100
2011-09-22,18.24,18.78,18.24,18.78,500
2011-09-23,18.15,19.41,18.15,19.32,3800
2011-09-26,17.97,18.87,17.97,18.87,6300
2011-09-27,19.77,19.77,17.88,18.69,7200
2011-09-28,18.33,18.33,18.33,18.33,700
2011-09-29,17.25,19.5,17.25,18.87,600
2011-09-30,17.61,17.7,17.52,17.52,8300
2011-10-03,17.25,17.25,17.25,17.25,300
2011-10-04,18.33,18.33,16.52,17.16,3100
2011-10-05,17.25,17.43,17.25,17.25,1600
2011-10-06,16.79,17.25,16.79,17.16,4800
2011-10-07,16.34,17.16,16.34,17.16,4600
2011-10-10,16.61,17.34,16.61,17.34,2400
2011-10-11,16.79,17.34,16.79,17.25,5900
2011-10-12,18.06,18.06,16.43,17.16,2800
2011-10-13,16.7,17.25,16.7,17.16,1300
2011-10-14,16.79,17.61,16.79,17.61,900
2011-10-17,18.33,18.33,17.43,17.43,3800
2011-10-18,16.88,18.33,16.88,18.24,700
2011-10-19,18.33,18.33,16.88,18.15,500
2011-10-20,16.88,18.51,16.88,18.51,4000
2011-10-21,16.88,19.14,16.88,19.14,8000
2011-10-24,17.79,19.68,17.79,19.68,400
2011-10-25,17.16,19.32,17.16,19.32,4000
2011-10-26,17.7,18.33,17.7,18.33,3700
2011-10-27,16.97,19.05,16.97,19.05,1500
2011-10-28,17.52,18.69,17.52,18.6,700
2011-10-31,18.33,18.6,18.24,18.6,900
2011-11-01,18.42,18.96,18.33,18.96,3000
2011-11-02,17.52,19.14,17.52,19.14,500
2011-11-03,17.16,19.23,17.16,18.96,7000
2011-11-04,18.24,18.24,18.06,18.06,4600
2011-11-07,17.61,18.06,17.61,18.06,800
2011-11-08,18.06,18.06,18.06,18.06,1500
2011-11-09,17.34,18.06,17.25,17.61,2000
2011-11-10,17.25,17.97,17.25,17.61,1800
2011-11-11,17.25,17.79,17.25,17.79,3400
2011-11-14,17.61,17.61,17.52,17.52,3700
2011-11-15,17.52,17.52,17.52,17.52,1500
2011-11-16,18.6,18.6,17.16,17.16,1000
2011-11-17,17.97,17.97,17.97,17.97,200
2011-11-18,16.79,18.87,16.79,17.88,800
2011-11-21,17.88,17.88,17.88,17.88,100
2011-11-22,16.79,17.97,16.79,17.97,2400
2011-11-23,18.15,18.15,16.25,17.06,3800
2011-11-24,15.8,17.88,15.8,16.88,2900
2011-11-25,16.88,16.88,16.88,16.88,0
2011-11-28,17.88,17.88,15.8,16.7,2700
2011-11-29,16.7,16.7,16.7,16.7,0
2011-11-30,15.8,17.88,15.8,17.88,1600
2011-12-01,16.7,16.7,16.7,16.7,1600
2011-12-02,16.7,16.7,16.7,16.7,3000
2011-12-05,16.88,16.88,16.88,16.88,100
2011-12-06,17.88,17.88,16.34,16.88,1300
2011-12-07,17.79,17.79,16.16,16.79,600
2011-12-08,16.88,16.88,16.88,16.88,700
2011-12-09,16.07,16.07,16.07,16.07,100
2011-12-12,17.06,17.16,17.06,17.16,2600
2011-12-13,16.16,16.16,16.16,16.16,100
2011-12-14,16.16,16.16,16.16,16.16,0
2011-12-15,16.61,16.61,16.61,16.61,1000
2011-12-16,16.61,16.61,16.61,16.61,0
2011-12-19,16.25,16.25,16.25,16.25,100
2011-12-20,16.43,16.43,16.34,16.34,900
2011-12-21,15.35,15.35,15.35,15.35,100
2011-12-22,15.8,15.89,15.44,15.44,4300
2011-12-23,15.44,15.44,15.44,15.44,0
2011-12-26,14.9,14.9,14.9,14.9,100
2011-12-27,14.45,14.45,14.45,14.45,500
2011-12-28,13.72,13.72,13.54,13.54,600
2011-12-29,13.54,13.54,13.54,13.54,0
2011-12-30,13.81,13.81,13.72,13.72,600
2012-01-03,13.72,13.72,13.72,13.72,0
2012-01-04,13.72,13.99,13.72,13.99,1400
2012-01-05,13.9,13.9,13.9,13.9,100
2012-01-06,13.9,13.9,13.9,13.9,0
2012-01-09,13.9,13.9,13.9,13.9,0
2012-01-10,13.9,13.9,13.9,13.9,2300
2012-01-11,13.54,13.54,13.54,13.54,400
2012-01-12,13.54,13.54,13.54,13.54,0
2012-01-13,13.54,13.54,13.54,13.54,300
2012-01-16,13.9,13.9,13.9,13.9,200
2012-01-17,13.9,13.9,13.9,13.9,0
2012-01-18,13.9,13.9,13.9,13.9,0
2012-01-19,13.9,13.9,13.9,13.9,2000
2012-01-20,13.9,13.9,13.9,13.9,2000
2012-01-30,14.81,14.81,14.81,14.81,200
2012-01-31,15.71,15.71,15.71,15.71,100
2012-02-01,15.35,15.53,15.35,15.53,300
2012-02-02,14.54,14.54,14.54,14.54,200
2012-02-03,14.09,14.27,14.09,14.09,3200
2012-02-06,13.72,13.72,13.72,13.72,300
2012-02-07,14.63,14.63,14.63,14.63,200
2012-02-08,14.9,15.62,14.9,15.62,5600
2012-02-09,15.35,15.53,14.9,15.53,5300
2012-02-10,15.44,15.44,15.26,15.35,3400
2012-02-13,14.45,15.53,14.45,15.53,4000
2012-02-14,15.53,15.62,15.53,15.53,1800
2012-02-15,15.35,15.62,14.54,15.62,2600
2012-02-16,15.35,15.35,15.35,15.35,800
2012-02-17,15.89,15.89,15.08,15.53,3700
2012-02-20,16.07,16.16,15.53,16.16,3000
2012-02-21,15.35,15.53,15.35,15.53,1500
2012-02-22,14.63,16.16,14.63,15.71,2100
2012-02-23,14.45,15.53,14.45,15.53,1000
2012-02-24,15.62,15.62,15.62,15.62,2700
2012-02-27,15.8,15.8,15.8,15.8,1100
2012-02-28,14.99,14.99,14.99,14.99,600
2012-02-29,14.99,14.99,14.99,14.99,0
2012-03-01,15.35,15.35,15.35,15.35,500
2012-03-02,15.35,15.35,14.9,15.35,3000
2012-03-05,16.07,16.16,16.07,16.16,6600
2012-03-06,15.26,15.26,15.17,15.17,300
2012-03-07,15.17,15.17,15.17,15.17,0
2012-03-08,15.17,15.17,15.17,15.17,0
2012-03-09,15.17,15.17,15.17,15.17,0
2012-03-12,15.35,15.35,15.35,15.35,900
2012-03-13,15.35,15.35,15.35,15.35,0
2012-03-14,15.35,15.35,15.35,15.35,1000
2012-03-15,15.35,15.35,15.35,15.35,0
2012-03-16,15.35,15.35,15.35,15.35,0
2012-03-19,15.35,15.35,15.35,15.35,0
2012-03-20,15.89,15.89,15.89,15.89,200
2012-03-21,15.89,15.89,15.8,15.8,2100
2012-03-22,16.52,16.52,16.52,16.52,100
2012-03-23,16.52,16.52,16.52,16.52,0
2012-03-26,16.52,16.61,16.52,16.61,3500
2012-03-27,16.61,16.61,16.61,16.61,0
2012-03-28,15.53,15.71,15.53,15.71,2000
2012-03-29,15.71,15.71,15.71,15.71,0
2012-03-30,15.71,15.71,15.71,15.71,0
2012-04-03,14.72,14.72,14.72,14.72,1000
2012-04-04,15.35,15.35,15.35,15.35,100
2012-04-05,16.07,16.07,16.07,16.07,100
2012-04-06,16.07,16.07,16.07,16.07,0
2012-04-09,15.08,15.17,15.08,15.08,400
2012-04-10,15.08,15.08,15.08,15.08,0
2012-04-11,15.35,15.35,15.35,15.35,100
2012-04-12,15.35,15.53,15.35,15.53,2600
2012-04-13,15.44,15.89,15.44,15.89,300
2012-04-16,14.9,15.89,14.9,15.17,2200
2012-04-17,15.44,15.53,15.35,15.53,4800
2012-04-18,15.53,15.53,15.53,15.53,400
2012-04-19,15.35,15.35,15.35,15.35,500
2012-04-20,15.35,15.35,15.35,15.35,0
2012-04-23,15.35,15.35,15.35,15.35,0
2012-04-24,15.44,15.62,15.44,15.62,4200
2012-04-25,15.62,15.62,15.62,15.62,1000
2012-04-26,15.35,15.35,15.35,15.35,1600
2012-04-27,15.44,15.8,15.44,15.8,1400
2012-05-02,16.25,16.43,16.25,16.43,1600
2012-05-03,16.7,17.25,15.8,16.79,7600
2012-05-04,16.79,17.16,16.79,17.16,6700
2012-05-07,17.16,17.16,16.97,16.97,1600
2012-05-08,16.88,17.52,16.88,17.52,6200
2012-05-09,18.69,18.69,18.69,18.69,8900
2012-05-10,19.95,19.95,19.95,19.95,6800
2012-05-11,18.96,19.05,18.96,19.05,1100
2012-05-14,18.06,18.06,17.79,17.79,1700
2012-05-15,17.79,17.79,17.79,17.79,0
2012-05-16,16.61,16.61,16.61,16.61,5000
2012-05-17,17.7,17.7,17.7,17.7,1000
2012-05-18,18.06,18.24,18.06,18.24,3100
2012-05-21,18.06,18.06,18.06,18.06,200
2012-05-22,18.24,18.6,18.06,18.6,700
2012-05-23,17.8,17.8,17.3,17.3,5600
2012-05-24,17.3,17.3,17.3,17.3,0
2012-05-25,17.5,17.5,17.5,17.5,1200
2012-05-28,17.5,17.5,17.5,17.5,0
2012-05-29,16.6,17.5,16.6,17.5,200
2012-05-30,17.5,17.5,17.5,17.5,100
2012-05-31,17.5,17.5,17.5,17.5,0
2012-06-01,17.5,17.5,17.5,17.5,0
2012-06-04,17.5,17.5,17.5,17.5,0
2012-06-05,17.5,17.5,17.5,17.5,0
2012-06-06,17.5,17.5,17.5,17.5,0
2012-06-07,17.5,17.5,17.5,17.5,0
2012-06-08,16.4,17.0,16.4,16.6,2300
2012-06-11,16.8,16.8,16.8,16.8,1300
2012-06-12,16.2,17.0,16.2,17.0,4100
2012-06-13,17.0,17.0,17.0,17.0,0
2012-06-14,17.0,17.0,17.0,17.0,0
2012-06-15,18.0,18.0,15.9,15.9,200
2012-06-18,15.9,15.9,15.9,15.9,0
2012-06-19,15.9,15.9,15.9,15.9,0
2012-06-20,15.9,15.9,15.9,15.9,0
2012-06-21,16.0,16.0,16.0,16.0,700
2012-06-22,16.0,16.0,16.0,16.0,100
2012-06-25,16.0,16.0,16.0,16.0,0
2012-06-26,16.0,16.0,16.0,16.0,0
2012-06-27,16.0,16.0,16.0,16.0,0
2012-06-28,16.0,16.0,16.0,16.0,0
2012-06-29,16.0,16.0,16.0,16.0,0
2012-07-02,17.0,17.0,16.5,16.5,7500
2012-07-03,16.0,16.0,16.0,16.0,500
2012-07-04,16.0,16.0,16.0,16.0,0
2012-07-05,16.0,16.0,16.0,16.0,0
2012-07-06,16.0,16.0,16.0,16.0,2000
2012-07-09,15.5,15.5,15.3,15.3,3000
2012-07-10,14.3,14.6,14.3,14.6,600
2012-07-11,14.6,14.6,14.6,14.6,0
2012-07-12,14.4,15.6,14.4,15.6,200
2012-07-13,15.6,15.6,15.6,15.6,0
2012-07-16,15.6,15.6,15.6,15.6,0
2012-07-17,15.6,15.6,15.6,15.6,400
2012-07-18,15.0,16.6,15.0,16.6,4200
2012-07-19,15.5,17.0,15.5,17.0,200
2012-07-20,17.0,17.9,16.6,16.6,3700
2012-07-23,16.6,16.6,16.5,16.5,900
2012-07-24,16.0,16.0,15.6,15.6,2600
2012-07-25,15.3,15.3,15.0,15.0,2700
2012-07-26,15.0,15.0,15.0,15.0,0
2012-07-27,15.0,15.0,15.0,15.0,0
2012-07-30,15.0,15.0,15.0,15.0,1000
2012-07-31,14.3,14.4,14.3,14.4,900
2012-08-01,14.4,14.4,14.4,14.4,0
2012-08-02,14.0,15.3,14.0,15.3,1600
2012-08-03,15.3,15.3,15.0,15.0,2100
2012-08-06,14.8,16.0,14.8,16.0,1900
2012-08-07,16.0,16.0,16.0,16.0,0
2012-08-08,16.0,16.0,16.0,16.0,0
2012-08-09,14.9,14.9,14.9,14.9,100
2012-08-10,14.8,14.8,14.5,14.5,2000
2012-08-13,14.2,14.2,14.0,14.0,2800
2012-08-14,14.0,14.9,13.6,13.8,800
2012-08-15,14.0,14.0,14.0,14.0,100
2012-08-16,14.0,14.0,14.0,14.0,0
2012-08-17,14.0,14.0,14.0,14.0,0
2012-08-20,14.0,14.7,14.0,14.0,400
2012-08-21,14.0,14.0,14.0,14.0,0
2012-08-22,14.0,14.0,14.0,14.0,0
2012-08-23,14.0,14.0,14.0,14.0,0
2012-08-24,14.0,14.0,14.0,14.0,0
2012-08-27,14.0,14.0,14.0,14.0,0
2012-08-28,14.0,14.0,14.0,14.0,0
2012-08-29,14.0,14.0,14.0,14.0,0
2012-08-30,14.0,14.0,14.0,14.0,0
2012-08-31,14.0,14.0,14.0,14.0,0
2012-09-04,14.0,14.0,14.0,14.0,0
2012-09-05,14.3,14.3,14.3,14.3,100
2012-09-06,14.5,14.5,14.3,14.3,6700
2012-09-07,14.3,14.3,14.3,14.3,200
2012-09-10,14.3,14.3,14.3,14.3,0
2012-09-11,14.3,14.3,14.3,14.3,0
2012-09-12,14.3,14.3,14.3,14.3,0
2012-09-13,14.3,14.3,14.3,14.3,0
2012-09-14,14.3,14.3,14.3,14.3,0
2012-09-17,14.3,14.3,14.3,14.3,0
2012-09-18,14.3,14.3,14.3,14.3,0
2012-09-19,14.3,14.3,14.3,14.3,0
2012-09-20,14.0,14.0,14.0,14.0,500
2012-09-21,14.0,14.0,13.9,14.0,900
2012-09-24,14.0,14.0,14.0,14.0,0
2012-09-25,14.0,14.0,14.0,14.0,0
2012-09-26,13.9,13.9,13.9,13.9,1400
2012-09-27,13.9,13.9,13.9,13.9,0
2012-09-28,13.7,13.7,13.7,13.7,2000
2012-10-01,13.7,13.7,13.7,13.7,0
2012-10-02,13.7,13.7,13.7,13.7,0
2012-10-03,13.7,13.7,13.7,13.7,0
2012-10-04,13.7,13.7,13.7,13.7,0
2012-10-05,13.7,13.7,13.7,13.7,0
2012-10-08,13.7,13.7,13.7,13.7,0
2012-10-09,13.7,13.7,13.7,13.7,0
2012-10-10,13.7,13.7,13.7,13.7,0
2012-10-11,13.7,13.7,13.7,13.7,0
2012-10-12,13.7,13.7,13.7,13.7,0
2012-10-15,13.7,13.7,13.7,13.7,0
2012-10-16,14.5,14.5,14.5,14.5,100
2012-10-17,14.5,14.5,14.5,14.5,0
2012-10-18,14.5,14.5,14.5,14.5,0
2012-10-19,14.5,14.5,14.5,14.5,0
2012-10-22,14.5,14.5,14.5,14.5,0
2012-10-23,14.5,14.5,14.5,14.5,0
2012-10-24,14.5,14.5,14.5,14.5,0
2012-10-25,14.5,14.5,14.5,14.5,0
2012-10-26,14.5,14.5,14.5,14.5,0
2012-10-29,14.5,14.5,14.5,14.5,0
2012-10-30,14.5,14.5,14.5,14.5,0
2012-10-31,14.5,14.5,14.5,14.5,0
2012-11-01,14.5,14.5,14.5,14.5,0
2012-11-02,14.5,14.5,14.5,14.5,0
2012-11-05,15.3,15.3,15.3,15.3,100
2012-11-06,15.3,15.3,15.3,15.3,0
2012-11-07,15.3,15.3,15.3,15.3,0
2012-11-08,15.3,15.3,15.3,15.3,0
2012-11-09,15.3,15.3,15.3,15.3,0
2012-11-12,15.3,15.3,15.3,15.3,0
2012-11-13,15.3,15.3,15.3,15.3,0
2012-11-14,15.3,15.3,15.3,15.3,0
2012-11-15,15.3,15.3,15.3,15.3,0
2012-11-16,15.3,15.3,15.3,15.3,0
2012-11-19,15.3,15.3,15.3,15.3,0
2012-11-20,15.3,15.3,15.3,15.3,0
2012-11-21,15.3,15.3,15.3,15.3,0
2012-11-22,15.3,15.3,15.3,15.3,0
2012-11-23,15.3,15.3,15.3,15.3,0
2012-11-26,15.3,15.3,15.3,15.3,0
2012-11-27,15.3,15.3,15.3,15.3,0
2012-11-28,15.3,15.3,15.3,15.3,0
2012-11-29,15.3,15.3,15.3,15.3,0
2012-11-30,15.3,15.3,15.3,15.3,0
2012-12-03,15.3,15.3,15.3,15.3,0
2012-12-04,15.3,15.3,15.3,15.3,0
2012-12-05,14.3,14.3,14.3,14.3,100
2012-12-06,13.3,13.3,13.3,13.3,100
2012-12-07,13.3,13.3,13.3,13.3,0
2012-12-10,13.3,13.3,13.3,13.3,0
2012-12-11,12.4,12.4,12.4,12.4,200
2012-12-12,12.4,12.4,12.4,12.4,0
2012-12-13,12.4,12.4,12.4,12.4,0
2012-12-14,12.4,12.4,12.4,12.4,0
2012-12-17,12.4,12.4,12.4,12.4,0
2012-12-18,11.6,11.6,11.6,11.6,1100
2012-12-19,11.6,11.6,11.6,11.6,0
2012-12-20,11.6,11.6,11.6,11.6,0
2012-12-21,11.6,11.6,11.6,11.6,0
2012-12-24,11.6,11.6,11.6,11.6,0
2012-12-25,11.6,11.6,11.6,11.6,0
2012-12-26,11.6,11.6,11.6,11.6,0
2012-12-27,11.6,11.6,11.6,11.6,0
2012-12-28,11.6,11.6,11.6,11.6,0
2013-01-02,11.6,11.6,11.6,11.6,0
2013-01-03,11.6,11.6,11.6,11.6,0
2013-01-04,11.6,11.6,11.6,11.6,0
2013-01-07,11.6,11.6,11.6,11.6,0
2013-01-08,11.6,11.6,11.6,11.6,900
2013-01-09,11.6,11.6,11.6,11.6,300
2013-01-10,11.6,11.6,11.6,11.6,1000
2013-01-11,11.6,11.6,11.6,11.6,800
2013-01-14,12.3,12.3,12.3,12.3,100
2013-01-15,12.3,12.3,12.3,12.3,0
2013-01-16,12.3,13.4,12.2,13.4,14900
2013-01-17,12.0,12.0,11.5,11.5,6000
2013-01-18,12.0,12.0,12.0,12.0,100
2013-01-21,11.7,11.7,11.7,11.7,100
2013-01-22,11.7,11.7,11.7,11.7,700
2013-01-23,11.7,11.7,11.6,11.6,8000
2013-01-24,11.6,11.6,11.6,11.6,6400
2013-01-25,11.7,11.8,11.6,11.6,7100
2013-01-28,10.5,10.6,10.5,10.6,500
2013-01-29,10.0,10.0,10.0,10.0,200
2013-01-30,10.0,10.0,10.0,10.0,0
2013-01-31,11.0,11.0,11.0,11.0,100
2013-02-01,11.0,11.0,11.0,11.0,0
2013-02-04,11.0,11.0,11.0,11.0,0
2013-02-05,11.0,11.0,11.0,11.0,0
2013-02-06,11.0,11.0,11.0,11.0,0
2013-02-07,11.5,11.7,11.5,11.7,1800
2013-02-08,12.2,12.8,12.2,12.8,6200
2013-02-18,14.0,14.0,14.0,14.0,100
2013-02-19,14.8,14.8,14.8,14.8,100
2013-02-20,14.8,14.8,14.8,14.8,0
2013-02-21,14.8,14.8,14.8,14.8,0
2013-02-22,14.8,14.8,14.8,14.8,0
2013-02-25,14.0,14.0,14.0,14.0,300
2013-02-26,13.0,13.0,13.0,13.0,300
2013-02-27,13.0,13.0,13.0,13.0,0
2013-02-28,13.0,13.0,13.0,13.0,300
2013-03-01,13.0,13.0,13.0,13.0,400
2013-03-04,13.0,13.0,13.0,13.0,0
2013-03-05,12.5,12.5,12.5,12.5,100
2013-03-06,12.5,12.5,12.5,12.5,0
2013-03-07,12.5,12.5,12.5,12.5,1900
2013-03-08,12.5,12.5,12.5,12.5,0
2013-03-11,11.5,12.0,11.5,12.0,1200
2013-03-12,12.0,12.0,12.0,12.0,600
2013-03-13,12.0,12.0,12.0,12.0,0
2013-03-14,12.0,12.0,12.0,12.0,300
2013-03-15,12.0,12.0,12.0,12.0,0
2013-03-18,12.0,12.0,12.0,12.0,500
2013-03-19,12.0,12.0,12.0,12.0,700
2013-03-20,13.0,13.0,13.0,13.0,2000
2013-03-21,12.9,12.9,12.5,12.5,1400
2013-03-22,12.2,12.2,12.0,12.0,2000
2013-03-25,12.1,12.1,12.0,12.0,6300
2013-03-26,12.0,12.0,12.0,12.0,0
2013-03-27,12.0,12.0,12.0,12.0,0
2013-03-28,12.0,12.0,12.0,12.0,0
2013-03-29,12.0,12.0,12.0,12.0,0
2013-04-01,12.0,12.0,12.0,12.0,0
2013-04-02,12.0,12.0,12.0,12.0,0
2013-04-03,12.0,12.0,12.0,12.0,0
2013-04-04,12.0,12.0,12.0,12.0,0
2013-04-05,12.0,12.0,12.0,12.0,0
2013-04-08,12.0,12.0,12.0,12.0,0
2013-04-09,11.7,11.7,11.7,11.7,700
2013-04-10,11.7,11.7,11.7,11.7,0
2013-04-11,11.7,11.7,11.7,11.7,0
2013-04-12,11.7,11.7,11.7,11.7,0
2013-04-15,11.7,11.7,11.7,11.7,0
2013-04-16,11.7,11.7,11.7,11.7,0
2013-04-17,11.7,11.7,11.7,11.7,0
2013-04-18,11.7,11.7,11.7,11.7,0
2013-04-22,11.7,11.7,11.7,11.7,0
2013-04-23,11.7,11.7,11.7,11.7,700
2013-04-24,11.7,11.7,11.7,11.7,0
2013-04-25,11.7,11.7,11.7,11.7,0
2013-04-26,11.7,11.7,11.7,11.7,0
2013-05-02,11.7,11.7,11.7,11.7,0
2013-05-03,11.7,11.7,11.7,11.7,0
2013-05-06,11.7,11.7,11.7,11.7,0
2013-05-07,11.0,11.0,11.0,11.0,500
2013-05-08,11.0,11.0,11.0,11.0,0
2013-05-09,11.0,11.0,11.0,11.0,0
2013-05-10,11.0,11.0,11.0,11.0,100
2013-05-13,11.0,11.0,11.0,11.0,0
2013-05-14,11.0,11.0,11.0,11.0,0
2013-05-15,11.0,11.0,11.0,11.0,0
2013-05-16,11.0,11.0,11.0,11.0,0
2013-05-17,11.0,11.0,11.0,11.0,0
2013-05-20,10.5,10.5,10.5,10.5,100
2013-05-21,10.5,10.5,10.5,10.5,0
2013-05-22,10.5,10.5,10.5,10.5,0
2013-05-23,10.5,10.5,10.5,10.5,0
2013-05-24,10.5,10.5,10.5,10.5,0
2013-05-27,10.5,10.5,10.5,10.5,0
2013-05-28,10.5,10.5,10.5,10.5,0
2013-05-29,10.5,10.5,10.5,10.5,0
2013-05-30,10.5,10.5,10.5,10.5,100
2013-05-31,10.2,10.2,10.2,10.2,3600
2013-06-03,10.2,10.2,10.2,10.2,0
2013-06-04,10.2,10.2,10.2,10.2,0
2013-06-05,10.2,10.2,10.2,10.2,100
2013-06-06,9.8,9.8,9.8,9.8,100
2013-06-07,10.0,10.0,9.8,10.0,1600
2013-06-10,9.8,10.0,9.3,10.0,4100
2013-06-11,9.4,9.4,9.3,9.3,9800
2013-06-12,9.3,9.3,9.3,9.3,0
2013-06-13,9.3,9.3,9.3,9.3,0
2013-06-14,9.3,9.3,9.3,9.3,100
2013-06-17,9.3,9.3,9.3,9.3,0
2013-06-18,9.3,9.3,9.3,9.3,0
2013-06-19,9.3,9.3,9.3,9.3,0
2013-06-20,9.5,9.5,9.5,9.5,500
2013-06-21,9.5,9.5,9.5,9.5,0
2013-06-24,9.5,9.5,9.5,9.5,0
2013-06-25,10.0,10.0,10.0,10.0,2300
2013-06-26,10.0,10.0,10.0,10.0,0
2013-06-27,10.0,10.0,10.0,10.0,0
2013-06-28,10.0,10.0,10.0,10.0,0
2013-07-01,9.0,10.1,9.0,10.1,300
2013-07-02,10.1,10.1,10.1,10.1,0
2013-07-03,10.5,10.5,9.3,9.3,200
2013-07-04,10.2,10.2,10.2,10.2,100
2013-07-05,10.2,10.2,10.2,10.2,0
2013-07-08,10.2,10.2,10.2,10.2,0
2013-07-09,10.5,10.5,10.5,10.5,100
2013-07-10,11.0,11.0,9.8,9.8,1100
2013-07-11,9.8,9.8,9.8,9.8,0
2013-07-12,10.3,10.3,10.3,10.3,100
2013-07-15,10.5,10.5,10.5,10.5,200
2013-07-16,10.5,10.5,10.5,10.5,0
2013-07-17,10.5,10.5,10.5,10.5,700
2013-07-18,10.5,10.5,10.5,10.5,3200
2013-07-19,10.5,10.5,10.5,10.5,1700
2013-07-22,10.5,10.5,10.5,10.5,2800
2013-07-23,10.5,10.5,10.5,10.5,0
2013-07-24,10.3,10.3,10.2,10.2,1300
2013-07-25,9.6,9.6,9.6,9.6,100
2013-07-26,9.6,9.6,9.6,9.6,0
2013-07-29,10.0,10.0,9.6,9.6,700
2013-07-30,9.8,9.8,9.8,9.8,2500
2013-07-31,9.8,9.8,9.8,9.8,0
2013-08-01,9.8,9.8,9.8,9.8,0
2013-08-02,9.8,9.8,9.8,9.8,0
2013-08-05,10.0,10.0,10.0,10.0,100
2013-08-06,10.0,10.0,10.0,10.0,0
2013-08-07,10.0,10.0,10.0,10.0,0
2013-08-08,10.1,10.1,10.1,10.1,500
2013-08-09,10.1,10.1,10.1,10.1,700
2013-08-12,10.1,10.1,10.1,10.1,0
2013-08-13,10.1,10.1,10.1,10.1,0
2013-08-14,10.1,10.1,10.1,10.1,0
2013-08-15,10.2,10.2,10.2,10.2,600
2013-08-16,10.2,10.2,10.2,10.2,0
2013-08-19,10.2,10.2,10.2,10.2,0
2013-08-20,10.2,10.2,10.2,10.2,0
2013-08-21,10.2,10.2,10.2,10.2,0
2013-08-22,10.2,10.2,10.2,10.2,1200
2013-08-23,10.2,10.2,10.2,10.2,2000
2013-08-26,10.2,10.2,10.2,10.2,0
2013-08-27,10.2,10.2,10.2,10.2,0
2013-08-28,10.2,10.2,10.2,10.2,0
2013-08-29,10.2,10.2,10.2,10.2,0
2013-08-30,10.2,10.2,10.2,10.2,100
2013-09-03,10.2,10.2,10.2,10.2,1000
2013-09-04,10.2,10.2,10.2,10.2,0
2013-09-05,10.2,10.2,10.2,10.2,0
2013-09-06,10.2,10.2,10.2,10.2,0
2013-09-09,10.2,10.2,10.2,10.2,100
2013-09-10,10.2,10.2,10.2,10.2,200
2013-09-11,10.2,10.2,10.2,10.2,0
2013-09-12,10.2,10.2,10.2,10.2,0
2013-09-13,10.2,10.2,10.2,10.2,0
2013-09-16,10.2,10.2,10.2,10.2,0
2013-09-17,10.2,10.2,10.2,10.2,0
2013-09-18,10.2,10.2,10.2,10.2,0
2013-09-19,10.2,10.2,10.2,10.2,0
2013-09-20,10.0,10.0,10.0,10.0,2700
2013-09-23,10.0,10.0,10.0,10.0,0
2013-09-24,10.0,10.0,10.0,10.0,0
2013-09-25,10.0,10.0,10.0,10.0,100
2013-09-26,10.0,10.0,10.0,10.0,0
2013-09-27,10.0,10.0,10.0,10.0,0
2013-09-30,10.0,10.0,10.0,10.0,0
2013-10-01,10.0,10.0,10.0,10.0,0
2013-10-02,10.0,10.0,10.0,10.0,600
2013-10-03,10.0,10.0,10.0,10.0,100
2013-10-04,10.0,10.0,10.0,10.0,0
2013-10-07,10.0,10.0,10.0,10.0,100
2013-10-08,9.1,9.1,9.1,9.1,100
2013-10-09,9.1,9.1,9.1,9.1,100
2013-10-10,9.6,9.6,9.6,9.6,100
2013-10-11,9.6,9.6,9.6,9.6,0
2013-10-14,10.3,10.3,10.3,10.3,1100
2013-10-15,10.3,10.3,10.3,10.3,0
2013-10-16,10.5,10.5,10.5,10.5,3200
2013-10-17,10.5,10.5,10.5,10.5,0
2013-10-18,10.5,10.5,10.5,10.5,0
2013-10-21,10.5,10.6,10.0,10.6,2200
2013-10-22,10.6,10.6,10.6,10.6,0
2013-10-23,10.5,10.5,10.5,10.5,4000
2013-10-24,10.5,10.5,10.5,10.5,0
2013-10-25,10.5,10.5,10.5,10.5,2000
2013-10-28,10.5,10.5,10.5,10.5,1000
2013-10-29,10.5,10.5,10.5,10.5,0
2013-10-30,10.5,10.5,10.5,10.5,0
2013-10-31,10.5,10.5,10.5,10.5,0
2013-11-01,10.5,10.5,10.5,10.5,400
2013-11-04,10.5,10.5,10.5,10.5,0
2013-11-05,10.5,10.5,10.5,10.5,0
2013-11-06,10.5,10.5,10.5,10.5,0
2013-11-07,10.5,10.5,10.5,10.5,100
2013-11-08,10.3,10.3,10.3,10.3,2000
2013-11-11,10.3,10.3,10.3,10.3,0
2013-11-12,9.5,9.5,9.5,9.5,100
2013-11-13,9.5,9.5,9.5,9.5,0
2013-11-14,8.7,10.4,8.7,10.4,400
2013-11-15,10.3,11.0,10.3,11.0,1600
2013-11-18,11.0,11.0,11.0,11.0,0
2013-11-19,12.0,12.0,12.0,12.0,100
2013-11-20,11.0,13.0,11.0,13.0,5668
2013-11-21,13.0,13.0,13.0,13.0,0
2013-11-22,13.0,13.0,13.0,13.0,0
2013-11-25,12.0,12.0,11.7,11.7,1100
2013-11-26,11.0,11.1,11.0,11.0,1600
2013-11-27,11.0,11.0,11.0,11.0,0
2013-11-28,11.0,11.0,11.0,11.0,30
2013-11-29,11.0,11.0,11.0,11.0,0
2013-12-02,11.0,11.0,11.0,11.0,0
2013-12-03,11.0,11.0,11.0,11.0,0
2013-12-04,9.9,11.8,9.9,11.8,500
2013-12-05,11.8,11.8,11.8,11.8,0
2013-12-06,11.1,11.1,11.1,11.1,102
2013-12-09,11.1,11.1,11.1,11.1,0
2013-12-10,11.1,11.1,11.1,11.1,0
2013-12-11,11.1,11.1,11.0,11.1,700
2013-12-12,11.0,11.0,11.0,11.0,500
2013-12-13,11.0,11.0,11.0,11.0,0
2013-12-16,11.0,11.0,11.0,11.0,0
2013-12-17,11.8,11.8,11.5,11.5,2700
2013-12-18,11.5,11.5,11.5,11.5,300
2013-12-19,12.4,12.4,12.4,12.4,100
2013-12-20,12.4,12.4,12.4,12.4,100
2013-12-23,12.4,12.4,12.4,12.4,0
2013-12-24,12.4,12.4,12.4,12.4,0
2013-12-25,11.8,11.8,11.2,11.2,2300
2013-12-26,11.2,11.2,11.2,11.2,4100
2013-12-27,11.4,11.4,11.4,11.4,2400
2013-12-30,11.4,11.4,11.4,11.4,0
2013-12-31,11.4,11.4,11.4,11.4,0
2014-01-02,11.4,11.4,11.4,11.4,100
2014-01-03,11.4,11.4,11.4,11.4,0
2014-01-06,11.4,11.4,11.4,11.4,0
2014-01-07,11.4,11.4,11.4,11.4,100
2014-01-08,11.4,11.4,11.4,11.4,0
2014-01-09,12.3,12.3,12.3,12.3,200
2014-01-10,13.3,13.3,13.3,13.3,100
2014-01-13,13.3,13.3,13.3,13.3,0
2014-01-14,13.3,13.3,13.3,13.3,100
2014-01-15,13.3,13.3,13.3,13.3,0
2014-01-16,13.3,13.3,13.3,13.3,0
2014-01-17,13.3,13.3,13.3,13.3,0
2014-01-20,12.1,12.1,12.0,12.0,500
2014-01-21,11.2,11.2,11.2,11.2,700
2014-01-22,11.2,11.2,11.2,11.2,0
2014-01-23,11.2,11.2,11.2,11.2,100
2014-01-24,11.3,11.3,11.3,11.3,100
2014-01-27,11.3,11.3,11.3,11.3,0
2014-02-06,11.3,11.3,10.8,10.8,200
2014-02-07,10.8,10.8,10.8,10.8,0
2014-02-10,10.8,10.8,10.8,10.8,0
2014-02-11,10.8,10.8,10.8,10.8,0
2014-02-12,10.8,10.8,10.8,10.8,0
2014-02-13,10.8,10.8,10.8,10.8,0
2014-02-14,11.0,11.0,11.0,11.0,200
2014-02-17,11.0,11.0,10.8,10.8,14400
2014-02-18,10.7,11.0,10.7,10.7,14500
2014-02-19,10.7,10.7,10.7,10.7,3600
2014-02-20,11.0,11.0,11.0,11.0,100
2014-02-21,11.0,11.0,11.0,11.0,0
2014-02-24,11.0,11.0,11.0,11.0,0
2014-02-25,11.0,11.0,11.0,11.0,0
2014-02-26,11.0,11.0,11.0,11.0,0
2014-02-27,11.0,11.0,11.0,11.0,0
2014-02-28,11.0,11.0,11.0,11.0,0
2014-03-03,10.8,11.0,10.8,11.0,500
2014-03-04,11.0,11.0,11.0,11.0,0
2014-03-05,11.0,11.0,11.0,11.0,55
2014-03-06,11.0,11.0,11.0,11.0,1500
2014-03-07,11.0,11.0,11.0,11.0,323
2014-03-10,11.0,11.0,11.0,11.0,0
2014-03-11,12.0,12.0,12.0,12.0,119
2014-03-12,12.0,12.0,12.0,12.0,10
2014-03-13,12.0,12.0,12.0,12.0,0
2014-03-14,12.0,12.0,12.0,12.0,0
2014-03-17,12.0,13.2,12.0,13.2,8103
2014-03-18,13.9,14.5,13.9,14.5,5400
2014-03-19,13.9,15.0,13.9,15.0,1400
2014-03-20,15.0,15.0,14.0,14.0,7200
2014-03-21,14.2,14.2,14.0,14.0,9000
2014-03-24,14.0,14.1,14.0,14.1,2300
2014-03-25,14.1,14.1,14.1,14.1,0
2014-03-26,13.0,13.0,13.0,13.0,100
2014-03-27,13.0,13.0,13.0,13.0,0
2014-03-28,13.0,13.0,13.0,13.0,0
2014-03-31,13.0,13.0,13.0,13.0,2000
2014-04-01,13.0,13.0,13.0,13.0,0
2014-04-02,13.0,13.0,13.0,13.0,0
2014-04-03,13.0,13.0,13.0,13.0,0
2014-04-04,13.0,13.0,13.0,13.0,0
2014-04-07,13.0,13.0,13.0,13.0,0
2014-04-08,13.0,13.0,13.0,13.0,0
2014-04-10,13.0,13.0,13.0,13.0,0
2014-04-11,13.0,13.0,13.0,13.0,0
2014-04-14,13.0,13.0,13.0,13.0,0
2014-04-15,13.0,13.0,13.0,13.0,0
2014-04-16,13.0,13.0,13.0,13.0,0
2014-04-17,13.0,13.0,13.0,13.0,0
2014-04-18,13.0,13.0,13.0,13.0,0
2014-04-21,13.0,13.0,13.0,13.0,0
2014-04-22,13.0,13.0,13.0,13.0,0
2014-04-23,13.0,13.0,13.0,13.0,0
2014-04-24,13.0,13.0,13.0,13.0,0
2014-04-25,13.0,13.0,13.0,13.0,0
2014-04-28,13.0,13.0,13.0,13.0,0
2014-04-29,13.0,13.0,13.0,13.0,0
2014-05-05,13.0,13.0,13.0,13.0,0
2014-05-06,13.0,13.0,13.0,13.0,0
2014-05-07,13.0,13.0,13.0,13.0,0
2014-05-08,11.7,11.7,11.7,11.7,200
2014-05-09,11.7,11.7,11.7,11.7,0
2014-05-12,11.7,11.7,11.7,11.7,0
2014-05-13,11.7,11.7,11.7,11.7,0
2014-05-14,11.7,11.7,11.7,11.7,0
2014-05-15,12.0,12.0,12.0,12.0,200
2014-05-16,12.0,12.0,12.0,12.0,0
2014-05-19,11.5,11.5,10.8,10.8,400
2014-05-20,10.4,10.4,9.8,9.8,4500
2014-05-21,9.8,9.8,9.8,9.8,300
2014-05-22,10.0,10.0,9.8,9.8,2000
2014-05-23,9.8,9.8,9.8,9.8,4400
2014-05-26,9.8,9.8,9.8,9.8,0
2014-05-27,9.8,9.8,9.8,9.8,0
2014-05-28,9.7,9.7,9.7,9.7,100
2014-05-29,9.7,9.7,9.7,9.7,6700
2014-05-30,9.7,9.7,9.7,9.7,0
2014-06-02,9.7,9.7,9.7,9.7,0
2014-06-03,9.6,9.6,9.6,9.6,11000
2014-06-04,9.5,9.5,9.5,9.5,10800
2014-06-05,9.6,9.6,9.6,9.6,600
2014-06-06,9.6,9.6,9.6,9.6,0
2014-06-09,9.6,9.7,9.6,9.7,2000
2014-06-10,9.7,9.7,9.7,9.7,1000
2014-06-11,9.6,9.7,9.6,9.7,14000
2014-06-12,9.7,9.7,9.7,9.7,5500
2014-06-13,9.8,9.8,9.8,9.8,2000
2014-06-16,9.8,9.8,9.8,9.8,0
2014-06-17,9.8,9.8,9.8,9.8,2000
2014-06-18,9.9,9.9,9.9,9.9,1500
2014-06-19,9.8,9.8,9.8,9.8,3080
2014-06-20,9.8,9.8,9.8,9.8,12
2014-06-23,9.8,9.8,9.8,9.8,0
2014-06-24,9.8,9.8,9.8,9.8,0
2014-06-25,9.8,9.8,9.8,9.8,0
2014-06-26,9.8,9.8,9.8,9.8,0
2014-06-27,9.8,9.8,9.8,9.8,5500
2014-06-30,9.8,9.8,9.8,9.8,6700
2014-07-01,9.8,9.8,9.8,9.8,8
2014-07-02,9.8,9.8,9.8,9.8,400
2014-07-03,10.0,10.0,10.0,10.0,1000
2014-07-04,9.8,10.0,9.8,10.0,1100
2014-07-07,10.0,10.0,10.0,10.0,400
2014-07-08,10.0,10.0,10.0,10.0,0
2014-07-09,10.0,10.0,10.0,10.0,0
2014-07-10,10.0,10.0,10.0,10.0,0
2014-07-11,9.8,9.8,9.8,9.8,14900
2014-07-14,9.8,9.8,9.8,9.8,0
2014-07-15,9.8,9.8,9.8,9.8,3000
2014-07-16,9.8,9.8,9.8,9.8,0
2014-07-17,9.8,9.8,9.8,9.8,0
2014-07-18,9.8,9.8,9.8,9.8,0
2014-07-21,9.8,9.8,9.7,9.7,1100
2014-07-22,9.7,9.7,9.7,9.7,0
2014-07-23,9.7,9.7,9.7,9.7,0
2014-07-24,9.7,9.7,9.7,9.7,0
2014-07-25,10.3,10.3,10.3,10.3,100
2014-07-28,10.3,10.3,10.3,10.3,0
2014-07-29,10.3,10.3,10.3,10.3,0
2014-07-30,10.3,10.3,10.3,10.3,0
2014-07-31,10.3,10.3,10.3,10.3,0
2014-08-01,9.8,9.8,9.8,9.8,600
2014-08-04,10.4,10.4,9.9,10.4,1400
2014-08-05,10.4,10.4,10.4,10.4,0
2014-08-06,10.4,10.4,10.4,10.4,0
2014-08-07,11.4,11.4,11.4,11.4,100
2014-08-08,12.3,12.3,12.3,12.3,100
2014-08-11,12.3,12.3,12.3,12.3,0
2014-08-12,12.3,12.3,12.3,12.3,0
2014-08-13,13.3,13.3,13.3,13.3,150
2014-08-14,13.3,13.3,13.3,13.3,0
2014-08-15,13.3,13.3,13.3,13.3,50
2014-08-18,13.3,13.3,13.3,13.3,0
2014-08-19,13.3,13.3,13.3,13.3,0
2014-08-20,13.3,13.3,13.3,13.3,0
2014-08-21,13.3,13.3,13.3,13.3,0
2014-08-22,13.3,13.3,13.3,13.3,0
2014-08-25,13.3,13.3,13.3,13.3,300
2014-08-26,13.3,13.3,13.3,13.3,0
2014-08-27,13.3,13.3,13.3,13.3,0
2014-08-28,13.3,13.3,13.3,13.3,0
2014-08-29,13.3,13.3,13.3,13.3,0
2014-09-03,13.3,13.3,13.3,13.3,0
2014-09-04,13.3,13.3,13.3,13.3,0
2014-09-05,13.3,13.3,13.3,13.3,0
2014-09-08,13.3,13.3,13.3,13.3,0
2014-09-09,13.3,13.3,13.3,13.3,0
2014-09-10,13.3,13.3,13.3,13.3,0
2014-09-11,13.3,13.3,13.3,13.3,0
2014-09-12,13.3,13.3,13.3,13.3,0
2014-09-15,13.3,13.3,13.3,13.3,0
2014-09-16,12.0,12.0,12.0,12.0,100
2014-09-17,12.0,12.0,12.0,12.0,0
2014-09-18,11.2,11.2,11.2,11.2,1100
2014-09-19,11.0,11.0,10.5,10.5,6500
2014-09-22,10.5,10.6,10.5,10.5,12200
2014-09-23,10.2,10.2,10.0,10.0,10400
2014-09-24,10.0,10.0,10.0,10.0,0
2014-09-25,10.1,10.1,10.1,10.1,2500
2014-09-26,10.1,10.1,10.1,10.1,0
2014-09-29,10.1,10.1,10.1,10.1,0
2014-09-30,10.1,10.1,10.1,10.1,100
2014-10-01,10.1,10.1,10.1,10.1,0
2014-10-02,10.1,10.1,10.1,10.1,100
2014-10-03,10.3,10.3,10.3,10.3,1000
2014-10-06,10.3,10.3,10.3,10.3,0
2014-10-07,10.3,10.3,10.3,10.3,0
2014-10-08,10.3,10.3,10.3,10.3,1000
2014-10-09,10.3,10.3,10.3,10.3,0
2014-10-10,10.3,10.3,10.3,10.3,0
2014-10-13,10.3,10.3,10.3,10.3,32
2014-10-14,11.3,11.3,11.3,11.3,237
2014-10-15,11.3,11.3,11.3,11.3,0
2014-10-16,11.3,11.3,11.3,11.3,0
2014-10-17,10.4,10.4,10.2,10.3,1531
2014-10-20,10.3,10.3,10.3,10.3,0
2014-10-21,10.3,10.3,10.3,10.3,0
2014-10-22,10.1,10.1,10.1,10.1,100
2014-10-23,10.1,10.1,10.1,10.1,0
2014-10-24,10.1,10.1,10.1,10.1,0
2014-10-27,10.1,10.1,10.0,10.0,4500
2014-10-28,10.0,10.0,10.0,10.0,300
2014-10-29,10.0,10.0,10.0,10.0,0
2014-10-30,11.0,11.0,11.0,11.0,3500
2014-10-31,10.9,11.0,10.9,11.0,4100
2014-11-03,11.0,11.1,11.0,11.1,700
2014-11-04,11.1,11.1,11.1,11.1,0
2014-11-05,11.1,11.1,11.1,11.1,0
2014-11-06,11.1,11.1,11.1,11.1,0
2014-11-07,11.1,11.1,11.1,11.1,0
2014-11-10,11.0,11.0,11.0,11.0,3500
2014-11-11,11.0,11.0,11.0,11.0,0
2014-11-12,11.0,11.0,11.0,11.0,0
2014-11-13,11.1,11.1,11.1,11.1,500
2014-11-14,11.1,11.1,11.1,11.1,0
2014-11-17,10.5,10.5,10.5,10.5,300
2014-11-18,10.6,10.6,10.6,10.6,500
2014-11-19,10.6,10.6,10.6,10.6,0
2014-11-20,10.6,10.6,10.6,10.6,0
2014-11-21,10.6,10.6,10.6,10.6,0
2014-11-24,10.6,10.6,10.6,10.6,100
2014-11-25,10.6,10.6,10.6,10.6,0
2014-11-26,10.6,10.6,10.6,10.6,0
2014-11-27,10.6,10.6,10.6,10.6,0
2014-11-28,10.6,10.6,10.6,10.6,10
2014-12-01,10.6,10.6,10.6,10.6,0
2014-12-02,9.6,9.6,9.6,9.6,100
2014-12-03,9.6,9.6,9.6,9.6,0
2014-12-04,9.6,9.6,9.6,9.6,0
2014-12-05,9.6,9.6,9.6,9.6,0
2014-12-08,9.6,9.6,9.6,9.6,0
2014-12-09,9.6,9.6,9.6,9.6,0
2014-12-10,9.6,9.6,9.6,9.6,0
2014-12-11,9.6,9.6,9.6,9.6,0
2014-12-12,9.6,9.6,9.6,9.6,2100
2014-12-15,9.6,9.6,9.6,9.6,0
2014-12-16,8.7,8.7,8.7,8.7,300
2014-12-17,9.5,9.5,9.0,9.2,1600
2014-12-18,9.2,9.2,9.2,9.2,0
2014-12-19,9.2,9.2,9.2,9.2,0
2014-12-22,9.2,9.2,9.2,9.2,100
2014-12-23,9.2,9.2,9.2,9.2,0
2014-12-24,9.2,9.2,9.2,9.2,0
2014-12-25,9.0,9.0,9.0,9.0,362
2014-12-26,9.0,9.0,9.0,9.0,100
2014-12-29,9.0,9.0,9.0,9.0,38
2014-12-30,9.0,9.0,9.0,9.0,0
2014-12-31,9.0,9.0,9.0,9.0,0
2015-01-05,9.0,9.0,9.0,9.0,0
2015-01-06,9.0,9.0,9.0,9.0,0
2015-01-07,9.0,9.0,9.0,9.0,0
2015-01-08,9.0,9.0,9.0,9.0,1700
2015-01-09,9.0,9.0,9.0,9.0,0
2015-01-12,9.0,9.0,9.0,9.0,700
2015-01-13,9.0,9.0,9.0,9.0,179
2015-01-14,9.0,9.0,9.0,9.0,0
2015-01-15,9.4,9.4,9.4,9.4,121
2015-01-16,9.4,9.4,9.4,9.4,5
2015-01-19,9.4,9.4,9.4,9.4,0
2015-01-20,9.4,9.5,9.4,9.5,200
2015-01-21,9.6,9.6,9.6,9.6,100
2015-01-22,9.1,9.1,9.1,9.1,1300
2015-01-23,9.1,10.0,9.1,10.0,230
2015-01-26,10.0,10.0,10.0,10.0,0
2015-01-27,9.9,9.9,9.9,9.9,100
2015-01-28,9.0,10.0,9.0,10.0,700
2015-01-29,9.0,9.0,9.0,9.0,113
2015-01-30,9.0,9.0,9.0,9.0,52
2015-02-02,9.0,9.0,9.0,9.0,0
2015-02-03,9.0,9.0,9.0,9.0,0
2015-02-04,9.0,9.0,9.0,9.0,0
2015-02-05,9.8,9.9,9.8,9.9,365
2015-02-06,9.9,9.9,9.9,9.9,204
2015-02-09,9.9,9.9,9.9,9.9,0
2015-02-10,9.9,9.9,9.9,9.9,0
2015-02-11,9.0,9.0,9.0,9.0,200
2015-02-12,9.0,9.0,9.0,9.0,0
2015-02-13,9.0,9.0,9.0,9.0,0
2015-02-24,9.0,9.0,9.0,9.0,0
2015-02-25,9.0,9.0,9.0,9.0,0
2015-02-26,9.0,9.0,9.0,9.0,0
2015-02-27,9.0,9.0,9.0,9.0,0
2015-03-02,9.0,9.0,9.0,9.0,0
2015-03-03,8.2,8.2,8.2,8.2,100
2015-03-04,9.0,9.0,7.6,7.6,200
2015-03-05,7.0,7.0,7.0,7.0,200
2015-03-06,7.0,7.0,7.0,7.0,0
2015-03-09,7.7,7.7,7.7,7.7,131
2015-03-10,7.7,7.7,7.7,7.7,0
2015-03-11,7.7,7.7,7.7,7.7,0
2015-03-12,8.4,8.4,8.4,8.4,200
2015-03-13,8.4,8.4,8.4,8.4,0
2015-03-16,8.4,8.4,8.4,8.4,300
2015-03-17,8.4,8.4,8.4,8.4,0
2015-03-18,8.5,8.5,8.5,8.5,100
2015-03-19,8.5,8.5,8.5,8.5,0
2015-03-20,8.5,8.5,8.5,8.5,0
2015-03-23,8.5,8.5,8.5,8.5,0
2015-03-24,9.2,9.2,9.2,9.2,800
2015-03-25,8.3,8.3,8.3,8.3,200
2015-03-26,8.3,8.3,8.3,8.3,0
2015-03-27,8.3,8.3,8.3,8.3,0
2015-03-30,8.3,8.3,8.3,8.3,0
2015-03-31,8.3,8.3,8.3,8.3,1500
2015-04-01,8.3,8.3,8.3,8.3,0
2015-04-02,8.3,8.3,8.3,8.3,0
2015-04-03,8.3,8.3,8.3,8.3,0
2015-04-06,8.3,8.3,8.3,8.3,0
2015-04-07,8.3,8.3,8.3,8.3,0
2015-04-08,8.3,8.3,8.3,8.3,0
2015-04-09,8.3,8.3,8.3,8.3,0
2015-04-10,8.3,8.3,8.3,8.3,0
2015-04-13,8.3,8.3,8.3,8.3,0
2015-04-14,8.3,8.3,8.3,8.3,0
2015-04-15,8.3,8.3,8.3,8.3,1600
2015-04-16,8.3,8.3,8.3,8.3,0
2015-04-17,8.3,8.3,8.3,8.3,0
2015-04-20,9.1,9.1,9.1,9.1,100
2015-04-21,8.5,8.5,8.5,8.5,200
2015-04-22,8.5,8.5,8.5,8.5,0
2015-04-23,9.3,9.3,9.3,9.3,300
2015-04-24,10.0,10.0,10.0,10.0,200
2015-04-27,10.0,10.0,10.0,10.0,0
2015-05-04,9.0,9.0,9.0,9.0,100
2015-05-05,9.0,9.0,9.0,9.0,1000
2015-05-06,9.0,9.0,9.0,9.0,0
2015-05-07,9.0,9.0,9.0,9.0,0
2015-05-08,9.0,9.0,9.0,9.0,0
2015-05-11,9.0,9.0,9.0,9.0,0
2015-05-12,9.0,9.0,9.0,9.0,0
2015-05-13,9.0,9.0,9.0,9.0,200
2015-05-14,9.0,9.0,9.0,9.0,0
2015-05-15,9.0,9.0,9.0,9.0,0
2015-05-18,9.0,9.0,9.0,9.0,1000
2015-05-19,9.0,9.0,9.0,9.0,0
2015-05-20,9.0,9.0,9.0,9.0,0
2015-05-21,9.0,9.0,9.0,9.0,0
2015-05-22,9.0,9.0,9.0,9.0,0
2015-05-25,9.1,9.1,9.1,9.1,1000
2015-05-26,8.6,8.6,8.6,8.6,500
2015-05-27,8.6,8.6,8.6,8.6,0
2015-05-28,8.6,8.6,8.6,8.6,0
2015-05-29,8.6,8.7,8.6,8.7,15156
2015-06-01,8.7,8.7,8.7,8.7,0
2015-06-02,8.7,8.7,8.7,8.7,0
2015-06-03,9.0,9.0,9.0,9.0,100
2015-06-04,9.0,9.0,9.0,9.0,200
2015-06-05,9.0,9.0,9.0,9.0,44
2015-06-08,9.0,9.0,9.0,9.0,0
2015-06-09,8.7,8.7,8.7,8.7,100
2015-06-10,8.7,8.7,8.7,8.7,100
2015-06-11,8.7,8.7,8.7,8.7,0
2015-06-12,8.7,8.7,8.7,8.7,0
2015-06-15,8.7,8.7,8.7,8.7,0
2015-06-16,8.7,8.7,8.7,8.7,0
2015-06-17,8.7,8.7,8.7,8.7,0
2015-06-18,8.7,8.7,8.7,8.7,0
2015-06-19,8.7,8.7,8.7,8.7,0
2015-06-22,8.7,8.7,8.7,8.7,0
2015-06-23,8.7,8.7,8.7,8.7,0
2015-06-24,8.7,8.7,8.7,8.7,0
2015-06-25,8.7,8.7,8.7,8.7,0
2015-06-26,8.7,8.7,8.7,8.7,0
2015-06-29,8.7,8.7,8.7,8.7,200
2015-06-30,8.7,8.7,8.7,8.7,54
2015-07-01,8.7,8.7,8.7,8.7,0
2015-07-02,8.7,8.7,8.7,8.7,100
2015-07-03,8.7,8.7,8.7,8.7,10735
2015-07-06,8.7,8.7,8.7,8.7,11
2015-07-07,8.6,8.6,8.6,8.6,100
2015-07-08,8.6,8.6,8.6,8.6,3000
2015-07-09,8.6,8.6,8.6,8.6,0
2015-07-10,8.6,8.6,8.6,8.6,100
2015-07-13,8.6,8.6,8.6,8.6,0
2015-07-14,8.6,8.6,8.6,8.6,0
2015-07-15,8.6,8.6,8.6,8.6,2
2015-07-16,8.6,8.6,8.6,8.6,0
2015-07-17,8.6,8.6,8.6,8.6,0
2015-07-20,8.6,8.6,8.6,8.6,0
2015-07-21,8.6,8.6,8.6,8.6,0
2015-07-22,8.6,8.6,8.6,8.6,0
2015-07-23,8.6,8.6,8.6,8.6,0
2015-07-24,8.6,8.6,8.6,8.6,0
2015-07-27,8.6,8.6,8.6,8.6,100
2015-07-28,8.6,8.6,8.6,8.6,0
2015-07-29,8.6,8.6,8.6,8.6,0
2015-07-30,8.6,8.6,8.6,8.6,0
2015-07-31,8.6,8.6,8.6,8.6,0
2015-08-03,8.6,8.6,8.6,8.6,0
2015-08-04,8.6,8.6,8.6,8.6,0
2015-08-05,8.6,8.6,8.6,8.6,0
2015-08-06,8.6,8.6,8.6,8.6,0
2015-08-07,8.6,8.6,8.6,8.6,0
2015-08-10,7.8,7.8,7.8,7.8,100
2015-08-11,7.8,7.8,7.8,7.8,0
2015-08-12,7.8,7.8,7.8,7.8,0
2015-08-13,7.8,7.8,7.8,7.8,0
2015-08-14,7.8,7.8,7.8,7.8,0
2015-08-17,7.8,7.8,7.8,7.8,0
2015-08-18,8.3,8.5,8.3,8.5,10400
2015-08-19,7.7,7.7,7.7,7.7,100
2015-08-20,7.7,7.7,7.7,7.7,0
2015-08-21,7.7,7.7,7.7,7.7,0
2015-08-24,7.7,7.7,7.7,7.7,0
2015-08-25,7.7,7.7,7.7,7.7,0
2015-08-26,7.7,7.7,7.7,7.7,0
2015-08-27,8.0,8.4,8.0,8.4,700
2015-08-28,8.4,8.4,8.4,8.4,0
2015-08-31,7.6,7.6,7.6,7.6,100
2015-09-01,7.6,7.6,7.6,7.6,0
2015-09-03,7.6,7.6,7.6,7.6,0
2015-09-04,7.6,7.6,7.6,7.6,0
2015-09-07,7.6,7.6,7.6,7.6,100
2015-09-08,7.6,7.6,7.6,7.6,0
2015-09-09,7.6,7.6,7.6,7.6,0
2015-09-10,7.6,7.6,7.6,7.6,100
2015-09-11,7.6,7.6,7.6,7.6,0
2015-09-14,7.6,7.6,7.6,7.6,0
2015-09-15,7.6,7.6,7.6,7.6,0
2015-09-16,7.6,7.6,7.6,7.6,0
2015-09-17,7.6,7.6,7.6,7.6,0
2015-09-18,7.6,7.6,7.6,7.6,0
2015-09-21,7.6,7.6,7.6,7.6,0
2015-09-22,7.6,7.6,7.6,7.6,0
2015-09-23,7.6,7.6,7.6,7.6,0
2015-09-24,7.6,7.6,7.6,7.6,0
2015-09-25,7.6,7.6,7.6,7.6,0
2015-09-28,7.6,7.6,7.6,7.6,0
2015-09-29,7.6,7.6,7.6,7.6,0
2015-09-30,7.6,7.6,7.6,7.6,825
2015-10-01,7.6,7.6,7.6,7.6,0
2015-10-02,7.6,7.6,7.6,7.6,0
2015-10-05,7.4,7.4,7.4,7.4,100
2015-10-06,7.4,7.4,7.4,7.4,0
2015-10-07,7.4,7.4,7.4,7.4,0
2015-10-08,7.4,7.4,7.4,7.4,0
2015-10-09,7.4,7.4,7.4,7.4,0
2015-10-12,7.4,7.4,7.4,7.4,0
2015-10-13,7.4,7.4,7.4,7.4,75
2015-10-14,7.4,7.4,7.4,7.4,0
2015-10-15,7.4,7.4,7.4,7.4,0
2015-10-16,7.4,7.4,7.4,7.4,100
2015-10-19,7.4,7.4,7.4,7.4,0
2015-10-20,7.4,7.4,7.4,7.4,0
2015-10-21,7.4,7.4,7.4,7.4,0
2015-10-22,7.4,7.4,7.4,7.4,100
2015-10-23,7.4,7.4,7.4,7.4,0
2015-10-26,7.4,7.4,7.4,7.4,0
2015-10-27,7.4,7.4,7.4,7.4,100
2015-10-28,7.4,7.4,7.4,7.4,0
2015-10-29,7.4,7.4,7.4,7.4,0
2015-10-30,7.5,7.5,7.5,7.5,4300
2015-11-02,7.5,7.5,7.5,7.5,0
2015-11-03,7.5,7.5,7.5,7.5,0
2015-11-04,7.5,7.5,7.5,7.5,0
2015-11-05,7.5,7.5,7.5,7.5,1000
2015-11-06,7.5,7.5,7.5,7.5,0
2015-11-09,7.5,7.5,7.5,7.5,700
2015-11-10,7.5,7.5,7.5,7.5,0
2015-11-11,7.5,7.5,7.5,7.5,2100
2015-11-12,7.5,7.5,7.5,7.5,0
2015-11-13,7.5,7.5,7.5,7.5,0
2015-11-16,7.5,7.5,7.5,7.5,0
2015-11-17,7.5,7.5,7.5,7.5,0
2015-11-18,7.5,7.5,7.5,7.5,0
2015-11-19,7.5,7.5,7.5,7.5,0
2015-11-20,7.5,7.5,7.5,7.5,0
2015-11-23,7.5,7.5,7.5,7.5,0
2015-11-24,7.5,7.5,7.5,7.5,0
2015-11-25,7.5,7.5,7.5,7.5,0
2015-11-26,7.5,7.5,7.5,7.5,0
2015-11-27,7.5,7.5,7.5,7.5,0
2015-11-30,7.5,7.5,7.5,7.5,0
2015-12-01,7.5,7.5,7.5,7.5,0
2015-12-02,8.2,8.2,8.2,8.2,7000
2015-12-03,7.4,7.5,7.4,7.5,3800
2015-12-04,7.5,7.5,7.5,7.5,0
2015-12-07,7.5,7.5,7.5,7.5,0
2015-12-08,7.5,7.5,7.5,7.5,0
2015-12-09,7.5,7.5,7.5,7.5,0
2015-12-10,7.5,7.5,7.5,7.5,0
2015-12-11,8.2,8.2,8.2,8.2,2441
2015-12-14,8.2,8.2,8.2,8.2,0
2015-12-15,7.4,7.4,7.4,7.4,100
2015-12-16,8.1,8.1,8.1,8.1,100
2015-12-17,8.1,8.1,8.1,8.1,0
2015-12-18,8.1,8.1,8.1,8.1,0
2015-12-21,8.1,8.1,8.1,8.1,0
2015-12-22,8.1,8.1,8.1,8.1,59
2015-12-23,8.1,8.1,8.1,8.1,100
2015-12-24,8.1,8.1,8.1,8.1,0
2015-12-25,7.3,7.5,7.3,7.5,2400
2015-12-28,7.5,7.5,7.5,7.5,0
2015-12-29,8.2,8.2,8.2,8.2,100
2015-12-30,8.2,8.2,8.2,8.2,0
2015-12-31,8.2,8.2,8.2,8.2,0
2016-01-04,9.0,9.0,9.0,9.0,1100
2016-01-05,9.0,9.0,9.0,9.0,2200
2016-01-06,9.5,9.5,9.5,9.5,2402
2016-01-07,9.5,9.5,9.5,9.5,0
2016-01-08,9.5,9.5,9.5,9.5,0
2016-01-11,9.5,9.5,9.5,9.5,0
2016-01-12,9.5,9.5,9.5,9.5,0
2016-01-13,9.5,9.5,9.5,9.5,0
2016-01-14,9.5,9.5,9.5,9.5,0
2016-01-15,9.5,9.5,9.5,9.5,0
2016-01-18,9.5,9.5,9.5,9.5,0
2016-01-19,9.5,9.5,9.5,9.5,0
2016-01-20,9.5,9.5,9.5,9.5,0
2016-01-21,9.0,9.1,9.0,9.1,2100
2016-01-22,9.1,9.1,9.0,9.0,8800
2016-01-25,9.0,9.0,9.0,9.0,0
2016-01-26,9.0,9.0,9.0,9.0,0
2016-01-27,9.0,9.0,9.0,9.0,0
2016-01-28,9.0,9.0,9.0,9.0,0
2016-01-29,9.9,9.9,9.9,9.9,100
2016-02-01,9.0,9.0,9.0,9.0,100
2016-02-02,9.0,9.0,9.0,9.0,0
2016-02-03,9.0,9.0,9.0,9.0,0
2016-02-04,9.9,9.9,9.9,9.9,5000
2016-02-05,9.0,9.0,9.0,9.0,100
2016-02-15,9.0,9.0,9.0,9.0,0
2016-02-16,9.0,9.0,9.0,9.0,0
2016-02-17,9.0,9.0,9.0,9.0,0
2016-02-18,9.0,9.0,9.0,9.0,0
2016-02-19,9.0,9.0,9.0,9.0,0
2016-02-22,9.0,9.0,9.0,9.0,0
2016-02-23,9.0,9.0,9.0,9.0,0
2016-02-24,9.0,9.0,9.0,9.0,0
2016-02-25,9.0,9.0,9.0,9.0,0
2016-02-26,9.0,9.0,9.0,9.0,0
2016-02-29,9.0,9.0,9.0,9.0,0
2016-03-01,9.0,9.0,9.0,9.0,900
2016-03-02,9.0,9.0,9.0,9.0,0
2016-03-03,9.0,9.0,9.0,9.0,0
2016-03-04,9.0,9.0,9.0,9.0,0
2016-03-07,9.0,9.0,9.0,9.0,0
2016-03-08,9.0,9.0,9.0,9.0,0
2016-03-09,9.0,9.0,9.0,9.0,0
2016-03-10,9.0,9.0,9.0,9.0,0
2016-03-11,9.0,9.0,9.0,9.0,0
2016-03-14,9.0,9.0,9.0,9.0,0
2016-03-15,9.0,9.0,9.0,9.0,0
2016-03-16,9.0,9.0,9.0,9.0,0
2016-03-17,9.9,9.9,9.9,9.9,200
2016-03-18,9.9,9.9,9.9,9.9,0
2016-03-21,9.9,9.9,9.9,9.9,0
2016-03-22,9.9,9.9,9.9,9.9,0
2016-03-23,9.9,9.9,9.9,9.9,0
2016-03-24,9.9,9.9,9.9,9.9,0
2016-03-25,9.5,9.5,9.5,9.5,100
2016-03-28,9.5,9.5,9.5,9.5,0
2016-03-29,9.5,9.5,9.5,9.5,0
2016-03-30,9.5,9.5,9.5,9.5,700
2016-03-31,9.5,9.5,9.5,9.5,0
2016-04-01,9.5,9.5,9.5,9.5,0
2016-04-04,9.5,9.5,9.5,9.5,0
2016-04-05,9.5,9.5,9.5,9.5,0
2016-04-06,10.4,10.4,10.4,10.4,100
2016-04-07,11.0,11.0,11.0,11.0,100
2016-04-08,11.0,11.0,11.0,11.0,500
2016-04-11,9.9,9.9,9.9,9.9,100
2016-04-12,9.9,9.9,9.9,9.9,0
2016-04-13,10.4,10.4,10.4,10.4,937
2016-04-14,10.4,10.6,10.4,10.6,2100
2016-04-15,10.6,10.6,10.6,10.6,0
2016-04-19,10.6,10.6,10.6,10.6,0
2016-04-20,10.6,10.6,10.6,10.6,0
2016-04-21,10.6,10.6,10.6,10.6,2100
2016-04-22,10.6,10.6,10.6,10.6,0
2016-04-25,10.6,10.6,10.6,10.6,600
2016-04-26,10.6,10.6,10.6,10.6,0
2016-04-27,10.6,10.6,10.6,10.6,0
2016-04-28,10.6,10.6,10.6,10.6,0
2016-04-29,10.6,10.6,10.6,10.6,60
2016-05-04,9.7,9.7,9.7,9.7,103
2016-05-05,9.7,9.7,9.7,9.7,0
2016-05-06,9.7,9.7,9.7,9.7,0
2016-05-09,10.0,10.0,10.0,10.0,100
2016-05-10,10.0,10.0,10.0,10.0,0
2016-05-11,10.0,10.0,10.0,10.0,0
2016-05-12,10.0,10.0,10.0,10.0,0
2016-05-13,10.0,10.0,10.0,10.0,0
2016-05-16,10.0,10.0,10.0,10.0,0
2016-05-17,10.0,10.0,10.0,10.0,0
2016-05-18,10.0,10.0,10.0,10.0,0
2016-05-19,10.0,10.0,10.0,10.0,0
2016-05-20,10.0,10.0,10.0,10.0,0
2016-05-23,11.0,11.0,11.0,11.0,1000
2016-05-24,11.0,11.0,11.0,11.0,0
2016-05-25,11.0,11.0,11.0,11.0,0
2016-05-26,11.0,11.0,11.0,11.0,0
2016-05-27,11.0,11.0,11.0,11.0,0
2016-05-30,10.1,10.1,10.1,10.1,500
2016-05-31,10.1,10.1,10.1,10.1,0
2016-06-01,10.1,10.1,10.1,10.1,0
2016-06-02,10.1,10.1,10.1,10.1,0
2016-06-03,10.1,10.1,10.1,10.1,0
2016-06-06,10.1,10.1,10.1,10.1,0
2016-06-07,10.1,10.1,10.1,10.1,0
2016-06-08,10.1,10.1,10.1,10.1,0
2016-06-09,10.1,10.1,10.1,10.1,0
2016-06-10,10.1,10.1,10.1,10.1,0
2016-06-13,10.1,10.1,10.1,10.1,0
2016-06-14,10.1,10.1,10.1,10.1,0
2016-06-15,10.1,10.1,10.1,10.1,0
2016-06-16,10.1,10.1,10.1,10.1,0
2016-06-17,10.2,10.2,10.2,10.2,100
2016-06-20,10.2,10.2,10.2,10.2,0
2016-06-21,10.2,10.2,10.2,10.2,0
2016-06-22,10.2,10.2,10.2,10.2,55
2016-06-23,10.2,10.2,10.2,10.2,0
2016-06-24,10.5,10.5,10.5,10.5,5145
2016-06-27,10.5,10.5,10.5,10.5,0
2016-06-28,10.5,10.5,10.5,10.5,0
2016-06-29,10.6,10.6,10.6,10.6,100
2016-06-30,10.6,10.6,10.6,10.6,0
2016-07-01,10.6,10.6,10.6,10.6,2600
2016-07-04,10.6,10.6,10.6,10.6,0
2016-07-05,10.6,10.6,10.6,10.6,0
2016-07-06,10.6,10.6,10.6,10.6,0
2016-07-07,10.5,10.5,10.5,10.5,5700
2016-07-08,10.4,10.4,10.4,10.4,5200
2016-07-11,10.4,10.4,10.3,10.3,16000
2016-07-12,10.3,10.3,10.3,10.3,9500
2016-07-13,10.3,10.3,10.3,10.3,0
2016-07-14,10.3,10.3,10.2,10.2,14800
2016-07-15,10.5,10.5,10.2,10.2,27000
2016-07-18,10.3,10.3,10.3,10.3,2000
2016-07-19,10.3,10.3,10.3,10.3,2000
2016-07-20,10.2,10.3,10.2,10.3,10100
2016-07-21,10.3,10.3,10.3,10.3,10000
2016-07-22,10.2,10.2,10.2,10.2,27500
2016-07-25,10.2,10.2,10.2,10.2,0
2016-07-26,10.2,10.2,10.2,10.2,0
2016-07-27,10.2,10.2,10.2,10.2,0
2016-07-28,10.2,10.2,10.2,10.2,0
2016-07-29,10.2,10.2,10.2,10.2,0
2016-08-01,10.2,10.2,10.2,10.2,0
2016-08-02,10.8,10.8,10.8,10.8,100
2016-08-03,10.8,10.8,10.8,10.8,0
2016-08-04,10.2,10.2,10.2,10.2,100
2016-08-05,10.8,10.8,10.8,10.8,100
2016-08-08,10.8,10.8,10.8,10.8,0
2016-08-09,10.8,10.8,10.8,10.8,0
2016-08-10,10.8,10.8,10.8,10.8,0
2016-08-11,10.8,10.8,10.8,10.8,0
2016-08-12,10.8,10.8,10.8,10.8,0
2016-08-15,10.8,10.8,10.8,10.8,0
2016-08-16,10.8,10.8,10.8,10.8,55
2016-08-17,10.8,10.8,10.8,10.8,0
2016-08-18,10.8,10.8,10.8,10.8,0
2016-08-19,10.8,10.8,10.8,10.8,44
2016-08-22,10.8,10.8,10.8,10.8,0
2016-08-23,10.8,10.8,10.8,10.8,0
2016-08-24,10.8,10.8,10.8,10.8,0
2016-08-25,10.8,10.8,10.8,10.8,0
2016-08-26,9.8,9.8,9.8,9.8,100
2016-08-29,9.8,9.8,9.8,9.8,0
2016-08-30,9.8,9.8,9.8,9.8,0
2016-08-31,9.8,9.8,9.8,9.8,0
2016-09-01,9.8,9.8,9.8,9.8,0
2016-09-05,9.8,9.8,9.8,9.8,1
2016-09-06,9.8,9.8,9.8,9.8,0
2016-09-07,9.8,9.8,9.8,9.8,0
2016-09-08,9.8,9.8,9.8,9.8,0
2016-09-09,8.9,8.9,8.9,8.9,200
2016-09-12,8.9,8.9,8.9,8.9,0
2016-09-13,8.9,8.9,8.9,8.9,0
2016-09-14,8.9,8.9,8.9,8.9,0
2016-09-15,8.9,8.9,8.9,8.9,0
2016-09-16,8.9,8.9,8.9,8.9,0
2016-09-19,8.9,8.9,8.9,8.9,0
2016-09-20,8.9,8.9,8.9,8.9,0
2016-09-21,8.9,8.9,8.9,8.9,0
2016-09-22,8.9,8.9,8.9,8.9,0
2016-09-23,9.7,9.7,9.7,9.7,100
2016-09-26,9.7,9.7,9.7,9.7,0
2016-09-27,8.8,10.2,8.8,10.2,500
2016-09-28,10.2,10.2,10.2,10.2,100
2016-09-29,10.2,10.2,10.2,10.2,0
2016-09-30,10.2,10.2,10.2,10.2,0
2016-10-03,9.5,9.5,9.5,9.5,100
2016-10-04,9.5,9.5,9.5,9.5,0
2016-10-05,10.0,10.0,10.0,10.0,100
2016-10-06,10.0,10.0,10.0,10.0,100
2016-10-07,10.0,10.0,10.0,10.0,0
2016-10-10,10.0,10.0,10.0,10.0,100
2016-10-11,11.0,11.0,11.0,11.0,300
2016-10-12,11.0,11.0,11.0,11.0,100
2016-10-13,11.0,11.0,11.0,11.0,0
2016-10-14,11.0,11.0,11.0,11.0,0
2016-10-17,11.0,11.0,11.0,11.0,0
2016-10-18,11.0,11.0,11.0,11.0,0
2016-10-19,11.0,11.0,11.0,11.0,0
2016-10-20,11.0,11.0,11.0,11.0,0
2016-10-21,11.0,11.0,11.0,11.0,0
2016-10-24,12.1,12.1,12.1,12.1,4000
2016-10-25,12.1,12.1,12.1,12.1,8500
2016-10-26,12.1,12.1,12.1,12.1,0
2016-10-27,12.0,12.0,12.0,12.0,100
2016-10-28,12.0,12.0,12.0,12.0,0
2016-10-31,12.0,12.0,12.0,12.0,0
2016-11-01,12.0,12.0,12.0,12.0,0
2016-11-02,12.0,12.0,12.0,12.0,0
2016-11-03,12.0,12.0,12.0,12.0,0
2016-11-04,12.0,12.0,12.0,12.0,0
2016-11-07,12.0,12.0,12.0,12.0,0
2016-11-08,12.0,12.0,12.0,12.0,0
2016-11-09,12.0,12.0,12.0,12.0,0
2016-11-10,12.0,12.0,12.0,12.0,5080
2016-11-11,12.0,12.0,12.0,12.0,0
2016-11-14,12.0,12.0,12.0,12.0,0
2016-11-15,12.0,12.0,12.0,12.0,0
2016-11-16,12.0,12.0,12.0,12.0,1
2016-11-17,12.0,12.0,12.0,12.0,21
2016-11-18,12.1,12.1,12.1,12.1,1000
2016-11-21,12.1,12.1,12.1,12.1,0
2016-11-22,12.0,12.1,12.0,12.1,1200
2016-11-23,12.1,12.1,12.1,12.1,0
2016-11-24,12.0,12.0,12.0,12.0,1000
2016-11-25,12.4,12.4,12.4,12.4,100
2016-11-28,12.1,12.1,12.0,12.0,1200
2016-11-29,12.0,12.0,12.0,12.0,0
2016-11-30,12.0,12.0,12.0,12.0,0
2016-12-01,12.0,12.0,12.0,12.0,0
2016-12-02,12.0,12.0,12.0,12.0,0
2016-12-05,12.0,12.0,12.0,12.0,300
2016-12-06,12.0,12.0,12.0,12.0,1900
2016-12-07,12.0,12.0,12.0,12.0,0
2016-12-08,11.5,12.0,11.5,12.0,5200
2016-12-09,12.0,12.0,12.0,12.0,0
2016-12-12,12.0,12.0,12.0,12.0,1000
2016-12-13,12.0,12.0,12.0,12.0,0
2016-12-14,12.0,12.0,12.0,12.0,5000
2016-12-15,12.0,12.0,12.0,12.0,5000
2016-12-16,12.0,12.0,12.0,12.0,0
2016-12-19,11.9,11.9,11.9,11.9,1500
2016-12-20,11.9,11.9,11.9,11.9,0
2016-12-21,11.8,11.8,11.8,11.8,1784
2016-12-22,11.8,11.8,11.8,11.8,0
2016-12-23,11.8,11.8,11.8,11.8,7
2016-12-26,11.8,11.8,11.8,11.8,0
2016-12-27,11.8,11.8,11.8,11.8,0
2016-12-28,11.8,11.8,11.8,11.8,9
2016-12-29,11.8,11.8,11.8,11.8,0
2016-12-30,11.8,11.8,11.8,11.8,0
2017-01-03,11.8,11.8,11.8,11.8,0
2017-01-04,11.7,11.7,11.7,11.7,1500
2017-01-05,11.7,11.7,11.7,11.7,0
2017-01-06,11.7,11.7,11.7,11.7,0
2017-01-09,11.7,11.7,11.7,11.7,0
2017-01-10,11.7,11.7,11.7,11.7,0
2017-01-11,11.7,11.7,11.7,11.7,0
2017-01-12,11.7,11.7,11.7,11.7,0
2017-01-13,11.7,11.7,11.7,11.7,0
2017-01-16,11.7,11.7,11.7,11.7,0
2017-01-17,11.7,11.7,11.7,11.7,0
2017-01-18,11.7,11.7,11.7,11.7,0
2017-01-19,11.7,11.7,11.7,11.7,0
2017-01-20,11.7,11.7,11.7,11.7,0
2017-01-23,11.7,11.7,11.7,11.7,0
2017-01-24,11.7,11.7,11.7,11.7,0
2017-01-25,11.7,11.7,11.7,11.7,0
2017-02-02,11.7,11.7,11.7,11.7,0
2017-02-03,11.7,11.7,11.7,11.7,0
2017-02-06,11.7,11.7,11.7,11.7,0
2017-02-07,11.7,11.7,11.7,11.7,0
2017-02-08,11.7,11.7,11.7,11.7,0
2017-02-09,11.7,11.7,11.7,11.7,0
2017-02-10,11.7,11.7,11.7,11.7,0
2017-02-13,11.7,11.7,11.7,11.7,0
2017-02-14,11.7,11.7,11.7,11.7,0
2017-02-15,11.7,11.7,11.7,11.7,0
2017-02-16,12.8,12.8,12.8,12.8,260
2017-02-17,12.8,12.8,12.8,12.8,0
2017-02-20,12.8,12.8,12.8,12.8,5
2017-02-21,12.8,12.8,12.8,12.8,8
2017-02-22,11.6,11.6,11.6,11.6,227
2017-02-23,11.5,11.5,11.5,11.5,1020
2017-02-24,11.5,11.5,11.5,11.5,0
2017-02-27,11.5,11.5,11.5,11.5,0
2017-02-28,11.5,11.5,11.5,11.5,0
2017-03-01,11.5,11.5,11.5,11.5,0
2017-03-02,11.5,11.5,11.5,11.5,0
2017-03-03,11.5,11.5,11.5,11.5,0
2017-03-06,11.5,11.5,11.5,11.5,6
2017-03-07,11.5,11.5,11.5,11.5,0
2017-03-08,11.5,11.5,11.5,11.5,0
2017-03-09,11.5,11.5,11.5,11.5,0
2017-03-10,11.5,11.5,11.5,11.5,0
2017-03-13,11.5,11.5,11.5,11.5,0
2017-03-14,11.5,11.5,11.5,11.5,0
2017-03-15,11.5,11.5,11.5,11.5,0
2017-03-16,11.5,11.5,11.5,11.5,0
2017-03-17,11.5,11.5,11.5,11.5,0
2017-03-20,11.5,11.5,11.5,11.5,0
2017-03-21,11.5,11.5,11.5,11.5,0
2017-03-22,11.5,11.5,11.5,11.5,0
2017-03-23,11.5,11.5,11.5,11.5,0
2017-03-24,11.5,11.5,11.5,11.5,0
2017-03-27,11.5,11.5,11.5,11.5,0
2017-03-28,11.5,11.5,11.5,11.5,0
2017-03-29,11.5,11.5,11.5,11.5,0
2017-03-30,11.5,11.5,11.5,11.5,0
2017-03-31,11.5,11.5,11.5,11.5,15
2017-04-03,11.5,11.5,11.5,11.5,0
2017-04-04,11.5,11.5,11.5,11.5,0
2017-04-05,11.5,11.5,11.5,11.5,0
2017-04-07,11.5,11.5,11.5,11.5,0
2017-04-10,11.5,11.5,11.5,11.5,0
2017-04-11,11.5,11.5,11.5,11.5,0
2017-04-12,11.5,11.5,11.5,11.5,0
2017-04-13,11.5,11.5,11.5,11.5,0
2017-04-14,10.5,10.5,10.5,10.5,100
2017-04-17,10.5,10.5,10.5,10.5,0
2017-04-18,10.5,10.5,10.5,10.5,0
2017-04-19,10.1,10.1,10.1,10.1,300
2017-04-20,10.1,10.1,10.1,10.1,0
2017-04-21,10.1,10.1,10.1,10.1,0
2017-04-24,10.1,10.1,10.1,10.1,0
2017-04-25,10.1,10.1,10.1,10.1,0
2017-04-26,10.1,10.1,10.1,10.1,0
2017-04-27,11.0,11.0,11.0,11.0,2000
2017-04-28,11.0,11.0,11.0,11.0,0
2017-05-03,11.0,11.0,11.0,11.0,0
2017-05-04,11.0,11.0,11.0,11.0,0
2017-05-05,11.0,11.0,11.0,11.0,30
2017-05-08,11.0,11.0,11.0,11.0,0
2017-05-09,11.0,11.0,11.0,11.0,50
2017-05-10,9.9,11.5,9.9,11.5,1200
2017-05-11,11.5,11.5,11.5,11.5,0
2017-05-12,11.5,11.5,11.5,11.5,0
2017-05-15,12.0,12.0,12.0,12.0,200
2017-05-16,12.0,12.0,12.0,12.0,50
2017-05-17,12.0,12.0,12.0,12.0,0
2017-05-18,12.0,12.0,12.0,12.0,200
2017-05-19,12.0,12.0,12.0,12.0,100
2017-05-22,12.0,12.0,12.0,12.0,0
2017-05-23,10.8,10.8,10.8,10.8,100
2017-05-24,10.8,10.8,10.8,10.8,0
2017-05-25,10.8,10.8,10.8,10.8,0
2017-05-26,10.8,10.8,10.8,10.8,0
2017-05-29,10.8,10.8,10.8,10.8,44
2017-05-30,9.8,9.8,9.8,9.8,121
2017-05-31,9.8,9.8,9.8,9.8,0
2017-06-01,9.8,9.8,9.8,9.8,0
2017-06-02,10.7,10.7,10.7,10.7,100
2017-06-05,10.7,10.7,10.7,10.7,44
2017-06-06,11.7,11.7,11.7,11.7,455
2017-06-07,11.7,11.7,11.7,11.7,0
2017-06-08,12.0,12.0,12.0,12.0,335
2017-06-09,12.5,12.5,12.5,12.5,500
2017-06-12,12.5,12.5,12.5,12.5,15
2017-06-13,13.0,13.0,12.8,12.8,1000
2017-06-14,12.8,12.8,12.8,12.8,100
2017-06-15,12.8,12.8,12.8,12.8,0
2017-06-16,13.0,13.0,12.8,12.8,300
2017-06-19,13.5,13.5,13.5,13.5,4400
2017-06-20,13.6,13.6,13.6,13.6,500
2017-06-21,13.6,13.6,13.6,13.6,200
2017-06-22,13.6,13.6,13.6,13.6,300
2017-06-23,13.6,13.6,13.6,13.6,200
2017-06-26,13.7,13.7,13.7,13.7,200
2017-06-27,13.7,13.7,13.7,13.7,600
2017-06-28,13.7,13.7,13.7,13.7,300
2017-06-29,13.7,13.7,13.7,13.7,0
2017-06-30,13.7,13.7,13.7,13.7,100
2017-07-03,15.0,15.0,14.0,14.2,5200
2017-07-04,15.2,15.2,15.2,15.2,919
2017-07-05,15.2,15.2,15.2,15.2,0
2017-07-06,15.2,15.2,15.2,15.2,0
2017-07-07,15.2,15.2,15.2,15.2,20
2017-07-10,15.3,15.3,15.0,15.0,200
2017-07-11,15.0,15.0,15.0,15.0,0
2017-07-12,15.0,15.0,15.0,15.0,4500
2017-07-13,13.5,15.0,13.5,15.0,200
2017-07-14,15.0,15.0,15.0,15.0,5419
2017-07-17,15.0,15.0,15.0,15.0,5000
2017-07-18,15.0,15.0,15.0,15.0,0
2017-07-19,15.5,15.5,15.5,15.5,100
2017-07-20,15.5,15.5,15.5,15.5,0
2017-07-21,15.5,15.5,15.4,15.4,631
2017-07-24,15.4,15.4,15.4,15.4,100
2017-07-25,15.2,15.2,15.2,15.2,10000
2017-07-26,15.2,15.2,15.2,15.2,0
2017-07-27,15.3,15.5,15.1,15.5,10700
2017-07-28,14.0,14.0,14.0,14.0,100
2017-07-31,12.6,15.4,12.6,14.9,800
2017-08-01,14.9,14.9,14.9,14.9,0
2017-08-02,15.0,15.0,15.0,15.0,2000
2017-08-03,15.1,15.1,15.1,15.1,100
2017-08-04,15.1,15.1,15.1,15.1,0
2017-08-07,15.2,15.2,15.1,15.1,5125
2017-08-08,13.6,16.0,13.6,16.0,308
2017-08-09,14.4,15.0,14.4,15.0,200
2017-08-10,15.0,15.0,15.0,15.0,5000
2017-08-11,13.5,16.4,13.5,16.4,300
2017-08-14,14.8,14.8,14.8,14.8,100
2017-08-15,15.2,15.2,15.2,15.2,400
2017-08-16,15.0,15.0,15.0,15.0,6431
2017-08-17,15.0,15.0,15.0,15.0,500
2017-08-18,15.0,15.0,15.0,15.0,0
2017-08-21,15.0,15.0,15.0,15.0,4000
2017-08-22,15.0,15.0,15.0,15.0,8900
2017-08-23,15.0,15.0,15.0,15.0,10500
2017-08-24,13.5,13.5,13.5,13.5,100
2017-08-25,13.5,13.5,13.5,13.5,8
2017-08-28,12.2,12.2,12.2,12.2,134
2017-08-29,12.2,12.2,12.2,12.2,0
2017-08-30,12.2,12.2,12.2,12.2,0
2017-08-31,12.2,12.2,12.2,12.2,0
2017-09-01,12.2,12.2,12.2,12.2,0
2017-09-05,12.2,12.2,12.2,12.2,86
2017-09-06,12.2,12.2,12.2,12.2,0
2017-09-07,12.2,12.2,12.2,12.2,0
2017-09-08,12.2,12.2,12.2,12.2,0
2017-09-11,12.2,12.2,12.2,12.2,0
2017-09-12,13.4,13.4,13.4,13.4,100
2017-09-13,13.4,13.4,13.4,13.4,0
2017-09-14,13.4,13.4,13.4,13.4,0
2017-09-15,13.4,13.4,13.4,13.4,0
2017-09-18,14.7,14.7,14.7,14.7,100
2017-09-19,13.3,13.3,13.3,13.3,100
2017-09-20,13.3,13.3,13.3,13.3,0
2017-09-21,12.0,14.5,12.0,14.5,441
2017-09-22,14.5,14.5,14.5,14.5,20
2017-09-25,14.5,14.5,14.5,14.5,0
2017-09-26,14.5,14.5,14.5,14.5,0
2017-09-27,14.5,14.5,14.5,14.5,0
2017-09-28,14.5,14.5,14.5,14.5,100
2017-09-29,15.8,15.8,15.8,15.8,129
2017-10-02,14.3,14.3,14.3,14.3,121
2017-10-03,15.0,15.5,15.0,15.5,200
2017-10-04,15.5,15.5,15.5,15.5,0
2017-10-05,15.5,15.5,15.5,15.5,2100
2017-10-06,15.5,15.5,15.2,15.2,1500
2017-10-09,15.2,15.2,15.2,15.2,200
2017-10-10,15.2,15.2,15.2,15.2,0
2017-10-11,15.2,15.2,15.2,15.2,0
2017-10-12,15.2,15.2,15.2,15.2,20
2017-10-13,15.2,15.2,15.2,15.2,0
2017-10-16,15.2,15.2,15.2,15.2,0
2017-10-17,15.0,15.0,15.0,15.0,200
2017-10-18,15.0,15.0,15.0,15.0,0
2017-10-19,15.0,15.0,15.0,15.0,0
2017-10-20,13.5,15.0,13.5,15.0,400
2017-10-23,14.5,14.5,14.5,14.5,100
2017-10-24,14.5,14.5,14.5,14.5,0
2017-10-25,14.5,14.5,14.5,14.5,6
2017-10-26,15.5,15.5,15.5,15.5,120
2017-10-27,15.0,15.0,15.0,15.0,115
2017-10-30,15.0,15.0,15.0,15.0,0
2017-10-31,15.0,15.0,15.0,15.0,0
2017-11-01,15.0,15.0,15.0,15.0,0
2017-11-02,15.0,15.0,15.0,15.0,0
2017-11-03,15.0,15.0,15.0,15.0,0
2017-11-06,15.0,15.0,15.0,15.0,0
2017-11-07,15.0,15.0,15.0,15.0,0
2017-11-08,15.0,15.0,15.0,15.0,66
2017-11-09,15.0,15.0,15.0,15.0,0
2017-11-10,14.6,14.6,14.6,14.6,125
2017-11-13,14.5,14.5,14.5,14.5,100
2017-11-14,14.5,14.5,14.5,14.5,8
2017-11-15,14.5,14.5,14.5,14.5,0
2017-11-16,14.5,14.5,14.5,14.5,0
2017-11-17,14.5,14.5,14.5,14.5,0
2017-11-20,14.5,14.5,14.5,14.5,0
2017-11-21,15.1,15.1,15.1,15.1,100
2017-11-22,15.1,15.1,15.1,15.1,0
2017-11-23,15.1,15.1,15.1,15.1,0
2017-11-24,15.1,15.1,15.1,15.1,0
2017-11-27,15.1,15.1,15.1,15.1,0
2017-11-28,15.1,15.1,15.1,15.1,0
2017-11-29,15.1,15.1,15.1,15.1,0
2017-11-30,15.1,15.1,15.1,15.1,0
2017-12-01,15.1,15.1,15.1,15.1,300
2017-12-04,15.1,15.1,15.1,15.1,0
2017-12-05,16.5,16.5,16.5,16.5,100
2017-12-06,16.0,16.0,16.0,16.0,100
2017-12-07,16.0,16.0,16.0,16.0,0
2017-12-08,16.0,16.0,16.0,16.0,0
2017-12-11,15.0,15.0,15.0,15.0,231
2017-12-12,15.0,15.0,15.0,15.0,0
2017-12-13,15.0,15.0,15.0,15.0,0
2017-12-14,15.0,15.0,15.0,15.0,0
2017-12-15,15.0,15.0,15.0,15.0,0
2017-12-18,15.0,15.0,15.0,15.0,0
2017-12-19,15.0,15.0,15.0,15.0,0
2017-12-20,15.0,15.0,15.0,15.0,0
2017-12-21,13.6,13.6,13.6,13.6,100
2017-12-22,13.6,13.6,13.6,13.6,0
2017-12-25,12.4,12.4,12.4,12.4,100
2017-12-26,12.4,12.4,12.4,12.4,0
2017-12-27,12.4,12.4,12.4,12.4,0
2017-12-28,13.5,13.5,13.5,13.5,500
2017-12-29,13.5,13.5,13.5,13.5,14
2018-01-02,13.5,13.5,13.5,13.5,0
2018-01-03,13.5,13.5,13.5,13.5,0
2018-01-04,13.5,13.5,13.5,13.5,0
2018-01-05,13.5,13.5,13.5,13.5,0
2018-01-08,13.5,13.5,13.5,13.5,0
2018-01-09,13.5,13.5,13.5,13.5,0
2018-01-10,13.5,13.5,13.5,13.5,0
2018-01-11,13.5,13.5,13.5,13.5,0
2018-01-12,13.5,13.5,13.5,13.5,0
2018-01-15,13.5,13.5,13.5,13.5,0
2018-01-16,13.5,13.5,13.5,13.5,0
2018-01-17,13.5,13.5,13.5,13.5,0
2018-01-18,13.5,13.5,13.5,13.5,67
2018-01-19,13.5,13.5,13.5,13.5,0
2018-01-22,13.5,13.5,13.5,13.5,30
2018-01-23,14.8,14.8,14.8,14.8,102
2018-01-24,14.8,14.8,14.8,14.8,0
2018-01-25,14.8,14.8,14.8,14.8,6
2018-01-26,14.8,14.8,14.8,14.8,24
2018-01-29,15.0,15.0,15.0,15.0,200
2018-01-30,15.0,15.0,15.0,15.0,208
2018-01-31,15.0,15.0,15.0,15.0,400
2018-02-01,15.0,15.0,15.0,15.0,8200
2018-02-02,15.0,15.0,15.0,15.0,0
2018-02-05,15.0,15.0,15.0,15.0,0
2018-02-06,15.0,15.0,15.0,15.0,0
2018-02-07,15.0,15.0,15.0,15.0,0
2018-02-08,15.0,15.0,15.0,15.0,0
2018-02-09,15.0,15.0,15.0,15.0,8300
2018-02-12,15.0,15.0,15.0,15.0,0
2018-02-13,15.0,15.0,15.0,15.0,0
2018-02-21,15.0,15.0,15.0,15.0,0
2018-02-22,15.0,15.0,15.0,15.0,0
2018-02-23,15.0,15.0,15.0,15.0,0
2018-02-26,15.0,15.0,15.0,15.0,0
2018-02-27,15.0,15.0,15.0,15.0,0
2018-02-28,15.0,15.0,15.0,15.0,0
2018-03-01,15.0,15.0,15.0,15.0,0
2018-03-02,15.0,15.0,15.0,15.0,0
2018-03-05,15.0,15.0,15.0,15.0,0
2018-03-06,15.0,15.0,15.0,15.0,0
2018-03-07,15.0,15.0,15.0,15.0,0
2018-03-08,15.0,15.0,15.0,15.0,0
2018-03-09,15.0,15.0,15.0,15.0,0
2018-03-12,15.0,15.0,15.0,15.0,0
2018-03-13,15.0,15.0,15.0,15.0,0
2018-03-14,14.0,14.0,14.0,14.0,1200
2018-03-15,14.0,14.0,14.0,14.0,0
2018-03-16,14.0,14.0,14.0,14.0,70
2018-03-19,14.0,14.0,14.0,14.0,69
2018-03-20,14.0,14.0,14.0,14.0,0
2018-03-21,14.0,14.0,14.0,14.0,0
2018-03-22,14.0,14.0,14.0,14.0,7
2018-03-23,14.0,14.0,14.0,14.0,0
2018-03-26,14.0,14.0,14.0,14.0,0
2018-03-27,14.0,14.0,14.0,14.0,0
2018-03-28,14.0,14.0,14.0,14.0,100
2018-03-29,14.0,14.0,14.0,14.0,0
2018-03-30,14.0,14.0,14.0,14.0,0
2018-04-02,14.0,14.0,14.0,14.0,0
2018-04-03,14.0,14.0,14.0,14.0,0
2018-04-04,14.0,14.0,14.0,14.0,0
2018-04-05,14.0,14.0,14.0,14.0,0
2018-04-06,14.0,14.0,14.0,14.0,0
2018-04-09,14.0,14.0,14.0,14.0,0
2018-04-10,15.4,15.4,15.4,15.4,200
2018-04-11,15.0,15.0,15.0,15.0,200
2018-04-12,13.5,15.0,13.5,15.0,200
2018-04-13,15.0,15.0,15.0,15.0,0
2018-04-16,13.5,15.0,13.5,15.0,800
2018-04-17,15.0,15.0,15.0,15.0,0
2018-04-18,14.5,14.5,14.5,14.5,100
2018-04-19,14.5,14.5,14.5,14.5,0
2018-04-20,14.5,14.5,14.5,14.5,0
2018-04-23,14.5,14.5,14.5,14.5,100
2018-04-24,14.5,14.5,14.5,14.5,0
2018-04-26,14.0,14.0,14.0,14.0,100
2018-04-27,15.4,15.4,15.4,15.4,100
2018-05-02,15.0,15.0,15.0,15.0,100
2018-05-03,15.0,15.0,15.0,15.0,0
2018-05-04,15.0,15.0,15.0,15.0,0
2018-05-07,15.0,15.0,15.0,15.0,0
2018-05-08,15.0,15.0,15.0,15.0,0
2018-05-09,15.0,15.0,15.0,15.0,0
2018-05-10,15.0,15.0,15.0,15.0,0
2018-05-11,15.0,15.0,15.0,15.0,0
2018-05-14,15.0,15.0,15.0,15.0,0
2018-05-15,14.0,14.0,14.0,14.0,100
2018-05-16,14.0,14.0,14.0,14.0,0
2018-05-17,14.0,14.0,14.0,14.0,0
2018-05-18,14.0,14.0,14.0,14.0,0
2018-05-21,14.0,14.0,14.0,14.0,0
2018-05-22,14.0,14.0,14.0,14.0,0
2018-05-23,14.0,14.0,14.0,14.0,0
2018-05-24,14.0,14.0,14.0,14.0,0
2018-05-25,14.0,14.0,14.0,14.0,0
2018-05-28,14.0,14.0,14.0,14.0,0
2018-05-29,14.0,14.0,14.0,14.0,0
2018-05-30,14.0,14.0,14.0,14.0,0
2018-05-31,14.0,14.0,14.0,14.0,0
2018-06-01,14.0,14.0,14.0,14.0,0
2018-06-04,14.0,14.0,14.0,14.0,100
2018-06-05,14.0,14.0,14.0,14.0,0
2018-06-06,14.0,14.0,14.0,14.0,0
2018-06-07,14.0,14.0,14.0,14.0,0
2018-06-08,14.0,14.0,14.0,14.0,0
2018-06-11,14.0,14.0,14.0,14.0,0
2018-06-12,14.0,14.0,14.0,14.0,0
2018-06-13,13.0,13.0,13.0,13.0,100
2018-06-14,13.0,13.0,13.0,13.0,0
2018-06-15,13.0,13.0,13.0,13.0,0
2018-06-18,13.0,13.0,13.0,13.0,0
2018-06-19,13.0,13.0,13.0,13.0,0
2018-06-20,13.0,13.0,13.0,13.0,0
2018-06-21,13.0,13.0,13.0,13.0,0
2018-06-22,13.0,13.0,13.0,13.0,0
2018-06-25,13.0,13.0,13.0,13.0,63
2018-06-26,13.0,13.0,13.0,13.0,0
2018-06-27,11.7,11.7,11.7,11.7,100
2018-06-28,11.7,11.7,11.7,11.7,0
2018-06-29,11.7,11.7,11.7,11.7,0
2018-07-02,12.8,12.8,12.8,12.8,100
2018-07-03,12.8,12.8,12.8,12.8,1500
2018-07-04,12.8,12.8,12.8,12.8,0
2018-07-05,12.8,12.8,12.8,12.8,0
2018-07-06,12.8,12.8,12.8,12.8,0
2018-07-09,12.8,12.8,12.8,12.8,0
2018-07-10,12.8,12.8,12.8,12.8,0
2018-07-11,12.8,12.8,12.8,12.8,0
2018-07-12,12.8,12.8,12.8,12.8,0
2018-07-13,12.8,12.8,12.8,12.8,0
2018-07-16,12.8,12.8,12.8,12.8,0
2018-07-17,12.8,12.8,12.8,12.8,0
2018-07-18,12.8,12.8,12.8,12.8,0
2018-07-19,12.8,12.8,12.8,12.8,0
2018-07-20,12.8,12.8,12.8,12.8,95
2018-07-23,12.8,12.8,12.8,12.8,1785
2018-07-24,12.8,12.8,12.8,12.8,0
2018-07-25,14.0,14.0,14.0,14.0,100
2018-07-26,12.7,15.4,12.7,15.4,300
2018-07-27,14.0,14.0,14.0,14.0,157
2018-07-30,14.0,14.0,14.0,14.0,0
2018-07-31,14.0,14.0,14.0,14.0,0
2018-08-01,14.0,14.0,14.0,14.0,0
2018-08-02,14.0,14.0,14.0,14.0,200
2018-08-03,14.0,14.0,14.0,14.0,100
2018-08-06,14.0,14.0,14.0,14.0,0
2018-08-07,14.0,14.0,14.0,14.0,0
2018-08-08,14.0,14.0,14.0,14.0,0
2018-08-09,14.0,14.0,14.0,14.0,0
2018-08-10,14.0,14.0,14.0,14.0,0
2018-08-13,15.4,15.4,15.2,15.2,1300
2018-08-14,15.2,15.2,15.2,15.2,200
2018-08-15,13.8,13.8,13.8,13.8,100
2018-08-16,14.0,14.0,14.0,14.0,1000
2018-08-17,14.0,14.0,14.0,14.0,0
2018-08-20,14.0,14.0,14.0,14.0,100
2018-08-21,14.0,14.0,14.0,14.0,100
2018-08-22,14.0,14.0,14.0,14.0,100
2018-08-23,14.0,14.0,14.0,14.0,0
2018-08-24,14.0,14.0,14.0,14.0,0
2018-08-27,14.0,14.0,14.0,14.0,0
2018-08-28,12.6,15.4,12.6,15.4,200
2018-08-29,15.0,15.0,15.0,15.0,200
2018-08-30,15.0,15.0,15.0,15.0,0
2018-08-31,15.0,15.0,15.0,15.0,0
2018-09-04,15.0,15.0,15.0,15.0,0
2018-09-05,15.0,15.0,15.0,15.0,0
2018-09-06,15.0,15.0,15.0,15.0,0
2018-09-07,16.4,16.4,16.4,16.4,500
2018-09-10,16.4,16.4,16.4,16.4,0
2018-09-11,16.4,16.4,16.4,16.4,0
2018-09-12,16.4,16.4,16.4,16.4,0
2018-09-13,16.4,16.4,16.4,16.4,0
2018-09-14,16.4,16.4,16.4,16.4,0
2018-09-17,16.4,16.4,16.4,16.4,0
2018-09-18,16.4,16.4,16.4,16.4,0
2018-09-19,16.4,16.4,16.4,16.4,0
2018-09-20,16.4,16.4,16.4,16.4,0
2018-09-21,16.0,16.0,16.0,16.0,100
2018-09-24,16.0,16.0,16.0,16.0,0
2018-09-25,16.0,16.0,16.0,16.0,0
2018-09-26,17.0,17.0,17.0,17.0,100
2018-09-27,17.0,17.0,17.0,17.0,0
2018-09-28,15.3,15.3,15.3,15.3,100
2018-10-01,15.3,15.3,15.3,15.3,0
2018-10-02,15.3,15.3,15.3,15.3,0
2018-10-03,15.3,15.3,15.3,15.3,0
2018-10-04,15.3,15.3,15.3,15.3,0
2018-10-05,15.5,15.5,15.5,15.5,100
2018-10-08,15.5,15.5,15.5,15.5,200
2018-10-09,15.5,15.5,15.5,15.5,0
2018-10-10,15.5,15.5,15.5,15.5,200
2018-10-11,15.5,15.5,15.5,15.5,200
2018-10-12,15.0,15.0,15.0,15.0,100
2018-10-15,15.0,15.0,15.0,15.0,0
2018-10-16,15.0,15.0,15.0,15.0,0
2018-10-17,15.0,15.0,15.0,15.0,0
2018-10-18,13.5,16.4,13.5,16.4,200
2018-10-19,16.4,16.4,16.4,16.4,0
2018-10-22,16.4,16.4,16.4,16.4,0
2018-10-23,14.8,17.0,14.8,17.0,200
2018-10-24,17.0,17.0,17.0,17.0,0
2018-10-25,17.0,17.0,17.0,17.0,0
2018-10-26,17.0,17.0,17.0,17.0,0
2018-10-29,15.3,15.3,15.3,15.3,100
2018-10-30,13.8,13.8,13.8,13.8,100
2018-10-31,12.5,12.5,12.5,12.5,100
2018-11-01,11.3,11.3,11.3,11.3,100
2018-11-02,10.2,10.2,10.2,10.2,100
2018-11-05,10.2,10.2,10.2,10.2,0
2018-11-06,9.2,11.2,9.2,11.2,200
2018-11-07,10.1,10.1,10.1,10.1,100
2018-11-08,10.1,10.1,10.1,10.1,75
2018-11-09,9.2,11.1,9.2,11.1,200
2018-11-12,10.0,10.0,10.0,10.0,100
2018-11-13,9.0,11.0,9.0,11.0,200
2018-11-14,12.1,12.1,12.1,12.1,100
2018-11-15,12.1,12.1,12.1,12.1,0
2018-11-16,12.1,12.1,12.1,12.1,0
2018-11-19,10.9,10.9,10.9,10.9,100
2018-11-20,10.0,11.9,10.0,11.9,200
2018-11-21,10.8,13.0,10.8,13.0,300
2018-11-22,13.0,13.0,13.0,13.0,200
2018-11-23,13.0,13.0,13.0,13.0,100
2018-11-26,13.0,13.0,13.0,13.0,125
2018-11-27,14.3,14.3,14.3,14.3,100
2018-11-28,14.3,14.3,14.3,14.3,0
2018-11-29,14.0,14.0,14.0,14.0,100
2018-11-30,14.0,14.0,14.0,14.0,0
2018-12-03,14.0,14.0,14.0,14.0,0
2018-12-04,14.0,14.0,14.0,14.0,0
2018-12-05,15.4,15.4,15.4,15.4,500
2018-12-06,14.5,14.5,14.5,14.5,1100
2018-12-07,14.5,14.5,14.5,14.5,0
2018-12-10,14.5,14.5,14.5,14.5,0
2018-12-11,14.5,14.5,14.5,14.5,0
2018-12-12,14.5,14.5,14.5,14.5,0
2018-12-13,14.5,14.5,14.5,14.5,0
2018-12-14,14.5,14.5,14.5,14.5,0
2018-12-17,14.5,14.5,14.5,14.5,0
2018-12-18,14.5,14.5,14.5,14.5,0
2018-12-19,14.5,14.5,14.5,14.5,0
2018-12-20,14.5,14.5,14.5,14.5,0
2018-12-21,14.5,14.5,14.5,14.5,0
2018-12-24,14.5,14.5,14.5,14.5,0
2018-12-25,14.5,14.5,14.5,14.5,0
2018-12-26,14.5,14.5,14.5,14.5,0
2018-12-27,14.5,14.5,14.5,14.5,0
2018-12-28,14.5,14.5,14.5,14.5,0
2019-01-02,14.5,14.5,14.5,14.5,0
2019-01-03,14.5,14.5,14.5,14.5,300
2019-01-04,14.5,14.5,14.5,14.5,0
2019-01-07,14.5,14.5,14.5,14.5,200
2019-01-08,14.5,14.5,14.5,14.5,100
2019-01-09,14.5,14.5,14.5,14.5,0
2019-01-10,14.5,14.5,14.5,14.5,0
2019-01-11,14.5,14.5,14.5,14.5,0
2019-01-14,14.5,14.5,14.5,14.5,0
2019-01-15,14.5,14.5,14.5,14.5,0
2019-01-16,14.5,14.5,14.5,14.5,0
2019-01-17,14.5,14.5,14.5,14.5,0
2019-01-18,14.5,14.5,14.5,14.5,0
2019-01-21,14.5,14.5,14.5,14.5,100
2019-01-22,14.5,14.5,14.5,14.5,0
2019-01-23,14.5,14.5,14.5,14.5,0
2019-01-24,14.5,14.5,14.5,14.5,0
2019-01-25,14.5,14.5,14.5,14.5,0
2019-01-28,14.5,14.5,14.5,14.5,7220
2019-01-29,14.5,14.5,14.5,14.5,1000
2019-01-30,14.5,14.5,14.5,14.5,0
2019-01-31,14.5,14.5,14.5,14.5,200
2019-02-01,14.5,14.5,14.5,14.5,400
2019-02-11,15.9,15.9,15.9,15.9,100
2019-02-12,17.4,17.4,17.4,17.4,100
2019-02-13,19.1,19.1,19.1,19.1,100
2019-02-14,19.1,19.1,19.1,19.1,0
2019-02-15,19.1,19.1,19.1,19.1,3
2019-02-18,21.0,21.0,21.0,21.0,100
2019-02-19,21.0,21.0,21.0,21.0,0
2019-02-20,21.0,21.0,21.0,21.0,0
2019-02-21,21.0,21.0,21.0,21.0,0
2019-02-22,21.0,21.0,21.0,21.0,0
2019-02-25,21.0,21.0,21.0,21.0,0
2019-02-26,21.0,21.0,21.0,21.0,0
2019-02-27,21.0,21.0,21.0,21.0,0
2019-02-28,21.0,21.0,21.0,21.0,0
2019-03-01,23.1,23.1,23.1,23.1,100
2019-03-04,23.1,23.1,23.1,23.1,0
2019-03-05,23.1,23.1,23.1,23.1,0
2019-03-06,23.1,23.1,23.1,23.1,0
2019-03-07,23.1,23.1,23.1,23.1,0
2019-03-08,23.1,23.1,23.1,23.1,0
2019-03-11,23.1,23.1,23.1,23.1,0
2019-03-12,23.1,23.1,23.1,23.1,0
2019-03-13,23.1,23.1,23.1,23.1,0
2019-03-14,23.1,23.1,23.1,23.1,0
2019-03-15,23.1,23.1,23.1,23.1,7
2019-03-18,23.1,23.1,23.1,23.1,0
2019-03-19,23.1,23.1,23.1,23.1,0
2019-03-20,23.1,23.1,23.1,23.1,0
2019-03-21,20.8,20.8,20.8,20.8,100
2019-03-22,18.8,18.8,18.8,18.8,100
2019-03-25,18.8,18.8,18.8,18.8,0
2019-03-26,18.8,18.8,18.8,18.8,0
2019-03-27,17.0,17.0,17.0,17.0,100
2019-03-28,18.7,18.7,18.7,18.7,100
2019-03-29,18.7,18.7,18.7,18.7,0
2019-04-01,18.7,18.7,18.7,18.7,0
2019-04-02,18.7,18.7,18.7,18.7,0
2019-04-03,18.7,18.7,18.7,18.7,0
2019-04-04,18.7,18.7,18.7,18.7,0
2019-04-05,20.5,20.5,20.5,20.5,100
2019-04-08,20.5,20.5,20.5,20.5,0
2019-04-09,20.5,20.5,20.5,20.5,0
2019-04-10,19.1,19.1,19.1,19.1,700
2019-04-11,19.1,19.1,19.1,19.1,0
2019-04-12,19.1,19.1,19.1,19.1,0
2019-04-16,19.1,19.1,19.1,19.1,0
2019-04-17,19.1,19.1,19.1,19.1,0
2019-04-18,19.1,19.1,19.1,19.1,0
2019-04-19,19.1,19.1,19.1,19.1,0
2019-04-22,21.0,21.0,21.0,21.0,100
2019-04-23,21.0,21.0,21.0,21.0,0
2019-04-24,21.0,21.0,21.0,21.0,0
2019-04-25,21.0,21.0,21.0,21.0,0
2019-04-26,21.0,21.0,21.0,21.0,0
2019-05-02,21.0,21.0,21.0,21.0,0
2019-05-03,21.0,21.0,21.0,21.0,0
2019-05-06,21.0,21.0,21.0,21.0,0
2019-05-07,21.0,21.0,21.0,21.0,0
2019-05-08,21.0,21.0,21.0,21.0,0
2019-05-09,21.0,21.0,21.0,21.0,0
2019-05-10,21.0,21.0,21.0,21.0,0
2019-05-13,23.1,23.1,18.9,18.9,300
2019-05-14,18.9,18.9,18.9,18.9,0
2019-05-15,18.8,18.8,18.8,18.8,4970
2019-05-16,20.6,20.6,20.6,20.6,100
2019-05-17,20.6,20.6,20.6,20.6,50
2019-05-20,22.6,22.6,22.6,22.6,100
2019-05-21,22.6,22.6,22.6,22.6,0
2019-05-22,22.6,22.6,22.6,22.6,0
2019-05-23,20.4,20.4,20.4,20.4,110
2019-05-24,20.4,20.4,20.4,20.4,0
2019-05-27,22.4,22.4,22.4,22.4,100
2019-05-28,22.4,22.4,22.4,22.4,0
2019-05-29,22.4,22.4,22.4,22.4,0
2019-05-30,22.4,22.4,22.4,22.4,0
2019-05-31,22.4,22.4,22.4,22.4,0
2019-06-03,22.4,22.4,22.4,22.4,0
2019-06-04,22.4,22.4,22.4,22.4,0
2019-06-05,22.4,22.4,22.4,22.4,0
2019-06-06,22.4,22.4,22.4,22.4,0
2019-06-07,22.4,22.4,22.4,22.4,0
2019-06-10,22.4,22.4,22.4,22.4,0
2019-06-11,22.4,22.4,22.4,22.4,0
2019-06-12,22.4,22.4,22.4,22.4,0
2019-06-13,22.4,22.4,22.4,22.4,0
2019-06-14,22.4,22.4,22.4,22.4,0
2019-06-17,22.4,22.4,22.4,22.4,0
2019-06-18,22.4,22.4,22.4,22.4,0
2019-06-19,22.4,22.4,22.4,22.4,0
2019-06-20,22.4,22.4,22.4,22.4,0
2019-06-21,24.6,24.6,24.6,24.6,100
2019-06-24,24.6,24.6,24.6,24.6,0
2019-06-25,24.6,24.6,24.6,24.6,0
2019-06-26,24.6,24.6,24.6,24.6,0
2019-06-27,24.6,24.6,24.6,24.6,0
2019-06-28,24.6,24.6,24.6,24.6,0
2019-07-01,24.6,24.6,24.6,24.6,0
2019-07-02,24.6,24.6,24.6,24.6,0
2019-07-03,22.2,22.2,22.2,22.2,100
2019-07-04,20.0,20.0,20.0,20.0,100
2019-07-05,20.0,20.0,20.0,20.0,0
2019-07-08,20.0,20.0,20.0,20.0,0
2019-07-09,18.0,18.0,18.0,18.0,100
2019-07-10,16.2,16.2,16.2,16.2,100
2019-07-11,14.6,14.6,14.6,14.6,100
2019-07-12,13.2,13.2,13.2,13.2,750
2019-07-15,14.5,14.5,14.0,14.0,254
2019-07-16,14.0,14.0,14.0,14.0,0
2019-07-17,14.0,14.0,14.0,14.0,0
2019-07-18,15.4,15.4,15.4,15.4,100
2019-07-19,13.9,16.4,13.9,13.9,600
2019-07-22,15.2,15.2,15.2,15.2,100
2019-07-23,15.2,15.2,15.2,15.2,0
2019-07-24,15.2,15.2,15.2,15.2,0
2019-07-25,13.7,13.7,13.7,13.7,100
2019-07-26,13.7,13.7,13.7,13.7,0
2019-07-29,13.7,13.7,12.4,12.4,600
2019-07-30,13.6,13.6,13.6,13.6,100
2019-07-31,12.3,12.3,12.3,12.3,310
2019-08-01,13.2,13.2,13.2,13.2,120
2019-08-02,12.0,14.3,12.0,14.3,400
2019-08-05,14.3,14.3,14.3,14.3,0
2019-08-06,14.3,14.3,14.3,14.3,0
2019-08-07,14.3,14.3,14.3,14.3,50
2019-08-08,14.3,14.3,14.3,14.3,0
2019-08-09,12.9,12.9,12.9,12.9,100
2019-08-12,11.8,11.8,11.8,11.8,300
2019-08-13,10.9,12.4,10.9,12.4,700
2019-08-14,11.3,12.3,11.3,12.3,300
2019-08-15,12.3,12.3,12.3,12.3,0
2019-08-16,12.9,12.9,12.9,12.9,100
2019-08-19,12.9,12.9,12.9,12.9,0
2019-08-20,12.9,12.9,12.9,12.9,0
2019-08-21,12.9,12.9,12.9,12.9,0
2019-08-22,12.9,12.9,12.9,12.9,0
2019-08-23,12.9,12.9,12.9,12.9,0
2019-08-26,12.9,12.9,12.9,12.9,0
2019-08-27,12.9,12.9,12.9,12.9,0
2019-08-28,12.9,12.9,12.9,12.9,0
2019-08-29,11.9,13.9,11.9,12.1,400
2019-08-30,12.1,12.1,12.1,12.1,100
2019-09-03,12.1,12.1,12.1,12.1,0
2019-09-04,12.1,12.1,12.1,12.1,0
2019-09-05,13.2,13.2,13.2,13.2,100
2019-09-06,13.2,13.2,13.2,13.2,0
2019-09-09,13.2,13.2,13.2,13.2,0
2019-09-10,13.2,13.2,13.2,13.2,0
2019-09-11,14.0,14.0,13.9,14.0,900
2019-09-12,14.0,14.0,14.0,14.0,0
2019-09-13,14.0,14.0,14.0,14.0,0
2019-09-16,12.6,15.4,12.6,15.4,1000
2019-09-17,15.3,16.9,15.3,16.9,1400
2019-09-18,16.9,16.9,16.9,16.9,0
2019-09-19,16.9,16.9,16.9,16.9,0
2019-09-20,16.9,16.9,16.9,16.9,0
2019-09-23,16.9,16.9,16.9,16.9,0
2019-09-24,16.9,16.9,16.9,16.9,0
2019-09-25,16.9,16.9,16.9,16.9,0
2019-09-26,16.9,16.9,16.9,16.9,0
2019-09-27,16.9,16.9,16.9,16.9,0
2019-09-30,16.9,16.9,16.9,16.9,0
2019-10-01,16.9,16.9,16.9,16.9,0
2019-10-02,16.9,16.9,16.9,16.9,0
2019-10-03,15.3,15.3,15.3,15.3,300
2019-10-04,15.3,15.3,15.3,15.3,0
2019-10-07,15.3,15.3,15.3,15.3,0
2019-10-08,16.8,16.8,16.8,16.8,200
2019-10-09,18.4,18.4,18.4,18.4,100
2019-10-10,18.4,18.4,18.4,18.4,0
2019-10-11,18.4,18.4,18.4,18.4,0
2019-10-14,18.4,18.4,18.4,18.4,0
2019-10-15,18.4,18.4,18.4,18.4,0
2019-10-16,16.6,20.2,16.6,20.2,200
2019-10-17,20.2,20.2,20.2,20.2,0
2019-10-18,18.2,22.2,18.2,22.2,300
2019-10-21,22.2,22.2,22.2,22.2,0
2019-10-22,22.2,22.2,22.2,22.2,0
2019-10-23,22.2,22.2,22.2,22.2,0
2019-10-24,20.0,24.4,20.0,24.4,300
2019-10-25,24.4,24.4,24.4,24.4,0
2019-10-28,26.8,26.8,26.8,26.8,100
2019-10-29,26.8,26.8,26.8,26.8,0
2019-10-30,26.8,26.8,26.8,26.8,0
2019-10-31,26.8,26.8,26.8,26.8,0
2019-11-01,26.8,26.8,26.8,26.8,0
2019-11-04,26.8,26.8,26.8,26.8,0
2019-11-05,26.8,26.8,26.8,26.8,0
2019-11-06,26.8,26.8,26.8,26.8,0
2019-11-07,29.4,29.4,29.4,29.4,100
2019-11-08,29.4,29.4,29.4,29.4,0
2019-11-11,29.4,29.4,29.4,29.4,0
2019-11-12,29.4,29.4,29.4,29.4,0
2019-11-13,32.0,32.0,32.0,32.0,120
2019-11-14,32.0,32.0,32.0,32.0,0
2019-11-15,32.0,32.0,32.0,32.0,0
2019-11-18,32.0,32.0,32.0,32.0,0
2019-11-19,32.0,32.0,32.0,32.0,8
2019-11-20,32.0,32.0,32.0,32.0,0
2019-11-21,32.0,32.0,32.0,32.0,0
2019-11-22,32.0,32.0,32.0,32.0,30
2019-11-25,32.0,32.0,32.0,32.0,0
2019-11-26,32.0,32.0,32.0,32.0,20
2019-11-27,32.0,32.0,32.0,32.0,0
2019-11-28,32.0,32.0,32.0,32.0,0
2019-11-29,32.0,32.0,32.0,32.0,0
2019-12-02,32.0,32.0,32.0,32.0,0
2019-12-03,32.0,32.0,32.0,32.0,0
2019-12-04,32.0,32.0,32.0,32.0,0
2019-12-05,32.0,32.0,32.0,32.0,0
2019-12-06,32.0,32.0,32.0,32.0,0
2019-12-09,32.0,32.0,32.0,32.0,0
2019-12-10,32.0,32.0,32.0,32.0,0
2019-12-11,32.0,32.0,32.0,32.0,0
2019-12-12,32.0,32.0,32.0,32.0,0
2019-12-13,32.0,32.0,32.0,32.0,0
2019-12-16,32.0,32.0,32.0,32.0,0
2019-12-17,32.0,32.0,32.0,32.0,0
2019-12-18,32.0,32.0,32.0,32.0,0
2019-12-19,32.0,32.0,32.0,32.0,0
2019-12-20,32.0,32.0,32.0,32.0,0
2019-12-23,32.0,32.0,32.0,32.0,0
2019-12-24,32.0,32.0,32.0,32.0,0
2019-12-25,32.0,32.0,32.0,32.0,0
2019-12-26,32.0,32.0,32.0,32.0,0
2019-12-27,32.0,32.0,32.0,32.0,0
2019-12-30,32.0,32.0,32.0,32.0,0
2019-12-31,32.0,32.0,32.0,32.0,0
2020-01-02,32.0,32.0,32.0,32.0,0
2020-01-03,32.0,32.0,32.0,32.0,0
2020-01-06,32.0,32.0,32.0,32.0,0
2020-01-07,32.0,32.0,32.0,32.0,0
2020-01-08,32.0,32.0,32.0,32.0,0
2020-01-09,32.0,32.0,32.0,32.0,0
2020-01-10,32.0,32.0,32.0,32.0,0
2020-01-13,32.0,32.0,32.0,32.0,0
2020-01-14,32.0,32.0,32.0,32.0,0
2020-01-15,32.0,32.0,32.0,32.0,0
2020-01-16,32.0,32.0,32.0,32.0,0
2020-01-17,32.0,32.0,32.0,32.0,0
2020-01-20,32.0,32.0,32.0,32.0,0
2020-01-21,32.0,32.0,32.0,32.0,0
2020-01-22,32.0,32.0,32.0,32.0,0
2020-01-30,32.0,32.0,32.0,32.0,0
2020-01-31,32.0,32.0,32.0,32.0,0
2020-02-03,32.0,32.0,32.0,32.0,0
2020-02-04,32.0,32.0,32.0,32.0,0
2020-02-05,32.0,32.0,32.0,32.0,0
2020-02-06,32.0,32.0,32.0,32.0,0
2020-02-07,32.0,32.0,32.0,32.0,0
2020-02-10,32.0,32.0,32.0,32.0,0
2020-02-11,32.0,32.0,32.0,32.0,0
2020-02-12,32.0,32.0,32.0,32.0,0
2020-02-13,32.0,32.0,32.0,32.0,0
2020-02-14,32.0,32.0,32.0,32.0,0
2020-02-17,32.0,32.0,32.0,32.0,0
2020-02-18,32.0,32.0,32.0,32.0,0
2020-02-19,32.0,32.0,32.0,32.0,0
2020-02-20,32.0,32.0,32.0,32.0,0
2020-02-21,32.0,32.0,32.0,32.0,0
2020-02-24,32.0,32.0,32.0,32.0,0
2020-02-25,32.0,32.0,32.0,32.0,0
2020-02-26,32.0,32.0,32.0,32.0,0
2020-02-27,32.0,32.0,32.0,32.0,0
2020-02-28,32.0,32.0,32.0,32.0,0
2020-03-02,32.0,32.0,32.0,32.0,0
2020-03-03,32.0,32.0,32.0,32.0,0
2020-03-04,32.0,32.0,32.0,32.0,0
2020-03-05,32.0,32.0,32.0,32.0,0
2020-03-06,32.0,32.0,32.0,32.0,0
2020-03-09,32.0,32.0,32.0,32.0,0
2020-03-10,32.0,32.0,32.0,32.0,0
2020-03-11,32.0,32.0,32.0,32.0,0
2020-03-12,32.0,32.0,32.0,32.0,0
2020-03-13,32.0,32.0,32.0,32.0,0
2020-03-16,32.0,32.0,32.0,32.0,0
2020-03-17,32.0,32.0,32.0,32.0,0
2020-03-18,32.0,32.0,32.0,32.0,0
2020-03-19,32.0,32.0,32.0,32.0,0
2020-03-20,32.0,32.0,32.0,32.0,0
2020-03-23,32.0,32.0,32.0,32.0,0
2020-03-24,32.0,32.0,32.0,32.0,0
2020-03-25,32.0,32.0,32.0,32.0,0
2020-03-26,32.0,32.0,32.0,32.0,0
2020-03-27,32.0,32.0,32.0,32.0,0
2020-03-30,32.0,32.0,32.0,32.0,0
2020-03-31,32.0,32.0,32.0,32.0,0
2020-04-01,32.0,32.0,32.0,32.0,0
2020-04-03,32.0,32.0,32.0,32.0,0
2020-04-06,28.8,28.8,28.8,28.8,100
2020-04-07,31.6,31.6,31.6,31.6,100
2020-04-08,31.6,31.6,31.6,31.6,0
2020-04-09,31.6,31.6,31.6,31.6,0
2020-04-10,31.6,31.6,31.6,31.6,0
2020-04-13,31.6,31.6,31.6,31.6,0
2020-04-14,31.6,31.6,31.6,31.6,0
2020-04-15,31.6,31.6,31.6,31.6,0
2020-04-16,31.6,31.6,31.6,31.6,0
2020-04-17,31.6,31.6,31.6,31.6,0
2020-04-20,31.6,31.6,31.6,31.6,0
2020-04-21,31.6,31.6,31.6,31.6,0
2020-04-22,31.6,31.6,31.6,31.6,1
2020-04-23,31.6,31.6,31.6,31.6,54
2020-04-24,31.6,31.6,31.6,31.6,0
2020-04-27,31.6,31.6,31.6,31.6,0
2020-04-28,31.6,31.6,31.6,31.6,0
2020-04-29,31.6,31.6,31.6,31.6,0
2020-05-04,31.6,31.6,31.6,31.6,0
2020-05-05,31.6,31.6,31.6,31.6,0
2020-05-06,31.6,31.6,31.6,31.6,0
2020-05-07,31.6,31.6,31.6,31.6,0
2020-05-08,31.6,31.6,31.6,31.6,0
2020-05-11,31.6,31.6,31.6,31.6,0
2020-05-12,31.6,31.6,31.6,31.6,0
2020-05-13,31.6,31.6,31.6,31.6,0
2020-05-14,31.6,31.6,31.6,31.6,0
2020-05-15,31.6,31.6,31.6,31.6,0
2020-05-18,31.6,31.6,31.6,31.6,0
2020-05-19,31.6,31.6,31.6,31.6,0
2020-05-20,31.6,31.6,31.6,31.6,0
2020-05-21,31.6,31.6,31.6,31.6,0
2020-05-22,31.6,31.6,31.6,31.6,0
2020-05-25,31.6,31.6,31.6,31.6,0
2020-05-26,28.5,28.5,28.5,28.5,200
2020-05-27,28.5,28.5,28.5,28.5,0
2020-05-28,28.5,28.5,28.5,28.5,0
2020-05-29,28.5,28.5,28.5,28.5,0
2020-06-01,28.5,28.5,28.5,28.5,0
2020-06-02,28.5,28.5,28.5,28.5,0
2020-06-03,28.5,28.5,28.5,28.5,0
2020-06-04,28.5,28.5,28.5,28.5,0
2020-06-05,28.5,28.5,28.5,28.5,10
2020-06-08,28.5,28.5,28.5,28.5,0
2020-06-09,28.5,28.5,28.5,28.5,0
2020-06-10,28.5,28.5,28.5,28.5,0
2020-06-11,28.5,28.5,28.5,28.5,0
2020-06-12,28.5,28.5,28.5,28.5,0
2020-06-15,28.5,28.5,28.5,28.5,0
2020-06-16,28.5,28.5,28.5,28.5,0
2020-06-17,28.5,28.5,28.5,28.5,0
2020-06-18,28.5,28.5,28.5,28.5,0
2020-06-19,28.5,28.5,28.5,28.5,0
2020-06-22,28.5,28.5,28.5,28.5,0
2020-06-23,28.5,28.5,28.5,28.5,0
2020-06-24,28.5,28.5,28.5,28.5,0
2020-06-25,28.5,28.5,28.5,28.5,0
2020-06-26,28.5,28.5,28.5,28.5,0
2020-06-29,28.5,28.5,28.5,28.5,0
2020-06-30,28.5,28.5,28.5,28.5,0
2020-07-01,28.5,28.5,28.5,28.5,0
2020-07-02,28.5,28.5,28.5,28.5,0
2020-07-03,28.5,28.5,28.5,28.5,0
2020-07-06,28.5,28.5,28.5,28.5,0
2020-07-07,28.5,28.5,28.5,28.5,0
2020-07-08,28.5,28.5,28.5,28.5,0
2020-07-09,28.5,28.5,28.5,28.5,0
2020-07-10,28.5,28.5,28.5,28.5,0
2020-07-13,28.5,28.5,28.5,28.5,0
2020-07-14,28.5,28.5,28.5,28.5,0
2020-07-15,28.5,28.5,28.5,28.5,0
2020-07-16,28.5,28.5,28.5,28.5,0
2020-07-17,28.5,28.5,28.5,28.5,0
2020-07-20,28.5,28.5,28.5,28.5,0
2020-07-21,28.5,28.5,28.5,28.5,0
2020-07-22,28.5,28.5,28.5,28.5,0
2020-07-23,28.5,28.5,28.5,28.5,0
2020-07-24,28.5,28.5,28.5,28.5,0
2020-07-27,28.5,28.5,28.5,28.5,0
2020-07-28,28.5,28.5,28.5,28.5,0
2020-07-29,28.5,28.5,28.5,28.5,0
2020-07-30,28.5,28.5,28.5,28.5,0
2020-07-31,28.5,28.5,28.5,28.5,0
2020-08-03,28.5,28.5,28.5,28.5,0
2020-08-04,28.5,28.5,28.5,28.5,0
2020-08-05,28.5,28.5,28.5,28.5,0
2020-08-06,28.5,28.5,28.5,28.5,0
2020-08-07,28.5,28.5,28.5,28.5,0
2020-08-10,28.5,28.5,28.5,28.5,0
2020-08-11,28.5,28.5,28.5,28.5,0
2020-08-12,28.5,28.5,28.5,28.5,0
2020-08-13,28.5,28.5,28.5,28.5,0
2020-08-14,28.5,28.5,28.5,28.5,0
2020-08-17,28.5,28.5,28.5,28.5,0
2020-08-18,28.5,28.5,28.5,28.5,0
2020-08-19,28.5,28.5,28.5,28.5,0
2020-08-20,28.5,28.5,28.5,28.5,0
2020-08-21,28.5,28.5,28.5,28.5,0
2020-08-24,28.5,28.5,28.5,28.5,0
2020-08-25,28.5,28.5,28.5,28.5,0
2020-08-26,28.5,28.5,28.5,28.5,1
2020-08-27,28.5,28.5,28.5,28.5,0
2020-08-28,28.5,28.5,28.5,28.5,0
2020-08-31,28.5,28.5,28.5,28.5,0
2020-09-01,28.5,28.5,28.5,28.5,0
2020-09-03,28.5,28.5,28.5,28.5,0
2020-09-04,28.5,28.5,28.5,28.5,0
2020-09-07,28.5,28.5,28.5,28.5,0
2020-09-08,28.5,28.5,28.5,28.5,0
2020-09-09,28.5,28.5,28.5,28.5,0
2020-09-10,28.5,28.5,28.5,28.5,0
2020-09-11,28.5,28.5,28.5,28.5,0
2020-09-14,28.5,28.5,28.5,28.5,0
2020-09-15,28.5,28.5,28.5,28.5,0
2020-09-16,28.5,28.5,28.5,28.5,0
2020-09-17,28.5,28.5,28.5,28.5,0
2020-09-18,28.5,28.5,28.5,28.5,0
2020-09-21,28.5,28.5,28.5,28.5,0
2020-09-22,28.5,28.5,28.5,28.5,0
2020-09-23,28.5,28.5,28.5,28.5,0
2020-09-24,28.5,28.5,28.5,28.5,0
2020-09-25,28.5,28.5,28.5,28.5,0
2020-09-28,28.5,28.5,28.5,28.5,0
2020-09-29,28.5,28.5,28.5,28.5,0
2020-09-30,28.5,28.5,28.5,28.5,0
2020-10-01,28.5,28.5,28.5,28.5,0
2020-10-02,28.5,28.5,28.5,28.5,0
2020-10-05,28.5,28.5,28.5,28.5,0
2020-10-06,28.5,28.5,28.5,28.5,0
2020-10-07,28.5,28.5,28.5,28.5,0
2020-10-08,28.5,28.5,28.5,28.5,0
2020-10-09,28.5,28.5,28.5,28.5,0
2020-10-12,28.5,28.5,28.5,28.5,0
2020-10-13,28.5,28.5,28.5,28.5,0
2020-10-14,28.5,28.5,28.5,28.5,0
2020-10-15,28.5,28.5,28.5,28.5,0
2020-10-16,28.5,28.5,28.5,28.5,0
2020-10-19,28.5,28.5,28.5,28.5,0
2020-10-20,28.5,28.5,28.5,28.5,0
2020-10-21,28.5,28.5,28.5,28.5,0
2020-10-22,28.5,28.5,28.5,28.5,0
2020-10-23,28.5,28.5,28.5,28.5,0
2020-10-26,28.5,28.5,28.5,28.5,0
2020-10-27,28.5,28.5,28.5,28.5,0
2020-10-28,28.5,28.5,28.5,28.5,0
2020-10-29,28.5,28.5,28.5,28.5,0
2020-10-30,28.5,28.5,28.5,28.5,0
2020-11-02,28.5,28.5,28.5,28.5,0
2020-11-03,28.5,28.5,28.5,28.5,0
2020-11-04,28.5,28.5,28.5,28.5,0
2020-11-05,28.5,28.5,28.5,28.5,0
2020-11-06,28.5,28.5,28.5,28.5,0
2020-11-09,28.5,28.5,28.5,28.5,0
2020-11-10,28.5,28.5,28.5,28.5,0
2020-11-11,28.5,28.5,28.5,28.5,0
2020-11-12,28.5,28.5,28.5,28.5,0
2020-11-13,28.5,28.5,28.5,28.5,0
2020-11-16,28.5,28.5,28.5,28.5,0
2020-11-17,28.5,28.5,28.5,28.5,0
2020-11-18,28.5,28.5,28.5,28.5,0
2020-11-19,28.5,28.5,28.5,28.5,0
2020-11-20,28.5,28.5,28.5,28.5,0
2020-11-23,28.5,28.5,28.5,28.5,0
2020-11-24,28.5,28.5,28.5,28.5,0
2020-11-25,28.5,28.5,28.5,28.5,0
2020-11-26,28.5,28.5,28.5,28.5,0
2020-11-27,28.5,28.5,28.5,28.5,0
2020-11-30,28.5,28.5,28.5,28.5,0
2020-12-01,28.5,28.5,28.5,28.5,0
2020-12-02,28.5,28.5,28.5,28.5,0
2020-12-03,28.5,28.5,28.5,28.5,0
2020-12-04,28.5,28.5,28.5,28.5,0
2020-12-07,28.5,28.5,28.5,28.5,0
2020-12-08,28.5,28.5,28.5,28.5,0
2020-12-09,28.5,28.5,28.5,28.5,0
2020-12-10,28.5,28.5,28.5,28.5,0
2020-12-11,28.5,28.5,28.5,28.5,0
2020-12-14,28.5,28.5,28.5,28.5,0
2020-12-15,28.5,28.5,28.5,28.5,0
2020-12-16,28.5,28.5,28.5,28.5,0
2020-12-17,28.5,28.5,28.5,28.5,0
2020-12-18,28.5,28.5,28.5,28.5,0
2020-12-21,28.5,28.5,28.5,28.5,0
2020-12-22,28.5,28.5,28.5,28.5,0
2020-12-23,28.5,28.5,28.5,28.5,0
2020-12-24,28.5,28.5,28.5,28.5,0
2020-12-25,28.5,28.5,28.5,28.5,0
2020-12-28,28.5,28.5,28.5,28.5,0
2020-12-29,28.5,28.5,28.5,28.5,0
2020-12-30,28.5,28.5,28.5,28.5,0
2020-12-31,28.5,28.5,28.5,28.5,0
2021-01-04,28.5,28.5,28.5,28.5,0
2021-01-05,28.5,28.5,28.5,28.5,0
2021-01-06,28.5,28.5,28.5,28.5,0
2021-01-07,28.5,28.5,28.5,28.5,0
2021-01-08,28.5,28.5,28.5,28.5,0
2021-01-11,28.5,28.5,28.5,28.5,0
2021-01-12,28.5,28.5,28.5,28.5,0
2021-01-13,28.5,28.5,28.5,28.5,20
2021-01-14,28.5,28.5,28.5,28.5,0
2021-01-15,25.7,25.7,25.7,25.7,400
2021-01-18,28.2,28.2,28.2,28.2,100
2021-01-19,28.2,28.2,28.2,28.2,0
2021-01-20,28.2,28.2,28.2,28.2,0
2021-01-21,28.2,28.2,28.2,28.2,0
2021-01-22,28.2,28.2,28.2,28.2,0
2021-01-25,28.2,28.2,28.2,28.2,0
2021-01-26,28.2,28.2,28.2,28.2,0
2021-01-27,28.2,28.2,28.2,28.2,0
2021-01-28,28.2,28.2,28.2,28.2,0
2021-01-29,28.2,28.2,28.2,28.2,0
2021-02-01,28.2,28.2,28.2,28.2,0
2021-02-02,28.2,28.2,28.2,28.2,0
2021-02-03,28.2,28.2,28.2,28.2,0
2021-02-04,28.2,28.2,28.2,28.2,0
2021-02-05,28.2,28.2,28.2,28.2,0
2021-02-08,28.2,28.2,28.2,28.2,0
2021-02-09,28.2,28.2,28.2,28.2,0
2021-02-17,28.2,28.2,28.2,28.2,0
2021-02-18,28.2,28.2,28.2,28.2,0
2021-02-19,28.2,28.2,28.2,28.2,0
2021-02-22,28.2,28.2,28.2,28.2,0
2021-02-23,28.2,28.2,28.2,28.2,0
2021-02-24,28.2,28.2,28.2,28.2,0
2021-02-25,28.2,28.2,28.2,28.2,0
2021-02-26,28.2,28.2,28.2,28.2,0
2021-03-01,28.2,28.2,28.2,28.2,0
2021-03-02,25.4,25.4,25.4,25.4,600
2021-03-03,27.9,27.9,22.9,22.9,759
2021-03-04,22.9,22.9,22.9,22.9,0
2021-03-05,22.9,22.9,22.9,22.9,0
2021-03-08,20.7,20.7,20.7,20.7,110
2021-03-09,20.7,20.7,20.7,20.7,0
2021-03-10,22.7,22.7,18.7,18.7,2206
2021-03-11,16.9,16.9,16.9,16.9,500
2021-03-12,17.0,17.0,15.3,15.3,545
2021-03-15,16.8,16.8,16.8,16.8,3270
2021-03-16,15.3,16.8,15.2,15.2,8015
2021-03-17,16.6,16.7,15.2,16.6,13488
2021-03-18,16.6,18.0,16.1,16.1,7380
2021-03-19,16.2,17.5,16.2,17.5,5232
2021-03-22,17.3,17.3,17.2,17.2,200
2021-03-23,15.5,17.2,15.5,17.0,5827
2021-03-24,15.3,15.3,15.3,15.3,3311
2021-03-25,15.0,15.0,13.8,13.8,8500
2021-03-26,12.6,14.7,12.5,14.5,6700
2021-03-29,14.0,14.4,13.1,13.4,2700
2021-03-30,12.3,13.4,12.3,13.4,5932
2021-03-31,13.2,13.2,12.1,12.1,2759
2021-04-01,11.6,11.6,10.9,11.0,9620
2021-04-02,10.5,11.0,10.1,10.1,500
2021-04-05,9.1,10.9,9.1,10.9,4341
2021-04-06,10.0,10.9,9.9,10.7,12100
2021-04-07,10.7,10.7,10.6,10.6,7200
2021-04-08,10.6,10.6,10.2,10.5,6100
2021-04-16,11.2,11.4,9.6,10.8,4800
2021-04-19,10.8,10.8,9.8,10.4,800
2021-04-20,10.1,10.1,10.0,10.0,200
2021-04-22,9.7,9.7,9.0,9.0,1910
2021-04-23,8.4,8.4,8.0,8.1,2900
2021-04-26,8.8,8.8,7.3,8.4,3900
2021-04-27,8.4,9.3,8.4,9.3,12400
2021-04-28,9.2,9.2,9.2,9.2,500
2021-04-29,9.1,10.5,9.1,10.5,3800
2021-05-04,9.6,9.6,9.6,9.6,143
2021-05-05,10.9,10.9,10.6,10.7,7300
2021-05-06,10.8,10.8,9.1,10.7,1500
2021-05-07,10.6,10.7,10.7,10.7,0
2021-05-10,10.5,10.5,10.5,10.5,2300
2021-05-11,10.4,10.4,10.4,10.4,466
2021-05-12,10.0,10.0,8.9,8.9,1000
2021-05-13,9.5,9.9,9.5,9.9,500
2021-05-14,10.3,10.3,10.3,10.3,100
2021-05-17,10.3,10.3,10.0,10.0,200
2021-05-18,8.8,10.0,8.8,10.0,750
2021-05-19,8.0,9.7,7.8,9.7,1000
2021-05-20,9.2,9.2,9.2,9.2,120
2021-05-21,8.5,8.5,8.5,8.5,300
2021-05-24,8.5,8.5,8.2,8.2,3600
2021-05-25,7.5,7.6,7.5,7.6,1600
2021-05-26,8.5,8.5,8.4,8.4,300
2021-05-27,7.5,8.3,7.3,7.3,3300
2021-05-28,6.9,8.3,6.7,8.3,8700
2021-05-31,8.6,8.6,8.2,8.2,6200
2021-06-01,8.2,8.2,7.6,7.6,4100
2021-06-02,8.0,8.0,8.0,8.0,1900
2021-06-03,8.0,8.0,7.0,7.0,1800
2021-06-04,8.0,8.0,8.0,8.0,2000
2021-06-07,7.9,7.9,7.9,7.9,100
2021-06-08,7.9,7.9,7.6,7.6,3407
2021-06-09,7.6,7.6,7.1,7.1,300
2021-06-10,7.1,7.8,7.1,7.7,2270
2021-06-11,7.2,7.7,7.7,7.7,0
2021-06-14,7.8,7.9,7.5,7.5,3100
2021-06-15,7.7,7.5,7.5,7.5,0
2021-06-16,7.7,7.5,7.5,7.5,0
2021-06-17,7.7,7.7,7.7,7.5,50
2021-06-18,7.2,7.4,7.2,7.4,1700
2021-06-21,8.3,8.3,7.9,8.0,1435
2021-06-22,9.1,9.1,7.8,7.8,1000
2021-06-23,9.1,9.1,7.4,7.4,1000
2021-06-24,8.0,8.0,7.5,7.5,1600
2021-06-25,7.5,7.7,7.5,7.5,1100
2021-06-28,7.5,7.9,7.5,7.9,1300
2021-06-29,8.4,8.4,7.5,7.9,440
2021-06-30,8.4,8.4,8.4,8.4,100
2021-07-01,8.1,8.1,7.5,7.5,600
2021-07-02,7.5,8.0,7.5,7.9,5100
2021-07-05,8.1,8.1,7.5,7.5,900
2021-07-06,7.0,7.5,6.6,6.6,2401
2021-07-07,6.7,6.7,6.7,6.7,300
2021-07-08,7.7,7.7,7.7,7.7,1300
2021-07-09,7.1,8.7,7.1,7.2,400
2021-07-12,6.9,7.2,6.8,7.2,900
2021-07-13,6.9,7.0,6.9,7.0,555
2021-07-14,6.8,7.8,6.8,7.8,5500
2021-07-15,7.7,7.7,7.0,7.2,2000
2021-07-16,7.2,7.2,7.2,7.2,0
2021-07-19,6.9,7.3,6.9,7.3,2800
2021-07-20,6.8,7.4,6.8,7.3,1500
2021-07-21,7.1,7.1,7.1,7.1,100
2021-07-22,7.2,7.2,7.2,7.2,200
2021-07-23,6.9,7.2,6.9,7.2,2150
2021-07-26,7.0,7.2,7.0,7.2,1100
2021-07-27,6.9,6.9,6.9,6.9,100
2021-07-28,6.8,6.8,6.8,6.8,400
2021-07-29,6.8,7.2,6.8,7.2,1000
2021-07-30,7.0,7.2,7.2,7.2,0
2021-08-02,7.0,7.0,7.0,7.2,1
2021-08-03,7.2,7.2,7.2,7.2,2367
2021-08-04,6.7,6.7,6.7,6.7,100
2021-08-05,6.7,6.7,6.7,6.7,0
2021-08-06,6.9,6.9,6.8,6.8,400
2021-08-09,6.9,6.9,6.8,6.8,350
2021-08-10,7.2,7.3,7.2,7.3,300
2021-08-11,7.2,7.3,7.3,7.3,0
2021-08-12,7.5,8.0,7.5,8.0,2949
2021-08-13,8.5,8.5,8.5,8.5,100
2021-08-16,8.5,8.5,8.5,8.5,200
2021-08-17,7.3,8.5,7.3,8.5,400
2021-08-18,8.2,8.2,8.2,8.2,200
2021-08-19,8.2,8.2,8.2,8.2,300
2021-08-20,7.3,8.1,7.3,8.0,1600
2021-08-23,8.0,8.0,8.0,8.0,0
2021-08-24,8.0,8.0,8.0,8.0,0
2021-08-25,9.0,9.0,9.0,9.0,100
2021-08-26,9.0,9.0,9.0,9.0,0
2021-08-27,8.5,8.5,8.0,8.0,200
2021-08-30,8.0,8.5,8.0,8.5,200
2021-08-31,7.2,7.2,7.2,7.2,200
2021-09-01,8.0,8.0,8.0,8.0,1100
2021-09-06,8.6,9.0,8.6,9.0,310
2021-09-07,8.5,9.0,8.5,9.0,410
2021-09-08,8.6,8.6,8.6,8.6,0
2021-09-09,8.6,8.6,8.6,8.6,520
2021-09-10,8.1,8.1,8.1,8.1,100
2021-09-13,8.1,8.8,7.8,7.8,1600
2021-09-14,7.8,8.8,7.8,8.8,1400
2021-09-15,8.0,8.0,8.0,8.0,0
2021-09-16,9.0,9.0,8.1,8.8,740
2021-09-17,8.1,8.1,8.1,8.1,200
2021-09-20,8.1,8.1,8.1,8.1,20
2021-09-21,8.0,8.0,8.0,8.0,310
2021-09-22,8.1,8.1,8.1,8.1,300
2021-09-23,8.1,8.1,8.1,8.1,0
2021-09-24,8.1,8.1,8.1,8.1,10
2021-09-27,8.1,8.1,8.1,8.1,1000
2021-09-28,8.1,8.1,8.1,8.1,0
2021-09-29,8.1,8.1,8.1,8.1,0
2021-09-30,8.1,8.1,8.1,8.1,0
2021-10-01,8.1,8.1,8.1,8.1,400
2021-10-04,8.1,8.1,8.1,8.1,0
2021-10-05,8.1,8.1,8.1,8.1,0
2021-10-06,8.1,8.1,8.1,8.1,0
2021-10-07,8.2,9.0,8.2,9.0,2900
2021-10-08,8.9,8.9,8.9,8.9,0
2021-10-11,8.9,8.9,8.9,8.9,0
2021-10-12,8.9,8.9,8.9,8.9,14
2021-10-13,8.9,8.9,8.9,8.9,9
2021-10-14,9.0,9.0,9.0,9.0,200
2021-10-15,9.0,9.0,9.0,9.0,300
2021-10-18,9.0,9.0,9.0,9.0,3
2021-10-19,8.0,8.0,8.0,8.0,210
2021-10-20,8.0,8.0,8.0,8.0,0
2021-10-21,8.6,8.6,8.6,8.6,100
2021-10-22,8.0,9.0,8.0,9.0,2301
2021-10-25,8.9,8.9,8.9,8.9,0
2021-10-26,8.9,8.9,8.9,8.9,0
2021-10-27,8.5,8.5,8.5,8.5,200
2021-10-28,8.5,8.5,8.5,8.5,0
2021-10-29,8.5,8.5,8.5,8.5,0
2021-11-01,8.5,8.7,8.5,8.7,400
2021-11-02,8.7,8.7,8.7,8.7,0
2021-11-03,8.7,8.7,8.7,8.7,0
2021-11-04,8.7,8.7,8.7,8.7,0
2021-11-05,8.7,8.7,8.7,8.7,0
2021-11-08,8.2,8.2,8.2,8.2,100
2021-11-09,8.2,8.2,8.2,8.2,0
2021-11-10,9.0,9.2,9.0,9.2,2400
2021-11-11,9.1,10.2,9.1,10.2,620
2021-11-12,9.6,9.6,9.6,9.6,0
2021-11-15,11.0,11.0,11.0,11.0,400
2021-11-16,12.6,12.6,12.6,12.6,4200
2021-11-17,14.4,14.4,14.4,14.4,1611
2021-11-18,16.4,16.4,14.5,14.5,6900
2021-11-19,13.2,15.4,13.2,15.4,1800
2021-11-22,15.5,15.5,15.5,15.5,150
2021-11-23,15.5,15.5,15.5,15.5,0
2021-11-24,15.5,17.1,13.3,13.4,15200
2021-11-25,16.0,16.0,13.6,16.0,2400
2021-11-26,16.0,16.0,16.0,16.0,100
2021-11-29,15.0,17.0,14.1,15.5,5165
2021-11-30,15.1,15.1,15.0,15.0,1000
2021-12-01,15.1,15.1,15.1,15.1,0
2021-12-02,15.0,15.1,15.0,15.1,1900
2021-12-03,13.1,13.1,13.1,13.1,400
2021-12-06,11.5,11.5,11.5,11.5,100
2021-12-07,13.2,13.2,13.2,13.2,2400
2021-12-08,14.1,15.1,14.1,15.1,1900
2021-12-09,15.4,15.5,15.4,15.5,700
2021-12-10,16.0,16.0,16.0,16.0,100
2021-12-13,16.0,16.0,16.0,16.0,0
2021-12-14,16.0,16.0,16.0,16.0,0
2021-12-15,16.0,16.0,16.0,16.0,0
2021-12-16,16.0,16.0,16.0,16.0,0
2021-12-17,13.7,15.8,13.7,15.8,4200
2021-12-20,14.1,14.1,14.1,14.1,0
2021-12-21,14.1,14.1,14.1,14.1,0
2021-12-22,14.1,14.1,14.1,14.1,200
2021-12-23,12.2,15.2,12.2,15.2,3305
2021-12-24,14.5,14.5,14.5,14.5,0
2021-12-27,14.5,14.5,14.5,14.5,0
2021-12-28,14.5,14.5,14.5,14.5,0
2021-12-29,15.4,15.4,15.4,15.4,558
2021-12-30,15.4,15.4,15.4,15.4,0
2021-12-31,15.4,15.4,15.4,15.4,0
2022-01-04,15.4,15.4,15.4,15.4,100
2022-01-05,15.4,15.4,15.4,15.4,1
2022-01-06,15.4,15.4,15.4,15.4,10
2022-01-07,15.4,15.4,15.4,15.4,20
2022-01-10,15.4,15.4,15.4,15.4,400
2022-01-11,15.4,15.4,15.4,15.4,10
2022-01-12,15.4,15.4,15.4,15.4,0
2022-01-13,15.4,15.4,15.4,15.4,0
2022-01-14,13.1,16.9,13.1,16.9,2500
2022-01-17,14.0,14.0,14.0,14.0,0
2022-01-18,14.0,16.0,14.0,14.0,500
2022-01-19,14.4,14.4,14.4,14.4,0
2022-01-20,14.4,14.4,14.4,14.4,0
2022-01-21,14.4,14.4,14.4,14.4,0
2022-01-24,14.4,14.4,14.4,14.4,0
2022-01-25,14.4,14.4,14.4,14.4,0
2022-01-26,16.0,16.0,16.0,16.0,100
2022-01-27,16.0,16.0,16.0,16.0,0
2022-01-28,16.0,16.0,16.0,16.0,0
2022-02-07,16.0,16.0,16.0,16.0,0
2022-02-08,16.0,16.0,16.0,16.0,0
2022-02-09,16.0,16.0,16.0,16.0,0
2022-02-10,16.0,16.0,16.0,16.0,0
2022-02-11,17.0,18.4,17.0,18.4,600
2022-02-14,16.0,20.0,16.0,20.0,1000
2022-02-15,18.9,18.9,18.9,18.9,0
2022-02-16,20.9,20.9,20.9,20.9,200
2022-02-17,20.9,20.9,20.9,20.9,0
2022-02-18,20.9,20.9,20.9,20.9,0
2022-02-21,20.9,20.9,20.9,20.9,0
2022-02-22,17.9,22.9,17.9,22.9,306
2022-02-23,21.2,21.2,21.2,21.2,0
2022-02-24,21.2,21.2,21.2,21.2,0
2022-02-25,21.2,21.2,21.2,21.2,0
2022-02-28,21.2,21.2,21.2,21.2,0
2022-03-01,21.2,21.2,21.2,21.2,0
2022-03-02,23.1,23.1,23.1,23.1,100
2022-03-03,24.7,24.7,24.7,24.7,100
2022-03-04,24.7,24.7,24.7,24.7,0
2022-03-07,27.9,27.9,27.9,27.9,137
2022-03-08,27.9,27.9,27.9,27.9,0
2022-03-09,27.9,27.9,27.9,27.9,0
2022-03-10,27.9,27.9,27.9,27.9,0
2022-03-11,27.9,27.9,27.9,27.9,0
2022-03-14,27.9,27.9,27.9,27.9,0
2022-03-15,27.9,27.9,27.9,27.9,0
2022-03-16,27.9,27.9,27.9,27.9,0
2022-03-17,27.9,27.9,27.9,27.9,0
2022-03-18,27.9,27.9,27.9,27.9,0
2022-03-21,27.9,27.9,27.9,27.9,0
2022-03-22,27.9,27.9,27.9,27.9,1
2022-03-23,27.9,27.9,27.9,27.9,0
2022-03-24,27.9,27.9,27.9,27.9,0
2022-03-25,27.9,27.9,27.9,27.9,0
2022-03-28,27.9,27.9,27.9,27.9,0
2022-03-29,27.9,27.9,27.9,27.9,0
2022-03-30,27.9,27.9,27.9,27.9,0
2022-03-31,27.9,27.9,27.9,27.9,0
2022-04-01,27.9,27.9,27.9,27.9,0
2022-04-04,27.9,27.9,27.9,27.9,0
2022-04-05,27.9,27.9,27.9,27.9,0
2022-04-06,27.9,27.9,27.9,27.9,0
2022-04-07,27.9,27.9,27.9,27.9,0
2022-04-08,27.9,27.9,27.9,27.9,0
2022-04-12,27.9,27.9,27.9,27.9,0
2022-04-13,27.9,27.9,27.9,27.9,0
2022-04-14,27.9,27.9,27.9,27.9,0
2022-04-15,27.9,27.9,27.9,27.9,0
2022-04-18,27.9,27.9,27.9,27.9,0
2022-04-19,27.9,27.9,27.9,27.9,0
2022-04-20,27.9,27.9,27.9,27.9,0
2022-04-21,27.9,27.9,27.9,27.9,0
2022-04-22,27.9,27.9,27.9,27.9,0
2022-04-25,27.9,27.9,27.9,27.9,0
2022-04-26,27.9,27.9,27.9,27.9,0
2022-04-27,27.9,27.9,27.9,27.9,0
2022-04-28,27.9,27.9,27.9,27.9,0
2022-04-29,27.9,27.9,27.9,27.9,0
2022-05-04,27.9,27.9,27.9,27.9,0
2022-05-05,27.9,27.9,27.9,27.9,0
2022-05-06,27.9,27.9,27.9,27.9,0
2022-05-09,27.9,27.9,27.9,27.9,0
2022-05-10,27.9,27.9,27.9,27.9,0
2022-05-11,27.9,27.9,27.9,27.9,0
2022-05-12,27.9,27.9,27.9,27.9,0
2022-05-13,27.9,27.9,27.9,27.9,0
2022-05-16,27.9,27.9,27.9,27.9,0
2022-05-17,27.9,27.9,27.9,27.9,0
2022-05-18,27.9,27.9,27.9,27.9,0
2022-05-19,27.9,27.9,27.9,27.9,0
2022-05-20,27.9,27.9,27.9,27.9,0
2022-05-23,27.9,27.9,27.9,27.9,0
2022-05-24,27.9,27.9,27.9,27.9,0
2022-05-25,27.9,27.9,27.9,27.9,0
2022-05-26,27.9,27.9,27.9,27.9,0
2022-05-27,27.9,27.9,27.9,27.9,0
2022-05-30,27.9,27.9,27.9,27.9,0
2022-05-31,27.9,27.9,27.9,27.9,0
2022-06-01,27.9,27.9,27.9,27.9,0
2022-06-02,27.9,27.9,27.9,27.9,0
2022-06-03,27.9,27.9,27.9,27.9,0
2022-06-06,27.9,27.9,27.9,27.9,0
2022-06-07,27.9,27.9,27.9,27.9,0
2022-06-08,27.9,27.9,27.9,27.9,0
2022-06-09,27.9,27.9,27.9,27.9,0
2022-06-10,27.9,27.9,27.9,27.9,0
2022-06-13,27.9,27.9,27.9,27.9,0
2022-06-14,27.9,27.9,27.9,27.9,0
2022-06-15,16.8,16.8,16.8,16.8,400
2022-06-16,14.3,14.3,14.3,14.3,400
2022-06-17,12.2,13.5,12.2,13.5,400
2022-06-20,11.4,11.4,11.3,11.3,400
2022-06-21,9.7,12.9,9.7,12.9,1800
2022-06-22,14.2,14.2,10.7,10.7,600
2022-06-23,9.7,12.0,9.7,12.0,600
2022-06-24,11.6,11.6,8.6,11.6,800
2022-06-27,11.0,12.0,11.0,12.0,880
2022-06-28,13.0,13.0,13.0,13.0,100
2022-06-29,11.1,11.1,11.1,11.1,1200
2022-06-30,9.5,9.5,9.5,9.5,300
2022-07-01,10.8,10.8,10.8,10.8,1000
2022-07-04,10.8,10.8,10.8,10.8,0
2022-07-05,9.3,9.3,9.2,9.2,300
2022-07-06,10.5,10.5,10.5,10.5,1200
2022-07-07,10.5,12.0,10.5,12.0,500
2022-07-08,11.4,11.4,11.4,11.4,0
2022-07-11,13.0,13.0,13.0,13.0,1500
2022-07-12,13.0,13.4,11.1,11.1,2500
2022-07-13,14.5,14.5,14.5,14.5,1300
2022-07-14,15.6,15.6,15.6,15.6,1500
2022-07-15,15.6,15.6,15.6,15.6,0
2022-07-18,15.5,15.5,15.5,15.5,4000
2022-07-19,15.5,15.5,15.5,15.5,0
2022-07-20,15.5,15.5,15.5,15.5,0
2022-07-21,13.2,17.8,13.2,17.8,1700
2022-07-22,17.9,17.9,15.9,15.9,400
2022-07-25,17.4,17.4,17.4,17.4,0
2022-07-26,18.7,18.7,18.7,18.7,700
2022-07-27,20.8,20.8,20.8,20.8,300
2022-07-28,22.7,22.7,22.7,22.7,100
2022-07-29,22.7,22.7,22.7,22.7,0
2022-08-01,22.7,22.7,22.7,22.7,0
2022-08-02,22.7,22.7,22.7,22.7,0
2022-08-03,22.7,22.7,22.7,22.7,0
2022-08-04,22.7,22.7,22.7,22.7,0
2022-08-05,22.7,22.7,22.7,22.7,0
2022-08-08,22.7,22.7,22.7,22.7,0
2022-08-09,22.7,22.7,22.7,22.7,0
2022-08-10,22.7,22.7,22.7,22.7,0
2022-08-11,22.7,22.7,22.7,22.7,0
2022-08-12,22.7,22.7,22.7,22.7,0
2022-08-15,22.7,22.7,22.7,22.7,0
2022-08-16,19.3,21.9,19.3,21.9,600
2022-08-17,19.7,19.7,19.7,19.7,0
2022-08-18,19.7,19.7,19.7,19.7,0
2022-08-19,19.7,19.7,19.7,19.7,0
2022-08-22,19.7,19.7,19.7,19.7,0
2022-08-23,19.7,19.7,19.7,19.7,0
2022-08-24,19.7,19.7,19.7,19.7,0
2022-08-25,19.7,19.7,19.7,19.7,0
2022-08-26,19.7,19.7,19.7,19.7,0
2022-08-29,22.3,22.3,22.3,22.3,100
2022-08-30,22.3,22.3,22.3,22.3,0
2022-08-31,22.3,22.3,22.3,22.3,0
2022-09-05,22.3,22.3,22.3,22.3,0
2022-09-06,22.3,22.3,22.3,22.3,0
2022-09-07,22.3,22.3,22.3,22.3,0
2022-09-08,22.3,22.3,22.3,22.3,0
2022-09-09,22.3,22.3,22.3,22.3,0
2022-09-12,22.3,22.3,22.3,22.3,16
2022-09-13,22.3,22.3,22.3,22.3,1
2022-09-14,22.3,22.3,22.3,22.3,0
2022-09-15,19.0,19.0,19.0,19.0,100
2022-09-16,19.0,19.0,19.0,19.0,0
2022-09-19,19.0,19.0,19.0,19.0,0
2022-09-20,21.8,21.8,21.8,21.8,100
2022-09-21,25.0,25.0,25.0,25.0,100
2022-09-22,27.9,27.9,27.9,27.9,100
2022-09-23,30.8,30.8,30.8,30.8,100
2022-09-26,30.8,30.8,30.8,30.8,0
2022-09-27,30.8,30.8,30.8,30.8,0
2022-09-28,30.8,30.8,30.8,30.8,0
2022-09-29,30.8,30.8,30.8,30.8,0
2022-09-30,26.2,26.2,26.2,26.2,100
2022-10-03,26.2,26.2,26.2,26.2,0
2022-10-04,26.2,26.2,26.2,26.2,0
2022-10-05,26.2,26.2,26.2,26.2,0
2022-10-06,26.2,26.2,26.2,26.2,0
2022-10-07,26.2,26.2,26.2,26.2,0
2022-10-10,26.2,26.2,26.2,26.2,0
2022-10-11,28.9,28.9,28.9,28.9,100
2022-10-12,29.0,29.0,29.0,29.0,146
2022-10-13,29.0,29.0,29.0,29.0,0
2022-10-14,29.0,29.0,29.0,29.0,0
2022-10-17,29.0,29.0,29.0,29.0,0
2022-10-18,29.0,29.0,29.0,29.0,4
2022-10-19,29.0,29.0,29.0,29.0,0
2022-10-20,29.0,29.0,29.0,29.0,0
2022-10-21,29.0,29.0,29.0,29.0,0
2022-10-24,29.0,29.0,29.0,29.0,0
2022-10-25,29.0,29.0,29.0,29.0,0
2022-10-26,29.0,29.0,29.0,29.0,0
2022-10-27,29.0,29.0,29.0,29.0,0
2022-10-28,29.0,29.0,29.0,29.0,0
2022-10-31,29.0,29.0,29.0,29.0,0
2022-11-01,29.0,29.0,29.0,29.0,0
2022-11-02,29.0,29.0,29.0,29.0,0
2022-11-03,29.0,29.0,29.0,29.0,0
2022-11-04,29.0,29.0,29.0,29.0,0
2022-11-07,29.0,29.0,29.0,29.0,0
2022-11-08,29.0,29.0,29.0,29.0,0
2022-11-09,29.0,29.0,29.0,29.0,0
2022-11-10,29.0,29.0,29.0,29.0,0
2022-11-11,29.0,29.0,29.0,29.0,0
2022-11-14,29.0,29.0,29.0,29.0,0
2022-11-15,29.0,29.0,29.0,29.0,0
2022-11-16,29.0,29.0,29.0,29.0,0
2022-11-17,29.0,29.0,29.0,29.0,0
2022-11-18,29.0,29.0,29.0,29.0,0
2022-11-21,29.0,29.0,29.0,29.0,0
2022-11-22,29.0,29.0,29.0,29.0,0
2022-11-23,24.5,24.5,24.5,24.5,200
2022-11-24,24.5,24.5,24.5,24.5,0
2022-11-25,24.5,24.5,24.5,24.5,0
2022-11-28,24.5,24.5,24.5,24.5,40
2022-11-29,24.5,24.5,24.5,24.5,0
2022-11-30,24.5,24.5,24.5,24.5,0
2022-12-01,24.5,24.5,24.5,24.5,0
2022-12-02,24.5,24.5,24.5,24.5,0
2022-12-05,24.5,24.5,24.5,24.5,0
2022-12-06,24.5,24.5,24.5,24.5,0
2022-12-07,24.5,24.5,24.5,24.5,0
2022-12-08,24.5,24.5,24.5,24.5,0
2022-12-09,24.5,24.5,24.5,24.5,0
2022-12-12,24.5,24.5,24.5,24.5,0
2022-12-13,24.5,24.5,24.5,24.5,0
2022-12-14,24.5,24.5,24.5,24.5,0
2022-12-15,24.5,24.5,24.5,24.5,0
2022-12-16,24.5,24.5,24.5,24.5,0
2022-12-19,24.5,24.5,24.5,24.5,0
2022-12-20,24.5,24.5,24.5,24.5,0
2022-12-21,24.5,24.5,24.5,24.5,0
2022-12-22,24.5,24.5,24.5,24.5,0
2022-12-23,24.5,24.5,24.5,24.5,0
2022-12-26,24.5,24.5,24.5,24.5,0
2022-12-27,24.5,24.5,24.5,24.5,0
2022-12-28,24.5,24.5,24.5,24.5,0
2022-12-29,24.5,24.5,24.5,24.5,0
2022-12-30,24.5,24.5,24.5,24.5,0
2023-01-03,24.5,24.5,24.5,24.5,0
2023-01-04,24.5,24.5,24.5,24.5,0
2023-01-05,24.5,24.5,24.5,24.5,0
2023-01-06,24.5,24.5,24.5,24.5,0
2023-01-09,24.5,24.5,24.5,24.5,0
2023-01-10,28.0,28.0,28.0,28.0,100
2023-01-11,28.0,28.0,28.0,28.0,0
2023-01-12,28.0,28.0,28.0,28.0,0
2023-01-13,28.0,28.0,28.0,28.0,0
2023-01-16,28.0,28.0,28.0,28.0,0
2023-01-17,28.0,28.0,28.0,28.0,0
2023-01-18,28.0,28.0,28.0,28.0,0
2023-01-19,28.0,28.0,28.0,28.0,0
2023-01-27,32.0,32.0,32.0,32.0,200
2023-01-30,32.0,32.0,32.0,32.0,0
2023-01-31,32.0,32.0,32.0,32.0,0
2023-02-01,32.0,32.0,32.0,32.0,0
2023-02-02,32.0,32.0,32.0,32.0,0
2023-02-03,32.0,32.0,32.0,32.0,0
2023-02-06,32.0,32.0,32.0,32.0,0
2023-02-07,32.0,32.0,32.0,32.0,0
2023-02-08,32.0,32.0,32.0,32.0,0
2023-02-09,32.0,32.0,32.0,32.0,0
2023-02-10,32.0,32.0,32.0,32.0,0
2023-02-13,32.0,32.0,32.0,32.0,0
2023-02-14,32.0,32.0,32.0,32.0,0
2023-02-15,32.0,32.0,32.0,32.0,0
2023-02-16,32.0,32.0,32.0,32.0,0
2023-02-17,32.0,32.0,32.0,32.0,0
2023-02-20,32.0,32.0,32.0,32.0,1
2023-02-21,32.0,32.0,32.0,32.0,0
2023-02-22,32.0,32.0,32.0,32.0,0
2023-02-23,32.0,32.0,32.0,32.0,0
2023-02-24,32.0,32.0,32.0,32.0,0
2023-02-27,32.0,32.0,32.0,32.0,0
2023-02-28,32.0,32.0,32.0,32.0,0
2023-03-01,32.0,32.0,32.0,32.0,0
2023-03-02,32.0,32.0,32.0,32.0,0
2023-03-03,32.0,32.0,32.0,32.0,0
2023-03-06,32.0,32.0,32.0,32.0,0
2023-03-07,32.0,32.0,32.0,32.0,0
2023-03-08,32.0,32.0,32.0,32.0,0
2023-03-09,32.0,32.0,32.0,32.0,0
2023-03-10,32.0,32.0,32.0,32.0,0
2023-03-13,32.0,32.0,32.0,32.0,0
2023-03-14,32.0,32.0,32.0,32.0,0
2023-03-15,32.0,32.0,32.0,32.0,0
2023-03-16,32.0,32.0,32.0,32.0,0
2023-03-17,32.0,32.0,32.0,32.0,0
2023-03-20,32.0,32.0,32.0,32.0,0
2023-03-21,32.0,32.0,32.0,32.0,0
2023-03-22,32.0,32.0,32.0,32.0,0
2023-03-23,32.0,32.0,32.0,32.0,0
2023-03-24,32.0,32.0,32.0,32.0,0
2023-03-27,32.0,32.0,32.0,32.0,0
2023-03-28,32.0,32.0,32.0,32.0,0
2023-03-29,32.0,32.0,32.0,32.0,0
2023-03-30,32.0,32.0,32.0,32.0,0
2023-03-31,32.0,32.0,32.0,32.0,0
2023-04-03,32.0,32.0,32.0,32.0,0
2023-04-04,32.0,32.0,32.0,32.0,0
2023-04-05,32.4,32.4,32.4,32.4,100
2023-04-06,32.4,32.4,32.4,32.4,0
2023-04-07,32.4,32.4,32.4,32.4,0
2023-04-10,32.4,32.4,32.4,32.4,52
2023-04-11,32.4,32.4,32.4,32.4,0
2023-04-12,32.4,32.4,32.4,32.4,0
2023-04-13,32.4,32.4,32.4,32.4,0
2023-04-14,32.4,32.4,32.4,32.4,0
2023-04-17,32.4,32.4,32.4,32.4,0
2023-04-18,32.4,32.4,32.4,32.4,0
2023-04-19,32.4,32.4,32.4,32.4,0
2023-04-20,32.4,32.4,32.4,32.4,0
2023-04-21,32.4,32.4,32.4,32.4,0
2023-04-24,32.4,32.4,32.4,32.4,0
2023-04-25,32.4,32.4,32.4,32.4,0
2023-04-26,34.9,34.9,34.9,34.9,100
2023-04-27,34.9,34.9,34.9,34.9,0
2023-04-28,34.9,34.9,34.9,34.9,0
2023-05-04,34.9,34.9,34.9,34.9,1
2023-05-05,34.9,34.9,34.9,34.9,0
2023-05-08,34.9,34.9,34.9,34.9,0
2023-05-09,34.9,34.9,34.9,34.9,0
2023-05-10,34.9,34.9,34.9,34.9,0
2023-05-11,34.9,34.9,34.9,34.9,0
2023-05-12,34.9,34.9,34.9,34.9,0
2023-05-15,34.9,34.9,34.9,34.9,0
2023-05-16,34.9,34.9,34.9,34.9,0
2023-05-17,34.9,34.9,34.9,34.9,0
2023-05-18,34.9,34.9,34.9,34.9,0
2023-05-19,34.9,34.9,34.9,34.9,0
2023-05-22,34.9,34.9,34.9,34.9,0
2023-05-23,34.9,34.9,34.9,34.9,0
2023-05-24,34.9,34.9,34.9,34.9,0
2023-05-25,34.9,34.9,34.9,34.9,0
2023-05-26,34.9,34.9,34.9,34.9,0
2023-05-29,34.9,34.9,34.9,34.9,0
2023-05-30,34.9,34.9,34.9,34.9,0
2023-05-31,34.9,34.9,34.9,34.9,0
2023-06-01,34.9,34.9,34.9,34.9,0
2023-06-02,34.9,34.9,34.9,34.9,0
2023-06-05,34.9,34.9,34.9,34.9,0
2023-06-06,34.9,34.9,34.9,34.9,0
2023-06-07,34.9,34.9,34.9,34.9,0
2023-06-08,22.4,28.5,22.4,28.5,1900
2023-06-09,23.7,23.7,23.7,23.7,0
2023-06-12,23.7,23.7,23.7,23.7,0
2023-06-13,23.7,23.7,23.7,23.7,0
2023-06-14,20.2,20.2,20.2,20.2,1000
2023-06-15,20.2,20.2,20.2,20.2,0
2023-06-16,20.8,20.9,20.8,20.9,535
2023-06-19,20.9,20.9,20.9,20.9,0
2023-06-20,20.9,20.9,20.9,20.9,0
2023-06-21,20.9,20.9,20.9,20.9,0
2023-06-22,20.9,20.9,20.9,20.9,0
2023-06-23,20.9,20.9,20.9,20.9,0
2023-06-26,20.9,20.9,20.9,20.9,0
2023-06-27,20.9,20.9,20.9,20.9,34
2023-06-28,20.9,20.9,20.9,20.9,0
2023-06-29,20.9,20.9,20.9,20.9,0
2023-06-30,20.9,20.9,20.9,20.9,0
2023-07-03,17.8,20.9,17.8,20.9,3200
2023-07-04,18.4,18.4,18.4,18.4,0
2023-07-05,18.4,18.4,18.4,18.4,0
2023-07-06,18.4,18.4,18.4,18.4,0
2023-07-07,15.7,21.0,15.7,21.0,881
2023-07-10,14.4,18.8,14.4,18.8,875
2023-07-11,16.1,17.2,13.2,17.2,5805
2023-07-12,13.1,16.3,13.1,16.3,1100
2023-07-13,17.8,17.8,17.8,17.8,200
2023-07-14,19.0,19.1,19.0,19.1,434
2023-07-17,19.0,19.0,19.0,19.1,10
2023-07-18,19.0,19.0,19.0,19.0,0
2023-07-19,16.2,18.9,16.2,18.0,403
2023-07-20,17.8,17.8,17.8,17.8,200
2023-07-21,17.8,17.8,17.8,17.8,200
2023-07-24,17.8,17.8,17.8,17.8,41
2023-07-25,17.5,17.5,17.5,17.5,100
2023-07-26,17.5,17.5,17.5,17.5,0
2023-07-27,17.5,17.5,17.5,17.5,0
2023-07-28,17.5,17.5,17.5,17.5,75
2023-07-31,14.9,18.8,14.9,18.8,4300
2023-08-01,15.1,17.3,13.0,17.2,5400
2023-08-02,14.1,16.0,12.1,16.0,1600
2023-08-03,14.0,14.0,14.0,14.0,103
2023-08-04,12.2,12.2,12.1,12.1,200
2023-08-07,13.9,13.9,13.9,13.9,200
2023-08-08,13.9,13.9,13.9,13.9,0
2023-08-09,15.7,15.7,15.7,15.7,103
2023-08-10,15.7,15.7,15.7,15.7,0
2023-08-11,15.7,15.7,15.7,15.7,0
2023-08-14,15.7,15.7,15.7,15.7,0
2023-08-15,13.5,15.5,13.5,15.5,5100
2023-08-16,12.6,14.9,12.6,14.9,2485
2023-08-17,14.4,14.4,12.8,12.8,400
2023-08-18,14.8,14.8,14.8,14.8,100
2023-08-21,12.6,14.4,12.6,14.4,3000
2023-08-22,12.7,12.7,12.7,12.7,0
2023-08-23,12.7,12.7,12.7,12.7,0
2023-08-24,14.2,14.2,14.2,14.2,100
2023-08-25,14.2,14.2,14.2,14.2,0
2023-08-28,15.4,15.4,15.4,15.4,100
2023-08-29,15.4,15.4,15.4,15.4,0
2023-08-30,15.4,15.4,15.4,15.4,9
2023-08-31,15.4,15.4,15.4,15.4,0
2023-09-05,15.4,15.4,15.4,15.4,0
2023-09-06,15.4,15.4,15.4,15.4,0
2023-09-07,15.4,15.4,15.4,15.4,0
2023-09-08,15.4,15.4,15.4,15.4,0
2023-09-11,15.4,15.4,15.4,15.4,0
2023-09-12,13.1,13.1,13.1,13.1,200
2023-09-13,12.1,14.8,11.2,14.0,719
2023-09-14,12.9,12.9,12.9,12.9,0
2023-09-15,12.9,12.9,12.9,12.9,0
2023-09-18,12.9,12.9,12.9,12.9,0
2023-09-19,12.9,12.9,12.9,12.9,13
2023-09-20,12.9,12.9,12.9,12.9,0
2023-09-21,12.9,12.9,12.9,12.9,0
2023-09-22,12.9,12.9,12.9,12.9,0
2023-09-25,12.9,12.9,12.9,12.9,0
2023-09-26,12.9,12.9,12.9,12.9,0
2023-09-27,12.9,12.9,12.9,12.9,200
2023-09-28,12.9,12.9,12.9,12.9,40
2023-09-29,12.9,12.9,12.9,12.9,0
2023-10-02,12.9,12.9,12.9,12.9,0
2023-10-03,12.9,12.9,12.9,12.9,0
2023-10-04,12.9,12.9,12.9,12.9,0
2023-10-05,12.9,12.9,12.9,12.9,0
2023-10-06,12.9,12.9,12.9,12.9,0
2023-10-09,12.9,12.9,12.9,12.9,0
2023-10-10,12.9,12.9,12.9,12.9,0
2023-10-11,12.9,12.9,12.9,12.9,0
2023-10-12,12.9,12.9,12.9,12.9,0
2023-10-13,12.9,12.9,12.9,12.9,62
2023-10-16,12.9,12.9,12.9,12.9,0
2023-10-17,12.9,12.9,12.9,12.9,0
2023-10-18,12.9,12.9,12.9,12.9,0
2023-10-19,12.9,12.9,12.9,12.9,0
2023-10-20,12.9,12.9,12.9,12.9,0
2023-10-23,12.9,12.9,12.9,12.9,10
2023-10-24,12.9,12.9,12.9,12.9,0
2023-10-25,12.9,12.9,12.9,12.9,0
2023-10-26,12.9,12.9,12.9,12.9,0
2023-10-27,14.3,14.3,14.3,14.3,100
2023-10-30,12.2,12.2,12.2,12.2,600
2023-10-31,12.2,12.2,12.2,12.2,0
2023-11-01,12.2,12.2,12.2,12.2,0
2023-11-02,13.3,13.3,13.3,13.3,113
2023-11-03,13.3,13.3,13.3,13.3,0
2023-11-06,13.3,13.3,13.3,13.3,0
2023-11-07,11.4,11.4,11.4,11.4,1100
2023-11-08,11.4,11.4,11.4,11.4,0
2023-11-09,11.4,11.4,11.4,11.4,0
2023-11-10,11.4,11.4,11.4,11.4,0
2023-11-13,11.4,11.4,11.4,11.4,0
2023-11-14,11.4,11.4,11.4,11.4,0
2023-11-15,11.4,11.4,11.4,11.4,0
2023-11-16,11.4,11.4,11.4,11.4,0
2023-11-17,11.4,11.4,11.4,11.4,0
2023-11-20,11.4,11.4,11.4,11.4,0
2023-11-21,11.4,11.4,11.4,11.4,0
2023-11-22,11.4,11.4,11.4,11.4,0
2023-11-23,11.4,11.4,11.4,11.4,0
2023-11-24,12.8,12.8,12.8,12.8,100
2023-11-27,12.8,12.8,12.8,12.8,0
2023-11-28,12.8,12.8,12.8,12.8,0
2023-11-29,12.8,12.8,12.8,12.8,0
2023-11-30,12.8,12.8,12.8,12.8,0
2023-12-01,12.8,12.8,12.8,12.8,0
2023-12-04,12.8,12.8,12.8,12.8,0
2023-12-05,12.8,12.8,12.8,12.8,0
2023-12-06,12.8,12.8,12.8,12.8,0
2023-12-07,12.8,12.8,12.8,12.8,0
2023-12-08,12.8,12.8,12.8,12.8,0
2023-12-11,12.8,12.8,12.8,12.8,0
2023-12-12,12.8,12.8,12.8,12.8,0
2023-12-13,12.8,12.8,12.8,12.8,0
2023-12-14,12.8,12.8,12.8,12.8,0
2023-12-15,12.8,12.8,12.8,12.8,0
2023-12-18,12.8,12.8,12.8,12.8,0
2023-12-19,12.8,12.8,12.8,12.8,0
2023-12-20,12.8,12.8,12.8,12.8,0
2023-12-21,12.8,12.8,12.8,12.8,0
2023-12-22,12.8,12.8,12.8,12.8,0
2023-12-25,12.8,12.8,12.8,12.8,0
2023-12-26,12.8,12.8,12.8,12.8,0
2023-12-27,12.8,12.8,12.8,12.8,0
2023-12-28,12.8,12.8,12.8,12.8,0
2023-12-29,12.8,12.8,12.8,12.8,0
2024-01-02,12.8,12.8,12.8,12.8,0
2024-01-03,14.3,14.3,14.3,14.3,100
2024-01-04,14.3,14.3,14.3,14.3,0
2024-01-05,14.3,14.3,14.3,14.3,0
2024-01-08,14.3,14.3,14.3,14.3,0
2024-01-09,14.3,14.3,14.3,14.3,0
2024-01-10,14.3,14.3,14.3,14.3,0
2024-01-11,14.3,14.3,14.3,14.3,0
2024-01-12,14.3,14.3,14.3,14.3,0
2024-01-15,14.3,14.3,14.3,14.3,0
2024-01-16,14.3,14.3,14.3,14.3,0
2024-01-17,14.3,14.3,14.3,14.3,0
2024-01-18,14.3,14.3,14.3,14.3,0
2024-01-19,14.3,14.3,14.3,14.3,0
2024-01-22,14.3,14.3,14.3,14.3,0
2024-01-23,14.3,14.3,14.3,14.3,0
2024-01-24,14.3,14.3,14.3,14.3,0
2024-01-25,14.3,14.3,14.3,14.3,0
2024-01-26,14.3,14.3,14.3,14.3,0
2024-01-29,14.3,14.3,14.3,14.3,0
2024-01-30,14.3,14.3,14.3,14.3,0
2024-01-31,14.3,14.3,14.3,14.3,0
2024-02-01,14.3,14.3,14.3,14.3,0
2024-02-02,14.3,14.3,14.3,14.3,0
2024-02-05,14.3,14.3,14.3,14.3,0
2024-02-06,14.3,14.3,14.3,14.3,0
2024-02-07,14.3,14.3,14.3,14.3,0
2024-02-15,14.3,14.3,14.3,14.3,0
2024-02-16,14.3,14.3,14.3,14.3,0
2024-02-19,14.3,14.3,14.3,14.3,0
2024-02-20,14.3,14.3,14.3,14.3,0
2024-02-21,14.3,14.3,14.3,14.3,0
2024-02-22,14.3,14.3,14.3,14.3,0
2024-02-23,14.3,14.3,14.3,14.3,0
2024-02-26,19.3,19.3,18.8,19.0,1400
2024-02-27,19.2,19.2,19.2,19.2,0
2024-02-28,19.2,19.2,19.2,19.2,0
2024-02-29,19.2,19.2,19.2,19.2,0
2024-03-01,19.2,19.2,19.2,19.2,0
2024-03-04,19.2,19.2,19.2,19.2,0
2024-03-05,19.2,19.2,19.2,19.2,0
2024-03-06,19.2,19.2,19.2,19.2,0
2024-03-07,19.2,19.2,19.2,19.2,0
2024-03-08,19.2,19.2,19.2,19.2,0
2024-03-11,19.2,19.2,19.2,19.2,0
2024-03-12,19.2,19.2,19.2,19.2,0
2024-03-13,19.2,19.2,19.2,19.2,0
2024-03-14,19.2,19.2,19.2,19.2,0
2024-03-15,19.2,19.2,19.2,19.2,0
2024-03-18,19.2,19.2,19.2,19.2,0
2024-03-19,19.2,19.2,19.2,19.2,0
2024-03-20,19.2,19.2,19.2,19.2,0
2024-03-21,19.2,19.2,19.2,19.2,0
2024-03-22,19.2,19.2,19.2,19.2,0
2024-03-25,19.2,19.2,19.2,19.2,0
2024-03-26,19.2,19.2,19.2,19.2,0
2024-03-27,19.2,19.2,19.2,19.2,0
2024-03-28,19.2,19.2,19.2,19.2,0
2024-03-29,19.2,19.2,19.2,19.2,0
2024-04-01,19.2,19.2,19.2,19.2,0
2024-04-02,19.2,19.2,19.2,19.2,0
2024-04-03,19.2,19.2,19.2,19.2,0
2024-04-04,19.2,19.2,19.2,19.2,0
2024-04-05,19.2,19.2,19.2,19.2,0
2024-04-08,19.2,19.2,19.2,19.2,0
2024-04-09,19.2,19.2,19.2,19.2,0
2024-04-10,19.2,19.2,19.2,19.2,0
2024-04-11,19.2,19.2,19.2,19.2,0
2024-04-12,19.2,19.2,19.2,19.2,0
2024-04-15,19.2,19.2,19.2,19.2,0
2024-04-16,19.2,19.2,19.2,19.2,0
2024-04-17,19.2,19.2,19.2,19.2,0
2024-04-19,19.2,19.2,19.2,19.2,0
2024-04-22,19.2,19.2,19.2,19.2,0
2024-04-23,19.2,19.2,19.2,19.2,0
2024-04-24,19.2,19.2,19.2,19.2,0
2024-04-25,19.2,19.2,19.2,19.2,0
2024-04-26,19.2,19.2,19.2,19.2,0
2024-05-02,19.2,19.2,19.2,19.2,0
2024-05-03,19.2,19.2,19.2,19.2,0
2024-05-06,19.2,19.2,19.2,19.2,0
2024-05-07,19.2,19.2,19.2,19.2,0
2024-05-08,19.2,19.2,19.2,19.2,0
2024-05-09,19.2,19.2,19.2,19.2,0
2024-05-10,23.3,23.3,23.3,23.3,100
2024-05-13,23.3,23.3,23.3,23.3,0
2024-05-14,23.3,23.3,23.3,23.3,0
2024-05-15,23.3,23.3,23.3,23.3,0
2024-05-16,23.3,23.3,23.3,23.3,0
2024-05-17,23.3,23.3,23.3,23.3,0
2024-05-20,23.3,23.3,23.3,23.3,0
2024-05-21,23.3,23.3,23.3,23.3,0
2024-05-22,23.3,23.3,23.3,23.3,0
2024-05-23,23.3,23.3,23.3,23.3,0
2024-05-24,23.3,23.3,23.3,23.3,0
2024-05-27,23.3,23.3,23.3,23.3,0
2024-05-28,23.3,23.3,23.3,23.3,0
2024-05-29,23.3,23.3,23.3,23.3,0
2024-05-30,23.3,23.3,23.3,23.3,0
2024-05-31,23.3,23.3,23.3,23.3,0
2024-06-03,23.3,23.3,23.3,23.3,0
2024-06-04,23.3,23.3,23.3,23.3,0
2024-06-05,23.3,23.3,23.3,23.3,0
2024-06-06,23.3,23.3,23.3,23.3,0
2024-06-07,23.3,23.3,23.3,23.3,0
2024-06-10,23.3,23.3,23.3,23.3,0
2024-06-11,19.9,19.9,19.9,19.9,200
2024-06-12,19.9,19.9,19.9,19.9,0
2024-06-13,19.9,19.9,19.9,19.9,0
2024-06-14,19.9,19.9,19.9,19.9,0
2024-06-17,19.9,19.9,19.9,19.9,0
2024-06-18,19.9,19.9,19.9,19.9,0
2024-06-19,19.9,19.9,19.9,19.9,0
2024-06-20,19.9,19.9,19.9,19.9,0
2024-06-21,19.9,19.9,19.9,19.9,0
2024-06-24,19.9,19.9,19.9,19.9,0
2024-06-25,19.9,19.9,19.9,19.9,0
2024-06-26,17.0,17.0,17.0,17.0,100
2024-06-27,14.5,14.5,14.5,14.5,200
2024-06-28,14.5,14.5,14.5,14.5,0
2024-07-01,14.5,14.5,14.5,14.5,0
2024-07-02,12.4,12.4,12.4,12.4,1300
2024-07-03,10.6,12.4,10.6,12.4,3565
2024-07-04,11.6,12.9,11.6,12.9,1400
2024-07-05,13.2,13.2,12.2,13.2,410
2024-07-08,14.0,14.0,14.0,14.0,190
2024-07-09,12.8,12.8,12.8,12.8,520
2024-07-10,12.8,12.8,12.8,12.8,0
2024-07-11,12.6,12.6,12.6,12.6,150
2024-07-12,10.9,12.8,10.8,12.8,613
2024-07-15,11.2,11.2,11.2,11.2,0
2024-07-16,12.7,12.7,12.7,12.7,270
2024-07-17,12.7,12.7,12.7,12.7,0
2024-07-18,12.7,12.7,12.7,12.7,0
2024-07-19,12.7,12.7,12.7,12.7,3
2024-07-22,12.7,12.7,12.7,12.7,0
2024-07-23,12.7,12.7,12.7,12.7,0
2024-07-24,12.7,12.7,12.7,12.7,0
2024-07-25,12.7,12.7,12.7,12.7,0
2024-09-11,16.6,16.6,13.8,13.8,200
2024-09-13,13.0,13.0,13.0,13.0,100
2024-09-16,11.1,11.6,11.1,11.6,1800
2024-09-17,12.9,12.9,12.9,12.9,100
2024-09-18,12.9,12.9,12.9,12.9,100
2024-09-19,11.0,11.9,11.0,11.0,300
2024-09-20,12.8,12.8,12.8,12.8,100
2024-09-26,10.9,11.8,10.9,11.8,300
2024-09-27,12.3,12.3,12.3,12.3,100
2024-12-05,13.9,13.9,13.9,13.9,100
2024-12-31,11.9,11.9,11.9,11.9,100
2025-01-07,13.2,13.2,13.2,13.2,100
2025-02-12,11.3,11.3,11.3,11.3,900
2025-02-18,11.8,11.8,11.8,11.8,100
2025-02-21,10.1,11.7,10.1,11.7,3600
2025-02-24,11.6,11.6,11.6,11.6,100
2025-03-03,13.2,13.2,13.2,13.2,2000
2025-03-04,11.3,13.0,11.3,13.0,2400
2025-03-05,12.9,12.9,12.9,12.9,100
2025-03-28,11.0,12.7,11.0,12.7,1900
2025-03-31,12.5,12.5,12.5,12.5,100
2025-05-16,12.4,12.8,12.4,12.8,1000
2025-05-30,10.9,10.9,10.9,10.9,5000
2025-06-02,10.9,10.9,10.9,10.9,5800
2025-06-06,9.9,9.9,9.9,9.9,600
2025-06-25,10.2,10.2,10.2,10.2,5000
2025-06-27,10.2,10.2,10.2,10.2,3000
2025-07-09,10.4,10.4,10.4,10.4,100
2025-07-10,10.5,11.9,10.5,11.9,1000
2025-07-17,11.9,11.9,11.9,11.9,400
2025-07-23,12.0,12.0,12.0,12.0,100
2025-07-24,10.6,10.6,10.6,10.6,600
2025-08-13,10.0,10.0,10.0,10.0,1100
2025-08-22,9.8,9.8,9.8,9.8,100
